{"type": "FeatureCollection", "features": [{"type": "Feature", "geometry": {"type": "Point", "coordinates": [16.01835977764, 45.818604866515]}, "properties": {"id": 10, "slug": "dinamo-zagreb", "canonical_name": "GNK Dinamo Zagreb", "short_name": "Dinamo", "city": "Zagreb", "stadium_name": "Stadion Maksimir", "stadium_capacity": 24851, "founded_year": 1911, "website": "https://gnkdinamo.hr/hr", "created_at": "2026-05-16 21:48:54", "updated_at": "2026-05-16 22:36:48", "top_tier": 1, "top_league_name": "SuperSport HNL", "seasons": [{"league": "SuperSport HNL", "tier": 1, "season": "25/26", "source": "sofascore"}], "aliases": [{"alias": "GNK Dinamo Zagreb", "source": "sofascore"}, {"alias": "Dinamo", "source": "sofascore"}], "source_ids": [{"id": "2032", "source": "sofascore-id"}]}}, {"type": "Feature", "geometry": {"type": "Point", "coordinates": [15.776914, 45.7968126]}, "properties": {"id": 127, "slug": "tigar-sveta-nedelja", "canonical_name": "GNK Tigar Sveta Nedelja", "short_name": "Tigar", "city": "Sveta Nedelja", "founded_year": 1973, "website": "https://gnktigarsvetanedelja.hr/", "created_at": "2026-05-16 21:53:37", "updated_at": "2026-05-16 22:37:02", "top_tier": 4, "top_league_name": "3. NL - Centar", "seasons": [{"league": "3. NL - Centar", "tier": 4, "season": "25/26", "source": "sofascore"}], "aliases": [{"alias": "GNK Tigar Sveta Nedelja", "source": "sofascore"}, {"alias": "Tigar", "source": "sofascore"}], "source_ids": [{"id": "388675", "source": "sofascore-id"}]}}, {"type": "Feature", "geometry": {"type": "Point", "coordinates": [16.2719623, 45.4308972]}, "properties": {"id": 82, "slug": "gsnk-mladost-petrinja", "canonical_name": "GŠNK Mladost Petrinja", "short_name": "Mladost (P)", "city": "Petrinja", "address": "Rokova 13, 44250 Petrinja", "founded_year": 1910, "website": "http://www.gsnk-mladost.hr", "email": "mladost.petrinja@gmail.com", "phone": "+385 98 172 7106", "phone_e164": "+385981727106", "phone_kind": "mobile", "president": "Davor Ivić", "created_at": "2026-05-16 21:50:18", "updated_at": "2026-05-16 22:37:09", "top_tier": 3, "top_league_name": "3. HNL Centar", "seasons": [{"league": "3. HNL Centar", "tier": 3, "season": "2021/22", "source": "sofascore"}, {"league": "3. NL - Centar", "tier": 4, "season": "25/26", "source": "sofascore"}], "aliases": [{"alias": "GŠNK Mladost Petrinja", "source": "sofascore"}, {"alias": "Mladost (P)", "source": "sofascore"}], "source_ids": [{"id": "56175", "source": "sofascore-id"}]}}, {"type": "Feature", "geometry": {"type": "Point", "coordinates": [15.9772795, 45.8130967]}, "properties": {"id": 76, "slug": "hask-zagreb", "canonical_name": "HAŠK Zagreb", "short_name": "HAŠK", "founded_year": 2006, "website": "https://hask.hr", "created_at": "2026-05-16 21:50:12", "updated_at": "2026-05-17 01:09:08", "top_tier": 3, "top_league_name": "3. HNL Centar", "seasons": [{"league": "3. HNL Centar", "tier": 3, "season": "2021/22", "source": "sofascore"}, {"league": "3. NL - Centar", "tier": 4, "season": "25/26", "source": "sofascore"}], "aliases": [{"alias": "HAŠK Zagreb", "source": "sofascore"}, {"alias": "HAŠK", "source": "sofascore"}], "source_ids": [{"id": "25538", "source": "sofascore-id"}]}}, {"type": "Feature", "geometry": {"type": "Point", "coordinates": [18.7437649, 45.6039828]}, "properties": {"id": 601, "slug": "bilje", "canonical_name": "HNK Bilje", "short_name": "Bilje", "county": "Osječko-baranjska županija", "fb_url": "https://www.facebook.com/hnkbilje1924/?locale=hr_HR", "created_at": "2026-05-16 22:02:56", "updated_at": "2026-05-17 01:09:08", "top_tier": 7, "top_league_name": "2. ŽNL Beli Manastir (OBŽ)", "seasons": [{"league": "2. ŽNL Beli Manastir (OBŽ)", "tier": 7, "league_county": "Osječko-baranjska županija", "season": "hrnogomet-season-908", "source": "hrnogomet"}], "aliases": [{"alias": "HNK Bilje", "source": "hrnogomet"}], "source_ids": [{"id": "1622", "source": "hrnogomet-id"}]}}, {"type": "Feature", "geometry": {"type": "Point", "coordinates": [18.79612, 45.28375]}, "properties": {"id": 19, "slug": "cibalia-vinkovci", "canonical_name": "HNK Cibalia Vinkovci", "short_name": "Cibalia", "city": "Vinkovci", "address": "H. D. Genschera 10b, 32100 Vinkovci, Hrvatska", "stadium_name": "Stadion HNK Cibalia", "stadium_capacity": 9958, "founded_year": 1919, "website": "https://hnk-cibalia.hr/", "email": "cibalia@hnk-cibalia.hr", "phone": "+385 32 550 670", "phone_e164": "+38532550670", "phone_kind": "landline", "fb_url": "https://www.facebook.com/HNKcibaliavinkovci/", "ig_url": "https://www.instagram.com/hnk_cibalia_vinkovci", "created_at": "2026-05-16 21:49:05", "updated_at": "2026-05-17 01:09:08", "top_tier": 2, "top_league_name": "1. NL", "seasons": [{"league": "1. NL", "tier": 2, "season": "25/26", "source": "sofascore"}], "aliases": [{"alias": "HNK Cibalia Vinkovci", "source": "sofascore"}, {"alias": "Cibalia", "source": "sofascore"}], "source_ids": [{"id": "2031", "source": "sofascore-id"}]}}, {"type": "Feature", "geometry": {"type": "Point", "coordinates": [17.2237617, 45.5928272]}, "properties": {"id": 91, "slug": "daruvar", "canonical_name": "HNK Daruvar", "short_name": "Daruvar", "fb_url": "https://www.facebook.com/p/HNK-Daruvar-100057424728965/", "created_at": "2026-05-16 21:52:54", "updated_at": "2026-05-17 01:09:08", "top_tier": 4, "top_league_name": "3. NL - Sjever", "seasons": [{"league": "3. NL - Sjever", "tier": 4, "season": "25/26", "source": "sofascore"}], "aliases": [{"alias": "HNK Daruvar", "source": "sofascore"}, {"alias": "Daruvar", "source": "sofascore"}], "source_ids": [{"id": "361702", "source": "sofascore-id"}]}}, {"type": "Feature", "geometry": {"type": "Point", "coordinates": [17.1241851, 45.4248055]}, "properties": {"id": 500, "slug": "dobrovac", "canonical_name": "HNK Dobrovac", "short_name": "Dobrovac", "city": "Lipik", "county": "Požeško-slavonska županija", "address": "Stjepana Radića BB, Dobrovac, 34551 Lipik", "website": "https://lipik.hr/udruge/udruge-u-sportu/nogometni-klub-dobrovac/", "email": "mladen.dolic@podravka.hr", "phone": "+385 98 207 024", "phone_e164": "+38598207024", "phone_kind": "mobile", "president": "Mladen Dolić", "created_at": "2026-05-16 22:02:52", "updated_at": "2026-05-17 00:52:23", "top_tier": 7, "top_league_name": "2. ŽNL (PSŽ)", "seasons": [{"league": "2. ŽNL (PSŽ)", "tier": 7, "league_county": "Požeško-slavonska županija", "season": "hrnogomet-season-925", "source": "hrnogomet"}], "aliases": [{"alias": "HNK Dobrovac", "source": "hrnogomet"}], "source_ids": [{"id": "1714", "source": "hrnogomet-id"}]}}, {"type": "Feature", "geometry": {"type": "Point", "coordinates": [19.1693608, 45.2663039]}, "properties": {"id": 698, "slug": "dunav", "canonical_name": "HNK Dunav", "short_name": "Dunav", "city": "Sotin", "county": "Vukovarsko-srijemska županija", "address": "Ul. bana Josipa Jelačića 27B, 32000, Sotin", "website": "https://nkdunav-sotin.hr", "created_at": "2026-05-16 22:02:59", "updated_at": "2026-05-17 00:52:31", "top_tier": 7, "top_league_name": "2. ŽNL VU (VSŽ)", "seasons": [{"league": "2. ŽNL VU (VSŽ)", "tier": 7, "league_county": "Vukovarsko-srijemska županija", "season": "hrnogomet-season-997", "source": "hrnogomet"}], "aliases": [{"alias": "HNK Dunav", "source": "hrnogomet"}], "source_ids": [{"id": "1393", "source": "hrnogomet-id"}]}}, {"type": "Feature", "geometry": {"type": "Point", "coordinates": [16.073116, 45.72399]}, "properties": {"id": 7, "slug": "gorica-velika-gorica", "canonical_name": "HNK Gorica", "short_name": "Gorica", "city": "Velika Gorica", "address": "Hrvatske Bratske Zajednice 80, HR-10410 Velika Gorica", "stadium_name": "Gradski stadion Velika Gorica", "stadium_capacity": 5200, "founded_year": 2009, "website": "https://hnk-gorica.hr", "email": "info@hnk-gorica.hr", "phone": "+385 1 6265 152", "phone_e164": "+38516265152", "phone_kind": "landline", "created_at": "2026-05-16 21:48:52", "updated_at": "2026-05-16 22:36:56", "top_tier": 1, "top_league_name": "SuperSport HNL", "seasons": [{"league": "SuperSport HNL", "tier": 1, "season": "25/26", "source": "sofascore"}], "aliases": [{"alias": "HNK Gorica", "source": "sofascore"}, {"alias": "Gorica", "source": "sofascore"}], "source_ids": [{"id": "43917", "source": "sofascore-id"}]}}, {"type": "Feature", "geometry": {"type": "Point", "coordinates": [17.0646813, 45.7994716]}, "properties": {"id": 421, "slug": "hajduk-lb", "canonical_name": "HNK Hajduk (LB)", "short_name": "Hajduk", "county": "Bjelovarsko-bilogorska županija", "created_at": "2026-05-16 22:02:49", "updated_at": "2026-05-16 22:39:20", "top_tier": 8, "top_league_name": "3. ŽNL SJEVER (BBŽ)", "seasons": [{"league": "3. ŽNL SJEVER (BBŽ)", "tier": 8, "league_county": "Bjelovarsko-bilogorska županija", "season": "hrnogomet-season-923", "source": "hrnogomet"}], "aliases": [{"alias": "HNK Hajduk (LB)", "source": "hrnogomet"}], "source_ids": [{"id": "1471", "source": "hrnogomet-id"}]}}, {"type": "Feature", "geometry": {"type": "Point", "coordinates": [16.431683163696, 43.51964837387]}, "properties": {"id": 3, "slug": "hajduk-split", "canonical_name": "HNK Hajduk Split", "short_name": "Hajduk", "city": "Split", "address": "8. Mediteranskih igara 2, Split", "stadium_name": "Stadion Poljud", "stadium_capacity": 34198, "founded_year": 1911, "website": "http://www.hajduk.hr", "email": "info@hajduk.hr", "phone": "+385 (0)21 585 200", "phone_e164": "+38521585200", "phone_kind": "landline", "fb_url": "http://facebook.com/hnkhajduk", "x_url": "http://twitter.com/hajduk", "created_at": "2026-05-16 21:48:48", "updated_at": "2026-05-17 00:52:49", "top_tier": 1, "top_league_name": "SuperSport HNL", "seasons": [{"league": "SuperSport HNL", "tier": 1, "season": "25/26", "source": "sofascore"}], "aliases": [{"alias": "HNK Hajduk Split", "source": "sofascore"}, {"alias": "Hajduk", "source": "sofascore"}], "source_ids": [{"id": "2036", "source": "sofascore-id"}]}}, {"type": "Feature", "geometry": {"type": "Point", "coordinates": [16.4220903, 43.5495057]}, "properties": {"id": 135, "slug": "jadran-kastel-sucurac", "canonical_name": "HNK Jadran Kaštel Sućurac", "short_name": "Jadran (KS)", "city": "Kaštel Sućurac", "address": "Tamunic 46, 21212, Kaštel Sućurac, Hrvatska", "stadium_name": "Stadion Zrinski", "stadium_capacity": 1500, "founded_year": 1922, "website": "https://hnkjadran.hr/", "email": "info@hnkjadran.hr", "phone": "+385 21 224120", "phone_e164": "+38521224120", "phone_kind": "landline", "president": "Srđan Kovač", "created_at": "2026-05-16 21:53:47", "updated_at": "2026-05-17 00:52:51", "top_tier": 4, "top_league_name": "3. NL - Jug", "seasons": [{"league": "3. NL - Jug", "tier": 4, "season": "25/26", "source": "sofascore"}], "aliases": [{"alias": "HNK Jadran Kaštel Sućurac", "source": "sofascore"}, {"alias": "Jadran (KS)", "source": "sofascore"}], "source_ids": [{"id": "354373", "source": "sofascore-id"}]}}, {"type": "Feature", "geometry": {"type": "Point", "coordinates": [16.9557331, 45.9366157]}, "properties": {"id": 425, "slug": "jovaca-ms", "canonical_name": "HNK Jovača (MS)", "short_name": "Jovača", "county": "Bjelovarsko-bilogorska županija", "fb_url": "https://www.facebook.com/jovaca12/?locale=hr_HR", "created_at": "2026-05-16 22:02:49", "updated_at": "2026-05-16 22:39:20", "top_tier": 8, "top_league_name": "3. ŽNL JUG (BBŽ)", "seasons": [{"league": "3. ŽNL JUG (BBŽ)", "tier": 8, "league_county": "Bjelovarsko-bilogorska županija", "season": "hrnogomet-season-922", "source": "hrnogomet"}], "aliases": [{"alias": "HNK Jovača (MS)", "source": "hrnogomet"}], "source_ids": [{"id": "1430", "source": "hrnogomet-id"}]}}, {"type": "Feature", "geometry": {"type": "Point", "coordinates": [14.2762597, 45.2916807]}, "properties": {"id": 441, "slug": "lovran", "canonical_name": "HNK Lovran", "short_name": "Lovran", "city": "Lovran", "county": "Primorsko-goranska županija", "address": "ul.43.istarske divizije 1/5, 51415 LOVRAN", "stadium_name": "Nogometno igralište \"Lokve\"", "website": "https://hnk-lovran.com/", "email": "nogometni.klub.lovran@ri.t-com.hr", "phone": "051 293 439", "phone_e164": "+38551293439", "phone_kind": "landline", "created_at": "2026-05-16 22:02:49", "updated_at": "2026-05-17 00:53:12", "top_tier": 6, "top_league_name": "1. ŽNL (PGŽ)", "seasons": [{"league": "1. ŽNL (PGŽ)", "tier": 6, "league_county": "Primorsko-goranska županija", "season": "hrnogomet-season-995", "source": "hrnogomet"}], "aliases": [{"alias": "HNK Lovran", "source": "hrnogomet"}], "source_ids": [{"id": "1858", "source": "hrnogomet-id"}]}}, {"type": "Feature", "geometry": {"type": "Point", "coordinates": [19.0168865, 45.338661]}, "properties": {"id": 671, "slug": "mitnica", "canonical_name": "HNK Mitnica", "short_name": "Mitnica", "city": "Vukovar", "county": "Vukovarsko-srijemska županija", "address": "Prosina 56, 32000 Vukovar", "stadium_name": "Mitnica", "founded_year": 2008, "website": "https://sov.hr/", "email": "antun.karaula13@gmail.com", "phone": "098/9061-630", "phone_e164": "+385989061630", "phone_kind": "mobile", "president": "Antun Karaula", "created_at": "2026-05-16 22:02:58", "updated_at": "2026-05-17 00:53:20", "top_tier": 6, "top_league_name": "1. ŽNL (VSŽ)", "seasons": [{"league": "1. ŽNL (VSŽ)", "tier": 6, "league_county": "Vukovarsko-srijemska županija", "season": "hrnogomet-season-958", "source": "hrnogomet"}], "aliases": [{"alias": "HNK Mitnica", "source": "hrnogomet"}], "source_ids": [{"id": "1365", "source": "hrnogomet-id"}]}}, {"type": "Feature", "geometry": {"type": "Point", "coordinates": [14.468411, 45.323716]}, "properties": {"id": 15, "slug": "orijent-rijeka", "canonical_name": "HNK Orijent", "short_name": "Orijent", "city": "Rijeka", "address": "Kumičićeva 66, 51 000 Rijeka", "stadium_name": "Stadion Krimeja", "stadium_capacity": 3500, "founded_year": 1919, "website": "https://nk-orijent.com", "email": "info@nk-orijent.com", "phone": "051 / 403 – 004", "phone_e164": "+38551403004", "phone_kind": "landline", "created_at": "2026-05-16 21:49:01", "updated_at": "2026-05-17 00:53:33", "top_tier": 2, "top_league_name": "1. NL", "seasons": [{"league": "1. NL", "tier": 2, "season": "25/26", "source": "sofascore"}], "aliases": [{"alias": "HNK Orijent", "source": "sofascore"}, {"alias": "Orijent", "source": "sofascore"}], "source_ids": [{"id": "25539", "source": "sofascore-id"}]}}, {"type": "Feature", "geometry": {"type": "Point", "coordinates": [15.3624484, 45.0809602]}, "properties": {"id": 303, "slug": "plaski", "canonical_name": "HNK Plaški", "short_name": "Plaški", "city": "Plaški", "county": "Karlovačka županija", "address": "143. Domobranske pukovnije 0, PLAŠKI", "stadium_name": "NK Partizan", "founded_year": 2000, "website": "https://hnk-plaski.hr/", "phone": "098/337-348", "phone_e164": "+38598337348", "phone_kind": "mobile", "president": "ILIJA ŠUPICA", "created_at": "2026-05-16 22:02:44", "updated_at": "2026-05-17 00:53:43", "top_tier": 7, "top_league_name": "2. ŽNL (Karlovačka)", "seasons": [{"league": "2. ŽNL (Karlovačka)", "tier": 7, "league_county": "Karlovačka županija", "season": "hrnogomet-season-924", "source": "hrnogomet"}], "aliases": [{"alias": "HNK Plaški", "source": "hrnogomet"}], "source_ids": [{"id": "1258", "source": "hrnogomet-id"}]}}, {"type": "Feature", "geometry": {"type": "Point", "coordinates": [15.4551594, 43.9403659]}, "properties": {"id": 58, "slug": "primorac-biograd-na-moru", "canonical_name": "HNK Primorac Biograd na Moru", "short_name": "Primorac (BnM)", "city": "Biograd na Moru", "address": "Ruđera Boškovića 9, 23210 Biograd na Moru", "stadium_name": "Kažimira i Silvija", "founded_year": 1919, "website": "https://semafor.hns.family/klubovi/207/hnk-primorac-bnm/", "fb_url": "https://www.facebook.com/sharer/sharer.php?u=https%3a%2f%2fsemafor.hns.family%2fklubovi%2f207%2fhnk-primorac-bnm%2f", "x_url": "https://twitter.com/home?status=https%3a%2f%2fsemafor.hns.family%2fklubovi%2f207%2fhnk-primorac-bnm%2f", "created_at": "2026-05-16 21:49:51", "updated_at": "2026-05-17 00:53:52", "top_tier": 3, "top_league_name": "3. HNL Jug", "seasons": [{"league": "3. HNL Jug", "tier": 3, "season": "2021/22", "source": "sofascore"}, {"league": "3. NL - Jug", "tier": 4, "season": "25/26", "source": "sofascore"}], "aliases": [{"alias": "HNK Primorac Biograd na Moru", "source": "sofascore"}, {"alias": "Primorac (BnM)", "source": "sofascore"}], "source_ids": [{"id": "233066", "source": "sofascore-id"}]}}, {"type": "Feature", "geometry": {"type": "Point", "coordinates": [16.5208886, 46.0292845]}, "properties": {"id": 585, "slug": "radnicki-m", "canonical_name": "HNK Radnički (M)", "short_name": "Radnički", "city": "Vukovar", "address": "Kolodvorska ul. 2, 32000 Vukovar", "email": "admin@hnk-radnicki-vukovar.hr", "phone": "032 432 292", "phone_e164": "+38532432292", "phone_kind": "landline", "created_at": "2026-05-16 22:02:55", "updated_at": "2026-05-17 00:53:58", "top_tier": 6, "top_league_name": "1. ŽNL (OBŽ)", "seasons": [{"league": "1. ŽNL (OBŽ)", "tier": 6, "league_county": "Osječko-baranjska županija", "season": "hrnogomet-season-957", "source": "hrnogomet"}], "aliases": [{"alias": "HNK Radnički (M)", "source": "hrnogomet"}], "source_ids": [{"id": "1970", "source": "hrnogomet-id"}]}}, {"type": "Feature", "geometry": {"type": "Point", "coordinates": [19.0025086, 45.3508957]}, "properties": {"id": 696, "slug": "radnicki-v", "canonical_name": "HNK Radnički (V)", "short_name": "Radnički", "city": "Vukovar", "county": "Vukovarsko-srijemska županija", "address": "Kolodvorska ul. 2, 32000 Vukovar", "email": "admin@hnk-radnicki-vukovar.hr", "phone": "032 432 292", "phone_e164": "+38532432292", "phone_kind": "landline", "created_at": "2026-05-16 22:02:59", "updated_at": "2026-05-17 00:53:59", "top_tier": 7, "top_league_name": "2. ŽNL VU (VSŽ)", "seasons": [{"league": "2. ŽNL VU (VSŽ)", "tier": 7, "league_county": "Vukovarsko-srijemska županija", "season": "hrnogomet-season-997", "source": "hrnogomet"}], "aliases": [{"alias": "HNK Radnički (V)", "source": "hrnogomet"}], "source_ids": [{"id": "1366", "source": "hrnogomet-id"}]}}, {"type": "Feature", "geometry": {"type": "Point", "coordinates": [14.402144, 45.347681]}, "properties": {"id": 5, "slug": "rijeka", "canonical_name": "HNK Rijeka", "short_name": "Rijeka", "city": "Rijeka", "address": "Rujevica 10, 51000 Rijeka", "stadium_name": "Stadion HNK Rijeka Dean Šćulac", "stadium_capacity": 8279, "founded_year": 1946, "website": "https://nk-rijeka.hr/", "email": "info@nk-rijeka.hr", "phone": "+385 51 563 623", "phone_e164": "+38551563623", "phone_kind": "landline", "fb_url": "https://www.facebook.com/nk.rijeka", "ig_url": "https://instagram.com/nk_rijeka", "x_url": "https://twitter.com/nkrijeka", "created_at": "2026-05-16 21:48:50", "updated_at": "2026-05-17 00:54:13", "top_tier": 1, "top_league_name": "SuperSport HNL", "seasons": [{"league": "SuperSport HNL", "tier": 1, "season": "25/26", "source": "sofascore"}], "aliases": [{"alias": "HNK Rijeka", "source": "sofascore"}, {"alias": "Rijeka", "source": "sofascore"}], "source_ids": [{"id": "2039", "source": "sofascore-id"}]}}, {"type": "Feature", "geometry": {"type": "Point", "coordinates": [16.377278, 45.478305]}, "properties": {"id": 69, "slug": "segesta-sisak", "canonical_name": "HNK Segesta", "short_name": "Segesta", "city": "Sisak", "address": "Borisa Brnada 56, Sisak 44000, Hrvatska", "stadium_name": "Gradski Stadion", "stadium_capacity": 8000, "founded_year": 1905, "website": "https://hnk-segesta.hr/", "email": "hnk.segesta.sisak@sk.t-com.hr", "phone": "+385 44 540 088", "phone_e164": "+38544540088", "phone_kind": "landline", "created_at": "2026-05-16 21:50:05", "updated_at": "2026-05-17 00:54:23", "top_tier": 3, "top_league_name": "2. NL", "seasons": [{"league": "2. NL", "tier": 3, "season": "25/26", "source": "sofascore"}, {"league": "3. HNL Centar", "tier": 3, "season": "2021/22", "source": "sofascore"}], "aliases": [{"alias": "HNK Segesta", "source": "sofascore"}, {"alias": "Segesta", "source": "sofascore"}], "source_ids": [{"id": "6671", "source": "sofascore-id"}]}}, {"type": "Feature", "geometry": {"type": "Point", "coordinates": [16.5184153, 43.5325663]}, "properties": {"id": 67, "slug": "sloga-mravince", "canonical_name": "HNK Sloga Mravince", "short_name": "Sloga (M)", "city": "Mravince", "stadium_name": "Igralište Glavica", "founded_year": 2016, "website": "http://nszsd.hr/", "created_at": "2026-05-16 21:50:00", "updated_at": "2026-05-17 00:54:33", "top_tier": 3, "top_league_name": "3. HNL Jug", "seasons": [{"league": "3. HNL Jug", "tier": 3, "season": "2021/22", "source": "sofascore"}, {"league": "3. NL - Jug", "tier": 4, "season": "25/26", "source": "sofascore"}], "aliases": [{"alias": "HNK Sloga Mravince", "source": "sofascore"}, {"alias": "Sloga (M)", "source": "sofascore"}], "source_ids": [{"id": "296750", "source": "sofascore-id"}]}}, {"type": "Feature", "geometry": {"type": "Point", "coordinates": [16.345825, 43.5533286]}, "properties": {"id": 131, "slug": "val-kastel-stari", "canonical_name": "HNK Val Kaštel Stari", "short_name": "Val", "city": "Kaštel Stari", "address": "TAMUNIĆ 46, 21212 Kaštel Sućurac", "stadium_name": "Stadion HNK Val", "website": "http://www.nkgoskkastela.hr", "email": "hnkjadran@gmail.com", "phone": "+38598421453", "phone_e164": "+38598421453", "phone_kind": "mobile", "created_at": "2026-05-16 21:53:43", "updated_at": "2026-05-17 00:54:43", "top_tier": 4, "top_league_name": "3. NL - Jug", "seasons": [{"league": "3. NL - Jug", "tier": 4, "season": "25/26", "source": "sofascore"}], "aliases": [{"alias": "HNK Val Kaštel Stari", "source": "sofascore"}, {"alias": "Val", "source": "sofascore"}], "source_ids": [{"id": "278212", "source": "sofascore-id"}]}}, {"type": "Feature", "geometry": {"type": "Point", "coordinates": [14.8837254, 44.6713368]}, "properties": {"id": 567, "slug": "velebit-b", "canonical_name": "HNK Velebit (B)", "short_name": "Velebit", "county": "Zadarska županija", "fb_url": "https://www.facebook.com/hnkvelebit/?locale=hr_HR", "created_at": "2026-05-16 22:02:54", "updated_at": "2026-05-17 00:54:44", "top_tier": 6, "top_league_name": "1. ŽNL (Zadarska)", "seasons": [{"league": "1. ŽNL (Zadarska)", "tier": 6, "league_county": "Zadarska županija", "season": "hrnogomet-season-1003", "source": "hrnogomet"}], "aliases": [{"alias": "HNK Velebit (B)", "source": "hrnogomet"}], "source_ids": [{"id": "2009", "source": "hrnogomet-id"}]}}, {"type": "Feature", "geometry": {"type": "Point", "coordinates": [18.695282, 45.545271]}, "properties": {"id": 4, "slug": "vukovar-1991-osijek", "canonical_name": "HNK Vukovar 1991", "short_name": "Vukovar '91.", "city": "Osijek", "address": "Rudolfa Perešina 8, 32 000 Vukovar", "stadium_name": "Stadion Gradski vrt", "stadium_capacity": 18856, "founded_year": 2012, "website": "https://hnk-vukovar1991.hr/", "email": "info@hnk-vukovar1991.hr", "created_at": "2026-05-16 21:48:49", "updated_at": "2026-05-17 00:55:02", "top_tier": 1, "top_league_name": "SuperSport HNL", "seasons": [{"league": "SuperSport HNL", "tier": 1, "season": "25/26", "source": "sofascore"}, {"league": "3. HNL Istok", "tier": 3, "season": "2021/22", "source": "sofascore"}], "aliases": [{"alias": "HNK Vukovar 1991", "source": "sofascore"}, {"alias": "Vukovar '91.", "source": "sofascore"}], "source_ids": [{"id": "6672", "source": "sofascore-id"}]}}, {"type": "Feature", "geometry": {"type": "Point", "coordinates": [15.24222, 44.11972]}, "properties": {"id": 59, "slug": "zadar", "canonical_name": "HNK Zadar", "short_name": "Zadar", "city": "Zadar", "stadium_name": "Stadion Stanovi", "stadium_capacity": 5860, "founded_year": 1949, "website": "https://hnkzadar.hr/", "fb_url": "https://facebook.com/hnkzadarnogomet", "ig_url": "https://instagram.com/hnk.zadar", "x_url": "https://x.com/hnkzadar", "created_at": "2026-05-16 21:49:52", "updated_at": "2026-05-17 00:55:14", "top_tier": 3, "top_league_name": "3. HNL Jug", "seasons": [{"league": "3. HNL Jug", "tier": 3, "season": "2021/22", "source": "sofascore"}, {"league": "3. NL - Jug", "tier": 4, "season": "25/26", "source": "sofascore"}], "aliases": [{"alias": "HNK Zadar", "source": "sofascore"}, {"alias": "Zadar", "source": "sofascore"}], "source_ids": [{"id": "361838", "source": "sofascore-id"}]}}, {"type": "Feature", "geometry": {"type": "Point", "coordinates": [15.895884, 43.744024]}, "properties": {"id": 132, "slug": "sibenik", "canonical_name": "HNK Šibenik", "short_name": "Šibenik", "city": "Sibenik", "stadium_name": "Stadion Šubićevac", "stadium_capacity": 3500, "founded_year": 1932, "fb_url": "https://www.facebook.com/hnk.sibenik.hr/", "created_at": "2026-05-16 21:53:44", "updated_at": "2026-05-17 00:55:16", "top_tier": 4, "top_league_name": "3. NL - Jug", "seasons": [{"league": "3. NL - Jug", "tier": 4, "season": "25/26", "source": "sofascore"}], "aliases": [{"alias": "HNK Šibenik", "source": "sofascore"}, {"alias": "Šibenik", "source": "sofascore"}], "source_ids": [{"id": "2029", "source": "sofascore-id"}]}}, {"type": "Feature", "geometry": {"type": "Point", "coordinates": [17.020242, 43.2939756]}, "properties": {"id": 52, "slug": "hrnk-zmaj-makarska", "canonical_name": "HRNK Zmaj Makarska", "short_name": "Zmaj (M)", "city": "Makarska", "address": "Franjevački put 2, 21300 MAKARSKA", "stadium_name": "GSC Makarska", "stadium_capacity": 1050, "website": "https://hrnk-zmaj.hr/", "email": "hrnk.zmaj@gmail.com", "phone": "+385 (0) 21 455 017", "phone_e164": "+38521455017", "phone_kind": "landline", "fb_url": "https://www.facebook.com/HRNKZmaj/", "created_at": "2026-05-16 21:49:45", "updated_at": "2026-05-17 00:55:35", "top_tier": 3, "top_league_name": "3. HNL Jug", "seasons": [{"league": "3. HNL Jug", "tier": 3, "season": "2021/22", "source": "sofascore"}], "aliases": [{"alias": "HRNK Zmaj Makarska", "source": "sofascore"}, {"alias": "Zmaj (M)", "source": "sofascore"}], "source_ids": [{"id": "220803", "source": "sofascore-id"}]}}, {"type": "Feature", "geometry": {"type": "Point", "coordinates": [16.0583506, 45.7111627]}, "properties": {"id": 214, "slug": "farkas", "canonical_name": "NK \"FARKAŠ\"", "short_name": "\"FARKAŠ\"", "city": "Velika Gorica", "county": "Zagrebačka županija", "address": "Marina Getaldića 3, 10410 Velika Gorica", "website": "http://www.nszz.hr/", "phone": "6528 173", "phone_kind": "unknown", "created_at": "2026-05-16 22:02:41", "updated_at": "2026-05-16 22:50:18", "top_tier": 7, "top_league_name": "2. ŽNL - Istok (Zagrebačka)", "seasons": [{"league": "2. ŽNL - Istok (Zagrebačka)", "tier": 7, "league_county": "Zagrebačka županija", "season": "hrnogomet-season-899", "source": "hrnogomet"}], "aliases": [{"alias": "NK \"FARKAŠ\"", "source": "hrnogomet"}], "source_ids": [{"id": "2685", "source": "hrnogomet-id"}]}}, {"type": "Feature", "geometry": {"type": "Point", "coordinates": [17.8848865, 45.182209]}, "properties": {"id": 173, "slug": "ask", "canonical_name": "NK ASK", "short_name": "ASK", "county": "Brodsko-posavska županija", "created_at": "2026-05-16 22:02:40", "updated_at": "2026-05-16 22:17:56", "top_tier": 7, "top_league_name": "2. ŽNL - NS Sisak (SMŽ)", "seasons": [{"league": "2. ŽNL - NS Sisak (SMŽ)", "tier": 7, "league_county": "Sisačko-moslavačka županija", "season": "hrnogomet-season-964", "source": "hrnogomet"}, {"league": "3. ŽNL Zapad (BPŽ)", "tier": 8, "league_county": "Brodsko-posavska županija", "season": "hrnogomet-season-935", "source": "hrnogomet"}], "aliases": [{"alias": "NK AŠK", "source": "hrnogomet"}, {"alias": "NK ASK", "source": "hrnogomet"}], "source_ids": [{"id": "1924", "source": "hrnogomet-id"}, {"id": "1189", "source": "hrnogomet-id"}]}}, {"type": "Feature", "geometry": {"type": "Point", "coordinates": [17.9901946, 45.1632061]}, "properties": {"id": 555, "slug": "amater", "canonical_name": "NK Amater", "short_name": "Amater", "county": "Brodsko-posavska županija", "fb_url": "https://www.facebook.com/nkamater/", "created_at": "2026-05-16 22:02:54", "updated_at": "2026-05-17 00:56:00", "top_tier": 6, "top_league_name": "1. ŽNL (BPŽ)", "seasons": [{"league": "1. ŽNL (BPŽ)", "tier": 6, "league_county": "Brodsko-posavska županija", "season": "hrnogomet-season-900", "source": "hrnogomet"}], "aliases": [{"alias": "NK Amater", "source": "hrnogomet"}], "source_ids": [{"id": "1178", "source": "hrnogomet-id"}]}}, {"type": "Feature", "geometry": {"type": "Point", "coordinates": [17.8394853, 45.0983958]}, "properties": {"id": 556, "slug": "bonk", "canonical_name": "NK BONK", "short_name": "BONK", "county": "Brodsko-posavska županija", "phone": "80651898661", "phone_kind": "unknown", "created_at": "2026-05-16 22:02:54", "updated_at": "2026-05-17 00:56:15", "top_tier": 6, "top_league_name": "1. ŽNL (BPŽ)", "seasons": [{"league": "1. ŽNL (BPŽ)", "tier": 6, "league_county": "Brodsko-posavska županija", "season": "hrnogomet-season-900", "source": "hrnogomet"}], "aliases": [{"alias": "NK BONK", "source": "hrnogomet"}], "source_ids": [{"id": "1155", "source": "hrnogomet-id"}]}}, {"type": "Feature", "geometry": {"type": "Point", "coordinates": [18.8731691, 45.5175778]}, "properties": {"id": 22, "slug": "bsk-bijelo-brdo-bijelo", "canonical_name": "NK BSK Bijelo Brdo", "short_name": "BSK", "city": "Bijelo", "stadium_name": "Stadion BSK", "stadium_capacity": 1500, "founded_year": 1935, "created_at": "2026-05-16 21:49:08", "updated_at": "2026-05-16 21:52:45", "top_tier": 2, "top_league_name": "1. NL", "seasons": [{"league": "1. NL", "tier": 2, "season": "25/26", "source": "sofascore"}], "aliases": [{"alias": "NK BSK Bijelo Brdo", "source": "sofascore"}, {"alias": "BSK", "source": "sofascore"}], "source_ids": [{"id": "44476", "source": "sofascore-id"}]}}, {"type": "Feature", "geometry": {"type": "Point", "coordinates": [13.8617564, 44.8191083]}, "properties": {"id": 125, "slug": "banjole", "canonical_name": "NK Banjole", "short_name": "Banjole", "city": "Banjole", "address": "Glavica 11 a, Banjole, 52100 Pula", "stadium_name": "Stadion Prematinka", "stadium_capacity": 2000, "website": "https://www.nk-banjole.hr/index.html", "email": "info@nk-banjole.hr", "phone": "+385 52 573514", "phone_e164": "+38552573514", "phone_kind": "landline", "created_at": "2026-05-16 21:53:33", "updated_at": "2026-05-17 00:56:53", "top_tier": 4, "top_league_name": "3. NL - Zapad", "seasons": [{"league": "3. NL - Zapad", "tier": 4, "season": "25/26", "source": "sofascore"}], "aliases": [{"alias": "NK Banjole", "source": "sofascore"}, {"alias": "Banjole", "source": "sofascore"}], "source_ids": [{"id": "367790", "source": "sofascore-id"}]}}, {"type": "Feature", "geometry": {"type": "Point", "coordinates": [15.9701042, 45.4320774]}, "properties": {"id": 138, "slug": "banovac", "canonical_name": "NK Banovac", "short_name": "Banovac", "county": "Sisačko-moslavačka županija", "fb_url": "https://www.facebook.com/snk.banovac.glina/", "created_at": "2026-05-16 22:02:39", "updated_at": "2026-05-17 00:56:55", "top_tier": 6, "top_league_name": "1. ŽNL (SMŽ)", "seasons": [{"league": "1. ŽNL (SMŽ)", "tier": 6, "league_county": "Sisačko-moslavačka županija", "season": "hrnogomet-season-963", "source": "hrnogomet"}], "aliases": [{"alias": "NK Banovac", "source": "hrnogomet"}], "source_ids": [{"id": "1029", "source": "hrnogomet-id"}]}}, {"type": "Feature", "geometry": {"type": "Point", "coordinates": [15.5466794, 45.3806407]}, "properties": {"id": 294, "slug": "barilovic", "canonical_name": "NK Barilović", "short_name": "Barilović", "city": "Barilović", "county": "Karlovačka županija", "address": "Barilović b. b., 47252 Barilović", "founded_year": 2019, "website": "https://semafor.hns.family/en/clubs/126624/nk-barilovic/", "president": "Mato Gavrić", "fb_url": "https://www.facebook.com/sharer/sharer.php?u=https%3a%2f%2fsemafor.hns.family%2fen%2fclubs%2f126624%2fnk-barilovic%2f", "x_url": "https://twitter.com/home?status=https%3a%2f%2fsemafor.hns.family%2fen%2fclubs%2f126624%2fnk-barilovic%2f", "created_at": "2026-05-16 22:02:44", "updated_at": "2026-05-17 00:57:08", "top_tier": 6, "top_league_name": "1. ŽNL (Karlovačka)", "seasons": [{"league": "1. ŽNL (Karlovačka)", "tier": 6, "league_county": "Karlovačka županija", "season": "hrnogomet-season-921", "source": "hrnogomet"}], "aliases": [{"alias": "NK Barilović", "source": "hrnogomet"}], "source_ids": [{"id": "1259", "source": "hrnogomet-id"}]}}, {"type": "Feature", "geometry": {"type": "Point", "coordinates": [17.6630254, 45.1880293]}, "properties": {"id": 551, "slug": "batrina", "canonical_name": "NK Batrina", "short_name": "Batrina", "county": "Brodsko-posavska županija", "created_at": "2026-05-16 22:02:54", "updated_at": "2026-05-16 22:17:57", "top_tier": 6, "top_league_name": "1. ŽNL (BPŽ)", "seasons": [{"league": "1. ŽNL (BPŽ)", "tier": 6, "league_county": "Brodsko-posavska županija", "season": "hrnogomet-season-900", "source": "hrnogomet"}], "aliases": [{"alias": "NK Batrina", "source": "hrnogomet"}], "source_ids": [{"id": "1156", "source": "hrnogomet-id"}]}}, {"type": "Feature", "geometry": {"type": "Point", "coordinates": [17.0089347, 45.8274542]}, "properties": {"id": 413, "slug": "bedenik", "canonical_name": "NK Bedenik", "short_name": "Bedenik", "city": "Bedenik", "county": "Bjelovarsko-bilogorska županija", "address": "BEDENIK 121/A, 43272 BEDENIK", "created_at": "2026-05-16 22:02:49", "updated_at": "2026-05-17 00:57:37", "top_tier": 8, "top_league_name": "3. ŽNL SJEVER (BBŽ)", "seasons": [{"league": "3. ŽNL SJEVER (BBŽ)", "tier": 8, "league_county": "Bjelovarsko-bilogorska županija", "season": "hrnogomet-season-923", "source": "hrnogomet"}], "aliases": [{"alias": "NK Bedenik", "source": "hrnogomet"}], "source_ids": [{"id": "1467", "source": "hrnogomet-id"}]}}, {"type": "Feature", "geometry": {"type": "Point", "coordinates": [18.6953685, 45.5548793]}, "properties": {"id": 36, "slug": "belisce-osijek", "canonical_name": "NK Belišće", "short_name": "Belišće", "city": "Osijek", "stadium_name": "Gradski stadion - BELISCE", "stadium_capacity": 3000, "founded_year": 1918, "fb_url": "https://www.facebook.com/nkbelisce.hr/", "created_at": "2026-05-16 21:49:27", "updated_at": "2026-05-17 00:57:38", "top_tier": 3, "top_league_name": "3. HNL Istok", "seasons": [{"league": "3. HNL Istok", "tier": 3, "season": "2021/22", "source": "sofascore"}, {"league": "3. NL - Istok", "tier": 4, "season": "25/26", "source": "sofascore"}], "aliases": [{"alias": "NK Belišće", "source": "sofascore"}, {"alias": "Belišće", "source": "sofascore"}], "source_ids": [{"id": "2043", "source": "sofascore-id"}]}}, {"type": "Feature", "geometry": {"type": "Point", "coordinates": [18.6181151, 45.8306144]}, "properties": {"id": 605, "slug": "belje", "canonical_name": "NK Belje", "short_name": "Belje", "county": "Osječko-baranjska županija", "fb_url": "https://www.facebook.com/nkbeljeofficialpage/?locale=hr_HR", "created_at": "2026-05-16 22:02:56", "updated_at": "2026-05-17 00:57:40", "top_tier": 7, "top_league_name": "2. ŽNL Beli Manastir (OBŽ)", "seasons": [{"league": "2. ŽNL Beli Manastir (OBŽ)", "tier": 7, "league_county": "Osječko-baranjska županija", "season": "hrnogomet-season-908", "source": "hrnogomet"}], "aliases": [{"alias": "NK Belje", "source": "hrnogomet"}], "source_ids": [{"id": "1654", "source": "hrnogomet-id"}]}}, {"type": "Feature", "geometry": {"type": "Point", "coordinates": [18.1794173, 45.6380378]}, "properties": {"id": 648, "slug": "benicanci", "canonical_name": "NK Beničanci", "short_name": "Beničanci", "county": "Osječko-baranjska županija", "fb_url": "https://www.facebook.com/Benicanci/", "created_at": "2026-05-16 22:02:57", "updated_at": "2026-05-17 00:57:41", "top_tier": 7, "top_league_name": "2. ŽNL Donji Miholjac (OBŽ)", "seasons": [{"league": "2. ŽNL Donji Miholjac (OBŽ)", "tier": 7, "league_county": "Osječko-baranjska županija", "season": "hrnogomet-season-912", "source": "hrnogomet"}], "aliases": [{"alias": "NK Beničanci", "source": "hrnogomet"}], "source_ids": [{"id": "2225", "source": "hrnogomet-id"}]}}, {"type": "Feature", "geometry": {"type": "Point", "coordinates": [15.2838133, 44.071152]}, "properties": {"id": 569, "slug": "bibinje", "canonical_name": "NK Bibinje", "short_name": "Bibinje", "county": "Zadarska županija", "website": "https://nkzadarnova.hr/joomsport_team/nk-bibinje/", "created_at": "2026-05-16 22:02:54", "updated_at": "2026-05-17 00:57:49", "top_tier": 6, "top_league_name": "1. ŽNL (Zadarska)", "seasons": [{"league": "1. ŽNL (Zadarska)", "tier": 6, "league_county": "Zadarska županija", "season": "hrnogomet-season-1003", "source": "hrnogomet"}], "aliases": [{"alias": "NK Bibinje", "source": "hrnogomet"}], "source_ids": [{"id": "2012", "source": "hrnogomet-id"}]}}, {"type": "Feature", "geometry": {"type": "Point", "coordinates": [17.0902534, 45.8183249]}, "properties": {"id": 381, "slug": "bilo", "canonical_name": "NK Bilo", "short_name": "Bilo", "county": "Bjelovarsko-bilogorska županija", "fb_url": "https://www.facebook.com/NkBilo/", "created_at": "2026-05-16 22:02:48", "updated_at": "2026-05-17 00:57:50", "top_tier": 6, "top_league_name": "1. ŽNL (BBŽ)", "seasons": [{"league": "1. ŽNL (BBŽ)", "tier": 6, "league_county": "Bjelovarsko-bilogorska županija", "season": "hrnogomet-season-919", "source": "hrnogomet"}], "aliases": [{"alias": "NK Bilo", "source": "hrnogomet"}], "source_ids": [{"id": "1440", "source": "hrnogomet-id"}]}}, {"type": "Feature", "geometry": {"type": "Point", "coordinates": [16.9504646, 45.8582631]}, "properties": {"id": 386, "slug": "bilogora-k", "canonical_name": "NK Bilogora (K)", "short_name": "Bilogora", "fb_url": "https://www.facebook.com/nkbilogora/posts/-upisi-u-nogometnu-%C5%A1kolu-nogometni-klub-poziva-sve-dje%C4%8Dake-i-djevoj%C4%8Dice-da-nam-s/1322035443045518/", "created_at": "2026-05-16 22:02:48", "updated_at": "2026-05-17 00:57:53", "top_tier": 6, "top_league_name": "1. ŽNL (BBŽ)", "seasons": [{"league": "1. ŽNL (BBŽ)", "tier": 6, "league_county": "Bjelovarsko-bilogorska županija", "season": "hrnogomet-season-919", "source": "hrnogomet"}], "aliases": [{"alias": "NK Bilogora (K)", "source": "hrnogomet"}], "source_ids": [{"id": "1512", "source": "hrnogomet-id"}]}}, {"type": "Feature", "geometry": {"type": "Point", "coordinates": [17.1741882, 45.705039]}, "properties": {"id": 94, "slug": "bilogora-91", "canonical_name": "NK Bilogora 91", "short_name": "Bilogora", "city": "Grubišno Polje", "address": "Trg bana Josipa Jelačića br. 1, Grubišno Polje", "stadium_name": "NK Bilogora 91", "founded_year": 2011, "website": "https://semafor.hns.family/klubovi/4982/nk-bilogora-91/", "fb_url": "https://www.facebook.com/sharer/sharer.php?u=https%3a%2f%2fsemafor.hns.family%2fklubovi%2f4982%2fnk-bilogora-91%2f", "created_at": "2026-05-16 21:52:57", "updated_at": "2026-05-17 00:58:01", "top_tier": 4, "top_league_name": "3. NL - Sjever", "seasons": [{"league": "3. NL - Sjever", "tier": 4, "season": "25/26", "source": "sofascore"}, {"league": "4.NL BJ-KC-VT", "tier": 5, "season": "hrnogomet-season-512", "source": "hrnogomet"}], "aliases": [{"alias": "NK Bilogora 91", "source": "sofascore"}, {"alias": "Bilogora 91", "source": "sofascore"}, {"alias": "NK Bilogora 91", "source": "hrnogomet"}], "source_ids": [{"id": "1125", "source": "hrnogomet-id"}, {"id": "361703", "source": "sofascore-id"}]}}, {"type": "Feature", "geometry": {"type": "Point", "coordinates": [16.9961478, 46.0313365]}, "properties": {"id": 383, "slug": "bilogorac-vt", "canonical_name": "NK Bilogorac (VT)", "short_name": "Bilogorac", "city": "Veliko Trojstvo", "address": "Braće Radić b. b. 43226 Veliko Trojstvo", "stadium_name": "NK Bilogorac", "founded_year": 1921, "website": "https://semafor.hns.family/klubovi/1374/nk-bilogorac-vt/", "fb_url": "https://www.facebook.com/sharer/sharer.php?u=https%3a%2f%2fsemafor.hns.family%2fklubovi%2f1374%2fnk-bilogorac-vt%2f", "x_url": "https://twitter.com/home?status=https%3a%2f%2fsemafor.hns.family%2fklubovi%2f1374%2fnk-bilogorac-vt%2f", "created_at": "2026-05-16 22:02:48", "updated_at": "2026-05-17 00:58:09", "top_tier": 6, "top_league_name": "1. ŽNL (BBŽ)", "seasons": [{"league": "1. ŽNL (BBŽ)", "tier": 6, "league_county": "Bjelovarsko-bilogorska županija", "season": "hrnogomet-season-919", "source": "hrnogomet"}], "aliases": [{"alias": "NK Bilogorac (VT)", "source": "hrnogomet"}], "source_ids": [{"id": "1126", "source": "hrnogomet-id"}]}}, {"type": "Feature", "geometry": {"type": "Point", "coordinates": [15.8935939, 45.9380767]}, "properties": {"id": 71, "slug": "bistra", "canonical_name": "NK Bistra", "short_name": "Bistra", "city": "Donja Bistra", "address": "Sportska 1, 10298 Donja Bistra, Hrvatska", "website": "https://www.nk-bistra.hr", "email": "info@nk-bistra.hr", "phone": "+385 1 3391 - 260", "phone_e164": "+38513391260", "phone_kind": "landline", "created_at": "2026-05-16 21:50:07", "updated_at": "2026-05-17 00:58:18", "top_tier": 3, "top_league_name": "3. HNL Centar", "seasons": [{"league": "3. HNL Centar", "tier": 3, "season": "2021/22", "source": "sofascore"}, {"league": "3. NL - Centar", "tier": 4, "season": "25/26", "source": "sofascore"}], "aliases": [{"alias": "NK Bistra", "source": "sofascore"}, {"alias": "Bistra", "source": "sofascore"}], "source_ids": [{"id": "164368", "source": "sofascore-id"}]}}, {"type": "Feature", "geometry": {"type": "Point", "coordinates": [18.3966153, 45.696346]}, "properties": {"id": 653, "slug": "bistrinci", "canonical_name": "NK Bistrinci", "short_name": "Bistrinci", "city": "BISTRINCI", "county": "Osječko-baranjska županija", "address": "FISKULTURNA 35, 31551 BISTRINCI", "created_at": "2026-05-16 22:02:57", "updated_at": "2026-05-17 00:58:24", "top_tier": 8, "top_league_name": "3. ŽNL Valpovo (OBŽ)", "seasons": [{"league": "3. ŽNL Valpovo (OBŽ)", "tier": 8, "league_county": "Osječko-baranjska županija", "season": "hrnogomet-season-911", "source": "hrnogomet"}], "aliases": [{"alias": "NK Bistrinci", "source": "hrnogomet"}], "source_ids": [{"id": "3171", "source": "hrnogomet-id"}]}}, {"type": "Feature", "geometry": {"type": "Point", "coordinates": [16.8421977, 45.8986869]}, "properties": {"id": 34, "slug": "bjelovar", "canonical_name": "NK Bjelovar", "short_name": "Bjelovar", "city": "Bjelovar", "address": "Poljana Dr. Franje Tuđmana 5, 43 000 Bjelovar", "stadium_name": "Novi gradski stadion Bjelovar", "stadium_capacity": 4000, "founded_year": 1908, "website": "https://nkbjelovar.hr/", "email": "nk.bjelovar@gmail.com", "phone": "043/212-600", "phone_e164": "+38543212600", "phone_kind": "landline", "president": "Ivan Ščrbašić", "created_at": "2026-05-16 21:49:22", "updated_at": "2026-05-17 00:58:40", "top_tier": 3, "top_league_name": "2. NL", "seasons": [{"league": "2. NL", "tier": 3, "season": "25/26", "source": "sofascore"}, {"league": "3. HNL Sjever", "tier": 3, "season": "2021/22", "source": "sofascore"}], "aliases": [{"alias": "NK Bjelovar", "source": "sofascore"}, {"alias": "Bjelovar", "source": "sofascore"}], "source_ids": [{"id": "204268", "source": "sofascore-id"}]}}, {"type": "Feature", "geometry": {"type": "Point", "coordinates": [15.9121778, 45.7593387]}, "properties": {"id": 267, "slug": "blato", "canonical_name": "NK Blato", "short_name": "Blato", "city": "Zagreb", "county": "Grad Zagreb", "address": "Karlovačka cesta 195, 10020 Zagreb", "stadium_name": "Blato", "phone": "6141390", "phone_kind": "unknown", "fb_url": "https://www.facebook.com/sharer/sharer.php?u=https%3a%2f%2fsemafor.hns.family%2fen%2fclubs%2f645%2fnk-blato%2f", "x_url": "https://twitter.com/home?status=https%3a%2f%2fsemafor.hns.family%2fen%2fclubs%2f645%2fnk-blato%2f", "created_at": "2026-05-16 22:02:43", "updated_at": "2026-05-16 23:09:25", "top_tier": 6, "top_league_name": "1. Zagrebačka NL (Grad Zagreb)", "seasons": [{"league": "1. Zagrebačka NL (Grad Zagreb)", "tier": 6, "league_county": "Grad Zagreb", "season": "hrnogomet-season-938", "source": "hrnogomet"}], "aliases": [{"alias": "NK Blato", "source": "hrnogomet"}], "source_ids": [{"id": "1410", "source": "hrnogomet-id"}]}}, {"type": "Feature", "geometry": {"type": "Point", "coordinates": [16.8438483, 46.1863573]}, "properties": {"id": 137, "slug": "borac", "canonical_name": "NK Borac", "short_name": "Borac", "city": "Bakar", "county": "Koprivničko-križevačka županija", "address": "Primorje 39, 51222 Bakar, Hrvatska/Croatia", "email": "nogometni.klub.borac@ri.t-com.hr", "phone": "051 761-599", "phone_e164": "+38551761599", "phone_kind": "landline", "president": "Milan Rončević", "fb_url": "https://www.facebook.com/pages/NK-Borac/153712657995854", "created_at": "2026-05-16 22:02:39", "updated_at": "2026-05-17 00:58:47", "top_tier": 5, "top_league_name": "4.NL BJ-KC-VT", "seasons": [{"league": "4.NL BJ-KC-VT", "tier": 5, "season": "hrnogomet-season-512", "source": "hrnogomet"}, {"league": "1. ŽNL (SMŽ)", "tier": 6, "league_county": "Sisačko-moslavačka županija", "season": "hrnogomet-season-963", "source": "hrnogomet"}, {"league": "Elitna ŽNL (KKŽ)", "tier": 6, "league_county": "Koprivničko-križevačka županija", "season": "hrnogomet-season-929", "source": "hrnogomet"}], "aliases": [{"alias": "NK Borac", "source": "hrnogomet"}], "source_ids": [{"id": "5755", "source": "hrnogomet-id"}, {"id": "1484", "source": "hrnogomet-id"}]}}, {"type": "Feature", "geometry": {"type": "Point", "coordinates": [18.9099839, 44.9172329]}, "properties": {"id": 682, "slug": "borac-r", "canonical_name": "NK Borac (R)", "short_name": "Borac", "city": "Bakar", "county": "Vukovarsko-srijemska županija", "address": "Primorje 39, 51222 Bakar, Hrvatska/Croatia", "email": "nogometni.klub.borac@ri.t-com.hr", "phone": "051 761-599", "phone_e164": "+38551761599", "phone_kind": "landline", "president": "Milan Rončević", "fb_url": "https://www.facebook.com/pages/NK-Borac/153712657995854", "created_at": "2026-05-16 22:02:59", "updated_at": "2026-05-17 00:58:51", "top_tier": 7, "top_league_name": "2. ŽNL VK (VSŽ)", "seasons": [{"league": "2. ŽNL VK (VSŽ)", "tier": 7, "league_county": "Vukovarsko-srijemska županija", "season": "hrnogomet-season-959", "source": "hrnogomet"}], "aliases": [{"alias": "NK Borac (R)", "source": "hrnogomet"}], "source_ids": [{"id": "1354", "source": "hrnogomet-id"}]}}, {"type": "Feature", "geometry": {"type": "Point", "coordinates": [18.7330933, 45.7468515]}, "properties": {"id": 105, "slug": "borac-knezevi-vinogradi", "canonical_name": "NK Borac Kneževi Vinogradi", "short_name": "Borac (KV)", "city": "Kneževi Vinogradi", "address": "Hrvatske Republike 3, Kneževi Vinogradi", "founded_year": 1929, "website": "https://knezevi-vinogradi.hr", "phone": "+385 97 772 8134", "phone_e164": "+385977728134", "phone_kind": "mobile", "president": "Miroslav Aćimović", "created_at": "2026-05-16 21:53:10", "updated_at": "2026-05-17 00:59:00", "top_tier": 4, "top_league_name": "3. NL - Istok", "seasons": [{"league": "3. NL - Istok", "tier": 4, "season": "25/26", "source": "sofascore"}], "aliases": [{"alias": "NK Borac Kneževi Vinogradi", "source": "sofascore"}, {"alias": "Borac (KV)", "source": "sofascore"}], "source_ids": [{"id": "360320", "source": "sofascore-id"}]}}, {"type": "Feature", "geometry": {"type": "Point", "coordinates": [18.7638674, 45.3077669]}, "properties": {"id": 683, "slug": "borinci", "canonical_name": "NK Borinci", "short_name": "Borinci", "city": "Jarmina", "address": "A. Šenoe 5 a, 32280 Jarmina", "founded_year": 1949, "website": "https://semafor.hns.family/klubovi/40240/nk-borinci/", "created_at": "2026-05-16 22:02:59", "updated_at": "2026-05-17 00:59:08", "top_tier": 7, "top_league_name": "2. ŽNL VK (VSŽ)", "seasons": [{"league": "2. ŽNL VK (VSŽ)", "tier": 7, "league_county": "Vukovarsko-srijemska županija", "season": "hrnogomet-season-959", "source": "hrnogomet"}], "aliases": [{"alias": "NK Borinci", "source": "hrnogomet"}], "source_ids": [{"id": "1978", "source": "hrnogomet-id"}]}}, {"type": "Feature", "geometry": {"type": "Point", "coordinates": [18.2688263, 45.7117578]}, "properties": {"id": 645, "slug": "bockinci", "canonical_name": "NK Bočkinci", "short_name": "Bočkinci", "county": "Osječko-baranjska županija", "fb_url": "https://www.facebook.com/nkbockinci/?locale=hr_HR", "created_at": "2026-05-16 22:02:57", "updated_at": "2026-05-17 00:59:18", "top_tier": 7, "top_league_name": "2. ŽNL Donji Miholjac (OBŽ)", "seasons": [{"league": "2. ŽNL Donji Miholjac (OBŽ)", "tier": 7, "league_county": "Osječko-baranjska županija", "season": "hrnogomet-season-912", "source": "hrnogomet"}], "aliases": [{"alias": "NK Bočkinci", "source": "hrnogomet"}], "source_ids": [{"id": "2222", "source": "hrnogomet-id"}]}}, {"type": "Feature", "geometry": {"type": "Point", "coordinates": [16.3077649, 45.8269667]}, "properties": {"id": 217, "slug": "brcko", "canonical_name": "NK Brcko", "short_name": "Brcko", "city": "Brckovljani", "stadium_name": "Stadion NK Brcko", "website": "https://www.dugoselski-sport.hr/index.php", "phone": "01 2753 419, 01 2753 012", "phone_kind": "unknown", "president": "Josip Škara", "fb_url": "https://www.facebook.com/dugoselskakronika", "ig_url": "https://www.instagram.com/dugoselskakronika/?utm_source=ig_web_button_share_sheet&igshid=OGQ5ZDc2ODk2ZA%3D%3D", "created_at": "2026-05-16 22:02:41", "updated_at": "2026-05-17 00:59:50", "top_tier": 7, "top_league_name": "2. ŽNL - Istok (Zagrebačka)", "seasons": [{"league": "2. ŽNL - Istok (Zagrebačka)", "tier": 7, "league_county": "Zagrebačka županija", "season": "hrnogomet-season-899", "source": "hrnogomet"}], "aliases": [{"alias": "NK Brcko", "source": "hrnogomet"}], "source_ids": [{"id": "2029", "source": "hrnogomet-id"}]}}, {"type": "Feature", "geometry": {"type": "Point", "coordinates": [16.94559, 45.6048562]}, "properties": {"id": 385, "slug": "brestovac", "canonical_name": "NK Brestovac", "short_name": "Brestovac", "county": "Bjelovarsko-bilogorska županija", "fb_url": "https://www.facebook.com/nkbrestovac1928/?locale=hr_HR", "created_at": "2026-05-16 22:02:48", "updated_at": "2026-05-17 00:59:52", "top_tier": 6, "top_league_name": "1. ŽNL (BBŽ)", "seasons": [{"league": "1. ŽNL (BBŽ)", "tier": 6, "league_county": "Bjelovarsko-bilogorska županija", "season": "hrnogomet-season-919", "source": "hrnogomet"}], "aliases": [{"alias": "NK Brestovac", "source": "hrnogomet"}], "source_ids": [{"id": "1441", "source": "hrnogomet-id"}]}}, {"type": "Feature", "geometry": {"type": "Point", "coordinates": [15.9100676, 45.7277707]}, "properties": {"id": 268, "slug": "brezovica", "canonical_name": "NK Brezovica", "short_name": "Brezovica", "county": "Grad Zagreb", "fb_url": "https://www.facebook.com/nkbrezovica.zagreb/", "created_at": "2026-05-16 22:02:43", "updated_at": "2026-05-16 23:09:36", "top_tier": 6, "top_league_name": "1. Zagrebačka NL (Grad Zagreb)", "seasons": [{"league": "1. Zagrebačka NL (Grad Zagreb)", "tier": 6, "league_county": "Grad Zagreb", "season": "hrnogomet-season-938", "source": "hrnogomet"}], "aliases": [{"alias": "NK Brezovica", "source": "hrnogomet"}], "source_ids": [{"id": "1411", "source": "hrnogomet-id"}]}}, {"type": "Feature", "geometry": {"type": "Point", "coordinates": [18.9139733, 45.3628662]}, "properties": {"id": 676, "slug": "brsadin", "canonical_name": "NK Bršadin", "short_name": "Bršadin", "city": "Bršadin", "county": "Vukovarsko-srijemska županija", "address": "Đure Mitrovića 9a, 32222 Bršadin", "founded_year": 1932, "website": "https://semafor.hns.family/en/clubs/1603/nk-brsadin/", "fb_url": "https://www.facebook.com/sharer/sharer.php?u=https%3a%2f%2fsemafor.hns.family%2fen%2fclubs%2f1603%2fnk-brsadin%2f", "x_url": "https://twitter.com/home?status=https%3a%2f%2fsemafor.hns.family%2fen%2fclubs%2f1603%2fnk-brsadin%2f", "created_at": "2026-05-16 22:02:58", "updated_at": "2026-05-17 00:59:59", "top_tier": 6, "top_league_name": "1. ŽNL (VSŽ)", "seasons": [{"league": "1. ŽNL (VSŽ)", "tier": 6, "league_county": "Vukovarsko-srijemska županija", "season": "hrnogomet-season-958", "source": "hrnogomet"}], "aliases": [{"alias": "NK Bršadin", "source": "hrnogomet"}], "source_ids": [{"id": "1339", "source": "hrnogomet-id"}]}}, {"type": "Feature", "geometry": {"type": "Point", "coordinates": [16.8519325, 45.5827915]}, "properties": {"id": 423, "slug": "brsljanica", "canonical_name": "NK Bršljanica", "short_name": "Bršljanica", "city": "Velika Bršljanica", "county": "Bjelovarsko-bilogorska županija", "address": "V. Bršljanica b. b., 43280 Garešnica, Velika Bršljanica", "stadium_name": "NK Bršljanica", "founded_year": 2003, "website": "https://semafor.hns.family/klubovi/1421/nk-brsljanica/", "fb_url": "https://www.facebook.com/sharer/sharer.php?u=https%3a%2f%2fsemafor.hns.family%2fklubovi%2f1421%2fnk-brsljanica%2f", "x_url": "https://twitter.com/home?status=https%3a%2f%2fsemafor.hns.family%2fklubovi%2f1421%2fnk-brsljanica%2f", "created_at": "2026-05-16 22:02:49", "updated_at": "2026-05-17 01:00:11", "top_tier": 8, "top_league_name": "3. ŽNL JUG (BBŽ)", "seasons": [{"league": "3. ŽNL JUG (BBŽ)", "tier": 8, "league_county": "Bjelovarsko-bilogorska županija", "season": "hrnogomet-season-922", "source": "hrnogomet"}], "aliases": [{"alias": "NK Bršljanica", "source": "hrnogomet"}], "source_ids": [{"id": "1427", "source": "hrnogomet-id"}]}}, {"type": "Feature", "geometry": {"type": "Point", "coordinates": [17.9925026, 45.1728049]}, "properties": {"id": 511, "slug": "budainka-kolonija", "canonical_name": "NK Budainka Kolonija", "short_name": "Budainka", "county": "Brodsko-posavska županija", "created_at": "2026-05-16 22:02:52", "updated_at": "2026-05-16 22:17:41", "top_tier": 7, "top_league_name": "2. ŽNL Istok (BPŽ)", "seasons": [{"league": "2. ŽNL Istok (BPŽ)", "tier": 7, "league_county": "Brodsko-posavska županija", "season": "hrnogomet-season-901", "source": "hrnogomet"}], "aliases": [{"alias": "NK Budainka Kolonija", "source": "hrnogomet"}], "source_ids": [{"id": "1140", "source": "hrnogomet-id"}]}}, {"type": "Feature", "geometry": {"type": "Point", "coordinates": [13.6587529, 45.4083871]}, "properties": {"id": 111, "slug": "buje", "canonical_name": "NK Buje", "short_name": "Buje", "city": "Buje", "address": "Sportsko rekreacijska zona PP 21 52 460 Buje", "stadium_name": "Gradski stadion Buje", "stadium_capacity": 2000, "founded_year": 1994, "website": "https://semafor.hns.family/klubovi/2334/nk-buje/", "fb_url": "https://www.facebook.com/sharer/sharer.php?u=https%3a%2f%2fsemafor.hns.family%2fklubovi%2f2334%2fnk-buje%2f", "x_url": "https://twitter.com/home?status=https%3a%2f%2fsemafor.hns.family%2fklubovi%2f2334%2fnk-buje%2f", "created_at": "2026-05-16 21:53:19", "updated_at": "2026-05-17 01:01:28", "top_tier": 4, "top_league_name": "3. NL - Zapad", "seasons": [{"league": "3. NL - Zapad", "tier": 4, "season": "25/26", "source": "sofascore"}], "aliases": [{"alias": "NK Buje", "source": "sofascore"}, {"alias": "Buje", "source": "sofascore"}], "source_ids": [{"id": "327218", "source": "sofascore-id"}]}}, {"type": "Feature", "geometry": {"type": "Point", "coordinates": [16.7060825, 46.2854636]}, "properties": {"id": 328, "slug": "bukovcan", "canonical_name": "NK Bukovčan", "short_name": "Bukovčan", "city": "Mali Bukovec", "county": "Varaždinska županija", "address": "Pavleka Miškine 2, 42231 Mali Bukovec", "founded_year": 1927, "email": "snk.bukovcan27@gmail.com", "phone": "097/741-6481", "phone_e164": "+385977416481", "phone_kind": "mobile", "president": "Nikola Krušelj", "created_at": "2026-05-16 22:02:46", "updated_at": "2026-05-17 01:01:37", "top_tier": 8, "top_league_name": "3. ŽNL Ludbreg (VŽŽ)", "seasons": [{"league": "3. ŽNL Ludbreg (VŽŽ)", "tier": 8, "league_county": "Varaždinska županija", "season": "hrnogomet-season-956", "source": "hrnogomet"}], "aliases": [{"alias": "NK Bukovčan", "source": "hrnogomet"}], "source_ids": [{"id": "1284", "source": "hrnogomet-id"}]}}, {"type": "Feature", "geometry": {"type": "Point", "coordinates": [17.3580552, 45.8994698]}, "properties": {"id": 475, "slug": "busetina-1947", "canonical_name": "NK Bušetina 1947", "short_name": "Bušetina", "city": "Bušetina", "county": "Virovitičko-podravska županija", "address": "V. Nazora 2, Bušetina, 33404 ŠP. Bukovica", "website": "https://www.znsvpz.hr/klub/busetina-1947/25/", "phone": "0992081707", "phone_e164": "+385992081707", "phone_kind": "mobile", "president": "Hrvoje Majstorović", "created_at": "2026-05-16 22:02:51", "updated_at": "2026-05-17 01:01:45", "top_tier": 7, "top_league_name": "2. ŽNL ZAPAD (VPŽ)", "seasons": [{"league": "2. ŽNL ZAPAD (VPŽ)", "tier": 7, "league_county": "Virovitičko-podravska županija", "season": "hrnogomet-season-982", "source": "hrnogomet"}], "aliases": [{"alias": "NK Bušetina 1947", "source": "hrnogomet"}], "source_ids": [{"id": "3979", "source": "hrnogomet-id"}]}}, {"type": "Feature", "geometry": {"type": "Point", "coordinates": [17.1198123, 45.9350535]}, "properties": {"id": 369, "slug": "buspan", "canonical_name": "NK Bušpan", "short_name": "Bušpan", "city": "KOZAREVAC", "address": "ULICA DRAŽENA HORVATA 1, 48350 KOZAREVAC", "created_at": "2026-05-16 22:02:47", "updated_at": "2026-05-17 01:01:53", "top_tier": 7, "top_league_name": "2. ŽNL (KKŽ)", "seasons": [{"league": "2. ŽNL (KKŽ)", "tier": 7, "league_county": "Koprivničko-križevačka županija", "season": "hrnogomet-season-931", "source": "hrnogomet"}], "aliases": [{"alias": "NK Bušpan", "source": "hrnogomet"}], "source_ids": [{"id": "1513", "source": "hrnogomet-id"}]}}, {"type": "Feature", "geometry": {"type": "Point", "coordinates": [16.8383912, 45.8674588]}, "properties": {"id": 415, "slug": "bsk-brezovac", "canonical_name": "NK BŠK Brezovac", "short_name": "BŠK", "county": "Bjelovarsko-bilogorska županija", "address": "Športska ulica 5, Brezovac", "website": "https://sportskazajednicabjelovar.hr/", "email": "nk.bsk.brezovac@gmail.com", "phone": "098 811 183", "phone_e164": "+38598811183", "phone_kind": "mobile", "created_at": "2026-05-16 22:02:49", "updated_at": "2026-05-17 01:02:00", "top_tier": 8, "top_league_name": "3. ŽNL SJEVER (BBŽ)", "seasons": [{"league": "3. ŽNL SJEVER (BBŽ)", "tier": 8, "league_county": "Bjelovarsko-bilogorska županija", "season": "hrnogomet-season-923", "source": "hrnogomet"}], "aliases": [{"alias": "NK BŠK Brezovac", "source": "hrnogomet"}], "source_ids": [{"id": "1439", "source": "hrnogomet-id"}]}}, {"type": "Feature", "geometry": {"type": "Point", "coordinates": [15.7405192, 45.1597208]}, "properties": {"id": 307, "slug": "cetingrad", "canonical_name": "NK Cetingrad", "short_name": "Cetingrad", "county": "Karlovačka županija", "fb_url": "https://www.facebook.com/nkcetingrad/?locale=hr_HR", "created_at": "2026-05-16 22:02:44", "updated_at": "2026-05-17 01:02:16", "top_tier": 7, "top_league_name": "2. ŽNL (Karlovačka)", "seasons": [{"league": "2. ŽNL (Karlovačka)", "tier": 7, "league_county": "Karlovačka županija", "season": "hrnogomet-season-924", "source": "hrnogomet"}], "aliases": [{"alias": "NK Cetingrad", "source": "hrnogomet"}], "source_ids": [{"id": "1260", "source": "hrnogomet-id"}]}}, {"type": "Feature", "geometry": {"type": "Point", "coordinates": [16.0450862, 45.8544313]}, "properties": {"id": 262, "slug": "concordia", "canonical_name": "NK Concordia", "short_name": "Concordia", "city": "Zagreb", "county": "Grad Zagreb", "address": "Aleja hrvatske mladeži 2a, 10040 Zagreb", "website": "https://nkconcordia.wordpress.com/", "email": "nk.concordia@concor1.tcloud.hr", "phone": "01/2985-541", "phone_e164": "+38512985541", "phone_kind": "landline", "created_at": "2026-05-16 22:02:43", "updated_at": "2026-05-16 23:09:48", "top_tier": 6, "top_league_name": "1. Zagrebačka NL (Grad Zagreb)", "seasons": [{"league": "1. Zagrebačka NL (Grad Zagreb)", "tier": 6, "league_county": "Grad Zagreb", "season": "hrnogomet-season-938", "source": "hrnogomet"}], "aliases": [{"alias": "NK Concordia", "source": "hrnogomet"}], "source_ids": [{"id": "1412", "source": "hrnogomet-id"}]}}, {"type": "Feature", "geometry": {"type": "Point", "coordinates": [14.6927906, 45.1737049]}, "properties": {"id": 118, "slug": "crikvenica", "canonical_name": "NK Crikvenica", "short_name": "Crikvenica", "city": "Crikvenica", "stadium_name": "Gradski stadion Crikvenica", "stadium_capacity": 2050, "fb_url": "https://www.facebook.com/nkcrikvenica.hr/", "created_at": "2026-05-16 21:53:26", "updated_at": "2026-05-17 01:02:41", "top_tier": 4, "top_league_name": "3. NL - Zapad", "seasons": [{"league": "3. NL - Zapad", "tier": 4, "season": "25/26", "source": "sofascore"}], "aliases": [{"alias": "NK Crikvenica", "source": "sofascore"}, {"alias": "Crikvenica", "source": "sofascore"}], "source_ids": [{"id": "233062", "source": "sofascore-id"}]}}, {"type": "Feature", "geometry": {"type": "Point", "coordinates": [15.5362234, 45.4610183]}, "properties": {"id": 289, "slug": "croatia-78", "canonical_name": "NK Croatia '78", "short_name": "Croatia", "city": "Žakanje", "county": "Karlovačka županija", "address": "Žakanje 58 B, 47276 Žakanje", "stadium_name": "NK Croatia '78", "founded_year": 1998, "website": "https://semafor.hns.family/en/clubs/1716/nk-croatia-78/", "fb_url": "https://www.facebook.com/sharer/sharer.php?u=https%3a%2f%2fsemafor.hns.family%2fen%2fclubs%2f1716%2fnk-croatia-78%2f", "x_url": "https://twitter.com/home?status=https%3a%2f%2fsemafor.hns.family%2fen%2fclubs%2f1716%2fnk-croatia-78%2f", "created_at": "2026-05-16 22:02:44", "updated_at": "2026-05-17 01:03:01", "top_tier": 6, "top_league_name": "1. ŽNL (Karlovačka)", "seasons": [{"league": "1. ŽNL (Karlovačka)", "tier": 6, "league_county": "Karlovačka županija", "season": "hrnogomet-season-921", "source": "hrnogomet"}], "aliases": [{"alias": "NK Croatia '78", "source": "hrnogomet"}], "source_ids": [{"id": "1248", "source": "hrnogomet-id"}]}}, {"type": "Feature", "geometry": {"type": "Point", "coordinates": [19.0019676, 45.3524096]}, "properties": {"id": 669, "slug": "croatia-b", "canonical_name": "NK Croatia (B)", "short_name": "Croatia", "county": "Vukovarsko-srijemska županija", "created_at": "2026-05-16 22:02:58", "updated_at": "2026-05-16 22:18:42", "top_tier": 6, "top_league_name": "1. ŽNL (VSŽ)", "seasons": [{"league": "1. ŽNL (VSŽ)", "tier": 6, "league_county": "Vukovarsko-srijemska županija", "season": "hrnogomet-season-958", "source": "hrnogomet"}], "aliases": [{"alias": "NK Croatia (B)", "source": "hrnogomet"}], "source_ids": [{"id": "1340", "source": "hrnogomet-id"}]}}, {"type": "Feature", "geometry": {"type": "Point", "coordinates": [17.6777848, 45.3353016]}, "properties": {"id": 502, "slug": "croatia-do", "canonical_name": "NK Croatia (DO)", "short_name": "Croatia", "city": "Stara Subocka", "county": "Požeško-slavonska županija", "address": "Stara Subocka b. b., 44330 Novska Stara Subocka", "stadium_name": "NK Croatia", "founded_year": 1973, "website": "https://semafor.hns.family/en/clubs/1084/nk-croatia/", "fb_url": "https://www.facebook.com/sharer/sharer.php?u=https%3a%2f%2fsemafor.hns.family%2fen%2fclubs%2f1084%2fnk-croatia%2f", "x_url": "https://twitter.com/home?status=https%3a%2f%2fsemafor.hns.family%2fen%2fclubs%2f1084%2fnk-croatia%2f", "created_at": "2026-05-16 22:02:52", "updated_at": "2026-05-17 01:03:23", "top_tier": 7, "top_league_name": "2. ŽNL (PSŽ)", "seasons": [{"league": "2. ŽNL (PSŽ)", "tier": 7, "league_county": "Požeško-slavonska županija", "season": "hrnogomet-season-925", "source": "hrnogomet"}], "aliases": [{"alias": "NK Croatia (DO)", "source": "hrnogomet"}], "source_ids": [{"id": "1718", "source": "hrnogomet-id"}]}}, {"type": "Feature", "geometry": {"type": "Point", "coordinates": [17.3845292, 45.8349096]}, "properties": {"id": 460, "slug": "croatia-g", "canonical_name": "NK Croatia (G)", "short_name": "Croatia", "city": "Grabrovnica", "county": "Virovitičko-podravska županija", "address": "Grabrovnica bb, 33405, Grabrovnica", "website": "https://hrvatskekarta.com/sportski-centar/viroviticko-podravska/nogometni-klub-croatia", "phone": "033 714 599", "phone_e164": "+38533714599", "phone_kind": "landline", "fb_url": "https://www.facebook.com/sharer.php?u=https://hrvatskekarta.com/sportski-centar/viroviticko-podravska/nogometni-klub-croatia/", "x_url": "https://twitter.com/share?url=https://hrvatskekarta.com/sportski-centar/viroviticko-podravska/nogometni-klub-croatia/&text=NOGOMETNI%20KLUB%20CROATIA", "created_at": "2026-05-16 22:02:50", "updated_at": "2026-05-17 01:03:32", "top_tier": 6, "top_league_name": "1. ŽNL (VPŽ)", "seasons": [{"league": "1. ŽNL (VPŽ)", "tier": 6, "league_county": "Virovitičko-podravska županija", "season": "hrnogomet-season-965", "source": "hrnogomet"}], "aliases": [{"alias": "NK Croatia (G)", "source": "hrnogomet"}], "source_ids": [{"id": "2085", "source": "hrnogomet-id"}]}}, {"type": "Feature", "geometry": {"type": "Point", "coordinates": [18.4124165, 45.3040641]}, "properties": {"id": 636, "slug": "croatia-m", "canonical_name": "NK Croatia (M)", "short_name": "Croatia", "city": "Velimirovac", "county": "Osječko-baranjska županija", "address": "BANA JELAČIĆA 53A, 31500, Velimirovac, Hrvatska", "founded_year": 1998, "phone": "031/691-246", "phone_e164": "+38531691246", "phone_kind": "landline", "president": "MARIJAN HRŽENJAK", "created_at": "2026-05-16 22:02:57", "updated_at": "2026-05-17 01:03:43", "top_tier": 7, "top_league_name": "2. ŽNL Valpovo (OBŽ)", "seasons": [{"league": "2. ŽNL Valpovo (OBŽ)", "tier": 7, "league_county": "Osječko-baranjska županija", "season": "hrnogomet-season-910", "source": "hrnogomet"}], "aliases": [{"alias": "NK Croatia (M)", "source": "hrnogomet"}], "source_ids": [{"id": "2248", "source": "hrnogomet-id"}]}}, {"type": "Feature", "geometry": {"type": "Point", "coordinates": [19.0019676, 45.3524096]}, "properties": {"id": 686, "slug": "croatia-nj", "canonical_name": "NK Croatia (NJ)", "short_name": "Croatia", "county": "Vukovarsko-srijemska županija", "created_at": "2026-05-16 22:02:59", "updated_at": "2026-05-16 22:18:49", "top_tier": 7, "top_league_name": "2. ŽNL VK (VSŽ)", "seasons": [{"league": "2. ŽNL VK (VSŽ)", "tier": 7, "league_county": "Vukovarsko-srijemska županija", "season": "hrnogomet-season-959", "source": "hrnogomet"}], "aliases": [{"alias": "NK Croatia (NJ)", "source": "hrnogomet"}], "source_ids": [{"id": "1355", "source": "hrnogomet-id"}]}}, {"type": "Feature", "geometry": {"type": "Point", "coordinates": [15.6575209, 45.3658443]}, "properties": {"id": 221, "slug": "croatia-nk", "canonical_name": "NK Croatia (NK)", "short_name": "Croatia", "address": "Stankovci 11, Stankovci", "website": "https://nk-croatia-stankovci.hr/", "email": "nk.croatia.stankovci@gmail.com", "phone": "0915475554", "phone_e164": "+385915475554", "phone_kind": "mobile", "fb_url": "https://www.facebook.com/nk.croatiastankovci/", "ig_url": "https://www.instagram.com/croatia_stankovci_/", "created_at": "2026-05-16 22:02:41", "updated_at": "2026-05-17 01:03:53", "top_tier": 7, "top_league_name": "2. ŽNL - Istok (Zagrebačka)", "seasons": [{"league": "2. ŽNL - Istok (Zagrebačka)", "tier": 7, "league_county": "Zagrebačka županija", "season": "hrnogomet-season-899", "source": "hrnogomet"}], "aliases": [{"alias": "NK Croatia (NK)", "source": "hrnogomet"}], "source_ids": [{"id": "2030", "source": "hrnogomet-id"}]}}, {"type": "Feature", "geometry": {"type": "Point", "coordinates": [15.6575209, 45.3658443]}, "properties": {"id": 213, "slug": "croatia-p", "canonical_name": "NK Croatia (P)", "short_name": "Croatia", "address": "Stankovci 11, Stankovci", "website": "https://nk-croatia-stankovci.hr/", "email": "nk.croatia.stankovci@gmail.com", "phone": "0915475554", "phone_e164": "+385915475554", "phone_kind": "mobile", "fb_url": "https://www.facebook.com/nk.croatiastankovci/", "ig_url": "https://www.instagram.com/croatia_stankovci_/", "created_at": "2026-05-16 22:02:41", "updated_at": "2026-05-17 01:03:53", "top_tier": 7, "top_league_name": "2. ŽNL - Zapad (Zagrebačka)", "seasons": [{"league": "2. ŽNL - Zapad (Zagrebačka)", "tier": 7, "league_county": "Zagrebačka županija", "season": "hrnogomet-season-898", "source": "hrnogomet"}], "aliases": [{"alias": "NK Croatia (P)", "source": "hrnogomet"}], "source_ids": [{"id": "1790", "source": "hrnogomet-id"}]}}, {"type": "Feature", "geometry": {"type": "Point", "coordinates": [16.11682, 43.6759752]}, "properties": {"id": 665, "slug": "croatia-s", "canonical_name": "NK Croatia (S)", "short_name": "Croatia", "city": "LIČKI OSIK", "county": "Šibensko-kninska županija", "address": "LIČKI OSIK 66", "stadium_name": "Nogometni stadion Marin Ćaćić", "email": "nkcroatia92.licki.osik@gmail.com", "phone": "099 541 8080", "phone_e164": "+385995418080", "phone_kind": "mobile", "president": "Ivica Tomljenović", "created_at": "2026-05-16 22:02:58", "updated_at": "2026-05-17 01:04:01", "top_tier": 6, "top_league_name": "1. ŽNL (ŠKŽ)", "seasons": [{"league": "1. ŽNL (ŠKŽ)", "tier": 6, "league_county": "Šibensko-kninska županija", "season": "hrnogomet-season-1008", "source": "hrnogomet"}], "aliases": [{"alias": "NK Croatia (S)", "source": "hrnogomet"}], "source_ids": [{"id": "4038", "source": "hrnogomet-id"}]}}, {"type": "Feature", "geometry": {"type": "Point", "coordinates": [18.4124165, 45.3040641]}, "properties": {"id": 660, "slug": "croatia-v", "canonical_name": "NK Croatia (V)", "short_name": "Croatia", "city": "Velimirovac", "county": "Osječko-baranjska županija", "address": "BANA JELAČIĆA 53A, 31500, Velimirovac, Hrvatska", "founded_year": 1998, "phone": "031/691-246", "phone_e164": "+38531691246", "phone_kind": "landline", "president": "MARIJAN HRŽENJAK", "created_at": "2026-05-16 22:02:57", "updated_at": "2026-05-17 01:04:01", "top_tier": 8, "top_league_name": "3. ŽNL Valpovo (OBŽ)", "seasons": [{"league": "3. ŽNL Valpovo (OBŽ)", "tier": 8, "league_county": "Osječko-baranjska županija", "season": "hrnogomet-season-911", "source": "hrnogomet"}], "aliases": [{"alias": "NK Croatia (V)", "source": "hrnogomet"}], "source_ids": [{"id": "2241", "source": "hrnogomet-id"}]}}, {"type": "Feature", "geometry": {"type": "Point", "coordinates": [15.9698468, 45.8097302]}, "properties": {"id": 286, "slug": "croatia-98", "canonical_name": "NK Croatia 98", "short_name": "Croatia", "county": "Grad Zagreb", "fb_url": "https://www.facebook.com/NogometniKlubCroatia98/", "created_at": "2026-05-16 22:02:43", "updated_at": "2026-05-16 23:09:49", "top_tier": 7, "top_league_name": "2. Zagrebačka NL (Grad Zagreb)", "seasons": [{"league": "2. Zagrebačka NL (Grad Zagreb)", "tier": 7, "league_county": "Grad Zagreb", "season": "hrnogomet-season-939", "source": "hrnogomet"}], "aliases": [{"alias": "NK Croatia 98", "source": "hrnogomet"}], "source_ids": [{"id": "1396", "source": "hrnogomet-id"}]}}, {"type": "Feature", "geometry": {"type": "Point", "coordinates": [16.7881302, 45.9156493]}, "properties": {"id": 410, "slug": "croatia-klokocevac", "canonical_name": "NK Croatia Klokočevac", "short_name": "Croatia", "city": "Bjelovar", "county": "Bjelovarsko-bilogorska županija", "address": "Klokočevac 93a Bjelovar", "website": "https://sportskazajednicabjelovar.hr/", "email": "zcanadija@gmail.com", "phone": "099 222 9690", "phone_e164": "+385992229690", "phone_kind": "mobile", "president": "Žarko Čanađija", "created_at": "2026-05-16 22:02:49", "updated_at": "2026-05-17 01:04:09", "top_tier": 8, "top_league_name": "3. ŽNL SJEVER (BBŽ)", "seasons": [{"league": "3. ŽNL SJEVER (BBŽ)", "tier": 8, "league_county": "Bjelovarsko-bilogorska županija", "season": "hrnogomet-season-923", "source": "hrnogomet"}], "aliases": [{"alias": "NK Croatia Klokočevac", "source": "hrnogomet"}], "source_ids": [{"id": "1469", "source": "hrnogomet-id"}]}}, {"type": "Feature", "geometry": {"type": "Point", "coordinates": [17.204907, 43.413972]}, "properties": {"id": 20, "slug": "croatia-zmijavci", "canonical_name": "NK Croatia Zmijavci", "short_name": "Croatia (Z)", "city": "Zmijavci", "stadium_name": "SRC Marijan Suto Mrma", "stadium_capacity": 1200, "founded_year": 1974, "created_at": "2026-05-16 21:49:06", "updated_at": "2026-05-16 21:52:45", "top_tier": 2, "top_league_name": "1. NL", "seasons": [{"league": "1. NL", "tier": 2, "season": "25/26", "source": "sofascore"}], "aliases": [{"alias": "NK Croatia Zmijavci", "source": "sofascore"}, {"alias": "Croatia (Z)", "source": "sofascore"}], "source_ids": [{"id": "217772", "source": "sofascore-id"}]}}, {"type": "Feature", "geometry": {"type": "Point", "coordinates": [16.5316966, 45.7233475]}, "properties": {"id": 419, "slug": "dapci", "canonical_name": "NK Dapci", "short_name": "Dapci", "city": "Dapci", "county": "Bjelovarsko-bilogorska županija", "address": "Dapci B. B., Čazma, 43240 Dapci", "stadium_name": "NK Dapci", "founded_year": 1977, "website": "https://semafor.hns.family/en/clubs/1387/nk-dapci/", "fb_url": "https://www.facebook.com/sharer/sharer.php?u=https%3a%2f%2fsemafor.hns.family%2fen%2fclubs%2f1387%2fnk-dapci%2f", "x_url": "https://twitter.com/home?status=https%3a%2f%2fsemafor.hns.family%2fen%2fclubs%2f1387%2fnk-dapci%2f", "created_at": "2026-05-16 22:02:49", "updated_at": "2026-05-17 01:05:51", "top_tier": 8, "top_league_name": "3. ŽNL SJEVER (BBŽ)", "seasons": [{"league": "3. ŽNL SJEVER (BBŽ)", "tier": 8, "league_county": "Bjelovarsko-bilogorska županija", "season": "hrnogomet-season-923", "source": "hrnogomet"}], "aliases": [{"alias": "NK Dapci", "source": "hrnogomet"}], "source_ids": [{"id": "1442", "source": "hrnogomet-id"}]}}, {"type": "Feature", "geometry": {"type": "Point", "coordinates": [18.6862709, 45.6224484]}, "properties": {"id": 40, "slug": "darda", "canonical_name": "NK Darda", "short_name": "Darda", "city": "Darda", "stadium_name": "Stadion Kraj Đole", "fb_url": "https://www.facebook.com/kontakt.hr/", "created_at": "2026-05-16 21:49:31", "updated_at": "2026-05-17 01:05:52", "top_tier": 3, "top_league_name": "3. HNL Istok", "seasons": [{"league": "3. HNL Istok", "tier": 3, "season": "2021/22", "source": "sofascore"}, {"league": "MŽNL Osijek - Vinkovci", "tier": 5, "season": "hrnogomet-season-918", "source": "hrnogomet"}], "aliases": [{"alias": "NK Darda", "source": "sofascore"}, {"alias": "Darda", "source": "sofascore"}, {"alias": "NK Darda", "source": "hrnogomet"}], "source_ids": [{"id": "1966", "source": "hrnogomet-id"}, {"id": "308676", "source": "sofascore-id"}]}}, {"type": "Feature", "geometry": {"type": "Point", "coordinates": [15.6688416, 46.147934]}, "properties": {"id": 255, "slug": "desinic", "canonical_name": "NK Desinić", "short_name": "Desinić", "county": "Krapinsko-zagorska županija", "fb_url": "https://www.facebook.com/nogometniklubdesinic/?locale=hr_HR", "created_at": "2026-05-16 22:02:43", "updated_at": "2026-05-17 01:05:53", "top_tier": 7, "top_league_name": "2. ŽNL (KZŽ)", "seasons": [{"league": "2. ŽNL (KZŽ)", "tier": 7, "league_county": "Krapinsko-zagorska županija", "season": "hrnogomet-season-927", "source": "hrnogomet"}], "aliases": [{"alias": "NK Desinić", "source": "hrnogomet"}], "source_ids": [{"id": "1841", "source": "hrnogomet-id"}]}}, {"type": "Feature", "geometry": {"type": "Point", "coordinates": [18.1536639, 45.2416141]}, "properties": {"id": 534, "slug": "dilj-k", "canonical_name": "NK Dilj (K)", "short_name": "Dilj", "county": "Brodsko-posavska županija", "created_at": "2026-05-16 22:02:53", "updated_at": "2026-05-16 22:17:50", "top_tier": 8, "top_league_name": "3. ŽNL Istok (BPŽ)", "seasons": [{"league": "3. ŽNL Istok (BPŽ)", "tier": 8, "league_county": "Brodsko-posavska županija", "season": "hrnogomet-season-934", "source": "hrnogomet"}], "aliases": [{"alias": "NK Dilj (K)", "source": "hrnogomet"}], "source_ids": [{"id": "1180", "source": "hrnogomet-id"}]}}, {"type": "Feature", "geometry": {"type": "Point", "coordinates": [18.4697753, 45.7553554]}, "properties": {"id": 609, "slug": "dinamo-bps", "canonical_name": "NK Dinamo (BPS)", "short_name": "Dinamo", "county": "Osječko-baranjska županija", "created_at": "2026-05-16 22:02:56", "updated_at": "2026-05-16 22:18:20", "top_tier": 7, "top_league_name": "2. ŽNL Beli Manastir (OBŽ)", "seasons": [{"league": "2. ŽNL Beli Manastir (OBŽ)", "tier": 7, "league_county": "Osječko-baranjska županija", "season": "hrnogomet-season-908", "source": "hrnogomet"}], "aliases": [{"alias": "NK Dinamo (BPS)", "source": "hrnogomet"}], "source_ids": [{"id": "1657", "source": "hrnogomet-id"}]}}, {"type": "Feature", "geometry": {"type": "Point", "coordinates": [16.782004, 45.9389337]}, "properties": {"id": 427, "slug": "dinamo-d", "canonical_name": "NK Dinamo (D)", "short_name": "Dinamo", "city": "Bjelovar", "county": "Bjelovarsko-bilogorska županija", "address": "Poljana Dr. Franje Tuđmana 5, 43 000 Bjelovar", "website": "https://nkbjelovar.hr/", "email": "nk.bjelovar@gmail.com", "phone": "043/212-600", "phone_e164": "+38543212600", "phone_kind": "landline", "president": "Ivan Ščrbašić", "created_at": "2026-05-16 22:02:49", "updated_at": "2026-05-17 01:06:22", "top_tier": 8, "top_league_name": "3. ŽNL JUG (BBŽ)", "seasons": [{"league": "3. ŽNL JUG (BBŽ)", "tier": 8, "league_county": "Bjelovarsko-bilogorska županija", "season": "hrnogomet-season-922", "source": "hrnogomet"}], "aliases": [{"alias": "NK Dinamo (D)", "source": "hrnogomet"}], "source_ids": [{"id": "1428", "source": "hrnogomet-id"}]}}, {"type": "Feature", "geometry": {"type": "Point", "coordinates": [16.6270566, 45.5713115]}, "properties": {"id": 153, "slug": "dinamo-o", "canonical_name": "NK Dinamo (O)", "short_name": "Dinamo", "city": "Sisak", "county": "Sisačko-moslavačka županija", "address": "Antuna Cuvaja 16/II kat, 44000 Sisak", "website": "https://nssmz.hr/", "email": "nssmz94@gmail.com", "phone": "044/540451", "phone_e164": "+38544540451", "phone_kind": "landline", "created_at": "2026-05-16 22:02:39", "updated_at": "2026-05-17 01:06:38", "top_tier": 7, "top_league_name": "2. ŽNL - NS Kutina (SMŽ)", "seasons": [{"league": "2. ŽNL - NS Kutina (SMŽ)", "tier": 7, "league_county": "Sisačko-moslavačka županija", "season": "hrnogomet-season-907", "source": "hrnogomet"}], "aliases": [{"alias": "NK Dinamo (O)", "source": "hrnogomet"}], "source_ids": [{"id": "1684", "source": "hrnogomet-id"}]}}, {"type": "Feature", "geometry": {"type": "Point", "coordinates": [16.5981068, 46.4288612]}, "properties": {"id": 97, "slug": "dinamo-domasinec", "canonical_name": "NK Dinamo Domašinec", "short_name": "Dinamo (D)", "city": "Domašinec", "stadium_name": "Kokotov Vez", "stadium_capacity": 1200, "fb_url": "https://www.facebook.com/dinamodomasinec/about/", "created_at": "2026-05-16 21:53:00", "updated_at": "2026-05-17 01:06:57", "top_tier": 4, "top_league_name": "3. NL - Sjever", "seasons": [{"league": "3. NL - Sjever", "tier": 4, "season": "25/26", "source": "sofascore"}], "aliases": [{"alias": "NK Dinamo Domašinec", "source": "sofascore"}, {"alias": "Dinamo (D)", "source": "sofascore"}], "source_ids": [{"id": "350944", "source": "sofascore-id"}]}}, {"type": "Feature", "geometry": {"type": "Point", "coordinates": [16.1184629, 45.7048175]}, "properties": {"id": 239, "slug": "dinamo-hidrel", "canonical_name": "NK Dinamo Hidrel", "short_name": "Dinamo", "city": "Novo Čiče", "county": "Zagrebačka županija", "founded_year": 1948, "website": "https://ns-vrbovec.hr/", "created_at": "2026-05-16 22:02:42", "updated_at": "2026-05-16 22:51:08", "top_tier": 6, "top_league_name": "J1. ŽNL  (Zagrebačka)", "seasons": [{"league": "J1. ŽNL  (Zagrebačka)", "tier": 6, "league_county": "Zagrebačka županija", "season": "hrnogomet-season-897", "source": "hrnogomet"}], "aliases": [{"alias": "NK Dinamo Hidrel", "source": "hrnogomet"}], "source_ids": [{"id": "1801", "source": "hrnogomet-id"}]}}, {"type": "Feature", "geometry": {"type": "Point", "coordinates": [15.9427463, 45.716544]}, "properties": {"id": 129, "slug": "dinamo-odranski-obrez", "canonical_name": "NK Dinamo Odranski Obrež", "short_name": "Dinamo (OO)", "website": "https://nkdinamo.hr", "created_at": "2026-05-16 21:53:39", "updated_at": "2026-05-17 01:07:07", "top_tier": 4, "top_league_name": "3. NL - Centar", "seasons": [{"league": "3. NL - Centar", "tier": 4, "season": "25/26", "source": "sofascore"}], "aliases": [{"alias": "NK Dinamo Odranski Obrež", "source": "sofascore"}, {"alias": "Dinamo (OO)", "source": "sofascore"}], "source_ids": [{"id": "202435", "source": "sofascore-id"}]}}, {"type": "Feature", "geometry": {"type": "Point", "coordinates": [16.782004, 45.9389337]}, "properties": {"id": 96, "slug": "dinamo-predavac", "canonical_name": "NK Dinamo Predavac", "short_name": "Dinamo (P)", "city": "Predavac", "address": "29. rujna 1, Predavac", "stadium_name": "Brana", "founded_year": 1959, "website": "https://semafor.hns.family/en/clubs/1378/nk-dinamo-predavac/", "fb_url": "https://www.facebook.com/sharer/sharer.php?u=https%3a%2f%2fsemafor.hns.family%2fen%2fclubs%2f1378%2fnk-dinamo-predavac%2f", "x_url": "https://twitter.com/home?status=https%3a%2f%2fsemafor.hns.family%2fen%2fclubs%2f1378%2fnk-dinamo-predavac%2f", "created_at": "2026-05-16 21:52:59", "updated_at": "2026-05-17 01:07:25", "top_tier": 4, "top_league_name": "3. NL - Sjever", "seasons": [{"league": "3. NL - Sjever", "tier": 4, "season": "25/26", "source": "sofascore"}], "aliases": [{"alias": "NK Dinamo Predavac", "source": "sofascore"}, {"alias": "Dinamo (P)", "source": "sofascore"}], "source_ids": [{"id": "361706", "source": "sofascore-id"}]}}, {"type": "Feature", "geometry": {"type": "Point", "coordinates": [16.3829092, 44.0624764]}, "properties": {"id": 664, "slug": "dinara", "canonical_name": "NK Dinara", "short_name": "Dinara", "city": "Knin", "county": "Šibensko-kninska županija", "stadium_name": "Stadion NK Dinara", "founded_year": 1913, "website": "https://nkdinara.hr", "fb_url": "https://www.facebook.com/share/1A4iQHNmwz/", "ig_url": "https://www.instagram.com/nkdinara?igsh=cnU2NXZjdzZrNDh2&utm_source=qr", "created_at": "2026-05-16 22:02:58", "updated_at": "2026-05-17 01:07:35", "top_tier": 6, "top_league_name": "1. ŽNL (ŠKŽ)", "seasons": [{"league": "1. ŽNL (ŠKŽ)", "tier": 6, "league_county": "Šibensko-kninska županija", "season": "hrnogomet-season-1008", "source": "hrnogomet"}], "aliases": [{"alias": "NK Dinara", "source": "hrnogomet"}], "source_ids": [{"id": "2023", "source": "hrnogomet-id"}]}}, {"type": "Feature", "geometry": {"type": "Point", "coordinates": [15.2431631, 45.2824734]}, "properties": {"id": 293, "slug": "dobra-n", "canonical_name": "NK Dobra (N)", "short_name": "Dobra", "city": "Zagradci", "county": "Karlovačka županija", "address": "Zagradci 94, 47250 Zagradci, Netretić", "founded_year": 1969, "website": "https://semafor.hns.family/klubovi/1717/nk-dobra-n/", "fb_url": "https://www.facebook.com/sharer/sharer.php?u=https%3a%2f%2fsemafor.hns.family%2fklubovi%2f1717%2fnk-dobra-n%2f", "created_at": "2026-05-16 22:02:44", "updated_at": "2026-05-17 01:07:57", "top_tier": 6, "top_league_name": "1. ŽNL (Karlovačka)", "seasons": [{"league": "1. ŽNL (Karlovačka)", "tier": 6, "league_county": "Karlovačka županija", "season": "hrnogomet-season-921", "source": "hrnogomet"}], "aliases": [{"alias": "NK Dobra (N)", "source": "hrnogomet"}], "source_ids": [{"id": "1261", "source": "hrnogomet-id"}]}}, {"type": "Feature", "geometry": {"type": "Point", "coordinates": [15.2431631, 45.2824734]}, "properties": {"id": 297, "slug": "dobra-sp", "canonical_name": "NK Dobra (SP)", "short_name": "Dobra", "city": "Zagradci", "county": "Karlovačka županija", "address": "Zagradci 94, 47250 Zagradci, Netretić", "founded_year": 1969, "website": "https://semafor.hns.family/klubovi/1717/nk-dobra-n/", "fb_url": "https://www.facebook.com/sharer/sharer.php?u=https%3a%2f%2fsemafor.hns.family%2fklubovi%2f1717%2fnk-dobra-n%2f", "created_at": "2026-05-16 22:02:44", "updated_at": "2026-05-17 01:07:57", "top_tier": 7, "top_league_name": "2. ŽNL (Karlovačka)", "seasons": [{"league": "2. ŽNL (Karlovačka)", "tier": 7, "league_county": "Karlovačka županija", "season": "hrnogomet-season-924", "source": "hrnogomet"}], "aliases": [{"alias": "NK Dobra (SP)", "source": "hrnogomet"}], "source_ids": [{"id": "1249", "source": "hrnogomet-id"}]}}, {"type": "Feature", "geometry": {"type": "Point", "coordinates": [15.8078632, 45.5475671]}, "properties": {"id": 206, "slug": "donja-kupcina", "canonical_name": "NK Donja Kupčina", "short_name": "Donja", "city": "Donja Kupčina", "address": "Donja Kupčina 197, Pisarovina, 10451 Donja Kupčina", "stadium_name": "SC Donja Kupčina", "website": "https://semafor.hns.family/klubovi/1215/nk-donja-kupcina/", "fb_url": "https://www.facebook.com/sharer/sharer.php?u=https%3a%2f%2fsemafor.hns.family%2fklubovi%2f1215%2fnk-donja-kupcina%2f", "x_url": "https://twitter.com/home?status=https%3a%2f%2fsemafor.hns.family%2fklubovi%2f1215%2fnk-donja-kupcina%2f", "created_at": "2026-05-16 22:02:41", "updated_at": "2026-05-17 01:08:18", "top_tier": 7, "top_league_name": "2. ŽNL - Zapad (Zagrebačka)", "seasons": [{"league": "2. ŽNL - Zapad (Zagrebačka)", "tier": 7, "league_county": "Zagrebačka županija", "season": "hrnogomet-season-898", "source": "hrnogomet"}], "aliases": [{"alias": "NK Donja Kupčina", "source": "hrnogomet"}], "source_ids": [{"id": "1792", "source": "hrnogomet-id"}]}}, {"type": "Feature", "geometry": {"type": "Point", "coordinates": [16.2323638, 45.9113619]}, "properties": {"id": 218, "slug": "donja-zelina", "canonical_name": "NK Donja Zelina", "short_name": "Donja", "city": "Donja Zelina", "address": "Donja Zelina, 10382 Donja Zelina", "website": "https://nk-donja-zelina.hr/", "email": "nkdztajnik@gmail.com", "phone": "+385 92 335 3939", "phone_e164": "+385923353939", "phone_kind": "mobile", "fb_url": "https://facebook.com/nkdonjazelina", "created_at": "2026-05-16 22:02:41", "updated_at": "2026-05-17 01:08:27", "top_tier": 7, "top_league_name": "2. ŽNL - Istok (Zagrebačka)", "seasons": [{"league": "2. ŽNL - Istok (Zagrebačka)", "tier": 7, "league_county": "Zagrebačka županija", "season": "hrnogomet-season-899", "source": "hrnogomet"}], "aliases": [{"alias": "NK Donja Zelina", "source": "hrnogomet"}], "source_ids": [{"id": "2031", "source": "hrnogomet-id"}]}}, {"type": "Feature", "geometry": {"type": "Point", "coordinates": [14.4973005, 45.3230323]}, "properties": {"id": 440, "slug": "draga", "canonical_name": "NK Draga", "short_name": "Draga", "city": "Mošćenička Draga", "county": "Primorsko-goranska županija", "address": "Trg slobode 7, 51417 Mošćenička Draga", "stadium_name": "Slatina", "founded_year": 1996, "phone": "051 737-444", "phone_e164": "+38551737444", "phone_kind": "landline", "fb_url": "https://www.facebook.com/sharer/sharer.php?u=https%3a%2f%2fsemafor.hns.family%2fklubovi%2f1554%2fnk-draga%2f", "x_url": "https://twitter.com/home?status=https%3a%2f%2fsemafor.hns.family%2fklubovi%2f1554%2fnk-draga%2f", "created_at": "2026-05-16 22:02:49", "updated_at": "2026-05-17 01:08:49", "top_tier": 6, "top_league_name": "1. ŽNL (PGŽ)", "seasons": [{"league": "1. ŽNL (PGŽ)", "tier": 6, "league_county": "Primorsko-goranska županija", "season": "hrnogomet-season-995", "source": "hrnogomet"}], "aliases": [{"alias": "NK Draga", "source": "hrnogomet"}], "source_ids": [{"id": "1859", "source": "hrnogomet-id"}]}}, {"type": "Feature", "geometry": {"type": "Point", "coordinates": [16.6478669, 45.78451]}, "properties": {"id": 401, "slug": "draganec", "canonical_name": "NK Draganec", "short_name": "Draganec", "county": "Bjelovarsko-bilogorska županija", "fb_url": "https://www.facebook.com/nkdraganec1964/?locale=hr_HR", "created_at": "2026-05-16 22:02:48", "updated_at": "2026-05-17 01:09:09", "top_tier": 7, "top_league_name": "2. ŽNL (BBŽ)", "seasons": [{"league": "2. ŽNL (BBŽ)", "tier": 7, "league_county": "Bjelovarsko-bilogorska županija", "season": "hrnogomet-season-920", "source": "hrnogomet"}], "aliases": [{"alias": "NK Draganec", "source": "hrnogomet"}], "source_ids": [{"id": "1453", "source": "hrnogomet-id"}]}}, {"type": "Feature", "geometry": {"type": "Point", "coordinates": [15.59585, 45.5867112]}, "properties": {"id": 308, "slug": "draganic", "canonical_name": "NK Draganić", "short_name": "Draganić", "county": "Karlovačka županija", "founded_year": 1948, "website": "https://nkdraganic.hr", "created_at": "2026-05-16 22:02:44", "updated_at": "2026-05-17 01:09:27", "top_tier": 7, "top_league_name": "2. ŽNL (Karlovačka)", "seasons": [{"league": "2. ŽNL (Karlovačka)", "tier": 7, "league_county": "Karlovačka županija", "season": "hrnogomet-season-924", "source": "hrnogomet"}], "aliases": [{"alias": "NK Draganić", "source": "hrnogomet"}], "source_ids": [{"id": "1262", "source": "hrnogomet-id"}]}}, {"type": "Feature", "geometry": {"type": "Point", "coordinates": [15.9446673, 45.6642757]}, "properties": {"id": 274, "slug": "dragonozec", "canonical_name": "NK Dragonožec", "short_name": "Dragonožec", "city": "Zagreb", "county": "Grad Zagreb", "address": "Donjodragonoška cesta 30 10253 Zagreb", "stadium_name": "Donji Dragonožec", "founded_year": 2022, "website": "https://semafor.hns.family/klubovi/176096/nk-dragonozec/", "fb_url": "https://www.facebook.com/sharer/sharer.php?u=https%3a%2f%2fsemafor.hns.family%2fklubovi%2f176096%2fnk-dragonozec%2f", "x_url": "https://twitter.com/home?status=https%3a%2f%2fsemafor.hns.family%2fklubovi%2f176096%2fnk-dragonozec%2f", "created_at": "2026-05-16 22:02:43", "updated_at": "2026-05-16 23:09:57", "top_tier": 6, "top_league_name": "1. Zagrebačka NL (Grad Zagreb)", "seasons": [{"league": "1. Zagrebačka NL (Grad Zagreb)", "tier": 6, "league_county": "Grad Zagreb", "season": "hrnogomet-season-938", "source": "hrnogomet"}], "aliases": [{"alias": "NK Dragonožec", "source": "hrnogomet"}], "source_ids": [{"id": "3181", "source": "hrnogomet-id"}]}}, {"type": "Feature", "geometry": {"type": "Point", "coordinates": [17.3705085, 45.9685442]}, "properties": {"id": 457, "slug": "drava", "canonical_name": "NK Drava", "short_name": "Drava", "city": "Terezinom Polju", "county": "Virovitičko-podravska županija", "founded_year": 1946, "website": "https://www.icv.hr/", "email": "vijesti@icv.hr", "president": "Damir Kelin", "fb_url": "https://www.facebook.com/icvhr", "ig_url": "https://www.instagram.com/icv_hr/", "created_at": "2026-05-16 22:02:50", "updated_at": "2026-05-17 01:09:53", "top_tier": 6, "top_league_name": "1. ŽNL (VPŽ)", "seasons": [{"league": "1. ŽNL (VPŽ)", "tier": 6, "league_county": "Virovitičko-podravska županija", "season": "hrnogomet-season-965", "source": "hrnogomet"}], "aliases": [{"alias": "NK Drava", "source": "hrnogomet"}], "source_ids": [{"id": "2087", "source": "hrnogomet-id"}]}}, {"type": "Feature", "geometry": {"type": "Point", "coordinates": [16.9914726, 46.0649578]}, "properties": {"id": 348, "slug": "drava-np", "canonical_name": "NK Drava (NP)", "short_name": "Drava", "city": "Novigrad Podravski", "county": "Koprivničko-križevačka županija", "founded_year": 1922, "website": "https://www.novigrad-podravski.hr/", "email": "info@novigrad-podravski.hr", "phone": "048 832 133", "phone_e164": "+38548832133", "phone_kind": "landline", "president": "Martin Ljubić", "fb_url": "https://www.facebook.com/Op%C4%87ina-Novigrad-Podravski-120613151405306/", "created_at": "2026-05-16 22:02:47", "updated_at": "2026-05-17 01:10:18", "top_tier": 6, "top_league_name": "1. ŽNL (KKŽ)", "seasons": [{"league": "1. ŽNL (KKŽ)", "tier": 6, "league_county": "Koprivničko-križevačka županija", "season": "hrnogomet-season-930", "source": "hrnogomet"}], "aliases": [{"alias": "NK Drava (NP)", "source": "hrnogomet"}], "source_ids": [{"id": "1486", "source": "hrnogomet-id"}]}}, {"type": "Feature", "geometry": {"type": "Point", "coordinates": [16.9914726, 46.0649578]}, "properties": {"id": 354, "slug": "drava-ps", "canonical_name": "NK Drava (PS)", "short_name": "Drava", "city": "Novigrad Podravski", "county": "Koprivničko-križevačka županija", "founded_year": 1922, "website": "https://www.novigrad-podravski.hr/", "email": "info@novigrad-podravski.hr", "phone": "048 832 133", "phone_e164": "+38548832133", "phone_kind": "landline", "president": "Martin Ljubić", "fb_url": "https://www.facebook.com/Op%C4%87ina-Novigrad-Podravski-120613151405306/", "created_at": "2026-05-16 22:02:47", "updated_at": "2026-05-17 01:10:18", "top_tier": 6, "top_league_name": "1. ŽNL (KKŽ)", "seasons": [{"league": "1. ŽNL (KKŽ)", "tier": 6, "league_county": "Koprivničko-križevačka županija", "season": "hrnogomet-season-930", "source": "hrnogomet"}], "aliases": [{"alias": "NK Drava (PS)", "source": "hrnogomet"}], "source_ids": [{"id": "1498", "source": "hrnogomet-id"}]}}, {"type": "Feature", "geometry": {"type": "Point", "coordinates": [16.7313964, 46.3164146]}, "properties": {"id": 356, "slug": "drava-sp", "canonical_name": "NK Drava (SP)", "short_name": "Drava", "city": "Ptuj", "address": "Čučkova ulica 7, 2250 Ptuj", "website": "https://www.ns-drava.com/", "email": "info@ns-drava.com", "phone": "02/771-15-00", "phone_e164": "+38527711500", "phone_kind": "landline", "president": "Fredi KMETEC", "created_at": "2026-05-16 22:02:47", "updated_at": "2026-05-17 01:10:24", "top_tier": 8, "top_league_name": "3. ŽNL (KKŽ)", "seasons": [{"league": "3. ŽNL (KKŽ)", "tier": 8, "league_county": "Koprivničko-križevačka županija", "season": "hrnogomet-season-932", "source": "hrnogomet"}], "aliases": [{"alias": "NK Drava (SP)", "source": "hrnogomet"}], "source_ids": [{"id": "1514", "source": "hrnogomet-id"}]}}, {"type": "Feature", "geometry": {"type": "Point", "coordinates": [18.4815811, 45.6595827]}, "properties": {"id": 639, "slug": "drava-nard", "canonical_name": "NK Drava Nard", "short_name": "Drava", "city": "Valpovo", "county": "Osječko-baranjska županija", "address": "Valpovačka-31550VALPOVO-Croatia", "founded_year": 1998, "created_at": "2026-05-16 22:02:57", "updated_at": "2026-05-17 01:10:35", "top_tier": 7, "top_league_name": "2. ŽNL Valpovo (OBŽ)", "seasons": [{"league": "2. ŽNL Valpovo (OBŽ)", "tier": 7, "league_county": "Osječko-baranjska županija", "season": "hrnogomet-season-910", "source": "hrnogomet"}], "aliases": [{"alias": "NK Drava Nard", "source": "hrnogomet"}], "source_ids": [{"id": "2214", "source": "hrnogomet-id"}]}}, {"type": "Feature", "geometry": {"type": "Point", "coordinates": [16.0538098, 45.8367424]}, "properties": {"id": 189, "slug": "dubrava", "canonical_name": "NK Dubrava", "short_name": "Dubrava", "city": "Zagreb", "county": "Zagrebačka županija", "address": "Aleja Blaža Jurišića 2, 10040 Zagreb", "website": "http://nkdubrava.hr/", "email": "info@nkdubrava.hr", "phone": "00385 (0) 12932770", "phone_e164": "+38512932770", "phone_kind": "landline", "created_at": "2026-05-16 22:02:41", "updated_at": "2026-05-16 22:51:18", "top_tier": 6, "top_league_name": "Premier liga (Zagrebačka)", "seasons": [{"league": "Premier liga (Zagrebačka)", "tier": 6, "league_county": "Zagrebačka županija", "season": "hrnogomet-season-896", "source": "hrnogomet"}], "aliases": [{"alias": "NK Dubrava", "source": "hrnogomet"}], "source_ids": [{"id": "1802", "source": "hrnogomet-id"}]}}, {"type": "Feature", "geometry": {"type": "Point", "coordinates": [18.1554033, 45.1689901]}, "properties": {"id": 531, "slug": "dubrava-z", "canonical_name": "NK Dubrava (Z)", "short_name": "Dubrava", "county": "Brodsko-posavska županija", "created_at": "2026-05-16 22:02:53", "updated_at": "2026-05-16 22:17:49", "top_tier": 8, "top_league_name": "3. ŽNL Istok (BPŽ)", "seasons": [{"league": "3. ŽNL Istok (BPŽ)", "tier": 8, "league_county": "Brodsko-posavska županija", "season": "hrnogomet-season-934", "source": "hrnogomet"}], "aliases": [{"alias": "NK Dubrava (Z)", "source": "hrnogomet"}], "source_ids": [{"id": "1181", "source": "hrnogomet-id"}]}}, {"type": "Feature", "geometry": {"type": "Point", "coordinates": [16.054805, 45.837717]}, "properties": {"id": 13, "slug": "dubrava-tim-kabel-zagreb", "canonical_name": "NK Dubrava Tim Kabel", "short_name": "Dubrava", "city": "Zagreb", "address": "Aleja Blaža Jurišića 2, 10040 Zagreb", "stadium_name": "SRC Dubrava", "stadium_capacity": 1000, "founded_year": 1945, "website": "http://nkdubrava.hr/", "email": "info@nkdubrava.hr", "phone": "00385 (0) 12932770", "phone_e164": "+38512932770", "phone_kind": "landline", "created_at": "2026-05-16 21:48:59", "updated_at": "2026-05-17 01:10:53", "top_tier": 2, "top_league_name": "1. NL", "seasons": [{"league": "1. NL", "tier": 2, "season": "25/26", "source": "sofascore"}], "aliases": [{"alias": "NK Dubrava Tim Kabel", "source": "sofascore"}, {"alias": "Dubrava", "source": "sofascore"}], "source_ids": [{"id": "275770", "source": "sofascore-id"}]}}, {"type": "Feature", "geometry": {"type": "Point", "coordinates": [15.4976858, 45.4478475]}, "properties": {"id": 292, "slug": "duga-resa-1929", "canonical_name": "NK Duga Resa 1929", "short_name": "Duga", "city": "Duga Resa", "county": "Karlovačka županija", "address": "Dr. Ivana Banjavčića 7, 47250 Duga Resa", "stadium_name": "Gradski stadion Duga Resa", "founded_year": 2008, "website": "https://semafor.hns.family/en/clubs/5403/nk-duga-resa-1929/", "phone": "047 849049", "phone_e164": "+38547849049", "phone_kind": "landline", "fb_url": "https://www.facebook.com/sharer/sharer.php?u=https%3a%2f%2fsemafor.hns.family%2fen%2fclubs%2f5403%2fnk-duga-resa-1929%2f", "x_url": "https://twitter.com/home?status=https%3a%2f%2fsemafor.hns.family%2fen%2fclubs%2f5403%2fnk-duga-resa-1929%2f", "created_at": "2026-05-16 22:02:44", "updated_at": "2026-05-17 01:11:28", "top_tier": 6, "top_league_name": "1. ŽNL (Karlovačka)", "seasons": [{"league": "1. ŽNL (Karlovačka)", "tier": 6, "league_county": "Karlovačka županija", "season": "hrnogomet-season-921", "source": "hrnogomet"}], "aliases": [{"alias": "NK Duga Resa 1929", "source": "hrnogomet"}], "source_ids": [{"id": "1250", "source": "hrnogomet-id"}]}}, {"type": "Feature", "geometry": {"type": "Point", "coordinates": [16.237771, 45.8060388]}, "properties": {"id": 79, "slug": "dugo-selo", "canonical_name": "NK Dugo Selo", "short_name": "Dugo Selo", "city": "Dugo Selo", "address": "Dugo Selo, Ulica Đure Dubenika 2", "stadium_name": "GMS Dugo Selo", "website": "https://zsugds.hr/", "email": "nk.dugoselo@gmail.com", "phone": "091/254-5865", "phone_e164": "+385912545865", "phone_kind": "mobile", "president": "Lovro Darojković", "created_at": "2026-05-16 21:50:15", "updated_at": "2026-05-17 01:11:37", "top_tier": 3, "top_league_name": "2. NL", "seasons": [{"league": "2. NL", "tier": 3, "season": "25/26", "source": "sofascore"}, {"league": "3. HNL Centar", "tier": 3, "season": "2021/22", "source": "sofascore"}], "aliases": [{"alias": "NK Dugo Selo", "source": "sofascore"}, {"alias": "Dugo Selo", "source": "sofascore"}], "source_ids": [{"id": "89936", "source": "sofascore-id"}]}}, {"type": "Feature", "geometry": {"type": "Point", "coordinates": [16.573949, 43.588036]}, "properties": {"id": 16, "slug": "dugopolje", "canonical_name": "NK Dugopolje", "short_name": "Dugopolje", "city": "Dugopolje", "address": "Matice hrvatske 11, Dugopolje", "stadium_name": "Stadion Hrvatski vitezovi", "stadium_capacity": 5200, "founded_year": 1951, "website": "https://dalmatinskinogomet.hr/dugopolje/", "email": "tajnik@nkdugopolje.hr", "president": "Mario Smodlaka", "created_at": "2026-05-16 21:49:02", "updated_at": "2026-05-17 01:11:55", "top_tier": 2, "top_league_name": "1. NL", "seasons": [{"league": "1. NL", "tier": 2, "season": "25/26", "source": "sofascore"}], "aliases": [{"alias": "NK Dugopolje", "source": "sofascore"}, {"alias": "Dugopolje", "source": "sofascore"}], "source_ids": [{"id": "43918", "source": "sofascore-id"}]}}, {"type": "Feature", "geometry": {"type": "Point", "coordinates": [18.702667, 45.5601259]}, "properties": {"id": 624, "slug": "elektra", "canonical_name": "NK Elektra", "short_name": "Elektra", "county": "Osječko-baranjska županija", "fb_url": "https://www.facebook.com/nkelektra1930/?locale=hr_HR", "created_at": "2026-05-16 22:02:56", "updated_at": "2026-05-17 01:11:58", "top_tier": 7, "top_league_name": "2. ŽNL Osijek (OBŽ)", "seasons": [{"league": "2. ŽNL Osijek (OBŽ)", "tier": 7, "league_county": "Osječko-baranjska županija", "season": "hrnogomet-season-991", "source": "hrnogomet"}], "aliases": [{"alias": "NK Elektra", "source": "hrnogomet"}], "source_ids": [{"id": "2233", "source": "hrnogomet-id"}]}}, {"type": "Feature", "geometry": {"type": "Point", "coordinates": [17.7291335, 45.3565213]}, "properties": {"id": 499, "slug": "eminovci", "canonical_name": "NK Eminovci", "short_name": "Eminovci", "county": "Požeško-slavonska županija", "fb_url": "https://www.facebook.com/nk.eminovci1979/", "created_at": "2026-05-16 22:02:52", "updated_at": "2026-05-17 01:12:00", "top_tier": 7, "top_league_name": "2. ŽNL (PSŽ)", "seasons": [{"league": "2. ŽNL (PSŽ)", "tier": 7, "league_county": "Požeško-slavonska županija", "season": "hrnogomet-season-925", "source": "hrnogomet"}], "aliases": [{"alias": "NK Eminovci", "source": "hrnogomet"}], "source_ids": [{"id": "1702", "source": "hrnogomet-id"}]}}, {"type": "Feature", "geometry": {"type": "Point", "coordinates": [17.9733411, 45.5257313]}, "properties": {"id": 575, "slug": "fesk", "canonical_name": "NK FEŠK", "short_name": "FEŠK", "city": "Feričanci", "county": "Osječko-baranjska županija", "address": "Ul. Kolodvorska 5E, 31512, Feričanci, Croatia", "email": "info.nkfesk@gmail.com", "created_at": "2026-05-16 22:02:55", "updated_at": "2026-05-17 01:12:16", "top_tier": 6, "top_league_name": "1. ŽNL (OBŽ)", "seasons": [{"league": "1. ŽNL (OBŽ)", "tier": 6, "league_county": "Osječko-baranjska županija", "season": "hrnogomet-season-957", "source": "hrnogomet"}], "aliases": [{"alias": "NK FEŠK", "source": "hrnogomet"}], "source_ids": [{"id": "1608", "source": "hrnogomet-id"}]}}, {"type": "Feature", "geometry": {"type": "Point", "coordinates": [17.1928025, 46.0608291]}, "properties": {"id": 339, "slug": "ferdinandovac", "canonical_name": "NK Ferdinandovac", "short_name": "Ferdinandovac", "city": "Ferdinandovac", "address": "Društveni dom u Ferdinandovcu", "stadium_name": "nogometnog igralištu u Ferdinandovcu", "founded_year": 1948, "website": "https://www.ferdinandovac.hr", "phone": "098 901 14 66, 091 882 5941, 092 104-6168, 091 882-5941", "phone_kind": "unknown", "created_at": "2026-05-16 22:02:46", "updated_at": "2026-05-17 01:12:31", "top_tier": 5, "top_league_name": "4.NL BJ-KC-VT", "seasons": [{"league": "4.NL BJ-KC-VT", "tier": 5, "season": "hrnogomet-season-512", "source": "hrnogomet"}, {"league": "Elitna ŽNL (KKŽ)", "tier": 6, "league_county": "Koprivničko-križevačka županija", "season": "hrnogomet-season-929", "source": "hrnogomet"}], "aliases": [{"alias": "NK Ferdinandovac", "source": "hrnogomet"}], "source_ids": [{"id": "1130", "source": "hrnogomet-id"}]}}, {"type": "Feature", "geometry": {"type": "Point", "coordinates": [15.2244322, 45.2675976]}, "properties": {"id": 300, "slug": "frankopan-b", "canonical_name": "NK Frankopan (B)", "short_name": "Frankopan", "city": "Karlovac", "county": "Karlovačka županija", "address": "Brežani 9/b, 47000 Karlovac", "created_at": "2026-05-16 22:02:44", "updated_at": "2026-05-17 01:12:38", "top_tier": 7, "top_league_name": "2. ŽNL (Karlovačka)", "seasons": [{"league": "2. ŽNL (Karlovačka)", "tier": 7, "league_county": "Karlovačka županija", "season": "hrnogomet-season-924", "source": "hrnogomet"}], "aliases": [{"alias": "NK Frankopan (B)", "source": "hrnogomet"}], "source_ids": [{"id": "1263", "source": "hrnogomet-id"}]}}, {"type": "Feature", "geometry": {"type": "Point", "coordinates": [16.8313763, 45.8942294]}, "properties": {"id": 668, "slug": "frankopan-ra", "canonical_name": "NK Frankopan (RA)", "short_name": "Frankopan", "address": "Galdovačka 4c, SISAK", "email": "snk.frankopan1923@gmail.com", "created_at": "2026-05-16 22:02:58", "updated_at": "2026-05-17 01:12:45", "top_tier": 6, "top_league_name": "1. ŽNL (VSŽ)", "seasons": [{"league": "1. ŽNL (VSŽ)", "tier": 6, "league_county": "Vukovarsko-srijemska županija", "season": "hrnogomet-season-958", "source": "hrnogomet"}], "aliases": [{"alias": "NK Frankopan (RA)", "source": "hrnogomet"}], "source_ids": [{"id": "1979", "source": "hrnogomet-id"}]}}, {"type": "Feature", "geometry": {"type": "Point", "coordinates": [17.0595586, 46.2007791]}, "properties": {"id": 373, "slug": "fugaplast", "canonical_name": "NK Fugaplast", "short_name": "Fugaplast", "city": "Gola", "county": "Koprivničko-križevačka županija", "address": "Dravna bb, 48 331 G O L A", "founded_year": 2008, "email": "nenad.vrcek@gmail.com", "phone": "048/833-188, 048/833-104, Mob. 098/729-621", "phone_kind": "unknown", "president": "Krešimir Gal", "created_at": "2026-05-16 22:02:47", "updated_at": "2026-05-17 01:12:51", "top_tier": 7, "top_league_name": "2. ŽNL (KKŽ)", "seasons": [{"league": "2. ŽNL (KKŽ)", "tier": 7, "league_county": "Koprivničko-križevačka županija", "season": "hrnogomet-season-931", "source": "hrnogomet"}], "aliases": [{"alias": "NK Fugaplast", "source": "hrnogomet"}], "source_ids": [{"id": "1499", "source": "hrnogomet-id"}]}}, {"type": "Feature", "geometry": {"type": "Point", "coordinates": [43.55, 16.4]}, "properties": {"id": 134, "slug": "gosk-kastela-kastel-gomilica", "canonical_name": "NK GOŠK Kaštela", "short_name": "GOŠK Kaštela", "city": "Kastel Gomilica", "stadium_name": "SC Jure Bakotić 1", "website": "https://nkgoskkastela.hr", "president": "Toni Tarašić", "created_at": "2026-05-16 21:53:46", "updated_at": "2026-05-17 01:13:06", "top_tier": 4, "top_league_name": "3. NL - Jug", "seasons": [{"league": "3. NL - Jug", "tier": 4, "season": "25/26", "source": "sofascore"}], "aliases": [{"alias": "NK GOŠK Kaštela", "source": "sofascore"}, {"alias": "GOŠK Kaštela", "source": "sofascore"}], "source_ids": [{"id": "363119", "source": "sofascore-id"}]}}, {"type": "Feature", "geometry": {"type": "Point", "coordinates": [13.55806, 45.315]}, "properties": {"id": 62, "slug": "gosk-dubrovnik-1919-dubrovnik", "canonical_name": "NK GOŠK-Dubrovnik 1919", "short_name": "GOŠK-Dubrovnik", "city": "Dubrovnik", "address": "Kralja Tomislava 2, 20000 Dubrovnik", "stadium_name": "Gradski Stadion Lapad", "stadium_capacity": 3000, "founded_year": 2016, "website": "https://semafor.hns.family/klubovi/108384/nk-gosk-dubrovnik-1919/", "fb_url": "https://www.facebook.com/sharer/sharer.php?u=https%3a%2f%2fsemafor.hns.family%2fklubovi%2f108384%2fnk-gosk-dubrovnik-1919%2f", "x_url": "https://twitter.com/home?status=https%3a%2f%2fsemafor.hns.family%2fklubovi%2f108384%2fnk-gosk-dubrovnik-1919%2f", "created_at": "2026-05-16 21:49:55", "updated_at": "2026-05-17 01:13:16", "top_tier": 3, "top_league_name": "3. HNL Jug", "seasons": [{"league": "3. HNL Jug", "tier": 3, "season": "2021/22", "source": "sofascore"}, {"league": "3. NL - Jug", "tier": 4, "season": "25/26", "source": "sofascore"}], "aliases": [{"alias": "NK GOŠK-Dubrovnik 1919", "source": "sofascore"}, {"alias": "GOŠK-Dubrovnik", "source": "sofascore"}], "source_ids": [{"id": "79827", "source": "sofascore-id"}]}}, {"type": "Feature", "geometry": {"type": "Point", "coordinates": [18.0161918, 45.1931654]}, "properties": {"id": 540, "slug": "gaj-z", "canonical_name": "NK Gaj (Z)", "short_name": "Gaj", "county": "Brodsko-posavska županija", "fb_url": "https://www.facebook.com/nkgajbrodanci/", "created_at": "2026-05-16 22:02:53", "updated_at": "2026-05-17 01:13:17", "top_tier": 8, "top_league_name": "3. ŽNL Zapad (BPŽ)", "seasons": [{"league": "3. ŽNL Zapad (BPŽ)", "tier": 8, "league_county": "Brodsko-posavska županija", "season": "hrnogomet-season-935", "source": "hrnogomet"}], "aliases": [{"alias": "NK Gaj (Z)", "source": "hrnogomet"}], "source_ids": [{"id": "1190", "source": "hrnogomet-id"}]}}, {"type": "Feature", "geometry": {"type": "Point", "coordinates": [16.0444225, 46.0942745]}, "properties": {"id": 77, "slug": "gaj-mace", "canonical_name": "NK Gaj Mače", "short_name": "Gaj Mače", "city": "Mače", "founded_year": 1928, "created_at": "2026-05-16 21:50:13", "updated_at": "2026-05-17 01:13:30", "top_tier": 3, "top_league_name": "3. HNL Centar", "seasons": [{"league": "3. HNL Centar", "tier": 3, "season": "2021/22", "source": "sofascore"}, {"league": "3. NL - Centar", "tier": 4, "season": "25/26", "source": "sofascore"}], "aliases": [{"alias": "NK Gaj Mače", "source": "sofascore"}, {"alias": "Gaj Mače", "source": "sofascore"}], "source_ids": [{"id": "25525", "source": "sofascore-id"}]}}, {"type": "Feature", "geometry": {"type": "Point", "coordinates": [16.8524578, 45.8439994]}, "properties": {"id": 420, "slug": "galovac", "canonical_name": "NK Galovac", "short_name": "Galovac", "city": "Bjelovar", "county": "Bjelovarsko-bilogorska županija", "address": "Galovac b.b., 43000 Bjelovar, Galovac", "stadium_name": "NK Galovac", "founded_year": 1951, "website": "https://semafor.hns.family/en/clubs/1403/nk-galovac/", "fb_url": "https://www.facebook.com/sharer/sharer.php?u=https%3a%2f%2fsemafor.hns.family%2fen%2fclubs%2f1403%2fnk-galovac%2f", "x_url": "https://twitter.com/home?status=https%3a%2f%2fsemafor.hns.family%2fen%2fclubs%2f1403%2fnk-galovac%2f", "created_at": "2026-05-16 22:02:49", "updated_at": "2026-05-17 01:13:49", "top_tier": 8, "top_league_name": "3. ŽNL SJEVER (BBŽ)", "seasons": [{"league": "3. ŽNL SJEVER (BBŽ)", "tier": 8, "league_county": "Bjelovarsko-bilogorska županija", "season": "hrnogomet-season-923", "source": "hrnogomet"}], "aliases": [{"alias": "NK Galovac", "source": "hrnogomet"}], "source_ids": [{"id": "1470", "source": "hrnogomet-id"}]}}, {"type": "Feature", "geometry": {"type": "Point", "coordinates": [16.7566817, 45.6310066]}, "properties": {"id": 154, "slug": "garic-i", "canonical_name": "NK Garić (I)", "short_name": "Garić", "city": "Garešnica", "county": "Sisačko-moslavačka županija", "address": "Petra Svačića 11f,43280 Garešnica", "website": "https://www.znsvpz.hr/klub/garic/32/", "phone": "043531006", "phone_e164": "+38543531006", "phone_kind": "landline", "president": "Ivan Ribarić", "created_at": "2026-05-16 22:02:39", "updated_at": "2026-05-17 01:14:05", "top_tier": 7, "top_league_name": "2. ŽNL - NS Kutina (SMŽ)", "seasons": [{"league": "2. ŽNL - NS Kutina (SMŽ)", "tier": 7, "league_county": "Sisačko-moslavačka županija", "season": "hrnogomet-season-907", "source": "hrnogomet"}], "aliases": [{"alias": "NK Garić (I)", "source": "hrnogomet"}], "source_ids": [{"id": "1913", "source": "hrnogomet-id"}]}}, {"type": "Feature", "geometry": {"type": "Point", "coordinates": [16.941492, 45.5734822]}, "properties": {"id": 98, "slug": "garic-garesnica", "canonical_name": "NK Garić Garešnica", "short_name": "Garić", "city": "Garešnica", "address": "Petra Svačića 11f,43280 Garešnica", "website": "https://www.znsvpz.hr/klub/garic/32/", "phone": "043531006", "phone_e164": "+38543531006", "phone_kind": "landline", "president": "Ivan Ribarić", "created_at": "2026-05-16 21:53:01", "updated_at": "2026-05-17 01:14:06", "top_tier": 4, "top_league_name": "3. NL - Sjever", "seasons": [{"league": "3. NL - Sjever", "tier": 4, "season": "25/26", "source": "sofascore"}], "aliases": [{"alias": "NK Garić Garešnica", "source": "sofascore"}, {"alias": "Garić", "source": "sofascore"}], "source_ids": [{"id": "353720", "source": "sofascore-id"}]}}, {"type": "Feature", "geometry": {"type": "Point", "coordinates": [18.3246957, 45.7023377]}, "properties": {"id": 656, "slug": "gat", "canonical_name": "NK Gat", "short_name": "Gat", "city": "Gat", "county": "Osječko-baranjska županija", "address": "Kod kanala 2, 31554 Gat", "stadium_name": "Igralište NK Gat", "founded_year": 1978, "phone": "031/674-138", "phone_e164": "+38531674138", "phone_kind": "landline", "fb_url": "https://www.facebook.com/sharer/sharer.php?u=https%3a%2f%2fsemafor.hns.family%2fklubovi%2f1132%2fnk-gat%2f", "created_at": "2026-05-16 22:02:57", "updated_at": "2026-05-17 01:14:23", "top_tier": 8, "top_league_name": "3. ŽNL Valpovo (OBŽ)", "seasons": [{"league": "3. ŽNL Valpovo (OBŽ)", "tier": 8, "league_county": "Osječko-baranjska županija", "season": "hrnogomet-season-911", "source": "hrnogomet"}], "aliases": [{"alias": "NK Gat", "source": "hrnogomet"}], "source_ids": [{"id": "2228", "source": "hrnogomet-id"}]}}, {"type": "Feature", "geometry": {"type": "Point", "coordinates": [15.9494847, 45.7751587]}, "properties": {"id": 285, "slug": "gavran-2003", "canonical_name": "NK Gavran 2003", "short_name": "Gavran", "city": "Zagreb", "county": "Grad Zagreb", "address": "Lanište 9a, 10000 Zagreb", "stadium_name": "Savica", "founded_year": 2017, "website": "https://semafor.hns.family/en/clubs/120231/nk-gavran-2003/", "fb_url": "https://www.facebook.com/sharer/sharer.php?u=https%3a%2f%2fsemafor.hns.family%2fen%2fclubs%2f120231%2fnk-gavran-2003%2f", "x_url": "https://twitter.com/home?status=https%3a%2f%2fsemafor.hns.family%2fen%2fclubs%2f120231%2fnk-gavran-2003%2f", "created_at": "2026-05-16 22:02:43", "updated_at": "2026-05-16 23:10:05", "top_tier": 7, "top_league_name": "2. Zagrebačka NL (Grad Zagreb)", "seasons": [{"league": "2. Zagrebačka NL (Grad Zagreb)", "tier": 7, "league_county": "Grad Zagreb", "season": "hrnogomet-season-939", "source": "hrnogomet"}], "aliases": [{"alias": "NK Gavran 2003", "source": "hrnogomet"}], "source_ids": [{"id": "1398", "source": "hrnogomet-id"}]}}, {"type": "Feature", "geometry": {"type": "Point", "coordinates": [18.4505848, 45.5027537]}, "properties": {"id": 627, "slug": "gibarac-95", "canonical_name": "NK Gibarac 95", "short_name": "Gibarac", "city": "Čepinski Martinci", "county": "Osječko-baranjska županija", "address": "Bizovačka 2, Čepinski Martinci", "founded_year": 2002, "website": "https://semafor.hns.family/en/clubs/162/nk-gibarac-95/", "phone": "0955253383", "phone_e164": "+385955253383", "phone_kind": "mobile", "fb_url": "https://www.facebook.com/sharer/sharer.php?u=https%3a%2f%2fsemafor.hns.family%2fen%2fclubs%2f162%2fnk-gibarac-95%2f", "x_url": "https://twitter.com/home?status=https%3a%2f%2fsemafor.hns.family%2fen%2fclubs%2f162%2fnk-gibarac-95%2f", "created_at": "2026-05-16 22:02:56", "updated_at": "2026-05-17 01:14:36", "top_tier": 7, "top_league_name": "2. ŽNL Osijek (OBŽ)", "seasons": [{"league": "2. ŽNL Osijek (OBŽ)", "tier": 7, "league_county": "Osječko-baranjska županija", "season": "hrnogomet-season-991", "source": "hrnogomet"}], "aliases": [{"alias": "NK Gibarac 95", "source": "hrnogomet"}], "source_ids": [{"id": "2192", "source": "hrnogomet-id"}]}}, {"type": "Feature", "geometry": {"type": "Point", "coordinates": [15.1212537, 45.3359861]}, "properties": {"id": 451, "slug": "gomirje", "canonical_name": "NK Gomirje", "short_name": "Gomirje", "city": "Vrbovsko", "county": "Primorsko-goranska županija", "website": "http://www.vrbovsko.hr/ostalo/sport/nogometni-klub-gomirje", "created_at": "2026-05-16 22:02:50", "updated_at": "2026-05-17 01:15:06", "top_tier": 7, "top_league_name": "2. ŽNL (PGŽ)", "seasons": [{"league": "2. ŽNL (PGŽ)", "tier": 7, "league_county": "Primorsko-goranska županija", "season": "hrnogomet-season-996", "source": "hrnogomet"}], "aliases": [{"alias": "NK Gomirje", "source": "hrnogomet"}], "source_ids": [{"id": "1869", "source": "hrnogomet-id"}]}}, {"type": "Feature", "geometry": {"type": "Point", "coordinates": [17.0497322, 45.7515565]}, "properties": {"id": 394, "slug": "gordowa", "canonical_name": "NK Gordowa", "short_name": "Gordowa", "county": "Bjelovarsko-bilogorska županija", "fb_url": "https://www.facebook.com/nkgordowa/", "created_at": "2026-05-16 22:02:48", "updated_at": "2026-05-17 01:15:20", "top_tier": 6, "top_league_name": "1. ŽNL (BBŽ)", "seasons": [{"league": "1. ŽNL (BBŽ)", "tier": 6, "league_county": "Bjelovarsko-bilogorska županija", "season": "hrnogomet-season-919", "source": "hrnogomet"}], "aliases": [{"alias": "NK Gordowa", "source": "hrnogomet"}], "source_ids": [{"id": "1443", "source": "hrnogomet-id"}]}}, {"type": "Feature", "geometry": {"type": "Point", "coordinates": [16.3924291, 46.1097278]}, "properties": {"id": 375, "slug": "gornja-rijeka", "canonical_name": "NK Gornja Rijeka", "short_name": "Gornja", "city": "Gornja Rijeka", "county": "Koprivničko-križevačka županija", "address": "Trg Sidonije Rubido Erdody 3, 48268 Gornja Rijeka", "website": "https://semafor.hns.family/en/clubs/952/nk-gornja-rijeka/", "fb_url": "https://www.facebook.com/sharer/sharer.php?u=https%3a%2f%2fsemafor.hns.family%2fen%2fclubs%2f952%2fnk-gornja-rijeka%2f", "x_url": "https://twitter.com/home?status=https%3a%2f%2fsemafor.hns.family%2fen%2fclubs%2f952%2fnk-gornja-rijeka%2f", "created_at": "2026-05-16 22:02:47", "updated_at": "2026-05-17 01:15:29", "top_tier": 7, "top_league_name": "2. ŽNL (KKŽ)", "seasons": [{"league": "2. ŽNL (KKŽ)", "tier": 7, "league_county": "Koprivničko-križevačka županija", "season": "hrnogomet-season-931", "source": "hrnogomet"}], "aliases": [{"alias": "NK Gornja Rijeka", "source": "hrnogomet"}], "source_ids": [{"id": "1500", "source": "hrnogomet-id"}]}}, {"type": "Feature", "geometry": {"type": "Point", "coordinates": [17.5155693, 45.8562218]}, "properties": {"id": 469, "slug": "gradina", "canonical_name": "NK Gradina", "short_name": "Gradina", "city": "Gradina", "county": "Virovitičko-podravska županija", "address": "Gajeva 35, 33411 Gradina", "website": "https://www.znsvpz.hr/klub/gradina/29/", "phone": "098488947, 095 858 1886", "phone_kind": "unknown", "president": "Matić Ivan", "created_at": "2026-05-16 22:02:51", "updated_at": "2026-05-17 01:15:50", "top_tier": 7, "top_league_name": "2. ŽNL ZAPAD (VPŽ)", "seasons": [{"league": "2. ŽNL ZAPAD (VPŽ)", "tier": 7, "league_county": "Virovitičko-podravska županija", "season": "hrnogomet-season-982", "source": "hrnogomet"}], "aliases": [{"alias": "NK Gradina", "source": "hrnogomet"}], "source_ids": [{"id": "1323", "source": "hrnogomet-id"}]}}, {"type": "Feature", "geometry": {"type": "Point", "coordinates": [16.0376904, 45.7044885]}, "properties": {"id": 201, "slug": "gradici", "canonical_name": "NK Gradići", "short_name": "Gradići", "city": "Gradići", "address": "Matije Gupca 2, 10410 Gradići", "stadium_name": "ŠRC Gradići", "founded_year": 1949, "website": "https://semafor.hns.family/klubovi/1224/nk-gradici/", "fb_url": "https://www.facebook.com/sharer/sharer.php?u=https%3a%2f%2fsemafor.hns.family%2fklubovi%2f1224%2fnk-gradici%2f", "x_url": "https://twitter.com/home?status=https%3a%2f%2fsemafor.hns.family%2fklubovi%2f1224%2fnk-gradici%2f", "created_at": "2026-05-16 22:02:41", "updated_at": "2026-05-17 01:16:00", "top_tier": 6, "top_league_name": "Premier liga (Zagrebačka)", "seasons": [{"league": "Premier liga (Zagrebačka)", "tier": 6, "league_county": "Zagrebačka županija", "season": "hrnogomet-season-896", "source": "hrnogomet"}], "aliases": [{"alias": "NK Gradići", "source": "hrnogomet"}], "source_ids": [{"id": "1032", "source": "hrnogomet-id"}]}}, {"type": "Feature", "geometry": {"type": "Point", "coordinates": [17.9808798, 45.1777369]}, "properties": {"id": 341, "slug": "granicar-l", "canonical_name": "NK Graničar (L)", "short_name": "Graničar", "county": "Brodsko-posavska županija", "created_at": "2026-05-16 22:02:46", "updated_at": "2026-05-16 22:17:52", "top_tier": 5, "top_league_name": "4.NL BJ-KC-VT", "seasons": [{"league": "4.NL BJ-KC-VT", "tier": 5, "season": "hrnogomet-season-512", "source": "hrnogomet"}, {"league": "Elitna ŽNL (KKŽ)", "tier": 6, "league_county": "Koprivničko-križevačka županija", "season": "hrnogomet-season-929", "source": "hrnogomet"}, {"league": "3. ŽNL Zapad (BPŽ)", "tier": 8, "league_county": "Brodsko-posavska županija", "season": "hrnogomet-season-935", "source": "hrnogomet"}], "aliases": [{"alias": "NK Graničar (L)", "source": "hrnogomet"}], "source_ids": [{"id": "1131", "source": "hrnogomet-id"}, {"id": "1159", "source": "hrnogomet-id"}]}}, {"type": "Feature", "geometry": {"type": "Point", "coordinates": [17.9808798, 45.1777369]}, "properties": {"id": 547, "slug": "granicar-mm", "canonical_name": "NK Graničar (MM)", "short_name": "Graničar", "county": "Brodsko-posavska županija", "created_at": "2026-05-16 22:02:53", "updated_at": "2026-05-16 22:17:55", "top_tier": 8, "top_league_name": "3. ŽNL Zapad (BPŽ)", "seasons": [{"league": "3. ŽNL Zapad (BPŽ)", "tier": 8, "league_county": "Brodsko-posavska županija", "season": "hrnogomet-season-935", "source": "hrnogomet"}], "aliases": [{"alias": "NK Graničar (MM)", "source": "hrnogomet"}], "source_ids": [{"id": "1201", "source": "hrnogomet-id"}]}}, {"type": "Feature", "geometry": {"type": "Point", "coordinates": [16.516002, 45.9123463]}, "properties": {"id": 355, "slug": "granicar-nv", "canonical_name": "NK Graničar (NV)", "short_name": "Graničar", "address": "Stjepana Radića 6, Žlebina", "website": "https://www.gradina.hr/nogometni-klub-granicar/", "phone": "098/722-938", "phone_e164": "+38598722938", "phone_kind": "mobile", "president": "Dražen Jurković", "created_at": "2026-05-16 22:02:47", "updated_at": "2026-05-17 01:16:26", "top_tier": 6, "top_league_name": "1. ŽNL (KKŽ)", "seasons": [{"league": "1. ŽNL (KKŽ)", "tier": 6, "league_county": "Koprivničko-križevačka županija", "season": "hrnogomet-season-930", "source": "hrnogomet"}], "aliases": [{"alias": "NK Graničar (NV)", "source": "hrnogomet"}], "source_ids": [{"id": "1515", "source": "hrnogomet-id"}]}}, {"type": "Feature", "geometry": {"type": "Point", "coordinates": [17.9808798, 45.1777369]}, "properties": {"id": 522, "slug": "granicar-sk", "canonical_name": "NK Graničar (SK)", "short_name": "Graničar", "county": "Brodsko-posavska županija", "created_at": "2026-05-16 22:02:52", "updated_at": "2026-05-16 22:17:46", "top_tier": 7, "top_league_name": "2. ŽNL Zapad (BPŽ)", "seasons": [{"league": "2. ŽNL Zapad (BPŽ)", "tier": 7, "league_county": "Brodsko-posavska županija", "season": "hrnogomet-season-940", "source": "hrnogomet"}], "aliases": [{"alias": "NK Graničar (SK)", "source": "hrnogomet"}], "source_ids": [{"id": "1191", "source": "hrnogomet-id"}]}}, {"type": "Feature", "geometry": {"type": "Point", "coordinates": [17.9808798, 45.1777369]}, "properties": {"id": 557, "slug": "granicar-ss", "canonical_name": "NK Graničar (SŠ)", "short_name": "Graničar", "county": "Brodsko-posavska županija", "created_at": "2026-05-16 22:02:54", "updated_at": "2026-05-16 22:18:00", "top_tier": 6, "top_league_name": "1. ŽNL (BPŽ)", "seasons": [{"league": "1. ŽNL (BPŽ)", "tier": 6, "league_county": "Brodsko-posavska županija", "season": "hrnogomet-season-900", "source": "hrnogomet"}], "aliases": [{"alias": "NK Graničar (SŠ)", "source": "hrnogomet"}], "source_ids": [{"id": "1143", "source": "hrnogomet-id"}]}}, {"type": "Feature", "geometry": {"type": "Point", "coordinates": [17.9808798, 45.1777369]}, "properties": {"id": 528, "slug": "granicar-brodski-varos", "canonical_name": "NK Graničar Brodski Varoš", "short_name": "Graničar", "county": "Brodsko-posavska županija", "created_at": "2026-05-16 22:02:52", "updated_at": "2026-05-16 22:17:48", "top_tier": 7, "top_league_name": "2. ŽNL Zapad (BPŽ)", "seasons": [{"league": "2. ŽNL Zapad (BPŽ)", "tier": 7, "league_county": "Brodsko-posavska županija", "season": "hrnogomet-season-940", "source": "hrnogomet"}], "aliases": [{"alias": "NK Graničar Brodski Varoš", "source": "hrnogomet"}], "source_ids": [{"id": "697", "source": "hrnogomet-id"}]}}, {"type": "Feature", "geometry": {"type": "Point", "coordinates": [16.8145703, 46.3483305]}, "properties": {"id": 92, "slug": "granicar-kotoriba", "canonical_name": "NK Graničar Kotoriba", "short_name": "Graničar (K)", "city": "Kotoriba", "stadium_name": "Sportski Centar Graničar", "stadium_capacity": 2000, "fb_url": "https://www.facebook.com/granicarkotoriba/about/", "created_at": "2026-05-16 21:52:55", "updated_at": "2026-05-17 01:16:35", "top_tier": 4, "top_league_name": "3. NL - Sjever", "seasons": [{"league": "3. NL - Sjever", "tier": 4, "season": "25/26", "source": "sofascore"}], "aliases": [{"alias": "NK Graničar Kotoriba", "source": "sofascore"}, {"alias": "Graničar (K)", "source": "sofascore"}], "source_ids": [{"id": "350945", "source": "sofascore-id"}]}}, {"type": "Feature", "geometry": {"type": "Point", "coordinates": [17.0731144, 46.0436624]}, "properties": {"id": 100, "slug": "granicar-durdevac", "canonical_name": "NK Graničar Đurđevac", "short_name": "Graničar (Đ)", "city": "Đurđevac", "website": "https://www.znsvpz.hr/klub/granicar-d/70/", "created_at": "2026-05-16 21:53:03", "updated_at": "2026-05-17 01:16:43", "top_tier": 4, "top_league_name": "3. NL - Sjever", "seasons": [{"league": "3. NL - Sjever", "tier": 4, "season": "25/26", "source": "sofascore"}], "aliases": [{"alias": "NK Graničar Đurđevac", "source": "sofascore"}, {"alias": "Graničar (Đ)", "source": "sofascore"}], "source_ids": [{"id": "342187", "source": "sofascore-id"}]}}, {"type": "Feature", "geometry": {"type": "Point", "coordinates": [18.6924678, 45.0764002]}, "properties": {"id": 44, "slug": "granicar-zupanja", "canonical_name": "NK Graničar Županja", "short_name": "Graničar", "city": "Županja", "address": "Strossmayerova 49, 32270 Županja", "stadium_name": "Spomen Stadion Prvog Igranja Nogometa u Hrvatskoj ", "founded_year": 1920, "phone": "032 831 200", "phone_e164": "+38532831200", "phone_kind": "landline", "fb_url": "https://www.facebook.com/sharer/sharer.php?u=https%3a%2f%2fsemafor.hns.family%2fklubovi%2f1441%2fnk-granicar-zupanja%2f", "x_url": "https://twitter.com/home?status=https%3a%2f%2fsemafor.hns.family%2fklubovi%2f1441%2fnk-granicar-zupanja%2f", "created_at": "2026-05-16 21:49:35", "updated_at": "2026-05-17 01:16:54", "top_tier": 3, "top_league_name": "3. HNL Istok", "seasons": [{"league": "3. HNL Istok", "tier": 3, "season": "2021/22", "source": "sofascore"}, {"league": "MŽNL Osijek - Vinkovci", "tier": 5, "season": "hrnogomet-season-918", "source": "hrnogomet"}], "aliases": [{"alias": "NK Graničar Županja", "source": "sofascore"}, {"alias": "Graničar", "source": "sofascore"}, {"alias": "NK Graničar Županja", "source": "hrnogomet"}], "source_ids": [{"id": "1066", "source": "hrnogomet-id"}, {"id": "324546", "source": "sofascore-id"}]}}, {"type": "Feature", "geometry": {"type": "Point", "coordinates": [14.3780105, 45.3505999]}, "properties": {"id": 446, "slug": "grbci-2000", "canonical_name": "NK Grbci 2000", "short_name": "Grbci", "city": "Rijeka", "county": "Primorsko-goranska županija", "address": "Dražička 4, 51000 Rijeka", "stadium_name": "SRC Belveder", "founded_year": 2004, "phone": "051 624-095", "phone_e164": "+38551624095", "phone_kind": "landline", "fb_url": "https://www.facebook.com/sharer/sharer.php?u=https%3a%2f%2fsemafor.hns.family%2fklubovi%2f1591%2fnk-grbci-2000%2f", "created_at": "2026-05-16 22:02:49", "updated_at": "2026-05-17 01:17:02", "top_tier": 6, "top_league_name": "1. ŽNL (PGŽ)", "seasons": [{"league": "1. ŽNL (PGŽ)", "tier": 6, "league_county": "Primorsko-goranska županija", "season": "hrnogomet-season-995", "source": "hrnogomet"}], "aliases": [{"alias": "NK Grbci 2000", "source": "hrnogomet"}], "source_ids": [{"id": "3189", "source": "hrnogomet-id"}]}}, {"type": "Feature", "geometry": {"type": "Point", "coordinates": [14.5004081, 45.3467766]}, "properties": {"id": 90, "slug": "grobnican-mavrinci", "canonical_name": "NK Grobničan", "short_name": "Grobničan", "city": "Mavrinci", "stadium_name": "Stadion Mavrinci", "stadium_capacity": 3000, "fb_url": "https://www.facebook.com/nkgrobnicancavle/", "created_at": "2026-05-16 21:52:51", "updated_at": "2026-05-17 01:17:05", "top_tier": 3, "top_league_name": "2. NL", "seasons": [{"league": "2. NL", "tier": 3, "season": "25/26", "source": "sofascore"}], "aliases": [{"alias": "NK Grobničan", "source": "sofascore"}, {"alias": "Grobničan", "source": "sofascore"}], "source_ids": [{"id": "202031", "source": "sofascore-id"}]}}, {"type": "Feature", "geometry": {"type": "Point", "coordinates": [18.4907538, 45.1618173]}, "properties": {"id": 549, "slug": "gundinci", "canonical_name": "NK Gundinci", "short_name": "Gundinci", "city": "Gundinci", "county": "Brodsko-posavska županija", "address": "Stjepana Radića 4, 35222 Gundinci", "website": "https://nkgundinci.hr/", "email": "nkgundinci@gmail.com", "phone": "+38597 6487 374", "phone_e164": "+385976487374", "phone_kind": "mobile", "fb_url": "https://www.facebook.com/nkgundinci", "ig_url": "https://www.instagram.com/nkgundinci?igsh=emJobGJpZmtmZThz", "created_at": "2026-05-16 22:02:54", "updated_at": "2026-05-17 01:17:13", "top_tier": 6, "top_league_name": "1. ŽNL (BPŽ)", "seasons": [{"league": "1. ŽNL (BPŽ)", "tier": 6, "league_county": "Brodsko-posavska županija", "season": "hrnogomet-season-900", "source": "hrnogomet"}], "aliases": [{"alias": "NK Gundinci", "source": "hrnogomet"}], "source_ids": [{"id": "1168", "source": "hrnogomet-id"}]}}, {"type": "Feature", "geometry": {"type": "Point", "coordinates": [15.8649944, 45.3556367]}, "properties": {"id": 164, "slug": "gvozd", "canonical_name": "NK Gvozd", "short_name": "Gvozd", "city": "Vrginmost", "county": "Sisačko-moslavačka županija", "founded_year": 1996, "website": "https://www.gvozd.hr/kultura-i-sport/nk-gvozd/", "created_at": "2026-05-16 22:02:40", "updated_at": "2026-05-17 01:17:25", "top_tier": 7, "top_league_name": "2. ŽNL - NS Sisak (SMŽ)", "seasons": [{"league": "2. ŽNL - NS Sisak (SMŽ)", "tier": 7, "league_county": "Sisačko-moslavačka županija", "season": "hrnogomet-season-964", "source": "hrnogomet"}], "aliases": [{"alias": "NK Gvozd", "source": "hrnogomet"}], "source_ids": [{"id": "1926", "source": "hrnogomet-id"}]}}, {"type": "Feature", "geometry": {"type": "Point", "coordinates": [17.0646813, 45.7994716]}, "properties": {"id": 393, "slug": "hajduk-h", "canonical_name": "NK Hajduk (H)", "short_name": "Hajduk", "city": "Bjelovar", "county": "Bjelovarsko-bilogorska županija", "address": "Lipovo Brdo, Bjelovar", "founded_year": 1969, "website": "https://semafor.hns.family/en/clubs/1417/hnk-hajduk-lb/", "fb_url": "https://www.facebook.com/sharer/sharer.php?u=https%3a%2f%2fsemafor.hns.family%2fen%2fclubs%2f1417%2fhnk-hajduk-lb%2f", "x_url": "https://twitter.com/home?status=https%3a%2f%2fsemafor.hns.family%2fen%2fclubs%2f1417%2fhnk-hajduk-lb%2f", "created_at": "2026-05-16 22:02:48", "updated_at": "2026-05-17 01:17:43", "top_tier": 6, "top_league_name": "1. ŽNL (BBŽ)", "seasons": [{"league": "1. ŽNL (BBŽ)", "tier": 6, "league_county": "Bjelovarsko-bilogorska županija", "season": "hrnogomet-season-919", "source": "hrnogomet"}], "aliases": [{"alias": "NK Hajduk (H)", "source": "hrnogomet"}], "source_ids": [{"id": "1444", "source": "hrnogomet-id"}]}}, {"type": "Feature", "geometry": {"type": "Point", "coordinates": [18.2829035, 45.6659547]}, "properties": {"id": 577, "slug": "hajduk-m", "canonical_name": "NK Hajduk (M)", "short_name": "Hajduk", "county": "Osječko-baranjska županija", "created_at": "2026-05-16 22:02:55", "updated_at": "2026-05-16 22:18:07", "top_tier": 6, "top_league_name": "1. ŽNL (OBŽ)", "seasons": [{"league": "1. ŽNL (OBŽ)", "tier": 6, "league_county": "Osječko-baranjska županija", "season": "hrnogomet-season-957", "source": "hrnogomet"}], "aliases": [{"alias": "NK Hajduk (M)", "source": "hrnogomet"}], "source_ids": [{"id": "1613", "source": "hrnogomet-id"}]}}, {"type": "Feature", "geometry": {"type": "Point", "coordinates": [18.2829035, 45.6659547]}, "properties": {"id": 565, "slug": "hajduk-p", "canonical_name": "NK Hajduk (P)", "short_name": "Hajduk", "county": "Osječko-baranjska županija", "created_at": "2026-05-16 22:02:54", "updated_at": "2026-05-16 22:18:08", "top_tier": 6, "top_league_name": "1. ŽNL (OBŽ)", "seasons": [{"league": "1. ŽNL (OBŽ)", "tier": 6, "league_county": "Osječko-baranjska županija", "season": "hrnogomet-season-957", "source": "hrnogomet"}, {"league": "1. ŽNL (Zadarska)", "tier": 6, "league_county": "Zadarska županija", "season": "hrnogomet-season-1003", "source": "hrnogomet"}], "aliases": [{"alias": "NK Hajduk (P)", "source": "hrnogomet"}], "source_ids": [{"id": "2014", "source": "hrnogomet-id"}, {"id": "1614", "source": "hrnogomet-id"}]}}, {"type": "Feature", "geometry": {"type": "Point", "coordinates": [18.2829035, 45.6659547]}, "properties": {"id": 593, "slug": "hajduk-sp", "canonical_name": "NK Hajduk (ŠP)", "short_name": "Hajduk", "county": "Osječko-baranjska županija", "created_at": "2026-05-16 22:02:55", "updated_at": "2026-05-16 22:18:14", "top_tier": 7, "top_league_name": "2. ŽNL Đakovo (OBŽ)", "seasons": [{"league": "2. ŽNL Đakovo (OBŽ)", "tier": 7, "league_county": "Osječko-baranjska županija", "season": "hrnogomet-season-937", "source": "hrnogomet"}], "aliases": [{"alias": "NK Hajduk (ŠP)", "source": "hrnogomet"}], "source_ids": [{"id": "1632", "source": "hrnogomet-id"}]}}, {"type": "Feature", "geometry": {"type": "Point", "coordinates": [14.3858441, 45.3780491]}, "properties": {"id": 110, "slug": "halubjan-viskovo", "canonical_name": "NK Halubjan Viškovo", "short_name": "Halubjan", "city": "Viškovo", "address": "Brnasi 1", "stadium_name": "Stadion Brnasi ", "email": "info@nk-halubjan.hr", "phone": "091 882 1834", "phone_e164": "+385918821834", "phone_kind": "mobile", "president": "Sanjin Vranković", "created_at": "2026-05-16 21:53:18", "updated_at": "2026-05-17 01:18:16", "top_tier": 4, "top_league_name": "3. NL - Zapad", "seasons": [{"league": "3. NL - Zapad", "tier": 4, "season": "25/26", "source": "sofascore"}], "aliases": [{"alias": "NK Halubjan Viškovo", "source": "sofascore"}, {"alias": "Halubjan", "source": "sofascore"}], "source_ids": [{"id": "360238", "source": "sofascore-id"}]}}, {"type": "Feature", "geometry": {"type": "Point", "coordinates": [16.4399659, 43.5116383]}, "properties": {"id": 14, "slug": "hrvace-split", "canonical_name": "NK Hrvace", "short_name": "Hrvace", "city": "Split", "address": "Hrvace bb, Hrvace", "stadium_name": "Gradski stadion Hrvace", "stadium_capacity": 2000, "founded_year": 1997, "email": "nk.hrvace13@gmail.com", "president": "Stipe Doljanin", "created_at": "2026-05-16 21:49:00", "updated_at": "2026-05-17 01:18:35", "top_tier": 2, "top_league_name": "1. NL", "seasons": [{"league": "1. NL", "tier": 2, "season": "25/26", "source": "sofascore"}, {"league": "3. HNL Jug", "tier": 3, "season": "2021/22", "source": "sofascore"}], "aliases": [{"alias": "NK Hrvace", "source": "sofascore"}, {"alias": "Hrvace", "source": "sofascore"}], "source_ids": [{"id": "217704", "source": "sofascore-id"}]}}, {"type": "Feature", "geometry": {"type": "Point", "coordinates": [15.97798, 45.81444]}, "properties": {"id": 89, "slug": "hrvatski-dragovoljac-zagreb", "canonical_name": "NK Hrvatski Dragovoljac", "short_name": "Dragovoljac", "city": "Zagreb", "address": "Aleja Pomoraca 25, 10 200 Zagreb", "stadium_name": "Stadion NŠC Stjepan Spajić", "stadium_capacity": 5000, "founded_year": 1974, "website": "https://nk-dragovoljac.fundus-sport.hr/", "created_at": "2026-05-16 21:52:50", "updated_at": "2026-05-17 01:18:38", "top_tier": 3, "top_league_name": "2. NL", "seasons": [{"league": "2. NL", "tier": 3, "season": "25/26", "source": "sofascore"}], "aliases": [{"alias": "NK Hrvatski Dragovoljac", "source": "sofascore"}, {"alias": "Dragovoljac", "source": "sofascore"}], "source_ids": [{"id": "2028", "source": "sofascore-id"}]}}, {"type": "Feature", "geometry": {"type": "Point", "coordinates": [17.7428582, 45.2155603]}, "properties": {"id": 491, "slug": "hrvatski-dragovoljac-d", "canonical_name": "NK Hrvatski Dragovoljac (D)", "short_name": "Hrvatski", "county": "Požeško-slavonska županija", "created_at": "2026-05-16 22:02:51", "updated_at": "2026-05-16 22:17:34", "top_tier": 6, "top_league_name": "1. ŽNL (PSŽ)", "seasons": [{"league": "1. ŽNL (PSŽ)", "tier": 6, "league_county": "Požeško-slavonska županija", "season": "hrnogomet-season-936", "source": "hrnogomet"}], "aliases": [{"alias": "NK Hrvatski Dragovoljac (D)", "source": "hrnogomet"}], "source_ids": [{"id": "1716", "source": "hrnogomet-id"}]}}, {"type": "Feature", "geometry": {"type": "Point", "coordinates": [18.2541647, 45.7344702]}, "properties": {"id": 655, "slug": "hrvatski-sokol-b", "canonical_name": "NK Hrvatski Sokol (B)", "short_name": "Hrvatski", "county": "Osječko-baranjska županija", "created_at": "2026-05-16 22:02:57", "updated_at": "2026-05-16 22:18:37", "top_tier": 8, "top_league_name": "3. ŽNL Valpovo (OBŽ)", "seasons": [{"league": "3. ŽNL Valpovo (OBŽ)", "tier": 8, "league_county": "Osječko-baranjska županija", "season": "hrnogomet-season-911", "source": "hrnogomet"}], "aliases": [{"alias": "NK Hrvatski Sokol (B)", "source": "hrnogomet"}], "source_ids": [{"id": "2247", "source": "hrnogomet-id"}]}}, {"type": "Feature", "geometry": {"type": "Point", "coordinates": [16.7848726, 45.956687]}, "properties": {"id": 409, "slug": "hrvatski-sokol-p", "canonical_name": "NK Hrvatski Sokol (P)", "short_name": "Hrvatski", "city": "Sokolovac", "county": "Bjelovarsko-bilogorska županija", "address": "Sokolovac, Trg dr. T. Bardeka 10a, 48306 Sokolovac", "website": "https://semafor.hns.family/klubovi/938/nk-sokol/", "fb_url": "https://www.facebook.com/sharer/sharer.php?u=https%3a%2f%2fsemafor.hns.family%2fklubovi%2f938%2fnk-sokol%2f", "created_at": "2026-05-16 22:02:49", "updated_at": "2026-05-17 01:18:57", "top_tier": 8, "top_league_name": "3. ŽNL SJEVER (BBŽ)", "seasons": [{"league": "3. ŽNL SJEVER (BBŽ)", "tier": 8, "league_county": "Bjelovarsko-bilogorska županija", "season": "hrnogomet-season-923", "source": "hrnogomet"}], "aliases": [{"alias": "NK Hrvatski Sokol (P)", "source": "hrnogomet"}], "source_ids": [{"id": "5591", "source": "hrnogomet-id"}]}}, {"type": "Feature", "geometry": {"type": "Point", "coordinates": [15.4708877, 44.2129808]}, "properties": {"id": 53, "slug": "hrvatski-vitez-posedarje", "canonical_name": "NK Hrvatski Vitez Posedarje", "short_name": "Hrvatski Vitez ", "city": "Posedarje", "address": "ŠPORTSKA ULICA 1, 23242 POSEDARJE", "stadium_name": "Gordan Demo", "founded_year": 1946, "created_at": "2026-05-16 21:49:46", "updated_at": "2026-05-17 01:19:04", "top_tier": 3, "top_league_name": "3. HNL Jug", "seasons": [{"league": "3. HNL Jug", "tier": 3, "season": "2021/22", "source": "sofascore"}, {"league": "3. NL - Jug", "tier": 4, "season": "25/26", "source": "sofascore"}], "aliases": [{"alias": "NK Hrvatski Vitez Posedarje", "source": "sofascore"}, {"alias": "Hrvatski Vitez ", "source": "sofascore"}], "source_ids": [{"id": "355377", "source": "sofascore-id"}]}}, {"type": "Feature", "geometry": {"type": "Point", "coordinates": [17.0843202, 45.6376574]}, "properties": {"id": 432, "slug": "ilova", "canonical_name": "NK Ilova", "short_name": "Ilova", "city": "Tomašica", "county": "Bjelovarsko-bilogorska županija", "address": "Tomašica b. b., 43280 Garešnica, Tomašica", "stadium_name": "NK Ilova", "founded_year": 1924, "website": "https://semafor.hns.family/en/clubs/1390/nk-ilova/", "fb_url": "https://www.facebook.com/sharer/sharer.php?u=https%3a%2f%2fsemafor.hns.family%2fen%2fclubs%2f1390%2fnk-ilova%2f", "x_url": "https://twitter.com/home?status=https%3a%2f%2fsemafor.hns.family%2fen%2fclubs%2f1390%2fnk-ilova%2f", "created_at": "2026-05-16 22:02:49", "updated_at": "2026-05-17 01:19:13", "top_tier": 8, "top_league_name": "3. ŽNL JUG (BBŽ)", "seasons": [{"league": "3. ŽNL JUG (BBŽ)", "tier": 8, "league_county": "Bjelovarsko-bilogorska županija", "season": "hrnogomet-season-922", "source": "hrnogomet"}], "aliases": [{"alias": "NK Ilova", "source": "hrnogomet"}], "source_ids": [{"id": "1431", "source": "hrnogomet-id"}]}}, {"type": "Feature", "geometry": {"type": "Point", "coordinates": [17.0563893, 45.6046613]}, "properties": {"id": 429, "slug": "imsovac", "canonical_name": "NK Imsovac", "short_name": "Imsovac", "county": "Bjelovarsko-bilogorska županija", "fb_url": "https://www.facebook.com/nk.imsovac/", "created_at": "2026-05-16 22:02:49", "updated_at": "2026-05-17 01:19:15", "top_tier": 8, "top_league_name": "3. ŽNL JUG (BBŽ)", "seasons": [{"league": "3. ŽNL JUG (BBŽ)", "tier": 8, "league_county": "Bjelovarsko-bilogorska županija", "season": "hrnogomet-season-922", "source": "hrnogomet"}], "aliases": [{"alias": "NK Imsovac", "source": "hrnogomet"}], "source_ids": [{"id": "1432", "source": "hrnogomet-id"}]}}, {"type": "Feature", "geometry": {"type": "Point", "coordinates": [15.80778, 45.85639]}, "properties": {"id": 126, "slug": "inker-zapresic", "canonical_name": "NK Inker Zaprešić", "short_name": "Inker", "city": "Zaprešić", "address": "Trg žrtava fašizma 5, 10290 Zaprešić", "stadium_name": "Stadion SRC Zapresic", "stadium_capacity": 4528, "founded_year": 2022, "website": "https://zsu-zapresic.hr/nogometni-klub-inter/#", "email": "nogometniklubinker@gmail.com", "president": "Jakov Jozinović", "created_at": "2026-05-16 21:53:36", "updated_at": "2026-05-17 01:19:21", "top_tier": 4, "top_league_name": "3. NL - Centar", "seasons": [{"league": "3. NL - Centar", "tier": 4, "season": "25/26", "source": "sofascore"}], "aliases": [{"alias": "NK Inker Zaprešić", "source": "sofascore"}, {"alias": "Inker", "source": "sofascore"}], "source_ids": [{"id": "482737", "source": "sofascore-id"}]}}, {"type": "Feature", "geometry": {"type": "Point", "coordinates": [18.0339816, 45.5563128]}, "properties": {"id": 619, "slug": "iskrica", "canonical_name": "NK Iskrica", "short_name": "Iskrica", "city": "Đurđenovac", "county": "Osječko-baranjska županija", "address": "Braće Radića 14, Šaptinovci 31511 Đurđenovac", "stadium_name": "Kraj Iskrice", "website": "https://semafor.hns.family/en/clubs/129/nk-iskrica/", "fb_url": "https://www.facebook.com/sharer/sharer.php?u=https%3a%2f%2fsemafor.hns.family%2fen%2fclubs%2f129%2fnk-iskrica%2f", "x_url": "https://twitter.com/home?status=https%3a%2f%2fsemafor.hns.family%2fen%2fclubs%2f129%2fnk-iskrica%2f", "created_at": "2026-05-16 22:02:56", "updated_at": "2026-05-17 01:19:48", "top_tier": 7, "top_league_name": "2. ŽNL Našice (OBŽ)", "seasons": [{"league": "2. ŽNL Našice (OBŽ)", "tier": 7, "league_county": "Osječko-baranjska županija", "season": "hrnogomet-season-903", "source": "hrnogomet"}], "aliases": [{"alias": "NK Iskrica", "source": "hrnogomet"}], "source_ids": [{"id": "1672", "source": "hrnogomet-id"}]}}, {"type": "Feature", "geometry": {"type": "Point", "coordinates": [13.851346, 44.861679]}, "properties": {"id": 6, "slug": "istra-1961-pula", "canonical_name": "NK Istra 1961", "short_name": "Istra", "city": "Pula", "stadium_name": "Stadion Aldo Drosina", "stadium_capacity": 8900, "founded_year": 1947, "website": "http://www.nkistra.com/", "email": "info@nkistra.com", "phone": "+38552210496", "phone_e164": "+38552210496", "phone_kind": "landline", "fb_url": "https://www.facebook.com/share.php?u=https://www.szgpu.hr/directory/nogometni-klub-istra-1961-s-d-d/&title=NOGOMETNI%20KLUB%20ISTRA%201961%20%C5%A1.d.d.", "x_url": "https://x.com/intent/tweet?text=NOGOMETNI%20KLUB%20ISTRA%201961%20%C5%A1.d.d.&url=https://www.szgpu.hr/directory/nogometni-klub-istra-1961-s-d-d/", "created_at": "2026-05-16 21:48:51", "updated_at": "2026-05-17 01:20:13", "top_tier": 1, "top_league_name": "SuperSport HNL", "seasons": [{"league": "SuperSport HNL", "tier": 1, "season": "25/26", "source": "sofascore"}], "aliases": [{"alias": "NK Istra 1961", "source": "sofascore"}, {"alias": "Istra", "source": "sofascore"}], "source_ids": [{"id": "25529", "source": "sofascore-id"}]}}, {"type": "Feature", "geometry": {"type": "Point", "coordinates": [16.1177143, 45.7991745]}, "properties": {"id": 278, "slug": "ivanja-reka", "canonical_name": "NK Ivanja Reka", "short_name": "Ivanja", "county": "Grad Zagreb", "fb_url": "https://www.facebook.com/nogometniklubivanjareka/?locale=hr_HR", "created_at": "2026-05-16 22:02:43", "updated_at": "2026-05-16 23:10:23", "top_tier": 7, "top_league_name": "2. Zagrebačka NL (Grad Zagreb)", "seasons": [{"league": "2. Zagrebačka NL (Grad Zagreb)", "tier": 7, "league_county": "Grad Zagreb", "season": "hrnogomet-season-939", "source": "hrnogomet"}], "aliases": [{"alias": "NK Ivanja Reka", "source": "hrnogomet"}], "source_ids": [{"id": "1400", "source": "hrnogomet-id"}]}}, {"type": "Feature", "geometry": {"type": "Point", "coordinates": [16.8061535, 45.7822225]}, "properties": {"id": 390, "slug": "ivanska", "canonical_name": "NK Ivanska", "short_name": "Ivanska", "county": "Bjelovarsko-bilogorska županija", "fb_url": "https://www.facebook.com/nkivanska/?locale=hr_HR", "created_at": "2026-05-16 22:02:48", "updated_at": "2026-05-17 01:20:14", "top_tier": 6, "top_league_name": "1. ŽNL (BBŽ)", "seasons": [{"league": "1. ŽNL (BBŽ)", "tier": 6, "league_county": "Bjelovarsko-bilogorska županija", "season": "hrnogomet-season-919", "source": "hrnogomet"}], "aliases": [{"alias": "NK Ivanska", "source": "hrnogomet"}], "source_ids": [{"id": "1454", "source": "hrnogomet-id"}]}}, {"type": "Feature", "geometry": {"type": "Point", "coordinates": [17.4360676, 43.0524293]}, "properties": {"id": 56, "slug": "jadran-luka-ploce", "canonical_name": "NK Jadran Luka Ploče", "short_name": "Jadran (LP)", "city": "Ploce", "stadium_name": "NK Jadran LP", "stadium_capacity": 1000, "website": "https://www.klikploce.com.hr", "phone": "097 771 8432, 095 548 7931, 091 596 7903, 098 713 042, 099 347 1583, 091 543 1193, 098 439 510, 098 531 757, 098 926 1332, 092 369 5050, 098 345 095", "phone_kind": "unknown", "fb_url": "http://www.facebook.com/sharer.php?u=https%3A%2F%2Fwww.klikploce.com.hr%2Fpostani-nogometas-upisi-u-skolu-nogometa-jadran-za-sezonu-2025-2026%2F", "created_at": "2026-05-16 21:49:49", "updated_at": "2026-05-17 01:21:08", "top_tier": 3, "top_league_name": "2. NL", "seasons": [{"league": "2. NL", "tier": 3, "season": "25/26", "source": "sofascore"}, {"league": "3. HNL Jug", "tier": 3, "season": "2021/22", "source": "sofascore"}], "aliases": [{"alias": "NK Jadran Luka Ploče", "source": "sofascore"}, {"alias": "Jadran (LP)", "source": "sofascore"}], "source_ids": [{"id": "231392", "source": "sofascore-id"}]}}, {"type": "Feature", "geometry": {"type": "Point", "coordinates": [13.5957333, 45.2271961]}, "properties": {"id": 121, "slug": "jadran-porec", "canonical_name": "NK Jadran Poreč", "short_name": "Jadran (P)", "city": "Porec", "address": "7300-7398 Colonial Rd, Brooklyn, NY 11209, USA", "stadium_name": "Stadion Veli Joze", "stadium_capacity": 2000, "founded_year": 1947, "email": "goalkick@qodeinteractive.com", "phone": "+ (123) 456-789-1234", "phone_kind": "unknown", "created_at": "2026-05-16 21:53:29", "updated_at": "2026-05-17 01:21:09", "top_tier": 4, "top_league_name": "3. NL - Zapad", "seasons": [{"league": "3. NL - Zapad", "tier": 4, "season": "25/26", "source": "sofascore"}], "aliases": [{"alias": "NK Jadran Poreč", "source": "sofascore"}, {"alias": "Jadran (P)", "source": "sofascore"}], "source_ids": [{"id": "118514", "source": "sofascore-id"}]}}, {"type": "Feature", "geometry": {"type": "Point", "coordinates": [15.97798, 45.81444]}, "properties": {"id": 12, "slug": "jarun-zagreb", "canonical_name": "NK Jarun", "short_name": "Jarun", "city": "Zagreb", "address": "Ogulinska 23, 10 000 Zagreb", "stadium_name": "Stadion Jarkas", "stadium_capacity": 300, "founded_year": 1921, "website": "https://www.nkjarun.hr/contact", "email": "nkjarun@nkjarun.hr", "phone": "01/3637-722", "phone_e164": "+38513637722", "phone_kind": "landline", "created_at": "2026-05-16 21:48:58", "updated_at": "2026-05-17 01:21:39", "top_tier": 2, "top_league_name": "1. NL", "seasons": [{"league": "1. NL", "tier": 2, "season": "25/26", "source": "sofascore"}], "aliases": [{"alias": "NK Jarun", "source": "sofascore"}, {"alias": "Jarun", "source": "sofascore"}], "source_ids": [{"id": "296026", "source": "sofascore-id"}]}}, {"type": "Feature", "geometry": {"type": "Point", "coordinates": [16.9099825, 45.269321]}, "properties": {"id": 177, "slug": "jasenovac", "canonical_name": "NK Jasenovac", "short_name": "Jasenovac", "city": "Jasenovac", "county": "Sisačko-moslavačka županija", "address": "Trg kralja Petra Svačića 19 44324 Jasenovac", "stadium_name": "NK Jasenovac", "founded_year": 1919, "website": "https://semafor.hns.family/klubovi/1059/nk-jasenovac/", "phone": "098 171 6374", "phone_e164": "+385981716374", "phone_kind": "mobile", "fb_url": "https://www.facebook.com/sharer/sharer.php?u=https%3a%2f%2fsemafor.hns.family%2fklubovi%2f1059%2fnk-jasenovac%2f", "x_url": "https://twitter.com/home?status=https%3a%2f%2fsemafor.hns.family%2fklubovi%2f1059%2fnk-jasenovac%2f", "created_at": "2026-05-16 22:02:40", "updated_at": "2026-05-17 01:21:50", "top_tier": 7, "top_league_name": "2. ŽNL - NS Novska (SMŽ)", "seasons": [{"league": "2. ŽNL - NS Novska (SMŽ)", "tier": 7, "league_county": "Sisačko-moslavačka županija", "season": "hrnogomet-season-994", "source": "hrnogomet"}], "aliases": [{"alias": "NK Jasenovac", "source": "hrnogomet"}], "source_ids": [{"id": "1937", "source": "hrnogomet-id"}]}}, {"type": "Feature", "geometry": {"type": "Point", "coordinates": [18.4168785, 45.3014894]}, "properties": {"id": 361, "slug": "jedinstvo", "canonical_name": "NK Jedinstvo", "short_name": "Jedinstvo", "city": "Pustakovec", "address": "Pustakovec 68, 48314 Pustakovec", "website": "https://semafor.hns.family/klubovi/962/nk-jedinstvo/", "fb_url": "https://www.facebook.com/sharer/sharer.php?u=https%3a%2f%2fsemafor.hns.family%2fklubovi%2f962%2fnk-jedinstvo%2f", "x_url": "https://twitter.com/home?status=https%3a%2f%2fsemafor.hns.family%2fklubovi%2f962%2fnk-jedinstvo%2f", "created_at": "2026-05-16 22:02:47", "updated_at": "2026-05-17 01:21:58", "top_tier": 8, "top_league_name": "3. ŽNL (KKŽ)", "seasons": [{"league": "3. ŽNL (KKŽ)", "tier": 8, "league_county": "Koprivničko-križevačka županija", "season": "hrnogomet-season-932", "source": "hrnogomet"}], "aliases": [{"alias": "NK Jedinstvo", "source": "hrnogomet"}], "source_ids": [{"id": "1517", "source": "hrnogomet-id"}]}}, {"type": "Feature", "geometry": {"type": "Point", "coordinates": [16.6833364, 45.6425517]}, "properties": {"id": 147, "slug": "jelengrad", "canonical_name": "NK Jelengrad", "short_name": "Jelengrad", "city": "Popovača", "county": "Sisačko-moslavačka županija", "address": "Trg grofova Erdödyja 5, 44317 Popovača", "founded_year": 1966, "website": "https://popovaca.hr", "email": "grad@popovaca.hr", "phone": "044 679 750", "phone_e164": "+38544679750", "phone_kind": "landline", "created_at": "2026-05-16 22:02:39", "updated_at": "2026-05-17 01:22:18", "top_tier": 6, "top_league_name": "1. ŽNL (SMŽ)", "seasons": [{"league": "1. ŽNL (SMŽ)", "tier": 6, "league_county": "Sisačko-moslavačka županija", "season": "hrnogomet-season-963", "source": "hrnogomet"}], "aliases": [{"alias": "NK Jelengrad", "source": "hrnogomet"}], "source_ids": [{"id": "1914", "source": "hrnogomet-id"}]}}, {"type": "Feature", "geometry": {"type": "Point", "coordinates": [15.2846972, 45.1888272]}, "properties": {"id": 306, "slug": "josipdol", "canonical_name": "NK Josipdol", "short_name": "Josipdol", "city": "Josipdol", "county": "Karlovačka županija", "address": "Karlovačka broj 4, Josipdol", "founded_year": 1975, "website": "https://semafor.hns.family/en/clubs/1852/nk-josipdol/", "fb_url": "https://www.facebook.com/sharer/sharer.php?u=https%3a%2f%2fsemafor.hns.family%2fen%2fclubs%2f1852%2fnk-josipdol%2f", "x_url": "https://twitter.com/home?status=https%3a%2f%2fsemafor.hns.family%2fen%2fclubs%2f1852%2fnk-josipdol%2f", "created_at": "2026-05-16 22:02:44", "updated_at": "2026-05-17 01:22:30", "top_tier": 7, "top_league_name": "2. ŽNL (Karlovačka)", "seasons": [{"league": "2. ŽNL (Karlovačka)", "tier": 7, "league_county": "Karlovačka županija", "season": "hrnogomet-season-924", "source": "hrnogomet"}], "aliases": [{"alias": "NK Josipdol", "source": "hrnogomet"}], "source_ids": [{"id": "3977", "source": "hrnogomet-id"}]}}, {"type": "Feature", "geometry": {"type": "Point", "coordinates": [16.653878, 43.702347]}, "properties": {"id": 54, "slug": "junak-sinj", "canonical_name": "NK Junak Sinj", "short_name": "Junak", "city": "Sinj", "address": "Put Šumarije 1A, 21230 Sinj", "stadium_name": "Gradski Stadion", "stadium_capacity": 3075, "founded_year": 1916, "website": "https://junak.hr/", "email": "milan@junak.hr", "phone": "021 822 708", "phone_e164": "+38521822708", "phone_kind": "landline", "created_at": "2026-05-16 21:49:47", "updated_at": "2026-05-17 01:22:55", "top_tier": 3, "top_league_name": "3. HNL Jug", "seasons": [{"league": "3. HNL Jug", "tier": 3, "season": "2021/22", "source": "sofascore"}, {"league": "3. NL - Jug", "tier": 4, "season": "25/26", "source": "sofascore"}], "aliases": [{"alias": "NK Junak Sinj", "source": "sofascore"}, {"alias": "Junak", "source": "sofascore"}], "source_ids": [{"id": "36284", "source": "sofascore-id"}]}}, {"type": "Feature", "geometry": {"type": "Point", "coordinates": [17.1133238, 46.024879]}, "properties": {"id": 337, "slug": "kalinovac", "canonical_name": "NK Kalinovac", "short_name": "Kalinovac", "county": "Koprivničko-križevačka županija", "fb_url": "https://www.facebook.com/nkkalinovac1921/?locale=hr_HR", "created_at": "2026-05-16 22:02:46", "updated_at": "2026-05-17 01:22:56", "top_tier": 6, "top_league_name": "Elitna ŽNL (KKŽ)", "seasons": [{"league": "Elitna ŽNL (KKŽ)", "tier": 6, "league_county": "Koprivničko-križevačka županija", "season": "hrnogomet-season-929", "source": "hrnogomet"}], "aliases": [{"alias": "NK Kalinovac", "source": "hrnogomet"}], "source_ids": [{"id": "1487", "source": "hrnogomet-id"}]}}, {"type": "Feature", "geometry": {"type": "Point", "coordinates": [17.3890567, 45.6004418]}, "properties": {"id": 389, "slug": "kamen-s", "canonical_name": "NK Kamen (S)", "short_name": "Kamen", "county": "Bjelovarsko-bilogorska županija", "website": "https://nkkamen.hr/", "created_at": "2026-05-16 22:02:48", "updated_at": "2026-05-17 01:23:03", "top_tier": 6, "top_league_name": "1. ŽNL (BBŽ)", "seasons": [{"league": "1. ŽNL (BBŽ)", "tier": 6, "league_county": "Bjelovarsko-bilogorska županija", "season": "hrnogomet-season-919", "source": "hrnogomet"}], "aliases": [{"alias": "NK Kamen (S)", "source": "hrnogomet"}], "source_ids": [{"id": "1445", "source": "hrnogomet-id"}]}}, {"type": "Feature", "geometry": {"type": "Point", "coordinates": [17.1515022, 43.4196973]}, "properties": {"id": 64, "slug": "kamen-podbablje-ivanbegovina", "canonical_name": "NK Kamen Podbablje", "short_name": "Kamen", "city": "Ivanbegovina", "stadium_name": "Ivanbegovina", "website": "https://nkkamen.hr/", "created_at": "2026-05-16 21:49:57", "updated_at": "2026-05-17 01:23:09", "top_tier": 3, "top_league_name": "3. HNL Jug", "seasons": [{"league": "3. HNL Jug", "tier": 3, "season": "2021/22", "source": "sofascore"}, {"league": "3. NL - Jug", "tier": 4, "season": "25/26", "source": "sofascore"}], "aliases": [{"alias": "NK Kamen Podbablje", "source": "sofascore"}, {"alias": "Kamen", "source": "sofascore"}], "source_ids": [{"id": "302402", "source": "sofascore-id"}]}}, {"type": "Feature", "geometry": {"type": "Point", "coordinates": [15.563948, 45.484464]}, "properties": {"id": 17, "slug": "karlovac-1919-karlovac", "canonical_name": "NK Karlovac 1919", "short_name": "Karlovac", "city": "Karlovac", "address": "13. srpnja 1, 47000 Karlovac", "stadium_name": "Stadion Branko Čavlović-Čavlek", "stadium_capacity": 12000, "founded_year": 1918, "website": "https://nk-karlovac1919.hr/", "email": "info@nk-karlovac1919.hr", "fb_url": "https://www.facebook.com/nkkarlovac1919/", "ig_url": "https://www.instagram.com/nkkarlovac1919/", "created_at": "2026-05-16 21:49:03", "updated_at": "2026-05-17 01:23:18", "top_tier": 2, "top_league_name": "1. NL", "seasons": [{"league": "1. NL", "tier": 2, "season": "25/26", "source": "sofascore"}, {"league": "3. HNL Centar", "tier": 3, "season": "2021/22", "source": "sofascore"}], "aliases": [{"alias": "NK Karlovac 1919", "source": "sofascore"}, {"alias": "Karlovac", "source": "sofascore"}], "source_ids": [{"id": "25528", "source": "sofascore-id"}]}}, {"type": "Feature", "geometry": {"type": "Point", "coordinates": [16.1168394, 45.9266686]}, "properties": {"id": 283, "slug": "kasina", "canonical_name": "NK Kašina", "short_name": "Kašina", "city": "Kašina", "county": "Grad Zagreb", "address": "Cesta Ivana Mažuranića 36, 10362, Kašina", "website": "https://nk-kasina.klubbase.com/", "email": "nkkasina@gmail.com", "phone": "+385 99 502 1278", "phone_e164": "+385995021278", "phone_kind": "mobile", "created_at": "2026-05-16 22:02:43", "updated_at": "2026-05-16 23:10:30", "top_tier": 7, "top_league_name": "2. Zagrebačka NL (Grad Zagreb)", "seasons": [{"league": "2. Zagrebačka NL (Grad Zagreb)", "tier": 7, "league_county": "Grad Zagreb", "season": "hrnogomet-season-939", "source": "hrnogomet"}], "aliases": [{"alias": "NK Kašina", "source": "hrnogomet"}], "source_ids": [{"id": "1401", "source": "hrnogomet-id"}]}}, {"type": "Feature", "geometry": {"type": "Point", "coordinates": [17.1957442, 45.9681814]}, "properties": {"id": 467, "slug": "kladare", "canonical_name": "NK Kladare", "short_name": "Kladare", "city": "Kladare", "county": "Virovitičko-podravska županija", "address": "Kladare 81, Pitomača", "website": "https://www.znsvpz.hr/klub/kladare/52/", "president": "Dominik Maresić", "created_at": "2026-05-16 22:02:51", "updated_at": "2026-05-17 01:23:25", "top_tier": 7, "top_league_name": "2. ŽNL ZAPAD (VPŽ)", "seasons": [{"league": "2. ŽNL ZAPAD (VPŽ)", "tier": 7, "league_county": "Virovitičko-podravska županija", "season": "hrnogomet-season-982", "source": "hrnogomet"}], "aliases": [{"alias": "NK Kladare", "source": "hrnogomet"}], "source_ids": [{"id": "2088", "source": "hrnogomet-id"}]}}, {"type": "Feature", "geometry": {"type": "Point", "coordinates": [18.6839175, 45.5590216]}, "properties": {"id": 630, "slug": "klas-c", "canonical_name": "NK Klas (Č)", "short_name": "Klas", "county": "Osječko-baranjska županija", "fb_url": "https://www.facebook.com/klas.cepin/", "created_at": "2026-05-16 22:02:56", "updated_at": "2026-05-17 01:23:40", "top_tier": 7, "top_league_name": "2. ŽNL Osijek (OBŽ)", "seasons": [{"league": "2. ŽNL Osijek (OBŽ)", "tier": 7, "league_county": "Osječko-baranjska županija", "season": "hrnogomet-season-991", "source": "hrnogomet"}], "aliases": [{"alias": "NK Klas (Č)", "source": "hrnogomet"}], "source_ids": [{"id": "2235", "source": "hrnogomet-id"}]}}, {"type": "Feature", "geometry": {"type": "Point", "coordinates": [16.835081, 46.166803]}, "properties": {"id": 30, "slug": "koprivnica", "canonical_name": "NK Koprivnica", "short_name": "Koprivnica", "city": "Koprivnica", "address": "M. P. Miškine 12., 48000 Koprivnica", "stadium_name": "Gradski stadion Ivan Kušek Apaš", "stadium_capacity": 3134, "website": "https://semafor.hns.family/klubovi/915/nk-koprivnica/", "phone": "+385 99 319 00 94", "phone_e164": "+385993190094", "phone_kind": "mobile", "fb_url": "https://www.facebook.com/sharer/sharer.php?u=https%3a%2f%2fsemafor.hns.family%2fklubovi%2f915%2fnk-koprivnica%2f", "x_url": "https://twitter.com/home?status=https%3a%2f%2fsemafor.hns.family%2fklubovi%2f915%2fnk-koprivnica%2f", "created_at": "2026-05-16 21:49:18", "updated_at": "2026-05-17 01:23:49", "top_tier": 3, "top_league_name": "3. HNL Sjever", "seasons": [{"league": "3. HNL Sjever", "tier": 3, "season": "2021/22", "source": "sofascore"}, {"league": "3. NL - Sjever", "tier": 4, "season": "25/26", "source": "sofascore"}], "aliases": [{"alias": "NK Koprivnica", "source": "sofascore"}, {"alias": "Koprivnica", "source": "sofascore"}], "source_ids": [{"id": "44981", "source": "sofascore-id"}]}}, {"type": "Feature", "geometry": {"type": "Point", "coordinates": [16.8114639, 45.858585]}, "properties": {"id": 411, "slug": "korenovo", "canonical_name": "NK Korenovo", "short_name": "Korenovo", "city": "Bjelovar", "county": "Bjelovarsko-bilogorska županija", "address": "Veliko Korenovo, Bjelovar", "website": "https://sportskazajednicabjelovar.hr/", "email": "mateo_bj_07@hotmail.com", "phone": "091 548 5711", "phone_e164": "+385915485711", "phone_kind": "mobile", "president": "Mateo Kunić", "fb_url": "https://www.facebook.com/sharer/sharer.php?u=https%3A%2F%2Fsportskazajednicabjelovar.hr%2F2021%2F03%2F09%2Fnogometni-klub-korenovo%2F", "created_at": "2026-05-16 22:02:49", "updated_at": "2026-05-17 01:23:58", "top_tier": 8, "top_league_name": "3. ŽNL SJEVER (BBŽ)", "seasons": [{"league": "3. ŽNL SJEVER (BBŽ)", "tier": 8, "league_county": "Bjelovarsko-bilogorska županija", "season": "hrnogomet-season-923", "source": "hrnogomet"}], "aliases": [{"alias": "NK Korenovo", "source": "hrnogomet"}], "source_ids": [{"id": "1472", "source": "hrnogomet-id"}]}}, {"type": "Feature", "geometry": {"type": "Point", "coordinates": [14.5688736, 45.2741319]}, "properties": {"id": 122, "slug": "kraljevica", "canonical_name": "NK Kraljevica", "short_name": "Kraljevica", "city": "Kraljevica", "address": "Vladimira Nazora 1/a 51262 Kraljevica", "stadium_name": "Stadion Milana Ružića- Minte", "website": "https://szgk.hr/nogometni-klub-kraljevica/", "email": "nkkraljevica@gmail.com", "phone": "051 281 047", "phone_e164": "+38551281047", "phone_kind": "landline", "fb_url": "https://hr-hr.facebook.com/nkkraljevica/", "created_at": "2026-05-16 21:53:30", "updated_at": "2026-05-17 01:24:11", "top_tier": 4, "top_league_name": "3. NL - Zapad", "seasons": [{"league": "3. NL - Zapad", "tier": 4, "season": "25/26", "source": "sofascore"}], "aliases": [{"alias": "NK Kraljevica", "source": "sofascore"}, {"alias": "Kraljevica", "source": "sofascore"}], "source_ids": [{"id": "290368", "source": "sofascore-id"}]}}, {"type": "Feature", "geometry": {"type": "Point", "coordinates": [15.5174579, 45.6540864]}, "properties": {"id": 208, "slug": "krasic", "canonical_name": "NK Krašić", "short_name": "Krašić", "county": "Zagrebačka županija", "fb_url": "https://www.facebook.com/nkkrasic.hr/", "created_at": "2026-05-16 22:02:41", "updated_at": "2026-05-16 22:52:04", "top_tier": 7, "top_league_name": "2. ŽNL - Zapad (Zagrebačka)", "seasons": [{"league": "2. ŽNL - Zapad (Zagrebačka)", "tier": 7, "league_county": "Zagrebačka županija", "season": "hrnogomet-season-898", "source": "hrnogomet"}], "aliases": [{"alias": "NK Krašić", "source": "hrnogomet"}], "source_ids": [{"id": "1776", "source": "hrnogomet-id"}]}}, {"type": "Feature", "geometry": {"type": "Point", "coordinates": [14.5496681, 45.0901954]}, "properties": {"id": 113, "slug": "krk", "canonical_name": "NK Krk", "short_name": "Krk", "city": "krk", "address": "Slavka Nikolića 25 b, 51500 Krk", "stadium_name": "SRC Josip Uravic Pepi", "stadium_capacity": 600, "founded_year": 1940, "website": "https://semafor.hns.family/klubovi/1558/nk-krk/", "phone": "051 222-956", "phone_e164": "+38551222956", "phone_kind": "landline", "president": "Josip Uravić-Pepi", "fb_url": "https://www.facebook.com/sharer/sharer.php?u=https%3a%2f%2fsemafor.hns.family%2fklubovi%2f1558%2fnk-krk%2f", "created_at": "2026-05-16 21:53:21", "updated_at": "2026-05-17 01:24:27", "top_tier": 4, "top_league_name": "3. NL - Zapad", "seasons": [{"league": "3. NL - Zapad", "tier": 4, "season": "25/26", "source": "sofascore"}], "aliases": [{"alias": "NK Krk", "source": "sofascore"}, {"alias": "Krk", "source": "sofascore"}], "source_ids": [{"id": "231227", "source": "sofascore-id"}]}}, {"type": "Feature", "geometry": {"type": "Point", "coordinates": [15.6085268, 45.3374666]}, "properties": {"id": 299, "slug": "krnjak", "canonical_name": "NK Krnjak", "short_name": "Krnjak", "county": "Karlovačka županija", "fb_url": "https://www.facebook.com/nkkrnjak2000/?locale=hr_HR", "created_at": "2026-05-16 22:02:44", "updated_at": "2026-05-17 01:24:28", "top_tier": 7, "top_league_name": "2. ŽNL (Karlovačka)", "seasons": [{"league": "2. ŽNL (Karlovačka)", "tier": 7, "league_county": "Karlovačka županija", "season": "hrnogomet-season-924", "source": "hrnogomet"}], "aliases": [{"alias": "NK Krnjak", "source": "hrnogomet"}], "source_ids": [{"id": "427", "source": "hrnogomet-id"}]}}, {"type": "Feature", "geometry": {"type": "Point", "coordinates": [15.47667, 45.6147139]}, "properties": {"id": 301, "slug": "kupa-dm", "canonical_name": "NK Kupa (DM)", "short_name": "Kupa", "city": "Donje Mekušje", "county": "Karlovačka županija", "address": "Donje Mekušje 36/F, 47000 Karlovac Donje Mekušje", "stadium_name": "NK Kupa", "founded_year": 1998, "website": "https://semafor.hns.family/klubovi/1855/nk-kupa-dm/", "fb_url": "https://www.facebook.com/sharer/sharer.php?u=https%3a%2f%2fsemafor.hns.family%2fklubovi%2f1855%2fnk-kupa-dm%2f", "x_url": "https://twitter.com/home?status=https%3a%2f%2fsemafor.hns.family%2fklubovi%2f1855%2fnk-kupa-dm%2f", "created_at": "2026-05-16 22:02:44", "updated_at": "2026-05-17 01:24:47", "top_tier": 7, "top_league_name": "2. ŽNL (Karlovačka)", "seasons": [{"league": "2. ŽNL (Karlovačka)", "tier": 7, "league_county": "Karlovačka županija", "season": "hrnogomet-season-924", "source": "hrnogomet"}], "aliases": [{"alias": "NK Kupa (DM)", "source": "hrnogomet"}], "source_ids": [{"id": "1264", "source": "hrnogomet-id"}]}}, {"type": "Feature", "geometry": {"type": "Point", "coordinates": [15.7875864, 45.6567279]}, "properties": {"id": 209, "slug": "kupinec", "canonical_name": "NK Kupinec", "short_name": "Kupinec", "city": "Kupinec", "address": "Kupinec 1B, Jastrebarsko, 10450 Kupinec", "website": "https://semafor.hns.family/klubovi/1240/nk-kupinec/", "fb_url": "https://www.facebook.com/sharer/sharer.php?u=https%3a%2f%2fsemafor.hns.family%2fklubovi%2f1240%2fnk-kupinec%2f", "x_url": "https://twitter.com/home?status=https%3a%2f%2fsemafor.hns.family%2fklubovi%2f1240%2fnk-kupinec%2f", "created_at": "2026-05-16 22:02:41", "updated_at": "2026-05-17 01:24:57", "top_tier": 7, "top_league_name": "2. ŽNL - Zapad (Zagrebačka)", "seasons": [{"league": "2. ŽNL - Zapad (Zagrebačka)", "tier": 7, "league_county": "Zagrebačka županija", "season": "hrnogomet-season-898", "source": "hrnogomet"}], "aliases": [{"alias": "NK Kupinec", "source": "hrnogomet"}], "source_ids": [{"id": "1793", "source": "hrnogomet-id"}]}}, {"type": "Feature", "geometry": {"type": "Point", "coordinates": [16.0717133, 45.7022546]}, "properties": {"id": 78, "slug": "kurilovec-velika-gorica", "canonical_name": "NK Kurilovec Velika Gorica", "short_name": "Kurilovec", "city": "Velika Gorica", "stadium_name": "Sportsko-rekreacijski centar Udarnik", "founded_year": 2018, "website": "https://nk-kurilovec.hr", "created_at": "2026-05-16 21:50:14", "updated_at": "2026-05-17 01:25:03", "top_tier": 3, "top_league_name": "3. HNL Centar", "seasons": [{"league": "3. HNL Centar", "tier": 3, "season": "2021/22", "source": "sofascore"}, {"league": "3. NL - Centar", "tier": 4, "season": "25/26", "source": "sofascore"}], "aliases": [{"alias": "NK Kurilovec Velika Gorica", "source": "sofascore"}, {"alias": "Kurilovec", "source": "sofascore"}], "source_ids": [{"id": "266979", "source": "sofascore-id"}]}}, {"type": "Feature", "geometry": {"type": "Point", "coordinates": [15.97798, 45.81444]}, "properties": {"id": 86, "slug": "kustosija-zagreb", "canonical_name": "NK Kustošija", "short_name": "Kustošija", "city": "Zagreb", "address": "Sokolska 47a, Zagreb", "stadium_name": "Stadion Kustosija", "stadium_capacity": 2500, "website": "https://nk-kustosija.hr", "email": "info@nk-kustosija.hr", "phone": "+385 95 8785 292", "phone_e164": "+385958785292", "phone_kind": "mobile", "created_at": "2026-05-16 21:52:47", "updated_at": "2026-05-17 01:25:09", "top_tier": 3, "top_league_name": "2. NL", "seasons": [{"league": "2. NL", "tier": 3, "season": "25/26", "source": "sofascore"}], "aliases": [{"alias": "NK Kustošija", "source": "sofascore"}, {"alias": "Kustošija", "source": "sofascore"}], "source_ids": [{"id": "118516", "source": "sofascore-id"}]}}, {"type": "Feature", "geometry": {"type": "Point", "coordinates": [17.8814373, 45.4225074]}, "properties": {"id": 43, "slug": "kutjevo", "canonical_name": "NK Kutjevo", "short_name": "Kutjevo", "fb_url": "https://www.facebook.com/NKKutjevo/", "created_at": "2026-05-16 21:49:34", "updated_at": "2026-05-17 01:25:11", "top_tier": 3, "top_league_name": "3. HNL Istok", "seasons": [{"league": "3. HNL Istok", "tier": 3, "season": "2021/22", "source": "sofascore"}, {"league": "3. NL - Istok", "tier": 4, "season": "25/26", "source": "sofascore"}], "aliases": [{"alias": "NK Kutjevo", "source": "sofascore"}, {"alias": "Kutjevo", "source": "sofascore"}], "source_ids": [{"id": "323573", "source": "sofascore-id"}]}}, {"type": "Feature", "geometry": {"type": "Point", "coordinates": [17.7512009, 45.3291515]}, "properties": {"id": 488, "slug": "kuzmica", "canonical_name": "NK Kuzmica", "short_name": "Kuzmica", "city": "Kuzmica", "stadium_name": "ŠRC Park,Kuzmica", "stadium_capacity": 400, "founded_year": 1966, "website": "http://www.nk-kuzmica.pondi.hr/", "president": "Ante Bušić", "fb_url": "http://www.facebook.com/pages/Kuzmica-Croatia/NK-Tim-osvjezenje-KUZMICA/317183211959?ref=mf", "created_at": "2026-05-16 22:02:51", "updated_at": "2026-05-17 01:25:17", "top_tier": 6, "top_league_name": "1. ŽNL (PSŽ)", "seasons": [{"league": "1. ŽNL (PSŽ)", "tier": 6, "league_county": "Požeško-slavonska županija", "season": "hrnogomet-season-936", "source": "hrnogomet"}], "aliases": [{"alias": "NK Kuzmica", "source": "hrnogomet"}], "source_ids": [{"id": "1727", "source": "hrnogomet-id"}]}}, {"type": "Feature", "geometry": {"type": "Point", "coordinates": [18.1341079, 45.6568118]}, "properties": {"id": 650, "slug": "kucanci", "canonical_name": "NK Kućanci", "short_name": "Kućanci", "city": "Kućanci", "county": "Osječko-baranjska županija", "address": "Kralja Zvonimira 88, Kućanci", "stadium_name": "Igralište Kućanci", "founded_year": 1963, "website": "https://semafor.hns.family/en/clubs/778/nk-kucanci/", "fb_url": "https://www.facebook.com/sharer/sharer.php?u=https%3a%2f%2fsemafor.hns.family%2fen%2fclubs%2f778%2fnk-kucanci%2f", "x_url": "https://twitter.com/home?status=https%3a%2f%2fsemafor.hns.family%2fen%2fclubs%2f778%2fnk-kucanci%2f", "created_at": "2026-05-16 22:02:57", "updated_at": "2026-05-17 01:25:25", "top_tier": 7, "top_league_name": "2. ŽNL Donji Miholjac (OBŽ)", "seasons": [{"league": "2. ŽNL Donji Miholjac (OBŽ)", "tier": 7, "league_county": "Osječko-baranjska županija", "season": "hrnogomet-season-912", "source": "hrnogomet"}], "aliases": [{"alias": "NK Kućanci", "source": "hrnogomet"}], "source_ids": [{"id": "2203", "source": "hrnogomet-id"}]}}, {"type": "Feature", "geometry": {"type": "Point", "coordinates": [18.5707424, 45.4550483]}, "properties": {"id": 633, "slug": "liv-1949", "canonical_name": "NK LIV 1949", "short_name": "LIV", "city": "Vladislavci", "county": "Osječko-baranjska županija", "address": "Športska b. b. 31404, Vladislavci", "founded_year": 2014, "website": "https://semafor.hns.family/en/clubs/106461/nk-liv-1949/", "phone": "097 638 0202", "phone_e164": "+385976380202", "phone_kind": "mobile", "fb_url": "https://www.facebook.com/sharer/sharer.php?u=https%3a%2f%2fsemafor.hns.family%2fen%2fclubs%2f106461%2fnk-liv-1949%2f", "x_url": "https://twitter.com/home?status=https%3a%2f%2fsemafor.hns.family%2fen%2fclubs%2f106461%2fnk-liv-1949%2f", "created_at": "2026-05-16 22:02:56", "updated_at": "2026-05-17 01:25:33", "top_tier": 7, "top_league_name": "2. ŽNL Osijek (OBŽ)", "seasons": [{"league": "2. ŽNL Osijek (OBŽ)", "tier": 7, "league_county": "Osječko-baranjska županija", "season": "hrnogomet-season-991", "source": "hrnogomet"}], "aliases": [{"alias": "NK LIV 1949", "source": "hrnogomet"}], "source_ids": [{"id": "2236", "source": "hrnogomet-id"}]}}, {"type": "Feature", "geometry": {"type": "Point", "coordinates": [16.7758626, 45.8836448]}, "properties": {"id": 384, "slug": "lasta-g", "canonical_name": "NK Lasta (G)", "short_name": "Lasta", "city": "Gudovac", "county": "Bjelovarsko-bilogorska županija", "address": "Gudovac b.b., Gudovac", "stadium_name": "Gudovac", "founded_year": 1950, "website": "https://semafor.hns.family/en/clubs/1391/nk-lasta-g/", "fb_url": "https://www.facebook.com/sharer/sharer.php?u=https%3a%2f%2fsemafor.hns.family%2fen%2fclubs%2f1391%2fnk-lasta-g%2f", "x_url": "https://twitter.com/home?status=https%3a%2f%2fsemafor.hns.family%2fen%2fclubs%2f1391%2fnk-lasta-g%2f", "created_at": "2026-05-16 22:02:48", "updated_at": "2026-05-17 01:25:50", "top_tier": 6, "top_league_name": "1. ŽNL (BBŽ)", "seasons": [{"league": "1. ŽNL (BBŽ)", "tier": 6, "league_county": "Bjelovarsko-bilogorska županija", "season": "hrnogomet-season-919", "source": "hrnogomet"}], "aliases": [{"alias": "NK Lasta (G)", "source": "hrnogomet"}], "source_ids": [{"id": "1446", "source": "hrnogomet-id"}]}}, {"type": "Feature", "geometry": {"type": "Point", "coordinates": [16.7758626, 45.8836448]}, "properties": {"id": 405, "slug": "lasta-p", "canonical_name": "NK Lasta (P)", "short_name": "Lasta", "city": "Gudovac", "county": "Bjelovarsko-bilogorska županija", "address": "Gudovac b.b., Gudovac", "stadium_name": "Gudovac", "founded_year": 1950, "website": "https://semafor.hns.family/en/clubs/1391/nk-lasta-g/", "fb_url": "https://www.facebook.com/sharer/sharer.php?u=https%3a%2f%2fsemafor.hns.family%2fen%2fclubs%2f1391%2fnk-lasta-g%2f", "x_url": "https://twitter.com/home?status=https%3a%2f%2fsemafor.hns.family%2fen%2fclubs%2f1391%2fnk-lasta-g%2f", "created_at": "2026-05-16 22:02:48", "updated_at": "2026-05-17 01:25:50", "top_tier": 7, "top_league_name": "2. ŽNL (BBŽ)", "seasons": [{"league": "2. ŽNL (BBŽ)", "tier": 7, "league_county": "Bjelovarsko-bilogorska županija", "season": "hrnogomet-season-920", "source": "hrnogomet"}], "aliases": [{"alias": "NK Lasta (P)", "source": "hrnogomet"}], "source_ids": [{"id": "1455", "source": "hrnogomet-id"}]}}, {"type": "Feature", "geometry": {"type": "Point", "coordinates": [18.1645243, 45.542691]}, "properties": {"id": 616, "slug": "ladanska", "canonical_name": "NK Lađanska", "short_name": "Lađanska", "city": "Lađanska", "county": "Osječko-baranjska županija", "address": "B. J. JELAČIĆA 1A, 31500, Lađanska, Hrvatska", "founded_year": 1998, "phone": "0916030145", "phone_e164": "+385916030145", "phone_kind": "mobile", "president": "MIHAEL BANIČEK", "created_at": "2026-05-16 22:02:56", "updated_at": "2026-05-17 01:25:57", "top_tier": 7, "top_league_name": "2. ŽNL Našice (OBŽ)", "seasons": [{"league": "2. ŽNL Našice (OBŽ)", "tier": 7, "league_county": "Osječko-baranjska županija", "season": "hrnogomet-season-903", "source": "hrnogomet"}], "aliases": [{"alias": "NK Lađanska", "source": "hrnogomet"}], "source_ids": [{"id": "2209", "source": "hrnogomet-id"}]}}, {"type": "Feature", "geometry": {"type": "Point", "coordinates": [16.0441744, 46.2075318]}, "properties": {"id": 317, "slug": "lepoglava", "canonical_name": "NK Lepoglava", "short_name": "Lepoglava", "city": "Lepoglava", "county": "Varaždinska županija", "address": "Varaždinska 1, 42250 Lepoglava", "founded_year": 1946, "president": "Kristijan Bizek", "created_at": "2026-05-16 22:02:45", "updated_at": "2026-05-17 01:26:07", "top_tier": 7, "top_league_name": "2. ŽNL (VŽŽ)", "seasons": [{"league": "2. ŽNL (VŽŽ)", "tier": 7, "league_county": "Varaždinska županija", "season": "hrnogomet-season-954", "source": "hrnogomet"}], "aliases": [{"alias": "NK Lepoglava", "source": "hrnogomet"}], "source_ids": [{"id": "1287", "source": "hrnogomet-id"}]}}, {"type": "Feature", "geometry": {"type": "Point", "coordinates": [18.1219159, 45.5539033]}, "properties": {"id": 621, "slug": "lila", "canonical_name": "NK Lila", "short_name": "Lila", "county": "Osječko-baranjska županija", "fb_url": "https://www.facebook.com/nogometniklublila1981/", "created_at": "2026-05-16 22:02:56", "updated_at": "2026-05-17 01:26:17", "top_tier": 7, "top_league_name": "2. ŽNL Našice (OBŽ)", "seasons": [{"league": "2. ŽNL Našice (OBŽ)", "tier": 7, "league_county": "Osječko-baranjska županija", "season": "hrnogomet-season-903", "source": "hrnogomet"}], "aliases": [{"alias": "NK Lila", "source": "hrnogomet"}], "source_ids": [{"id": "1673", "source": "hrnogomet-id"}]}}, {"type": "Feature", "geometry": {"type": "Point", "coordinates": [16.5411178, 46.0352862]}, "properties": {"id": 345, "slug": "lipa", "canonical_name": "NK Lipa", "short_name": "Lipa", "county": "Koprivničko-križevačka županija", "fb_url": "https://www.facebook.com/p/NK-Lipa-100086127585036/", "created_at": "2026-05-16 22:02:47", "updated_at": "2026-05-17 01:26:26", "top_tier": 6, "top_league_name": "1. ŽNL (KKŽ)", "seasons": [{"league": "1. ŽNL (KKŽ)", "tier": 6, "league_county": "Koprivničko-križevačka županija", "season": "hrnogomet-season-930", "source": "hrnogomet"}], "aliases": [{"alias": "NK Lipa", "source": "hrnogomet"}], "source_ids": [{"id": "1488", "source": "hrnogomet-id"}]}}, {"type": "Feature", "geometry": {"type": "Point", "coordinates": [16.0654152, 46.1505926]}, "properties": {"id": 256, "slug": "lobor", "canonical_name": "NK Lobor", "short_name": "Lobor", "city": "Lobor", "county": "Krapinsko-zagorska županija", "address": "Trg svete Ane 30, 49253 Lobor", "website": "https://nskzz.hr/nogomet/klubovi/nk-lobor/", "email": "nk.lobor@gmail.com", "phone": "098/9511378", "phone_e164": "+385989511378", "phone_kind": "mobile", "president": "DIANA BEZAK", "fb_url": "https://www.facebook.com/nklobor/", "created_at": "2026-05-16 22:02:43", "updated_at": "2026-05-17 01:27:00", "top_tier": 7, "top_league_name": "2. ŽNL (KZŽ)", "seasons": [{"league": "2. ŽNL (KZŽ)", "tier": 7, "league_county": "Krapinsko-zagorska županija", "season": "hrnogomet-season-927", "source": "hrnogomet"}], "aliases": [{"alias": "NK Lobor", "source": "hrnogomet"}], "source_ids": [{"id": "1834", "source": "hrnogomet-id"}]}}, {"type": "Feature", "geometry": {"type": "Point", "coordinates": [14.4314712, 45.330139]}, "properties": {"id": 115, "slug": "lokomotiva-rijeka", "canonical_name": "NK Lokomotiva Rijeka", "short_name": "Lokomotiva Rijeka", "fb_url": "https://www.facebook.com/nk.lokomotivarijeka/", "created_at": "2026-05-16 21:53:23", "updated_at": "2026-05-17 01:27:09", "top_tier": 4, "top_league_name": "3. NL - Zapad", "seasons": [{"league": "3. NL - Zapad", "tier": 4, "season": "25/26", "source": "sofascore"}], "aliases": [{"alias": "NK Lokomotiva Rijeka", "source": "sofascore"}, {"alias": "Lokomotiva Rijeka", "source": "sofascore"}], "source_ids": [{"id": "360243", "source": "sofascore-id"}]}}, {"type": "Feature", "geometry": {"type": "Point", "coordinates": [15.959414, 45.803687]}, "properties": {"id": 1, "slug": "lokomotiva-zagreb", "canonical_name": "NK Lokomotiva Zagreb", "short_name": "Lokomotiva", "city": "Zagreb", "address": "Ulica Radoslava Cimermana 7, 10020, Zagreb, Hrvatska", "stadium_name": "Kranjčevićeva", "stadium_capacity": 5350, "founded_year": 1913, "website": "https://nklokomotiva.hr", "email": "nklokomotiva@nklokomotiva.hr", "phone": "+385 1 6556 382", "phone_e164": "+38516556382", "phone_kind": "landline", "created_at": "2026-05-16 21:48:46", "updated_at": "2026-05-17 01:27:19", "top_tier": 1, "top_league_name": "SuperSport HNL", "seasons": [{"league": "SuperSport HNL", "tier": 1, "season": "25/26", "source": "sofascore"}], "aliases": [{"alias": "NK Lokomotiva Zagreb", "source": "sofascore"}, {"alias": "Lokomotiva", "source": "sofascore"}], "source_ids": [{"id": "36246", "source": "sofascore-id"}]}}, {"type": "Feature", "geometry": {"type": "Point", "coordinates": [16.3235965, 45.8570797]}, "properties": {"id": 187, "slug": "lonja", "canonical_name": "NK Lonja", "short_name": "Lonja", "city": "Lonjica", "county": "Zagrebačka županija", "website": "https://ns-vrbovec.hr/", "created_at": "2026-05-16 22:02:41", "updated_at": "2026-05-16 22:52:25", "top_tier": 6, "top_league_name": "Premier liga (Zagrebačka)", "seasons": [{"league": "Premier liga (Zagrebačka)", "tier": 6, "league_county": "Zagrebačka županija", "season": "hrnogomet-season-896", "source": "hrnogomet"}], "aliases": [{"alias": "NK Lonja", "source": "hrnogomet"}], "source_ids": [{"id": "1806", "source": "hrnogomet-id"}]}}, {"type": "Feature", "geometry": {"type": "Point", "coordinates": [19.0418728, 45.1425726]}, "properties": {"id": 693, "slug": "lovor", "canonical_name": "NK Lovor", "short_name": "Lovor", "county": "Vukovarsko-srijemska županija", "fb_url": "https://www.facebook.com/nklovor/?locale=hr_HR", "created_at": "2026-05-16 22:02:59", "updated_at": "2026-05-17 01:27:21", "top_tier": 7, "top_league_name": "2. ŽNL VK (VSŽ)", "seasons": [{"league": "2. ŽNL VK (VSŽ)", "tier": 7, "league_county": "Vukovarsko-srijemska županija", "season": "hrnogomet-season-959", "source": "hrnogomet"}], "aliases": [{"alias": "NK Lovor", "source": "hrnogomet"}], "source_ids": [{"id": "1358", "source": "hrnogomet-id"}]}}, {"type": "Feature", "geometry": {"type": "Point", "coordinates": [14.5036522, 44.5107254]}, "properties": {"id": 442, "slug": "losinj", "canonical_name": "NK Lošinj", "short_name": "Lošinj", "county": "Primorsko-goranska županija", "fb_url": "https://www.facebook.com/nklosinj1976/?locale=hr_HR", "created_at": "2026-05-16 22:02:49", "updated_at": "2026-05-17 01:27:22", "top_tier": 6, "top_league_name": "1. ŽNL (PGŽ)", "seasons": [{"league": "1. ŽNL (PGŽ)", "tier": 6, "league_county": "Primorsko-goranska županija", "season": "hrnogomet-season-995", "source": "hrnogomet"}], "aliases": [{"alias": "NK Lošinj", "source": "hrnogomet"}], "source_ids": [{"id": "1861", "source": "hrnogomet-id"}]}}, {"type": "Feature", "geometry": {"type": "Point", "coordinates": [18.778578, 45.6611062]}, "properties": {"id": 622, "slug": "lug", "canonical_name": "NK Lug", "short_name": "Lug", "city": "Lug", "county": "Osječko-baranjska županija", "address": "ŠKOLSKA 2, 2340009-1100161502, Lug", "founded_year": 2006, "website": "https://semafor.hns.family/klubovi/99/snk-lug/", "phone": "0981790449", "phone_e164": "+385981790449", "phone_kind": "mobile", "fb_url": "https://www.facebook.com/sharer/sharer.php?u=https%3a%2f%2fsemafor.hns.family%2fklubovi%2f99%2fsnk-lug%2f", "x_url": "https://twitter.com/home?status=https%3a%2f%2fsemafor.hns.family%2fklubovi%2f99%2fsnk-lug%2f", "created_at": "2026-05-16 22:02:56", "updated_at": "2026-05-17 01:27:30", "top_tier": 7, "top_league_name": "2. ŽNL Našice (OBŽ)", "seasons": [{"league": "2. ŽNL Našice (OBŽ)", "tier": 7, "league_county": "Osječko-baranjska županija", "season": "hrnogomet-season-903", "source": "hrnogomet"}], "aliases": [{"alias": "NK Lug", "source": "hrnogomet"}], "source_ids": [{"id": "2202", "source": "hrnogomet-id"}]}}, {"type": "Feature", "geometry": {"type": "Point", "coordinates": [15.9936241, 45.7011134]}, "properties": {"id": 85, "slug": "lukavec", "canonical_name": "NK Lukavec", "short_name": "Lukavec", "website": "http://nkstubica.hr/team/nk-lukavec/", "created_at": "2026-05-16 21:50:21", "updated_at": "2026-05-17 01:27:38", "top_tier": 3, "top_league_name": "3. HNL Centar", "seasons": [{"league": "3. HNL Centar", "tier": 3, "season": "2021/22", "source": "sofascore"}, {"league": "Premier liga (Zagrebačka)", "tier": 6, "league_county": "Zagrebačka županija", "season": "hrnogomet-season-896", "source": "hrnogomet"}], "aliases": [{"alias": "NK Lukavec", "source": "sofascore"}, {"alias": "Lukavec", "source": "sofascore"}, {"alias": "NK Lukavec", "source": "hrnogomet"}], "source_ids": [{"id": "1034", "source": "hrnogomet-id"}, {"id": "355811", "source": "sofascore-id"}]}}, {"type": "Feature", "geometry": {"type": "Point", "coordinates": [18.5359072, 45.7846448]}, "properties": {"id": 607, "slug": "luc", "canonical_name": "NK Luč", "short_name": "Luč", "city": "Luč", "county": "Osječko-baranjska županija", "address": "Matije Gupca 20a, 31300 Luč", "founded_year": 1976, "website": "https://semafor.hns.family/klubovi/98/nk-luc/", "fb_url": "https://www.facebook.com/sharer/sharer.php?u=https%3a%2f%2fsemafor.hns.family%2fklubovi%2f98%2fnk-luc%2f", "x_url": "https://twitter.com/home?status=https%3a%2f%2fsemafor.hns.family%2fklubovi%2f98%2fnk-luc%2f", "created_at": "2026-05-16 22:02:56", "updated_at": "2026-05-17 01:27:46", "top_tier": 7, "top_league_name": "2. ŽNL Beli Manastir (OBŽ)", "seasons": [{"league": "2. ŽNL Beli Manastir (OBŽ)", "tier": 7, "league_county": "Osječko-baranjska županija", "season": "hrnogomet-season-908", "source": "hrnogomet"}], "aliases": [{"alias": "NK Luč", "source": "hrnogomet"}], "source_ids": [{"id": "2252", "source": "hrnogomet-id"}]}}, {"type": "Feature", "geometry": {"type": "Point", "coordinates": [15.867824, 45.76049]}, "properties": {"id": 81, "slug": "lucko-zagreb", "canonical_name": "NK Lučko", "short_name": "Lučko", "city": "Zagreb", "address": "Puškarićeva ulica 122, 10250 Lučko", "stadium_name": "Stadion Lučko", "stadium_capacity": 1500, "founded_year": 1930, "website": "https://nk-lucko.hr/", "email": "info@nk-lucko.hr", "phone": "01/6530-696", "phone_e164": "+38516530696", "phone_kind": "landline", "created_at": "2026-05-16 21:50:17", "updated_at": "2026-05-17 01:27:53", "top_tier": 3, "top_league_name": "2. NL", "seasons": [{"league": "2. NL", "tier": 3, "season": "25/26", "source": "sofascore"}, {"league": "3. HNL Centar", "tier": 3, "season": "2021/22", "source": "sofascore"}], "aliases": [{"alias": "NK Lučko", "source": "sofascore"}, {"alias": "Lučko", "source": "sofascore"}], "source_ids": [{"id": "25531", "source": "sofascore-id"}]}}, {"type": "Feature", "geometry": {"type": "Point", "coordinates": [16.4082303, 45.5648371]}, "properties": {"id": 172, "slug": "mahovo", "canonical_name": "NK Mahovo", "short_name": "Mahovo", "county": "Sisačko-moslavačka županija", "fb_url": "https://www.facebook.com/nkmahovo/?locale=hr_HR", "created_at": "2026-05-16 22:02:40", "updated_at": "2026-05-17 01:28:05", "top_tier": 7, "top_league_name": "2. ŽNL - NS Sisak (SMŽ)", "seasons": [{"league": "2. ŽNL - NS Sisak (SMŽ)", "tier": 7, "league_county": "Sisačko-moslavačka županija", "season": "hrnogomet-season-964", "source": "hrnogomet"}], "aliases": [{"alias": "NK Mahovo", "source": "hrnogomet"}], "source_ids": [{"id": "1927", "source": "hrnogomet-id"}]}}, {"type": "Feature", "geometry": {"type": "Point", "coordinates": [16.0001198, 45.8135009]}, "properties": {"id": 83, "slug": "maksimir-zagreb", "canonical_name": "NK Maksimir Zagreb", "short_name": "Maksimir", "city": "Zagreb", "address": "Oboj 1, 10000, Zagreb, Croatia", "website": "https://nkmaksimir.hr", "email": "nogometni.klub.maksimir1924@gmail.com", "phone": "+385 99 284 6995", "phone_e164": "+385992846995", "phone_kind": "mobile", "fb_url": "https://www.facebook.com/nogometniklubmaksimir", "ig_url": "https://www.instagram.com/nk.maksimir/?hl=en", "created_at": "2026-05-16 21:50:19", "updated_at": "2026-05-17 01:28:12", "top_tier": 3, "top_league_name": "3. HNL Centar", "seasons": [{"league": "3. HNL Centar", "tier": 3, "season": "2021/22", "source": "sofascore"}, {"league": "3. NL - Centar", "tier": 4, "season": "25/26", "source": "sofascore"}], "aliases": [{"alias": "NK Maksimir Zagreb", "source": "sofascore"}, {"alias": "Maksimir", "source": "sofascore"}], "source_ids": [{"id": "188788", "source": "sofascore-id"}]}}, {"type": "Feature", "geometry": {"type": "Point", "coordinates": [15.9772101, 45.7289925]}, "properties": {"id": 275, "slug": "mala-mlaka", "canonical_name": "NK Mala Mlaka", "short_name": "Mala", "county": "Grad Zagreb", "fb_url": "https://www.facebook.com/pages/Example-Account/197494372329", "ig_url": "https://www.instagram.com/exampleprofilelink/", "x_url": "https://www.twitter.com/examplename", "created_at": "2026-05-16 22:02:43", "updated_at": "2026-05-16 23:10:50", "top_tier": 6, "top_league_name": "1. Zagrebačka NL (Grad Zagreb)", "seasons": [{"league": "1. Zagrebačka NL (Grad Zagreb)", "tier": 6, "league_county": "Grad Zagreb", "season": "hrnogomet-season-938", "source": "hrnogomet"}], "aliases": [{"alias": "NK Mala Mlaka", "source": "hrnogomet"}], "source_ids": [{"id": "1402", "source": "hrnogomet-id"}]}}, {"type": "Feature", "geometry": {"type": "Point", "coordinates": [18.01556, 45.16028]}, "properties": {"id": 50, "slug": "marsonia-slavonski-brod", "canonical_name": "NK Marsonia", "short_name": "Marsonia", "city": "Slavonski Brod", "stadium_name": "Stadion Stanko Vlajnić Dida", "stadium_capacity": 6000, "founded_year": 2011, "fb_url": "https://www.facebook.com/marsoniafootballclub/?locale=hr_HR", "created_at": "2026-05-16 21:49:41", "updated_at": "2026-05-17 01:28:16", "top_tier": 3, "top_league_name": "3. HNL Istok", "seasons": [{"league": "3. HNL Istok", "tier": 3, "season": "2021/22", "source": "sofascore"}, {"league": "3. NL - Istok", "tier": 4, "season": "25/26", "source": "sofascore"}], "aliases": [{"alias": "NK Marsonia", "source": "sofascore"}, {"alias": "Marsonia", "source": "sofascore"}], "source_ids": [{"id": "55455", "source": "sofascore-id"}]}}, {"type": "Feature", "geometry": {"type": "Point", "coordinates": [18.0670184, 45.4931201]}, "properties": {"id": 615, "slug": "martin", "canonical_name": "NK Martin", "short_name": "Martin", "county": "Osječko-baranjska županija", "fb_url": "https://www.facebook.com/nk.martin.hr/about/", "created_at": "2026-05-16 22:02:56", "updated_at": "2026-05-17 01:28:17", "top_tier": 7, "top_league_name": "2. ŽNL Našice (OBŽ)", "seasons": [{"league": "2. ŽNL Našice (OBŽ)", "tier": 7, "league_county": "Osječko-baranjska županija", "season": "hrnogomet-season-903", "source": "hrnogomet"}], "aliases": [{"alias": "NK Martin", "source": "hrnogomet"}], "source_ids": [{"id": "2206", "source": "hrnogomet-id"}]}}, {"type": "Feature", "geometry": {"type": "Point", "coordinates": [17.6259001, 45.7305042]}, "properties": {"id": 483, "slug": "meljani", "canonical_name": "NK Meljani", "short_name": "Meljani", "city": "Donji Meljani", "county": "Virovitičko-podravska županija", "address": "Donji Meljani 86, Slatina", "website": "https://www.znsvpz.hr/klub/meljani/68/", "president": "Marović Alen", "created_at": "2026-05-16 22:02:51", "updated_at": "2026-05-17 01:28:25", "top_tier": 7, "top_league_name": "2. ŽNL ISTOK (VPŽ)", "seasons": [{"league": "2. ŽNL ISTOK (VPŽ)", "tier": 7, "league_county": "Virovitičko-podravska županija", "season": "hrnogomet-season-983", "source": "hrnogomet"}], "aliases": [{"alias": "NK Meljani", "source": "hrnogomet"}], "source_ids": [{"id": "2433", "source": "hrnogomet-id"}]}}, {"type": "Feature", "geometry": {"type": "Point", "coordinates": [16.3806297, 45.4580678]}, "properties": {"id": 139, "slug": "metalac-m", "canonical_name": "NK Metalac (M)", "short_name": "Metalac", "county": "Sisačko-moslavačka županija", "fb_url": "https://www.facebook.com/metalacsisak/?locale=hr_HR", "created_at": "2026-05-16 22:02:39", "updated_at": "2026-05-17 01:28:27", "top_tier": 6, "top_league_name": "1. ŽNL (SMŽ)", "seasons": [{"league": "1. ŽNL (SMŽ)", "tier": 6, "league_county": "Sisačko-moslavačka županija", "season": "hrnogomet-season-963", "source": "hrnogomet"}], "aliases": [{"alias": "NK Metalac (M)", "source": "hrnogomet"}], "source_ids": [{"id": "1917", "source": "hrnogomet-id"}]}}, {"type": "Feature", "geometry": {"type": "Point", "coordinates": [18.6731859, 45.7246372]}, "properties": {"id": 606, "slug": "medimurec-k", "canonical_name": "NK Međimurec (K)", "short_name": "Međimurec", "city": "Nedelišće", "county": "Osječko-baranjska županija", "address": "Pretetinec 67, 40305 Nedelišće, HRVATSKA", "website": "https://medimurec.com", "email": "info@medimurec.com", "phone": "+385 98 92 44 201", "phone_e164": "+385989244201", "phone_kind": "mobile", "created_at": "2026-05-16 22:02:56", "updated_at": "2026-05-17 01:28:39", "top_tier": 7, "top_league_name": "2. ŽNL Beli Manastir (OBŽ)", "seasons": [{"league": "2. ŽNL Beli Manastir (OBŽ)", "tier": 7, "league_county": "Osječko-baranjska županija", "season": "hrnogomet-season-908", "source": "hrnogomet"}], "aliases": [{"alias": "NK Međimurec (K)", "source": "hrnogomet"}], "source_ids": [{"id": "1659", "source": "hrnogomet-id"}]}}, {"type": "Feature", "geometry": {"type": "Point", "coordinates": [16.422378, 46.391524]}, "properties": {"id": 29, "slug": "medimurje-cakovec", "canonical_name": "NK Međimurje Čakovec", "short_name": "Međimurje", "city": "Cakovec", "stadium_name": "Stadion SRC Mladost", "stadium_capacity": 8000, "founded_year": 2003, "fb_url": "https://www.facebook.com/nkmedimurje/?locale=hr_HR", "created_at": "2026-05-16 21:49:17", "updated_at": "2026-05-17 01:28:42", "top_tier": 3, "top_league_name": "3. HNL Sjever", "seasons": [{"league": "3. HNL Sjever", "tier": 3, "season": "2021/22", "source": "sofascore"}, {"league": "3. NL - Sjever", "tier": 4, "season": "25/26", "source": "sofascore"}], "aliases": [{"alias": "NK Međimurje Čakovec", "source": "sofascore"}, {"alias": "Međimurje", "source": "sofascore"}], "source_ids": [{"id": "2038", "source": "sofascore-id"}]}}, {"type": "Feature", "geometry": {"type": "Point", "coordinates": [17.6607774, 45.7612997]}, "properties": {"id": 478, "slug": "miholjac", "canonical_name": "NK Miholjac", "short_name": "Miholjac", "city": "Gornji Miholjac", "county": "Virovitičko-podravska županija", "address": "Kneza Domagoja 79,Gornji Miholjac 33520", "website": "https://www.znsvpz.hr/klub/miholjac/19/", "phone": "0958431862", "phone_e164": "+385958431862", "phone_kind": "mobile", "president": "Jovica Beneš", "created_at": "2026-05-16 22:02:51", "updated_at": "2026-05-17 01:28:48", "top_tier": 7, "top_league_name": "2. ŽNL ISTOK (VPŽ)", "seasons": [{"league": "2. ŽNL ISTOK (VPŽ)", "tier": 7, "league_county": "Virovitičko-podravska županija", "season": "hrnogomet-season-983", "source": "hrnogomet"}], "aliases": [{"alias": "NK Miholjac", "source": "hrnogomet"}], "source_ids": [{"id": "2953", "source": "hrnogomet-id"}]}}, {"type": "Feature", "geometry": {"type": "Point", "coordinates": [16.8548029, 46.156267]}, "properties": {"id": 336, "slug": "miklinovec", "canonical_name": "NK Miklinovec", "short_name": "Miklinovec", "city": "Koprivnica", "county": "Koprivničko-križevačka županija", "founded_year": 1978, "website": "https://nktomislav.hr/", "created_at": "2026-05-16 22:02:46", "updated_at": "2026-05-17 01:29:20", "top_tier": 6, "top_league_name": "Elitna ŽNL (KKŽ)", "seasons": [{"league": "Elitna ŽNL (KKŽ)", "tier": 6, "league_county": "Koprivničko-križevačka županija", "season": "hrnogomet-season-929", "source": "hrnogomet"}], "aliases": [{"alias": "NK Miklinovec", "source": "hrnogomet"}], "source_ids": [{"id": "1489", "source": "hrnogomet-id"}]}}, {"type": "Feature", "geometry": {"type": "Point", "coordinates": [16.1703995, 46.1633608]}, "properties": {"id": 259, "slug": "milengrad-2005", "canonical_name": "NK Milengrad 2005", "short_name": "Milengrad", "city": "Budinščina", "county": "Krapinsko-zagorska županija", "address": "Budinščina bb, 49284 Budinščina", "founded_year": 2005, "website": "https://nskzz.hr/nogomet/klubovi/nk-milengrad-2005/", "email": "nkmilengrad2005@net.hr", "phone": "091/5887439", "phone_e164": "+385915887439", "phone_kind": "mobile", "president": "STJEPAN STRAHONJA", "fb_url": "https://www.facebook.com/Nk-Milengrad-2005-Budin%C5%A1%C4%8Dina-1926214770987049/", "created_at": "2026-05-16 22:02:43", "updated_at": "2026-05-17 01:29:28", "top_tier": 7, "top_league_name": "2. ŽNL (KZŽ)", "seasons": [{"league": "2. ŽNL (KZŽ)", "tier": 7, "league_county": "Krapinsko-zagorska županija", "season": "hrnogomet-season-927", "source": "hrnogomet"}], "aliases": [{"alias": "NK Milengrad 2005", "source": "hrnogomet"}], "source_ids": [{"id": "1842", "source": "hrnogomet-id"}]}}, {"type": "Feature", "geometry": {"type": "Point", "coordinates": [18.8499196, 45.3080923]}, "properties": {"id": 685, "slug": "mladost-a", "canonical_name": "NK Mladost (A)", "short_name": "Mladost", "city": "Jasenovac", "county": "Vukovarsko-srijemska županija", "address": "Košutarica b. b., 44324 Jasenovac Košutarica", "stadium_name": "Čimen", "founded_year": 1968, "phone": "044602018", "phone_e164": "+38544602018", "phone_kind": "landline", "fb_url": "https://www.facebook.com/sharer/sharer.php?u=https%3a%2f%2fsemafor.hns.family%2fen%2fclubs%2f1083%2fnk-mladost-k%2f", "x_url": "https://twitter.com/home?status=https%3a%2f%2fsemafor.hns.family%2fen%2fclubs%2f1083%2fnk-mladost-k%2f", "created_at": "2026-05-16 22:02:59", "updated_at": "2026-05-17 01:29:37", "top_tier": 7, "top_league_name": "2. ŽNL VK (VSŽ)", "seasons": [{"league": "2. ŽNL VK (VSŽ)", "tier": 7, "league_county": "Vukovarsko-srijemska županija", "season": "hrnogomet-season-959", "source": "hrnogomet"}], "aliases": [{"alias": "NK Mladost (A)", "source": "hrnogomet"}], "source_ids": [{"id": "1359", "source": "hrnogomet-id"}]}}, {"type": "Feature", "geometry": {"type": "Point", "coordinates": [17.3804903, 45.284731]}, "properties": {"id": 257, "slug": "mladost-b", "canonical_name": "NK Mladost (B)", "short_name": "Mladost", "county": "Brodsko-posavska županija", "created_at": "2026-05-16 22:02:43", "updated_at": "2026-05-16 22:17:45", "top_tier": 7, "top_league_name": "2. ŽNL Zapad (BPŽ)", "seasons": [{"league": "2. ŽNL Zapad (BPŽ)", "tier": 7, "league_county": "Brodsko-posavska županija", "season": "hrnogomet-season-940", "source": "hrnogomet"}, {"league": "2. ŽNL (KKŽ)", "tier": 7, "league_county": "Koprivničko-križevačka županija", "season": "hrnogomet-season-931", "source": "hrnogomet"}, {"league": "2. ŽNL (KZŽ)", "tier": 7, "league_county": "Krapinsko-zagorska županija", "season": "hrnogomet-season-927", "source": "hrnogomet"}], "aliases": [{"alias": "NK Mladost (B)", "source": "hrnogomet"}], "source_ids": [{"id": "1843", "source": "hrnogomet-id"}, {"id": "1503", "source": "hrnogomet-id"}, {"id": "1160", "source": "hrnogomet-id"}]}}, {"type": "Feature", "geometry": {"type": "Point", "coordinates": [18.8499196, 45.3080923]}, "properties": {"id": 537, "slug": "mladost-c", "canonical_name": "NK Mladost (C)", "short_name": "Mladost", "city": "Jasenovac", "county": "Vukovarsko-srijemska županija", "address": "Košutarica b. b., 44324 Jasenovac Košutarica", "stadium_name": "Čimen", "founded_year": 1968, "phone": "044602018", "phone_e164": "+38544602018", "phone_kind": "landline", "fb_url": "https://www.facebook.com/sharer/sharer.php?u=https%3a%2f%2fsemafor.hns.family%2fen%2fclubs%2f1083%2fnk-mladost-k%2f", "x_url": "https://twitter.com/home?status=https%3a%2f%2fsemafor.hns.family%2fen%2fclubs%2f1083%2fnk-mladost-k%2f", "created_at": "2026-05-16 22:02:53", "updated_at": "2026-05-17 01:29:44", "top_tier": 6, "top_league_name": "1. ŽNL (VSŽ)", "seasons": [{"league": "1. ŽNL (VSŽ)", "tier": 6, "league_county": "Vukovarsko-srijemska županija", "season": "hrnogomet-season-958", "source": "hrnogomet"}, {"league": "1. ŽNL (BPŽ)", "tier": 6, "league_county": "Brodsko-posavska županija", "season": "hrnogomet-season-900", "source": "hrnogomet"}, {"league": "2. ŽNL Donji Miholjac (OBŽ)", "tier": 7, "league_county": "Osječko-baranjska županija", "season": "hrnogomet-season-912", "source": "hrnogomet"}, {"league": "2. ŽNL Beli Manastir (OBŽ)", "tier": 7, "league_county": "Osječko-baranjska županija", "season": "hrnogomet-season-908", "source": "hrnogomet"}, {"league": "3. ŽNL Istok (BPŽ)", "tier": 8, "league_county": "Brodsko-posavska županija", "season": "hrnogomet-season-934", "source": "hrnogomet"}], "aliases": [{"alias": "NK Mladost (Č)", "source": "hrnogomet"}, {"alias": "HNK Mladost (C)", "source": "hrnogomet"}, {"alias": "NK Mladost (C)", "source": "hrnogomet"}], "source_ids": [{"id": "1171", "source": "hrnogomet-id"}, {"id": "1154", "source": "hrnogomet-id"}, {"id": "1661", "source": "hrnogomet-id"}, {"id": "2224", "source": "hrnogomet-id"}, {"id": "1342", "source": "hrnogomet-id"}]}}, {"type": "Feature", "geometry": {"type": "Point", "coordinates": [16.4223776, 46.3915241]}, "properties": {"id": 580, "slug": "mladost-d", "canonical_name": "NK Mladost (D)", "short_name": "Mladost", "city": "Prelog", "county": "Međimurska županija", "address": "Sajmišna 29 40 323 Prelog", "founded_year": 1959, "website": "https://semafor.hns.family/klubovi/410/nk-mladost-komet/", "fb_url": "https://www.facebook.com/sharer/sharer.php?u=https%3a%2f%2fsemafor.hns.family%2fklubovi%2f410%2fnk-mladost-komet%2f", "x_url": "https://twitter.com/home?status=https%3a%2f%2fsemafor.hns.family%2fklubovi%2f410%2fnk-mladost-komet%2f", "created_at": "2026-05-16 22:02:55", "updated_at": "2026-05-17 01:29:53", "top_tier": 6, "top_league_name": "1. ŽNL (OBŽ)", "seasons": [{"league": "1. ŽNL (OBŽ)", "tier": 6, "league_county": "Osječko-baranjska županija", "season": "hrnogomet-season-957", "source": "hrnogomet"}, {"league": "2. ŽNL (Međimurska)", "tier": 7, "league_county": "Međimurska županija", "season": "hrnogomet-season-949", "source": "hrnogomet"}], "aliases": [{"alias": "NK Mladost (D)", "source": "hrnogomet"}], "source_ids": [{"id": "1660", "source": "hrnogomet-id"}, {"id": "1574", "source": "hrnogomet-id"}]}}, {"type": "Feature", "geometry": {"type": "Point", "coordinates": [17.3804903, 45.284731]}, "properties": {"id": 399, "slug": "mladost-db", "canonical_name": "NK Mladost (DB)", "short_name": "Mladost", "county": "Brodsko-posavska županija", "created_at": "2026-05-16 22:02:48", "updated_at": "2026-05-16 22:17:42", "top_tier": 7, "top_league_name": "2. ŽNL (BBŽ)", "seasons": [{"league": "2. ŽNL (BBŽ)", "tier": 7, "league_county": "Bjelovarsko-bilogorska županija", "season": "hrnogomet-season-920", "source": "hrnogomet"}, {"league": "2. ŽNL Istok (BPŽ)", "tier": 7, "league_county": "Brodsko-posavska županija", "season": "hrnogomet-season-901", "source": "hrnogomet"}], "aliases": [{"alias": "NK Mladost (DB)", "source": "hrnogomet"}], "source_ids": [{"id": "1456", "source": "hrnogomet-id"}, {"id": "3971", "source": "hrnogomet-id"}]}}, {"type": "Feature", "geometry": {"type": "Point", "coordinates": [16.7318038, 45.4933092]}, "properties": {"id": 175, "slug": "mladost-g", "canonical_name": "NK Mladost (G)", "short_name": "Mladost", "city": "Jasenovac", "county": "Sisačko-moslavačka županija", "address": "Košutarica b. b., 44324 Jasenovac Košutarica", "stadium_name": "Čimen", "founded_year": 1968, "website": "https://semafor.hns.family/en/clubs/1083/nk-mladost-k/", "phone": "044602018", "phone_e164": "+38544602018", "phone_kind": "landline", "fb_url": "https://www.facebook.com/sharer/sharer.php?u=https%3a%2f%2fsemafor.hns.family%2fen%2fclubs%2f1083%2fnk-mladost-k%2f", "x_url": "https://twitter.com/home?status=https%3a%2f%2fsemafor.hns.family%2fen%2fclubs%2f1083%2fnk-mladost-k%2f", "created_at": "2026-05-16 22:02:40", "updated_at": "2026-05-17 01:30:12", "top_tier": 7, "top_league_name": "2. ŽNL - NS Sisak (SMŽ)", "seasons": [{"league": "2. ŽNL - NS Sisak (SMŽ)", "tier": 7, "league_county": "Sisačko-moslavačka županija", "season": "hrnogomet-season-964", "source": "hrnogomet"}], "aliases": [{"alias": "NK Mladost (G)", "source": "hrnogomet"}], "source_ids": [{"id": "1928", "source": "hrnogomet-id"}]}}, {"type": "Feature", "geometry": {"type": "Point", "coordinates": [18.6999882, 45.5515869]}, "properties": {"id": 654, "slug": "mladost-h", "canonical_name": "NK Mladost (H)", "short_name": "Mladost", "county": "Osječko-baranjska županija", "fb_url": "https://www.facebook.com/nkmladostdraz76/photos/a.2994394437246723/5041109049241908/?type=3", "created_at": "2026-05-16 22:02:57", "updated_at": "2026-05-17 01:30:13", "top_tier": 8, "top_league_name": "3. ŽNL Valpovo (OBŽ)", "seasons": [{"league": "3. ŽNL Valpovo (OBŽ)", "tier": 8, "league_county": "Osječko-baranjska županija", "season": "hrnogomet-season-911", "source": "hrnogomet"}], "aliases": [{"alias": "NK Mladost (H)", "source": "hrnogomet"}], "source_ids": [{"id": "2249", "source": "hrnogomet-id"}]}}, {"type": "Feature", "geometry": {"type": "Point", "coordinates": [17.3804903, 45.284731]}, "properties": {"id": 525, "slug": "mladost-jm", "canonical_name": "NK Mladost (JM)", "short_name": "Mladost", "county": "Brodsko-posavska županija", "created_at": "2026-05-16 22:02:52", "updated_at": "2026-05-16 22:17:47", "top_tier": 7, "top_league_name": "2. ŽNL Zapad (BPŽ)", "seasons": [{"league": "2. ŽNL Zapad (BPŽ)", "tier": 7, "league_county": "Brodsko-posavska županija", "season": "hrnogomet-season-940", "source": "hrnogomet"}], "aliases": [{"alias": "NK Mladost (JM)", "source": "hrnogomet"}], "source_ids": [{"id": "1193", "source": "hrnogomet-id"}]}}, {"type": "Feature", "geometry": {"type": "Point", "coordinates": [16.7318038, 45.4933092]}, "properties": {"id": 180, "slug": "mladost-k", "canonical_name": "NK Mladost (K)", "short_name": "Mladost", "city": "Jasenovac", "county": "Sisačko-moslavačka županija", "address": "Košutarica b. b., 44324 Jasenovac Košutarica", "stadium_name": "Čimen", "founded_year": 1968, "website": "https://semafor.hns.family/en/clubs/1083/nk-mladost-k/", "phone": "044602018", "phone_e164": "+38544602018", "phone_kind": "landline", "fb_url": "https://www.facebook.com/sharer/sharer.php?u=https%3a%2f%2fsemafor.hns.family%2fen%2fclubs%2f1083%2fnk-mladost-k%2f", "x_url": "https://twitter.com/home?status=https%3a%2f%2fsemafor.hns.family%2fen%2fclubs%2f1083%2fnk-mladost-k%2f", "created_at": "2026-05-16 22:02:40", "updated_at": "2026-05-17 01:30:13", "top_tier": 5, "top_league_name": "4.NL BJ-KC-VT", "seasons": [{"league": "4.NL BJ-KC-VT", "tier": 5, "season": "hrnogomet-season-512", "source": "hrnogomet"}, {"league": "Elitna ŽNL (KKŽ)", "tier": 6, "league_county": "Koprivničko-križevačka županija", "season": "hrnogomet-season-929", "source": "hrnogomet"}, {"league": "2. ŽNL - NS Novska (SMŽ)", "tier": 7, "league_county": "Sisačko-moslavačka županija", "season": "hrnogomet-season-994", "source": "hrnogomet"}], "aliases": [{"alias": "NK Mladost (K)", "source": "hrnogomet"}], "source_ids": [{"id": "1938", "source": "hrnogomet-id"}, {"id": "1132", "source": "hrnogomet-id"}]}}, {"type": "Feature", "geometry": {"type": "Point", "coordinates": [16.1204646, 46.0008045]}, "properties": {"id": 238, "slug": "mladost-kd", "canonical_name": "NK Mladost (KD)", "short_name": "Mladost", "city": "Marija Bistrica", "county": "Zagrebačka županija", "address": "Zagrebačka 13 A, 49246 Marija Bistrica", "website": "https://nskzz.hr/nogomet/klubovi/nk-mladost-mb/", "x_url": "http://twitter.com/share?text=NK%20Mladost%20MB&url=https%3A%2F%2Fnskzz.hr%2Fnogomet%2Fklubovi%2Fnk-mladost-mb%2F", "created_at": "2026-05-16 22:02:42", "updated_at": "2026-05-16 22:52:49", "top_tier": 6, "top_league_name": "J1. ŽNL  (Zagrebačka)", "seasons": [{"league": "J1. ŽNL  (Zagrebačka)", "tier": 6, "league_county": "Zagrebačka županija", "season": "hrnogomet-season-897", "source": "hrnogomet"}], "aliases": [{"alias": "NK Mladost (KD)", "source": "hrnogomet"}], "source_ids": [{"id": "1777", "source": "hrnogomet-id"}]}}, {"type": "Feature", "geometry": {"type": "Point", "coordinates": [16.1204646, 46.0008045]}, "properties": {"id": 205, "slug": "mladost-l", "canonical_name": "NK Mladost (L)", "short_name": "Mladost", "city": "Marija Bistrica", "county": "Zagrebačka županija", "address": "Zagrebačka 13 A, 49246 Marija Bistrica", "website": "https://nskzz.hr/nogomet/klubovi/nk-mladost-mb/", "x_url": "http://twitter.com/share?text=NK%20Mladost%20MB&url=https%3A%2F%2Fnskzz.hr%2Fnogomet%2Fklubovi%2Fnk-mladost-mb%2F", "created_at": "2026-05-16 22:02:41", "updated_at": "2026-05-16 22:52:49", "top_tier": 7, "top_league_name": "2. ŽNL - Zapad (Zagrebačka)", "seasons": [{"league": "2. ŽNL - Zapad (Zagrebačka)", "tier": 7, "league_county": "Zagrebačka županija", "season": "hrnogomet-season-898", "source": "hrnogomet"}], "aliases": [{"alias": "NK Mladost (L)", "source": "hrnogomet"}], "source_ids": [{"id": "1778", "source": "hrnogomet-id"}]}}, {"type": "Feature", "geometry": {"type": "Point", "coordinates": [16.8653247, 45.8829485]}, "properties": {"id": 416, "slug": "mladost-np", "canonical_name": "NK Mladost (NP)", "short_name": "Mladost", "city": "Bjelovar", "county": "Bjelovarsko-bilogorska županija", "address": "Daruvarska ul. 42, Ždralovi, 43000 Bjelovar", "founded_year": 1933, "website": "https://mladost-zdralovi.hr/", "email": "info@nk-mladost.hr", "phone": "+385 91 5210 944", "phone_e164": "+385915210944", "phone_kind": "mobile", "fb_url": "https://www.facebook.com/nkmladostzdralovi", "ig_url": "https://www.instagram.com/nkmladost.zdralovi", "created_at": "2026-05-16 22:02:49", "updated_at": "2026-05-17 01:30:14", "top_tier": 8, "top_league_name": "3. ŽNL SJEVER (BBŽ)", "seasons": [{"league": "3. ŽNL SJEVER (BBŽ)", "tier": 8, "league_county": "Bjelovarsko-bilogorska županija", "season": "hrnogomet-season-923", "source": "hrnogomet"}], "aliases": [{"alias": "NK Mladost (NP)", "source": "hrnogomet"}], "source_ids": [{"id": "1457", "source": "hrnogomet-id"}]}}, {"type": "Feature", "geometry": {"type": "Point", "coordinates": [15.94428, 45.7840452]}, "properties": {"id": 224, "slug": "mladost-o", "canonical_name": "NK Mladost (O)", "short_name": "Mladost", "city": "Bjelovar", "address": "Daruvarska ul. 42, Ždralovi, 43000 Bjelovar", "founded_year": 1933, "website": "https://mladost-zdralovi.hr/", "email": "info@nk-mladost.hr", "phone": "+385 91 5210 944", "phone_e164": "+385915210944", "phone_kind": "mobile", "fb_url": "https://www.facebook.com/nkmladostzdralovi", "ig_url": "https://www.instagram.com/nkmladost.zdralovi", "created_at": "2026-05-16 22:02:41", "updated_at": "2026-05-17 01:30:14", "top_tier": 7, "top_league_name": "2. ŽNL - Istok (Zagrebačka)", "seasons": [{"league": "2. ŽNL - Istok (Zagrebačka)", "tier": 7, "league_county": "Zagrebačka županija", "season": "hrnogomet-season-899", "source": "hrnogomet"}], "aliases": [{"alias": "NK Mladost (O)", "source": "hrnogomet"}], "source_ids": [{"id": "2033", "source": "hrnogomet-id"}]}}, {"type": "Feature", "geometry": {"type": "Point", "coordinates": [16.1204646, 46.0008045]}, "properties": {"id": 232, "slug": "mladost-oks", "canonical_name": "NK Mladost (OKS)", "short_name": "Mladost", "city": "Marija Bistrica", "county": "Zagrebačka županija", "address": "Zagrebačka 13 A, 49246 Marija Bistrica", "website": "https://nskzz.hr/nogomet/klubovi/nk-mladost-mb/", "x_url": "http://twitter.com/share?text=NK%20Mladost%20MB&url=https%3A%2F%2Fnskzz.hr%2Fnogomet%2Fklubovi%2Fnk-mladost-mb%2F", "created_at": "2026-05-16 22:02:42", "updated_at": "2026-05-16 22:52:49", "top_tier": 6, "top_league_name": "J1. ŽNL  (Zagrebačka)", "seasons": [{"league": "J1. ŽNL  (Zagrebačka)", "tier": 6, "league_county": "Zagrebačka županija", "season": "hrnogomet-season-897", "source": "hrnogomet"}], "aliases": [{"alias": "NK Mladost (OKS)", "source": "hrnogomet"}], "source_ids": [{"id": "1779", "source": "hrnogomet-id"}]}}, {"type": "Feature", "geometry": {"type": "Point", "coordinates": [16.4623215, 43.5177436]}, "properties": {"id": 672, "slug": "mladost-p", "canonical_name": "NK Mladost (P)", "short_name": "Mladost", "county": "Splitsko-dalmatinska županija", "created_at": "2026-05-16 22:02:58", "updated_at": "2026-05-16 22:19:03", "top_tier": 6, "top_league_name": "1. ŽNL (VSŽ)", "seasons": [{"league": "1. ŽNL (VSŽ)", "tier": 6, "league_county": "Vukovarsko-srijemska županija", "season": "hrnogomet-season-958", "source": "hrnogomet"}, {"league": "1. ŽNL (SDŽ)", "tier": 6, "league_county": "Splitsko-dalmatinska županija", "season": "hrnogomet-season-1007", "source": "hrnogomet"}], "aliases": [{"alias": "NK Mladost (P)", "source": "hrnogomet"}], "source_ids": [{"id": "1360", "source": "hrnogomet-id"}, {"id": "1999", "source": "hrnogomet-id"}]}}, {"type": "Feature", "geometry": {"type": "Point", "coordinates": [15.5576687, 45.4861925]}, "properties": {"id": 158, "slug": "mladost-r", "canonical_name": "NK Mladost (R)", "short_name": "Mladost", "city": "Karlovac", "county": "Karlovačka županija", "address": "Rečica, 47000 Karlovac, Croatia", "created_at": "2026-05-16 22:02:39", "updated_at": "2026-05-17 01:30:25", "top_tier": 7, "top_league_name": "2. ŽNL (Karlovačka)", "seasons": [{"league": "2. ŽNL (Karlovačka)", "tier": 7, "league_county": "Karlovačka županija", "season": "hrnogomet-season-924", "source": "hrnogomet"}, {"league": "2. ŽNL - NS Kutina (SMŽ)", "tier": 7, "league_county": "Sisačko-moslavačka županija", "season": "hrnogomet-season-907", "source": "hrnogomet"}], "aliases": [{"alias": "NK Mladost (R)", "source": "hrnogomet"}], "source_ids": [{"id": "1690", "source": "hrnogomet-id"}, {"id": "1253", "source": "hrnogomet-id"}]}}, {"type": "Feature", "geometry": {"type": "Point", "coordinates": [18.6999882, 45.5515869]}, "properties": {"id": 346, "slug": "mladost-sd", "canonical_name": "NK Mladost (SĐ)", "short_name": "Mladost", "county": "Osječko-baranjska županija", "fb_url": "https://www.facebook.com/nkmladostdraz76/photos/a.2994394437246723/5041109049241908/?type=3", "created_at": "2026-05-16 22:02:47", "updated_at": "2026-05-17 01:30:35", "top_tier": 5, "top_league_name": "MŽNL Osijek - Vinkovci", "seasons": [{"league": "MŽNL Osijek - Vinkovci", "tier": 5, "season": "hrnogomet-season-918", "source": "hrnogomet"}, {"league": "1. ŽNL (KKŽ)", "tier": 6, "league_county": "Koprivničko-križevačka županija", "season": "hrnogomet-season-930", "source": "hrnogomet"}, {"league": "1. ŽNL (BPŽ)", "tier": 6, "league_county": "Brodsko-posavska županija", "season": "hrnogomet-season-900", "source": "hrnogomet"}, {"league": "2. ŽNL Našice (OBŽ)", "tier": 7, "league_county": "Osječko-baranjska županija", "season": "hrnogomet-season-903", "source": "hrnogomet"}], "aliases": [{"alias": "NK Mladost (S)", "source": "hrnogomet"}, {"alias": "NK Mladost (SĐ)", "source": "hrnogomet"}], "source_ids": [{"id": "1490", "source": "hrnogomet-id"}, {"id": "1729", "source": "hrnogomet-id"}, {"id": "1676", "source": "hrnogomet-id"}, {"id": "1969", "source": "hrnogomet-id"}]}}, {"type": "Feature", "geometry": {"type": "Point", "coordinates": [18.6999882, 45.5515869]}, "properties": {"id": 641, "slug": "mladost-t", "canonical_name": "NK Mladost (T)", "short_name": "Mladost", "county": "Osječko-baranjska županija", "fb_url": "https://www.facebook.com/nkmladostdraz76/photos/a.2994394437246723/5041109049241908/?type=3", "created_at": "2026-05-16 22:02:57", "updated_at": "2026-05-17 01:30:35", "top_tier": 7, "top_league_name": "2. ŽNL Valpovo (OBŽ)", "seasons": [{"league": "2. ŽNL Valpovo (OBŽ)", "tier": 7, "league_county": "Osječko-baranjska županija", "season": "hrnogomet-season-910", "source": "hrnogomet"}], "aliases": [{"alias": "NK Mladost (T)", "source": "hrnogomet"}], "source_ids": [{"id": "2244", "source": "hrnogomet-id"}]}}, {"type": "Feature", "geometry": {"type": "Point", "coordinates": [18.8499196, 45.3080923]}, "properties": {"id": 463, "slug": "mladost-v", "canonical_name": "NK Mladost (V)", "short_name": "Mladost", "city": "Jasenovac", "county": "Vukovarsko-srijemska županija", "address": "Košutarica b. b., 44324 Jasenovac Košutarica", "stadium_name": "Čimen", "founded_year": 1968, "phone": "044602018", "phone_e164": "+38544602018", "phone_kind": "landline", "fb_url": "https://www.facebook.com/sharer/sharer.php?u=https%3a%2f%2fsemafor.hns.family%2fen%2fclubs%2f1083%2fnk-mladost-k%2f", "x_url": "https://twitter.com/home?status=https%3a%2f%2fsemafor.hns.family%2fen%2fclubs%2f1083%2fnk-mladost-k%2f", "created_at": "2026-05-16 22:02:50", "updated_at": "2026-05-17 01:30:35", "top_tier": 5, "top_league_name": "MŽNL Osijek - Vinkovci", "seasons": [{"league": "MŽNL Osijek - Vinkovci", "tier": 5, "season": "hrnogomet-season-918", "source": "hrnogomet"}, {"league": "1. ŽNL (VPŽ)", "tier": 6, "league_county": "Virovitičko-podravska županija", "season": "hrnogomet-season-965", "source": "hrnogomet"}], "aliases": [{"alias": "NK Mladost (V)", "source": "hrnogomet"}], "source_ids": [{"id": "2089", "source": "hrnogomet-id"}, {"id": "1341", "source": "hrnogomet-id"}]}}, {"type": "Feature", "geometry": {"type": "Point", "coordinates": [16.3323699, 46.2841551]}, "properties": {"id": 313, "slug": "mladost-vz", "canonical_name": "NK Mladost (VŽ)", "short_name": "Mladost", "county": "Varaždinska županija", "fb_url": "https://www.facebook.com/nkmladostvarazdin/?locale=hr_HR", "created_at": "2026-05-16 22:02:45", "updated_at": "2026-05-17 01:30:36", "top_tier": 7, "top_league_name": "2. ŽNL (VŽŽ)", "seasons": [{"league": "2. ŽNL (VŽŽ)", "tier": 7, "league_county": "Varaždinska županija", "season": "hrnogomet-season-954", "source": "hrnogomet"}], "aliases": [{"alias": "NK Mladost (VŽ)", "source": "hrnogomet"}], "source_ids": [{"id": "1275", "source": "hrnogomet-id"}]}}, {"type": "Feature", "geometry": {"type": "Point", "coordinates": [15.989185, 45.7495569]}, "properties": {"id": 263, "slug": "mladost-buzin", "canonical_name": "NK Mladost - Buzin", "short_name": "Mladost", "city": "Zagreb", "county": "Grad Zagreb", "address": "Ulica Mladosti I. odvojak 3, HR-10010 Zagreb", "website": "https://www.nk-mladost-buzin.hr", "email": "nk-mladost-buzin@zg.t-com.hr", "phone": "091/4608-001", "phone_e164": "+385914608001", "phone_kind": "mobile", "president": "Mario Ban", "created_at": "2026-05-16 22:02:43", "updated_at": "2026-05-16 23:10:57", "top_tier": 6, "top_league_name": "1. Zagrebačka NL (Grad Zagreb)", "seasons": [{"league": "1. Zagrebačka NL (Grad Zagreb)", "tier": 6, "league_county": "Grad Zagreb", "season": "hrnogomet-season-938", "source": "hrnogomet"}], "aliases": [{"alias": "NK Mladost - Buzin", "source": "hrnogomet"}], "source_ids": [{"id": "1414", "source": "hrnogomet-id"}]}}, {"type": "Feature", "geometry": {"type": "Point", "coordinates": [17.3804903, 45.284731]}, "properties": {"id": 542, "slug": "mladost-1977", "canonical_name": "NK Mladost 1977", "short_name": "Mladost", "city": "Bebrina", "county": "Brodsko-posavska županija", "address": "Banovci 20, 35254 Bebrina Banovci", "stadium_name": "Zaloji", "founded_year": 2011, "website": "https://semafor.hns.family/klubovi/5022/nk-mladost-1977/", "fb_url": "https://www.facebook.com/sharer/sharer.php?u=https%3a%2f%2fsemafor.hns.family%2fklubovi%2f5022%2fnk-mladost-1977%2f", "x_url": "https://twitter.com/home?status=https%3a%2f%2fsemafor.hns.family%2fklubovi%2f5022%2fnk-mladost-1977%2f", "created_at": "2026-05-16 22:02:53", "updated_at": "2026-05-17 01:31:01", "top_tier": 8, "top_league_name": "3. ŽNL Zapad (BPŽ)", "seasons": [{"league": "3. ŽNL Zapad (BPŽ)", "tier": 8, "league_county": "Brodsko-posavska županija", "season": "hrnogomet-season-935", "source": "hrnogomet"}], "aliases": [{"alias": "NK Mladost 1977", "source": "hrnogomet"}], "source_ids": [{"id": "1194", "source": "hrnogomet-id"}]}}, {"type": "Feature", "geometry": {"type": "Point", "coordinates": [16.1193341, 46.0029999]}, "properties": {"id": 249, "slug": "mladost-marija-bistrica", "canonical_name": "NK Mladost Marija Bistrica", "short_name": "Mladost", "county": "Krapinsko-zagorska županija", "created_at": "2026-05-16 22:02:42", "updated_at": "2026-05-16 22:16:06", "top_tier": 6, "top_league_name": "1. ŽNL (KZŽ)", "seasons": [{"league": "1. ŽNL (KZŽ)", "tier": 6, "league_county": "Krapinsko-zagorska županija", "season": "hrnogomet-season-926", "source": "hrnogomet"}], "aliases": [{"alias": "NK Mladost Marija Bistrica", "source": "hrnogomet"}], "source_ids": [{"id": "2774", "source": "hrnogomet-id"}]}}, {"type": "Feature", "geometry": {"type": "Point", "coordinates": [16.1091522, 45.7704366]}, "properties": {"id": 235, "slug": "mladost-obrezina", "canonical_name": "NK Mladost Obrezina", "short_name": "Mladost", "city": "Obrezina", "county": "Zagrebačka županija", "founded_year": 1934, "website": "https://ns-vrbovec.hr/", "phone": "095 594 9347", "phone_e164": "+385955949347", "phone_kind": "mobile", "president": "Marijo Treščec", "created_at": "2026-05-16 22:02:42", "updated_at": "2026-05-16 22:52:57", "top_tier": 6, "top_league_name": "J1. ŽNL  (Zagrebačka)", "seasons": [{"league": "J1. ŽNL  (Zagrebačka)", "tier": 6, "league_county": "Zagrebačka županija", "season": "hrnogomet-season-897", "source": "hrnogomet"}], "aliases": [{"alias": "NK Mladost Obrezina", "source": "hrnogomet"}], "source_ids": [{"id": "1809", "source": "hrnogomet-id"}]}}, {"type": "Feature", "geometry": {"type": "Point", "coordinates": [15.7498517, 43.755071]}, "properties": {"id": 666, "slug": "mladost-tribunj", "canonical_name": "NK Mladost Tribunj", "short_name": "Mladost", "county": "Šibensko-kninska županija", "created_at": "2026-05-16 22:02:58", "updated_at": "2026-05-16 22:18:41", "top_tier": 6, "top_league_name": "1. ŽNL (ŠKŽ)", "seasons": [{"league": "1. ŽNL (ŠKŽ)", "tier": 6, "league_county": "Šibensko-kninska županija", "season": "hrnogomet-season-1008", "source": "hrnogomet"}], "aliases": [{"alias": "NK Mladost Tribunj", "source": "hrnogomet"}], "source_ids": [{"id": "2025", "source": "hrnogomet-id"}]}}, {"type": "Feature", "geometry": {"type": "Point", "coordinates": [16.8718808, 45.8783698]}, "properties": {"id": 26, "slug": "mladost-zdralovi", "canonical_name": "NK Mladost Ždralovi", "short_name": "Mladost (Ž)", "city": "Ždralovi", "stadium_name": "Stadion Brdo", "stadium_capacity": 833, "founded_year": 1933, "created_at": "2026-05-16 21:49:14", "updated_at": "2026-05-16 21:52:49", "top_tier": 3, "top_league_name": "2. NL", "seasons": [{"league": "2. NL", "tier": 3, "season": "25/26", "source": "sofascore"}, {"league": "3. HNL Sjever", "tier": 3, "season": "2021/22", "source": "sofascore"}], "aliases": [{"alias": "NK Mladost Ždralovi", "source": "sofascore"}, {"alias": "Mladost (Ž)", "source": "sofascore"}], "source_ids": [{"id": "35238", "source": "sofascore-id"}]}}, {"type": "Feature", "geometry": {"type": "Point", "coordinates": [16.8413608, 45.8965163]}, "properties": {"id": 404, "slug": "mlinar", "canonical_name": "NK Mlinar", "short_name": "Mlinar", "county": "Bjelovarsko-bilogorska županija", "created_at": "2026-05-16 22:02:48", "updated_at": "2026-05-16 22:17:03", "top_tier": 7, "top_league_name": "2. ŽNL (BBŽ)", "seasons": [{"league": "2. ŽNL (BBŽ)", "tier": 7, "league_county": "Bjelovarsko-bilogorska županija", "season": "hrnogomet-season-920", "source": "hrnogomet"}], "aliases": [{"alias": "NK Mlinar", "source": "hrnogomet"}], "source_ids": [{"id": "1458", "source": "hrnogomet-id"}]}}, {"type": "Feature", "geometry": {"type": "Point", "coordinates": [16.6428554, 45.5739858]}, "properties": {"id": 155, "slug": "moslavina-dg", "canonical_name": "NK Moslavina (DG)", "short_name": "Moslavina", "county": "Sisačko-moslavačka županija", "created_at": "2026-05-16 22:02:39", "updated_at": "2026-05-16 22:15:33", "top_tier": 7, "top_league_name": "2. ŽNL - NS Kutina (SMŽ)", "seasons": [{"league": "2. ŽNL - NS Kutina (SMŽ)", "tier": 7, "league_county": "Sisačko-moslavačka županija", "season": "hrnogomet-season-907", "source": "hrnogomet"}], "aliases": [{"alias": "NK Moslavina (DG)", "source": "hrnogomet"}], "source_ids": [{"id": "1919", "source": "hrnogomet-id"}]}}, {"type": "Feature", "geometry": {"type": "Point", "coordinates": [16.8298033, 45.7413636]}, "properties": {"id": 418, "slug": "moslavina-dp", "canonical_name": "NK Moslavina (DP)", "short_name": "Moslavina", "county": "Bjelovarsko-bilogorska županija", "created_at": "2026-05-16 22:02:49", "updated_at": "2026-05-16 22:17:08", "top_tier": 8, "top_league_name": "3. ŽNL SJEVER (BBŽ)", "seasons": [{"league": "3. ŽNL SJEVER (BBŽ)", "tier": 8, "league_county": "Bjelovarsko-bilogorska županija", "season": "hrnogomet-season-923", "source": "hrnogomet"}], "aliases": [{"alias": "NK Moslavina (DP)", "source": "hrnogomet"}], "source_ids": [{"id": "1473", "source": "hrnogomet-id"}]}}, {"type": "Feature", "geometry": {"type": "Point", "coordinates": [16.8298033, 45.7413636]}, "properties": {"id": 406, "slug": "moslavina-vt", "canonical_name": "NK Moslavina (VT)", "short_name": "Moslavina", "county": "Bjelovarsko-bilogorska županija", "created_at": "2026-05-16 22:02:48", "updated_at": "2026-05-16 22:17:04", "top_tier": 7, "top_league_name": "2. ŽNL (BBŽ)", "seasons": [{"league": "2. ŽNL (BBŽ)", "tier": 7, "league_county": "Bjelovarsko-bilogorska županija", "season": "hrnogomet-season-920", "source": "hrnogomet"}], "aliases": [{"alias": "NK Moslavina (VT)", "source": "hrnogomet"}], "source_ids": [{"id": "1474", "source": "hrnogomet-id"}]}}, {"type": "Feature", "geometry": {"type": "Point", "coordinates": [18.0202521, 45.4943318]}, "properties": {"id": 586, "slug": "moticina", "canonical_name": "NK Motičina", "short_name": "Motičina", "county": "Osječko-baranjska županija", "created_at": "2026-05-16 22:02:55", "updated_at": "2026-05-16 22:18:11", "top_tier": 6, "top_league_name": "1. ŽNL (OBŽ)", "seasons": [{"league": "1. ŽNL (OBŽ)", "tier": 6, "league_county": "Osječko-baranjska županija", "season": "hrnogomet-season-957", "source": "hrnogomet"}], "aliases": [{"alias": "NK Motičina", "source": "hrnogomet"}], "source_ids": [{"id": "1671", "source": "hrnogomet-id"}]}}, {"type": "Feature", "geometry": {"type": "Point", "coordinates": [16.7812615, 46.1758965]}, "properties": {"id": 343, "slug": "mocile", "canonical_name": "NK Močile", "short_name": "Močile", "county": "Koprivničko-križevačka županija", "created_at": "2026-05-16 22:02:47", "updated_at": "2026-05-16 22:16:41", "top_tier": 6, "top_league_name": "1. ŽNL (KKŽ)", "seasons": [{"league": "1. ŽNL (KKŽ)", "tier": 6, "league_county": "Koprivničko-križevačka županija", "season": "hrnogomet-season-930", "source": "hrnogomet"}], "aliases": [{"alias": "NK Močile", "source": "hrnogomet"}], "source_ids": [{"id": "1504", "source": "hrnogomet-id"}]}}, {"type": "Feature", "geometry": {"type": "Point", "coordinates": [15.3958851, 45.2976643]}, "properties": {"id": 304, "slug": "mreznica", "canonical_name": "NK Mrežnica", "short_name": "Mrežnica", "county": "Karlovačka županija", "created_at": "2026-05-16 22:02:44", "updated_at": "2026-05-16 22:16:26", "top_tier": 7, "top_league_name": "2. ŽNL (Karlovačka)", "seasons": [{"league": "2. ŽNL (Karlovačka)", "tier": 7, "league_county": "Karlovačka županija", "season": "hrnogomet-season-924", "source": "hrnogomet"}], "aliases": [{"alias": "NK Mrežnica", "source": "hrnogomet"}], "source_ids": [{"id": "1265", "source": "hrnogomet-id"}]}}, {"type": "Feature", "geometry": {"type": "Point", "coordinates": [14.8557128, 45.3154497]}, "properties": {"id": 449, "slug": "mrkopalj", "canonical_name": "NK Mrkopalj", "short_name": "Mrkopalj", "county": "Primorsko-goranska županija", "created_at": "2026-05-16 22:02:50", "updated_at": "2026-05-16 22:17:19", "top_tier": 7, "top_league_name": "2. ŽNL (PGŽ)", "seasons": [{"league": "2. ŽNL (PGŽ)", "tier": 7, "league_county": "Primorsko-goranska županija", "season": "hrnogomet-season-996", "source": "hrnogomet"}], "aliases": [{"alias": "NK Mrkopalj", "source": "hrnogomet"}], "source_ids": [{"id": "1871", "source": "hrnogomet-id"}]}}, {"type": "Feature", "geometry": {"type": "Point", "coordinates": [14.1659501, 45.4583249]}, "properties": {"id": 439, "slug": "mune", "canonical_name": "NK Mune", "short_name": "Mune", "county": "Primorsko-goranska županija", "created_at": "2026-05-16 22:02:49", "updated_at": "2026-05-16 22:17:15", "top_tier": 6, "top_league_name": "1. ŽNL (PGŽ)", "seasons": [{"league": "1. ŽNL (PGŽ)", "tier": 6, "league_county": "Primorsko-goranska županija", "season": "hrnogomet-season-995", "source": "hrnogomet"}], "aliases": [{"alias": "NK Mune", "source": "hrnogomet"}], "source_ids": [{"id": "1862", "source": "hrnogomet-id"}]}}, {"type": "Feature", "geometry": {"type": "Point", "coordinates": [18.6953685, 45.5548793]}, "properties": {"id": 625, "slug": "mursa", "canonical_name": "NK Mursa", "short_name": "Mursa", "county": "Osječko-baranjska županija", "created_at": "2026-05-16 22:02:56", "updated_at": "2026-05-16 22:18:26", "top_tier": 7, "top_league_name": "2. ŽNL Osijek (OBŽ)", "seasons": [{"league": "2. ŽNL Osijek (OBŽ)", "tier": 7, "league_county": "Osječko-baranjska županija", "season": "hrnogomet-season-991", "source": "hrnogomet"}], "aliases": [{"alias": "NK Mursa", "source": "hrnogomet"}], "source_ids": [{"id": "2196", "source": "hrnogomet-id"}]}}, {"type": "Feature", "geometry": {"type": "Point", "coordinates": [18.090736, 45.4856031]}, "properties": {"id": 38, "slug": "nask-nasice", "canonical_name": "NK NAŠK Našice", "short_name": "NAŠK", "city": "Nasice", "stadium_name": "Gradski Stadion Našice", "created_at": "2026-05-16 21:49:29", "updated_at": "2026-05-16 21:49:29", "top_tier": 3, "top_league_name": "3. HNL Istok", "seasons": [{"league": "3. HNL Istok", "tier": 3, "season": "2021/22", "source": "sofascore"}], "aliases": [{"alias": "NK NAŠK Našice", "source": "sofascore"}, {"alias": "NAŠK", "source": "sofascore"}], "source_ids": [{"id": "321990", "source": "sofascore-id"}]}}, {"type": "Feature", "geometry": {"type": "Point", "coordinates": [16.9648034, 45.3872546]}, "properties": {"id": 183, "slug": "nafta", "canonical_name": "NK Nafta", "short_name": "Nafta", "county": "Sisačko-moslavačka županija", "created_at": "2026-05-16 22:02:40", "updated_at": "2026-05-16 22:15:43", "top_tier": 7, "top_league_name": "2. ŽNL - NS Novska (SMŽ)", "seasons": [{"league": "2. ŽNL - NS Novska (SMŽ)", "tier": 7, "league_county": "Sisačko-moslavačka županija", "season": "hrnogomet-season-994", "source": "hrnogomet"}], "aliases": [{"alias": "NK Nafta", "source": "hrnogomet"}], "source_ids": [{"id": "1939", "source": "hrnogomet-id"}]}}, {"type": "Feature", "geometry": {"type": "Point", "coordinates": [16.7050598, 45.8980415]}, "properties": {"id": 402, "slug": "napredak-rajic", "canonical_name": "NK Napredak Rajić", "short_name": "Napredak", "county": "Bjelovarsko-bilogorska županija", "created_at": "2026-05-16 22:02:48", "updated_at": "2026-05-16 22:17:02", "top_tier": 7, "top_league_name": "2. ŽNL (BBŽ)", "seasons": [{"league": "2. ŽNL (BBŽ)", "tier": 7, "league_county": "Bjelovarsko-bilogorska županija", "season": "hrnogomet-season-920", "source": "hrnogomet"}], "aliases": [{"alias": "NK Napredak Rajić", "source": "hrnogomet"}], "source_ids": [{"id": "1459", "source": "hrnogomet-id"}]}}, {"type": "Feature", "geometry": {"type": "Point", "coordinates": [14.5989301, 45.2840364]}, "properties": {"id": 117, "slug": "naprijed-hreljin", "canonical_name": "NK Naprijed Hreljin", "short_name": "Naprijed (H)", "city": "Hreljin", "stadium_name": "Lonja", "stadium_capacity": 1000, "created_at": "2026-05-16 21:53:25", "updated_at": "2026-05-16 21:53:25", "top_tier": 4, "top_league_name": "3. NL - Zapad", "seasons": [{"league": "3. NL - Zapad", "tier": 4, "season": "25/26", "source": "sofascore"}], "aliases": [{"alias": "NK Naprijed Hreljin", "source": "sofascore"}, {"alias": "Naprijed (H)", "source": "sofascore"}], "source_ids": [{"id": "355380", "source": "sofascore-id"}]}}, {"type": "Feature", "geometry": {"type": "Point", "coordinates": [16.3859138, 46.376116]}, "properties": {"id": 93, "slug": "nedelisce", "canonical_name": "NK Nedelišće", "short_name": "Nedelišće", "created_at": "2026-05-16 21:52:56", "updated_at": "2026-05-16 21:52:56", "top_tier": 4, "top_league_name": "3. NL - Sjever", "seasons": [{"league": "3. NL - Sjever", "tier": 4, "season": "25/26", "source": "sofascore"}], "aliases": [{"alias": "NK Nedelišće", "source": "sofascore"}, {"alias": "Nedelišće", "source": "sofascore"}], "source_ids": [{"id": "79825", "source": "sofascore-id"}]}}, {"type": "Feature", "geometry": {"type": "Point", "coordinates": [18.9972584, 45.2782306]}, "properties": {"id": 673, "slug": "negoslavci", "canonical_name": "NK Negoslavci", "short_name": "Negoslavci", "county": "Vukovarsko-srijemska županija", "created_at": "2026-05-16 22:02:58", "updated_at": "2026-05-16 22:18:44", "top_tier": 6, "top_league_name": "1. ŽNL (VSŽ)", "seasons": [{"league": "1. ŽNL (VSŽ)", "tier": 6, "league_county": "Vukovarsko-srijemska županija", "season": "hrnogomet-season-958", "source": "hrnogomet"}], "aliases": [{"alias": "NK Negoslavci", "source": "hrnogomet"}], "source_ids": [{"id": "1343", "source": "hrnogomet-id"}]}}, {"type": "Feature", "geometry": {"type": "Point", "coordinates": [13.9098445, 45.3503765]}, "properties": {"id": 119, "slug": "nehaj-senj", "canonical_name": "NK Nehaj Senj", "short_name": "Nehaj", "city": "Senj", "stadium_name": "Pod Nehajem", "stadium_capacity": 1500, "created_at": "2026-05-16 21:53:27", "updated_at": "2026-05-16 21:53:27", "top_tier": 4, "top_league_name": "3. NL - Zapad", "seasons": [{"league": "3. NL - Zapad", "tier": 4, "season": "25/26", "source": "sofascore"}], "aliases": [{"alias": "NK Nehaj Senj", "source": "sofascore"}, {"alias": "Nehaj", "source": "sofascore"}], "source_ids": [{"id": "35217", "source": "sofascore-id"}]}}, {"type": "Feature", "geometry": {"type": "Point", "coordinates": [17.6460392, 43.0517901]}, "properties": {"id": 60, "slug": "neretva-metkovic", "canonical_name": "NK Neretva Metković", "short_name": "Neretva", "city": "Metković", "stadium_name": "Iza Vage", "created_at": "2026-05-16 21:49:53", "updated_at": "2026-05-16 21:53:45", "top_tier": 3, "top_league_name": "3. HNL Jug", "seasons": [{"league": "3. HNL Jug", "tier": 3, "season": "2021/22", "source": "sofascore"}, {"league": "3. NL - Jug", "tier": 4, "season": "25/26", "source": "sofascore"}], "aliases": [{"alias": "NK Neretva Metković", "source": "sofascore"}, {"alias": "Neretva", "source": "sofascore"}], "source_ids": [{"id": "233068", "source": "sofascore-id"}]}}, {"type": "Feature", "geometry": {"type": "Point", "coordinates": [17.5614041, 43.0160658]}, "properties": {"id": 63, "slug": "neretvanac-opuzen", "canonical_name": "NK Neretvanac Opuzen", "short_name": "Neretvanac", "city": "Opuzen", "stadium_name": "Podvornica (Opuzen)", "founded_year": 2019, "created_at": "2026-05-16 21:49:56", "updated_at": "2026-05-16 21:53:45", "top_tier": 3, "top_league_name": "3. HNL Jug", "seasons": [{"league": "3. HNL Jug", "tier": 3, "season": "2021/22", "source": "sofascore"}, {"league": "3. NL - Jug", "tier": 4, "season": "25/26", "source": "sofascore"}], "aliases": [{"alias": "NK Neretvanac Opuzen", "source": "sofascore"}, {"alias": "Neretvanac", "source": "sofascore"}], "source_ids": [{"id": "231228", "source": "sofascore-id"}]}}, {"type": "Feature", "geometry": {"type": "Point", "coordinates": [18.8382258, 45.3290186]}, "properties": {"id": 694, "slug": "nosteria", "canonical_name": "NK Nosteria", "short_name": "Nosteria", "county": "Vukovarsko-srijemska županija", "created_at": "2026-05-16 22:02:59", "updated_at": "2026-05-16 22:18:51", "top_tier": 7, "top_league_name": "2. ŽNL VK (VSŽ)", "seasons": [{"league": "2. ŽNL VK (VSŽ)", "tier": 7, "league_county": "Vukovarsko-srijemska županija", "season": "hrnogomet-season-959", "source": "hrnogomet"}], "aliases": [{"alias": "NK Nosteria", "source": "hrnogomet"}], "source_ids": [{"id": "1344", "source": "hrnogomet-id"}]}}, {"type": "Feature", "geometry": {"type": "Point", "coordinates": [16.4958216, 46.2669998]}, "properties": {"id": 311, "slug": "novakovec", "canonical_name": "NK Novakovec", "short_name": "Novakovec", "county": "Varaždinska županija", "created_at": "2026-05-16 22:02:45", "updated_at": "2026-05-16 22:16:29", "top_tier": 7, "top_league_name": "2. ŽNL (VŽŽ)", "seasons": [{"league": "2. ŽNL (VŽŽ)", "tier": 7, "league_county": "Varaždinska županija", "season": "hrnogomet-season-954", "source": "hrnogomet"}], "aliases": [{"alias": "NK Novakovec", "source": "hrnogomet"}], "source_ids": [{"id": "1292", "source": "hrnogomet-id"}]}}, {"type": "Feature", "geometry": {"type": "Point", "coordinates": [14.8830742, 44.5471212]}, "properties": {"id": 114, "slug": "novalja", "canonical_name": "NK Novalja", "short_name": "Novalja", "city": "Novalja", "stadium_name": "Stadion Cissa-Straško", "stadium_capacity": 2000, "created_at": "2026-05-16 21:53:22", "updated_at": "2026-05-16 21:53:22", "top_tier": 4, "top_league_name": "3. NL - Zapad", "seasons": [{"league": "3. NL - Zapad", "tier": 4, "season": "25/26", "source": "sofascore"}], "aliases": [{"alias": "NK Novalja", "source": "sofascore"}, {"alias": "Novalja", "source": "sofascore"}], "source_ids": [{"id": "35241", "source": "sofascore-id"}]}}, {"type": "Feature", "geometry": {"type": "Point", "coordinates": [16.7283429, 43.6901297]}, "properties": {"id": 68, "slug": "osk-otok", "canonical_name": "NK OSK Otok", "short_name": "OSK Otok", "city": "Otok", "stadium_name": "ŠC Gola Brda", "stadium_capacity": 2000, "created_at": "2026-05-16 21:50:01", "updated_at": "2026-05-16 21:50:01", "top_tier": 3, "top_league_name": "3. HNL Jug", "seasons": [{"league": "3. HNL Jug", "tier": 3, "season": "2021/22", "source": "sofascore"}], "aliases": [{"alias": "NK OSK Otok", "source": "sofascore"}, {"alias": "OSK Otok", "source": "sofascore"}], "source_ids": [{"id": "229134", "source": "sofascore-id"}]}}, {"type": "Feature", "geometry": {"type": "Point", "coordinates": [18.7328197, 45.5549963]}, "properties": {"id": 587, "slug": "olimpija", "canonical_name": "NK Olimpija", "short_name": "Olimpija", "created_at": "2026-05-16 22:02:55", "updated_at": "2026-05-16 22:18:11", "top_tier": 6, "top_league_name": "1. ŽNL (OBŽ)", "seasons": [{"league": "1. ŽNL (OBŽ)", "tier": 6, "league_county": "Osječko-baranjska županija", "season": "hrnogomet-season-957", "source": "hrnogomet"}], "aliases": [{"alias": "NK Olimpija", "source": "hrnogomet"}], "source_ids": [{"id": "1975", "source": "hrnogomet-id"}]}}, {"type": "Feature", "geometry": {"type": "Point", "coordinates": [16.6839541, 43.4417427]}, "properties": {"id": 133, "slug": "omis", "canonical_name": "NK Omiš", "short_name": "Omiš", "city": "Omis", "stadium_name": "Anđelko Marušić Ferata", "created_at": "2026-05-16 21:53:45", "updated_at": "2026-05-16 21:53:45", "top_tier": 4, "top_league_name": "3. NL - Jug", "seasons": [{"league": "3. NL - Jug", "tier": 4, "season": "25/26", "source": "sofascore"}], "aliases": [{"alias": "NK Omiš", "source": "sofascore"}, {"alias": "Omiš", "source": "sofascore"}], "source_ids": [{"id": "251154", "source": "sofascore-id"}]}}, {"type": "Feature", "geometry": {"type": "Point", "coordinates": [18.2331332, 45.5445304]}, "properties": {"id": 583, "slug": "omladinac-j", "canonical_name": "NK Omladinac (J)", "short_name": "Omladinac", "county": "Osječko-baranjska županija", "created_at": "2026-05-16 22:02:55", "updated_at": "2026-05-16 22:18:10", "top_tier": 6, "top_league_name": "1. ŽNL (OBŽ)", "seasons": [{"league": "1. ŽNL (OBŽ)", "tier": 6, "league_county": "Osječko-baranjska županija", "season": "hrnogomet-season-957", "source": "hrnogomet"}], "aliases": [{"alias": "NK Omladinac (J)", "source": "hrnogomet"}], "source_ids": [{"id": "1615", "source": "hrnogomet-id"}]}}, {"type": "Feature", "geometry": {"type": "Point", "coordinates": [18.2331332, 45.5445304]}, "properties": {"id": 584, "slug": "omladinac-p", "canonical_name": "NK Omladinac (P)", "short_name": "Omladinac", "county": "Osječko-baranjska županija", "created_at": "2026-05-16 22:02:55", "updated_at": "2026-05-16 22:18:10", "top_tier": 6, "top_league_name": "1. ŽNL (OBŽ)", "seasons": [{"league": "1. ŽNL (OBŽ)", "tier": 6, "league_county": "Osječko-baranjska županija", "season": "hrnogomet-season-957", "source": "hrnogomet"}], "aliases": [{"alias": "NK Omladinac (P)", "source": "hrnogomet"}], "source_ids": [{"id": "2215", "source": "hrnogomet-id"}]}}, {"type": "Feature", "geometry": {"type": "Point", "coordinates": [18.2331332, 45.5445304]}, "properties": {"id": 445, "slug": "omladinac-v", "canonical_name": "NK Omladinac (V)", "short_name": "Omladinac", "county": "Osječko-baranjska županija", "created_at": "2026-05-16 22:02:49", "updated_at": "2026-05-16 22:18:08", "top_tier": 6, "top_league_name": "1. ŽNL (PGŽ)", "seasons": [{"league": "1. ŽNL (PGŽ)", "tier": 6, "league_county": "Primorsko-goranska županija", "season": "hrnogomet-season-995", "source": "hrnogomet"}, {"league": "1. ŽNL (OBŽ)", "tier": 6, "league_county": "Osječko-baranjska županija", "season": "hrnogomet-season-957", "source": "hrnogomet"}, {"league": "2. ŽNL Zapad (BPŽ)", "tier": 7, "league_county": "Brodsko-posavska županija", "season": "hrnogomet-season-940", "source": "hrnogomet"}], "aliases": [{"alias": "NK Omladinac (V)", "source": "hrnogomet"}], "source_ids": [{"id": "1863", "source": "hrnogomet-id"}, {"id": "1161", "source": "hrnogomet-id"}, {"id": "1680", "source": "hrnogomet-id"}]}}, {"type": "Feature", "geometry": {"type": "Point", "coordinates": [16.8418012, 45.8975233]}, "properties": {"id": 403, "slug": "omladinac-c", "canonical_name": "NK Omladinac (Ć)", "short_name": "Omladinac", "county": "Bjelovarsko-bilogorska županija", "created_at": "2026-05-16 22:02:48", "updated_at": "2026-05-16 22:17:02", "top_tier": 7, "top_league_name": "2. ŽNL (BBŽ)", "seasons": [{"league": "2. ŽNL (BBŽ)", "tier": 7, "league_county": "Bjelovarsko-bilogorska županija", "season": "hrnogomet-season-920", "source": "hrnogomet"}], "aliases": [{"alias": "NK Omladinac (Ć)", "source": "hrnogomet"}], "source_ids": [{"id": "1461", "source": "hrnogomet-id"}]}}, {"type": "Feature", "geometry": {"type": "Point", "coordinates": [18.2331332, 45.5445304]}, "properties": {"id": 589, "slug": "omladinac-s", "canonical_name": "NK Omladinac (ĐS)", "short_name": "Omladinac", "county": "Osječko-baranjska županija", "created_at": "2026-05-16 22:02:55", "updated_at": "2026-05-16 22:18:12", "top_tier": 7, "top_league_name": "2. ŽNL Đakovo (OBŽ)", "seasons": [{"league": "2. ŽNL Đakovo (OBŽ)", "tier": 7, "league_county": "Osječko-baranjska županija", "season": "hrnogomet-season-937", "source": "hrnogomet"}], "aliases": [{"alias": "NK Omladinac (ĐS)", "source": "hrnogomet"}], "source_ids": [{"id": "1625", "source": "hrnogomet-id"}]}}, {"type": "Feature", "geometry": {"type": "Point", "coordinates": [14.30833, 45.33917]}, "properties": {"id": 11, "slug": "opatija", "canonical_name": "NK Opatija", "short_name": "Opatija", "city": "Opatija", "stadium_name": "Stadion NK Opatija", "founded_year": 1911, "created_at": "2026-05-16 21:48:57", "updated_at": "2026-05-16 21:52:45", "top_tier": 2, "top_league_name": "1. NL", "seasons": [{"league": "1. NL", "tier": 2, "season": "25/26", "source": "sofascore"}], "aliases": [{"alias": "NK Opatija", "source": "sofascore"}, {"alias": "Opatija", "source": "sofascore"}], "source_ids": [{"id": "44480", "source": "sofascore-id"}]}}, {"type": "Feature", "geometry": {"type": "Point", "coordinates": [17.5936376, 45.8069615]}, "properties": {"id": 465, "slug": "oresac", "canonical_name": "NK Orešac", "short_name": "Orešac", "county": "Virovitičko-podravska županija", "created_at": "2026-05-16 22:02:50", "updated_at": "2026-05-16 22:17:25", "top_tier": 6, "top_league_name": "1. ŽNL (VPŽ)", "seasons": [{"league": "1. ŽNL (VPŽ)", "tier": 6, "league_county": "Virovitičko-podravska županija", "season": "hrnogomet-season-965", "source": "hrnogomet"}], "aliases": [{"alias": "NK Orešac", "source": "hrnogomet"}], "source_ids": [{"id": "2434", "source": "hrnogomet-id"}]}}, {"type": "Feature", "geometry": {"type": "Point", "coordinates": [17.748785, 45.163477]}, "properties": {"id": 35, "slug": "oriolik-oriovac", "canonical_name": "NK Oriolik Oriovac", "short_name": "Oriolik", "city": "Oriovac", "stadium_name": "Stadion NK Oriolik", "stadium_capacity": 1500, "created_at": "2026-05-16 21:49:26", "updated_at": "2026-05-16 21:49:26", "top_tier": 3, "top_league_name": "3. HNL Istok", "seasons": [{"league": "3. HNL Istok", "tier": 3, "season": "2021/22", "source": "sofascore"}], "aliases": [{"alias": "NK Oriolik Oriovac", "source": "sofascore"}, {"alias": "Oriolik", "source": "sofascore"}], "source_ids": [{"id": "25930", "source": "sofascore-id"}]}}, {"type": "Feature", "geometry": {"type": "Point", "coordinates": [15.9144491, 45.9962496]}, "properties": {"id": 241, "slug": "oroslavje", "canonical_name": "NK Oroslavje", "short_name": "Oroslavje", "county": "Krapinsko-zagorska županija", "created_at": "2026-05-16 22:02:42", "updated_at": "2026-05-16 22:16:04", "top_tier": 6, "top_league_name": "1. ŽNL (KZŽ)", "seasons": [{"league": "1. ŽNL (KZŽ)", "tier": 6, "league_county": "Krapinsko-zagorska županija", "season": "hrnogomet-season-926", "source": "hrnogomet"}], "aliases": [{"alias": "NK Oroslavje", "source": "hrnogomet"}], "source_ids": [{"id": "1532", "source": "hrnogomet-id"}]}}, {"type": "Feature", "geometry": {"type": "Point", "coordinates": [18.65786, 45.56659]}, "properties": {"id": 2, "slug": "osijek", "canonical_name": "NK Osijek", "short_name": "Osijek", "city": "Osijek", "stadium_name": "Opus Arena", "stadium_capacity": 13005, "founded_year": 1947, "created_at": "2026-05-16 21:48:47", "updated_at": "2026-05-16 21:52:45", "top_tier": 1, "top_league_name": "SuperSport HNL", "seasons": [{"league": "SuperSport HNL", "tier": 1, "season": "25/26", "source": "sofascore"}], "aliases": [{"alias": "NK Osijek", "source": "sofascore"}, {"alias": "Osijek", "source": "sofascore"}], "source_ids": [{"id": "2040", "source": "sofascore-id"}]}}, {"type": "Feature", "geometry": {"type": "Point", "coordinates": [17.209808, 45.9260643]}, "properties": {"id": 470, "slug": "otrovanec", "canonical_name": "NK Otrovanec", "short_name": "Otrovanec", "county": "Virovitičko-podravska županija", "created_at": "2026-05-16 22:02:51", "updated_at": "2026-05-16 22:17:27", "top_tier": 7, "top_league_name": "2. ŽNL ZAPAD (VPŽ)", "seasons": [{"league": "2. ŽNL ZAPAD (VPŽ)", "tier": 7, "league_county": "Virovitičko-podravska županija", "season": "hrnogomet-season-982", "source": "hrnogomet"}], "aliases": [{"alias": "NK Otrovanec", "source": "hrnogomet"}], "source_ids": [{"id": "2423", "source": "hrnogomet-id"}]}}, {"type": "Feature", "geometry": {"type": "Point", "coordinates": [17.7879708, 45.3968014]}, "properties": {"id": 508, "slug": "ovcare", "canonical_name": "NK Ovčare", "short_name": "Ovčare", "county": "Požeško-slavonska županija", "created_at": "2026-05-16 22:02:52", "updated_at": "2026-05-16 22:17:40", "top_tier": 7, "top_league_name": "2. ŽNL (PSŽ)", "seasons": [{"league": "2. ŽNL (PSŽ)", "tier": 7, "league_county": "Požeško-slavonska županija", "season": "hrnogomet-season-925", "source": "hrnogomet"}], "aliases": [{"alias": "NK Ovčare", "source": "hrnogomet"}], "source_ids": [{"id": "1706", "source": "hrnogomet-id"}]}}, {"type": "Feature", "geometry": {"type": "Point", "coordinates": [14.5607, 45.216519]}, "properties": {"id": 116, "slug": "osk-omisalj", "canonical_name": "NK OŠK Omišalj", "short_name": "OŠK", "city": "Omišalj", "stadium_name": "Igralište Pušća", "stadium_capacity": 1000, "created_at": "2026-05-16 21:53:24", "updated_at": "2026-05-16 21:53:24", "top_tier": 4, "top_league_name": "3. NL - Zapad", "seasons": [{"league": "3. NL - Zapad", "tier": 4, "season": "25/26", "source": "sofascore"}], "aliases": [{"alias": "NK OŠK Omišalj", "source": "sofascore"}, {"alias": "OŠK", "source": "sofascore"}], "source_ids": [{"id": "361920", "source": "sofascore-id"}]}}, {"type": "Feature", "geometry": {"type": "Point", "coordinates": [15.2763467, 45.2258995]}, "properties": {"id": 302, "slug": "ostarije", "canonical_name": "NK Oštarije", "short_name": "Oštarije", "county": "Karlovačka županija", "created_at": "2026-05-16 22:02:44", "updated_at": "2026-05-16 22:16:25", "top_tier": 7, "top_league_name": "2. ŽNL (Karlovačka)", "seasons": [{"league": "2. ŽNL (Karlovačka)", "tier": 7, "league_county": "Karlovačka županija", "season": "hrnogomet-season-924", "source": "hrnogomet"}], "aliases": [{"alias": "NK Oštarije", "source": "hrnogomet"}], "source_ids": [{"id": "1266", "source": "hrnogomet-id"}]}}, {"type": "Feature", "geometry": {"type": "Point", "coordinates": [15.5060948, 43.9082721]}, "properties": {"id": 562, "slug": "pakostane", "canonical_name": "NK Pakoštane", "short_name": "Pakoštane", "county": "Zadarska županija", "created_at": "2026-05-16 22:02:54", "updated_at": "2026-05-16 22:18:02", "top_tier": 6, "top_league_name": "1. ŽNL (Zadarska)", "seasons": [{"league": "1. ŽNL (Zadarska)", "tier": 6, "league_county": "Zadarska županija", "season": "hrnogomet-season-1003", "source": "hrnogomet"}], "aliases": [{"alias": "NK Pakoštane", "source": "hrnogomet"}], "source_ids": [{"id": "2015", "source": "hrnogomet-id"}]}}, {"type": "Feature", "geometry": {"type": "Point", "coordinates": [17.6033384, 45.5223931]}, "properties": {"id": 486, "slug": "papuk-v", "canonical_name": "NK Papuk (V)", "short_name": "Papuk", "county": "Požeško-slavonska županija", "created_at": "2026-05-16 22:02:51", "updated_at": "2026-05-16 22:17:32", "top_tier": 6, "top_league_name": "1. ŽNL (PSŽ)", "seasons": [{"league": "1. ŽNL (PSŽ)", "tier": 6, "league_county": "Požeško-slavonska županija", "season": "hrnogomet-season-936", "source": "hrnogomet"}], "aliases": [{"alias": "NK Papuk (V)", "source": "hrnogomet"}], "source_ids": [{"id": "1720", "source": "hrnogomet-id"}]}}, {"type": "Feature", "geometry": {"type": "Point", "coordinates": [13.9363313, 45.2391995]}, "properties": {"id": 123, "slug": "pazinka-pazin", "canonical_name": "NK Pazinka", "short_name": "Pazinka", "city": "Pazin", "stadium_name": "SC Egidije Marion", "stadium_capacity": 250, "created_at": "2026-05-16 21:53:31", "updated_at": "2026-05-16 21:53:31", "top_tier": 4, "top_league_name": "3. NL - Zapad", "seasons": [{"league": "3. NL - Zapad", "tier": 4, "season": "25/26", "source": "sofascore"}], "aliases": [{"alias": "NK Pazinka", "source": "sofascore"}, {"alias": "Pazinka", "source": "sofascore"}], "source_ids": [{"id": "283349", "source": "sofascore-id"}]}}, {"type": "Feature", "geometry": {"type": "Point", "coordinates": [18.3493831, 45.2084594]}, "properties": {"id": 517, "slug": "perkovci", "canonical_name": "NK Perkovci", "short_name": "Perkovci", "county": "Brodsko-posavska županija", "created_at": "2026-05-16 22:02:52", "updated_at": "2026-05-16 22:17:44", "top_tier": 7, "top_league_name": "2. ŽNL Istok (BPŽ)", "seasons": [{"league": "2. ŽNL Istok (BPŽ)", "tier": 7, "league_county": "Brodsko-posavska županija", "season": "hrnogomet-season-901", "source": "hrnogomet"}], "aliases": [{"alias": "NK Perkovci", "source": "hrnogomet"}], "source_ids": [{"id": "1145", "source": "hrnogomet-id"}]}}, {"type": "Feature", "geometry": {"type": "Point", "coordinates": [18.5284202, 45.7583523]}, "properties": {"id": 611, "slug": "petlovac", "canonical_name": "NK Petlovac", "short_name": "Petlovac", "county": "Osječko-baranjska županija", "created_at": "2026-05-16 22:02:56", "updated_at": "2026-05-16 22:18:21", "top_tier": 7, "top_league_name": "2. ŽNL Beli Manastir (OBŽ)", "seasons": [{"league": "2. ŽNL Beli Manastir (OBŽ)", "tier": 7, "league_county": "Osječko-baranjska županija", "season": "hrnogomet-season-908", "source": "hrnogomet"}], "aliases": [{"alias": "NK Petlovac", "source": "hrnogomet"}], "source_ids": [{"id": "1663", "source": "hrnogomet-id"}]}}, {"type": "Feature", "geometry": {"type": "Point", "coordinates": [15.7585064, 45.215806]}, "properties": {"id": 298, "slug": "petrova-gora", "canonical_name": "NK Petrova gora", "short_name": "Petrova", "county": "Karlovačka županija", "created_at": "2026-05-16 22:02:44", "updated_at": "2026-05-16 22:16:24", "top_tier": 7, "top_league_name": "2. ŽNL (Karlovačka)", "seasons": [{"league": "2. ŽNL (Karlovačka)", "tier": 7, "league_county": "Karlovačka županija", "season": "hrnogomet-season-924", "source": "hrnogomet"}], "aliases": [{"alias": "NK Petrova gora", "source": "hrnogomet"}], "source_ids": [{"id": "1267", "source": "hrnogomet-id"}]}}, {"type": "Feature", "geometry": {"type": "Point", "coordinates": [16.2652086, 45.5040447]}, "properties": {"id": 170, "slug": "petrovec", "canonical_name": "NK Petrovec", "short_name": "Petrovec", "county": "Sisačko-moslavačka županija", "created_at": "2026-05-16 22:02:40", "updated_at": "2026-05-16 22:15:38", "top_tier": 7, "top_league_name": "2. ŽNL - NS Sisak (SMŽ)", "seasons": [{"league": "2. ŽNL - NS Sisak (SMŽ)", "tier": 7, "league_county": "Sisačko-moslavačka županija", "season": "hrnogomet-season-964", "source": "hrnogomet"}], "aliases": [{"alias": "NK Petrovec", "source": "hrnogomet"}], "source_ids": [{"id": "1930", "source": "hrnogomet-id"}]}}, {"type": "Feature", "geometry": {"type": "Point", "coordinates": [16.1662285, 45.6030434]}, "properties": {"id": 169, "slug": "pescenica", "canonical_name": "NK Pešćenica", "short_name": "Pešćenica", "county": "Sisačko-moslavačka županija", "created_at": "2026-05-16 22:02:40", "updated_at": "2026-05-16 22:15:38", "top_tier": 7, "top_league_name": "2. ŽNL - NS Sisak (SMŽ)", "seasons": [{"league": "2. ŽNL - NS Sisak (SMŽ)", "tier": 7, "league_county": "Sisačko-moslavačka županija", "season": "hrnogomet-season-964", "source": "hrnogomet"}], "aliases": [{"alias": "NK Pešćenica", "source": "hrnogomet"}], "source_ids": [{"id": "1691", "source": "hrnogomet-id"}]}}, {"type": "Feature", "geometry": {"type": "Point", "coordinates": [17.229321960916, 45.944240859882]}, "properties": {"id": 95, "slug": "pitomaca", "canonical_name": "NK Pitomača", "short_name": "Pitomača", "city": "Pitomača", "stadium_name": "Stadion Pitomača", "stadium_capacity": 1000, "created_at": "2026-05-16 21:52:58", "updated_at": "2026-05-16 21:52:58", "top_tier": 4, "top_league_name": "3. NL - Sjever", "seasons": [{"league": "3. NL - Sjever", "tier": 4, "season": "25/26", "source": "sofascore"}], "aliases": [{"alias": "NK Pitomača", "source": "sofascore"}, {"alias": "Pitomača", "source": "sofascore"}], "source_ids": [{"id": "361707", "source": "sofascore-id"}]}}, {"type": "Feature", "geometry": {"type": "Point", "coordinates": [17.3872464, 45.8352655]}, "properties": {"id": 471, "slug": "plavi", "canonical_name": "NK Plavi", "short_name": "Plavi", "county": "Virovitičko-podravska županija", "created_at": "2026-05-16 22:02:51", "updated_at": "2026-05-16 22:17:27", "top_tier": 7, "top_league_name": "2. ŽNL ZAPAD (VPŽ)", "seasons": [{"league": "2. ŽNL ZAPAD (VPŽ)", "tier": 7, "league_county": "Virovitičko-podravska županija", "season": "hrnogomet-season-982", "source": "hrnogomet"}], "aliases": [{"alias": "NK Plavi", "source": "hrnogomet"}], "source_ids": [{"id": "2420", "source": "hrnogomet-id"}]}}, {"type": "Feature", "geometry": {"type": "Point", "coordinates": [18.0091865, 45.223028]}, "properties": {"id": 550, "slug": "podcrkavlje", "canonical_name": "NK Podcrkavlje", "short_name": "Podcrkavlje", "county": "Brodsko-posavska županija", "created_at": "2026-05-16 22:02:54", "updated_at": "2026-05-16 22:17:57", "top_tier": 6, "top_league_name": "1. ŽNL (BPŽ)", "seasons": [{"league": "1. ŽNL (BPŽ)", "tier": 6, "league_county": "Brodsko-posavska županija", "season": "hrnogomet-season-900", "source": "hrnogomet"}], "aliases": [{"alias": "NK Podcrkavlje", "source": "hrnogomet"}], "source_ids": [{"id": "1146", "source": "hrnogomet-id"}]}}, {"type": "Feature", "geometry": {"type": "Point", "coordinates": [17.3452729, 45.8249182]}, "properties": {"id": 464, "slug": "podgorje", "canonical_name": "NK Podgorje", "short_name": "Podgorje", "county": "Virovitičko-podravska županija", "created_at": "2026-05-16 22:02:50", "updated_at": "2026-05-16 22:17:25", "top_tier": 6, "top_league_name": "1. ŽNL (VPŽ)", "seasons": [{"league": "1. ŽNL (VPŽ)", "tier": 6, "league_county": "Virovitičko-podravska županija", "season": "hrnogomet-season-965", "source": "hrnogomet"}], "aliases": [{"alias": "NK Podgorje", "source": "hrnogomet"}], "source_ids": [{"id": "2083", "source": "hrnogomet-id"}]}}, {"type": "Feature", "geometry": {"type": "Point", "coordinates": [16.9953531, 46.0692687]}, "properties": {"id": 23, "slug": "podravac", "canonical_name": "NK Podravac", "short_name": "Podravac", "created_at": "2026-05-16 21:49:11", "updated_at": "2026-05-16 22:16:36", "top_tier": 3, "top_league_name": "3. HNL Sjever", "seasons": [{"league": "3. HNL Sjever", "tier": 3, "season": "2021/22", "source": "sofascore"}, {"league": "4.NL BJ-KC-VT", "tier": 5, "season": "hrnogomet-season-512", "source": "hrnogomet"}, {"league": "Elitna ŽNL (KKŽ)", "tier": 6, "league_county": "Koprivničko-križevačka županija", "season": "hrnogomet-season-929", "source": "hrnogomet"}], "aliases": [{"alias": "Podravac", "source": "sofascore"}, {"alias": "NK Podravac", "source": "hrnogomet"}], "source_ids": [{"id": "1100", "source": "hrnogomet-id"}]}}, {"type": "Feature", "geometry": {"type": "Point", "coordinates": [18.3939436, 45.6939801]}, "properties": {"id": 646, "slug": "podravac-pm", "canonical_name": "NK Podravac (PM)", "short_name": "Podravac", "county": "Osječko-baranjska županija", "created_at": "2026-05-16 22:02:57", "updated_at": "2026-05-16 22:18:34", "top_tier": 7, "top_league_name": "2. ŽNL Donji Miholjac (OBŽ)", "seasons": [{"league": "2. ŽNL Donji Miholjac (OBŽ)", "tier": 7, "league_county": "Osječko-baranjska županija", "season": "hrnogomet-season-912", "source": "hrnogomet"}], "aliases": [{"alias": "NK Podravac (PM)", "source": "hrnogomet"}], "source_ids": [{"id": "2212", "source": "hrnogomet-id"}]}}, {"type": "Feature", "geometry": {"type": "Point", "coordinates": [15.8414667, 45.8178444]}, "properties": {"id": 277, "slug": "podsused", "canonical_name": "NK Podsused", "short_name": "Podsused", "county": "Grad Zagreb", "fb_url": "https://www.facebook.com/nogometniklubPodsused/?locale=hr_HR", "created_at": "2026-05-16 22:02:43", "updated_at": "2026-05-16 23:11:08", "top_tier": 7, "top_league_name": "2. Zagrebačka NL (Grad Zagreb)", "seasons": [{"league": "2. Zagrebačka NL (Grad Zagreb)", "tier": 7, "league_county": "Grad Zagreb", "season": "hrnogomet-season-939", "source": "hrnogomet"}], "aliases": [{"alias": "NK Podsused", "source": "hrnogomet"}], "source_ids": [{"id": "1405", "source": "hrnogomet-id"}]}}, {"type": "Feature", "geometry": {"type": "Point", "coordinates": [18.028129, 45.1903565]}, "properties": {"id": 512, "slug": "podvinje", "canonical_name": "NK Podvinje", "short_name": "Podvinje", "county": "Brodsko-posavska županija", "created_at": "2026-05-16 22:02:52", "updated_at": "2026-05-16 22:17:42", "top_tier": 7, "top_league_name": "2. ŽNL Istok (BPŽ)", "seasons": [{"league": "2. ŽNL Istok (BPŽ)", "tier": 7, "league_county": "Brodsko-posavska županija", "season": "hrnogomet-season-901", "source": "hrnogomet"}], "aliases": [{"alias": "NK Podvinje", "source": "hrnogomet"}], "source_ids": [{"id": "1147", "source": "hrnogomet-id"}]}}, {"type": "Feature", "geometry": {"type": "Point", "coordinates": [15.5013495, 44.0283367]}, "properties": {"id": 572, "slug": "polaca", "canonical_name": "NK Polača", "short_name": "Polača", "county": "Zadarska županija", "created_at": "2026-05-16 22:02:54", "updated_at": "2026-05-16 22:18:06", "top_tier": 6, "top_league_name": "1. ŽNL (Zadarska)", "seasons": [{"league": "1. ŽNL (Zadarska)", "tier": 6, "league_county": "Zadarska županija", "season": "hrnogomet-season-1003", "source": "hrnogomet"}], "aliases": [{"alias": "NK Polača", "source": "hrnogomet"}], "source_ids": [{"id": "2016", "source": "hrnogomet-id"}]}}, {"type": "Feature", "geometry": {"type": "Point", "coordinates": [18.7941164, 45.298096]}, "properties": {"id": 367, "slug": "polet", "canonical_name": "NK Polet", "short_name": "Polet", "created_at": "2026-05-16 22:02:47", "updated_at": "2026-05-16 22:02:47", "top_tier": 8, "top_league_name": "3. ŽNL (KKŽ)", "seasons": [{"league": "3. ŽNL (KKŽ)", "tier": 8, "league_county": "Koprivničko-križevačka županija", "season": "hrnogomet-season-932", "source": "hrnogomet"}], "aliases": [{"alias": "NK Polet", "source": "hrnogomet"}], "source_ids": [{"id": "1479", "source": "hrnogomet-id"}]}}, {"type": "Feature", "geometry": {"type": "Point", "coordinates": [16.1155059, 45.6338246]}, "properties": {"id": 188, "slug": "polet-bu", "canonical_name": "NK Polet (BU)", "short_name": "Polet", "county": "Zagrebačka županija", "created_at": "2026-05-16 22:02:41", "updated_at": "2026-05-16 22:15:44", "top_tier": 6, "top_league_name": "Premier liga (Zagrebačka)", "seasons": [{"league": "Premier liga (Zagrebačka)", "tier": 6, "league_county": "Zagrebačka županija", "season": "hrnogomet-season-896", "source": "hrnogomet"}], "aliases": [{"alias": "NK Polet (BU)", "source": "hrnogomet"}], "source_ids": [{"id": "1764", "source": "hrnogomet-id"}]}}, {"type": "Feature", "geometry": {"type": "Point", "coordinates": [18.7941164, 45.298096]}, "properties": {"id": 695, "slug": "polet-dns", "canonical_name": "NK Polet (DNS)", "short_name": "Polet", "county": "Vukovarsko-srijemska županija", "created_at": "2026-05-16 22:02:59", "updated_at": "2026-05-16 22:18:52", "top_tier": 7, "top_league_name": "2. ŽNL VK (VSŽ)", "seasons": [{"league": "2. ŽNL VK (VSŽ)", "tier": 7, "league_county": "Vukovarsko-srijemska županija", "season": "hrnogomet-season-959", "source": "hrnogomet"}], "aliases": [{"alias": "NK Polet (DNS)", "source": "hrnogomet"}], "source_ids": [{"id": "1382", "source": "hrnogomet-id"}]}}, {"type": "Feature", "geometry": {"type": "Point", "coordinates": [16.7514286, 45.8278629]}, "properties": {"id": 396, "slug": "polet-n", "canonical_name": "NK Polet (N)", "short_name": "Polet", "county": "Bjelovarsko-bilogorska županija", "created_at": "2026-05-16 22:02:48", "updated_at": "2026-05-16 22:17:00", "top_tier": 7, "top_league_name": "2. ŽNL (BBŽ)", "seasons": [{"league": "2. ŽNL (BBŽ)", "tier": 7, "league_county": "Bjelovarsko-bilogorska županija", "season": "hrnogomet-season-920", "source": "hrnogomet"}], "aliases": [{"alias": "NK Polet (N)", "source": "hrnogomet"}], "source_ids": [{"id": "1462", "source": "hrnogomet-id"}]}}, {"type": "Feature", "geometry": {"type": "Point", "coordinates": [16.1155059, 45.6338246]}, "properties": {"id": 450, "slug": "polet-sk", "canonical_name": "NK Polet (SK)", "short_name": "Polet", "county": "Grad Zagreb", "created_at": "2026-05-16 22:02:50", "updated_at": "2026-05-16 22:20:07", "top_tier": 5, "top_league_name": "4. NL Središte Zagreb - A", "seasons": [{"league": "4. NL Središte Zagreb - A", "tier": 5, "season": "hrnogomet-season-916", "source": "hrnogomet"}, {"league": "2. ŽNL (PGŽ)", "tier": 7, "league_county": "Primorsko-goranska županija", "season": "hrnogomet-season-996", "source": "hrnogomet"}], "aliases": [{"alias": "NK Polet (SK)", "source": "hrnogomet"}], "source_ids": [{"id": "1872", "source": "hrnogomet-id"}, {"id": "1416", "source": "hrnogomet-id"}]}}, {"type": "Feature", "geometry": {"type": "Point", "coordinates": [16.7514286, 45.8278629]}, "properties": {"id": 428, "slug": "polet-u", "canonical_name": "NK Polet (U)", "short_name": "Polet", "county": "Bjelovarsko-bilogorska županija", "created_at": "2026-05-16 22:02:49", "updated_at": "2026-05-16 22:17:12", "top_tier": 8, "top_league_name": "3. ŽNL JUG (BBŽ)", "seasons": [{"league": "3. ŽNL JUG (BBŽ)", "tier": 8, "league_county": "Bjelovarsko-bilogorska županija", "season": "hrnogomet-season-922", "source": "hrnogomet"}], "aliases": [{"alias": "NK Polet (U)", "source": "hrnogomet"}], "source_ids": [{"id": "1435", "source": "hrnogomet-id"}]}}, {"type": "Feature", "geometry": {"type": "Point", "coordinates": [16.3610909, 46.5299088]}, "properties": {"id": 32, "slug": "polet-sv-martin-na-muri", "canonical_name": "NK Polet Sv. Martin na Muri", "short_name": "Polet", "created_at": "2026-05-16 21:49:20", "updated_at": "2026-05-16 21:52:56", "top_tier": 3, "top_league_name": "3. HNL Sjever", "seasons": [{"league": "3. HNL Sjever", "tier": 3, "season": "2021/22", "source": "sofascore"}, {"league": "3. NL - Sjever", "tier": 4, "season": "25/26", "source": "sofascore"}], "aliases": [{"alias": "NK Polet Sv. Martin na Muri", "source": "sofascore"}, {"alias": "Polet", "source": "sofascore"}], "source_ids": [{"id": "445308", "source": "sofascore-id"}]}}, {"type": "Feature", "geometry": {"type": "Point", "coordinates": [16.2826488, 45.446002]}, "properties": {"id": 152, "slug": "poljana", "canonical_name": "NK Poljana", "short_name": "Poljana", "county": "Sisačko-moslavačka županija", "created_at": "2026-05-16 22:02:39", "updated_at": "2026-05-16 22:15:32", "top_tier": 7, "top_league_name": "2. ŽNL - NS Kutina (SMŽ)", "seasons": [{"league": "2. ŽNL - NS Kutina (SMŽ)", "tier": 7, "league_county": "Sisačko-moslavačka županija", "season": "hrnogomet-season-907", "source": "hrnogomet"}], "aliases": [{"alias": "NK Poljana", "source": "hrnogomet"}], "source_ids": [{"id": "7145", "source": "hrnogomet-id"}]}}, {"type": "Feature", "geometry": {"type": "Point", "coordinates": [14.497509, 45.304908]}, "properties": {"id": 120, "slug": "pomorac-kostrena", "canonical_name": "NK Pomorac", "short_name": "Pomorac", "city": "Kostrena", "stadium_name": "Stadion Žuknica", "stadium_capacity": 3000, "founded_year": 1920, "created_at": "2026-05-16 21:53:28", "updated_at": "2026-05-16 21:53:28", "top_tier": 4, "top_league_name": "3. NL - Zapad", "seasons": [{"league": "3. NL - Zapad", "tier": 4, "season": "25/26", "source": "sofascore"}], "aliases": [{"alias": "NK Pomorac", "source": "sofascore"}, {"alias": "Pomorac", "source": "sofascore"}], "source_ids": [{"id": "2030", "source": "sofascore-id"}]}}, {"type": "Feature", "geometry": {"type": "Point", "coordinates": [17.6208286, 42.8497381]}, "properties": {"id": 73, "slug": "ponikve", "canonical_name": "NK Ponikve", "short_name": "Ponikve", "county": "Dubrovačko-neretvanska županija", "created_at": "2026-05-16 21:50:09", "updated_at": "2026-05-16 22:19:19", "top_tier": 3, "top_league_name": "3. HNL Centar", "seasons": [{"league": "3. HNL Centar", "tier": 3, "season": "2021/22", "source": "sofascore"}, {"league": "3. NL - Centar", "tier": 4, "season": "25/26", "source": "sofascore"}, {"league": "2. ŽNL (DNŽ)", "tier": 7, "league_county": "Dubrovačko-neretvanska županija", "season": "hrnogomet-season-1010", "source": "hrnogomet"}], "aliases": [{"alias": "NK Ponikve", "source": "sofascore"}, {"alias": "Ponikve", "source": "sofascore"}, {"alias": "NK Ponikve", "source": "hrnogomet"}], "source_ids": [{"id": "2957", "source": "hrnogomet-id"}, {"id": "173454", "source": "sofascore-id"}]}}, {"type": "Feature", "geometry": {"type": "Point", "coordinates": [17.8969991, 45.1093348]}, "properties": {"id": 553, "slug": "posavac-d", "canonical_name": "NK Posavac (D)", "short_name": "Posavac", "county": "Brodsko-posavska županija", "created_at": "2026-05-16 22:02:54", "updated_at": "2026-05-16 22:17:58", "top_tier": 6, "top_league_name": "1. ŽNL (BPŽ)", "seasons": [{"league": "1. ŽNL (BPŽ)", "tier": 6, "league_county": "Brodsko-posavska županija", "season": "hrnogomet-season-900", "source": "hrnogomet"}], "aliases": [{"alias": "NK Posavac (D)", "source": "hrnogomet"}], "source_ids": [{"id": "1162", "source": "hrnogomet-id"}]}}, {"type": "Feature", "geometry": {"type": "Point", "coordinates": [17.8969991, 45.1093348]}, "properties": {"id": 527, "slug": "posavac-ka", "canonical_name": "NK Posavac (KA)", "short_name": "Posavac", "county": "Brodsko-posavska županija", "created_at": "2026-05-16 22:02:52", "updated_at": "2026-05-16 22:17:48", "top_tier": 7, "top_league_name": "2. ŽNL Zapad (BPŽ)", "seasons": [{"league": "2. ŽNL Zapad (BPŽ)", "tier": 7, "league_county": "Brodsko-posavska županija", "season": "hrnogomet-season-940", "source": "hrnogomet"}], "aliases": [{"alias": "NK Posavac (KA)", "source": "hrnogomet"}], "source_ids": [{"id": "1195", "source": "hrnogomet-id"}]}}, {"type": "Feature", "geometry": {"type": "Point", "coordinates": [17.8969991, 45.1093348]}, "properties": {"id": 509, "slug": "posavac-r", "canonical_name": "NK Posavac (R)", "short_name": "Posavac", "county": "Brodsko-posavska županija", "created_at": "2026-05-16 22:02:52", "updated_at": "2026-05-16 22:17:40", "top_tier": 7, "top_league_name": "2. ŽNL Istok (BPŽ)", "seasons": [{"league": "2. ŽNL Istok (BPŽ)", "tier": 7, "league_county": "Brodsko-posavska županija", "season": "hrnogomet-season-901", "source": "hrnogomet"}], "aliases": [{"alias": "NK Posavac (R)", "source": "hrnogomet"}], "source_ids": [{"id": "1184", "source": "hrnogomet-id"}]}}, {"type": "Feature", "geometry": {"type": "Point", "coordinates": [16.5667854, 45.3685087]}, "properties": {"id": 174, "slug": "posavina-p", "canonical_name": "NK Posavina (P)", "short_name": "Posavina", "county": "Sisačko-moslavačka županija", "created_at": "2026-05-16 22:02:40", "updated_at": "2026-05-16 22:15:39", "top_tier": 7, "top_league_name": "2. ŽNL - NS Sisak (SMŽ)", "seasons": [{"league": "2. ŽNL - NS Sisak (SMŽ)", "tier": 7, "league_county": "Sisačko-moslavačka županija", "season": "hrnogomet-season-964", "source": "hrnogomet"}], "aliases": [{"alias": "NK Posavina (P)", "source": "hrnogomet"}], "source_ids": [{"id": "1931", "source": "hrnogomet-id"}]}}, {"type": "Feature", "geometry": {"type": "Point", "coordinates": [18.3958732, 45.1581062]}, "properties": {"id": 510, "slug": "posavina-vk", "canonical_name": "NK Posavina (VK)", "short_name": "Posavina", "county": "Brodsko-posavska županija", "created_at": "2026-05-16 22:02:52", "updated_at": "2026-05-16 22:17:41", "top_tier": 7, "top_league_name": "2. ŽNL Istok (BPŽ)", "seasons": [{"league": "2. ŽNL Istok (BPŽ)", "tier": 7, "league_county": "Brodsko-posavska županija", "season": "hrnogomet-season-901", "source": "hrnogomet"}], "aliases": [{"alias": "NK Posavina (VK)", "source": "hrnogomet"}], "source_ids": [{"id": "1148", "source": "hrnogomet-id"}]}}, {"type": "Feature", "geometry": {"type": "Point", "coordinates": [17.6765332, 45.3310723]}, "properties": {"id": 489, "slug": "pozega", "canonical_name": "NK Požega", "short_name": "Požega", "created_at": "2026-05-16 22:02:51", "updated_at": "2026-05-16 22:17:33", "top_tier": 6, "top_league_name": "1. ŽNL (PSŽ)", "seasons": [{"league": "1. ŽNL (PSŽ)", "tier": 6, "league_county": "Požeško-slavonska županija", "season": "hrnogomet-season-936", "source": "hrnogomet"}], "aliases": [{"alias": "NK Požega", "source": "hrnogomet"}], "source_ids": [{"id": "1736", "source": "hrnogomet-id"}]}}, {"type": "Feature", "geometry": {"type": "Point", "coordinates": [15.7523888, 46.1627282]}, "properties": {"id": 242, "slug": "pregrada", "canonical_name": "NK Pregrada", "short_name": "Pregrada", "county": "Krapinsko-zagorska županija", "created_at": "2026-05-16 22:02:42", "updated_at": "2026-05-16 22:16:04", "top_tier": 6, "top_league_name": "1. ŽNL (KZŽ)", "seasons": [{"league": "1. ŽNL (KZŽ)", "tier": 6, "league_county": "Krapinsko-zagorska županija", "season": "hrnogomet-season-926", "source": "hrnogomet"}], "aliases": [{"alias": "NK Pregrada", "source": "hrnogomet"}], "source_ids": [{"id": "1534", "source": "hrnogomet-id"}]}}, {"type": "Feature", "geometry": {"type": "Point", "coordinates": [15.8992323, 45.7941004]}, "properties": {"id": 130, "slug": "precko", "canonical_name": "NK Prečko", "short_name": "Prečko", "created_at": "2026-05-16 21:53:40", "updated_at": "2026-05-16 21:53:40", "top_tier": 4, "top_league_name": "3. NL - Centar", "seasons": [{"league": "3. NL - Centar", "tier": 4, "season": "25/26", "source": "sofascore"}], "aliases": [{"alias": "NK Prečko", "source": "sofascore"}, {"alias": "Prečko", "source": "sofascore"}], "source_ids": [{"id": "326589", "source": "sofascore-id"}]}}, {"type": "Feature", "geometry": {"type": "Point", "coordinates": [15.5320867, 45.6628615]}, "properties": {"id": 228, "slug": "pribic", "canonical_name": "NK Pribić", "short_name": "Pribić", "created_at": "2026-05-16 22:02:42", "updated_at": "2026-05-16 22:02:42", "top_tier": 6, "top_league_name": "J1. ŽNL  (Zagrebačka)", "seasons": [{"league": "J1. ŽNL  (Zagrebačka)", "tier": 6, "league_county": "Zagrebačka županija", "season": "hrnogomet-season-897", "source": "hrnogomet"}], "aliases": [{"alias": "NK Pribić", "source": "hrnogomet"}], "source_ids": [{"id": "1796", "source": "hrnogomet-id"}]}}, {"type": "Feature", "geometry": {"type": "Point", "coordinates": [15.7940169, 46.1805003]}, "properties": {"id": 362, "slug": "prigorje", "canonical_name": "NK Prigorje", "short_name": "Prigorje", "created_at": "2026-05-16 22:02:47", "updated_at": "2026-05-16 22:02:47", "top_tier": 8, "top_league_name": "3. ŽNL (KKŽ)", "seasons": [{"league": "3. ŽNL (KKŽ)", "tier": 8, "league_county": "Koprivničko-križevačka županija", "season": "hrnogomet-season-932", "source": "hrnogomet"}], "aliases": [{"alias": "NK Prigorje", "source": "hrnogomet"}], "source_ids": [{"id": "1480", "source": "hrnogomet-id"}]}}, {"type": "Feature", "geometry": {"type": "Point", "coordinates": [16.1602724, 45.8699451]}, "properties": {"id": 264, "slug": "prigorje-m", "canonical_name": "NK Prigorje (M)", "short_name": "Prigorje", "county": "Grad Zagreb", "created_at": "2026-05-16 22:02:43", "updated_at": "2026-05-16 22:16:12", "top_tier": 6, "top_league_name": "1. Zagrebačka NL (Grad Zagreb)", "seasons": [{"league": "1. Zagrebačka NL (Grad Zagreb)", "tier": 6, "league_county": "Grad Zagreb", "season": "hrnogomet-season-938", "source": "hrnogomet"}], "aliases": [{"alias": "NK Prigorje (M)", "source": "hrnogomet"}], "source_ids": [{"id": "1418", "source": "hrnogomet-id"}]}}, {"type": "Feature", "geometry": {"type": "Point", "coordinates": [16.1602724, 45.8699451]}, "properties": {"id": 265, "slug": "prigorje-z", "canonical_name": "NK Prigorje (Ž)", "short_name": "Prigorje", "county": "Grad Zagreb", "created_at": "2026-05-16 22:02:43", "updated_at": "2026-05-16 22:16:12", "top_tier": 6, "top_league_name": "1. Zagrebačka NL (Grad Zagreb)", "seasons": [{"league": "1. Zagrebačka NL (Grad Zagreb)", "tier": 6, "league_county": "Grad Zagreb", "season": "hrnogomet-season-938", "source": "hrnogomet"}], "aliases": [{"alias": "NK Prigorje (Ž)", "source": "hrnogomet"}], "source_ids": [{"id": "1419", "source": "hrnogomet-id"}]}}, {"type": "Feature", "geometry": {"type": "Point", "coordinates": [17.1202283, 45.9699075]}, "properties": {"id": 340, "slug": "prugovac", "canonical_name": "NK Prugovac", "short_name": "Prugovac", "county": "Koprivničko-križevačka županija", "created_at": "2026-05-16 22:02:46", "updated_at": "2026-05-16 22:16:40", "top_tier": 6, "top_league_name": "Elitna ŽNL (KKŽ)", "seasons": [{"league": "Elitna ŽNL (KKŽ)", "tier": 6, "league_county": "Koprivničko-križevačka županija", "season": "hrnogomet-season-929", "source": "hrnogomet"}], "aliases": [{"alias": "NK Prugovac", "source": "hrnogomet"}], "source_ids": [{"id": "1507", "source": "hrnogomet-id"}]}}, {"type": "Feature", "geometry": {"type": "Point", "coordinates": [15.7890679, 45.8884609]}, "properties": {"id": 227, "slug": "pusca", "canonical_name": "NK Pušća", "short_name": "Pušća", "city": "Pušća", "county": "Zagrebačka županija", "founded_year": 1947, "website": "https://www.pusca.hr/", "created_at": "2026-05-16 22:02:42", "updated_at": "2026-05-16 22:53:36", "top_tier": 6, "top_league_name": "J1. ŽNL  (Zagrebačka)", "seasons": [{"league": "J1. ŽNL  (Zagrebačka)", "tier": 6, "league_county": "Zagrebačka županija", "season": "hrnogomet-season-897", "source": "hrnogomet"}], "aliases": [{"alias": "NK Pušća", "source": "hrnogomet"}], "source_ids": [{"id": "1786", "source": "hrnogomet-id"}]}}, {"type": "Feature", "geometry": {"type": "Point", "coordinates": [14.7607367, 44.7562894]}, "properties": {"id": 437, "slug": "rab", "canonical_name": "NK Rab", "short_name": "Rab", "county": "Primorsko-goranska županija", "created_at": "2026-05-16 22:02:49", "updated_at": "2026-05-16 22:17:15", "top_tier": 6, "top_league_name": "1. ŽNL (PGŽ)", "seasons": [{"league": "1. ŽNL (PGŽ)", "tier": 6, "league_county": "Primorsko-goranska županija", "season": "hrnogomet-season-995", "source": "hrnogomet"}], "aliases": [{"alias": "NK Rab", "source": "hrnogomet"}], "source_ids": [{"id": "1865", "source": "hrnogomet-id"}]}}, {"type": "Feature", "geometry": {"type": "Point", "coordinates": [18.5898699, 45.5733491]}, "properties": {"id": 628, "slug": "radnik-j", "canonical_name": "NK Radnik (J)", "short_name": "Radnik", "county": "Osječko-baranjska županija", "created_at": "2026-05-16 22:02:56", "updated_at": "2026-05-16 22:18:27", "top_tier": 7, "top_league_name": "2. ŽNL Osijek (OBŽ)", "seasons": [{"league": "2. ŽNL Osijek (OBŽ)", "tier": 7, "league_county": "Osječko-baranjska županija", "season": "hrnogomet-season-991", "source": "hrnogomet"}], "aliases": [{"alias": "NK Radnik (J)", "source": "hrnogomet"}], "source_ids": [{"id": "1610", "source": "hrnogomet-id"}]}}, {"type": "Feature", "geometry": {"type": "Point", "coordinates": [18.5898699, 45.5733491]}, "properties": {"id": 599, "slug": "radnik-v", "canonical_name": "NK Radnik (V)", "short_name": "Radnik", "county": "Osječko-baranjska županija", "created_at": "2026-05-16 22:02:55", "updated_at": "2026-05-16 22:18:16", "top_tier": 7, "top_league_name": "2. ŽNL Đakovo (OBŽ)", "seasons": [{"league": "2. ŽNL Đakovo (OBŽ)", "tier": 7, "league_county": "Osječko-baranjska županija", "season": "hrnogomet-season-937", "source": "hrnogomet"}], "aliases": [{"alias": "NK Radnik (V)", "source": "hrnogomet"}], "source_ids": [{"id": "1601", "source": "hrnogomet-id"}]}}, {"type": "Feature", "geometry": {"type": "Point", "coordinates": [16.5457794, 46.0247391]}, "properties": {"id": 27, "slug": "radnik-krizevci", "canonical_name": "NK Radnik Križevci", "short_name": "Radnik", "city": "Krizevci", "stadium_name": "Gradski stadion", "stadium_capacity": 1500, "created_at": "2026-05-16 21:49:15", "updated_at": "2026-05-16 21:52:47", "top_tier": 3, "top_league_name": "2. NL", "seasons": [{"league": "2. NL", "tier": 3, "season": "25/26", "source": "sofascore"}, {"league": "3. HNL Sjever", "tier": 3, "season": "2021/22", "source": "sofascore"}], "aliases": [{"alias": "NK Radnik Križevci", "source": "sofascore"}, {"alias": "Radnik", "source": "sofascore"}], "source_ids": [{"id": "445307", "source": "sofascore-id"}]}}, {"type": "Feature", "geometry": {"type": "Point", "coordinates": [16.5208886, 46.0292845]}, "properties": {"id": 364, "slug": "radnicki", "canonical_name": "NK Radnički", "short_name": "Radnički", "created_at": "2026-05-16 22:02:47", "updated_at": "2026-05-16 22:02:47", "top_tier": 8, "top_league_name": "3. ŽNL (KKŽ)", "seasons": [{"league": "3. ŽNL (KKŽ)", "tier": 8, "league_county": "Koprivničko-križevačka županija", "season": "hrnogomet-season-932", "source": "hrnogomet"}], "aliases": [{"alias": "NK Radnički", "source": "hrnogomet"}], "source_ids": [{"id": "1481", "source": "hrnogomet-id"}]}}, {"type": "Feature", "geometry": {"type": "Point", "coordinates": [16.8845703, 45.5202593]}, "properties": {"id": 431, "slug": "radnicki-vv", "canonical_name": "NK Radnički (VV)", "short_name": "Radnički", "county": "Bjelovarsko-bilogorska županija", "created_at": "2026-05-16 22:02:49", "updated_at": "2026-05-16 22:17:13", "top_tier": 8, "top_league_name": "3. ŽNL JUG (BBŽ)", "seasons": [{"league": "3. ŽNL JUG (BBŽ)", "tier": 8, "league_county": "Bjelovarsko-bilogorska županija", "season": "hrnogomet-season-922", "source": "hrnogomet"}], "aliases": [{"alias": "NK Radnički (VV)", "source": "hrnogomet"}], "source_ids": [{"id": "1436", "source": "hrnogomet-id"}]}}, {"type": "Feature", "geometry": {"type": "Point", "coordinates": [15.9218192, 46.1661371]}, "properties": {"id": 244, "slug": "radoboj", "canonical_name": "NK Radoboj", "short_name": "Radoboj", "county": "Krapinsko-zagorska županija", "created_at": "2026-05-16 22:02:42", "updated_at": "2026-05-16 22:16:05", "top_tier": 6, "top_league_name": "1. ŽNL (KZŽ)", "seasons": [{"league": "1. ŽNL (KZŽ)", "tier": 6, "league_county": "Krapinsko-zagorska županija", "season": "hrnogomet-season-926", "source": "hrnogomet"}], "aliases": [{"alias": "NK Radoboj", "source": "hrnogomet"}], "source_ids": [{"id": "1817", "source": "hrnogomet-id"}]}}, {"type": "Feature", "geometry": {"type": "Point", "coordinates": [16.7085329, 46.1879999]}, "properties": {"id": 368, "slug": "rasinja", "canonical_name": "NK Rasinja", "short_name": "Rasinja", "created_at": "2026-05-16 22:02:47", "updated_at": "2026-05-16 22:02:47", "top_tier": 7, "top_league_name": "2. ŽNL (KKŽ)", "seasons": [{"league": "2. ŽNL (KKŽ)", "tier": 7, "league_county": "Koprivničko-križevačka županija", "season": "hrnogomet-season-931", "source": "hrnogomet"}], "aliases": [{"alias": "NK Rasinja", "source": "hrnogomet"}], "source_ids": [{"id": "1519", "source": "hrnogomet-id"}]}}, {"type": "Feature", "geometry": {"type": "Point", "coordinates": [16.4422126, 46.0552442]}, "properties": {"id": 379, "slug": "ratar", "canonical_name": "NK Ratar", "short_name": "Ratar", "county": "Koprivničko-križevačka županija", "created_at": "2026-05-16 22:02:47", "updated_at": "2026-05-16 22:16:54", "top_tier": 7, "top_league_name": "2. ŽNL (KKŽ)", "seasons": [{"league": "2. ŽNL (KKŽ)", "tier": 7, "league_county": "Koprivničko-križevačka županija", "season": "hrnogomet-season-931", "source": "hrnogomet"}], "aliases": [{"alias": "NK Ratar", "source": "hrnogomet"}], "source_ids": [{"id": "1482", "source": "hrnogomet-id"}]}}, {"type": "Feature", "geometry": {"type": "Point", "coordinates": [14.6183201, 45.579118]}, "properties": {"id": 84, "slug": "ravnice", "canonical_name": "NK Ravnice", "short_name": "Ravnice", "created_at": "2026-05-16 21:50:20", "updated_at": "2026-05-16 21:53:40", "top_tier": 3, "top_league_name": "3. HNL Centar", "seasons": [{"league": "3. HNL Centar", "tier": 3, "season": "2021/22", "source": "sofascore"}, {"league": "3. NL - Centar", "tier": 4, "season": "25/26", "source": "sofascore"}], "aliases": [{"alias": "NK Ravnice", "source": "sofascore"}, {"alias": "Ravnice", "source": "sofascore"}], "source_ids": [{"id": "355813", "source": "sofascore-id"}]}}, {"type": "Feature", "geometry": {"type": "Point", "coordinates": [16.7711853, 46.1315112]}, "properties": {"id": 372, "slug": "reka", "canonical_name": "NK Reka", "short_name": "Reka", "county": "Koprivničko-križevačka županija", "created_at": "2026-05-16 22:02:47", "updated_at": "2026-05-16 22:16:52", "top_tier": 7, "top_league_name": "2. ŽNL (KKŽ)", "seasons": [{"league": "2. ŽNL (KKŽ)", "tier": 7, "league_county": "Koprivničko-križevačka županija", "season": "hrnogomet-season-931", "source": "hrnogomet"}], "aliases": [{"alias": "NK Reka", "source": "hrnogomet"}], "source_ids": [{"id": "1508", "source": "hrnogomet-id"}]}}, {"type": "Feature", "geometry": {"type": "Point", "coordinates": [17.4208426, 45.8040746]}, "properties": {"id": 459, "slug": "rezovac", "canonical_name": "NK Rezovac", "short_name": "Rezovac", "county": "Virovitičko-podravska županija", "created_at": "2026-05-16 22:02:50", "updated_at": "2026-05-16 22:17:23", "top_tier": 6, "top_league_name": "1. ŽNL (VPŽ)", "seasons": [{"league": "1. ŽNL (VPŽ)", "tier": 6, "league_county": "Virovitičko-podravska županija", "season": "hrnogomet-season-965", "source": "hrnogomet"}], "aliases": [{"alias": "NK Rezovac", "source": "hrnogomet"}], "source_ids": [{"id": "1320", "source": "hrnogomet-id"}]}}, {"type": "Feature", "geometry": {"type": "Point", "coordinates": [18.3792171, 45.3234294]}, "properties": {"id": 387, "slug": "ribar-k", "canonical_name": "NK Ribar (K)", "short_name": "Ribar", "county": "Osječko-baranjska županija", "created_at": "2026-05-16 22:02:48", "updated_at": "2026-05-16 22:18:20", "top_tier": 6, "top_league_name": "1. ŽNL (BBŽ)", "seasons": [{"league": "1. ŽNL (BBŽ)", "tier": 6, "league_county": "Bjelovarsko-bilogorska županija", "season": "hrnogomet-season-919", "source": "hrnogomet"}, {"league": "2. ŽNL Beli Manastir (OBŽ)", "tier": 7, "league_county": "Osječko-baranjska županija", "season": "hrnogomet-season-908", "source": "hrnogomet"}], "aliases": [{"alias": "NK Ribar (K)", "source": "hrnogomet"}], "source_ids": [{"id": "1447", "source": "hrnogomet-id"}, {"id": "2251", "source": "hrnogomet-id"}]}}, {"type": "Feature", "geometry": {"type": "Point", "coordinates": [17.1633818, 45.6380638]}, "properties": {"id": 430, "slug": "ribar-ki", "canonical_name": "NK Ribar (KI)", "short_name": "Ribar", "county": "Bjelovarsko-bilogorska županija", "created_at": "2026-05-16 22:02:49", "updated_at": "2026-05-16 22:17:12", "top_tier": 8, "top_league_name": "3. ŽNL JUG (BBŽ)", "seasons": [{"league": "3. ŽNL JUG (BBŽ)", "tier": 8, "league_county": "Bjelovarsko-bilogorska županija", "season": "hrnogomet-season-922", "source": "hrnogomet"}], "aliases": [{"alias": "NK Ribar (KI)", "source": "hrnogomet"}], "source_ids": [{"id": "1437", "source": "hrnogomet-id"}]}}, {"type": "Feature", "geometry": {"type": "Point", "coordinates": [14.4195471, 45.337146]}, "properties": {"id": 443, "slug": "rikard-bencic", "canonical_name": "NK Rikard Benčić", "short_name": "Rikard", "county": "Primorsko-goranska županija", "created_at": "2026-05-16 22:02:49", "updated_at": "2026-05-16 22:17:17", "top_tier": 6, "top_league_name": "1. ŽNL (PGŽ)", "seasons": [{"league": "1. ŽNL (PGŽ)", "tier": 6, "league_county": "Primorsko-goranska županija", "season": "hrnogomet-season-995", "source": "hrnogomet"}], "aliases": [{"alias": "NK Rikard Benčić", "source": "hrnogomet"}], "source_ids": [{"id": "1866", "source": "hrnogomet-id"}]}}, {"type": "Feature", "geometry": {"type": "Point", "coordinates": [14.2661606, 45.364876]}, "properties": {"id": 448, "slug": "risnjak", "canonical_name": "NK Risnjak", "short_name": "Risnjak", "county": "Primorsko-goranska županija", "created_at": "2026-05-16 22:02:50", "updated_at": "2026-05-16 22:17:19", "top_tier": 7, "top_league_name": "2. ŽNL (PGŽ)", "seasons": [{"league": "2. ŽNL (PGŽ)", "tier": 7, "league_county": "Primorsko-goranska županija", "season": "hrnogomet-season-996", "source": "hrnogomet"}], "aliases": [{"alias": "NK Risnjak", "source": "hrnogomet"}], "source_ids": [{"id": "1867", "source": "hrnogomet-id"}]}}, {"type": "Feature", "geometry": {"type": "Point", "coordinates": [14.4402939, 45.3748382]}, "properties": {"id": 436, "slug": "rjecina", "canonical_name": "NK Rječina", "short_name": "Rječina", "county": "Primorsko-goranska županija", "created_at": "2026-05-16 22:02:49", "updated_at": "2026-05-16 22:17:14", "top_tier": 6, "top_league_name": "1. ŽNL (PGŽ)", "seasons": [{"league": "1. ŽNL (PGŽ)", "tier": 6, "league_county": "Primorsko-goranska županija", "season": "hrnogomet-season-995", "source": "hrnogomet"}], "aliases": [{"alias": "NK Rječina", "source": "hrnogomet"}], "source_ids": [{"id": "1868", "source": "hrnogomet-id"}]}}, {"type": "Feature", "geometry": {"type": "Point", "coordinates": [16.7317296, 45.9461086]}, "properties": {"id": 388, "slug": "rovisce", "canonical_name": "NK Rovišće", "short_name": "Rovišće", "county": "Bjelovarsko-bilogorska županija", "created_at": "2026-05-16 22:02:48", "updated_at": "2026-05-16 22:16:57", "top_tier": 6, "top_league_name": "1. ŽNL (BBŽ)", "seasons": [{"league": "1. ŽNL (BBŽ)", "tier": 6, "league_county": "Bjelovarsko-bilogorska županija", "season": "hrnogomet-season-919", "source": "hrnogomet"}], "aliases": [{"alias": "NK Rovišće", "source": "hrnogomet"}], "source_ids": [{"id": "1448", "source": "hrnogomet-id"}]}}, {"type": "Feature", "geometry": {"type": "Point", "coordinates": [16.0169291, 45.7982404]}, "properties": {"id": 363, "slug": "rudar-b", "canonical_name": "NK Rudar (B)", "short_name": "Rudar", "created_at": "2026-05-16 22:02:47", "updated_at": "2026-05-16 22:02:47", "top_tier": 8, "top_league_name": "3. ŽNL (KKŽ)", "seasons": [{"league": "3. ŽNL (KKŽ)", "tier": 8, "league_county": "Koprivničko-križevačka županija", "season": "hrnogomet-season-932", "source": "hrnogomet"}], "aliases": [{"alias": "NK Rudar (B)", "source": "hrnogomet"}], "source_ids": [{"id": "1520", "source": "hrnogomet-id"}]}}, {"type": "Feature", "geometry": {"type": "Point", "coordinates": [15.9694874, 46.1326252]}, "properties": {"id": 250, "slug": "rudar-m", "canonical_name": "NK Rudar (M)", "short_name": "Rudar", "county": "Krapinsko-zagorska županija", "created_at": "2026-05-16 22:02:43", "updated_at": "2026-05-16 22:16:07", "top_tier": 7, "top_league_name": "2. ŽNL (KZŽ)", "seasons": [{"league": "2. ŽNL (KZŽ)", "tier": 7, "league_county": "Krapinsko-zagorska županija", "season": "hrnogomet-season-927", "source": "hrnogomet"}], "aliases": [{"alias": "NK Rudar (M)", "source": "hrnogomet"}], "source_ids": [{"id": "1818", "source": "hrnogomet-id"}]}}, {"type": "Feature", "geometry": {"type": "Point", "coordinates": [14.1236014, 45.0913954]}, "properties": {"id": 124, "slug": "rudar-labin", "canonical_name": "NK Rudar Labin", "short_name": "Rudar (L)", "city": "Labin", "stadium_name": "Gradski stadion Labin", "stadium_capacity": 3000, "created_at": "2026-05-16 21:53:32", "updated_at": "2026-05-16 21:53:32", "top_tier": 4, "top_league_name": "3. NL - Zapad", "seasons": [{"league": "3. NL - Zapad", "tier": 4, "season": "25/26", "source": "sofascore"}], "aliases": [{"alias": "NK Rudar Labin", "source": "sofascore"}, {"alias": "Rudar (L)", "source": "sofascore"}], "source_ids": [{"id": "268790", "source": "sofascore-id"}]}}, {"type": "Feature", "geometry": {"type": "Point", "coordinates": [15.959414, 45.803687]}, "properties": {"id": 18, "slug": "rudes-zagreb", "canonical_name": "NK Rudeš", "short_name": "Rudeš", "city": "Zagreb", "stadium_name": "Kranjčevićeva", "stadium_capacity": 5350, "founded_year": 2017, "created_at": "2026-05-16 21:49:04", "updated_at": "2026-05-16 21:52:45", "top_tier": 2, "top_league_name": "1. NL", "seasons": [{"league": "1. NL", "tier": 2, "season": "25/26", "source": "sofascore"}], "aliases": [{"alias": "NK Rudeš", "source": "sofascore"}, {"alias": "Rudeš", "source": "sofascore"}], "source_ids": [{"id": "35226", "source": "sofascore-id"}]}}, {"type": "Feature", "geometry": {"type": "Point", "coordinates": [15.2702057, 44.0991718]}, "properties": {"id": 563, "slug": "sabunjar", "canonical_name": "NK Sabunjar", "short_name": "Sabunjar", "county": "Zadarska županija", "created_at": "2026-05-16 22:02:54", "updated_at": "2026-05-16 22:18:02", "top_tier": 6, "top_league_name": "1. ŽNL (Zadarska)", "seasons": [{"league": "1. ŽNL (Zadarska)", "tier": 6, "league_county": "Zadarska županija", "season": "hrnogomet-season-1003", "source": "hrnogomet"}], "aliases": [{"alias": "NK Sabunjar", "source": "hrnogomet"}], "source_ids": [{"id": "2017", "source": "hrnogomet-id"}]}}, {"type": "Feature", "geometry": {"type": "Point", "coordinates": [15.7097105, 45.8018625]}, "properties": {"id": 128, "slug": "samobor", "canonical_name": "NK Samobor", "short_name": "Samobor", "city": "Samobor", "stadium_name": "Gradski Stadion Samobor", "stadium_capacity": 5000, "created_at": "2026-05-16 21:53:38", "updated_at": "2026-05-16 21:53:38", "top_tier": 4, "top_league_name": "3. NL - Centar", "seasons": [{"league": "3. NL - Centar", "tier": 4, "season": "25/26", "source": "sofascore"}], "aliases": [{"alias": "NK Samobor", "source": "sofascore"}, {"alias": "Samobor", "source": "sofascore"}], "source_ids": [{"id": "189171", "source": "sofascore-id"}]}}, {"type": "Feature", "geometry": {"type": "Point", "coordinates": [15.731973, 45.8372681]}, "properties": {"id": 204, "slug": "samoborski-otok", "canonical_name": "NK Samoborski Otok", "short_name": "Samoborski", "created_at": "2026-05-16 22:02:41", "updated_at": "2026-05-16 22:02:41", "top_tier": 7, "top_league_name": "2. ŽNL - Zapad (Zagrebačka)", "seasons": [{"league": "2. ŽNL - Zapad (Zagrebačka)", "tier": 7, "league_county": "Zagrebačka županija", "season": "hrnogomet-season-898", "source": "hrnogomet"}], "aliases": [{"alias": "NK Samoborski Otok", "source": "hrnogomet"}], "source_ids": [{"id": "1795", "source": "hrnogomet-id"}]}}, {"type": "Feature", "geometry": {"type": "Point", "coordinates": [18.2098233, 45.1786808]}, "properties": {"id": 532, "slug": "sapci", "canonical_name": "NK Sapci", "short_name": "Sapci", "county": "Brodsko-posavska županija", "created_at": "2026-05-16 22:02:53", "updated_at": "2026-05-16 22:17:50", "top_tier": 8, "top_league_name": "3. ŽNL Istok (BPŽ)", "seasons": [{"league": "3. ŽNL Istok (BPŽ)", "tier": 8, "league_county": "Brodsko-posavska županija", "season": "hrnogomet-season-934", "source": "hrnogomet"}], "aliases": [{"alias": "NK Sapci", "source": "hrnogomet"}], "source_ids": [{"id": "1175", "source": "hrnogomet-id"}]}}, {"type": "Feature", "geometry": {"type": "Point", "coordinates": [18.4894923, 45.6143824]}, "properties": {"id": 638, "slug": "satnica", "canonical_name": "NK Satnica", "short_name": "Satnica", "county": "Osječko-baranjska županija", "created_at": "2026-05-16 22:02:57", "updated_at": "2026-05-16 22:18:31", "top_tier": 7, "top_league_name": "2. ŽNL Valpovo (OBŽ)", "seasons": [{"league": "2. ŽNL Valpovo (OBŽ)", "tier": 7, "league_county": "Osječko-baranjska županija", "season": "hrnogomet-season-910", "source": "hrnogomet"}], "aliases": [{"alias": "NK Satnica", "source": "hrnogomet"}], "source_ids": [{"id": "2220", "source": "hrnogomet-id"}]}}, {"type": "Feature", "geometry": {"type": "Point", "coordinates": [16.4803032, 45.4406942]}, "properties": {"id": 179, "slug": "sava", "canonical_name": "NK Sava", "short_name": "Sava", "county": "Sisačko-moslavačka županija", "created_at": "2026-05-16 22:02:40", "updated_at": "2026-05-16 22:15:41", "top_tier": 7, "top_league_name": "2. ŽNL - NS Novska (SMŽ)", "seasons": [{"league": "2. ŽNL - NS Novska (SMŽ)", "tier": 7, "league_county": "Sisačko-moslavačka županija", "season": "hrnogomet-season-994", "source": "hrnogomet"}], "aliases": [{"alias": "NK Sava", "source": "hrnogomet"}], "source_ids": [{"id": "1941", "source": "hrnogomet-id"}]}}, {"type": "Feature", "geometry": {"type": "Point", "coordinates": [15.9694483, 45.7154465]}, "properties": {"id": 190, "slug": "sava-d", "canonical_name": "NK Sava (D)", "short_name": "Sava", "county": "Zagrebačka županija", "created_at": "2026-05-16 22:02:41", "updated_at": "2026-05-16 22:15:45", "top_tier": 6, "top_league_name": "Premier liga (Zagrebačka)", "seasons": [{"league": "Premier liga (Zagrebačka)", "tier": 6, "league_county": "Zagrebačka županija", "season": "hrnogomet-season-896", "source": "hrnogomet"}], "aliases": [{"alias": "NK Sava (D)", "source": "hrnogomet"}], "source_ids": [{"id": "1787", "source": "hrnogomet-id"}]}}, {"type": "Feature", "geometry": {"type": "Point", "coordinates": [17.2497111, 45.1494757]}, "properties": {"id": 516, "slug": "sava-s", "canonical_name": "NK Sava (S)", "short_name": "Sava", "county": "Brodsko-posavska županija", "created_at": "2026-05-16 22:02:52", "updated_at": "2026-05-16 22:17:43", "top_tier": 7, "top_league_name": "2. ŽNL Istok (BPŽ)", "seasons": [{"league": "2. ŽNL Istok (BPŽ)", "tier": 7, "league_county": "Brodsko-posavska županija", "season": "hrnogomet-season-901", "source": "hrnogomet"}], "aliases": [{"alias": "NK Sava (S)", "source": "hrnogomet"}], "source_ids": [{"id": "1176", "source": "hrnogomet-id"}]}}, {"type": "Feature", "geometry": {"type": "Point", "coordinates": [15.9479233, 45.7854222]}, "properties": {"id": 261, "slug": "sava-z", "canonical_name": "NK Sava (Z)", "short_name": "Sava", "county": "Grad Zagreb", "created_at": "2026-05-16 22:02:43", "updated_at": "2026-05-16 22:16:11", "top_tier": 6, "top_league_name": "1. Zagrebačka NL (Grad Zagreb)", "seasons": [{"league": "1. Zagrebačka NL (Grad Zagreb)", "tier": 6, "league_county": "Grad Zagreb", "season": "hrnogomet-season-938", "source": "hrnogomet"}], "aliases": [{"alias": "NK Sava (Z)", "source": "hrnogomet"}], "source_ids": [{"id": "1420", "source": "hrnogomet-id"}]}}, {"type": "Feature", "geometry": {"type": "Point", "coordinates": [18.1634387, 45.184271]}, "properties": {"id": 539, "slug": "selna", "canonical_name": "NK Selna", "short_name": "Selna", "county": "Brodsko-posavska županija", "created_at": "2026-05-16 22:02:53", "updated_at": "2026-05-16 22:17:52", "top_tier": 8, "top_league_name": "3. ŽNL Istok (BPŽ)", "seasons": [{"league": "3. ŽNL Istok (BPŽ)", "tier": 8, "league_county": "Brodsko-posavska županija", "season": "hrnogomet-season-934", "source": "hrnogomet"}], "aliases": [{"alias": "NK Selna", "source": "hrnogomet"}], "source_ids": [{"id": "1185", "source": "hrnogomet-id"}]}}, {"type": "Feature", "geometry": {"type": "Point", "coordinates": [16.11639, 45.83111]}, "properties": {"id": 21, "slug": "sesvete", "canonical_name": "NK Sesvete", "short_name": "Sesvete", "city": "Sesvete", "stadium_name": "Sv. Josip Radnik", "stadium_capacity": 1200, "founded_year": 1945, "created_at": "2026-05-16 21:49:07", "updated_at": "2026-05-16 21:52:45", "top_tier": 2, "top_league_name": "1. NL", "seasons": [{"league": "1. NL", "tier": 2, "season": "25/26", "source": "sofascore"}], "aliases": [{"alias": "NK Sesvete", "source": "sofascore"}, {"alias": "Sesvete", "source": "sofascore"}], "source_ids": [{"id": "54297", "source": "sofascore-id"}]}}, {"type": "Feature", "geometry": {"type": "Point", "coordinates": [16.8374708, 45.8982315]}, "properties": {"id": 414, "slug": "signal", "canonical_name": "NK Signal", "short_name": "Signal", "county": "Bjelovarsko-bilogorska županija", "created_at": "2026-05-16 22:02:49", "updated_at": "2026-05-16 22:17:07", "top_tier": 8, "top_league_name": "3. ŽNL SJEVER (BBŽ)", "seasons": [{"league": "3. ŽNL SJEVER (BBŽ)", "tier": 8, "league_county": "Bjelovarsko-bilogorska županija", "season": "hrnogomet-season-923", "source": "hrnogomet"}], "aliases": [{"alias": "NK Signal", "source": "hrnogomet"}], "source_ids": [{"id": "1475", "source": "hrnogomet-id"}]}}, {"type": "Feature", "geometry": {"type": "Point", "coordinates": [16.814603, 45.9368274]}, "properties": {"id": 395, "slug": "skok", "canonical_name": "NK Skok", "short_name": "Skok", "county": "Bjelovarsko-bilogorska županija", "created_at": "2026-05-16 22:02:48", "updated_at": "2026-05-16 22:17:00", "top_tier": 7, "top_league_name": "2. ŽNL (BBŽ)", "seasons": [{"league": "2. ŽNL (BBŽ)", "tier": 7, "league_county": "Bjelovarsko-bilogorska županija", "season": "hrnogomet-season-920", "source": "hrnogomet"}], "aliases": [{"alias": "NK Skok", "source": "hrnogomet"}], "source_ids": [{"id": "1449", "source": "hrnogomet-id"}]}}, {"type": "Feature", "geometry": {"type": "Point", "coordinates": [17.699095, 45.7135887]}, "properties": {"id": 99, "slug": "slatina", "canonical_name": "NK Slatina", "short_name": "Slatina", "city": "Slatina", "stadium_name": "NK Slatina", "created_at": "2026-05-16 21:53:02", "updated_at": "2026-05-16 22:19:42", "top_tier": 4, "top_league_name": "3. NL - Sjever", "seasons": [{"league": "3. NL - Sjever", "tier": 4, "season": "25/26", "source": "sofascore"}, {"league": "4.NL BJ-KC-VT", "tier": 5, "season": "hrnogomet-season-512", "source": "hrnogomet"}], "aliases": [{"alias": "NK Slatina", "source": "sofascore"}, {"alias": "Slatina", "source": "sofascore"}, {"alias": "NK Slatina", "source": "hrnogomet"}], "source_ids": [{"id": "1136", "source": "hrnogomet-id"}, {"id": "361699", "source": "sofascore-id"}]}}, {"type": "Feature", "geometry": {"type": "Point", "coordinates": [16.835081, 46.166803]}, "properties": {"id": 9, "slug": "slaven-belupo-koprivnica", "canonical_name": "NK Slaven Belupo", "short_name": "Slaven", "city": "Koprivnica", "stadium_name": "Gradski stadion Ivan Kušek Apaš", "stadium_capacity": 3134, "founded_year": 1907, "created_at": "2026-05-16 21:48:54", "updated_at": "2026-05-16 21:52:45", "top_tier": 1, "top_league_name": "SuperSport HNL", "seasons": [{"league": "SuperSport HNL", "tier": 1, "season": "25/26", "source": "sofascore"}], "aliases": [{"alias": "NK Slaven Belupo", "source": "sofascore"}, {"alias": "Slaven", "source": "sofascore"}], "source_ids": [{"id": "2042", "source": "sofascore-id"}]}}, {"type": "Feature", "geometry": {"type": "Point", "coordinates": [18.8103933, 45.3052313]}, "properties": {"id": 417, "slug": "slavija", "canonical_name": "NK Slavija", "short_name": "Slavija", "created_at": "2026-05-16 22:02:49", "updated_at": "2026-05-16 22:17:08", "top_tier": 8, "top_league_name": "3. ŽNL SJEVER (BBŽ)", "seasons": [{"league": "3. ŽNL SJEVER (BBŽ)", "tier": 8, "league_county": "Bjelovarsko-bilogorska županija", "season": "hrnogomet-season-923", "source": "hrnogomet"}], "aliases": [{"alias": "NK Slavija", "source": "hrnogomet"}], "source_ids": [{"id": "2688", "source": "hrnogomet-id"}]}}, {"type": "Feature", "geometry": {"type": "Point", "coordinates": [16.8832232, 45.4028273]}, "properties": {"id": 178, "slug": "slavonac", "canonical_name": "NK Slavonac", "short_name": "Slavonac", "county": "Sisačko-moslavačka županija", "created_at": "2026-05-16 22:02:40", "updated_at": "2026-05-16 22:15:41", "top_tier": 7, "top_league_name": "2. ŽNL - NS Novska (SMŽ)", "seasons": [{"league": "2. ŽNL - NS Novska (SMŽ)", "tier": 7, "league_county": "Sisačko-moslavačka županija", "season": "hrnogomet-season-994", "source": "hrnogomet"}], "aliases": [{"alias": "NK Slavonac", "source": "hrnogomet"}], "source_ids": [{"id": "1942", "source": "hrnogomet-id"}]}}, {"type": "Feature", "geometry": {"type": "Point", "coordinates": [18.0125457, 45.1609934]}, "properties": {"id": 521, "slug": "slavonac-bs", "canonical_name": "NK Slavonac (BS)", "short_name": "Slavonac", "county": "Brodsko-posavska županija", "created_at": "2026-05-16 22:02:52", "updated_at": "2026-05-16 22:17:45", "top_tier": 7, "top_league_name": "2. ŽNL Zapad (BPŽ)", "seasons": [{"league": "2. ŽNL Zapad (BPŽ)", "tier": 7, "league_county": "Brodsko-posavska županija", "season": "hrnogomet-season-940", "source": "hrnogomet"}], "aliases": [{"alias": "NK Slavonac (BS)", "source": "hrnogomet"}], "source_ids": [{"id": "1165", "source": "hrnogomet-id"}]}}, {"type": "Feature", "geometry": {"type": "Point", "coordinates": [18.9566069, 45.1518185]}, "properties": {"id": 670, "slug": "slavonac-g", "canonical_name": "NK Slavonac (G)", "short_name": "Slavonac", "county": "Vukovarsko-srijemska županija", "created_at": "2026-05-16 22:02:58", "updated_at": "2026-05-16 22:18:43", "top_tier": 6, "top_league_name": "1. ŽNL (VSŽ)", "seasons": [{"league": "1. ŽNL (VSŽ)", "tier": 6, "league_county": "Vukovarsko-srijemska županija", "season": "hrnogomet-season-958", "source": "hrnogomet"}], "aliases": [{"alias": "NK Slavonac (G)", "source": "hrnogomet"}], "source_ids": [{"id": "1348", "source": "hrnogomet-id"}]}}, {"type": "Feature", "geometry": {"type": "Point", "coordinates": [18.0125457, 45.1609934]}, "properties": {"id": 514, "slug": "slavonac-gb", "canonical_name": "NK Slavonac (GB)", "short_name": "Slavonac", "county": "Brodsko-posavska županija", "created_at": "2026-05-16 22:02:52", "updated_at": "2026-05-16 22:17:43", "top_tier": 7, "top_league_name": "2. ŽNL Istok (BPŽ)", "seasons": [{"league": "2. ŽNL Istok (BPŽ)", "tier": 7, "league_county": "Brodsko-posavska županija", "season": "hrnogomet-season-901", "source": "hrnogomet"}], "aliases": [{"alias": "NK Slavonac (GB)", "source": "hrnogomet"}], "source_ids": [{"id": "1149", "source": "hrnogomet-id"}]}}, {"type": "Feature", "geometry": {"type": "Point", "coordinates": [18.9566069, 45.1518185]}, "properties": {"id": 674, "slug": "slavonac-k", "canonical_name": "NK Slavonac (K)", "short_name": "Slavonac", "county": "Vukovarsko-srijemska županija", "created_at": "2026-05-16 22:02:58", "updated_at": "2026-05-16 22:18:44", "top_tier": 6, "top_league_name": "1. ŽNL (VSŽ)", "seasons": [{"league": "1. ŽNL (VSŽ)", "tier": 6, "league_county": "Vukovarsko-srijemska županija", "season": "hrnogomet-season-958", "source": "hrnogomet"}], "aliases": [{"alias": "NK Slavonac (K)", "source": "hrnogomet"}], "source_ids": [{"id": "1383", "source": "hrnogomet-id"}]}}, {"type": "Feature", "geometry": {"type": "Point", "coordinates": [18.4109122, 45.6634147]}, "properties": {"id": 643, "slug": "slavonac-l", "canonical_name": "NK Slavonac (L)", "short_name": "Slavonac", "county": "Osječko-baranjska županija", "created_at": "2026-05-16 22:02:57", "updated_at": "2026-05-16 22:18:32", "top_tier": 7, "top_league_name": "2. ŽNL Valpovo (OBŽ)", "seasons": [{"league": "2. ŽNL Valpovo (OBŽ)", "tier": 7, "league_county": "Osječko-baranjska županija", "season": "hrnogomet-season-910", "source": "hrnogomet"}], "aliases": [{"alias": "NK Slavonac (L)", "source": "hrnogomet"}], "source_ids": [{"id": "1618", "source": "hrnogomet-id"}]}}, {"type": "Feature", "geometry": {"type": "Point", "coordinates": [18.0125457, 45.1609934]}, "properties": {"id": 541, "slug": "slavonac-sk", "canonical_name": "NK Slavonac (SK)", "short_name": "Slavonac", "county": "Brodsko-posavska županija", "created_at": "2026-05-16 22:02:53", "updated_at": "2026-05-16 22:17:53", "top_tier": 8, "top_league_name": "3. ŽNL Zapad (BPŽ)", "seasons": [{"league": "3. ŽNL Zapad (BPŽ)", "tier": 8, "league_county": "Brodsko-posavska županija", "season": "hrnogomet-season-935", "source": "hrnogomet"}], "aliases": [{"alias": "NK Slavonac (SK)", "source": "hrnogomet"}], "source_ids": [{"id": "1196", "source": "hrnogomet-id"}]}}, {"type": "Feature", "geometry": {"type": "Point", "coordinates": [18.4109122, 45.6634147]}, "properties": {"id": 582, "slug": "slavonac-t", "canonical_name": "NK Slavonac (T)", "short_name": "Slavonac", "county": "Osječko-baranjska županija", "created_at": "2026-05-16 22:02:55", "updated_at": "2026-05-16 22:18:10", "top_tier": 6, "top_league_name": "1. ŽNL (OBŽ)", "seasons": [{"league": "1. ŽNL (OBŽ)", "tier": 6, "league_county": "Osječko-baranjska županija", "season": "hrnogomet-season-957", "source": "hrnogomet"}], "aliases": [{"alias": "NK Slavonac (T)", "source": "hrnogomet"}], "source_ids": [{"id": "2229", "source": "hrnogomet-id"}]}}, {"type": "Feature", "geometry": {"type": "Point", "coordinates": [18.4109122, 45.6634147]}, "properties": {"id": 515, "slug": "slavonac-1980-b", "canonical_name": "NK Slavonac 1980 (B)", "short_name": "Slavonac", "created_at": "2026-05-16 22:02:52", "updated_at": "2026-05-16 22:17:43", "top_tier": 7, "top_league_name": "2. ŽNL Istok (BPŽ)", "seasons": [{"league": "2. ŽNL Istok (BPŽ)", "tier": 7, "league_county": "Brodsko-posavska županija", "season": "hrnogomet-season-901", "source": "hrnogomet"}], "aliases": [{"alias": "NK Slavonac 1980 (B)", "source": "hrnogomet"}], "source_ids": [{"id": "1074", "source": "hrnogomet-id"}]}}, {"type": "Feature", "geometry": {"type": "Point", "coordinates": [18.4173736, 45.3170243]}, "properties": {"id": 526, "slug": "slavonija-b", "canonical_name": "NK Slavonija (B)", "short_name": "Slavonija", "county": "Osječko-baranjska županija", "created_at": "2026-05-16 22:02:52", "updated_at": "2026-05-16 22:18:15", "top_tier": 7, "top_league_name": "2. ŽNL Zapad (BPŽ)", "seasons": [{"league": "2. ŽNL Zapad (BPŽ)", "tier": 7, "league_county": "Brodsko-posavska županija", "season": "hrnogomet-season-940", "source": "hrnogomet"}, {"league": "2. ŽNL Đakovo (OBŽ)", "tier": 7, "league_county": "Osječko-baranjska županija", "season": "hrnogomet-season-937", "source": "hrnogomet"}], "aliases": [{"alias": "NK Slavonija (B)", "source": "hrnogomet"}], "source_ids": [{"id": "1205", "source": "hrnogomet-id"}, {"id": "1624", "source": "hrnogomet-id"}]}}, {"type": "Feature", "geometry": {"type": "Point", "coordinates": [18.4173736, 45.3170243]}, "properties": {"id": 594, "slug": "slavonija-p", "canonical_name": "NK Slavonija (P)", "short_name": "Slavonija", "county": "Osječko-baranjska županija", "created_at": "2026-05-16 22:02:55", "updated_at": "2026-05-16 22:18:14", "top_tier": 7, "top_league_name": "2. ŽNL Đakovo (OBŽ)", "seasons": [{"league": "2. ŽNL Đakovo (OBŽ)", "tier": 7, "league_county": "Osječko-baranjska županija", "season": "hrnogomet-season-937", "source": "hrnogomet"}], "aliases": [{"alias": "NK Slavonija (P)", "source": "hrnogomet"}], "source_ids": [{"id": "1616", "source": "hrnogomet-id"}]}}, {"type": "Feature", "geometry": {"type": "Point", "coordinates": [17.6735827, 45.336623]}, "properties": {"id": 49, "slug": "slavonija-pozega", "canonical_name": "NK Slavonija Požega", "short_name": "Slavonija", "created_at": "2026-05-16 21:49:40", "updated_at": "2026-05-16 21:53:12", "top_tier": 3, "top_league_name": "3. HNL Istok", "seasons": [{"league": "3. HNL Istok", "tier": 3, "season": "2021/22", "source": "sofascore"}, {"league": "3. NL - Istok", "tier": 4, "season": "25/26", "source": "sofascore"}], "aliases": [{"alias": "NK Slavonija Požega", "source": "sofascore"}, {"alias": "Slavonija", "source": "sofascore"}], "source_ids": [{"id": "35235", "source": "sofascore-id"}]}}, {"type": "Feature", "geometry": {"type": "Point", "coordinates": [18.1109367, 42.640897]}, "properties": {"id": 219, "slug": "sloboda-g", "canonical_name": "NK Sloboda (G)", "short_name": "Sloboda", "created_at": "2026-05-16 22:02:41", "updated_at": "2026-05-16 22:02:41", "top_tier": 7, "top_league_name": "2. ŽNL - Istok (Zagrebačka)", "seasons": [{"league": "2. ŽNL - Istok (Zagrebačka)", "tier": 7, "league_county": "Zagrebačka županija", "season": "hrnogomet-season-899", "source": "hrnogomet"}], "aliases": [{"alias": "NK Sloboda (G)", "source": "hrnogomet"}], "source_ids": [{"id": "2035", "source": "hrnogomet-id"}]}}, {"type": "Feature", "geometry": {"type": "Point", "coordinates": [16.3415822, 46.3133324]}, "properties": {"id": 309, "slug": "sloboda-vz", "canonical_name": "NK Sloboda (VŽ)", "short_name": "Sloboda", "county": "Varaždinska županija", "created_at": "2026-05-16 22:02:45", "updated_at": "2026-05-16 22:16:28", "top_tier": 7, "top_league_name": "2. ŽNL (VŽŽ)", "seasons": [{"league": "2. ŽNL (VŽŽ)", "tier": 7, "league_county": "Varaždinska županija", "season": "hrnogomet-season-954", "source": "hrnogomet"}], "aliases": [{"alias": "NK Sloboda (VŽ)", "source": "hrnogomet"}], "source_ids": [{"id": "1282", "source": "hrnogomet-id"}]}}, {"type": "Feature", "geometry": {"type": "Point", "coordinates": [17.92916, 45.1617816]}, "properties": {"id": 559, "slug": "slobodnica", "canonical_name": "NK Slobodnica", "short_name": "Slobodnica", "county": "Brodsko-posavska županija", "created_at": "2026-05-16 22:02:54", "updated_at": "2026-05-16 22:18:01", "top_tier": 6, "top_league_name": "1. ŽNL (BPŽ)", "seasons": [{"league": "1. ŽNL (BPŽ)", "tier": 6, "league_county": "Brodsko-posavska županija", "season": "hrnogomet-season-900", "source": "hrnogomet"}], "aliases": [{"alias": "NK Slobodnica", "source": "hrnogomet"}], "source_ids": [{"id": "1167", "source": "hrnogomet-id"}]}}, {"type": "Feature", "geometry": {"type": "Point", "coordinates": [16.8511409, 46.2956846]}, "properties": {"id": 342, "slug": "sloga", "canonical_name": "NK Sloga", "short_name": "Sloga", "county": "Koprivničko-križevačka županija", "created_at": "2026-05-16 22:02:47", "updated_at": "2026-05-16 22:16:41", "top_tier": 6, "top_league_name": "1. ŽNL (KKŽ)", "seasons": [{"league": "1. ŽNL (KKŽ)", "tier": 6, "league_county": "Koprivničko-križevačka županija", "season": "hrnogomet-season-930", "source": "hrnogomet"}], "aliases": [{"alias": "NK Sloga", "source": "hrnogomet"}], "source_ids": [{"id": "1495", "source": "hrnogomet-id"}]}}, {"type": "Feature", "geometry": {"type": "Point", "coordinates": [18.9797252, 45.4032082]}, "properties": {"id": 392, "slug": "sloga-b", "canonical_name": "NK Sloga (B)", "short_name": "Sloga", "county": "Vukovarsko-srijemska županija", "created_at": "2026-05-16 22:02:48", "updated_at": "2026-05-16 22:18:42", "top_tier": 6, "top_league_name": "1. ŽNL (VSŽ)", "seasons": [{"league": "1. ŽNL (VSŽ)", "tier": 6, "league_county": "Vukovarsko-srijemska županija", "season": "hrnogomet-season-958", "source": "hrnogomet"}, {"league": "1. ŽNL (BBŽ)", "tier": 6, "league_county": "Bjelovarsko-bilogorska županija", "season": "hrnogomet-season-919", "source": "hrnogomet"}], "aliases": [{"alias": "NK Sloga (B)", "source": "hrnogomet"}], "source_ids": [{"id": "1450", "source": "hrnogomet-id"}, {"id": "1370", "source": "hrnogomet-id"}]}}, {"type": "Feature", "geometry": {"type": "Point", "coordinates": [18.9797252, 45.4032082]}, "properties": {"id": 687, "slug": "sloga-nm", "canonical_name": "NK Sloga (NM)", "short_name": "Sloga", "county": "Vukovarsko-srijemska županija", "created_at": "2026-05-16 22:02:59", "updated_at": "2026-05-16 22:18:49", "top_tier": 7, "top_league_name": "2. ŽNL VK (VSŽ)", "seasons": [{"league": "2. ŽNL VK (VSŽ)", "tier": 7, "league_county": "Vukovarsko-srijemska županija", "season": "hrnogomet-season-959", "source": "hrnogomet"}], "aliases": [{"alias": "NK Sloga (NM)", "source": "hrnogomet"}], "source_ids": [{"id": "1362", "source": "hrnogomet-id"}]}}, {"type": "Feature", "geometry": {"type": "Point", "coordinates": [18.9797252, 45.4032082]}, "properties": {"id": 162, "slug": "sloga-p", "canonical_name": "NK Sloga (P)", "short_name": "Sloga", "county": "Vukovarsko-srijemska županija", "created_at": "2026-05-16 22:02:39", "updated_at": "2026-05-16 22:18:54", "top_tier": 7, "top_league_name": "2. ŽNL VU (VSŽ)", "seasons": [{"league": "2. ŽNL VU (VSŽ)", "tier": 7, "league_county": "Vukovarsko-srijemska županija", "season": "hrnogomet-season-997", "source": "hrnogomet"}, {"league": "2. ŽNL - NS Kutina (SMŽ)", "tier": 7, "league_county": "Sisačko-moslavačka županija", "season": "hrnogomet-season-907", "source": "hrnogomet"}], "aliases": [{"alias": "NK Sloga (P)", "source": "hrnogomet"}], "source_ids": [{"id": "1921", "source": "hrnogomet-id"}, {"id": "1391", "source": "hrnogomet-id"}]}}, {"type": "Feature", "geometry": {"type": "Point", "coordinates": [18.6782096, 45.54993]}, "properties": {"id": 642, "slug": "sloga-1958-s", "canonical_name": "NK Sloga 1958 (S)", "short_name": "Sloga", "county": "Osječko-baranjska županija", "created_at": "2026-05-16 22:02:57", "updated_at": "2026-05-16 22:18:32", "top_tier": 7, "top_league_name": "2. ŽNL Valpovo (OBŽ)", "seasons": [{"league": "2. ŽNL Valpovo (OBŽ)", "tier": 7, "league_county": "Osječko-baranjska županija", "season": "hrnogomet-season-910", "source": "hrnogomet"}], "aliases": [{"alias": "NK Sloga 1958 (S)", "source": "hrnogomet"}], "source_ids": [{"id": "2242", "source": "hrnogomet-id"}]}}, {"type": "Feature", "geometry": {"type": "Point", "coordinates": [17.3780567, 45.2633885]}, "properties": {"id": 47, "slug": "sloga-nova-gradiska", "canonical_name": "NK Sloga Nova Gradiška", "short_name": "Sloga (NG)", "city": "Nova Gradiška", "stadium_name": "Sportski park Ivo Petranović", "stadium_capacity": 2000, "created_at": "2026-05-16 21:49:38", "updated_at": "2026-05-16 21:49:38", "top_tier": 3, "top_league_name": "3. HNL Istok", "seasons": [{"league": "3. HNL Istok", "tier": 3, "season": "2021/22", "source": "sofascore"}], "aliases": [{"alias": "NK Sloga Nova Gradiška", "source": "sofascore"}, {"alias": "Sloga (NG)", "source": "sofascore"}], "source_ids": [{"id": "205003", "source": "sofascore-id"}]}}, {"type": "Feature", "geometry": {"type": "Point", "coordinates": [15.7825725, 45.7926619]}, "properties": {"id": 284, "slug": "sloga-zagreb", "canonical_name": "NK Sloga Zagreb", "short_name": "Sloga", "county": "Grad Zagreb", "fb_url": "https://www.facebook.com/NogometniklubSloga/", "created_at": "2026-05-16 22:02:43", "updated_at": "2026-05-16 23:11:35", "top_tier": 7, "top_league_name": "2. Zagrebačka NL (Grad Zagreb)", "seasons": [{"league": "2. Zagrebačka NL (Grad Zagreb)", "tier": 7, "league_county": "Grad Zagreb", "season": "hrnogomet-season-939", "source": "hrnogomet"}], "aliases": [{"alias": "NK Sloga Zagreb", "source": "hrnogomet"}], "source_ids": [{"id": "1422", "source": "hrnogomet-id"}]}}, {"type": "Feature", "geometry": {"type": "Point", "coordinates": [15.5849719, 45.1144854]}, "properties": {"id": 295, "slug": "slunj", "canonical_name": "NK Slunj", "short_name": "Slunj", "created_at": "2026-05-16 22:02:44", "updated_at": "2026-05-16 22:16:23", "top_tier": 6, "top_league_name": "1. ŽNL (Karlovačka)", "seasons": [{"league": "1. ŽNL (Karlovačka)", "tier": 6, "league_county": "Karlovačka županija", "season": "hrnogomet-season-921", "source": "hrnogomet"}], "aliases": [{"alias": "NK Slunj", "source": "hrnogomet"}], "source_ids": [{"id": "1037", "source": "hrnogomet-id"}]}}, {"type": "Feature", "geometry": {"type": "Point", "coordinates": [14.5840689, 45.4405946]}, "properties": {"id": 452, "slug": "snjeznik", "canonical_name": "NK Snježnik", "short_name": "Snježnik", "county": "Primorsko-goranska županija", "created_at": "2026-05-16 22:02:50", "updated_at": "2026-05-16 22:17:20", "top_tier": 7, "top_league_name": "2. ŽNL (PGŽ)", "seasons": [{"league": "2. ŽNL (PGŽ)", "tier": 7, "league_county": "Primorsko-goranska županija", "season": "hrnogomet-season-996", "source": "hrnogomet"}], "aliases": [{"alias": "NK Snježnik", "source": "hrnogomet"}], "source_ids": [{"id": "1873", "source": "hrnogomet-id"}]}}, {"type": "Feature", "geometry": {"type": "Point", "coordinates": [17.5446699, 45.2658412]}, "properties": {"id": 359, "slug": "sokol", "canonical_name": "NK Sokol", "short_name": "Sokol", "created_at": "2026-05-16 22:02:47", "updated_at": "2026-05-16 22:02:47", "top_tier": 8, "top_league_name": "3. ŽNL (KKŽ)", "seasons": [{"league": "3. ŽNL (KKŽ)", "tier": 8, "league_county": "Koprivničko-križevačka županija", "season": "hrnogomet-season-932", "source": "hrnogomet"}], "aliases": [{"alias": "NK Sokol", "source": "hrnogomet"}], "source_ids": [{"id": "1483", "source": "hrnogomet-id"}]}}, {"type": "Feature", "geometry": {"type": "Point", "coordinates": [16.580645, 45.6094159]}, "properties": {"id": 144, "slug": "sokol-l", "canonical_name": "NK Sokol (L)", "short_name": "Sokol", "county": "Sisačko-moslavačka županija", "created_at": "2026-05-16 22:02:39", "updated_at": "2026-05-16 22:15:29", "top_tier": 6, "top_league_name": "1. ŽNL (SMŽ)", "seasons": [{"league": "1. ŽNL (SMŽ)", "tier": 6, "league_county": "Sisačko-moslavačka županija", "season": "hrnogomet-season-963", "source": "hrnogomet"}], "aliases": [{"alias": "NK Sokol (L)", "source": "hrnogomet"}], "source_ids": [{"id": "1695", "source": "hrnogomet-id"}]}}, {"type": "Feature", "geometry": {"type": "Point", "coordinates": [17.3875602, 45.8060459]}, "properties": {"id": 473, "slug": "sokol-m", "canonical_name": "NK Sokol (M)", "short_name": "Sokol", "county": "Virovitičko-podravska županija", "created_at": "2026-05-16 22:02:51", "updated_at": "2026-05-16 22:17:28", "top_tier": 7, "top_league_name": "2. ŽNL ZAPAD (VPŽ)", "seasons": [{"league": "2. ŽNL ZAPAD (VPŽ)", "tier": 7, "league_county": "Virovitičko-podravska županija", "season": "hrnogomet-season-982", "source": "hrnogomet"}], "aliases": [{"alias": "NK Sokol (M)", "source": "hrnogomet"}], "source_ids": [{"id": "2090", "source": "hrnogomet-id"}]}}, {"type": "Feature", "geometry": {"type": "Point", "coordinates": [16.580645, 45.6094159]}, "properties": {"id": 176, "slug": "sokol-r", "canonical_name": "NK Sokol (R)", "short_name": "Sokol", "county": "Sisačko-moslavačka županija", "created_at": "2026-05-16 22:02:40", "updated_at": "2026-05-16 22:15:40", "top_tier": 7, "top_league_name": "2. ŽNL - NS Novska (SMŽ)", "seasons": [{"league": "2. ŽNL - NS Novska (SMŽ)", "tier": 7, "league_county": "Sisačko-moslavačka županija", "season": "hrnogomet-season-994", "source": "hrnogomet"}], "aliases": [{"alias": "NK Sokol (R)", "source": "hrnogomet"}], "source_ids": [{"id": "1943", "source": "hrnogomet-id"}]}}, {"type": "Feature", "geometry": {"type": "Point", "coordinates": [17.2225016, 45.5953497]}, "properties": {"id": 422, "slug": "sokol-s", "canonical_name": "NK Sokol (S)", "short_name": "Sokol", "county": "Bjelovarsko-bilogorska županija", "created_at": "2026-05-16 22:02:49", "updated_at": "2026-05-16 22:17:09", "top_tier": 8, "top_league_name": "3. ŽNL JUG (BBŽ)", "seasons": [{"league": "3. ŽNL JUG (BBŽ)", "tier": 8, "league_county": "Bjelovarsko-bilogorska županija", "season": "hrnogomet-season-922", "source": "hrnogomet"}], "aliases": [{"alias": "NK Sokol (S)", "source": "hrnogomet"}], "source_ids": [{"id": "1463", "source": "hrnogomet-id"}]}}, {"type": "Feature", "geometry": {"type": "Point", "coordinates": [16.49314, 43.5432]}, "properties": {"id": 88, "slug": "solin", "canonical_name": "NK Solin", "short_name": "Solin", "city": "Solin", "stadium_name": "Stadion pokraj Jadra", "stadium_capacity": 3500, "founded_year": 1919, "created_at": "2026-05-16 21:52:49", "updated_at": "2026-05-16 21:52:49", "top_tier": 3, "top_league_name": "2. NL", "seasons": [{"league": "2. NL", "tier": 3, "season": "25/26", "source": "sofascore"}], "aliases": [{"alias": "NK Solin", "source": "sofascore"}, {"alias": "Solin", "source": "sofascore"}], "source_ids": [{"id": "36282", "source": "sofascore-id"}]}}, {"type": "Feature", "geometry": {"type": "Point", "coordinates": [18.7517526, 45.232118]}, "properties": {"id": 680, "slug": "sremac-i", "canonical_name": "NK Sremac (I)", "short_name": "Sremac", "county": "Vukovarsko-srijemska županija", "created_at": "2026-05-16 22:02:58", "updated_at": "2026-05-16 22:18:46", "top_tier": 6, "top_league_name": "1. ŽNL (VSŽ)", "seasons": [{"league": "1. ŽNL (VSŽ)", "tier": 6, "league_county": "Vukovarsko-srijemska županija", "season": "hrnogomet-season-958", "source": "hrnogomet"}], "aliases": [{"alias": "NK Sremac (I)", "source": "hrnogomet"}], "source_ids": [{"id": "1371", "source": "hrnogomet-id"}]}}, {"type": "Feature", "geometry": {"type": "Point", "coordinates": [18.7517526, 45.232118]}, "properties": {"id": 690, "slug": "sremac-m", "canonical_name": "NK Sremac (M)", "short_name": "Sremac", "county": "Vukovarsko-srijemska županija", "created_at": "2026-05-16 22:02:59", "updated_at": "2026-05-16 22:18:50", "top_tier": 7, "top_league_name": "2. ŽNL VK (VSŽ)", "seasons": [{"league": "2. ŽNL VK (VSŽ)", "tier": 7, "league_county": "Vukovarsko-srijemska županija", "season": "hrnogomet-season-959", "source": "hrnogomet"}], "aliases": [{"alias": "NK Sremac (M)", "source": "hrnogomet"}], "source_ids": [{"id": "1384", "source": "hrnogomet-id"}]}}, {"type": "Feature", "geometry": {"type": "Point", "coordinates": [14.4444138, 45.3272745]}, "properties": {"id": 433, "slug": "stari-grad-rijeka", "canonical_name": "NK Stari grad Rijeka", "short_name": "Stari", "county": "Primorsko-goranska županija", "created_at": "2026-05-16 22:02:49", "updated_at": "2026-05-16 22:17:13", "top_tier": 6, "top_league_name": "1. ŽNL (PGŽ)", "seasons": [{"league": "1. ŽNL (PGŽ)", "tier": 6, "league_county": "Primorsko-goranska županija", "season": "hrnogomet-season-995", "source": "hrnogomet"}], "aliases": [{"alias": "NK Stari grad Rijeka", "source": "hrnogomet"}], "source_ids": [{"id": "3190", "source": "hrnogomet-id"}]}}, {"type": "Feature", "geometry": {"type": "Point", "coordinates": [16.810618, 46.1373067]}, "properties": {"id": 344, "slug": "starigrad", "canonical_name": "NK Starigrad", "short_name": "Starigrad", "county": "Koprivničko-križevačka županija", "created_at": "2026-05-16 22:02:47", "updated_at": "2026-05-16 22:16:41", "top_tier": 6, "top_league_name": "1. ŽNL (KKŽ)", "seasons": [{"league": "1. ŽNL (KKŽ)", "tier": 6, "league_county": "Koprivničko-križevačka županija", "season": "hrnogomet-season-930", "source": "hrnogomet"}], "aliases": [{"alias": "NK Starigrad", "source": "hrnogomet"}], "source_ids": [{"id": "1510", "source": "hrnogomet-id"}]}}, {"type": "Feature", "geometry": {"type": "Point", "coordinates": [15.4094362, 45.4597883]}, "properties": {"id": 246, "slug": "straza", "canonical_name": "NK Straža", "short_name": "Straža", "created_at": "2026-05-16 22:02:42", "updated_at": "2026-05-16 22:16:05", "top_tier": 6, "top_league_name": "1. ŽNL (KZŽ)", "seasons": [{"league": "1. ŽNL (KZŽ)", "tier": 6, "league_county": "Krapinsko-zagorska županija", "season": "hrnogomet-season-926", "source": "hrnogomet"}], "aliases": [{"alias": "NK Straža", "source": "hrnogomet"}], "source_ids": [{"id": "1041", "source": "hrnogomet-id"}]}}, {"type": "Feature", "geometry": {"type": "Point", "coordinates": [15.7867626, 45.810606]}, "properties": {"id": 200, "slug": "strmec", "canonical_name": "NK Strmec", "short_name": "Strmec", "county": "Zagrebačka županija", "website": "https://nk-strmec.hr/index.htm", "email": "nk-strmec@bedenica.hr", "phone": "01/2064-327", "phone_e164": "+38512064327", "phone_kind": "landline", "created_at": "2026-05-16 22:02:41", "updated_at": "2026-05-16 22:54:20", "top_tier": 6, "top_league_name": "Premier liga (Zagrebačka)", "seasons": [{"league": "Premier liga (Zagrebačka)", "tier": 6, "league_county": "Zagrebačka županija", "season": "hrnogomet-season-896", "source": "hrnogomet"}], "aliases": [{"alias": "NK Strmec", "source": "hrnogomet"}], "source_ids": [{"id": "1767", "source": "hrnogomet-id"}]}}, {"type": "Feature", "geometry": {"type": "Point", "coordinates": [15.9181323, 45.7101155]}, "properties": {"id": 279, "slug": "strmec-zagreb", "canonical_name": "NK Strmec Zagreb", "short_name": "Strmec", "city": "Strmec", "county": "Grad Zagreb", "founded_year": 1947, "website": "https://nk-savastrmec.hr/", "created_at": "2026-05-16 22:02:43", "updated_at": "2026-05-16 23:11:41", "top_tier": 7, "top_league_name": "2. Zagrebačka NL (Grad Zagreb)", "seasons": [{"league": "2. Zagrebačka NL (Grad Zagreb)", "tier": 7, "league_county": "Grad Zagreb", "season": "hrnogomet-season-939", "source": "hrnogomet"}], "aliases": [{"alias": "NK Strmec Zagreb", "source": "hrnogomet"}], "source_ids": [{"id": "1404", "source": "hrnogomet-id"}]}}, {"type": "Feature", "geometry": {"type": "Point", "coordinates": [16.9881539, 45.2796241]}, "properties": {"id": 182, "slug": "strug", "canonical_name": "NK Strug", "short_name": "Strug", "county": "Sisačko-moslavačka županija", "created_at": "2026-05-16 22:02:40", "updated_at": "2026-05-16 22:15:42", "top_tier": 7, "top_league_name": "2. ŽNL - NS Novska (SMŽ)", "seasons": [{"league": "2. ŽNL - NS Novska (SMŽ)", "tier": 7, "league_county": "Sisačko-moslavačka županija", "season": "hrnogomet-season-994", "source": "hrnogomet"}], "aliases": [{"alias": "NK Strug", "source": "hrnogomet"}], "source_ids": [{"id": "1945", "source": "hrnogomet-id"}]}}, {"type": "Feature", "geometry": {"type": "Point", "coordinates": [16.6513854, 46.2965816]}, "properties": {"id": 325, "slug": "struga", "canonical_name": "NK Struga", "short_name": "Struga", "county": "Varaždinska županija", "created_at": "2026-05-16 22:02:46", "updated_at": "2026-05-16 22:16:34", "top_tier": 8, "top_league_name": "3. ŽNL Ludbreg (VŽŽ)", "seasons": [{"league": "3. ŽNL Ludbreg (VŽŽ)", "tier": 8, "league_county": "Varaždinska županija", "season": "hrnogomet-season-956", "source": "hrnogomet"}], "aliases": [{"alias": "NK Struga", "source": "hrnogomet"}], "source_ids": [{"id": "1318", "source": "hrnogomet-id"}]}}, {"type": "Feature", "geometry": {"type": "Point", "coordinates": [15.9722428, 45.9801727]}, "properties": {"id": 240, "slug": "stubica", "canonical_name": "NK Stubica", "short_name": "Stubica", "county": "Krapinsko-zagorska županija", "created_at": "2026-05-16 22:02:42", "updated_at": "2026-05-16 22:16:03", "top_tier": 6, "top_league_name": "1. ŽNL (KZŽ)", "seasons": [{"league": "1. ŽNL (KZŽ)", "tier": 6, "league_county": "Krapinsko-zagorska županija", "season": "hrnogomet-season-926", "source": "hrnogomet"}], "aliases": [{"alias": "NK Stubica", "source": "hrnogomet"}], "source_ids": [{"id": "1816", "source": "hrnogomet-id"}]}}, {"type": "Feature", "geometry": {"type": "Point", "coordinates": [16.060935, 45.8339207]}, "properties": {"id": 272, "slug": "studentski-grad", "canonical_name": "NK Studentski Grad", "short_name": "Studentski", "city": "Zagreb", "county": "Grad Zagreb", "address": "Gjure Prejca 4, 10 040 Zagreb", "phone": "091 / 2864 - 342", "phone_e164": "+385912864342", "phone_kind": "mobile", "created_at": "2026-05-16 22:02:43", "updated_at": "2026-05-16 23:11:47", "top_tier": 6, "top_league_name": "1. Zagrebačka NL (Grad Zagreb)", "seasons": [{"league": "1. Zagrebačka NL (Grad Zagreb)", "tier": 6, "league_county": "Grad Zagreb", "season": "hrnogomet-season-938", "source": "hrnogomet"}], "aliases": [{"alias": "NK Studentski Grad", "source": "hrnogomet"}], "source_ids": [{"id": "1423", "source": "hrnogomet-id"}]}}, {"type": "Feature", "geometry": {"type": "Point", "coordinates": [17.7704975, 45.2648018]}, "properties": {"id": 501, "slug": "sulkovci", "canonical_name": "NK Sulkovci", "short_name": "Sulkovci", "county": "Požeško-slavonska županija", "created_at": "2026-05-16 22:02:52", "updated_at": "2026-05-16 22:17:37", "top_tier": 7, "top_league_name": "2. ŽNL (PSŽ)", "seasons": [{"league": "2. ŽNL (PSŽ)", "tier": 7, "league_county": "Požeško-slavonska županija", "season": "hrnogomet-season-925", "source": "hrnogomet"}], "aliases": [{"alias": "NK Sulkovci", "source": "hrnogomet"}], "source_ids": [{"id": "1722", "source": "hrnogomet-id"}]}}, {"type": "Feature", "geometry": {"type": "Point", "coordinates": [16.5866293, 45.3650296]}, "properties": {"id": 167, "slug": "sunjski", "canonical_name": "NK Sunjski", "short_name": "Sunjski", "county": "Sisačko-moslavačka županija", "created_at": "2026-05-16 22:02:40", "updated_at": "2026-05-16 22:15:37", "top_tier": 7, "top_league_name": "2. ŽNL - NS Sisak (SMŽ)", "seasons": [{"league": "2. ŽNL - NS Sisak (SMŽ)", "tier": 7, "league_county": "Sisačko-moslavačka županija", "season": "hrnogomet-season-964", "source": "hrnogomet"}], "aliases": [{"alias": "NK Sunjski", "source": "hrnogomet"}], "source_ids": [{"id": "1933", "source": "hrnogomet-id"}]}}, {"type": "Feature", "geometry": {"type": "Point", "coordinates": [18.2454828, 45.7392695]}, "properties": {"id": 472, "slug": "sveti-durad", "canonical_name": "NK Sveti Đurađ", "short_name": "Sveti", "county": "Osječko-baranjska županija", "created_at": "2026-05-16 22:02:51", "updated_at": "2026-05-16 22:18:35", "top_tier": 7, "top_league_name": "2. ŽNL ZAPAD (VPŽ)", "seasons": [{"league": "2. ŽNL ZAPAD (VPŽ)", "tier": 7, "league_county": "Virovitičko-podravska županija", "season": "hrnogomet-season-982", "source": "hrnogomet"}, {"league": "2. ŽNL Donji Miholjac (OBŽ)", "tier": 7, "league_county": "Osječko-baranjska županija", "season": "hrnogomet-season-912", "source": "hrnogomet"}], "aliases": [{"alias": "NK Sveti Đurađ", "source": "hrnogomet"}], "source_ids": [{"id": "2091", "source": "hrnogomet-id"}, {"id": "2208", "source": "hrnogomet-id"}]}}, {"type": "Feature", "geometry": {"type": "Point", "coordinates": [17.7077133, 45.1594197]}, "properties": {"id": 520, "slug": "svjetlost", "canonical_name": "NK Svjetlost", "short_name": "Svjetlost", "county": "Brodsko-posavska županija", "created_at": "2026-05-16 22:02:52", "updated_at": "2026-05-16 22:17:45", "top_tier": 7, "top_league_name": "2. ŽNL Zapad (BPŽ)", "seasons": [{"league": "2. ŽNL Zapad (BPŽ)", "tier": 7, "league_county": "Brodsko-posavska županija", "season": "hrnogomet-season-940", "source": "hrnogomet"}], "aliases": [{"alias": "NK Svjetlost", "source": "hrnogomet"}], "source_ids": [{"id": "1207", "source": "hrnogomet-id"}]}}, {"type": "Feature", "geometry": {"type": "Point", "coordinates": [16.438553, 43.5079685]}, "properties": {"id": 331, "slug": "tehnicar", "canonical_name": "NK Tehničar", "short_name": "Tehničar", "created_at": "2026-05-16 22:02:46", "updated_at": "2026-05-16 22:16:36", "top_tier": 5, "top_league_name": "4.NL BJ-KC-VT", "seasons": [{"league": "4.NL BJ-KC-VT", "tier": 5, "season": "hrnogomet-season-512", "source": "hrnogomet"}, {"league": "Elitna ŽNL (KKŽ)", "tier": 6, "league_county": "Koprivničko-križevačka županija", "season": "hrnogomet-season-929", "source": "hrnogomet"}], "aliases": [{"alias": "NK Tehničar", "source": "hrnogomet"}], "source_ids": [{"id": "1102", "source": "hrnogomet-id"}]}}, {"type": "Feature", "geometry": {"type": "Point", "coordinates": [16.9041385, 45.9800051]}, "properties": {"id": 397, "slug": "tomislav-b", "canonical_name": "NK Tomislav (B)", "short_name": "Tomislav", "county": "Bjelovarsko-bilogorska županija", "created_at": "2026-05-16 22:02:48", "updated_at": "2026-05-16 22:17:00", "top_tier": 7, "top_league_name": "2. ŽNL (BBŽ)", "seasons": [{"league": "2. ŽNL (BBŽ)", "tier": 7, "league_county": "Bjelovarsko-bilogorska županija", "season": "hrnogomet-season-920", "source": "hrnogomet"}], "aliases": [{"alias": "NK Tomislav (B)", "source": "hrnogomet"}], "source_ids": [{"id": "1451", "source": "hrnogomet-id"}]}}, {"type": "Feature", "geometry": {"type": "Point", "coordinates": [16.9041385, 45.9800051]}, "properties": {"id": 333, "slug": "tomislav-d", "canonical_name": "NK Tomislav (Đ)", "short_name": "Tomislav", "county": "Bjelovarsko-bilogorska županija", "created_at": "2026-05-16 22:02:46", "updated_at": "2026-05-16 22:17:04", "top_tier": 6, "top_league_name": "Elitna ŽNL (KKŽ)", "seasons": [{"league": "Elitna ŽNL (KKŽ)", "tier": 6, "league_county": "Koprivničko-križevačka županija", "season": "hrnogomet-season-929", "source": "hrnogomet"}, {"league": "2. ŽNL (BBŽ)", "tier": 7, "league_county": "Bjelovarsko-bilogorska županija", "season": "hrnogomet-season-920", "source": "hrnogomet"}], "aliases": [{"alias": "NK Tomislav", "source": "hrnogomet"}, {"alias": "NK Tomislav (Đ)", "source": "hrnogomet"}], "source_ids": [{"id": "1134", "source": "hrnogomet-id"}, {"id": "2689", "source": "hrnogomet-id"}]}}, {"type": "Feature", "geometry": {"type": "Point", "coordinates": [18.6153058, 45.5275454]}, "properties": {"id": 659, "slug": "tomislav-s", "canonical_name": "NK Tomislav (Š)", "short_name": "Tomislav", "county": "Osječko-baranjska županija", "created_at": "2026-05-16 22:02:57", "updated_at": "2026-05-16 22:18:39", "top_tier": 8, "top_league_name": "3. ŽNL Valpovo (OBŽ)", "seasons": [{"league": "3. ŽNL Valpovo (OBŽ)", "tier": 8, "league_county": "Osječko-baranjska županija", "season": "hrnogomet-season-911", "source": "hrnogomet"}], "aliases": [{"alias": "NK Tomislav (Š)", "source": "hrnogomet"}], "source_ids": [{"id": "2692", "source": "hrnogomet-id"}]}}, {"type": "Feature", "geometry": {"type": "Point", "coordinates": [18.6153058, 45.5275454]}, "properties": {"id": 574, "slug": "tomislav-livana", "canonical_name": "NK Tomislav - Livana", "short_name": "Tomislav", "created_at": "2026-05-16 22:02:55", "updated_at": "2026-05-16 22:18:06", "top_tier": 6, "top_league_name": "1. ŽNL (OBŽ)", "seasons": [{"league": "1. ŽNL (OBŽ)", "tier": 6, "league_county": "Osječko-baranjska županija", "season": "hrnogomet-season-957", "source": "hrnogomet"}], "aliases": [{"alias": "NK Tomislav - Livana", "source": "hrnogomet"}], "source_ids": [{"id": "1620", "source": "hrnogomet-id"}]}}, {"type": "Feature", "geometry": {"type": "Point", "coordinates": [18.2960038, 45.1861153]}, "properties": {"id": 103, "slug": "tomislav-donji-andrijevci", "canonical_name": "NK Tomislav Donji Andrijevci", "short_name": "Tomislav (DA)", "city": "Donji Andrijevci", "stadium_name": "Stadion Tomislav Buhač", "stadium_capacity": 600, "created_at": "2026-05-16 21:53:08", "updated_at": "2026-05-16 21:53:08", "top_tier": 4, "top_league_name": "3. NL - Istok", "seasons": [{"league": "3. NL - Istok", "tier": 4, "season": "25/26", "source": "sofascore"}], "aliases": [{"alias": "NK Tomislav Donji Andrijevci", "source": "sofascore"}, {"alias": "Tomislav (DA)", "source": "sofascore"}], "source_ids": [{"id": "355840", "source": "sofascore-id"}]}}, {"type": "Feature", "geometry": {"type": "Point", "coordinates": [16.6020096, 45.9434108]}, "properties": {"id": 332, "slug": "tomislav-radnik", "canonical_name": "NK Tomislav Radnik", "short_name": "Tomislav", "county": "Koprivničko-križevačka županija", "created_at": "2026-05-16 22:02:46", "updated_at": "2026-05-16 22:16:36", "top_tier": 6, "top_league_name": "Elitna ŽNL (KKŽ)", "seasons": [{"league": "Elitna ŽNL (KKŽ)", "tier": 6, "league_county": "Koprivničko-križevačka županija", "season": "hrnogomet-season-929", "source": "hrnogomet"}], "aliases": [{"alias": "NK Tomislav Radnik", "source": "hrnogomet"}], "source_ids": [{"id": "1496", "source": "hrnogomet-id"}]}}, {"type": "Feature", "geometry": {"type": "Point", "coordinates": [15.8376747, 46.0921849]}, "properties": {"id": 254, "slug": "toplice", "canonical_name": "NK Toplice", "short_name": "Toplice", "county": "Krapinsko-zagorska županija", "created_at": "2026-05-16 22:02:43", "updated_at": "2026-05-16 22:16:08", "top_tier": 7, "top_league_name": "2. ŽNL (KZŽ)", "seasons": [{"league": "2. ŽNL (KZŽ)", "tier": 7, "league_county": "Krapinsko-zagorska županija", "season": "hrnogomet-season-927", "source": "hrnogomet"}], "aliases": [{"alias": "NK Toplice", "source": "hrnogomet"}], "source_ids": [{"id": "1846", "source": "hrnogomet-id"}]}}, {"type": "Feature", "geometry": {"type": "Point", "coordinates": [14.4025424, 45.3349954]}, "properties": {"id": 581, "slug": "torpedo-k", "canonical_name": "NK Torpedo (K)", "short_name": "Torpedo", "created_at": "2026-05-16 22:02:55", "updated_at": "2026-05-16 22:18:09", "top_tier": 6, "top_league_name": "1. ŽNL (OBŽ)", "seasons": [{"league": "1. ŽNL (OBŽ)", "tier": 6, "league_county": "Osječko-baranjska županija", "season": "hrnogomet-season-957", "source": "hrnogomet"}], "aliases": [{"alias": "NK Torpedo (K)", "source": "hrnogomet"}], "source_ids": [{"id": "1981", "source": "hrnogomet-id"}]}}, {"type": "Feature", "geometry": {"type": "Point", "coordinates": [16.7166353, 45.9127697]}, "properties": {"id": 400, "slug": "tosk", "canonical_name": "NK Tosk", "short_name": "Tosk", "county": "Bjelovarsko-bilogorska županija", "created_at": "2026-05-16 22:02:48", "updated_at": "2026-05-16 22:17:01", "top_tier": 7, "top_league_name": "2. ŽNL (BBŽ)", "seasons": [{"league": "2. ŽNL (BBŽ)", "tier": 7, "league_county": "Bjelovarsko-bilogorska županija", "season": "hrnogomet-season-920", "source": "hrnogomet"}], "aliases": [{"alias": "NK Tosk", "source": "hrnogomet"}], "source_ids": [{"id": "1464", "source": "hrnogomet-id"}]}}, {"type": "Feature", "geometry": {"type": "Point", "coordinates": [15.9772795, 45.8130967]}, "properties": {"id": 70, "slug": "tresnjevka-zagreb", "canonical_name": "NK Trešnjevka", "short_name": "Trešnjevka", "city": "Zagreb", "stadium_name": "Graba", "stadium_capacity": 800, "created_at": "2026-05-16 21:50:06", "updated_at": "2026-05-16 21:53:35", "top_tier": 3, "top_league_name": "3. HNL Centar", "seasons": [{"league": "3. HNL Centar", "tier": 3, "season": "2021/22", "source": "sofascore"}, {"league": "3. NL - Centar", "tier": 4, "season": "25/26", "source": "sofascore"}], "aliases": [{"alias": "NK Trešnjevka", "source": "sofascore"}, {"alias": "Trešnjevka", "source": "sofascore"}], "source_ids": [{"id": "331320", "source": "sofascore-id"}]}}, {"type": "Feature", "geometry": {"type": "Point", "coordinates": [15.9791746, 45.7969569]}, "properties": {"id": 75, "slug": "trnje", "canonical_name": "NK Trnje", "short_name": "Trnje", "created_at": "2026-05-16 21:50:11", "updated_at": "2026-05-16 21:52:48", "top_tier": 3, "top_league_name": "2. NL", "seasons": [{"league": "2. NL", "tier": 3, "season": "25/26", "source": "sofascore"}, {"league": "3. HNL Centar", "tier": 3, "season": "2021/22", "source": "sofascore"}], "aliases": [{"alias": "NK Trnje", "source": "sofascore"}, {"alias": "Trnje", "source": "sofascore"}], "source_ids": [{"id": "35223", "source": "sofascore-id"}]}}, {"type": "Feature", "geometry": {"type": "Point", "coordinates": [16.7698507, 45.7856351]}, "properties": {"id": 391, "slug": "trnski", "canonical_name": "NK Trnski", "short_name": "Trnski", "county": "Bjelovarsko-bilogorska županija", "created_at": "2026-05-16 22:02:48", "updated_at": "2026-05-16 22:16:58", "top_tier": 6, "top_league_name": "1. ŽNL (BBŽ)", "seasons": [{"league": "1. ŽNL (BBŽ)", "tier": 6, "league_county": "Bjelovarsko-bilogorska županija", "season": "hrnogomet-season-919", "source": "hrnogomet"}], "aliases": [{"alias": "NK Trnski", "source": "hrnogomet"}], "source_ids": [{"id": "1452", "source": "hrnogomet-id"}]}}, {"type": "Feature", "geometry": {"type": "Point", "coordinates": [17.2192409, 45.887397]}, "properties": {"id": 468, "slug": "turnasica", "canonical_name": "NK Turnašica", "short_name": "Turnašica", "county": "Virovitičko-podravska županija", "created_at": "2026-05-16 22:02:51", "updated_at": "2026-05-16 22:17:26", "top_tier": 7, "top_league_name": "2. ŽNL ZAPAD (VPŽ)", "seasons": [{"league": "2. ŽNL ZAPAD (VPŽ)", "tier": 7, "league_county": "Virovitičko-podravska županija", "season": "hrnogomet-season-982", "source": "hrnogomet"}], "aliases": [{"alias": "NK Turnašica", "source": "hrnogomet"}], "source_ids": [{"id": "2425", "source": "hrnogomet-id"}]}}, {"type": "Feature", "geometry": {"type": "Point", "coordinates": [16.1402032, 45.6491798]}, "properties": {"id": 236, "slug": "turopolje", "canonical_name": "NK Turopolje", "short_name": "Turopolje", "created_at": "2026-05-16 22:02:42", "updated_at": "2026-05-16 22:02:42", "top_tier": 6, "top_league_name": "J1. ŽNL  (Zagrebačka)", "seasons": [{"league": "J1. ŽNL  (Zagrebačka)", "tier": 6, "league_county": "Zagrebačka županija", "season": "hrnogomet-season-897", "source": "hrnogomet"}], "aliases": [{"alias": "NK Turopolje", "source": "hrnogomet"}], "source_ids": [{"id": "2036", "source": "hrnogomet-id"}]}}, {"type": "Feature", "geometry": {"type": "Point", "coordinates": [15.5599298, 45.568251]}, "properties": {"id": 305, "slug": "tuskani", "canonical_name": "NK Tuškani", "short_name": "Tuškani", "county": "Karlovačka županija", "created_at": "2026-05-16 22:02:44", "updated_at": "2026-05-16 22:16:27", "top_tier": 7, "top_league_name": "2. ŽNL (Karlovačka)", "seasons": [{"league": "2. ŽNL (Karlovačka)", "tier": 7, "league_county": "Karlovačka županija", "season": "hrnogomet-season-924", "source": "hrnogomet"}], "aliases": [{"alias": "NK Tuškani", "source": "hrnogomet"}], "source_ids": [{"id": "3169", "source": "hrnogomet-id"}]}}, {"type": "Feature", "geometry": {"type": "Point", "coordinates": [16.4333716, 45.4574911]}, "properties": {"id": 149, "slug": "tsk-1932", "canonical_name": "NK TŠK - 1932", "short_name": "TŠK", "county": "Sisačko-moslavačka županija", "created_at": "2026-05-16 22:02:39", "updated_at": "2026-05-16 22:15:31", "top_tier": 6, "top_league_name": "1. ŽNL (SMŽ)", "seasons": [{"league": "1. ŽNL (SMŽ)", "tier": 6, "league_county": "Sisačko-moslavačka županija", "season": "hrnogomet-season-963", "source": "hrnogomet"}], "aliases": [{"alias": "NK TŠK - 1932", "source": "hrnogomet"}], "source_ids": [{"id": "1697", "source": "hrnogomet-id"}]}}, {"type": "Feature", "geometry": {"type": "Point", "coordinates": [16.3770589, 46.2760164]}, "properties": {"id": 376, "slug": "udarnik", "canonical_name": "NK Udarnik", "short_name": "Udarnik", "created_at": "2026-05-16 22:02:47", "updated_at": "2026-05-16 22:02:47", "top_tier": 7, "top_league_name": "2. ŽNL (KKŽ)", "seasons": [{"league": "2. ŽNL (KKŽ)", "tier": 7, "league_county": "Koprivničko-križevačka županija", "season": "hrnogomet-season-931", "source": "hrnogomet"}], "aliases": [{"alias": "NK Udarnik", "source": "hrnogomet"}], "source_ids": [{"id": "1522", "source": "hrnogomet-id"}]}}, {"type": "Feature", "geometry": {"type": "Point", "coordinates": [13.8455311, 44.8702281]}, "properties": {"id": 87, "slug": "uljanik-pula", "canonical_name": "NK Uljanik Pula", "short_name": "Uljanik", "city": "Pula", "stadium_name": "SRC \"Uljanik-Veruda\"", "stadium_capacity": 3500, "created_at": "2026-05-16 21:52:48", "updated_at": "2026-05-16 21:52:48", "top_tier": 3, "top_league_name": "2. NL", "seasons": [{"league": "2. NL", "tier": 3, "season": "25/26", "source": "sofascore"}], "aliases": [{"alias": "NK Uljanik Pula", "source": "sofascore"}, {"alias": "Uljanik", "source": "sofascore"}], "source_ids": [{"id": "336111", "source": "sofascore-id"}]}}, {"type": "Feature", "geometry": {"type": "Point", "coordinates": [16.9528401, 43.3534566]}, "properties": {"id": 66, "slug": "urania-baska-voda", "canonical_name": "NK Urania Baška Voda", "short_name": "Urania", "city": "Baška Voda", "stadium_name": "Športski centar Ante Jurišić", "stadium_capacity": 2000, "created_at": "2026-05-16 21:49:59", "updated_at": "2026-05-16 21:49:59", "top_tier": 3, "top_league_name": "3. HNL Jug", "seasons": [{"league": "3. HNL Jug", "tier": 3, "season": "2021/22", "source": "sofascore"}], "aliases": [{"alias": "NK Urania Baška Voda", "source": "sofascore"}, {"alias": "Urania", "source": "sofascore"}], "source_ids": [{"id": "278156", "source": "sofascore-id"}]}}, {"type": "Feature", "geometry": {"type": "Point", "coordinates": [16.524438899183, 43.561324314397]}, "properties": {"id": 65, "slug": "uskok-klis", "canonical_name": "NK Uskok Klis", "short_name": "Uskok", "city": "Klis", "stadium_name": "Stadion Iza Grada", "stadium_capacity": 1050, "created_at": "2026-05-16 21:49:58", "updated_at": "2026-05-16 21:52:51", "top_tier": 3, "top_league_name": "2. NL", "seasons": [{"league": "2. NL", "tier": 3, "season": "25/26", "source": "sofascore"}, {"league": "3. HNL Jug", "tier": 3, "season": "2021/22", "source": "sofascore"}], "aliases": [{"alias": "NK Uskok Klis", "source": "sofascore"}, {"alias": "Uskok", "source": "sofascore"}], "source_ids": [{"id": "287223", "source": "sofascore-id"}]}}, {"type": "Feature", "geometry": {"type": "Point", "coordinates": [16.9097857, 45.2633324]}, "properties": {"id": 181, "slug": "ustica", "canonical_name": "NK Uštica", "short_name": "Uštica", "county": "Sisačko-moslavačka županija", "created_at": "2026-05-16 22:02:40", "updated_at": "2026-05-16 22:15:42", "top_tier": 7, "top_league_name": "2. ŽNL - NS Novska (SMŽ)", "seasons": [{"league": "2. ŽNL - NS Novska (SMŽ)", "tier": 7, "league_county": "Sisačko-moslavačka županija", "season": "hrnogomet-season-994", "source": "hrnogomet"}], "aliases": [{"alias": "NK Uštica", "source": "hrnogomet"}], "source_ids": [{"id": "1947", "source": "hrnogomet-id"}]}}, {"type": "Feature", "geometry": {"type": "Point", "coordinates": [18.4143661, 45.6619979]}, "properties": {"id": 102, "slug": "valpovka-valpovo", "canonical_name": "NK Valpovka Valpovo", "short_name": "Valpovka", "created_at": "2026-05-16 21:53:07", "updated_at": "2026-05-16 21:53:07", "top_tier": 4, "top_league_name": "3. NL - Istok", "seasons": [{"league": "3. NL - Istok", "tier": 4, "season": "25/26", "source": "sofascore"}], "aliases": [{"alias": "NK Valpovka Valpovo", "source": "sofascore"}, {"alias": "Valpovka", "source": "sofascore"}], "source_ids": [{"id": "233069", "source": "sofascore-id"}]}}, {"type": "Feature", "geometry": {"type": "Point", "coordinates": [16.344355, 46.293434]}, "properties": {"id": 8, "slug": "varazdin", "canonical_name": "NK Varaždin", "short_name": "Varaždin", "city": "Varaždin", "stadium_name": "Stadion Varteks", "stadium_capacity": 10800, "founded_year": 1931, "created_at": "2026-05-16 21:48:53", "updated_at": "2026-05-16 21:52:45", "top_tier": 1, "top_league_name": "SuperSport HNL", "seasons": [{"league": "SuperSport HNL", "tier": 1, "season": "25/26", "source": "sofascore"}], "aliases": [{"alias": "NK Varaždin", "source": "sofascore"}, {"alias": "Varaždin", "source": "sofascore"}], "source_ids": [{"id": "231380", "source": "sofascore-id"}]}}, {"type": "Feature", "geometry": {"type": "Point", "coordinates": [18.76761722947, 45.623422814575]}, "properties": {"id": 109, "slug": "vardarac", "canonical_name": "NK Vardarac", "short_name": "Vardarac", "city": "Vardarac", "stadium_name": "V Arena", "stadium_capacity": 500, "created_at": "2026-05-16 21:53:14", "updated_at": "2026-05-16 21:53:14", "top_tier": 4, "top_league_name": "3. NL - Istok", "seasons": [{"league": "3. NL - Istok", "tier": 4, "season": "25/26", "source": "sofascore"}], "aliases": [{"alias": "NK Vardarac", "source": "sofascore"}, {"alias": "Vardarac", "source": "sofascore"}], "source_ids": [{"id": "324270", "source": "sofascore-id"}]}}, {"type": "Feature", "geometry": {"type": "Point", "coordinates": [16.344355, 46.293434]}, "properties": {"id": 25, "slug": "varteks-varazdin", "canonical_name": "NK Varteks Varaždin", "short_name": "Varteks", "city": "Varaždin", "stadium_name": "Stadion Varteks", "stadium_capacity": 10800, "created_at": "2026-05-16 21:49:13", "updated_at": "2026-05-16 21:52:49", "top_tier": 3, "top_league_name": "2. NL", "seasons": [{"league": "2. NL", "tier": 3, "season": "25/26", "source": "sofascore"}, {"league": "3. HNL Sjever", "tier": 3, "season": "2021/22", "source": "sofascore"}], "aliases": [{"alias": "NK Varteks Varaždin", "source": "sofascore"}, {"alias": "Varteks", "source": "sofascore"}], "source_ids": [{"id": "280977", "source": "sofascore-id"}]}}, {"type": "Feature", "geometry": {"type": "Point", "coordinates": [17.6662543, 45.8154349]}, "properties": {"id": 480, "slug": "vaska", "canonical_name": "NK Vaška", "short_name": "Vaška", "county": "Virovitičko-podravska županija", "created_at": "2026-05-16 22:02:51", "updated_at": "2026-05-16 22:17:30", "top_tier": 7, "top_league_name": "2. ŽNL ISTOK (VPŽ)", "seasons": [{"league": "2. ŽNL ISTOK (VPŽ)", "tier": 7, "league_county": "Virovitičko-podravska županija", "season": "hrnogomet-season-983", "source": "hrnogomet"}], "aliases": [{"alias": "NK Vaška", "source": "hrnogomet"}], "source_ids": [{"id": "2436", "source": "hrnogomet-id"}]}}, {"type": "Feature", "geometry": {"type": "Point", "coordinates": [16.0300097, 45.7359614]}, "properties": {"id": 230, "slug": "velika-mlaka-1947", "canonical_name": "NK Velika Mlaka 1947", "short_name": "Velika", "city": "Velika Mlaka", "county": "Zagrebačka županija", "founded_year": 1947, "website": "https://nkvelikamlaka1947.hr/", "created_at": "2026-05-16 22:02:42", "updated_at": "2026-05-16 22:55:22", "top_tier": 6, "top_league_name": "J1. ŽNL  (Zagrebačka)", "seasons": [{"league": "J1. ŽNL  (Zagrebačka)", "tier": 6, "league_county": "Zagrebačka županija", "season": "hrnogomet-season-897", "source": "hrnogomet"}], "aliases": [{"alias": "NK Velika Mlaka 1947", "source": "hrnogomet"}], "source_ids": [{"id": "5594", "source": "hrnogomet-id"}]}}, {"type": "Feature", "geometry": {"type": "Point", "coordinates": [16.594442, 46.0658186]}, "properties": {"id": 353, "slug": "viktorija", "canonical_name": "NK Viktorija", "short_name": "Viktorija", "county": "Koprivničko-križevačka županija", "created_at": "2026-05-16 22:02:47", "updated_at": "2026-05-16 22:16:45", "top_tier": 6, "top_league_name": "1. ŽNL (KKŽ)", "seasons": [{"league": "1. ŽNL (KKŽ)", "tier": 6, "league_county": "Koprivničko-križevačka županija", "season": "hrnogomet-season-930", "source": "hrnogomet"}], "aliases": [{"alias": "NK Viktorija", "source": "hrnogomet"}], "source_ids": [{"id": "1497", "source": "hrnogomet-id"}]}}, {"type": "Feature", "geometry": {"type": "Point", "coordinates": [18.0637352, 45.7514957]}, "properties": {"id": 578, "slug": "viljevo", "canonical_name": "NK Viljevo", "short_name": "Viljevo", "county": "Osječko-baranjska županija", "created_at": "2026-05-16 22:02:55", "updated_at": "2026-05-16 22:18:08", "top_tier": 6, "top_league_name": "1. ŽNL (OBŽ)", "seasons": [{"league": "1. ŽNL (OBŽ)", "tier": 6, "league_county": "Osječko-baranjska županija", "season": "hrnogomet-season-957", "source": "hrnogomet"}], "aliases": [{"alias": "NK Viljevo", "source": "hrnogomet"}], "source_ids": [{"id": "1611", "source": "hrnogomet-id"}]}}, {"type": "Feature", "geometry": {"type": "Point", "coordinates": [14.7888328, 45.128264]}, "properties": {"id": 112, "slug": "vinodol-novi-vinodolski", "canonical_name": "NK Vinodol", "short_name": "Vinodol", "city": "Novi Vinodolski", "stadium_name": "Stadion Bahalin", "stadium_capacity": 1200, "created_at": "2026-05-16 21:53:20", "updated_at": "2026-05-16 21:53:20", "top_tier": 4, "top_league_name": "3. NL - Zapad", "seasons": [{"league": "3. NL - Zapad", "tier": 4, "season": "25/26", "source": "sofascore"}], "aliases": [{"alias": "NK Vinodol", "source": "sofascore"}, {"alias": "Vinodol", "source": "sofascore"}], "source_ids": [{"id": "79831", "source": "sofascore-id"}]}}, {"type": "Feature", "geometry": {"type": "Point", "coordinates": [17.9979766, 45.1805991]}, "properties": {"id": 108, "slug": "vinogorac-brodsko-vinogorje", "canonical_name": "NK Vinogorac Brodsko Vinogorje", "short_name": "Vinogorac", "created_at": "2026-05-16 21:53:13", "updated_at": "2026-05-16 21:53:13", "top_tier": 4, "top_league_name": "3. NL - Istok", "seasons": [{"league": "3. NL - Istok", "tier": 4, "season": "25/26", "source": "sofascore"}], "aliases": [{"alias": "NK Vinogorac Brodsko Vinogorje", "source": "sofascore"}, {"alias": "Vinogorac", "source": "sofascore"}], "source_ids": [{"id": "389460", "source": "sofascore-id"}]}}, {"type": "Feature", "geometry": {"type": "Point", "coordinates": [15.7950893, 43.7662844]}, "properties": {"id": 61, "slug": "vodice", "canonical_name": "NK Vodice", "short_name": "Vodice", "city": "Vodice", "stadium_name": "S.C. Račice", "created_at": "2026-05-16 21:49:54", "updated_at": "2026-05-16 21:53:45", "top_tier": 3, "top_league_name": "3. HNL Jug", "seasons": [{"league": "3. HNL Jug", "tier": 3, "season": "2021/22", "source": "sofascore"}, {"league": "3. NL - Jug", "tier": 4, "season": "25/26", "source": "sofascore"}], "aliases": [{"alias": "NK Vodice", "source": "sofascore"}, {"alias": "Vodice", "source": "sofascore"}], "source_ids": [{"id": "287218", "source": "sofascore-id"}]}}, {"type": "Feature", "geometry": {"type": "Point", "coordinates": [16.669142, 45.5503955]}, "properties": {"id": 141, "slug": "voloder", "canonical_name": "NK Voloder", "short_name": "Voloder", "county": "Sisačko-moslavačka županija", "created_at": "2026-05-16 22:02:39", "updated_at": "2026-05-16 22:15:28", "top_tier": 6, "top_league_name": "1. ŽNL (SMŽ)", "seasons": [{"league": "1. ŽNL (SMŽ)", "tier": 6, "league_county": "Sisačko-moslavačka županija", "season": "hrnogomet-season-963", "source": "hrnogomet"}], "aliases": [{"alias": "NK Voloder", "source": "hrnogomet"}], "source_ids": [{"id": "1699", "source": "hrnogomet-id"}]}}, {"type": "Feature", "geometry": {"type": "Point", "coordinates": [15.9062064, 45.8129884]}, "properties": {"id": 74, "slug": "vrapce", "canonical_name": "NK Vrapče", "short_name": "Vrapče", "created_at": "2026-05-16 21:50:10", "updated_at": "2026-05-16 21:53:35", "top_tier": 3, "top_league_name": "3. HNL Centar", "seasons": [{"league": "3. HNL Centar", "tier": 3, "season": "2021/22", "source": "sofascore"}, {"league": "3. NL - Centar", "tier": 4, "season": "25/26", "source": "sofascore"}], "aliases": [{"alias": "NK Vrapče", "source": "sofascore"}, {"alias": "Vrapče", "source": "sofascore"}], "source_ids": [{"id": "188498", "source": "sofascore-id"}]}}, {"type": "Feature", "geometry": {"type": "Point", "coordinates": [18.9279039, 44.9821315]}, "properties": {"id": 675, "slug": "vrbanja", "canonical_name": "NK Vrbanja", "short_name": "Vrbanja", "county": "Vukovarsko-srijemska županija", "created_at": "2026-05-16 22:02:58", "updated_at": "2026-05-16 22:18:45", "top_tier": 6, "top_league_name": "1. ŽNL (VSŽ)", "seasons": [{"league": "1. ŽNL (VSŽ)", "tier": 6, "league_county": "Vukovarsko-srijemska županija", "season": "hrnogomet-season-958", "source": "hrnogomet"}], "aliases": [{"alias": "NK Vrbanja", "source": "hrnogomet"}], "source_ids": [{"id": "1352", "source": "hrnogomet-id"}]}}, {"type": "Feature", "geometry": {"type": "Point", "coordinates": [45.88333, 16.42167]}, "properties": {"id": 80, "slug": "vrbovec", "canonical_name": "NK Vrbovec", "short_name": "Vrbovec", "city": "Vrbovec", "stadium_name": "Gradski Stadion Vrbovec", "stadium_capacity": 3000, "founded_year": 1924, "created_at": "2026-05-16 21:50:16", "updated_at": "2026-05-16 22:20:00", "top_tier": 3, "top_league_name": "3. HNL Centar", "seasons": [{"league": "3. HNL Centar", "tier": 3, "season": "2021/22", "source": "sofascore"}, {"league": "4. NL Središte Zagreb - B", "tier": 5, "season": "hrnogomet-season-895", "source": "hrnogomet"}], "aliases": [{"alias": "NK Vrbovec", "source": "sofascore"}, {"alias": "Vrbovec", "source": "sofascore"}, {"alias": "NK Vrbovec", "source": "hrnogomet"}], "source_ids": [{"id": "1062", "source": "hrnogomet-id"}, {"id": "44478", "source": "sofascore-id"}]}}, {"type": "Feature", "geometry": {"type": "Point", "coordinates": [15.0781121, 45.3740037]}, "properties": {"id": 435, "slug": "vrbovsko", "canonical_name": "NK Vrbovsko", "short_name": "Vrbovsko", "county": "Primorsko-goranska županija", "created_at": "2026-05-16 22:02:49", "updated_at": "2026-05-16 22:17:14", "top_tier": 6, "top_league_name": "1. ŽNL (PGŽ)", "seasons": [{"league": "1. ŽNL (PGŽ)", "tier": 6, "league_county": "Primorsko-goranska županija", "season": "hrnogomet-season-995", "source": "hrnogomet"}], "aliases": [{"alias": "NK Vrbovsko", "source": "hrnogomet"}], "source_ids": [{"id": "1875", "source": "hrnogomet-id"}]}}, {"type": "Feature", "geometry": {"type": "Point", "coordinates": [15.3627802, 45.6264661]}, "properties": {"id": 296, "slug": "vrlovka", "canonical_name": "NK Vrlovka", "short_name": "Vrlovka", "county": "Karlovačka županija", "created_at": "2026-05-16 22:02:44", "updated_at": "2026-05-16 22:16:23", "top_tier": 6, "top_league_name": "1. ŽNL (Karlovačka)", "seasons": [{"league": "1. ŽNL (Karlovačka)", "tier": 6, "league_county": "Karlovačka županija", "season": "hrnogomet-season-921", "source": "hrnogomet"}], "aliases": [{"alias": "NK Vrlovka", "source": "hrnogomet"}], "source_ids": [{"id": "1268", "source": "hrnogomet-id"}]}}, {"type": "Feature", "geometry": {"type": "Point", "coordinates": [16.0005029, 45.7787761]}, "properties": {"id": 266, "slug": "zet", "canonical_name": "NK ZET", "short_name": "ZET", "county": "Grad Zagreb", "fb_url": "https://www.facebook.com/nkzet1927/about/", "created_at": "2026-05-16 22:02:43", "updated_at": "2026-05-16 23:11:48", "top_tier": 6, "top_league_name": "1. Zagrebačka NL (Grad Zagreb)", "seasons": [{"league": "1. Zagrebačka NL (Grad Zagreb)", "tier": 6, "league_county": "Grad Zagreb", "season": "hrnogomet-season-938", "source": "hrnogomet"}], "aliases": [{"alias": "NK ZET", "source": "hrnogomet"}], "source_ids": [{"id": "1424", "source": "hrnogomet-id"}]}}, {"type": "Feature", "geometry": {"type": "Point", "coordinates": [16.1876725, 43.7382351]}, "properties": {"id": 57, "slug": "zagora-unesic", "canonical_name": "NK Zagora Unešić", "short_name": "Zagora", "city": "Unešić", "stadium_name": "Stadion Borovište", "created_at": "2026-05-16 21:49:50", "updated_at": "2026-05-16 21:53:45", "top_tier": 3, "top_league_name": "3. HNL Jug", "seasons": [{"league": "3. HNL Jug", "tier": 3, "season": "2021/22", "source": "sofascore"}, {"league": "3. NL - Jug", "tier": 4, "season": "25/26", "source": "sofascore"}], "aliases": [{"alias": "NK Zagora Unešić", "source": "sofascore"}, {"alias": "Zagora", "source": "sofascore"}], "source_ids": [{"id": "25543", "source": "sofascore-id"}]}}, {"type": "Feature", "geometry": {"type": "Point", "coordinates": [15.868475, 46.1632492]}, "properties": {"id": 377, "slug": "zagorec", "canonical_name": "NK Zagorec", "short_name": "Zagorec", "created_at": "2026-05-16 22:02:47", "updated_at": "2026-05-16 22:02:47", "top_tier": 7, "top_league_name": "2. ŽNL (KKŽ)", "seasons": [{"league": "2. ŽNL (KKŽ)", "tier": 7, "league_county": "Koprivničko-križevačka županija", "season": "hrnogomet-season-931", "source": "hrnogomet"}], "aliases": [{"alias": "NK Zagorec", "source": "hrnogomet"}], "source_ids": [{"id": "1523", "source": "hrnogomet-id"}]}}, {"type": "Feature", "geometry": {"type": "Point", "coordinates": [15.868475, 46.1632492]}, "properties": {"id": 248, "slug": "zagorec-vt", "canonical_name": "NK Zagorec (VT)", "short_name": "Zagorec", "county": "Krapinsko-zagorska županija", "created_at": "2026-05-16 22:02:42", "updated_at": "2026-05-16 22:16:06", "top_tier": 6, "top_league_name": "1. ŽNL (KZŽ)", "seasons": [{"league": "1. ŽNL (KZŽ)", "tier": 6, "league_county": "Krapinsko-zagorska županija", "season": "hrnogomet-season-926", "source": "hrnogomet"}], "aliases": [{"alias": "NK Zagorec (VT)", "source": "hrnogomet"}], "source_ids": [{"id": "1537", "source": "hrnogomet-id"}]}}, {"type": "Feature", "geometry": {"type": "Point", "coordinates": [15.868475, 46.1632492]}, "properties": {"id": 72, "slug": "zagorec-krapina", "canonical_name": "NK Zagorec Krapina", "short_name": "Zagorec", "created_at": "2026-05-16 21:50:08", "updated_at": "2026-05-16 21:53:35", "top_tier": 3, "top_league_name": "3. HNL Centar", "seasons": [{"league": "3. HNL Centar", "tier": 3, "season": "2021/22", "source": "sofascore"}, {"league": "3. NL - Centar", "tier": 4, "season": "25/26", "source": "sofascore"}], "aliases": [{"alias": "NK Zagorec Krapina", "source": "sofascore"}, {"alias": "Zagorec", "source": "sofascore"}], "source_ids": [{"id": "203607", "source": "sofascore-id"}]}}, {"type": "Feature", "geometry": {"type": "Point", "coordinates": [15.9933323, 45.7743335]}, "properties": {"id": 276, "slug": "zagreb-041", "canonical_name": "NK Zagreb 041", "short_name": "Zagreb", "city": "Zagreb", "county": "Grad Zagreb", "address": "Kombolova ulica 13, 10000 Zagreb", "website": "https://nkzagreb041.hr/", "fb_url": "https://www.facebook.com/nkzagreb041", "ig_url": "https://www.instagram.com/nk.zagreb041/", "created_at": "2026-05-16 22:02:43", "updated_at": "2026-05-16 23:11:55", "top_tier": 7, "top_league_name": "2. Zagrebačka NL (Grad Zagreb)", "seasons": [{"league": "2. Zagrebačka NL (Grad Zagreb)", "tier": 7, "league_county": "Grad Zagreb", "season": "hrnogomet-season-939", "source": "hrnogomet"}], "aliases": [{"alias": "NK Zagreb 041", "source": "hrnogomet"}], "source_ids": [{"id": "1407", "source": "hrnogomet-id"}]}}, {"type": "Feature", "geometry": {"type": "Point", "coordinates": [18.0172652, 45.153792]}, "properties": {"id": 530, "slug": "zdenac", "canonical_name": "NK Zdenac", "short_name": "Zdenac", "county": "Brodsko-posavska županija", "created_at": "2026-05-16 22:02:53", "updated_at": "2026-05-16 22:17:49", "top_tier": 8, "top_league_name": "3. ŽNL Istok (BPŽ)", "seasons": [{"league": "3. ŽNL Istok (BPŽ)", "tier": 8, "league_county": "Brodsko-posavska županija", "season": "hrnogomet-season-934", "source": "hrnogomet"}], "aliases": [{"alias": "NK Zdenac", "source": "hrnogomet"}], "source_ids": [{"id": "1188", "source": "hrnogomet-id"}]}}, {"type": "Feature", "geometry": {"type": "Point", "coordinates": [17.1091104, 45.6761791]}, "properties": {"id": 398, "slug": "zdenka-91", "canonical_name": "NK Zdenka 91", "short_name": "Zdenka", "county": "Bjelovarsko-bilogorska županija", "created_at": "2026-05-16 22:02:48", "updated_at": "2026-05-16 22:17:01", "top_tier": 7, "top_league_name": "2. ŽNL (BBŽ)", "seasons": [{"league": "2. ŽNL (BBŽ)", "tier": 7, "league_county": "Bjelovarsko-bilogorska županija", "season": "hrnogomet-season-920", "source": "hrnogomet"}], "aliases": [{"alias": "NK Zdenka 91", "source": "hrnogomet"}], "source_ids": [{"id": "1138", "source": "hrnogomet-id"}]}}, {"type": "Feature", "geometry": {"type": "Point", "coordinates": [15.7501317, 45.6837321]}, "properties": {"id": 212, "slug": "zdencina", "canonical_name": "NK Zdenčina", "short_name": "Zdenčina", "created_at": "2026-05-16 22:02:41", "updated_at": "2026-05-16 22:02:41", "top_tier": 7, "top_league_name": "2. ŽNL - Zapad (Zagrebačka)", "seasons": [{"league": "2. ŽNL - Zapad (Zagrebačka)", "tier": 7, "league_county": "Zagrebačka županija", "season": "hrnogomet-season-898", "source": "hrnogomet"}], "aliases": [{"alias": "NK Zdenčina", "source": "hrnogomet"}], "source_ids": [{"id": "1798", "source": "hrnogomet-id"}]}}, {"type": "Feature", "geometry": {"type": "Point", "coordinates": [16.3683289, 45.5008327]}, "properties": {"id": 163, "slug": "zeleni-brijeg", "canonical_name": "NK Zeleni Brijeg", "short_name": "Zeleni", "county": "Sisačko-moslavačka županija", "created_at": "2026-05-16 22:02:40", "updated_at": "2026-05-16 22:15:36", "top_tier": 7, "top_league_name": "2. ŽNL - NS Sisak (SMŽ)", "seasons": [{"league": "2. ŽNL - NS Sisak (SMŽ)", "tier": 7, "league_county": "Sisačko-moslavačka županija", "season": "hrnogomet-season-964", "source": "hrnogomet"}], "aliases": [{"alias": "NK Zeleni Brijeg", "source": "hrnogomet"}], "source_ids": [{"id": "1934", "source": "hrnogomet-id"}]}}, {"type": "Feature", "geometry": {"type": "Point", "coordinates": [18.3657684, 45.6144726]}, "properties": {"id": 635, "slug": "zelcin", "canonical_name": "NK Zelčin", "short_name": "Zelčin", "county": "Osječko-baranjska županija", "created_at": "2026-05-16 22:02:57", "updated_at": "2026-05-16 22:18:30", "top_tier": 7, "top_league_name": "2. ŽNL Valpovo (OBŽ)", "seasons": [{"league": "2. ŽNL Valpovo (OBŽ)", "tier": 7, "league_county": "Osječko-baranjska županija", "season": "hrnogomet-season-910", "source": "hrnogomet"}], "aliases": [{"alias": "NK Zelčin", "source": "hrnogomet"}], "source_ids": [{"id": "2217", "source": "hrnogomet-id"}]}}, {"type": "Feature", "geometry": {"type": "Point", "coordinates": [18.0575436, 45.4743443]}, "properties": {"id": 620, "slug": "zoljan", "canonical_name": "NK Zoljan", "short_name": "Zoljan", "county": "Osječko-baranjska županija", "created_at": "2026-05-16 22:02:56", "updated_at": "2026-05-16 22:18:24", "top_tier": 7, "top_league_name": "2. ŽNL Našice (OBŽ)", "seasons": [{"league": "2. ŽNL Našice (OBŽ)", "tier": 7, "league_county": "Osječko-baranjska županija", "season": "hrnogomet-season-903", "source": "hrnogomet"}], "aliases": [{"alias": "NK Zoljan", "source": "hrnogomet"}], "source_ids": [{"id": "1678", "source": "hrnogomet-id"}]}}, {"type": "Feature", "geometry": {"type": "Point", "coordinates": [16.1096319, 45.7516896]}, "properties": {"id": 197, "slug": "zrinski", "canonical_name": "NK Zrinski", "short_name": "Zrinski", "county": "Zagrebačka županija", "created_at": "2026-05-16 22:02:41", "updated_at": "2026-05-16 22:15:48", "top_tier": 6, "top_league_name": "Premier liga (Zagrebačka)", "seasons": [{"league": "Premier liga (Zagrebačka)", "tier": 6, "league_county": "Zagrebačka županija", "season": "hrnogomet-season-896", "source": "hrnogomet"}], "aliases": [{"alias": "NK Zrinski", "source": "hrnogomet"}], "source_ids": [{"id": "1785", "source": "hrnogomet-id"}]}}, {"type": "Feature", "geometry": {"type": "Point", "coordinates": [18.0872305, 42.6581764]}, "properties": {"id": 677, "slug": "zrinski-b", "canonical_name": "NK Zrinski (B)", "short_name": "Zrinski", "created_at": "2026-05-16 22:02:58", "updated_at": "2026-05-16 22:18:45", "top_tier": 6, "top_league_name": "1. ŽNL (VSŽ)", "seasons": [{"league": "1. ŽNL (VSŽ)", "tier": 6, "league_county": "Vukovarsko-srijemska županija", "season": "hrnogomet-season-958", "source": "hrnogomet"}], "aliases": [{"alias": "NK Zrinski (B)", "source": "hrnogomet"}], "source_ids": [{"id": "1976", "source": "hrnogomet-id"}]}}, {"type": "Feature", "geometry": {"type": "Point", "coordinates": [18.046028, 45.5427557]}, "properties": {"id": 596, "slug": "zrinski-d", "canonical_name": "NK Zrinski (D)", "short_name": "Zrinski", "county": "Osječko-baranjska županija", "created_at": "2026-05-16 22:02:55", "updated_at": "2026-05-16 22:18:15", "top_tier": 7, "top_league_name": "2. ŽNL Đakovo (OBŽ)", "seasons": [{"league": "2. ŽNL Đakovo (OBŽ)", "tier": 7, "league_county": "Osječko-baranjska županija", "season": "hrnogomet-season-937", "source": "hrnogomet"}], "aliases": [{"alias": "NK Zrinski (D)", "source": "hrnogomet"}], "source_ids": [{"id": "1606", "source": "hrnogomet-id"}]}}, {"type": "Feature", "geometry": {"type": "Point", "coordinates": [18.9806231, 45.3484967]}, "properties": {"id": 689, "slug": "zrinski-t", "canonical_name": "NK Zrinski (T)", "short_name": "Zrinski", "county": "Vukovarsko-srijemska županija", "created_at": "2026-05-16 22:02:59", "updated_at": "2026-05-16 22:18:50", "top_tier": 7, "top_league_name": "2. ŽNL VK (VSŽ)", "seasons": [{"league": "2. ŽNL VK (VSŽ)", "tier": 7, "league_county": "Vukovarsko-srijemska županija", "season": "hrnogomet-season-959", "source": "hrnogomet"}], "aliases": [{"alias": "NK Zrinski (T)", "source": "hrnogomet"}], "source_ids": [{"id": "1363", "source": "hrnogomet-id"}]}}, {"type": "Feature", "geometry": {"type": "Point", "coordinates": [16.8373093, 45.8954436]}, "properties": {"id": 412, "slug": "zrinski-zt", "canonical_name": "NK Zrinski (ZT)", "short_name": "Zrinski", "county": "Bjelovarsko-bilogorska županija", "created_at": "2026-05-16 22:02:49", "updated_at": "2026-05-16 22:17:06", "top_tier": 8, "top_league_name": "3. ŽNL SJEVER (BBŽ)", "seasons": [{"league": "3. ŽNL SJEVER (BBŽ)", "tier": 8, "league_county": "Bjelovarsko-bilogorska županija", "season": "hrnogomet-season-923", "source": "hrnogomet"}], "aliases": [{"alias": "NK Zrinski (ZT)", "source": "hrnogomet"}], "source_ids": [{"id": "1465", "source": "hrnogomet-id"}]}}, {"type": "Feature", "geometry": {"type": "Point", "coordinates": [18.5737213, 45.5236008]}, "properties": {"id": 37, "slug": "zrinski-osjecko-1664-cepin", "canonical_name": "NK Zrinski Osječko 1664", "short_name": "Zrinski", "city": "Čepin", "stadium_name": "Stadion NK Cepin", "stadium_capacity": 2500, "founded_year": 1937, "created_at": "2026-05-16 21:49:28", "updated_at": "2026-05-16 21:49:28", "top_tier": 3, "top_league_name": "3. HNL Istok", "seasons": [{"league": "3. HNL Istok", "tier": 3, "season": "2021/22", "source": "sofascore"}], "aliases": [{"alias": "NK Zrinski Osječko 1664", "source": "sofascore"}, {"alias": "Zrinski", "source": "sofascore"}], "source_ids": [{"id": "173728", "source": "sofascore-id"}]}}, {"type": "Feature", "geometry": {"type": "Point", "coordinates": [18.3646902, 45.6632049]}, "properties": {"id": 657, "slug": "zrinski-vinogradci", "canonical_name": "NK Zrinski Vinogradci", "short_name": "Zrinski", "county": "Osječko-baranjska županija", "created_at": "2026-05-16 22:02:57", "updated_at": "2026-05-16 22:18:38", "top_tier": 8, "top_league_name": "3. ŽNL Valpovo (OBŽ)", "seasons": [{"league": "3. ŽNL Valpovo (OBŽ)", "tier": 8, "league_county": "Osječko-baranjska županija", "season": "hrnogomet-season-911", "source": "hrnogomet"}], "aliases": [{"alias": "NK Zrinski Vinogradci", "source": "hrnogomet"}], "source_ids": [{"id": "2246", "source": "hrnogomet-id"}]}}, {"type": "Feature", "geometry": {"type": "Point", "coordinates": [16.8620402, 45.9275206]}, "properties": {"id": 407, "slug": "zvijerci", "canonical_name": "NK Zvijerci", "short_name": "Zvijerci", "county": "Bjelovarsko-bilogorska županija", "created_at": "2026-05-16 22:02:48", "updated_at": "2026-05-16 22:17:04", "top_tier": 7, "top_league_name": "2. ŽNL (BBŽ)", "seasons": [{"league": "2. ŽNL (BBŽ)", "tier": 7, "league_county": "Bjelovarsko-bilogorska županija", "season": "hrnogomet-season-920", "source": "hrnogomet"}], "aliases": [{"alias": "NK Zvijerci", "source": "hrnogomet"}], "source_ids": [{"id": "1466", "source": "hrnogomet-id"}]}}, {"type": "Feature", "geometry": {"type": "Point", "coordinates": [18.1177481, 45.165308]}, "properties": {"id": 560, "slug": "zvonimir", "canonical_name": "NK Zvonimir", "short_name": "Zvonimir", "county": "Brodsko-posavska županija", "created_at": "2026-05-16 22:02:54", "updated_at": "2026-05-16 22:18:01", "top_tier": 6, "top_league_name": "1. ŽNL (BPŽ)", "seasons": [{"league": "1. ŽNL (BPŽ)", "tier": 6, "league_county": "Brodsko-posavska županija", "season": "hrnogomet-season-900", "source": "hrnogomet"}], "aliases": [{"alias": "NK Zvonimir", "source": "hrnogomet"}], "source_ids": [{"id": "1153", "source": "hrnogomet-id"}]}}, {"type": "Feature", "geometry": {"type": "Point", "coordinates": [16.0130762, 45.8268879]}, "properties": {"id": 287, "slug": "ciro-academy", "canonical_name": "NK Ćiro Academy", "short_name": "Ćiro", "city": "Zagreb", "county": "Grad Zagreb", "address": "Prilesje 1f, 10000 Zagreb", "stadium_name": "SRC Prilesje", "website": "https://semafor.hns.family/klubovi/4576/nk-ciro-academy/", "phone": "097 7398 938", "phone_e164": "+385977398938", "phone_kind": "mobile", "fb_url": "https://www.facebook.com/sharer/sharer.php?u=https%3a%2f%2fsemafor.hns.family%2fklubovi%2f4576%2fnk-ciro-academy%2f", "x_url": "https://twitter.com/home?status=https%3a%2f%2fsemafor.hns.family%2fklubovi%2f4576%2fnk-ciro-academy%2f", "created_at": "2026-05-16 22:02:43", "updated_at": "2026-05-16 23:12:11", "top_tier": 7, "top_league_name": "2. Zagrebačka NL (Grad Zagreb)", "seasons": [{"league": "2. Zagrebačka NL (Grad Zagreb)", "tier": 7, "league_county": "Grad Zagreb", "season": "hrnogomet-season-939", "source": "hrnogomet"}], "aliases": [{"alias": "NK Ćiro Academy", "source": "hrnogomet"}], "source_ids": [{"id": "3975", "source": "hrnogomet-id"}]}}, {"type": "Feature", "geometry": {"type": "Point", "coordinates": [16.6132008, 45.7483719]}, "properties": {"id": 382, "slug": "cazma", "canonical_name": "NK Čazma", "short_name": "Čazma", "created_at": "2026-05-16 22:02:48", "updated_at": "2026-05-16 22:16:55", "top_tier": 5, "top_league_name": "4.NL BJ-KC-VT", "seasons": [{"league": "4.NL BJ-KC-VT", "tier": 5, "season": "hrnogomet-season-512", "source": "hrnogomet"}, {"league": "1. ŽNL (BBŽ)", "tier": 6, "league_county": "Bjelovarsko-bilogorska županija", "season": "hrnogomet-season-919", "source": "hrnogomet"}], "aliases": [{"alias": "NK Čazma", "source": "hrnogomet"}], "source_ids": [{"id": "1139", "source": "hrnogomet-id"}]}}, {"type": "Feature", "geometry": {"type": "Point", "coordinates": [15.9587399, 45.7444809]}, "properties": {"id": 282, "slug": "cehi", "canonical_name": "NK Čehi", "short_name": "Čehi", "county": "Grad Zagreb", "fb_url": "https://www.facebook.com/nkcehi/?locale=hr_HR", "created_at": "2026-05-16 22:02:43", "updated_at": "2026-05-16 23:12:12", "top_tier": 7, "top_league_name": "2. Zagrebačka NL (Grad Zagreb)", "seasons": [{"league": "2. Zagrebačka NL (Grad Zagreb)", "tier": 7, "league_county": "Grad Zagreb", "season": "hrnogomet-season-939", "source": "hrnogomet"}], "aliases": [{"alias": "NK Čehi", "source": "hrnogomet"}], "source_ids": [{"id": "1408", "source": "hrnogomet-id"}]}}, {"type": "Feature", "geometry": {"type": "Point", "coordinates": [18.5737213, 45.5236008]}, "properties": {"id": 48, "slug": "cepin", "canonical_name": "NK Čepin", "short_name": "Čepin", "created_at": "2026-05-16 21:49:39", "updated_at": "2026-05-16 21:53:12", "top_tier": 3, "top_league_name": "3. HNL Istok", "seasons": [{"league": "3. HNL Istok", "tier": 3, "season": "2021/22", "source": "sofascore"}, {"league": "3. NL - Istok", "tier": 4, "season": "25/26", "source": "sofascore"}], "aliases": [{"alias": "NK Čepin", "source": "sofascore"}, {"alias": "Čepin", "source": "sofascore"}], "source_ids": [{"id": "266781", "source": "sofascore-id"}]}}, {"type": "Feature", "geometry": {"type": "Point", "coordinates": [16.2739499, 46.2021575]}, "properties": {"id": 316, "slug": "cevo", "canonical_name": "NK Čevo", "short_name": "Čevo", "county": "Varaždinska županija", "created_at": "2026-05-16 22:02:45", "updated_at": "2026-05-16 22:16:30", "top_tier": 7, "top_league_name": "2. ŽNL (VŽŽ)", "seasons": [{"league": "2. ŽNL (VŽŽ)", "tier": 7, "league_county": "Varaždinska županija", "season": "hrnogomet-season-954", "source": "hrnogomet"}], "aliases": [{"alias": "NK Čevo", "source": "hrnogomet"}], "source_ids": [{"id": "1283", "source": "hrnogomet-id"}]}}, {"type": "Feature", "geometry": {"type": "Point", "coordinates": [16.3208953, 45.443349]}, "properties": {"id": 165, "slug": "cesko-selo", "canonical_name": "NK Češko Selo", "short_name": "Češko", "county": "Sisačko-moslavačka županija", "created_at": "2026-05-16 22:02:40", "updated_at": "2026-05-16 22:15:36", "top_tier": 7, "top_league_name": "2. ŽNL - NS Sisak (SMŽ)", "seasons": [{"league": "2. ŽNL - NS Sisak (SMŽ)", "tier": 7, "league_county": "Sisačko-moslavačka županija", "season": "hrnogomet-season-964", "source": "hrnogomet"}], "aliases": [{"alias": "NK Češko Selo", "source": "hrnogomet"}], "source_ids": [{"id": "1935", "source": "hrnogomet-id"}]}}, {"type": "Feature", "geometry": {"type": "Point", "coordinates": [16.0685446, 45.8183266]}, "properties": {"id": 281, "slug": "culinec", "canonical_name": "NK Čulinec", "short_name": "Čulinec", "city": "Zagreb", "county": "Grad Zagreb", "address": "Palma 38, 10040 Zagreb", "website": "https://nkculinec.hr/", "email": "info@nkculinec.hr", "created_at": "2026-05-16 22:02:43", "updated_at": "2026-05-16 23:12:19", "top_tier": 7, "top_league_name": "2. Zagrebačka NL (Grad Zagreb)", "seasons": [{"league": "2. Zagrebačka NL (Grad Zagreb)", "tier": 7, "league_county": "Grad Zagreb", "season": "hrnogomet-season-939", "source": "hrnogomet"}], "aliases": [{"alias": "NK Čulinec", "source": "hrnogomet"}], "source_ids": [{"id": "1409", "source": "hrnogomet-id"}]}}, {"type": "Feature", "geometry": {"type": "Point", "coordinates": [16.658569, 45.9897864]}, "properties": {"id": 374, "slug": "cvrstec", "canonical_name": "NK Čvrstec", "short_name": "Čvrstec", "county": "Koprivničko-križevačka županija", "created_at": "2026-05-16 22:02:47", "updated_at": "2026-05-16 22:16:52", "top_tier": 7, "top_league_name": "2. ŽNL (KKŽ)", "seasons": [{"league": "2. ŽNL (KKŽ)", "tier": 7, "league_county": "Koprivničko-križevačka županija", "season": "hrnogomet-season-931", "source": "hrnogomet"}], "aliases": [{"alias": "NK Čvrstec", "source": "hrnogomet"}], "source_ids": [{"id": "1511", "source": "hrnogomet-id"}]}}, {"type": "Feature", "geometry": {"type": "Point", "coordinates": [18.0482856, 45.5430881]}, "properties": {"id": 613, "slug": "durdenovac", "canonical_name": "NK Đurđenovac", "short_name": "Đurđenovac", "county": "Osječko-baranjska županija", "created_at": "2026-05-16 22:02:56", "updated_at": "2026-05-16 22:18:22", "top_tier": 7, "top_league_name": "2. ŽNL Našice (OBŽ)", "seasons": [{"league": "2. ŽNL Našice (OBŽ)", "tier": 7, "league_county": "Osječko-baranjska županija", "season": "hrnogomet-season-903", "source": "hrnogomet"}], "aliases": [{"alias": "NK Đurđenovac", "source": "hrnogomet"}], "source_ids": [{"id": "1617", "source": "hrnogomet-id"}]}}, {"type": "Feature", "geometry": {"type": "Point", "coordinates": [16.7967034, 45.5166473]}, "properties": {"id": 151, "slug": "sartovac", "canonical_name": "NK Šartovac", "short_name": "Šartovac", "county": "Sisačko-moslavačka županija", "created_at": "2026-05-16 22:02:39", "updated_at": "2026-05-16 22:15:31", "top_tier": 7, "top_league_name": "2. ŽNL - NS Kutina (SMŽ)", "seasons": [{"league": "2. ŽNL - NS Kutina (SMŽ)", "tier": 7, "league_county": "Sisačko-moslavačka županija", "season": "hrnogomet-season-907", "source": "hrnogomet"}], "aliases": [{"alias": "NK Šartovac", "source": "hrnogomet"}], "source_ids": [{"id": "1923", "source": "hrnogomet-id"}]}}, {"type": "Feature", "geometry": {"type": "Point", "coordinates": [15.4526013, 44.0910318]}, "properties": {"id": 570, "slug": "skabrnja-91", "canonical_name": "NK Škabrnja '91", "short_name": "Škabrnja", "county": "Zadarska županija", "created_at": "2026-05-16 22:02:54", "updated_at": "2026-05-16 22:18:05", "top_tier": 6, "top_league_name": "1. ŽNL (Zadarska)", "seasons": [{"league": "1. ŽNL (Zadarska)", "tier": 6, "league_county": "Zadarska županija", "season": "hrnogomet-season-1003", "source": "hrnogomet"}], "aliases": [{"alias": "NK Škabrnja '91", "source": "hrnogomet"}], "source_ids": [{"id": "2018", "source": "hrnogomet-id"}]}}, {"type": "Feature", "geometry": {"type": "Point", "coordinates": [18.0320121, 45.5883247]}, "properties": {"id": 681, "slug": "sokadija-bg", "canonical_name": "NK Šokadija (BG)", "short_name": "Šokadija", "created_at": "2026-05-16 22:02:58", "updated_at": "2026-05-16 22:18:47", "top_tier": 6, "top_league_name": "1. ŽNL (VSŽ)", "seasons": [{"league": "1. ŽNL (VSŽ)", "tier": 6, "league_county": "Vukovarsko-srijemska županija", "season": "hrnogomet-season-958", "source": "hrnogomet"}], "aliases": [{"alias": "NK Šokadija (BG)", "source": "hrnogomet"}], "source_ids": [{"id": "1982", "source": "hrnogomet-id"}]}}, {"type": "Feature", "geometry": {"type": "Point", "coordinates": [18.0320121, 45.5883247]}, "properties": {"id": 603, "slug": "sokadija-d", "canonical_name": "NK Šokadija (D)", "short_name": "Šokadija", "county": "Osječko-baranjska županija", "created_at": "2026-05-16 22:02:56", "updated_at": "2026-05-16 22:18:18", "top_tier": 7, "top_league_name": "2. ŽNL Beli Manastir (OBŽ)", "seasons": [{"league": "2. ŽNL Beli Manastir (OBŽ)", "tier": 7, "league_county": "Osječko-baranjska županija", "season": "hrnogomet-season-908", "source": "hrnogomet"}], "aliases": [{"alias": "NK Šokadija (D)", "source": "hrnogomet"}], "source_ids": [{"id": "1666", "source": "hrnogomet-id"}]}}, {"type": "Feature", "geometry": {"type": "Point", "coordinates": [18.5542819, 45.2871775]}, "properties": {"id": 692, "slug": "sokadija-sm", "canonical_name": "NK Šokadija (SM)", "short_name": "Šokadija", "county": "Vukovarsko-srijemska županija", "created_at": "2026-05-16 22:02:59", "updated_at": "2026-05-16 22:18:51", "top_tier": 7, "top_league_name": "2. ŽNL VK (VSŽ)", "seasons": [{"league": "2. ŽNL VK (VSŽ)", "tier": 7, "league_county": "Vukovarsko-srijemska županija", "season": "hrnogomet-season-959", "source": "hrnogomet"}], "aliases": [{"alias": "NK Šokadija (SM)", "source": "hrnogomet"}], "source_ids": [{"id": "1364", "source": "hrnogomet-id"}]}}, {"type": "Feature", "geometry": {"type": "Point", "coordinates": [18.5542819, 45.2871775]}, "properties": {"id": 691, "slug": "sokadija", "canonical_name": "NK Šokadija (Đ)", "short_name": "Šokadija", "county": "Vukovarsko-srijemska županija", "created_at": "2026-05-16 22:02:59", "updated_at": "2026-05-16 22:18:50", "top_tier": 7, "top_league_name": "2. ŽNL VK (VSŽ)", "seasons": [{"league": "2. ŽNL VK (VSŽ)", "tier": 7, "league_county": "Vukovarsko-srijemska županija", "season": "hrnogomet-season-959", "source": "hrnogomet"}], "aliases": [{"alias": "NK Šokadija (Đ)", "source": "hrnogomet"}], "source_ids": [{"id": "1387", "source": "hrnogomet-id"}]}}, {"type": "Feature", "geometry": {"type": "Point", "coordinates": [15.9111518, 45.8043458]}, "properties": {"id": 270, "slug": "sparta-z", "canonical_name": "NK Šparta (Z)", "short_name": "Šparta", "county": "Grad Zagreb", "fb_url": "https://www.facebook.com/sparta1913/?locale=hr_HR", "created_at": "2026-05-16 22:02:43", "updated_at": "2026-05-16 23:12:20", "top_tier": 6, "top_league_name": "1. Zagrebačka NL (Grad Zagreb)", "seasons": [{"league": "1. Zagrebačka NL (Grad Zagreb)", "tier": 6, "league_county": "Grad Zagreb", "season": "hrnogomet-season-938", "source": "hrnogomet"}], "aliases": [{"alias": "NK Šparta (Z)", "source": "hrnogomet"}], "source_ids": [{"id": "1426", "source": "hrnogomet-id"}]}}, {"type": "Feature", "geometry": {"type": "Point", "coordinates": [15.0160702, 45.4217258]}, "properties": {"id": 453, "slug": "zeljeznicar-m", "canonical_name": "NK Željezničar (M)", "short_name": "Željezničar", "county": "Primorsko-goranska županija", "created_at": "2026-05-16 22:02:50", "updated_at": "2026-05-16 22:17:20", "top_tier": 7, "top_league_name": "2. ŽNL (PGŽ)", "seasons": [{"league": "2. ŽNL (PGŽ)", "tier": 7, "league_county": "Primorsko-goranska županija", "season": "hrnogomet-season-996", "source": "hrnogomet"}], "aliases": [{"alias": "NK Željezničar (M)", "source": "hrnogomet"}], "source_ids": [{"id": "1877", "source": "hrnogomet-id"}]}}, {"type": "Feature", "geometry": {"type": "Point", "coordinates": [18.6816406, 45.5548627]}, "properties": {"id": 618, "slug": "zeljeznicar-mn", "canonical_name": "NK Željezničar (MN)", "short_name": "Željezničar", "county": "Osječko-baranjska županija", "created_at": "2026-05-16 22:02:56", "updated_at": "2026-05-16 22:18:23", "top_tier": 7, "top_league_name": "2. ŽNL Našice (OBŽ)", "seasons": [{"league": "2. ŽNL Našice (OBŽ)", "tier": 7, "league_county": "Osječko-baranjska županija", "season": "hrnogomet-season-903", "source": "hrnogomet"}], "aliases": [{"alias": "NK Željezničar (MN)", "source": "hrnogomet"}], "source_ids": [{"id": "1682", "source": "hrnogomet-id"}]}}, {"type": "Feature", "geometry": {"type": "Point", "coordinates": [17.0178769, 45.9048098]}, "properties": {"id": 408, "slug": "onk-sandrovac", "canonical_name": "ONK Šandrovac", "short_name": "ONK", "county": "Bjelovarsko-bilogorska županija", "created_at": "2026-05-16 22:02:49", "updated_at": "2026-05-16 22:17:05", "top_tier": 8, "top_league_name": "3. ŽNL SJEVER (BBŽ)", "seasons": [{"league": "3. ŽNL SJEVER (BBŽ)", "tier": 8, "league_county": "Bjelovarsko-bilogorska županija", "season": "hrnogomet-season-923", "source": "hrnogomet"}], "aliases": [{"alias": "ONK Šandrovac", "source": "hrnogomet"}], "source_ids": [{"id": "1460", "source": "hrnogomet-id"}]}}, {"type": "Feature", "geometry": {"type": "Point", "coordinates": [16.444175, 43.519154]}, "properties": {"id": 55, "slug": "split", "canonical_name": "RNK Split", "short_name": "Split", "city": "Split", "stadium_name": "Stadion Park mladeži", "stadium_capacity": 4000, "founded_year": 1912, "created_at": "2026-05-16 21:49:48", "updated_at": "2026-05-16 22:19:07", "top_tier": 3, "top_league_name": "3. HNL Jug", "seasons": [{"league": "3. HNL Jug", "tier": 3, "season": "2021/22", "source": "sofascore"}, {"league": "1. ŽNL (SDŽ)", "tier": 6, "league_county": "Splitsko-dalmatinska županija", "season": "hrnogomet-season-1007", "source": "hrnogomet"}], "aliases": [{"alias": "RNK Split", "source": "sofascore"}, {"alias": "Split", "source": "sofascore"}, {"alias": "RNK Split", "source": "hrnogomet"}], "source_ids": [{"id": "1753", "source": "hrnogomet-id"}, {"id": "36285", "source": "sofascore-id"}]}}, {"type": "Feature", "geometry": {"type": "Point", "coordinates": [16.3877362, 45.4762585]}, "properties": {"id": 136, "slug": "snk-frankopan", "canonical_name": "ŠNK Frankopan", "short_name": "Frankopan", "county": "Sisačko-moslavačka županija", "created_at": "2026-05-16 22:02:39", "updated_at": "2026-05-16 22:15:26", "top_tier": 6, "top_league_name": "1. ŽNL (SMŽ)", "seasons": [{"league": "1. ŽNL (SMŽ)", "tier": 6, "league_county": "Sisačko-moslavačka županija", "season": "hrnogomet-season-963", "source": "hrnogomet"}], "aliases": [{"alias": "ŠNK Frankopan", "source": "hrnogomet"}], "source_ids": [{"id": "1685", "source": "hrnogomet-id"}]}}, {"type": "Feature", "geometry": {"type": "Point", "coordinates": [15.9121081, 46.2784528]}, "properties": {"id": 327, "slug": "snk-gora", "canonical_name": "ŠNK Gora", "short_name": "Gora", "county": "Varaždinska županija", "created_at": "2026-05-16 22:02:46", "updated_at": "2026-05-16 22:16:34", "top_tier": 8, "top_league_name": "3. ŽNL Ludbreg (VŽŽ)", "seasons": [{"league": "3. ŽNL Ludbreg (VŽŽ)", "tier": 8, "league_county": "Varaždinska županija", "season": "hrnogomet-season-956", "source": "hrnogomet"}], "aliases": [{"alias": "ŠNK Gora", "source": "hrnogomet"}], "source_ids": [{"id": "1310", "source": "hrnogomet-id"}]}}, {"type": "Feature", "geometry": {"type": "Point", "coordinates": [16.628775, 46.287686]}, "properties": {"id": 324, "slug": "snk-karlovec", "canonical_name": "ŠNK Karlovec", "short_name": "Karlovec", "county": "Varaždinska županija", "created_at": "2026-05-16 22:02:46", "updated_at": "2026-05-16 22:16:33", "top_tier": 8, "top_league_name": "3. ŽNL Ludbreg (VŽŽ)", "seasons": [{"league": "3. ŽNL Ludbreg (VŽŽ)", "tier": 8, "league_county": "Varaždinska županija", "season": "hrnogomet-season-956", "source": "hrnogomet"}], "aliases": [{"alias": "ŠNK Karlovec", "source": "hrnogomet"}], "source_ids": [{"id": "1311", "source": "hrnogomet-id"}]}}, {"type": "Feature", "geometry": {"type": "Point", "coordinates": [19.1693668, 45.22658]}, "properties": {"id": 699, "slug": "snk-lovas", "canonical_name": "ŠNK Lovas", "short_name": "Lovas", "county": "Vukovarsko-srijemska županija", "created_at": "2026-05-16 22:02:59", "updated_at": "2026-05-16 22:18:53", "top_tier": 7, "top_league_name": "2. ŽNL VU (VSŽ)", "seasons": [{"league": "2. ŽNL VU (VSŽ)", "tier": 7, "league_county": "Vukovarsko-srijemska županija", "season": "hrnogomet-season-997", "source": "hrnogomet"}], "aliases": [{"alias": "ŠNK Lovas", "source": "hrnogomet"}], "source_ids": [{"id": "1372", "source": "hrnogomet-id"}]}}, {"type": "Feature", "geometry": {"type": "Point", "coordinates": [16.7250754, 46.2429343]}, "properties": {"id": 318, "slug": "snk-lunjkovec", "canonical_name": "ŠNK Lunjkovec", "short_name": "Lunjkovec", "county": "Varaždinska županija", "created_at": "2026-05-16 22:02:45", "updated_at": "2026-05-16 22:16:31", "top_tier": 7, "top_league_name": "2. ŽNL (VŽŽ)", "seasons": [{"league": "2. ŽNL (VŽŽ)", "tier": 7, "league_county": "Varaždinska županija", "season": "hrnogomet-season-954", "source": "hrnogomet"}], "aliases": [{"alias": "ŠNK Lunjkovec", "source": "hrnogomet"}], "source_ids": [{"id": "1312", "source": "hrnogomet-id"}]}}, {"type": "Feature", "geometry": {"type": "Point", "coordinates": [16.3323699, 46.2841551]}, "properties": {"id": 329, "slug": "snk-mladost-sp", "canonical_name": "ŠNK Mladost (SP)", "short_name": "Mladost", "county": "Varaždinska županija", "created_at": "2026-05-16 22:02:46", "updated_at": "2026-05-16 22:16:35", "top_tier": 8, "top_league_name": "3. ŽNL Ludbreg (VŽŽ)", "seasons": [{"league": "3. ŽNL Ludbreg (VŽŽ)", "tier": 8, "league_county": "Varaždinska županija", "season": "hrnogomet-season-956", "source": "hrnogomet"}], "aliases": [{"alias": "ŠNK Mladost (SP)", "source": "hrnogomet"}], "source_ids": [{"id": "1313", "source": "hrnogomet-id"}]}}, {"type": "Feature", "geometry": {"type": "Point", "coordinates": [16.4596598, 46.2115597]}, "properties": {"id": 314, "slug": "snk-polet-m", "canonical_name": "ŠNK Polet (M)", "short_name": "Polet", "county": "Varaždinska županija", "created_at": "2026-05-16 22:02:45", "updated_at": "2026-05-16 22:16:30", "top_tier": 7, "top_league_name": "2. ŽNL (VŽŽ)", "seasons": [{"league": "2. ŽNL (VŽŽ)", "tier": 7, "league_county": "Varaždinska županija", "season": "hrnogomet-season-954", "source": "hrnogomet"}], "aliases": [{"alias": "ŠNK Polet (M)", "source": "hrnogomet"}], "source_ids": [{"id": "1295", "source": "hrnogomet-id"}]}}, {"type": "Feature", "geometry": {"type": "Point", "coordinates": [16.5766793, 46.2630004]}, "properties": {"id": 320, "slug": "snk-poljanec", "canonical_name": "ŠNK Poljanec", "short_name": "Poljanec", "county": "Varaždinska županija", "created_at": "2026-05-16 22:02:45", "updated_at": "2026-05-16 22:16:32", "top_tier": 7, "top_league_name": "2. ŽNL (VŽŽ)", "seasons": [{"league": "2. ŽNL (VŽŽ)", "tier": 7, "league_county": "Varaždinska županija", "season": "hrnogomet-season-954", "source": "hrnogomet"}], "aliases": [{"alias": "ŠNK Poljanec", "source": "hrnogomet"}], "source_ids": [{"id": "1315", "source": "hrnogomet-id"}]}}, {"type": "Feature", "geometry": {"type": "Point", "coordinates": [16.6974549, 46.2699526]}, "properties": {"id": 315, "slug": "snk-poljoprivrednik", "canonical_name": "ŠNK Poljoprivrednik", "short_name": "Poljoprivrednik", "county": "Varaždinska županija", "created_at": "2026-05-16 22:02:45", "updated_at": "2026-05-16 22:16:30", "top_tier": 7, "top_league_name": "2. ŽNL (VŽŽ)", "seasons": [{"league": "2. ŽNL (VŽŽ)", "tier": 7, "league_county": "Varaždinska županija", "season": "hrnogomet-season-954", "source": "hrnogomet"}], "aliases": [{"alias": "ŠNK Poljoprivrednik", "source": "hrnogomet"}], "source_ids": [{"id": "1316", "source": "hrnogomet-id"}]}}, {"type": "Feature", "geometry": {"type": "Point", "coordinates": [18.3988388, 45.2510944]}, "properties": {"id": 590, "slug": "snk-ratar", "canonical_name": "ŠNK Ratar", "short_name": "Ratar", "county": "Osječko-baranjska županija", "created_at": "2026-05-16 22:02:55", "updated_at": "2026-05-16 22:18:12", "top_tier": 7, "top_league_name": "2. ŽNL Đakovo (OBŽ)", "seasons": [{"league": "2. ŽNL Đakovo (OBŽ)", "tier": 7, "league_county": "Osječko-baranjska županija", "season": "hrnogomet-season-937", "source": "hrnogomet"}], "aliases": [{"alias": "ŠNK Ratar", "source": "hrnogomet"}], "source_ids": [{"id": "1621", "source": "hrnogomet-id"}]}}, {"type": "Feature", "geometry": {"type": "Point", "coordinates": [16.7088886, 46.2902912]}, "properties": {"id": 326, "slug": "snk-sloga", "canonical_name": "ŠNK Sloga", "short_name": "Sloga", "county": "Varaždinska županija", "created_at": "2026-05-16 22:02:46", "updated_at": "2026-05-16 22:16:34", "top_tier": 8, "top_league_name": "3. ŽNL Ludbreg (VŽŽ)", "seasons": [{"league": "3. ŽNL Ludbreg (VŽŽ)", "tier": 8, "league_county": "Varaždinska županija", "season": "hrnogomet-season-956", "source": "hrnogomet"}], "aliases": [{"alias": "ŠNK Sloga", "source": "hrnogomet"}], "source_ids": [{"id": "1317", "source": "hrnogomet-id"}]}}, {"type": "Feature", "geometry": {"type": "Point", "coordinates": [18.6867473, 45.559801]}, "properties": {"id": 647, "slug": "snk-sokol-r", "canonical_name": "ŠNK Sokol (R)", "short_name": "Sokol", "county": "Osječko-baranjska županija", "created_at": "2026-05-16 22:02:57", "updated_at": "2026-05-16 22:18:34", "top_tier": 7, "top_league_name": "2. ŽNL Donji Miholjac (OBŽ)", "seasons": [{"league": "2. ŽNL Donji Miholjac (OBŽ)", "tier": 7, "league_county": "Osječko-baranjska županija", "season": "hrnogomet-season-912", "source": "hrnogomet"}], "aliases": [{"alias": "ŠNK Sokol (R)", "source": "hrnogomet"}], "source_ids": [{"id": "2221", "source": "hrnogomet-id"}]}}, {"type": "Feature", "geometry": {"type": "Point", "coordinates": [16.3861922, 45.4705143]}, "properties": {"id": 184, "slug": "snk-stari-grad", "canonical_name": "ŠNK Stari Grad", "short_name": "Stari", "county": "Sisačko-moslavačka županija", "created_at": "2026-05-16 22:02:40", "updated_at": "2026-05-16 22:15:43", "top_tier": 7, "top_league_name": "2. ŽNL - NS Novska (SMŽ)", "seasons": [{"league": "2. ŽNL - NS Novska (SMŽ)", "tier": 7, "league_county": "Sisačko-moslavačka županija", "season": "hrnogomet-season-994", "source": "hrnogomet"}], "aliases": [{"alias": "ŠNK Stari Grad", "source": "hrnogomet"}], "source_ids": [{"id": "5754", "source": "hrnogomet-id"}]}}, {"type": "Feature", "geometry": {"type": "Point", "coordinates": [17.3832669, 45.8389754]}, "properties": {"id": 28, "slug": "znk-virovitica", "canonical_name": "ŽNK Virovitica", "short_name": "Virovitica", "city": "Virovitica", "stadium_name": "Stadion Virovitica", "stadium_capacity": 200, "created_at": "2026-05-16 21:49:16", "updated_at": "2026-05-16 21:49:16", "top_tier": 3, "top_league_name": "3. HNL Sjever", "seasons": [{"league": "3. HNL Sjever", "tier": 3, "season": "2021/22", "source": "sofascore"}], "aliases": [{"alias": "ŽNK Virovitica", "source": "sofascore"}, {"alias": "Virovitica", "source": "sofascore"}], "source_ids": [{"id": "233070", "source": "sofascore-id"}]}}]}