{"type": "FeatureCollection", "features": [{"type": "Feature", "geometry": {"type": "Point", "coordinates": [16.01835977764, 45.818604866515]}, "properties": {"id": 10, "slug": "dinamo-zagreb", "canonical_name": "GNK Dinamo Zagreb", "short_name": "Dinamo", "city": "Zagreb", "founded_year": 1911, "stadium_name": "Stadion Maksimir", "stadium_capacity": 24851, "website": "https://gnkdinamo.hr/hr", "top_tier": 1, "top_league_name": "SuperSport HNL"}}, {"type": "Feature", "geometry": {"type": "Point", "coordinates": [16.073116, 45.72399]}, "properties": {"id": 7, "slug": "gorica-velika-gorica", "canonical_name": "HNK Gorica", "short_name": "Gorica", "city": "Velika Gorica", "founded_year": 2009, "stadium_name": "Gradski stadion Velika Gorica", "stadium_capacity": 5200, "website": "https://hnk-gorica.hr", "email": "info@hnk-gorica.hr", "phone": "+385 1 6265 152", "address": "Hrvatske Bratske Zajednice 80, HR-10410 Velika Gorica", "top_tier": 1, "top_league_name": "SuperSport HNL"}}, {"type": "Feature", "geometry": {"type": "Point", "coordinates": [16.431683163696, 43.51964837387]}, "properties": {"id": 3, "slug": "hajduk-split", "canonical_name": "HNK Hajduk Split", "short_name": "Hajduk", "city": "Split", "founded_year": 1911, "stadium_name": "Stadion Poljud", "stadium_capacity": 34198, "website": "http://www.hajduk.hr", "email": "info@hajduk.hr", "phone": "+385 (0)21 585 200", "address": "8. Mediteranskih igara 2, Split", "fb_url": "http://facebook.com/hnkhajduk", "x_url": "http://twitter.com/hajduk", "top_tier": 1, "top_league_name": "SuperSport HNL"}}, {"type": "Feature", "geometry": {"type": "Point", "coordinates": [14.402144, 45.347681]}, "properties": {"id": 5, "slug": "rijeka", "canonical_name": "HNK Rijeka", "short_name": "Rijeka", "city": "Rijeka", "founded_year": 1946, "stadium_name": "Stadion HNK Rijeka Dean Šćulac", "stadium_capacity": 8279, "website": "https://nk-rijeka.hr/", "email": "info@nk-rijeka.hr", "phone": "+385 51 563 623", "address": "Rujevica 10, 51000 Rijeka", "fb_url": "https://www.facebook.com/nk.rijeka", "ig_url": "https://instagram.com/nk_rijeka", "x_url": "https://twitter.com/nkrijeka", "top_tier": 1, "top_league_name": "SuperSport HNL"}}, {"type": "Feature", "geometry": {"type": "Point", "coordinates": [18.695282, 45.545271]}, "properties": {"id": 4, "slug": "vukovar-1991-osijek", "canonical_name": "HNK Vukovar 1991", "short_name": "Vukovar '91.", "city": "Osijek", "founded_year": 2012, "stadium_name": "Stadion Gradski vrt", "stadium_capacity": 18856, "website": "https://hnk-vukovar1991.hr/", "email": "info@hnk-vukovar1991.hr", "address": "Rudolfa Perešina 8, 32 000 Vukovar", "top_tier": 1, "top_league_name": "SuperSport HNL"}}, {"type": "Feature", "geometry": {"type": "Point", "coordinates": [13.851346, 44.861679]}, "properties": {"id": 6, "slug": "istra-1961-pula", "canonical_name": "NK Istra 1961", "short_name": "Istra", "city": "Pula", "founded_year": 1947, "stadium_name": "Stadion Aldo Drosina", "stadium_capacity": 8900, "top_tier": 1, "top_league_name": "SuperSport HNL"}}, {"type": "Feature", "geometry": {"type": "Point", "coordinates": [15.959414, 45.803687]}, "properties": {"id": 1, "slug": "lokomotiva-zagreb", "canonical_name": "NK Lokomotiva Zagreb", "short_name": "Lokomotiva", "city": "Zagreb", "founded_year": 1913, "stadium_name": "Kranjčevićeva", "stadium_capacity": 5350, "top_tier": 1, "top_league_name": "SuperSport HNL"}}, {"type": "Feature", "geometry": {"type": "Point", "coordinates": [18.65786, 45.56659]}, "properties": {"id": 2, "slug": "osijek", "canonical_name": "NK Osijek", "short_name": "Osijek", "city": "Osijek", "founded_year": 1947, "stadium_name": "Opus Arena", "stadium_capacity": 13005, "top_tier": 1, "top_league_name": "SuperSport HNL"}}, {"type": "Feature", "geometry": {"type": "Point", "coordinates": [16.835081, 46.166803]}, "properties": {"id": 9, "slug": "slaven-belupo-koprivnica", "canonical_name": "NK Slaven Belupo", "short_name": "Slaven", "city": "Koprivnica", "founded_year": 1907, "stadium_name": "Gradski stadion Ivan Kušek Apaš", "stadium_capacity": 3134, "top_tier": 1, "top_league_name": "SuperSport HNL"}}, {"type": "Feature", "geometry": {"type": "Point", "coordinates": [16.344355, 46.293434]}, "properties": {"id": 8, "slug": "varazdin", "canonical_name": "NK Varaždin", "short_name": "Varaždin", "city": "Varaždin", "founded_year": 1931, "stadium_name": "Stadion Varteks", "stadium_capacity": 10800, "top_tier": 1, "top_league_name": "SuperSport HNL"}}, {"type": "Feature", "geometry": {"type": "Point", "coordinates": [18.79612, 45.28375]}, "properties": {"id": 19, "slug": "cibalia-vinkovci", "canonical_name": "HNK Cibalia Vinkovci", "short_name": "Cibalia", "city": "Vinkovci", "founded_year": 1919, "stadium_name": "Stadion HNK Cibalia", "stadium_capacity": 9958, "top_tier": 2, "top_league_name": "1. NL"}}, {"type": "Feature", "geometry": {"type": "Point", "coordinates": [14.468411, 45.323716]}, "properties": {"id": 15, "slug": "orijent-rijeka", "canonical_name": "HNK Orijent", "short_name": "Orijent", "city": "Rijeka", "founded_year": 1919, "stadium_name": "Stadion Krimeja", "stadium_capacity": 3500, "website": "https://nk-orijent.com", "email": "info@nk-orijent.com", "phone": "051 / 403 – 004", "address": "Kumičićeva 66, 51 000 Rijeka", "top_tier": 2, "top_league_name": "1. NL"}}, {"type": "Feature", "geometry": {"type": "Point", "coordinates": [18.8731691, 45.5175778]}, "properties": {"id": 22, "slug": "bsk-bijelo-brdo-bijelo", "canonical_name": "NK BSK Bijelo Brdo", "short_name": "BSK", "city": "Bijelo", "founded_year": 1935, "stadium_name": "Stadion BSK", "stadium_capacity": 1500, "top_tier": 2, "top_league_name": "1. NL"}}, {"type": "Feature", "geometry": {"type": "Point", "coordinates": [17.204907, 43.413972]}, "properties": {"id": 20, "slug": "croatia-zmijavci", "canonical_name": "NK Croatia Zmijavci", "short_name": "Croatia (Z)", "city": "Zmijavci", "founded_year": 1974, "stadium_name": "SRC Marijan Suto Mrma", "stadium_capacity": 1200, "top_tier": 2, "top_league_name": "1. NL"}}, {"type": "Feature", "geometry": {"type": "Point", "coordinates": [16.054805, 45.837717]}, "properties": {"id": 13, "slug": "dubrava-tim-kabel-zagreb", "canonical_name": "NK Dubrava Tim Kabel", "short_name": "Dubrava", "city": "Zagreb", "founded_year": 1945, "stadium_name": "SRC Dubrava", "stadium_capacity": 1000, "top_tier": 2, "top_league_name": "1. NL"}}, {"type": "Feature", "geometry": {"type": "Point", "coordinates": [16.573949, 43.588036]}, "properties": {"id": 16, "slug": "dugopolje", "canonical_name": "NK Dugopolje", "short_name": "Dugopolje", "city": "Dugopolje", "founded_year": 1951, "stadium_name": "Stadion Hrvatski vitezovi", "stadium_capacity": 5200, "top_tier": 2, "top_league_name": "1. NL"}}, {"type": "Feature", "geometry": {"type": "Point", "coordinates": [16.4399659, 43.5116383]}, "properties": {"id": 14, "slug": "hrvace-split", "canonical_name": "NK Hrvace", "short_name": "Hrvace", "city": "Split", "stadium_name": "Gradski stadion Hrvace", "stadium_capacity": 2000, "top_tier": 2, "top_league_name": "1. NL"}}, {"type": "Feature", "geometry": {"type": "Point", "coordinates": [15.97798, 45.81444]}, "properties": {"id": 12, "slug": "jarun-zagreb", "canonical_name": "NK Jarun", "short_name": "Jarun", "city": "Zagreb", "founded_year": 1921, "stadium_name": "Stadion Jarkas", "stadium_capacity": 300, "top_tier": 2, "top_league_name": "1. NL"}}, {"type": "Feature", "geometry": {"type": "Point", "coordinates": [15.563948, 45.484464]}, "properties": {"id": 17, "slug": "karlovac-1919-karlovac", "canonical_name": "NK Karlovac 1919", "short_name": "Karlovac", "city": "Karlovac", "founded_year": 1918, "stadium_name": "Stadion Branko Čavlović-Čavlek", "stadium_capacity": 12000, "top_tier": 2, "top_league_name": "1. NL"}}, {"type": "Feature", "geometry": {"type": "Point", "coordinates": [14.30833, 45.33917]}, "properties": {"id": 11, "slug": "opatija", "canonical_name": "NK Opatija", "short_name": "Opatija", "city": "Opatija", "founded_year": 1911, "stadium_name": "Stadion NK Opatija", "top_tier": 2, "top_league_name": "1. NL"}}, {"type": "Feature", "geometry": {"type": "Point", "coordinates": [15.959414, 45.803687]}, "properties": {"id": 18, "slug": "rudes-zagreb", "canonical_name": "NK Rudeš", "short_name": "Rudeš", "city": "Zagreb", "founded_year": 2017, "stadium_name": "Kranjčevićeva", "stadium_capacity": 5350, "top_tier": 2, "top_league_name": "1. NL"}}, {"type": "Feature", "geometry": {"type": "Point", "coordinates": [16.11639, 45.83111]}, "properties": {"id": 21, "slug": "sesvete", "canonical_name": "NK Sesvete", "short_name": "Sesvete", "city": "Sesvete", "founded_year": 1945, "stadium_name": "Sv. Josip Radnik", "stadium_capacity": 1200, "top_tier": 2, "top_league_name": "1. NL"}}, {"type": "Feature", "geometry": {"type": "Point", "coordinates": [16.2719623, 45.4308972]}, "properties": {"id": 82, "slug": "gsnk-mladost-petrinja", "canonical_name": "GŠNK Mladost Petrinja", "short_name": "Mladost (P)", "city": "Petrinja", "founded_year": 1910, "website": "http://www.gsnk-mladost.hr", "email": "mladost.petrinja@gmail.com", "phone": "+385 98 172 7106", "address": "Rokova 13, 44250 Petrinja", "president": "Davor Ivić", "top_tier": 3, "top_league_name": "3. HNL Centar"}}, {"type": "Feature", "geometry": {"type": "Point", "coordinates": [15.9772795, 45.8130967]}, "properties": {"id": 76, "slug": "hask-zagreb", "canonical_name": "HAŠK Zagreb", "short_name": "HAŠK", "founded_year": 2006, "top_tier": 3, "top_league_name": "3. HNL Centar"}}, {"type": "Feature", "geometry": {"type": "Point", "coordinates": [15.4551594, 43.9403659]}, "properties": {"id": 58, "slug": "primorac-biograd-na-moru", "canonical_name": "HNK Primorac Biograd na Moru", "short_name": "Primorac (BnM)", "city": "Biograd na Moru", "founded_year": 1919, "stadium_name": "Kažimira i Silvija", "website": "https://semafor.hns.family/klubovi/207/hnk-primorac-bnm/", "address": "Ruđera Boškovića 9, 23210 Biograd na Moru", "fb_url": "https://www.facebook.com/sharer/sharer.php?u=https%3a%2f%2fsemafor.hns.family%2fklubovi%2f207%2fhnk-primorac-bnm%2f", "x_url": "https://twitter.com/home?status=https%3a%2f%2fsemafor.hns.family%2fklubovi%2f207%2fhnk-primorac-bnm%2f", "top_tier": 3, "top_league_name": "3. HNL Jug"}}, {"type": "Feature", "geometry": {"type": "Point", "coordinates": [16.377278, 45.478305]}, "properties": {"id": 69, "slug": "segesta-sisak", "canonical_name": "HNK Segesta", "short_name": "Segesta", "city": "Sisak", "founded_year": 1905, "stadium_name": "Gradski Stadion", "stadium_capacity": 8000, "website": "https://hnk-segesta.hr/", "email": "hnk.segesta.sisak@sk.t-com.hr", "phone": "+385 44 540 088", "address": "Borisa Brnada 56, Sisak 44000, Hrvatska", "top_tier": 3, "top_league_name": "2. NL"}}, {"type": "Feature", "geometry": {"type": "Point", "coordinates": [16.5184153, 43.5325663]}, "properties": {"id": 67, "slug": "sloga-mravince", "canonical_name": "HNK Sloga Mravince", "short_name": "Sloga (M)", "city": "Mravince", "founded_year": 2016, "stadium_name": "Igralište Glavica", "website": "http://nszsd.hr/", "top_tier": 3, "top_league_name": "3. HNL Jug"}}, {"type": "Feature", "geometry": {"type": "Point", "coordinates": [15.24222, 44.11972]}, "properties": {"id": 59, "slug": "zadar", "canonical_name": "HNK Zadar", "short_name": "Zadar", "city": "Zadar", "founded_year": 1949, "stadium_name": "Stadion Stanovi", "stadium_capacity": 5860, "website": "https://hnkzadar.hr/", "fb_url": "https://facebook.com/hnkzadarnogomet", "ig_url": "https://instagram.com/hnk.zadar", "x_url": "https://x.com/hnkzadar", "top_tier": 3, "top_league_name": "3. HNL Jug"}}, {"type": "Feature", "geometry": {"type": "Point", "coordinates": [17.020242, 43.2939756]}, "properties": {"id": 52, "slug": "hrnk-zmaj-makarska", "canonical_name": "HRNK Zmaj Makarska", "short_name": "Zmaj (M)", "city": "Makarska", "stadium_name": "GSC Makarska", "stadium_capacity": 1050, "website": "https://hrnk-zmaj.hr/", "email": "hrnk.zmaj@gmail.com", "phone": "+385 (0) 21 455 017", "address": "Franjevački put 2, 21300 MAKARSKA", "fb_url": "https://www.facebook.com/HRNKZmaj/", "top_tier": 3, "top_league_name": "3. HNL Jug"}}, {"type": "Feature", "geometry": {"type": "Point", "coordinates": [18.6953685, 45.5548793]}, "properties": {"id": 36, "slug": "belisce-osijek", "canonical_name": "NK Belišće", "short_name": "Belišće", "city": "Osijek", "founded_year": 1918, "stadium_name": "Gradski stadion - BELISCE", "stadium_capacity": 3000, "fb_url": "https://www.facebook.com/nkbelisce.hr/", "top_tier": 3, "top_league_name": "3. HNL Istok"}}, {"type": "Feature", "geometry": {"type": "Point", "coordinates": [15.8935939, 45.9380767]}, "properties": {"id": 71, "slug": "bistra", "canonical_name": "NK Bistra", "short_name": "Bistra", "city": "Donja Bistra", "website": "https://www.nk-bistra.hr", "email": "info@nk-bistra.hr", "phone": "+385 1 3391 - 260", "address": "Sportska 1, 10298 Donja Bistra, Hrvatska", "top_tier": 3, "top_league_name": "3. HNL Centar"}}, {"type": "Feature", "geometry": {"type": "Point", "coordinates": [16.8421977, 45.8986869]}, "properties": {"id": 34, "slug": "bjelovar", "canonical_name": "NK Bjelovar", "short_name": "Bjelovar", "city": "Bjelovar", "founded_year": 1908, "stadium_name": "Novi gradski stadion Bjelovar", "stadium_capacity": 4000, "website": "https://nkbjelovar.hr/", "email": "nk.bjelovar@gmail.com", "phone": "043/212-600", "address": "Poljana Dr. Franje Tuđmana 5, 43 000 Bjelovar", "president": "Ivan Ščrbašić", "top_tier": 3, "top_league_name": "2. NL"}}, {"type": "Feature", "geometry": {"type": "Point", "coordinates": [18.6862709, 45.6224484]}, "properties": {"id": 40, "slug": "darda", "canonical_name": "NK Darda", "short_name": "Darda", "city": "Darda", "stadium_name": "Stadion Kraj Đole", "fb_url": "https://www.facebook.com/kontakt.hr/", "top_tier": 3, "top_league_name": "3. HNL Istok"}}, {"type": "Feature", "geometry": {"type": "Point", "coordinates": [16.237771, 45.8060388]}, "properties": {"id": 79, "slug": "dugo-selo", "canonical_name": "NK Dugo Selo", "short_name": "Dugo Selo", "city": "Dugo Selo", "stadium_name": "GMS Dugo Selo", "top_tier": 3, "top_league_name": "2. NL"}}, {"type": "Feature", "geometry": {"type": "Point", "coordinates": [13.55806, 45.315]}, "properties": {"id": 62, "slug": "gosk-dubrovnik-1919-dubrovnik", "canonical_name": "NK GOŠK-Dubrovnik 1919", "short_name": "GOŠK-Dubrovnik", "city": "Dubrovnik", "stadium_name": "Gradski Stadion Lapad", "stadium_capacity": 3000, "top_tier": 3, "top_league_name": "3. HNL Jug"}}, {"type": "Feature", "geometry": {"type": "Point", "coordinates": [16.0444225, 46.0942745]}, "properties": {"id": 77, "slug": "gaj-mace", "canonical_name": "NK Gaj Mače", "short_name": "Gaj Mače", "top_tier": 3, "top_league_name": "3. HNL Centar"}}, {"type": "Feature", "geometry": {"type": "Point", "coordinates": [18.6924678, 45.0764002]}, "properties": {"id": 44, "slug": "granicar-zupanja", "canonical_name": "NK Graničar Županja", "short_name": "Graničar", "city": "Županja", "stadium_name": "Spomen Stadion Prvog Igranja Nogometa u Hrvatskoj ", "top_tier": 3, "top_league_name": "3. HNL Istok"}}, {"type": "Feature", "geometry": {"type": "Point", "coordinates": [14.5004081, 45.3467766]}, "properties": {"id": 90, "slug": "grobnican-mavrinci", "canonical_name": "NK Grobničan", "short_name": "Grobničan", "city": "Mavrinci", "stadium_name": "Stadion Mavrinci", "stadium_capacity": 3000, "top_tier": 3, "top_league_name": "2. NL"}}, {"type": "Feature", "geometry": {"type": "Point", "coordinates": [15.97798, 45.81444]}, "properties": {"id": 89, "slug": "hrvatski-dragovoljac-zagreb", "canonical_name": "NK Hrvatski Dragovoljac", "short_name": "Dragovoljac", "city": "Zagreb", "founded_year": 1974, "stadium_name": "Stadion NŠC Stjepan Spajić", "stadium_capacity": 5000, "top_tier": 3, "top_league_name": "2. NL"}}, {"type": "Feature", "geometry": {"type": "Point", "coordinates": [15.4708877, 44.2129808]}, "properties": {"id": 53, "slug": "hrvatski-vitez-posedarje", "canonical_name": "NK Hrvatski Vitez Posedarje", "short_name": "Hrvatski Vitez ", "city": "Posedarje", "founded_year": 1946, "stadium_name": "Gordan Demo", "top_tier": 3, "top_league_name": "3. HNL Jug"}}, {"type": "Feature", "geometry": {"type": "Point", "coordinates": [17.4360676, 43.0524293]}, "properties": {"id": 56, "slug": "jadran-luka-ploce", "canonical_name": "NK Jadran Luka Ploče", "short_name": "Jadran (LP)", "city": "Ploce", "stadium_name": "NK Jadran LP", "stadium_capacity": 1000, "top_tier": 3, "top_league_name": "2. NL"}}, {"type": "Feature", "geometry": {"type": "Point", "coordinates": [16.653878, 43.702347]}, "properties": {"id": 54, "slug": "junak-sinj", "canonical_name": "NK Junak Sinj", "short_name": "Junak", "city": "Sinj", "founded_year": 1916, "stadium_name": "Gradski Stadion", "stadium_capacity": 3075, "top_tier": 3, "top_league_name": "3. HNL Jug"}}, {"type": "Feature", "geometry": {"type": "Point", "coordinates": [17.1515022, 43.4196973]}, "properties": {"id": 64, "slug": "kamen-podbablje-ivanbegovina", "canonical_name": "NK Kamen Podbablje", "short_name": "Kamen", "city": "Ivanbegovina", "stadium_name": "Ivanbegovina", "top_tier": 3, "top_league_name": "3. HNL Jug"}}, {"type": "Feature", "geometry": {"type": "Point", "coordinates": [16.835081, 46.166803]}, "properties": {"id": 30, "slug": "koprivnica", "canonical_name": "NK Koprivnica", "short_name": "Koprivnica", "city": "Koprivnica", "stadium_name": "Gradski stadion Ivan Kušek Apaš", "stadium_capacity": 3134, "top_tier": 3, "top_league_name": "3. HNL Sjever"}}, {"type": "Feature", "geometry": {"type": "Point", "coordinates": [16.0717133, 45.7022546]}, "properties": {"id": 78, "slug": "kurilovec-velika-gorica", "canonical_name": "NK Kurilovec Velika Gorica", "short_name": "Kurilovec", "founded_year": 2018, "top_tier": 3, "top_league_name": "3. HNL Centar"}}, {"type": "Feature", "geometry": {"type": "Point", "coordinates": [15.97798, 45.81444]}, "properties": {"id": 86, "slug": "kustosija-zagreb", "canonical_name": "NK Kustošija", "short_name": "Kustošija", "city": "Zagreb", "stadium_name": "Stadion Kustosija", "stadium_capacity": 2500, "top_tier": 3, "top_league_name": "2. NL"}}, {"type": "Feature", "geometry": {"type": "Point", "coordinates": [17.8814373, 45.4225074]}, "properties": {"id": 43, "slug": "kutjevo", "canonical_name": "NK Kutjevo", "short_name": "Kutjevo", "top_tier": 3, "top_league_name": "3. HNL Istok"}}, {"type": "Feature", "geometry": {"type": "Point", "coordinates": [15.9936241, 45.7011134]}, "properties": {"id": 85, "slug": "lukavec", "canonical_name": "NK Lukavec", "short_name": "Lukavec", "top_tier": 3, "top_league_name": "3. HNL Centar"}}, {"type": "Feature", "geometry": {"type": "Point", "coordinates": [15.867824, 45.76049]}, "properties": {"id": 81, "slug": "lucko-zagreb", "canonical_name": "NK Lučko", "short_name": "Lučko", "city": "Zagreb", "founded_year": 1930, "stadium_name": "Stadion Lučko", "stadium_capacity": 1500, "top_tier": 3, "top_league_name": "2. NL"}}, {"type": "Feature", "geometry": {"type": "Point", "coordinates": [16.0001198, 45.8135009]}, "properties": {"id": 83, "slug": "maksimir-zagreb", "canonical_name": "NK Maksimir Zagreb", "short_name": "Maksimir", "top_tier": 3, "top_league_name": "3. HNL Centar"}}, {"type": "Feature", "geometry": {"type": "Point", "coordinates": [18.01556, 45.16028]}, "properties": {"id": 50, "slug": "marsonia-slavonski-brod", "canonical_name": "NK Marsonia", "short_name": "Marsonia", "city": "Slavonski Brod", "founded_year": 2011, "stadium_name": "Stadion Stanko Vlajnić Dida", "stadium_capacity": 6000, "top_tier": 3, "top_league_name": "3. HNL Istok"}}, {"type": "Feature", "geometry": {"type": "Point", "coordinates": [16.422378, 46.391524]}, "properties": {"id": 29, "slug": "medimurje-cakovec", "canonical_name": "NK Međimurje Čakovec", "short_name": "Međimurje", "city": "Cakovec", "founded_year": 2003, "stadium_name": "Stadion SRC Mladost", "stadium_capacity": 8000, "top_tier": 3, "top_league_name": "3. HNL Sjever"}}, {"type": "Feature", "geometry": {"type": "Point", "coordinates": [16.8718808, 45.8783698]}, "properties": {"id": 26, "slug": "mladost-zdralovi", "canonical_name": "NK Mladost Ždralovi", "short_name": "Mladost (Ž)", "city": "Ždralovi", "founded_year": 1933, "stadium_name": "Stadion Brdo", "stadium_capacity": 833, "top_tier": 3, "top_league_name": "2. NL"}}, {"type": "Feature", "geometry": {"type": "Point", "coordinates": [18.090736, 45.4856031]}, "properties": {"id": 38, "slug": "nask-nasice", "canonical_name": "NK NAŠK Našice", "short_name": "NAŠK", "city": "Nasice", "stadium_name": "Gradski Stadion Našice", "top_tier": 3, "top_league_name": "3. HNL Istok"}}, {"type": "Feature", "geometry": {"type": "Point", "coordinates": [17.6460392, 43.0517901]}, "properties": {"id": 60, "slug": "neretva-metkovic", "canonical_name": "NK Neretva Metković", "short_name": "Neretva", "city": "Metković", "stadium_name": "Iza Vage", "top_tier": 3, "top_league_name": "3. HNL Jug"}}, {"type": "Feature", "geometry": {"type": "Point", "coordinates": [17.5614041, 43.0160658]}, "properties": {"id": 63, "slug": "neretvanac-opuzen", "canonical_name": "NK Neretvanac Opuzen", "short_name": "Neretvanac", "city": "Opuzen", "founded_year": 2019, "stadium_name": "Podvornica (Opuzen)", "top_tier": 3, "top_league_name": "3. HNL Jug"}}, {"type": "Feature", "geometry": {"type": "Point", "coordinates": [16.7283429, 43.6901297]}, "properties": {"id": 68, "slug": "osk-otok", "canonical_name": "NK OSK Otok", "short_name": "OSK Otok", "city": "Otok", "stadium_name": "ŠC Gola Brda", "stadium_capacity": 2000, "top_tier": 3, "top_league_name": "3. HNL Jug"}}, {"type": "Feature", "geometry": {"type": "Point", "coordinates": [17.748785, 45.163477]}, "properties": {"id": 35, "slug": "oriolik-oriovac", "canonical_name": "NK Oriolik Oriovac", "short_name": "Oriolik", "city": "Oriovac", "stadium_name": "Stadion NK Oriolik", "stadium_capacity": 1500, "top_tier": 3, "top_league_name": "3. HNL Istok"}}, {"type": "Feature", "geometry": {"type": "Point", "coordinates": [16.9953531, 46.0692687]}, "properties": {"id": 23, "slug": "podravac", "canonical_name": "NK Podravac", "short_name": "Podravac", "top_tier": 3, "top_league_name": "3. HNL Sjever"}}, {"type": "Feature", "geometry": {"type": "Point", "coordinates": [16.3610909, 46.5299088]}, "properties": {"id": 32, "slug": "polet-sv-martin-na-muri", "canonical_name": "NK Polet Sv. Martin na Muri", "short_name": "Polet", "top_tier": 3, "top_league_name": "3. HNL Sjever"}}, {"type": "Feature", "geometry": {"type": "Point", "coordinates": [17.6208286, 42.8497381]}, "properties": {"id": 73, "slug": "ponikve", "canonical_name": "NK Ponikve", "short_name": "Ponikve", "county": "Dubrovačko-neretvanska županija", "top_tier": 3, "top_league_name": "3. HNL Centar"}}, {"type": "Feature", "geometry": {"type": "Point", "coordinates": [16.5457794, 46.0247391]}, "properties": {"id": 27, "slug": "radnik-krizevci", "canonical_name": "NK Radnik Križevci", "short_name": "Radnik", "city": "Krizevci", "stadium_name": "Gradski stadion", "stadium_capacity": 1500, "top_tier": 3, "top_league_name": "2. NL"}}, {"type": "Feature", "geometry": {"type": "Point", "coordinates": [14.6183201, 45.579118]}, "properties": {"id": 84, "slug": "ravnice", "canonical_name": "NK Ravnice", "short_name": "Ravnice", "top_tier": 3, "top_league_name": "3. HNL Centar"}}, {"type": "Feature", "geometry": {"type": "Point", "coordinates": [17.6735827, 45.336623]}, "properties": {"id": 49, "slug": "slavonija-pozega", "canonical_name": "NK Slavonija Požega", "short_name": "Slavonija", "top_tier": 3, "top_league_name": "3. HNL Istok"}}, {"type": "Feature", "geometry": {"type": "Point", "coordinates": [17.3780567, 45.2633885]}, "properties": {"id": 47, "slug": "sloga-nova-gradiska", "canonical_name": "NK Sloga Nova Gradiška", "short_name": "Sloga (NG)", "city": "Nova Gradiška", "stadium_name": "Sportski park Ivo Petranović", "stadium_capacity": 2000, "top_tier": 3, "top_league_name": "3. HNL Istok"}}, {"type": "Feature", "geometry": {"type": "Point", "coordinates": [16.49314, 43.5432]}, "properties": {"id": 88, "slug": "solin", "canonical_name": "NK Solin", "short_name": "Solin", "city": "Solin", "founded_year": 1919, "stadium_name": "Stadion pokraj Jadra", "stadium_capacity": 3500, "top_tier": 3, "top_league_name": "2. NL"}}, {"type": "Feature", "geometry": {"type": "Point", "coordinates": [15.9772795, 45.8130967]}, "properties": {"id": 70, "slug": "tresnjevka-zagreb", "canonical_name": "NK Trešnjevka", "short_name": "Trešnjevka", "city": "Zagreb", "stadium_name": "Graba", "stadium_capacity": 800, "top_tier": 3, "top_league_name": "3. HNL Centar"}}, {"type": "Feature", "geometry": {"type": "Point", "coordinates": [15.9791746, 45.7969569]}, "properties": {"id": 75, "slug": "trnje", "canonical_name": "NK Trnje", "short_name": "Trnje", "top_tier": 3, "top_league_name": "2. NL"}}, {"type": "Feature", "geometry": {"type": "Point", "coordinates": [13.8455311, 44.8702281]}, "properties": {"id": 87, "slug": "uljanik-pula", "canonical_name": "NK Uljanik Pula", "short_name": "Uljanik", "city": "Pula", "stadium_name": "SRC \"Uljanik-Veruda\"", "stadium_capacity": 3500, "top_tier": 3, "top_league_name": "2. NL"}}, {"type": "Feature", "geometry": {"type": "Point", "coordinates": [16.9528401, 43.3534566]}, "properties": {"id": 66, "slug": "urania-baska-voda", "canonical_name": "NK Urania Baška Voda", "short_name": "Urania", "city": "Baška Voda", "stadium_name": "Športski centar Ante Jurišić", "stadium_capacity": 2000, "top_tier": 3, "top_league_name": "3. HNL Jug"}}, {"type": "Feature", "geometry": {"type": "Point", "coordinates": [16.524438899183, 43.561324314397]}, "properties": {"id": 65, "slug": "uskok-klis", "canonical_name": "NK Uskok Klis", "short_name": "Uskok", "city": "Klis", "stadium_name": "Stadion Iza Grada", "stadium_capacity": 1050, "top_tier": 3, "top_league_name": "2. NL"}}, {"type": "Feature", "geometry": {"type": "Point", "coordinates": [16.344355, 46.293434]}, "properties": {"id": 25, "slug": "varteks-varazdin", "canonical_name": "NK Varteks Varaždin", "short_name": "Varteks", "city": "Varaždin", "stadium_name": "Stadion Varteks", "stadium_capacity": 10800, "top_tier": 3, "top_league_name": "2. NL"}}, {"type": "Feature", "geometry": {"type": "Point", "coordinates": [15.7950893, 43.7662844]}, "properties": {"id": 61, "slug": "vodice", "canonical_name": "NK Vodice", "short_name": "Vodice", "city": "Vodice", "stadium_name": "S.C. Račice", "top_tier": 3, "top_league_name": "3. HNL Jug"}}, {"type": "Feature", "geometry": {"type": "Point", "coordinates": [15.9062064, 45.8129884]}, "properties": {"id": 74, "slug": "vrapce", "canonical_name": "NK Vrapče", "short_name": "Vrapče", "top_tier": 3, "top_league_name": "3. HNL Centar"}}, {"type": "Feature", "geometry": {"type": "Point", "coordinates": [45.88333, 16.42167]}, "properties": {"id": 80, "slug": "vrbovec", "canonical_name": "NK Vrbovec", "short_name": "Vrbovec", "city": "Vrbovec", "founded_year": 1924, "stadium_name": "Gradski Stadion Vrbovec", "stadium_capacity": 3000, "top_tier": 3, "top_league_name": "3. HNL Centar"}}, {"type": "Feature", "geometry": {"type": "Point", "coordinates": [16.1876725, 43.7382351]}, "properties": {"id": 57, "slug": "zagora-unesic", "canonical_name": "NK Zagora Unešić", "short_name": "Zagora", "city": "Unešić", "stadium_name": "Stadion Borovište", "top_tier": 3, "top_league_name": "3. HNL Jug"}}, {"type": "Feature", "geometry": {"type": "Point", "coordinates": [15.868475, 46.1632492]}, "properties": {"id": 72, "slug": "zagorec-krapina", "canonical_name": "NK Zagorec Krapina", "short_name": "Zagorec", "top_tier": 3, "top_league_name": "3. HNL Centar"}}, {"type": "Feature", "geometry": {"type": "Point", "coordinates": [18.5737213, 45.5236008]}, "properties": {"id": 37, "slug": "zrinski-osjecko-1664-cepin", "canonical_name": "NK Zrinski Osječko 1664", "short_name": "Zrinski", "city": "Čepin", "founded_year": 1937, "stadium_name": "Stadion NK Cepin", "stadium_capacity": 2500, "top_tier": 3, "top_league_name": "3. HNL Istok"}}, {"type": "Feature", "geometry": {"type": "Point", "coordinates": [18.5737213, 45.5236008]}, "properties": {"id": 48, "slug": "cepin", "canonical_name": "NK Čepin", "short_name": "Čepin", "top_tier": 3, "top_league_name": "3. HNL Istok"}}, {"type": "Feature", "geometry": {"type": "Point", "coordinates": [16.444175, 43.519154]}, "properties": {"id": 55, "slug": "split", "canonical_name": "RNK Split", "short_name": "Split", "city": "Split", "founded_year": 1912, "stadium_name": "Stadion Park mladeži", "stadium_capacity": 4000, "top_tier": 3, "top_league_name": "3. HNL Jug"}}, {"type": "Feature", "geometry": {"type": "Point", "coordinates": [17.3832669, 45.8389754]}, "properties": {"id": 28, "slug": "znk-virovitica", "canonical_name": "ŽNK Virovitica", "short_name": "Virovitica", "city": "Virovitica", "stadium_name": "Stadion Virovitica", "stadium_capacity": 200, "top_tier": 3, "top_league_name": "3. HNL Sjever"}}, {"type": "Feature", "geometry": {"type": "Point", "coordinates": [15.776914, 45.7968126]}, "properties": {"id": 127, "slug": "tigar-sveta-nedelja", "canonical_name": "GNK Tigar Sveta Nedelja", "short_name": "Tigar", "city": "Sveta Nedelja", "founded_year": 1973, "website": "https://gnktigarsvetanedelja.hr/", "top_tier": 4, "top_league_name": "3. NL - Centar"}}, {"type": "Feature", "geometry": {"type": "Point", "coordinates": [17.2237617, 45.5928272]}, "properties": {"id": 91, "slug": "daruvar", "canonical_name": "HNK Daruvar", "short_name": "Daruvar", "top_tier": 4, "top_league_name": "3. NL - Sjever"}}, {"type": "Feature", "geometry": {"type": "Point", "coordinates": [16.4220903, 43.5495057]}, "properties": {"id": 135, "slug": "jadran-kastel-sucurac", "canonical_name": "HNK Jadran Kaštel Sućurac", "short_name": "Jadran (KS)", "city": "Kaštel Sućurac", "founded_year": 1922, "stadium_name": "Stadion Zrinski", "stadium_capacity": 1500, "website": "https://hnkjadran.hr/", "email": "info@hnkjadran.hr", "phone": "+385 21 224120", "address": "Tamunic 46, 21212, Kaštel Sućurac, Hrvatska", "president": "Srđan Kovač", "top_tier": 4, "top_league_name": "3. NL - Jug"}}, {"type": "Feature", "geometry": {"type": "Point", "coordinates": [16.345825, 43.5533286]}, "properties": {"id": 131, "slug": "val-kastel-stari", "canonical_name": "HNK Val Kaštel Stari", "short_name": "Val", "city": "Kaštel Stari", "stadium_name": "Stadion HNK Val", "website": "http://www.nkgoskkastela.hr", "email": "hnkjadran@gmail.com", "phone": "+38598421453", "address": "TAMUNIĆ 46, 21212 Kaštel Sućurac", "top_tier": 4, "top_league_name": "3. NL - Jug"}}, {"type": "Feature", "geometry": {"type": "Point", "coordinates": [15.895884, 43.744024]}, "properties": {"id": 132, "slug": "sibenik", "canonical_name": "HNK Šibenik", "short_name": "Šibenik", "city": "Sibenik", "founded_year": 1932, "stadium_name": "Stadion Šubićevac", "stadium_capacity": 3500, "fb_url": "https://www.facebook.com/hnk.sibenik.hr/", "top_tier": 4, "top_league_name": "3. NL - Jug"}}, {"type": "Feature", "geometry": {"type": "Point", "coordinates": [13.8617564, 44.8191083]}, "properties": {"id": 125, "slug": "banjole", "canonical_name": "NK Banjole", "short_name": "Banjole", "city": "Banjole", "stadium_name": "Stadion Prematinka", "stadium_capacity": 2000, "website": "https://www.nk-banjole.hr/index.html", "email": "info@nk-banjole.hr", "phone": "+385 52 573514", "address": "Glavica 11 a, Banjole, 52100 Pula", "top_tier": 4, "top_league_name": "3. NL - Zapad"}}, {"type": "Feature", "geometry": {"type": "Point", "coordinates": [17.1741882, 45.705039]}, "properties": {"id": 94, "slug": "bilogora-91", "canonical_name": "NK Bilogora 91", "short_name": "Bilogora", "city": "Grubišno Polje", "founded_year": 2011, "stadium_name": "NK Bilogora 91", "website": "https://semafor.hns.family/klubovi/4982/nk-bilogora-91/", "address": "Trg bana Josipa Jelačića br. 1, Grubišno Polje", "fb_url": "https://www.facebook.com/sharer/sharer.php?u=https%3a%2f%2fsemafor.hns.family%2fklubovi%2f4982%2fnk-bilogora-91%2f", "top_tier": 4, "top_league_name": "3. NL - Sjever"}}, {"type": "Feature", "geometry": {"type": "Point", "coordinates": [18.7330933, 45.7468515]}, "properties": {"id": 105, "slug": "borac-knezevi-vinogradi", "canonical_name": "NK Borac Kneževi Vinogradi", "short_name": "Borac (KV)", "city": "Kneževi Vinogradi", "founded_year": 1929, "website": "https://knezevi-vinogradi.hr", "phone": "+385 97 772 8134", "address": "Hrvatske Republike 3, Kneževi Vinogradi", "president": "Miroslav Aćimović", "top_tier": 4, "top_league_name": "3. NL - Istok"}}, {"type": "Feature", "geometry": {"type": "Point", "coordinates": [13.6587529, 45.4083871]}, "properties": {"id": 111, "slug": "buje", "canonical_name": "NK Buje", "short_name": "Buje", "city": "Buje", "founded_year": 1994, "stadium_name": "Gradski stadion Buje", "stadium_capacity": 2000, "website": "https://semafor.hns.family/klubovi/2334/nk-buje/", "address": "Sportsko rekreacijska zona PP 21 52 460 Buje", "fb_url": "https://www.facebook.com/sharer/sharer.php?u=https%3a%2f%2fsemafor.hns.family%2fklubovi%2f2334%2fnk-buje%2f", "x_url": "https://twitter.com/home?status=https%3a%2f%2fsemafor.hns.family%2fklubovi%2f2334%2fnk-buje%2f", "top_tier": 4, "top_league_name": "3. NL - Zapad"}}, {"type": "Feature", "geometry": {"type": "Point", "coordinates": [14.6927906, 45.1737049]}, "properties": {"id": 118, "slug": "crikvenica", "canonical_name": "NK Crikvenica", "short_name": "Crikvenica", "city": "Crikvenica", "stadium_name": "Gradski stadion Crikvenica", "stadium_capacity": 2050, "fb_url": "https://www.facebook.com/nkcrikvenica.hr/", "top_tier": 4, "top_league_name": "3. NL - Zapad"}}, {"type": "Feature", "geometry": {"type": "Point", "coordinates": [16.5981068, 46.4288612]}, "properties": {"id": 97, "slug": "dinamo-domasinec", "canonical_name": "NK Dinamo Domašinec", "short_name": "Dinamo (D)", "city": "Domašinec", "stadium_name": "Kokotov Vez", "stadium_capacity": 1200, "fb_url": "https://www.facebook.com/dinamodomasinec/about/", "top_tier": 4, "top_league_name": "3. NL - Sjever"}}, {"type": "Feature", "geometry": {"type": "Point", "coordinates": [15.9427463, 45.716544]}, "properties": {"id": 129, "slug": "dinamo-odranski-obrez", "canonical_name": "NK Dinamo Odranski Obrež", "short_name": "Dinamo (OO)", "website": "https://nkdinamo.hr", "top_tier": 4, "top_league_name": "3. NL - Centar"}}, {"type": "Feature", "geometry": {"type": "Point", "coordinates": [16.782004, 45.9389337]}, "properties": {"id": 96, "slug": "dinamo-predavac", "canonical_name": "NK Dinamo Predavac", "short_name": "Dinamo (P)", "top_tier": 4, "top_league_name": "3. NL - Sjever"}}, {"type": "Feature", "geometry": {"type": "Point", "coordinates": [43.55, 16.4]}, "properties": {"id": 134, "slug": "gosk-kastela-kastel-gomilica", "canonical_name": "NK GOŠK Kaštela", "short_name": "GOŠK Kaštela", "city": "Kastel Gomilica", "stadium_name": "SC Jure Bakotić 1", "top_tier": 4, "top_league_name": "3. NL - Jug"}}, {"type": "Feature", "geometry": {"type": "Point", "coordinates": [16.941492, 45.5734822]}, "properties": {"id": 98, "slug": "garic-garesnica", "canonical_name": "NK Garić Garešnica", "short_name": "Garić", "top_tier": 4, "top_league_name": "3. NL - Sjever"}}, {"type": "Feature", "geometry": {"type": "Point", "coordinates": [16.8145703, 46.3483305]}, "properties": {"id": 92, "slug": "granicar-kotoriba", "canonical_name": "NK Graničar Kotoriba", "short_name": "Graničar (K)", "city": "Kotoriba", "stadium_name": "Sportski Centar Graničar", "stadium_capacity": 2000, "top_tier": 4, "top_league_name": "3. NL - Sjever"}}, {"type": "Feature", "geometry": {"type": "Point", "coordinates": [17.0731144, 46.0436624]}, "properties": {"id": 100, "slug": "granicar-durdevac", "canonical_name": "NK Graničar Đurđevac", "short_name": "Graničar (Đ)", "top_tier": 4, "top_league_name": "3. NL - Sjever"}}, {"type": "Feature", "geometry": {"type": "Point", "coordinates": [14.3858441, 45.3780491]}, "properties": {"id": 110, "slug": "halubjan-viskovo", "canonical_name": "NK Halubjan Viškovo", "short_name": "Halubjan", "city": "Viškovo", "stadium_name": "Stadion Brnasi ", "top_tier": 4, "top_league_name": "3. NL - Zapad"}}, {"type": "Feature", "geometry": {"type": "Point", "coordinates": [15.80778, 45.85639]}, "properties": {"id": 126, "slug": "inker-zapresic", "canonical_name": "NK Inker Zaprešić", "short_name": "Inker", "city": "Zaprešić", "founded_year": 2022, "stadium_name": "Stadion SRC Zapresic", "stadium_capacity": 4528, "top_tier": 4, "top_league_name": "3. NL - Centar"}}, {"type": "Feature", "geometry": {"type": "Point", "coordinates": [13.5957333, 45.2271961]}, "properties": {"id": 121, "slug": "jadran-porec", "canonical_name": "NK Jadran Poreč", "short_name": "Jadran (P)", "city": "Porec", "founded_year": 1947, "stadium_name": "Stadion Veli Joze", "stadium_capacity": 2000, "top_tier": 4, "top_league_name": "3. NL - Zapad"}}, {"type": "Feature", "geometry": {"type": "Point", "coordinates": [14.5688736, 45.2741319]}, "properties": {"id": 122, "slug": "kraljevica", "canonical_name": "NK Kraljevica", "short_name": "Kraljevica", "top_tier": 4, "top_league_name": "3. NL - Zapad"}}, {"type": "Feature", "geometry": {"type": "Point", "coordinates": [14.5496681, 45.0901954]}, "properties": {"id": 113, "slug": "krk", "canonical_name": "NK Krk", "short_name": "Krk", "city": "krk", "stadium_name": "SRC Josip Uravic Pepi", "stadium_capacity": 600, "top_tier": 4, "top_league_name": "3. NL - Zapad"}}, {"type": "Feature", "geometry": {"type": "Point", "coordinates": [14.4314712, 45.330139]}, "properties": {"id": 115, "slug": "lokomotiva-rijeka", "canonical_name": "NK Lokomotiva Rijeka", "short_name": "Lokomotiva Rijeka", "top_tier": 4, "top_league_name": "3. NL - Zapad"}}, {"type": "Feature", "geometry": {"type": "Point", "coordinates": [14.5989301, 45.2840364]}, "properties": {"id": 117, "slug": "naprijed-hreljin", "canonical_name": "NK Naprijed Hreljin", "short_name": "Naprijed (H)", "city": "Hreljin", "stadium_name": "Lonja", "stadium_capacity": 1000, "top_tier": 4, "top_league_name": "3. NL - Zapad"}}, {"type": "Feature", "geometry": {"type": "Point", "coordinates": [16.3859138, 46.376116]}, "properties": {"id": 93, "slug": "nedelisce", "canonical_name": "NK Nedelišće", "short_name": "Nedelišće", "top_tier": 4, "top_league_name": "3. NL - Sjever"}}, {"type": "Feature", "geometry": {"type": "Point", "coordinates": [13.9098445, 45.3503765]}, "properties": {"id": 119, "slug": "nehaj-senj", "canonical_name": "NK Nehaj Senj", "short_name": "Nehaj", "city": "Senj", "stadium_name": "Pod Nehajem", "stadium_capacity": 1500, "top_tier": 4, "top_league_name": "3. NL - Zapad"}}, {"type": "Feature", "geometry": {"type": "Point", "coordinates": [14.8830742, 44.5471212]}, "properties": {"id": 114, "slug": "novalja", "canonical_name": "NK Novalja", "short_name": "Novalja", "city": "Novalja", "stadium_name": "Stadion Cissa-Straško", "stadium_capacity": 2000, "top_tier": 4, "top_league_name": "3. NL - Zapad"}}, {"type": "Feature", "geometry": {"type": "Point", "coordinates": [16.6839541, 43.4417427]}, "properties": {"id": 133, "slug": "omis", "canonical_name": "NK Omiš", "short_name": "Omiš", "city": "Omis", "stadium_name": "Anđelko Marušić Ferata", "top_tier": 4, "top_league_name": "3. NL - Jug"}}, {"type": "Feature", "geometry": {"type": "Point", "coordinates": [14.5607, 45.216519]}, "properties": {"id": 116, "slug": "osk-omisalj", "canonical_name": "NK OŠK Omišalj", "short_name": "OŠK", "city": "Omišalj", "stadium_name": "Igralište Pušća", "stadium_capacity": 1000, "top_tier": 4, "top_league_name": "3. NL - Zapad"}}, {"type": "Feature", "geometry": {"type": "Point", "coordinates": [13.9363313, 45.2391995]}, "properties": {"id": 123, "slug": "pazinka-pazin", "canonical_name": "NK Pazinka", "short_name": "Pazinka", "city": "Pazin", "stadium_name": "SC Egidije Marion", "stadium_capacity": 250, "top_tier": 4, "top_league_name": "3. NL - Zapad"}}, {"type": "Feature", "geometry": {"type": "Point", "coordinates": [17.229321960916, 45.944240859882]}, "properties": {"id": 95, "slug": "pitomaca", "canonical_name": "NK Pitomača", "short_name": "Pitomača", "city": "Pitomača", "stadium_name": "Stadion Pitomača", "stadium_capacity": 1000, "top_tier": 4, "top_league_name": "3. NL - Sjever"}}, {"type": "Feature", "geometry": {"type": "Point", "coordinates": [14.497509, 45.304908]}, "properties": {"id": 120, "slug": "pomorac-kostrena", "canonical_name": "NK Pomorac", "short_name": "Pomorac", "city": "Kostrena", "founded_year": 1920, "stadium_name": "Stadion Žuknica", "stadium_capacity": 3000, "top_tier": 4, "top_league_name": "3. NL - Zapad"}}, {"type": "Feature", "geometry": {"type": "Point", "coordinates": [15.8992323, 45.7941004]}, "properties": {"id": 130, "slug": "precko", "canonical_name": "NK Prečko", "short_name": "Prečko", "top_tier": 4, "top_league_name": "3. NL - Centar"}}, {"type": "Feature", "geometry": {"type": "Point", "coordinates": [14.1236014, 45.0913954]}, "properties": {"id": 124, "slug": "rudar-labin", "canonical_name": "NK Rudar Labin", "short_name": "Rudar (L)", "city": "Labin", "stadium_name": "Gradski stadion Labin", "stadium_capacity": 3000, "top_tier": 4, "top_league_name": "3. NL - Zapad"}}, {"type": "Feature", "geometry": {"type": "Point", "coordinates": [15.7097105, 45.8018625]}, "properties": {"id": 128, "slug": "samobor", "canonical_name": "NK Samobor", "short_name": "Samobor", "city": "Samobor", "stadium_name": "Gradski Stadion Samobor", "stadium_capacity": 5000, "top_tier": 4, "top_league_name": "3. NL - Centar"}}, {"type": "Feature", "geometry": {"type": "Point", "coordinates": [17.699095, 45.7135887]}, "properties": {"id": 99, "slug": "slatina", "canonical_name": "NK Slatina", "short_name": "Slatina", "city": "Slatina", "stadium_name": "NK Slatina", "top_tier": 4, "top_league_name": "3. NL - Sjever"}}, {"type": "Feature", "geometry": {"type": "Point", "coordinates": [18.2960038, 45.1861153]}, "properties": {"id": 103, "slug": "tomislav-donji-andrijevci", "canonical_name": "NK Tomislav Donji Andrijevci", "short_name": "Tomislav (DA)", "city": "Donji Andrijevci", "stadium_name": "Stadion Tomislav Buhač", "stadium_capacity": 600, "top_tier": 4, "top_league_name": "3. NL - Istok"}}, {"type": "Feature", "geometry": {"type": "Point", "coordinates": [18.4143661, 45.6619979]}, "properties": {"id": 102, "slug": "valpovka-valpovo", "canonical_name": "NK Valpovka Valpovo", "short_name": "Valpovka", "top_tier": 4, "top_league_name": "3. NL - Istok"}}, {"type": "Feature", "geometry": {"type": "Point", "coordinates": [18.76761722947, 45.623422814575]}, "properties": {"id": 109, "slug": "vardarac", "canonical_name": "NK Vardarac", "short_name": "Vardarac", "city": "Vardarac", "stadium_name": "V Arena", "stadium_capacity": 500, "top_tier": 4, "top_league_name": "3. NL - Istok"}}, {"type": "Feature", "geometry": {"type": "Point", "coordinates": [14.7888328, 45.128264]}, "properties": {"id": 112, "slug": "vinodol-novi-vinodolski", "canonical_name": "NK Vinodol", "short_name": "Vinodol", "city": "Novi Vinodolski", "stadium_name": "Stadion Bahalin", "stadium_capacity": 1200, "top_tier": 4, "top_league_name": "3. NL - Zapad"}}, {"type": "Feature", "geometry": {"type": "Point", "coordinates": [17.9979766, 45.1805991]}, "properties": {"id": 108, "slug": "vinogorac-brodsko-vinogorje", "canonical_name": "NK Vinogorac Brodsko Vinogorje", "short_name": "Vinogorac", "top_tier": 4, "top_league_name": "3. NL - Istok"}}, {"type": "Feature", "geometry": {"type": "Point", "coordinates": [16.8438483, 46.1863573]}, "properties": {"id": 137, "slug": "borac", "canonical_name": "NK Borac", "short_name": "Borac", "city": "Bakar", "county": "Koprivničko-križevačka županija", "email": "nogometni.klub.borac@ri.t-com.hr", "phone": "051 761-599", "address": "Primorje 39, 51222 Bakar, Hrvatska/Croatia", "fb_url": "https://www.facebook.com/pages/NK-Borac/153712657995854", "president": "Milan Rončević", "top_tier": 5, "top_league_name": "4.NL BJ-KC-VT"}}, {"type": "Feature", "geometry": {"type": "Point", "coordinates": [17.1928025, 46.0608291]}, "properties": {"id": 339, "slug": "ferdinandovac", "canonical_name": "NK Ferdinandovac", "short_name": "Ferdinandovac", "top_tier": 5, "top_league_name": "4.NL BJ-KC-VT"}}, {"type": "Feature", "geometry": {"type": "Point", "coordinates": [17.9808798, 45.1777369]}, "properties": {"id": 341, "slug": "granicar-l", "canonical_name": "NK Graničar (L)", "short_name": "Graničar", "county": "Brodsko-posavska županija", "top_tier": 5, "top_league_name": "4.NL BJ-KC-VT"}}, {"type": "Feature", "geometry": {"type": "Point", "coordinates": [16.7318038, 45.4933092]}, "properties": {"id": 180, "slug": "mladost-k", "canonical_name": "NK Mladost (K)", "short_name": "Mladost", "county": "Sisačko-moslavačka županija", "top_tier": 5, "top_league_name": "4.NL BJ-KC-VT"}}, {"type": "Feature", "geometry": {"type": "Point", "coordinates": [18.6999882, 45.5515869]}, "properties": {"id": 346, "slug": "mladost-sd", "canonical_name": "NK Mladost (SĐ)", "short_name": "Mladost", "county": "Osječko-baranjska županija", "top_tier": 5, "top_league_name": "MŽNL Osijek - Vinkovci"}}, {"type": "Feature", "geometry": {"type": "Point", "coordinates": [18.8499196, 45.3080923]}, "properties": {"id": 463, "slug": "mladost-v", "canonical_name": "NK Mladost (V)", "short_name": "Mladost", "county": "Vukovarsko-srijemska županija", "top_tier": 5, "top_league_name": "MŽNL Osijek - Vinkovci"}}, {"type": "Feature", "geometry": {"type": "Point", "coordinates": [16.1155059, 45.6338246]}, "properties": {"id": 450, "slug": "polet-sk", "canonical_name": "NK Polet (SK)", "short_name": "Polet", "county": "Grad Zagreb", "top_tier": 5, "top_league_name": "4. NL Središte Zagreb - A"}}, {"type": "Feature", "geometry": {"type": "Point", "coordinates": [16.438553, 43.5079685]}, "properties": {"id": 331, "slug": "tehnicar", "canonical_name": "NK Tehničar", "short_name": "Tehničar", "top_tier": 5, "top_league_name": "4.NL BJ-KC-VT"}}, {"type": "Feature", "geometry": {"type": "Point", "coordinates": [16.6132008, 45.7483719]}, "properties": {"id": 382, "slug": "cazma", "canonical_name": "NK Čazma", "short_name": "Čazma", "top_tier": 5, "top_league_name": "4.NL BJ-KC-VT"}}, {"type": "Feature", "geometry": {"type": "Point", "coordinates": [14.2762597, 45.2916807]}, "properties": {"id": 441, "slug": "lovran", "canonical_name": "HNK Lovran", "short_name": "Lovran", "city": "Lovran", "county": "Primorsko-goranska županija", "stadium_name": "Nogometno igralište \"Lokve\"", "website": "https://hnk-lovran.com/", "email": "nogometni.klub.lovran@ri.t-com.hr", "phone": "051 293 439", "address": "ul.43.istarske divizije 1/5, 51415 LOVRAN", "top_tier": 6, "top_league_name": "1. ŽNL (PGŽ)"}}, {"type": "Feature", "geometry": {"type": "Point", "coordinates": [19.0168865, 45.338661]}, "properties": {"id": 671, "slug": "mitnica", "canonical_name": "HNK Mitnica", "short_name": "Mitnica", "city": "Vukovar", "county": "Vukovarsko-srijemska županija", "founded_year": 2008, "stadium_name": "Mitnica", "website": "https://sov.hr/", "email": "antun.karaula13@gmail.com", "phone": "098/9061-630", "address": "Prosina 56, 32000 Vukovar", "president": "Antun Karaula", "top_tier": 6, "top_league_name": "1. ŽNL (VSŽ)"}}, {"type": "Feature", "geometry": {"type": "Point", "coordinates": [16.5208886, 46.0292845]}, "properties": {"id": 585, "slug": "radnicki-m", "canonical_name": "HNK Radnički (M)", "short_name": "Radnički", "city": "Vukovar", "email": "admin@hnk-radnicki-vukovar.hr", "phone": "032 432 292", "address": "Kolodvorska ul. 2, 32000 Vukovar", "top_tier": 6, "top_league_name": "1. ŽNL (OBŽ)"}}, {"type": "Feature", "geometry": {"type": "Point", "coordinates": [14.8837254, 44.6713368]}, "properties": {"id": 567, "slug": "velebit-b", "canonical_name": "HNK Velebit (B)", "short_name": "Velebit", "county": "Zadarska županija", "fb_url": "https://www.facebook.com/hnkvelebit/?locale=hr_HR", "top_tier": 6, "top_league_name": "1. ŽNL (Zadarska)"}}, {"type": "Feature", "geometry": {"type": "Point", "coordinates": [17.9901946, 45.1632061]}, "properties": {"id": 555, "slug": "amater", "canonical_name": "NK Amater", "short_name": "Amater", "county": "Brodsko-posavska županija", "fb_url": "https://www.facebook.com/nkamater/", "top_tier": 6, "top_league_name": "1. ŽNL (BPŽ)"}}, {"type": "Feature", "geometry": {"type": "Point", "coordinates": [17.8394853, 45.0983958]}, "properties": {"id": 556, "slug": "bonk", "canonical_name": "NK BONK", "short_name": "BONK", "county": "Brodsko-posavska županija", "phone": "80651898661", "top_tier": 6, "top_league_name": "1. ŽNL (BPŽ)"}}, {"type": "Feature", "geometry": {"type": "Point", "coordinates": [15.9701042, 45.4320774]}, "properties": {"id": 138, "slug": "banovac", "canonical_name": "NK Banovac", "short_name": "Banovac", "county": "Sisačko-moslavačka županija", "fb_url": "https://www.facebook.com/snk.banovac.glina/", "top_tier": 6, "top_league_name": "1. ŽNL (SMŽ)"}}, {"type": "Feature", "geometry": {"type": "Point", "coordinates": [15.5466794, 45.3806407]}, "properties": {"id": 294, "slug": "barilovic", "canonical_name": "NK Barilović", "short_name": "Barilović", "city": "Barilović", "county": "Karlovačka županija", "founded_year": 2019, "website": "https://semafor.hns.family/en/clubs/126624/nk-barilovic/", "address": "Barilović b. b., 47252 Barilović", "fb_url": "https://www.facebook.com/sharer/sharer.php?u=https%3a%2f%2fsemafor.hns.family%2fen%2fclubs%2f126624%2fnk-barilovic%2f", "x_url": "https://twitter.com/home?status=https%3a%2f%2fsemafor.hns.family%2fen%2fclubs%2f126624%2fnk-barilovic%2f", "president": "Mato Gavrić", "top_tier": 6, "top_league_name": "1. ŽNL (Karlovačka)"}}, {"type": "Feature", "geometry": {"type": "Point", "coordinates": [17.6630254, 45.1880293]}, "properties": {"id": 551, "slug": "batrina", "canonical_name": "NK Batrina", "short_name": "Batrina", "county": "Brodsko-posavska županija", "top_tier": 6, "top_league_name": "1. ŽNL (BPŽ)"}}, {"type": "Feature", "geometry": {"type": "Point", "coordinates": [15.2838133, 44.071152]}, "properties": {"id": 569, "slug": "bibinje", "canonical_name": "NK Bibinje", "short_name": "Bibinje", "county": "Zadarska županija", "website": "https://nkzadarnova.hr/joomsport_team/nk-bibinje/", "top_tier": 6, "top_league_name": "1. ŽNL (Zadarska)"}}, {"type": "Feature", "geometry": {"type": "Point", "coordinates": [17.0902534, 45.8183249]}, "properties": {"id": 381, "slug": "bilo", "canonical_name": "NK Bilo", "short_name": "Bilo", "county": "Bjelovarsko-bilogorska županija", "fb_url": "https://www.facebook.com/NkBilo/", "top_tier": 6, "top_league_name": "1. ŽNL (BBŽ)"}}, {"type": "Feature", "geometry": {"type": "Point", "coordinates": [16.9504646, 45.8582631]}, "properties": {"id": 386, "slug": "bilogora-k", "canonical_name": "NK Bilogora (K)", "short_name": "Bilogora", "fb_url": "https://www.facebook.com/nkbilogora/posts/-upisi-u-nogometnu-%C5%A1kolu-nogometni-klub-poziva-sve-dje%C4%8Dake-i-djevoj%C4%8Dice-da-nam-s/1322035443045518/", "top_tier": 6, "top_league_name": "1. ŽNL (BBŽ)"}}, {"type": "Feature", "geometry": {"type": "Point", "coordinates": [16.9961478, 46.0313365]}, "properties": {"id": 383, "slug": "bilogorac-vt", "canonical_name": "NK Bilogorac (VT)", "short_name": "Bilogorac", "city": "Veliko Trojstvo", "founded_year": 1921, "stadium_name": "NK Bilogorac", "website": "https://semafor.hns.family/klubovi/1374/nk-bilogorac-vt/", "address": "Braće Radić b. b. 43226 Veliko Trojstvo", "fb_url": "https://www.facebook.com/sharer/sharer.php?u=https%3a%2f%2fsemafor.hns.family%2fklubovi%2f1374%2fnk-bilogorac-vt%2f", "x_url": "https://twitter.com/home?status=https%3a%2f%2fsemafor.hns.family%2fklubovi%2f1374%2fnk-bilogorac-vt%2f", "top_tier": 6, "top_league_name": "1. ŽNL (BBŽ)"}}, {"type": "Feature", "geometry": {"type": "Point", "coordinates": [15.9121778, 45.7593387]}, "properties": {"id": 267, "slug": "blato", "canonical_name": "NK Blato", "short_name": "Blato", "city": "Zagreb", "county": "Grad Zagreb", "stadium_name": "Blato", "phone": "6141390", "address": "Karlovačka cesta 195, 10020 Zagreb", "fb_url": "https://www.facebook.com/sharer/sharer.php?u=https%3a%2f%2fsemafor.hns.family%2fen%2fclubs%2f645%2fnk-blato%2f", "x_url": "https://twitter.com/home?status=https%3a%2f%2fsemafor.hns.family%2fen%2fclubs%2f645%2fnk-blato%2f", "top_tier": 6, "top_league_name": "1. Zagrebačka NL (Grad Zagreb)"}}, {"type": "Feature", "geometry": {"type": "Point", "coordinates": [16.94559, 45.6048562]}, "properties": {"id": 385, "slug": "brestovac", "canonical_name": "NK Brestovac", "short_name": "Brestovac", "county": "Bjelovarsko-bilogorska županija", "fb_url": "https://www.facebook.com/nkbrestovac1928/?locale=hr_HR", "top_tier": 6, "top_league_name": "1. ŽNL (BBŽ)"}}, {"type": "Feature", "geometry": {"type": "Point", "coordinates": [15.9100676, 45.7277707]}, "properties": {"id": 268, "slug": "brezovica", "canonical_name": "NK Brezovica", "short_name": "Brezovica", "county": "Grad Zagreb", "fb_url": "https://www.facebook.com/nkbrezovica.zagreb/", "top_tier": 6, "top_league_name": "1. Zagrebačka NL (Grad Zagreb)"}}, {"type": "Feature", "geometry": {"type": "Point", "coordinates": [18.9139733, 45.3628662]}, "properties": {"id": 676, "slug": "brsadin", "canonical_name": "NK Bršadin", "short_name": "Bršadin", "city": "Bršadin", "county": "Vukovarsko-srijemska županija", "founded_year": 1932, "website": "https://semafor.hns.family/en/clubs/1603/nk-brsadin/", "address": "Đure Mitrovića 9a, 32222 Bršadin", "fb_url": "https://www.facebook.com/sharer/sharer.php?u=https%3a%2f%2fsemafor.hns.family%2fen%2fclubs%2f1603%2fnk-brsadin%2f", "x_url": "https://twitter.com/home?status=https%3a%2f%2fsemafor.hns.family%2fen%2fclubs%2f1603%2fnk-brsadin%2f", "top_tier": 6, "top_league_name": "1. ŽNL (VSŽ)"}}, {"type": "Feature", "geometry": {"type": "Point", "coordinates": [16.0450862, 45.8544313]}, "properties": {"id": 262, "slug": "concordia", "canonical_name": "NK Concordia", "short_name": "Concordia", "city": "Zagreb", "county": "Grad Zagreb", "website": "https://nkconcordia.wordpress.com/", "email": "nk.concordia@concor1.tcloud.hr", "phone": "01/2985-541", "address": "Aleja hrvatske mladeži 2a, 10040 Zagreb", "top_tier": 6, "top_league_name": "1. Zagrebačka NL (Grad Zagreb)"}}, {"type": "Feature", "geometry": {"type": "Point", "coordinates": [15.5362234, 45.4610183]}, "properties": {"id": 289, "slug": "croatia-78", "canonical_name": "NK Croatia '78", "short_name": "Croatia", "city": "Žakanje", "county": "Karlovačka županija", "founded_year": 1998, "stadium_name": "NK Croatia '78", "website": "https://semafor.hns.family/en/clubs/1716/nk-croatia-78/", "address": "Žakanje 58 B, 47276 Žakanje", "fb_url": "https://www.facebook.com/sharer/sharer.php?u=https%3a%2f%2fsemafor.hns.family%2fen%2fclubs%2f1716%2fnk-croatia-78%2f", "x_url": "https://twitter.com/home?status=https%3a%2f%2fsemafor.hns.family%2fen%2fclubs%2f1716%2fnk-croatia-78%2f", "top_tier": 6, "top_league_name": "1. ŽNL (Karlovačka)"}}, {"type": "Feature", "geometry": {"type": "Point", "coordinates": [19.0019676, 45.3524096]}, "properties": {"id": 669, "slug": "croatia-b", "canonical_name": "NK Croatia (B)", "short_name": "Croatia", "county": "Vukovarsko-srijemska županija", "top_tier": 6, "top_league_name": "1. ŽNL (VSŽ)"}}, {"type": "Feature", "geometry": {"type": "Point", "coordinates": [17.3845292, 45.8349096]}, "properties": {"id": 460, "slug": "croatia-g", "canonical_name": "NK Croatia (G)", "short_name": "Croatia", "city": "Grabrovnica", "county": "Virovitičko-podravska županija", "website": "https://hrvatskekarta.com/sportski-centar/viroviticko-podravska/nogometni-klub-croatia", "phone": "033 714 599", "address": "Grabrovnica bb, 33405, Grabrovnica", "fb_url": "https://www.facebook.com/sharer.php?u=https://hrvatskekarta.com/sportski-centar/viroviticko-podravska/nogometni-klub-croatia/", "x_url": "https://twitter.com/share?url=https://hrvatskekarta.com/sportski-centar/viroviticko-podravska/nogometni-klub-croatia/&text=NOGOMETNI%20KLUB%20CROATIA", "top_tier": 6, "top_league_name": "1. ŽNL (VPŽ)"}}, {"type": "Feature", "geometry": {"type": "Point", "coordinates": [16.11682, 43.6759752]}, "properties": {"id": 665, "slug": "croatia-s", "canonical_name": "NK Croatia (S)", "short_name": "Croatia", "city": "LIČKI OSIK", "county": "Šibensko-kninska županija", "stadium_name": "Nogometni stadion Marin Ćaćić", "email": "nkcroatia92.licki.osik@gmail.com", "phone": "099 541 8080", "address": "LIČKI OSIK 66", "president": "Ivica Tomljenović", "top_tier": 6, "top_league_name": "1. ŽNL (ŠKŽ)"}}, {"type": "Feature", "geometry": {"type": "Point", "coordinates": [16.1184629, 45.7048175]}, "properties": {"id": 239, "slug": "dinamo-hidrel", "canonical_name": "NK Dinamo Hidrel", "short_name": "Dinamo", "city": "Novo Čiče", "county": "Zagrebačka županija", "founded_year": 1948, "website": "https://ns-vrbovec.hr/", "top_tier": 6, "top_league_name": "J1. ŽNL  (Zagrebačka)"}}, {"type": "Feature", "geometry": {"type": "Point", "coordinates": [16.3829092, 44.0624764]}, "properties": {"id": 664, "slug": "dinara", "canonical_name": "NK Dinara", "short_name": "Dinara", "county": "Šibensko-kninska županija", "top_tier": 6, "top_league_name": "1. ŽNL (ŠKŽ)"}}, {"type": "Feature", "geometry": {"type": "Point", "coordinates": [15.2431631, 45.2824734]}, "properties": {"id": 293, "slug": "dobra-n", "canonical_name": "NK Dobra (N)", "short_name": "Dobra", "county": "Karlovačka županija", "top_tier": 6, "top_league_name": "1. ŽNL (Karlovačka)"}}, {"type": "Feature", "geometry": {"type": "Point", "coordinates": [14.4973005, 45.3230323]}, "properties": {"id": 440, "slug": "draga", "canonical_name": "NK Draga", "short_name": "Draga", "county": "Primorsko-goranska županija", "top_tier": 6, "top_league_name": "1. ŽNL (PGŽ)"}}, {"type": "Feature", "geometry": {"type": "Point", "coordinates": [15.9446673, 45.6642757]}, "properties": {"id": 274, "slug": "dragonozec", "canonical_name": "NK Dragonožec", "short_name": "Dragonožec", "city": "Zagreb", "county": "Grad Zagreb", "founded_year": 2022, "stadium_name": "Donji Dragonožec", "website": "https://semafor.hns.family/klubovi/176096/nk-dragonozec/", "address": "Donjodragonoška cesta 30 10253 Zagreb", "fb_url": "https://www.facebook.com/sharer/sharer.php?u=https%3a%2f%2fsemafor.hns.family%2fklubovi%2f176096%2fnk-dragonozec%2f", "x_url": "https://twitter.com/home?status=https%3a%2f%2fsemafor.hns.family%2fklubovi%2f176096%2fnk-dragonozec%2f", "top_tier": 6, "top_league_name": "1. Zagrebačka NL (Grad Zagreb)"}}, {"type": "Feature", "geometry": {"type": "Point", "coordinates": [17.3705085, 45.9685442]}, "properties": {"id": 457, "slug": "drava", "canonical_name": "NK Drava", "short_name": "Drava", "county": "Virovitičko-podravska županija", "top_tier": 6, "top_league_name": "1. ŽNL (VPŽ)"}}, {"type": "Feature", "geometry": {"type": "Point", "coordinates": [16.9914726, 46.0649578]}, "properties": {"id": 348, "slug": "drava-np", "canonical_name": "NK Drava (NP)", "short_name": "Drava", "county": "Koprivničko-križevačka županija", "top_tier": 6, "top_league_name": "1. ŽNL (KKŽ)"}}, {"type": "Feature", "geometry": {"type": "Point", "coordinates": [16.9914726, 46.0649578]}, "properties": {"id": 354, "slug": "drava-ps", "canonical_name": "NK Drava (PS)", "short_name": "Drava", "county": "Koprivničko-križevačka županija", "top_tier": 6, "top_league_name": "1. ŽNL (KKŽ)"}}, {"type": "Feature", "geometry": {"type": "Point", "coordinates": [16.0538098, 45.8367424]}, "properties": {"id": 189, "slug": "dubrava", "canonical_name": "NK Dubrava", "short_name": "Dubrava", "city": "Zagreb", "county": "Zagrebačka županija", "website": "http://nkdubrava.hr/", "email": "info@nkdubrava.hr", "phone": "00385 (0) 12932770", "address": "Aleja Blaža Jurišića 2, 10040 Zagreb", "top_tier": 6, "top_league_name": "Premier liga (Zagrebačka)"}}, {"type": "Feature", "geometry": {"type": "Point", "coordinates": [15.4976858, 45.4478475]}, "properties": {"id": 292, "slug": "duga-resa-1929", "canonical_name": "NK Duga Resa 1929", "short_name": "Duga", "county": "Karlovačka županija", "top_tier": 6, "top_league_name": "1. ŽNL (Karlovačka)"}}, {"type": "Feature", "geometry": {"type": "Point", "coordinates": [17.9733411, 45.5257313]}, "properties": {"id": 575, "slug": "fesk", "canonical_name": "NK FEŠK", "short_name": "FEŠK", "county": "Osječko-baranjska županija", "top_tier": 6, "top_league_name": "1. ŽNL (OBŽ)"}}, {"type": "Feature", "geometry": {"type": "Point", "coordinates": [16.8313763, 45.8942294]}, "properties": {"id": 668, "slug": "frankopan-ra", "canonical_name": "NK Frankopan (RA)", "short_name": "Frankopan", "top_tier": 6, "top_league_name": "1. ŽNL (VSŽ)"}}, {"type": "Feature", "geometry": {"type": "Point", "coordinates": [17.0497322, 45.7515565]}, "properties": {"id": 394, "slug": "gordowa", "canonical_name": "NK Gordowa", "short_name": "Gordowa", "county": "Bjelovarsko-bilogorska županija", "top_tier": 6, "top_league_name": "1. ŽNL (BBŽ)"}}, {"type": "Feature", "geometry": {"type": "Point", "coordinates": [16.0376904, 45.7044885]}, "properties": {"id": 201, "slug": "gradici", "canonical_name": "NK Gradići", "short_name": "Gradići", "top_tier": 6, "top_league_name": "Premier liga (Zagrebačka)"}}, {"type": "Feature", "geometry": {"type": "Point", "coordinates": [16.516002, 45.9123463]}, "properties": {"id": 355, "slug": "granicar-nv", "canonical_name": "NK Graničar (NV)", "short_name": "Graničar", "top_tier": 6, "top_league_name": "1. ŽNL (KKŽ)"}}, {"type": "Feature", "geometry": {"type": "Point", "coordinates": [17.9808798, 45.1777369]}, "properties": {"id": 557, "slug": "granicar-ss", "canonical_name": "NK Graničar (SŠ)", "short_name": "Graničar", "county": "Brodsko-posavska županija", "top_tier": 6, "top_league_name": "1. ŽNL (BPŽ)"}}, {"type": "Feature", "geometry": {"type": "Point", "coordinates": [14.3780105, 45.3505999]}, "properties": {"id": 446, "slug": "grbci-2000", "canonical_name": "NK Grbci 2000", "short_name": "Grbci", "county": "Primorsko-goranska županija", "top_tier": 6, "top_league_name": "1. ŽNL (PGŽ)"}}, {"type": "Feature", "geometry": {"type": "Point", "coordinates": [18.4907538, 45.1618173]}, "properties": {"id": 549, "slug": "gundinci", "canonical_name": "NK Gundinci", "short_name": "Gundinci", "county": "Brodsko-posavska županija", "top_tier": 6, "top_league_name": "1. ŽNL (BPŽ)"}}, {"type": "Feature", "geometry": {"type": "Point", "coordinates": [17.0646813, 45.7994716]}, "properties": {"id": 393, "slug": "hajduk-h", "canonical_name": "NK Hajduk (H)", "short_name": "Hajduk", "county": "Bjelovarsko-bilogorska županija", "top_tier": 6, "top_league_name": "1. ŽNL (BBŽ)"}}, {"type": "Feature", "geometry": {"type": "Point", "coordinates": [18.2829035, 45.6659547]}, "properties": {"id": 577, "slug": "hajduk-m", "canonical_name": "NK Hajduk (M)", "short_name": "Hajduk", "county": "Osječko-baranjska županija", "top_tier": 6, "top_league_name": "1. ŽNL (OBŽ)"}}, {"type": "Feature", "geometry": {"type": "Point", "coordinates": [18.2829035, 45.6659547]}, "properties": {"id": 565, "slug": "hajduk-p", "canonical_name": "NK Hajduk (P)", "short_name": "Hajduk", "county": "Osječko-baranjska županija", "top_tier": 6, "top_league_name": "1. ŽNL (OBŽ)"}}, {"type": "Feature", "geometry": {"type": "Point", "coordinates": [17.7428582, 45.2155603]}, "properties": {"id": 491, "slug": "hrvatski-dragovoljac-d", "canonical_name": "NK Hrvatski Dragovoljac (D)", "short_name": "Hrvatski", "county": "Požeško-slavonska županija", "top_tier": 6, "top_league_name": "1. ŽNL (PSŽ)"}}, {"type": "Feature", "geometry": {"type": "Point", "coordinates": [16.8061535, 45.7822225]}, "properties": {"id": 390, "slug": "ivanska", "canonical_name": "NK Ivanska", "short_name": "Ivanska", "county": "Bjelovarsko-bilogorska županija", "top_tier": 6, "top_league_name": "1. ŽNL (BBŽ)"}}, {"type": "Feature", "geometry": {"type": "Point", "coordinates": [16.6833364, 45.6425517]}, "properties": {"id": 147, "slug": "jelengrad", "canonical_name": "NK Jelengrad", "short_name": "Jelengrad", "county": "Sisačko-moslavačka županija", "top_tier": 6, "top_league_name": "1. ŽNL (SMŽ)"}}, {"type": "Feature", "geometry": {"type": "Point", "coordinates": [17.1133238, 46.024879]}, "properties": {"id": 337, "slug": "kalinovac", "canonical_name": "NK Kalinovac", "short_name": "Kalinovac", "county": "Koprivničko-križevačka županija", "top_tier": 6, "top_league_name": "Elitna ŽNL (KKŽ)"}}, {"type": "Feature", "geometry": {"type": "Point", "coordinates": [17.3890567, 45.6004418]}, "properties": {"id": 389, "slug": "kamen-s", "canonical_name": "NK Kamen (S)", "short_name": "Kamen", "county": "Bjelovarsko-bilogorska županija", "top_tier": 6, "top_league_name": "1. ŽNL (BBŽ)"}}, {"type": "Feature", "geometry": {"type": "Point", "coordinates": [17.7512009, 45.3291515]}, "properties": {"id": 488, "slug": "kuzmica", "canonical_name": "NK Kuzmica", "short_name": "Kuzmica", "top_tier": 6, "top_league_name": "1. ŽNL (PSŽ)"}}, {"type": "Feature", "geometry": {"type": "Point", "coordinates": [16.7758626, 45.8836448]}, "properties": {"id": 384, "slug": "lasta-g", "canonical_name": "NK Lasta (G)", "short_name": "Lasta", "county": "Bjelovarsko-bilogorska županija", "top_tier": 6, "top_league_name": "1. ŽNL (BBŽ)"}}, {"type": "Feature", "geometry": {"type": "Point", "coordinates": [16.5411178, 46.0352862]}, "properties": {"id": 345, "slug": "lipa", "canonical_name": "NK Lipa", "short_name": "Lipa", "county": "Koprivničko-križevačka županija", "top_tier": 6, "top_league_name": "1. ŽNL (KKŽ)"}}, {"type": "Feature", "geometry": {"type": "Point", "coordinates": [16.3235965, 45.8570797]}, "properties": {"id": 187, "slug": "lonja", "canonical_name": "NK Lonja", "short_name": "Lonja", "city": "Lonjica", "county": "Zagrebačka županija", "website": "https://ns-vrbovec.hr/", "top_tier": 6, "top_league_name": "Premier liga (Zagrebačka)"}}, {"type": "Feature", "geometry": {"type": "Point", "coordinates": [14.5036522, 44.5107254]}, "properties": {"id": 442, "slug": "losinj", "canonical_name": "NK Lošinj", "short_name": "Lošinj", "county": "Primorsko-goranska županija", "top_tier": 6, "top_league_name": "1. ŽNL (PGŽ)"}}, {"type": "Feature", "geometry": {"type": "Point", "coordinates": [15.9772101, 45.7289925]}, "properties": {"id": 275, "slug": "mala-mlaka", "canonical_name": "NK Mala Mlaka", "short_name": "Mala", "county": "Grad Zagreb", "fb_url": "https://www.facebook.com/pages/Example-Account/197494372329", "ig_url": "https://www.instagram.com/exampleprofilelink/", "x_url": "https://www.twitter.com/examplename", "top_tier": 6, "top_league_name": "1. Zagrebačka NL (Grad Zagreb)"}}, {"type": "Feature", "geometry": {"type": "Point", "coordinates": [16.3806297, 45.4580678]}, "properties": {"id": 139, "slug": "metalac-m", "canonical_name": "NK Metalac (M)", "short_name": "Metalac", "county": "Sisačko-moslavačka županija", "top_tier": 6, "top_league_name": "1. ŽNL (SMŽ)"}}, {"type": "Feature", "geometry": {"type": "Point", "coordinates": [16.8548029, 46.156267]}, "properties": {"id": 336, "slug": "miklinovec", "canonical_name": "NK Miklinovec", "short_name": "Miklinovec", "county": "Koprivničko-križevačka županija", "top_tier": 6, "top_league_name": "Elitna ŽNL (KKŽ)"}}, {"type": "Feature", "geometry": {"type": "Point", "coordinates": [18.8499196, 45.3080923]}, "properties": {"id": 537, "slug": "mladost-c", "canonical_name": "NK Mladost (C)", "short_name": "Mladost", "county": "Vukovarsko-srijemska županija", "top_tier": 6, "top_league_name": "1. ŽNL (VSŽ)"}}, {"type": "Feature", "geometry": {"type": "Point", "coordinates": [16.4223776, 46.3915241]}, "properties": {"id": 580, "slug": "mladost-d", "canonical_name": "NK Mladost (D)", "short_name": "Mladost", "county": "Međimurska županija", "top_tier": 6, "top_league_name": "1. ŽNL (OBŽ)"}}, {"type": "Feature", "geometry": {"type": "Point", "coordinates": [16.1204646, 46.0008045]}, "properties": {"id": 238, "slug": "mladost-kd", "canonical_name": "NK Mladost (KD)", "short_name": "Mladost", "city": "Marija Bistrica", "county": "Zagrebačka županija", "website": "https://nskzz.hr/nogomet/klubovi/nk-mladost-mb/", "address": "Zagrebačka 13 A, 49246 Marija Bistrica", "x_url": "http://twitter.com/share?text=NK%20Mladost%20MB&url=https%3A%2F%2Fnskzz.hr%2Fnogomet%2Fklubovi%2Fnk-mladost-mb%2F", "top_tier": 6, "top_league_name": "J1. ŽNL  (Zagrebačka)"}}, {"type": "Feature", "geometry": {"type": "Point", "coordinates": [16.1204646, 46.0008045]}, "properties": {"id": 232, "slug": "mladost-oks", "canonical_name": "NK Mladost (OKS)", "short_name": "Mladost", "city": "Marija Bistrica", "county": "Zagrebačka županija", "website": "https://nskzz.hr/nogomet/klubovi/nk-mladost-mb/", "address": "Zagrebačka 13 A, 49246 Marija Bistrica", "x_url": "http://twitter.com/share?text=NK%20Mladost%20MB&url=https%3A%2F%2Fnskzz.hr%2Fnogomet%2Fklubovi%2Fnk-mladost-mb%2F", "top_tier": 6, "top_league_name": "J1. ŽNL  (Zagrebačka)"}}, {"type": "Feature", "geometry": {"type": "Point", "coordinates": [16.4623215, 43.5177436]}, "properties": {"id": 672, "slug": "mladost-p", "canonical_name": "NK Mladost (P)", "short_name": "Mladost", "county": "Splitsko-dalmatinska županija", "top_tier": 6, "top_league_name": "1. ŽNL (VSŽ)"}}, {"type": "Feature", "geometry": {"type": "Point", "coordinates": [15.989185, 45.7495569]}, "properties": {"id": 263, "slug": "mladost-buzin", "canonical_name": "NK Mladost - Buzin", "short_name": "Mladost", "city": "Zagreb", "county": "Grad Zagreb", "website": "https://www.nk-mladost-buzin.hr", "email": "nk-mladost-buzin@zg.t-com.hr", "phone": "091/4608-001", "address": "Ulica Mladosti I. odvojak 3, HR-10010 Zagreb", "president": "Mario Ban", "top_tier": 6, "top_league_name": "1. Zagrebačka NL (Grad Zagreb)"}}, {"type": "Feature", "geometry": {"type": "Point", "coordinates": [16.1193341, 46.0029999]}, "properties": {"id": 249, "slug": "mladost-marija-bistrica", "canonical_name": "NK Mladost Marija Bistrica", "short_name": "Mladost", "county": "Krapinsko-zagorska županija", "top_tier": 6, "top_league_name": "1. ŽNL (KZŽ)"}}, {"type": "Feature", "geometry": {"type": "Point", "coordinates": [16.1091522, 45.7704366]}, "properties": {"id": 235, "slug": "mladost-obrezina", "canonical_name": "NK Mladost Obrezina", "short_name": "Mladost", "city": "Obrezina", "county": "Zagrebačka županija", "founded_year": 1934, "website": "https://ns-vrbovec.hr/", "phone": "095 594 9347", "president": "Marijo Treščec", "top_tier": 6, "top_league_name": "J1. ŽNL  (Zagrebačka)"}}, {"type": "Feature", "geometry": {"type": "Point", "coordinates": [15.7498517, 43.755071]}, "properties": {"id": 666, "slug": "mladost-tribunj", "canonical_name": "NK Mladost Tribunj", "short_name": "Mladost", "county": "Šibensko-kninska županija", "top_tier": 6, "top_league_name": "1. ŽNL (ŠKŽ)"}}, {"type": "Feature", "geometry": {"type": "Point", "coordinates": [18.0202521, 45.4943318]}, "properties": {"id": 586, "slug": "moticina", "canonical_name": "NK Motičina", "short_name": "Motičina", "county": "Osječko-baranjska županija", "top_tier": 6, "top_league_name": "1. ŽNL (OBŽ)"}}, {"type": "Feature", "geometry": {"type": "Point", "coordinates": [16.7812615, 46.1758965]}, "properties": {"id": 343, "slug": "mocile", "canonical_name": "NK Močile", "short_name": "Močile", "county": "Koprivničko-križevačka županija", "top_tier": 6, "top_league_name": "1. ŽNL (KKŽ)"}}, {"type": "Feature", "geometry": {"type": "Point", "coordinates": [14.1659501, 45.4583249]}, "properties": {"id": 439, "slug": "mune", "canonical_name": "NK Mune", "short_name": "Mune", "county": "Primorsko-goranska županija", "top_tier": 6, "top_league_name": "1. ŽNL (PGŽ)"}}, {"type": "Feature", "geometry": {"type": "Point", "coordinates": [18.9972584, 45.2782306]}, "properties": {"id": 673, "slug": "negoslavci", "canonical_name": "NK Negoslavci", "short_name": "Negoslavci", "county": "Vukovarsko-srijemska županija", "top_tier": 6, "top_league_name": "1. ŽNL (VSŽ)"}}, {"type": "Feature", "geometry": {"type": "Point", "coordinates": [18.7328197, 45.5549963]}, "properties": {"id": 587, "slug": "olimpija", "canonical_name": "NK Olimpija", "short_name": "Olimpija", "top_tier": 6, "top_league_name": "1. ŽNL (OBŽ)"}}, {"type": "Feature", "geometry": {"type": "Point", "coordinates": [18.2331332, 45.5445304]}, "properties": {"id": 583, "slug": "omladinac-j", "canonical_name": "NK Omladinac (J)", "short_name": "Omladinac", "county": "Osječko-baranjska županija", "top_tier": 6, "top_league_name": "1. ŽNL (OBŽ)"}}, {"type": "Feature", "geometry": {"type": "Point", "coordinates": [18.2331332, 45.5445304]}, "properties": {"id": 584, "slug": "omladinac-p", "canonical_name": "NK Omladinac (P)", "short_name": "Omladinac", "county": "Osječko-baranjska županija", "top_tier": 6, "top_league_name": "1. ŽNL (OBŽ)"}}, {"type": "Feature", "geometry": {"type": "Point", "coordinates": [18.2331332, 45.5445304]}, "properties": {"id": 445, "slug": "omladinac-v", "canonical_name": "NK Omladinac (V)", "short_name": "Omladinac", "county": "Osječko-baranjska županija", "top_tier": 6, "top_league_name": "1. ŽNL (PGŽ)"}}, {"type": "Feature", "geometry": {"type": "Point", "coordinates": [17.5936376, 45.8069615]}, "properties": {"id": 465, "slug": "oresac", "canonical_name": "NK Orešac", "short_name": "Orešac", "county": "Virovitičko-podravska županija", "top_tier": 6, "top_league_name": "1. ŽNL (VPŽ)"}}, {"type": "Feature", "geometry": {"type": "Point", "coordinates": [15.9144491, 45.9962496]}, "properties": {"id": 241, "slug": "oroslavje", "canonical_name": "NK Oroslavje", "short_name": "Oroslavje", "county": "Krapinsko-zagorska županija", "top_tier": 6, "top_league_name": "1. ŽNL (KZŽ)"}}, {"type": "Feature", "geometry": {"type": "Point", "coordinates": [15.5060948, 43.9082721]}, "properties": {"id": 562, "slug": "pakostane", "canonical_name": "NK Pakoštane", "short_name": "Pakoštane", "county": "Zadarska županija", "top_tier": 6, "top_league_name": "1. ŽNL (Zadarska)"}}, {"type": "Feature", "geometry": {"type": "Point", "coordinates": [17.6033384, 45.5223931]}, "properties": {"id": 486, "slug": "papuk-v", "canonical_name": "NK Papuk (V)", "short_name": "Papuk", "county": "Požeško-slavonska županija", "top_tier": 6, "top_league_name": "1. ŽNL (PSŽ)"}}, {"type": "Feature", "geometry": {"type": "Point", "coordinates": [18.0091865, 45.223028]}, "properties": {"id": 550, "slug": "podcrkavlje", "canonical_name": "NK Podcrkavlje", "short_name": "Podcrkavlje", "county": "Brodsko-posavska županija", "top_tier": 6, "top_league_name": "1. ŽNL (BPŽ)"}}, {"type": "Feature", "geometry": {"type": "Point", "coordinates": [17.3452729, 45.8249182]}, "properties": {"id": 464, "slug": "podgorje", "canonical_name": "NK Podgorje", "short_name": "Podgorje", "county": "Virovitičko-podravska županija", "top_tier": 6, "top_league_name": "1. ŽNL (VPŽ)"}}, {"type": "Feature", "geometry": {"type": "Point", "coordinates": [15.5013495, 44.0283367]}, "properties": {"id": 572, "slug": "polaca", "canonical_name": "NK Polača", "short_name": "Polača", "county": "Zadarska županija", "top_tier": 6, "top_league_name": "1. ŽNL (Zadarska)"}}, {"type": "Feature", "geometry": {"type": "Point", "coordinates": [16.1155059, 45.6338246]}, "properties": {"id": 188, "slug": "polet-bu", "canonical_name": "NK Polet (BU)", "short_name": "Polet", "county": "Zagrebačka županija", "top_tier": 6, "top_league_name": "Premier liga (Zagrebačka)"}}, {"type": "Feature", "geometry": {"type": "Point", "coordinates": [17.8969991, 45.1093348]}, "properties": {"id": 553, "slug": "posavac-d", "canonical_name": "NK Posavac (D)", "short_name": "Posavac", "county": "Brodsko-posavska županija", "top_tier": 6, "top_league_name": "1. ŽNL (BPŽ)"}}, {"type": "Feature", "geometry": {"type": "Point", "coordinates": [17.6765332, 45.3310723]}, "properties": {"id": 489, "slug": "pozega", "canonical_name": "NK Požega", "short_name": "Požega", "top_tier": 6, "top_league_name": "1. ŽNL (PSŽ)"}}, {"type": "Feature", "geometry": {"type": "Point", "coordinates": [15.7523888, 46.1627282]}, "properties": {"id": 242, "slug": "pregrada", "canonical_name": "NK Pregrada", "short_name": "Pregrada", "county": "Krapinsko-zagorska županija", "top_tier": 6, "top_league_name": "1. ŽNL (KZŽ)"}}, {"type": "Feature", "geometry": {"type": "Point", "coordinates": [15.5320867, 45.6628615]}, "properties": {"id": 228, "slug": "pribic", "canonical_name": "NK Pribić", "short_name": "Pribić", "top_tier": 6, "top_league_name": "J1. ŽNL  (Zagrebačka)"}}, {"type": "Feature", "geometry": {"type": "Point", "coordinates": [16.1602724, 45.8699451]}, "properties": {"id": 264, "slug": "prigorje-m", "canonical_name": "NK Prigorje (M)", "short_name": "Prigorje", "county": "Grad Zagreb", "top_tier": 6, "top_league_name": "1. Zagrebačka NL (Grad Zagreb)"}}, {"type": "Feature", "geometry": {"type": "Point", "coordinates": [16.1602724, 45.8699451]}, "properties": {"id": 265, "slug": "prigorje-z", "canonical_name": "NK Prigorje (Ž)", "short_name": "Prigorje", "county": "Grad Zagreb", "top_tier": 6, "top_league_name": "1. Zagrebačka NL (Grad Zagreb)"}}, {"type": "Feature", "geometry": {"type": "Point", "coordinates": [17.1202283, 45.9699075]}, "properties": {"id": 340, "slug": "prugovac", "canonical_name": "NK Prugovac", "short_name": "Prugovac", "county": "Koprivničko-križevačka županija", "top_tier": 6, "top_league_name": "Elitna ŽNL (KKŽ)"}}, {"type": "Feature", "geometry": {"type": "Point", "coordinates": [15.7890679, 45.8884609]}, "properties": {"id": 227, "slug": "pusca", "canonical_name": "NK Pušća", "short_name": "Pušća", "city": "Pušća", "county": "Zagrebačka županija", "founded_year": 1947, "website": "https://www.pusca.hr/", "top_tier": 6, "top_league_name": "J1. ŽNL  (Zagrebačka)"}}, {"type": "Feature", "geometry": {"type": "Point", "coordinates": [14.7607367, 44.7562894]}, "properties": {"id": 437, "slug": "rab", "canonical_name": "NK Rab", "short_name": "Rab", "county": "Primorsko-goranska županija", "top_tier": 6, "top_league_name": "1. ŽNL (PGŽ)"}}, {"type": "Feature", "geometry": {"type": "Point", "coordinates": [15.9218192, 46.1661371]}, "properties": {"id": 244, "slug": "radoboj", "canonical_name": "NK Radoboj", "short_name": "Radoboj", "county": "Krapinsko-zagorska županija", "top_tier": 6, "top_league_name": "1. ŽNL (KZŽ)"}}, {"type": "Feature", "geometry": {"type": "Point", "coordinates": [17.4208426, 45.8040746]}, "properties": {"id": 459, "slug": "rezovac", "canonical_name": "NK Rezovac", "short_name": "Rezovac", "county": "Virovitičko-podravska županija", "top_tier": 6, "top_league_name": "1. ŽNL (VPŽ)"}}, {"type": "Feature", "geometry": {"type": "Point", "coordinates": [18.3792171, 45.3234294]}, "properties": {"id": 387, "slug": "ribar-k", "canonical_name": "NK Ribar (K)", "short_name": "Ribar", "county": "Osječko-baranjska županija", "top_tier": 6, "top_league_name": "1. ŽNL (BBŽ)"}}, {"type": "Feature", "geometry": {"type": "Point", "coordinates": [14.4195471, 45.337146]}, "properties": {"id": 443, "slug": "rikard-bencic", "canonical_name": "NK Rikard Benčić", "short_name": "Rikard", "county": "Primorsko-goranska županija", "top_tier": 6, "top_league_name": "1. ŽNL (PGŽ)"}}, {"type": "Feature", "geometry": {"type": "Point", "coordinates": [14.4402939, 45.3748382]}, "properties": {"id": 436, "slug": "rjecina", "canonical_name": "NK Rječina", "short_name": "Rječina", "county": "Primorsko-goranska županija", "top_tier": 6, "top_league_name": "1. ŽNL (PGŽ)"}}, {"type": "Feature", "geometry": {"type": "Point", "coordinates": [16.7317296, 45.9461086]}, "properties": {"id": 388, "slug": "rovisce", "canonical_name": "NK Rovišće", "short_name": "Rovišće", "county": "Bjelovarsko-bilogorska županija", "top_tier": 6, "top_league_name": "1. ŽNL (BBŽ)"}}, {"type": "Feature", "geometry": {"type": "Point", "coordinates": [15.2702057, 44.0991718]}, "properties": {"id": 563, "slug": "sabunjar", "canonical_name": "NK Sabunjar", "short_name": "Sabunjar", "county": "Zadarska županija", "top_tier": 6, "top_league_name": "1. ŽNL (Zadarska)"}}, {"type": "Feature", "geometry": {"type": "Point", "coordinates": [15.9694483, 45.7154465]}, "properties": {"id": 190, "slug": "sava-d", "canonical_name": "NK Sava (D)", "short_name": "Sava", "county": "Zagrebačka županija", "top_tier": 6, "top_league_name": "Premier liga (Zagrebačka)"}}, {"type": "Feature", "geometry": {"type": "Point", "coordinates": [15.9479233, 45.7854222]}, "properties": {"id": 261, "slug": "sava-z", "canonical_name": "NK Sava (Z)", "short_name": "Sava", "county": "Grad Zagreb", "top_tier": 6, "top_league_name": "1. Zagrebačka NL (Grad Zagreb)"}}, {"type": "Feature", "geometry": {"type": "Point", "coordinates": [18.9566069, 45.1518185]}, "properties": {"id": 670, "slug": "slavonac-g", "canonical_name": "NK Slavonac (G)", "short_name": "Slavonac", "county": "Vukovarsko-srijemska županija", "top_tier": 6, "top_league_name": "1. ŽNL (VSŽ)"}}, {"type": "Feature", "geometry": {"type": "Point", "coordinates": [18.9566069, 45.1518185]}, "properties": {"id": 674, "slug": "slavonac-k", "canonical_name": "NK Slavonac (K)", "short_name": "Slavonac", "county": "Vukovarsko-srijemska županija", "top_tier": 6, "top_league_name": "1. ŽNL (VSŽ)"}}, {"type": "Feature", "geometry": {"type": "Point", "coordinates": [18.4109122, 45.6634147]}, "properties": {"id": 582, "slug": "slavonac-t", "canonical_name": "NK Slavonac (T)", "short_name": "Slavonac", "county": "Osječko-baranjska županija", "top_tier": 6, "top_league_name": "1. ŽNL (OBŽ)"}}, {"type": "Feature", "geometry": {"type": "Point", "coordinates": [17.92916, 45.1617816]}, "properties": {"id": 559, "slug": "slobodnica", "canonical_name": "NK Slobodnica", "short_name": "Slobodnica", "county": "Brodsko-posavska županija", "top_tier": 6, "top_league_name": "1. ŽNL (BPŽ)"}}, {"type": "Feature", "geometry": {"type": "Point", "coordinates": [16.8511409, 46.2956846]}, "properties": {"id": 342, "slug": "sloga", "canonical_name": "NK Sloga", "short_name": "Sloga", "county": "Koprivničko-križevačka županija", "top_tier": 6, "top_league_name": "1. ŽNL (KKŽ)"}}, {"type": "Feature", "geometry": {"type": "Point", "coordinates": [18.9797252, 45.4032082]}, "properties": {"id": 392, "slug": "sloga-b", "canonical_name": "NK Sloga (B)", "short_name": "Sloga", "county": "Vukovarsko-srijemska županija", "top_tier": 6, "top_league_name": "1. ŽNL (VSŽ)"}}, {"type": "Feature", "geometry": {"type": "Point", "coordinates": [15.5849719, 45.1144854]}, "properties": {"id": 295, "slug": "slunj", "canonical_name": "NK Slunj", "short_name": "Slunj", "top_tier": 6, "top_league_name": "1. ŽNL (Karlovačka)"}}, {"type": "Feature", "geometry": {"type": "Point", "coordinates": [16.580645, 45.6094159]}, "properties": {"id": 144, "slug": "sokol-l", "canonical_name": "NK Sokol (L)", "short_name": "Sokol", "county": "Sisačko-moslavačka županija", "top_tier": 6, "top_league_name": "1. ŽNL (SMŽ)"}}, {"type": "Feature", "geometry": {"type": "Point", "coordinates": [18.7517526, 45.232118]}, "properties": {"id": 680, "slug": "sremac-i", "canonical_name": "NK Sremac (I)", "short_name": "Sremac", "county": "Vukovarsko-srijemska županija", "top_tier": 6, "top_league_name": "1. ŽNL (VSŽ)"}}, {"type": "Feature", "geometry": {"type": "Point", "coordinates": [14.4444138, 45.3272745]}, "properties": {"id": 433, "slug": "stari-grad-rijeka", "canonical_name": "NK Stari grad Rijeka", "short_name": "Stari", "county": "Primorsko-goranska županija", "top_tier": 6, "top_league_name": "1. ŽNL (PGŽ)"}}, {"type": "Feature", "geometry": {"type": "Point", "coordinates": [16.810618, 46.1373067]}, "properties": {"id": 344, "slug": "starigrad", "canonical_name": "NK Starigrad", "short_name": "Starigrad", "county": "Koprivničko-križevačka županija", "top_tier": 6, "top_league_name": "1. ŽNL (KKŽ)"}}, {"type": "Feature", "geometry": {"type": "Point", "coordinates": [15.4094362, 45.4597883]}, "properties": {"id": 246, "slug": "straza", "canonical_name": "NK Straža", "short_name": "Straža", "top_tier": 6, "top_league_name": "1. ŽNL (KZŽ)"}}, {"type": "Feature", "geometry": {"type": "Point", "coordinates": [15.7867626, 45.810606]}, "properties": {"id": 200, "slug": "strmec", "canonical_name": "NK Strmec", "short_name": "Strmec", "county": "Zagrebačka županija", "website": "https://nk-strmec.hr/index.htm", "email": "nk-strmec@bedenica.hr", "phone": "01/2064-327", "top_tier": 6, "top_league_name": "Premier liga (Zagrebačka)"}}, {"type": "Feature", "geometry": {"type": "Point", "coordinates": [15.9722428, 45.9801727]}, "properties": {"id": 240, "slug": "stubica", "canonical_name": "NK Stubica", "short_name": "Stubica", "county": "Krapinsko-zagorska županija", "top_tier": 6, "top_league_name": "1. ŽNL (KZŽ)"}}, {"type": "Feature", "geometry": {"type": "Point", "coordinates": [16.060935, 45.8339207]}, "properties": {"id": 272, "slug": "studentski-grad", "canonical_name": "NK Studentski Grad", "short_name": "Studentski", "city": "Zagreb", "county": "Grad Zagreb", "phone": "091 / 2864 - 342", "address": "Gjure Prejca 4, 10 040 Zagreb", "top_tier": 6, "top_league_name": "1. Zagrebačka NL (Grad Zagreb)"}}, {"type": "Feature", "geometry": {"type": "Point", "coordinates": [16.9041385, 45.9800051]}, "properties": {"id": 333, "slug": "tomislav-d", "canonical_name": "NK Tomislav (Đ)", "short_name": "Tomislav", "county": "Bjelovarsko-bilogorska županija", "top_tier": 6, "top_league_name": "Elitna ŽNL (KKŽ)"}}, {"type": "Feature", "geometry": {"type": "Point", "coordinates": [18.6153058, 45.5275454]}, "properties": {"id": 574, "slug": "tomislav-livana", "canonical_name": "NK Tomislav - Livana", "short_name": "Tomislav", "top_tier": 6, "top_league_name": "1. ŽNL (OBŽ)"}}, {"type": "Feature", "geometry": {"type": "Point", "coordinates": [16.6020096, 45.9434108]}, "properties": {"id": 332, "slug": "tomislav-radnik", "canonical_name": "NK Tomislav Radnik", "short_name": "Tomislav", "county": "Koprivničko-križevačka županija", "top_tier": 6, "top_league_name": "Elitna ŽNL (KKŽ)"}}, {"type": "Feature", "geometry": {"type": "Point", "coordinates": [14.4025424, 45.3349954]}, "properties": {"id": 581, "slug": "torpedo-k", "canonical_name": "NK Torpedo (K)", "short_name": "Torpedo", "top_tier": 6, "top_league_name": "1. ŽNL (OBŽ)"}}, {"type": "Feature", "geometry": {"type": "Point", "coordinates": [16.7698507, 45.7856351]}, "properties": {"id": 391, "slug": "trnski", "canonical_name": "NK Trnski", "short_name": "Trnski", "county": "Bjelovarsko-bilogorska županija", "top_tier": 6, "top_league_name": "1. ŽNL (BBŽ)"}}, {"type": "Feature", "geometry": {"type": "Point", "coordinates": [16.1402032, 45.6491798]}, "properties": {"id": 236, "slug": "turopolje", "canonical_name": "NK Turopolje", "short_name": "Turopolje", "top_tier": 6, "top_league_name": "J1. ŽNL  (Zagrebačka)"}}, {"type": "Feature", "geometry": {"type": "Point", "coordinates": [16.4333716, 45.4574911]}, "properties": {"id": 149, "slug": "tsk-1932", "canonical_name": "NK TŠK - 1932", "short_name": "TŠK", "county": "Sisačko-moslavačka županija", "top_tier": 6, "top_league_name": "1. ŽNL (SMŽ)"}}, {"type": "Feature", "geometry": {"type": "Point", "coordinates": [16.0300097, 45.7359614]}, "properties": {"id": 230, "slug": "velika-mlaka-1947", "canonical_name": "NK Velika Mlaka 1947", "short_name": "Velika", "city": "Velika Mlaka", "county": "Zagrebačka županija", "founded_year": 1947, "website": "https://nkvelikamlaka1947.hr/", "top_tier": 6, "top_league_name": "J1. ŽNL  (Zagrebačka)"}}, {"type": "Feature", "geometry": {"type": "Point", "coordinates": [16.594442, 46.0658186]}, "properties": {"id": 353, "slug": "viktorija", "canonical_name": "NK Viktorija", "short_name": "Viktorija", "county": "Koprivničko-križevačka županija", "top_tier": 6, "top_league_name": "1. ŽNL (KKŽ)"}}, {"type": "Feature", "geometry": {"type": "Point", "coordinates": [18.0637352, 45.7514957]}, "properties": {"id": 578, "slug": "viljevo", "canonical_name": "NK Viljevo", "short_name": "Viljevo", "county": "Osječko-baranjska županija", "top_tier": 6, "top_league_name": "1. ŽNL (OBŽ)"}}, {"type": "Feature", "geometry": {"type": "Point", "coordinates": [16.669142, 45.5503955]}, "properties": {"id": 141, "slug": "voloder", "canonical_name": "NK Voloder", "short_name": "Voloder", "county": "Sisačko-moslavačka županija", "top_tier": 6, "top_league_name": "1. ŽNL (SMŽ)"}}, {"type": "Feature", "geometry": {"type": "Point", "coordinates": [18.9279039, 44.9821315]}, "properties": {"id": 675, "slug": "vrbanja", "canonical_name": "NK Vrbanja", "short_name": "Vrbanja", "county": "Vukovarsko-srijemska županija", "top_tier": 6, "top_league_name": "1. ŽNL (VSŽ)"}}, {"type": "Feature", "geometry": {"type": "Point", "coordinates": [15.0781121, 45.3740037]}, "properties": {"id": 435, "slug": "vrbovsko", "canonical_name": "NK Vrbovsko", "short_name": "Vrbovsko", "county": "Primorsko-goranska županija", "top_tier": 6, "top_league_name": "1. ŽNL (PGŽ)"}}, {"type": "Feature", "geometry": {"type": "Point", "coordinates": [15.3627802, 45.6264661]}, "properties": {"id": 296, "slug": "vrlovka", "canonical_name": "NK Vrlovka", "short_name": "Vrlovka", "county": "Karlovačka županija", "top_tier": 6, "top_league_name": "1. ŽNL (Karlovačka)"}}, {"type": "Feature", "geometry": {"type": "Point", "coordinates": [16.0005029, 45.7787761]}, "properties": {"id": 266, "slug": "zet", "canonical_name": "NK ZET", "short_name": "ZET", "county": "Grad Zagreb", "fb_url": "https://www.facebook.com/nkzet1927/about/", "top_tier": 6, "top_league_name": "1. Zagrebačka NL (Grad Zagreb)"}}, {"type": "Feature", "geometry": {"type": "Point", "coordinates": [15.868475, 46.1632492]}, "properties": {"id": 248, "slug": "zagorec-vt", "canonical_name": "NK Zagorec (VT)", "short_name": "Zagorec", "county": "Krapinsko-zagorska županija", "top_tier": 6, "top_league_name": "1. ŽNL (KZŽ)"}}, {"type": "Feature", "geometry": {"type": "Point", "coordinates": [16.1096319, 45.7516896]}, "properties": {"id": 197, "slug": "zrinski", "canonical_name": "NK Zrinski", "short_name": "Zrinski", "county": "Zagrebačka županija", "top_tier": 6, "top_league_name": "Premier liga (Zagrebačka)"}}, {"type": "Feature", "geometry": {"type": "Point", "coordinates": [18.0872305, 42.6581764]}, "properties": {"id": 677, "slug": "zrinski-b", "canonical_name": "NK Zrinski (B)", "short_name": "Zrinski", "top_tier": 6, "top_league_name": "1. ŽNL (VSŽ)"}}, {"type": "Feature", "geometry": {"type": "Point", "coordinates": [18.1177481, 45.165308]}, "properties": {"id": 560, "slug": "zvonimir", "canonical_name": "NK Zvonimir", "short_name": "Zvonimir", "county": "Brodsko-posavska županija", "top_tier": 6, "top_league_name": "1. ŽNL (BPŽ)"}}, {"type": "Feature", "geometry": {"type": "Point", "coordinates": [15.4526013, 44.0910318]}, "properties": {"id": 570, "slug": "skabrnja-91", "canonical_name": "NK Škabrnja '91", "short_name": "Škabrnja", "county": "Zadarska županija", "top_tier": 6, "top_league_name": "1. ŽNL (Zadarska)"}}, {"type": "Feature", "geometry": {"type": "Point", "coordinates": [18.0320121, 45.5883247]}, "properties": {"id": 681, "slug": "sokadija-bg", "canonical_name": "NK Šokadija (BG)", "short_name": "Šokadija", "top_tier": 6, "top_league_name": "1. ŽNL (VSŽ)"}}, {"type": "Feature", "geometry": {"type": "Point", "coordinates": [15.9111518, 45.8043458]}, "properties": {"id": 270, "slug": "sparta-z", "canonical_name": "NK Šparta (Z)", "short_name": "Šparta", "county": "Grad Zagreb", "fb_url": "https://www.facebook.com/sparta1913/?locale=hr_HR", "top_tier": 6, "top_league_name": "1. Zagrebačka NL (Grad Zagreb)"}}, {"type": "Feature", "geometry": {"type": "Point", "coordinates": [16.3877362, 45.4762585]}, "properties": {"id": 136, "slug": "snk-frankopan", "canonical_name": "ŠNK Frankopan", "short_name": "Frankopan", "county": "Sisačko-moslavačka županija", "top_tier": 6, "top_league_name": "1. ŽNL (SMŽ)"}}, {"type": "Feature", "geometry": {"type": "Point", "coordinates": [18.7437649, 45.6039828]}, "properties": {"id": 601, "slug": "bilje", "canonical_name": "HNK Bilje", "short_name": "Bilje", "county": "Osječko-baranjska županija", "top_tier": 7, "top_league_name": "2. ŽNL Beli Manastir (OBŽ)"}}, {"type": "Feature", "geometry": {"type": "Point", "coordinates": [17.1241851, 45.4248055]}, "properties": {"id": 500, "slug": "dobrovac", "canonical_name": "HNK Dobrovac", "short_name": "Dobrovac", "city": "Lipik", "county": "Požeško-slavonska županija", "website": "https://lipik.hr/udruge/udruge-u-sportu/nogometni-klub-dobrovac/", "email": "mladen.dolic@podravka.hr", "phone": "+385 98 207 024", "address": "Stjepana Radića BB, Dobrovac, 34551 Lipik", "president": "Mladen Dolić", "top_tier": 7, "top_league_name": "2. ŽNL (PSŽ)"}}, {"type": "Feature", "geometry": {"type": "Point", "coordinates": [19.1693608, 45.2663039]}, "properties": {"id": 698, "slug": "dunav", "canonical_name": "HNK Dunav", "short_name": "Dunav", "city": "Sotin", "county": "Vukovarsko-srijemska županija", "website": "https://nkdunav-sotin.hr", "address": "Ul. bana Josipa Jelačića 27B, 32000, Sotin", "top_tier": 7, "top_league_name": "2. ŽNL VU (VSŽ)"}}, {"type": "Feature", "geometry": {"type": "Point", "coordinates": [15.3624484, 45.0809602]}, "properties": {"id": 303, "slug": "plaski", "canonical_name": "HNK Plaški", "short_name": "Plaški", "city": "Plaški", "county": "Karlovačka županija", "founded_year": 2000, "stadium_name": "NK Partizan", "website": "https://hnk-plaski.hr/", "phone": "098/337-348", "address": "143. Domobranske pukovnije 0, PLAŠKI", "president": "ILIJA ŠUPICA", "top_tier": 7, "top_league_name": "2. ŽNL (Karlovačka)"}}, {"type": "Feature", "geometry": {"type": "Point", "coordinates": [19.0025086, 45.3508957]}, "properties": {"id": 696, "slug": "radnicki-v", "canonical_name": "HNK Radnički (V)", "short_name": "Radnički", "city": "Vukovar", "county": "Vukovarsko-srijemska županija", "email": "admin@hnk-radnicki-vukovar.hr", "phone": "032 432 292", "address": "Kolodvorska ul. 2, 32000 Vukovar", "top_tier": 7, "top_league_name": "2. ŽNL VU (VSŽ)"}}, {"type": "Feature", "geometry": {"type": "Point", "coordinates": [16.0583506, 45.7111627]}, "properties": {"id": 214, "slug": "farkas", "canonical_name": "NK \"FARKAŠ\"", "short_name": "\"FARKAŠ\"", "city": "Velika Gorica", "county": "Zagrebačka županija", "website": "http://www.nszz.hr/", "phone": "6528 173", "address": "Marina Getaldića 3, 10410 Velika Gorica", "top_tier": 7, "top_league_name": "2. ŽNL - Istok (Zagrebačka)"}}, {"type": "Feature", "geometry": {"type": "Point", "coordinates": [17.8848865, 45.182209]}, "properties": {"id": 173, "slug": "ask", "canonical_name": "NK ASK", "short_name": "ASK", "county": "Brodsko-posavska županija", "top_tier": 7, "top_league_name": "2. ŽNL - NS Sisak (SMŽ)"}}, {"type": "Feature", "geometry": {"type": "Point", "coordinates": [18.6181151, 45.8306144]}, "properties": {"id": 605, "slug": "belje", "canonical_name": "NK Belje", "short_name": "Belje", "county": "Osječko-baranjska županija", "fb_url": "https://www.facebook.com/nkbeljeofficialpage/?locale=hr_HR", "top_tier": 7, "top_league_name": "2. ŽNL Beli Manastir (OBŽ)"}}, {"type": "Feature", "geometry": {"type": "Point", "coordinates": [18.1794173, 45.6380378]}, "properties": {"id": 648, "slug": "benicanci", "canonical_name": "NK Beničanci", "short_name": "Beničanci", "county": "Osječko-baranjska županija", "fb_url": "https://www.facebook.com/Benicanci/", "top_tier": 7, "top_league_name": "2. ŽNL Donji Miholjac (OBŽ)"}}, {"type": "Feature", "geometry": {"type": "Point", "coordinates": [18.9099839, 44.9172329]}, "properties": {"id": 682, "slug": "borac-r", "canonical_name": "NK Borac (R)", "short_name": "Borac", "city": "Bakar", "county": "Vukovarsko-srijemska županija", "email": "nogometni.klub.borac@ri.t-com.hr", "phone": "051 761-599", "address": "Primorje 39, 51222 Bakar, Hrvatska/Croatia", "fb_url": "https://www.facebook.com/pages/NK-Borac/153712657995854", "president": "Milan Rončević", "top_tier": 7, "top_league_name": "2. ŽNL VK (VSŽ)"}}, {"type": "Feature", "geometry": {"type": "Point", "coordinates": [18.7638674, 45.3077669]}, "properties": {"id": 683, "slug": "borinci", "canonical_name": "NK Borinci", "short_name": "Borinci", "city": "Jarmina", "founded_year": 1949, "website": "https://semafor.hns.family/klubovi/40240/nk-borinci/", "address": "A. Šenoe 5 a, 32280 Jarmina", "top_tier": 7, "top_league_name": "2. ŽNL VK (VSŽ)"}}, {"type": "Feature", "geometry": {"type": "Point", "coordinates": [18.2688263, 45.7117578]}, "properties": {"id": 645, "slug": "bockinci", "canonical_name": "NK Bočkinci", "short_name": "Bočkinci", "county": "Osječko-baranjska županija", "fb_url": "https://www.facebook.com/nkbockinci/?locale=hr_HR", "top_tier": 7, "top_league_name": "2. ŽNL Donji Miholjac (OBŽ)"}}, {"type": "Feature", "geometry": {"type": "Point", "coordinates": [16.3077649, 45.8269667]}, "properties": {"id": 217, "slug": "brcko", "canonical_name": "NK Brcko", "short_name": "Brcko", "city": "Brckovljani", "stadium_name": "Stadion NK Brcko", "website": "https://www.dugoselski-sport.hr/index.php", "phone": "01 2753 419, 01 2753 012", "fb_url": "https://www.facebook.com/dugoselskakronika", "ig_url": "https://www.instagram.com/dugoselskakronika/?utm_source=ig_web_button_share_sheet&igshid=OGQ5ZDc2ODk2ZA%3D%3D", "president": "Josip Škara", "top_tier": 7, "top_league_name": "2. ŽNL - Istok (Zagrebačka)"}}, {"type": "Feature", "geometry": {"type": "Point", "coordinates": [17.9925026, 45.1728049]}, "properties": {"id": 511, "slug": "budainka-kolonija", "canonical_name": "NK Budainka Kolonija", "short_name": "Budainka", "county": "Brodsko-posavska županija", "top_tier": 7, "top_league_name": "2. ŽNL Istok (BPŽ)"}}, {"type": "Feature", "geometry": {"type": "Point", "coordinates": [17.3580552, 45.8994698]}, "properties": {"id": 475, "slug": "busetina-1947", "canonical_name": "NK Bušetina 1947", "short_name": "Bušetina", "city": "Bušetina", "county": "Virovitičko-podravska županija", "website": "https://www.znsvpz.hr/klub/busetina-1947/25/", "phone": "0992081707", "address": "V. Nazora 2, Bušetina, 33404 ŠP. Bukovica", "president": "Hrvoje Majstorović", "top_tier": 7, "top_league_name": "2. ŽNL ZAPAD (VPŽ)"}}, {"type": "Feature", "geometry": {"type": "Point", "coordinates": [17.1198123, 45.9350535]}, "properties": {"id": 369, "slug": "buspan", "canonical_name": "NK Bušpan", "short_name": "Bušpan", "city": "KOZAREVAC", "address": "ULICA DRAŽENA HORVATA 1, 48350 KOZAREVAC", "top_tier": 7, "top_league_name": "2. ŽNL (KKŽ)"}}, {"type": "Feature", "geometry": {"type": "Point", "coordinates": [15.7405192, 45.1597208]}, "properties": {"id": 307, "slug": "cetingrad", "canonical_name": "NK Cetingrad", "short_name": "Cetingrad", "county": "Karlovačka županija", "fb_url": "https://www.facebook.com/nkcetingrad/?locale=hr_HR", "top_tier": 7, "top_league_name": "2. ŽNL (Karlovačka)"}}, {"type": "Feature", "geometry": {"type": "Point", "coordinates": [17.6777848, 45.3353016]}, "properties": {"id": 502, "slug": "croatia-do", "canonical_name": "NK Croatia (DO)", "short_name": "Croatia", "city": "Stara Subocka", "county": "Požeško-slavonska županija", "founded_year": 1973, "stadium_name": "NK Croatia", "website": "https://semafor.hns.family/en/clubs/1084/nk-croatia/", "address": "Stara Subocka b. b., 44330 Novska Stara Subocka", "fb_url": "https://www.facebook.com/sharer/sharer.php?u=https%3a%2f%2fsemafor.hns.family%2fen%2fclubs%2f1084%2fnk-croatia%2f", "x_url": "https://twitter.com/home?status=https%3a%2f%2fsemafor.hns.family%2fen%2fclubs%2f1084%2fnk-croatia%2f", "top_tier": 7, "top_league_name": "2. ŽNL (PSŽ)"}}, {"type": "Feature", "geometry": {"type": "Point", "coordinates": [18.4124165, 45.3040641]}, "properties": {"id": 636, "slug": "croatia-m", "canonical_name": "NK Croatia (M)", "short_name": "Croatia", "city": "Velimirovac", "county": "Osječko-baranjska županija", "founded_year": 1998, "phone": "031/691-246", "address": "BANA JELAČIĆA 53A, 31500, Velimirovac, Hrvatska", "president": "MARIJAN HRŽENJAK", "top_tier": 7, "top_league_name": "2. ŽNL Valpovo (OBŽ)"}}, {"type": "Feature", "geometry": {"type": "Point", "coordinates": [19.0019676, 45.3524096]}, "properties": {"id": 686, "slug": "croatia-nj", "canonical_name": "NK Croatia (NJ)", "short_name": "Croatia", "county": "Vukovarsko-srijemska županija", "top_tier": 7, "top_league_name": "2. ŽNL VK (VSŽ)"}}, {"type": "Feature", "geometry": {"type": "Point", "coordinates": [15.6575209, 45.3658443]}, "properties": {"id": 221, "slug": "croatia-nk", "canonical_name": "NK Croatia (NK)", "short_name": "Croatia", "website": "https://nk-croatia-stankovci.hr/", "email": "nk.croatia.stankovci@gmail.com", "phone": "0915475554", "address": "Stankovci 11, Stankovci", "fb_url": "https://www.facebook.com/nk.croatiastankovci/", "ig_url": "https://www.instagram.com/croatia_stankovci_/", "top_tier": 7, "top_league_name": "2. ŽNL - Istok (Zagrebačka)"}}, {"type": "Feature", "geometry": {"type": "Point", "coordinates": [15.6575209, 45.3658443]}, "properties": {"id": 213, "slug": "croatia-p", "canonical_name": "NK Croatia (P)", "short_name": "Croatia", "website": "https://nk-croatia-stankovci.hr/", "email": "nk.croatia.stankovci@gmail.com", "phone": "0915475554", "address": "Stankovci 11, Stankovci", "fb_url": "https://www.facebook.com/nk.croatiastankovci/", "ig_url": "https://www.instagram.com/croatia_stankovci_/", "top_tier": 7, "top_league_name": "2. ŽNL - Zapad (Zagrebačka)"}}, {"type": "Feature", "geometry": {"type": "Point", "coordinates": [15.9698468, 45.8097302]}, "properties": {"id": 286, "slug": "croatia-98", "canonical_name": "NK Croatia 98", "short_name": "Croatia", "county": "Grad Zagreb", "fb_url": "https://www.facebook.com/NogometniKlubCroatia98/", "top_tier": 7, "top_league_name": "2. Zagrebačka NL (Grad Zagreb)"}}, {"type": "Feature", "geometry": {"type": "Point", "coordinates": [15.6688416, 46.147934]}, "properties": {"id": 255, "slug": "desinic", "canonical_name": "NK Desinić", "short_name": "Desinić", "county": "Krapinsko-zagorska županija", "fb_url": "https://www.facebook.com/nogometniklubdesinic/?locale=hr_HR", "top_tier": 7, "top_league_name": "2. ŽNL (KZŽ)"}}, {"type": "Feature", "geometry": {"type": "Point", "coordinates": [18.4697753, 45.7553554]}, "properties": {"id": 609, "slug": "dinamo-bps", "canonical_name": "NK Dinamo (BPS)", "short_name": "Dinamo", "county": "Osječko-baranjska županija", "top_tier": 7, "top_league_name": "2. ŽNL Beli Manastir (OBŽ)"}}, {"type": "Feature", "geometry": {"type": "Point", "coordinates": [16.6270566, 45.5713115]}, "properties": {"id": 153, "slug": "dinamo-o", "canonical_name": "NK Dinamo (O)", "short_name": "Dinamo", "city": "Sisak", "county": "Sisačko-moslavačka županija", "website": "https://nssmz.hr/", "email": "nssmz94@gmail.com", "phone": "044/540451", "address": "Antuna Cuvaja 16/II kat, 44000 Sisak", "top_tier": 7, "top_league_name": "2. ŽNL - NS Kutina (SMŽ)"}}, {"type": "Feature", "geometry": {"type": "Point", "coordinates": [15.2431631, 45.2824734]}, "properties": {"id": 297, "slug": "dobra-sp", "canonical_name": "NK Dobra (SP)", "short_name": "Dobra", "county": "Karlovačka županija", "top_tier": 7, "top_league_name": "2. ŽNL (Karlovačka)"}}, {"type": "Feature", "geometry": {"type": "Point", "coordinates": [15.8078632, 45.5475671]}, "properties": {"id": 206, "slug": "donja-kupcina", "canonical_name": "NK Donja Kupčina", "short_name": "Donja", "top_tier": 7, "top_league_name": "2. ŽNL - Zapad (Zagrebačka)"}}, {"type": "Feature", "geometry": {"type": "Point", "coordinates": [16.2323638, 45.9113619]}, "properties": {"id": 218, "slug": "donja-zelina", "canonical_name": "NK Donja Zelina", "short_name": "Donja", "top_tier": 7, "top_league_name": "2. ŽNL - Istok (Zagrebačka)"}}, {"type": "Feature", "geometry": {"type": "Point", "coordinates": [16.6478669, 45.78451]}, "properties": {"id": 401, "slug": "draganec", "canonical_name": "NK Draganec", "short_name": "Draganec", "county": "Bjelovarsko-bilogorska županija", "top_tier": 7, "top_league_name": "2. ŽNL (BBŽ)"}}, {"type": "Feature", "geometry": {"type": "Point", "coordinates": [15.59585, 45.5867112]}, "properties": {"id": 308, "slug": "draganic", "canonical_name": "NK Draganić", "short_name": "Draganić", "county": "Karlovačka županija", "top_tier": 7, "top_league_name": "2. ŽNL (Karlovačka)"}}, {"type": "Feature", "geometry": {"type": "Point", "coordinates": [18.4815811, 45.6595827]}, "properties": {"id": 639, "slug": "drava-nard", "canonical_name": "NK Drava Nard", "short_name": "Drava", "county": "Osječko-baranjska županija", "top_tier": 7, "top_league_name": "2. ŽNL Valpovo (OBŽ)"}}, {"type": "Feature", "geometry": {"type": "Point", "coordinates": [18.702667, 45.5601259]}, "properties": {"id": 624, "slug": "elektra", "canonical_name": "NK Elektra", "short_name": "Elektra", "county": "Osječko-baranjska županija", "top_tier": 7, "top_league_name": "2. ŽNL Osijek (OBŽ)"}}, {"type": "Feature", "geometry": {"type": "Point", "coordinates": [17.7291335, 45.3565213]}, "properties": {"id": 499, "slug": "eminovci", "canonical_name": "NK Eminovci", "short_name": "Eminovci", "county": "Požeško-slavonska županija", "top_tier": 7, "top_league_name": "2. ŽNL (PSŽ)"}}, {"type": "Feature", "geometry": {"type": "Point", "coordinates": [15.2244322, 45.2675976]}, "properties": {"id": 300, "slug": "frankopan-b", "canonical_name": "NK Frankopan (B)", "short_name": "Frankopan", "county": "Karlovačka županija", "top_tier": 7, "top_league_name": "2. ŽNL (Karlovačka)"}}, {"type": "Feature", "geometry": {"type": "Point", "coordinates": [17.0595586, 46.2007791]}, "properties": {"id": 373, "slug": "fugaplast", "canonical_name": "NK Fugaplast", "short_name": "Fugaplast", "county": "Koprivničko-križevačka županija", "top_tier": 7, "top_league_name": "2. ŽNL (KKŽ)"}}, {"type": "Feature", "geometry": {"type": "Point", "coordinates": [16.7566817, 45.6310066]}, "properties": {"id": 154, "slug": "garic-i", "canonical_name": "NK Garić (I)", "short_name": "Garić", "county": "Sisačko-moslavačka županija", "top_tier": 7, "top_league_name": "2. ŽNL - NS Kutina (SMŽ)"}}, {"type": "Feature", "geometry": {"type": "Point", "coordinates": [15.9494847, 45.7751587]}, "properties": {"id": 285, "slug": "gavran-2003", "canonical_name": "NK Gavran 2003", "short_name": "Gavran", "city": "Zagreb", "county": "Grad Zagreb", "founded_year": 2017, "stadium_name": "Savica", "website": "https://semafor.hns.family/en/clubs/120231/nk-gavran-2003/", "address": "Lanište 9a, 10000 Zagreb", "fb_url": "https://www.facebook.com/sharer/sharer.php?u=https%3a%2f%2fsemafor.hns.family%2fen%2fclubs%2f120231%2fnk-gavran-2003%2f", "x_url": "https://twitter.com/home?status=https%3a%2f%2fsemafor.hns.family%2fen%2fclubs%2f120231%2fnk-gavran-2003%2f", "top_tier": 7, "top_league_name": "2. Zagrebačka NL (Grad Zagreb)"}}, {"type": "Feature", "geometry": {"type": "Point", "coordinates": [18.4505848, 45.5027537]}, "properties": {"id": 627, "slug": "gibarac-95", "canonical_name": "NK Gibarac 95", "short_name": "Gibarac", "county": "Osječko-baranjska županija", "top_tier": 7, "top_league_name": "2. ŽNL Osijek (OBŽ)"}}, {"type": "Feature", "geometry": {"type": "Point", "coordinates": [15.1212537, 45.3359861]}, "properties": {"id": 451, "slug": "gomirje", "canonical_name": "NK Gomirje", "short_name": "Gomirje", "county": "Primorsko-goranska županija", "top_tier": 7, "top_league_name": "2. ŽNL (PGŽ)"}}, {"type": "Feature", "geometry": {"type": "Point", "coordinates": [16.3924291, 46.1097278]}, "properties": {"id": 375, "slug": "gornja-rijeka", "canonical_name": "NK Gornja Rijeka", "short_name": "Gornja", "county": "Koprivničko-križevačka županija", "top_tier": 7, "top_league_name": "2. ŽNL (KKŽ)"}}, {"type": "Feature", "geometry": {"type": "Point", "coordinates": [17.5155693, 45.8562218]}, "properties": {"id": 469, "slug": "gradina", "canonical_name": "NK Gradina", "short_name": "Gradina", "county": "Virovitičko-podravska županija", "top_tier": 7, "top_league_name": "2. ŽNL ZAPAD (VPŽ)"}}, {"type": "Feature", "geometry": {"type": "Point", "coordinates": [17.9808798, 45.1777369]}, "properties": {"id": 522, "slug": "granicar-sk", "canonical_name": "NK Graničar (SK)", "short_name": "Graničar", "county": "Brodsko-posavska županija", "top_tier": 7, "top_league_name": "2. ŽNL Zapad (BPŽ)"}}, {"type": "Feature", "geometry": {"type": "Point", "coordinates": [17.9808798, 45.1777369]}, "properties": {"id": 528, "slug": "granicar-brodski-varos", "canonical_name": "NK Graničar Brodski Varoš", "short_name": "Graničar", "county": "Brodsko-posavska županija", "top_tier": 7, "top_league_name": "2. ŽNL Zapad (BPŽ)"}}, {"type": "Feature", "geometry": {"type": "Point", "coordinates": [15.8649944, 45.3556367]}, "properties": {"id": 164, "slug": "gvozd", "canonical_name": "NK Gvozd", "short_name": "Gvozd", "county": "Sisačko-moslavačka županija", "top_tier": 7, "top_league_name": "2. ŽNL - NS Sisak (SMŽ)"}}, {"type": "Feature", "geometry": {"type": "Point", "coordinates": [18.2829035, 45.6659547]}, "properties": {"id": 593, "slug": "hajduk-sp", "canonical_name": "NK Hajduk (ŠP)", "short_name": "Hajduk", "county": "Osječko-baranjska županija", "top_tier": 7, "top_league_name": "2. ŽNL Đakovo (OBŽ)"}}, {"type": "Feature", "geometry": {"type": "Point", "coordinates": [18.0339816, 45.5563128]}, "properties": {"id": 619, "slug": "iskrica", "canonical_name": "NK Iskrica", "short_name": "Iskrica", "county": "Osječko-baranjska županija", "top_tier": 7, "top_league_name": "2. ŽNL Našice (OBŽ)"}}, {"type": "Feature", "geometry": {"type": "Point", "coordinates": [16.1177143, 45.7991745]}, "properties": {"id": 278, "slug": "ivanja-reka", "canonical_name": "NK Ivanja Reka", "short_name": "Ivanja", "county": "Grad Zagreb", "fb_url": "https://www.facebook.com/nogometniklubivanjareka/?locale=hr_HR", "top_tier": 7, "top_league_name": "2. Zagrebačka NL (Grad Zagreb)"}}, {"type": "Feature", "geometry": {"type": "Point", "coordinates": [16.9099825, 45.269321]}, "properties": {"id": 177, "slug": "jasenovac", "canonical_name": "NK Jasenovac", "short_name": "Jasenovac", "county": "Sisačko-moslavačka županija", "top_tier": 7, "top_league_name": "2. ŽNL - NS Novska (SMŽ)"}}, {"type": "Feature", "geometry": {"type": "Point", "coordinates": [15.2846972, 45.1888272]}, "properties": {"id": 306, "slug": "josipdol", "canonical_name": "NK Josipdol", "short_name": "Josipdol", "county": "Karlovačka županija", "top_tier": 7, "top_league_name": "2. ŽNL (Karlovačka)"}}, {"type": "Feature", "geometry": {"type": "Point", "coordinates": [16.1168394, 45.9266686]}, "properties": {"id": 283, "slug": "kasina", "canonical_name": "NK Kašina", "short_name": "Kašina", "city": "Kašina", "county": "Grad Zagreb", "website": "https://nk-kasina.klubbase.com/", "email": "nkkasina@gmail.com", "phone": "+385 99 502 1278", "address": "Cesta Ivana Mažuranića 36, 10362, Kašina", "top_tier": 7, "top_league_name": "2. Zagrebačka NL (Grad Zagreb)"}}, {"type": "Feature", "geometry": {"type": "Point", "coordinates": [17.1957442, 45.9681814]}, "properties": {"id": 467, "slug": "kladare", "canonical_name": "NK Kladare", "short_name": "Kladare", "county": "Virovitičko-podravska županija", "top_tier": 7, "top_league_name": "2. ŽNL ZAPAD (VPŽ)"}}, {"type": "Feature", "geometry": {"type": "Point", "coordinates": [18.6839175, 45.5590216]}, "properties": {"id": 630, "slug": "klas-c", "canonical_name": "NK Klas (Č)", "short_name": "Klas", "county": "Osječko-baranjska županija", "top_tier": 7, "top_league_name": "2. ŽNL Osijek (OBŽ)"}}, {"type": "Feature", "geometry": {"type": "Point", "coordinates": [15.5174579, 45.6540864]}, "properties": {"id": 208, "slug": "krasic", "canonical_name": "NK Krašić", "short_name": "Krašić", "county": "Zagrebačka županija", "fb_url": "https://www.facebook.com/nkkrasic.hr/", "top_tier": 7, "top_league_name": "2. ŽNL - Zapad (Zagrebačka)"}}, {"type": "Feature", "geometry": {"type": "Point", "coordinates": [15.6085268, 45.3374666]}, "properties": {"id": 299, "slug": "krnjak", "canonical_name": "NK Krnjak", "short_name": "Krnjak", "county": "Karlovačka županija", "top_tier": 7, "top_league_name": "2. ŽNL (Karlovačka)"}}, {"type": "Feature", "geometry": {"type": "Point", "coordinates": [15.47667, 45.6147139]}, "properties": {"id": 301, "slug": "kupa-dm", "canonical_name": "NK Kupa (DM)", "short_name": "Kupa", "county": "Karlovačka županija", "top_tier": 7, "top_league_name": "2. ŽNL (Karlovačka)"}}, {"type": "Feature", "geometry": {"type": "Point", "coordinates": [15.7875864, 45.6567279]}, "properties": {"id": 209, "slug": "kupinec", "canonical_name": "NK Kupinec", "short_name": "Kupinec", "top_tier": 7, "top_league_name": "2. ŽNL - Zapad (Zagrebačka)"}}, {"type": "Feature", "geometry": {"type": "Point", "coordinates": [18.1341079, 45.6568118]}, "properties": {"id": 650, "slug": "kucanci", "canonical_name": "NK Kućanci", "short_name": "Kućanci", "county": "Osječko-baranjska županija", "top_tier": 7, "top_league_name": "2. ŽNL Donji Miholjac (OBŽ)"}}, {"type": "Feature", "geometry": {"type": "Point", "coordinates": [18.5707424, 45.4550483]}, "properties": {"id": 633, "slug": "liv-1949", "canonical_name": "NK LIV 1949", "short_name": "LIV", "county": "Osječko-baranjska županija", "top_tier": 7, "top_league_name": "2. ŽNL Osijek (OBŽ)"}}, {"type": "Feature", "geometry": {"type": "Point", "coordinates": [16.7758626, 45.8836448]}, "properties": {"id": 405, "slug": "lasta-p", "canonical_name": "NK Lasta (P)", "short_name": "Lasta", "county": "Bjelovarsko-bilogorska županija", "top_tier": 7, "top_league_name": "2. ŽNL (BBŽ)"}}, {"type": "Feature", "geometry": {"type": "Point", "coordinates": [18.1645243, 45.542691]}, "properties": {"id": 616, "slug": "ladanska", "canonical_name": "NK Lađanska", "short_name": "Lađanska", "county": "Osječko-baranjska županija", "top_tier": 7, "top_league_name": "2. ŽNL Našice (OBŽ)"}}, {"type": "Feature", "geometry": {"type": "Point", "coordinates": [16.0441744, 46.2075318]}, "properties": {"id": 317, "slug": "lepoglava", "canonical_name": "NK Lepoglava", "short_name": "Lepoglava", "county": "Varaždinska županija", "top_tier": 7, "top_league_name": "2. ŽNL (VŽŽ)"}}, {"type": "Feature", "geometry": {"type": "Point", "coordinates": [18.1219159, 45.5539033]}, "properties": {"id": 621, "slug": "lila", "canonical_name": "NK Lila", "short_name": "Lila", "county": "Osječko-baranjska županija", "top_tier": 7, "top_league_name": "2. ŽNL Našice (OBŽ)"}}, {"type": "Feature", "geometry": {"type": "Point", "coordinates": [16.0654152, 46.1505926]}, "properties": {"id": 256, "slug": "lobor", "canonical_name": "NK Lobor", "short_name": "Lobor", "county": "Krapinsko-zagorska županija", "top_tier": 7, "top_league_name": "2. ŽNL (KZŽ)"}}, {"type": "Feature", "geometry": {"type": "Point", "coordinates": [19.0418728, 45.1425726]}, "properties": {"id": 693, "slug": "lovor", "canonical_name": "NK Lovor", "short_name": "Lovor", "county": "Vukovarsko-srijemska županija", "top_tier": 7, "top_league_name": "2. ŽNL VK (VSŽ)"}}, {"type": "Feature", "geometry": {"type": "Point", "coordinates": [18.778578, 45.6611062]}, "properties": {"id": 622, "slug": "lug", "canonical_name": "NK Lug", "short_name": "Lug", "county": "Osječko-baranjska županija", "top_tier": 7, "top_league_name": "2. ŽNL Našice (OBŽ)"}}, {"type": "Feature", "geometry": {"type": "Point", "coordinates": [18.5359072, 45.7846448]}, "properties": {"id": 607, "slug": "luc", "canonical_name": "NK Luč", "short_name": "Luč", "county": "Osječko-baranjska županija", "top_tier": 7, "top_league_name": "2. ŽNL Beli Manastir (OBŽ)"}}, {"type": "Feature", "geometry": {"type": "Point", "coordinates": [16.4082303, 45.5648371]}, "properties": {"id": 172, "slug": "mahovo", "canonical_name": "NK Mahovo", "short_name": "Mahovo", "county": "Sisačko-moslavačka županija", "top_tier": 7, "top_league_name": "2. ŽNL - NS Sisak (SMŽ)"}}, {"type": "Feature", "geometry": {"type": "Point", "coordinates": [18.0670184, 45.4931201]}, "properties": {"id": 615, "slug": "martin", "canonical_name": "NK Martin", "short_name": "Martin", "county": "Osječko-baranjska županija", "top_tier": 7, "top_league_name": "2. ŽNL Našice (OBŽ)"}}, {"type": "Feature", "geometry": {"type": "Point", "coordinates": [17.6259001, 45.7305042]}, "properties": {"id": 483, "slug": "meljani", "canonical_name": "NK Meljani", "short_name": "Meljani", "county": "Virovitičko-podravska županija", "top_tier": 7, "top_league_name": "2. ŽNL ISTOK (VPŽ)"}}, {"type": "Feature", "geometry": {"type": "Point", "coordinates": [18.6731859, 45.7246372]}, "properties": {"id": 606, "slug": "medimurec-k", "canonical_name": "NK Međimurec (K)", "short_name": "Međimurec", "county": "Osječko-baranjska županija", "top_tier": 7, "top_league_name": "2. ŽNL Beli Manastir (OBŽ)"}}, {"type": "Feature", "geometry": {"type": "Point", "coordinates": [17.6607774, 45.7612997]}, "properties": {"id": 478, "slug": "miholjac", "canonical_name": "NK Miholjac", "short_name": "Miholjac", "county": "Virovitičko-podravska županija", "top_tier": 7, "top_league_name": "2. ŽNL ISTOK (VPŽ)"}}, {"type": "Feature", "geometry": {"type": "Point", "coordinates": [16.1703995, 46.1633608]}, "properties": {"id": 259, "slug": "milengrad-2005", "canonical_name": "NK Milengrad 2005", "short_name": "Milengrad", "county": "Krapinsko-zagorska županija", "top_tier": 7, "top_league_name": "2. ŽNL (KZŽ)"}}, {"type": "Feature", "geometry": {"type": "Point", "coordinates": [18.8499196, 45.3080923]}, "properties": {"id": 685, "slug": "mladost-a", "canonical_name": "NK Mladost (A)", "short_name": "Mladost", "county": "Vukovarsko-srijemska županija", "top_tier": 7, "top_league_name": "2. ŽNL VK (VSŽ)"}}, {"type": "Feature", "geometry": {"type": "Point", "coordinates": [17.3804903, 45.284731]}, "properties": {"id": 257, "slug": "mladost-b", "canonical_name": "NK Mladost (B)", "short_name": "Mladost", "county": "Brodsko-posavska županija", "top_tier": 7, "top_league_name": "2. ŽNL Zapad (BPŽ)"}}, {"type": "Feature", "geometry": {"type": "Point", "coordinates": [17.3804903, 45.284731]}, "properties": {"id": 399, "slug": "mladost-db", "canonical_name": "NK Mladost (DB)", "short_name": "Mladost", "county": "Brodsko-posavska županija", "top_tier": 7, "top_league_name": "2. ŽNL (BBŽ)"}}, {"type": "Feature", "geometry": {"type": "Point", "coordinates": [16.7318038, 45.4933092]}, "properties": {"id": 175, "slug": "mladost-g", "canonical_name": "NK Mladost (G)", "short_name": "Mladost", "county": "Sisačko-moslavačka županija", "top_tier": 7, "top_league_name": "2. ŽNL - NS Sisak (SMŽ)"}}, {"type": "Feature", "geometry": {"type": "Point", "coordinates": [17.3804903, 45.284731]}, "properties": {"id": 525, "slug": "mladost-jm", "canonical_name": "NK Mladost (JM)", "short_name": "Mladost", "county": "Brodsko-posavska županija", "top_tier": 7, "top_league_name": "2. ŽNL Zapad (BPŽ)"}}, {"type": "Feature", "geometry": {"type": "Point", "coordinates": [16.1204646, 46.0008045]}, "properties": {"id": 205, "slug": "mladost-l", "canonical_name": "NK Mladost (L)", "short_name": "Mladost", "city": "Marija Bistrica", "county": "Zagrebačka županija", "website": "https://nskzz.hr/nogomet/klubovi/nk-mladost-mb/", "address": "Zagrebačka 13 A, 49246 Marija Bistrica", "x_url": "http://twitter.com/share?text=NK%20Mladost%20MB&url=https%3A%2F%2Fnskzz.hr%2Fnogomet%2Fklubovi%2Fnk-mladost-mb%2F", "top_tier": 7, "top_league_name": "2. ŽNL - Zapad (Zagrebačka)"}}, {"type": "Feature", "geometry": {"type": "Point", "coordinates": [15.94428, 45.7840452]}, "properties": {"id": 224, "slug": "mladost-o", "canonical_name": "NK Mladost (O)", "short_name": "Mladost", "top_tier": 7, "top_league_name": "2. ŽNL - Istok (Zagrebačka)"}}, {"type": "Feature", "geometry": {"type": "Point", "coordinates": [15.5576687, 45.4861925]}, "properties": {"id": 158, "slug": "mladost-r", "canonical_name": "NK Mladost (R)", "short_name": "Mladost", "county": "Karlovačka županija", "top_tier": 7, "top_league_name": "2. ŽNL (Karlovačka)"}}, {"type": "Feature", "geometry": {"type": "Point", "coordinates": [18.6999882, 45.5515869]}, "properties": {"id": 641, "slug": "mladost-t", "canonical_name": "NK Mladost (T)", "short_name": "Mladost", "county": "Osječko-baranjska županija", "top_tier": 7, "top_league_name": "2. ŽNL Valpovo (OBŽ)"}}, {"type": "Feature", "geometry": {"type": "Point", "coordinates": [16.3323699, 46.2841551]}, "properties": {"id": 313, "slug": "mladost-vz", "canonical_name": "NK Mladost (VŽ)", "short_name": "Mladost", "county": "Varaždinska županija", "top_tier": 7, "top_league_name": "2. ŽNL (VŽŽ)"}}, {"type": "Feature", "geometry": {"type": "Point", "coordinates": [16.8413608, 45.8965163]}, "properties": {"id": 404, "slug": "mlinar", "canonical_name": "NK Mlinar", "short_name": "Mlinar", "county": "Bjelovarsko-bilogorska županija", "top_tier": 7, "top_league_name": "2. ŽNL (BBŽ)"}}, {"type": "Feature", "geometry": {"type": "Point", "coordinates": [16.6428554, 45.5739858]}, "properties": {"id": 155, "slug": "moslavina-dg", "canonical_name": "NK Moslavina (DG)", "short_name": "Moslavina", "county": "Sisačko-moslavačka županija", "top_tier": 7, "top_league_name": "2. ŽNL - NS Kutina (SMŽ)"}}, {"type": "Feature", "geometry": {"type": "Point", "coordinates": [16.8298033, 45.7413636]}, "properties": {"id": 406, "slug": "moslavina-vt", "canonical_name": "NK Moslavina (VT)", "short_name": "Moslavina", "county": "Bjelovarsko-bilogorska županija", "top_tier": 7, "top_league_name": "2. ŽNL (BBŽ)"}}, {"type": "Feature", "geometry": {"type": "Point", "coordinates": [15.3958851, 45.2976643]}, "properties": {"id": 304, "slug": "mreznica", "canonical_name": "NK Mrežnica", "short_name": "Mrežnica", "county": "Karlovačka županija", "top_tier": 7, "top_league_name": "2. ŽNL (Karlovačka)"}}, {"type": "Feature", "geometry": {"type": "Point", "coordinates": [14.8557128, 45.3154497]}, "properties": {"id": 449, "slug": "mrkopalj", "canonical_name": "NK Mrkopalj", "short_name": "Mrkopalj", "county": "Primorsko-goranska županija", "top_tier": 7, "top_league_name": "2. ŽNL (PGŽ)"}}, {"type": "Feature", "geometry": {"type": "Point", "coordinates": [18.6953685, 45.5548793]}, "properties": {"id": 625, "slug": "mursa", "canonical_name": "NK Mursa", "short_name": "Mursa", "county": "Osječko-baranjska županija", "top_tier": 7, "top_league_name": "2. ŽNL Osijek (OBŽ)"}}, {"type": "Feature", "geometry": {"type": "Point", "coordinates": [16.9648034, 45.3872546]}, "properties": {"id": 183, "slug": "nafta", "canonical_name": "NK Nafta", "short_name": "Nafta", "county": "Sisačko-moslavačka županija", "top_tier": 7, "top_league_name": "2. ŽNL - NS Novska (SMŽ)"}}, {"type": "Feature", "geometry": {"type": "Point", "coordinates": [16.7050598, 45.8980415]}, "properties": {"id": 402, "slug": "napredak-rajic", "canonical_name": "NK Napredak Rajić", "short_name": "Napredak", "county": "Bjelovarsko-bilogorska županija", "top_tier": 7, "top_league_name": "2. ŽNL (BBŽ)"}}, {"type": "Feature", "geometry": {"type": "Point", "coordinates": [18.8382258, 45.3290186]}, "properties": {"id": 694, "slug": "nosteria", "canonical_name": "NK Nosteria", "short_name": "Nosteria", "county": "Vukovarsko-srijemska županija", "top_tier": 7, "top_league_name": "2. ŽNL VK (VSŽ)"}}, {"type": "Feature", "geometry": {"type": "Point", "coordinates": [16.4958216, 46.2669998]}, "properties": {"id": 311, "slug": "novakovec", "canonical_name": "NK Novakovec", "short_name": "Novakovec", "county": "Varaždinska županija", "top_tier": 7, "top_league_name": "2. ŽNL (VŽŽ)"}}, {"type": "Feature", "geometry": {"type": "Point", "coordinates": [16.8418012, 45.8975233]}, "properties": {"id": 403, "slug": "omladinac-c", "canonical_name": "NK Omladinac (Ć)", "short_name": "Omladinac", "county": "Bjelovarsko-bilogorska županija", "top_tier": 7, "top_league_name": "2. ŽNL (BBŽ)"}}, {"type": "Feature", "geometry": {"type": "Point", "coordinates": [18.2331332, 45.5445304]}, "properties": {"id": 589, "slug": "omladinac-s", "canonical_name": "NK Omladinac (ĐS)", "short_name": "Omladinac", "county": "Osječko-baranjska županija", "top_tier": 7, "top_league_name": "2. ŽNL Đakovo (OBŽ)"}}, {"type": "Feature", "geometry": {"type": "Point", "coordinates": [17.209808, 45.9260643]}, "properties": {"id": 470, "slug": "otrovanec", "canonical_name": "NK Otrovanec", "short_name": "Otrovanec", "county": "Virovitičko-podravska županija", "top_tier": 7, "top_league_name": "2. ŽNL ZAPAD (VPŽ)"}}, {"type": "Feature", "geometry": {"type": "Point", "coordinates": [17.7879708, 45.3968014]}, "properties": {"id": 508, "slug": "ovcare", "canonical_name": "NK Ovčare", "short_name": "Ovčare", "county": "Požeško-slavonska županija", "top_tier": 7, "top_league_name": "2. ŽNL (PSŽ)"}}, {"type": "Feature", "geometry": {"type": "Point", "coordinates": [15.2763467, 45.2258995]}, "properties": {"id": 302, "slug": "ostarije", "canonical_name": "NK Oštarije", "short_name": "Oštarije", "county": "Karlovačka županija", "top_tier": 7, "top_league_name": "2. ŽNL (Karlovačka)"}}, {"type": "Feature", "geometry": {"type": "Point", "coordinates": [18.3493831, 45.2084594]}, "properties": {"id": 517, "slug": "perkovci", "canonical_name": "NK Perkovci", "short_name": "Perkovci", "county": "Brodsko-posavska županija", "top_tier": 7, "top_league_name": "2. ŽNL Istok (BPŽ)"}}, {"type": "Feature", "geometry": {"type": "Point", "coordinates": [18.5284202, 45.7583523]}, "properties": {"id": 611, "slug": "petlovac", "canonical_name": "NK Petlovac", "short_name": "Petlovac", "county": "Osječko-baranjska županija", "top_tier": 7, "top_league_name": "2. ŽNL Beli Manastir (OBŽ)"}}, {"type": "Feature", "geometry": {"type": "Point", "coordinates": [15.7585064, 45.215806]}, "properties": {"id": 298, "slug": "petrova-gora", "canonical_name": "NK Petrova gora", "short_name": "Petrova", "county": "Karlovačka županija", "top_tier": 7, "top_league_name": "2. ŽNL (Karlovačka)"}}, {"type": "Feature", "geometry": {"type": "Point", "coordinates": [16.2652086, 45.5040447]}, "properties": {"id": 170, "slug": "petrovec", "canonical_name": "NK Petrovec", "short_name": "Petrovec", "county": "Sisačko-moslavačka županija", "top_tier": 7, "top_league_name": "2. ŽNL - NS Sisak (SMŽ)"}}, {"type": "Feature", "geometry": {"type": "Point", "coordinates": [16.1662285, 45.6030434]}, "properties": {"id": 169, "slug": "pescenica", "canonical_name": "NK Pešćenica", "short_name": "Pešćenica", "county": "Sisačko-moslavačka županija", "top_tier": 7, "top_league_name": "2. ŽNL - NS Sisak (SMŽ)"}}, {"type": "Feature", "geometry": {"type": "Point", "coordinates": [17.3872464, 45.8352655]}, "properties": {"id": 471, "slug": "plavi", "canonical_name": "NK Plavi", "short_name": "Plavi", "county": "Virovitičko-podravska županija", "top_tier": 7, "top_league_name": "2. ŽNL ZAPAD (VPŽ)"}}, {"type": "Feature", "geometry": {"type": "Point", "coordinates": [18.3939436, 45.6939801]}, "properties": {"id": 646, "slug": "podravac-pm", "canonical_name": "NK Podravac (PM)", "short_name": "Podravac", "county": "Osječko-baranjska županija", "top_tier": 7, "top_league_name": "2. ŽNL Donji Miholjac (OBŽ)"}}, {"type": "Feature", "geometry": {"type": "Point", "coordinates": [15.8414667, 45.8178444]}, "properties": {"id": 277, "slug": "podsused", "canonical_name": "NK Podsused", "short_name": "Podsused", "county": "Grad Zagreb", "fb_url": "https://www.facebook.com/nogometniklubPodsused/?locale=hr_HR", "top_tier": 7, "top_league_name": "2. Zagrebačka NL (Grad Zagreb)"}}, {"type": "Feature", "geometry": {"type": "Point", "coordinates": [18.028129, 45.1903565]}, "properties": {"id": 512, "slug": "podvinje", "canonical_name": "NK Podvinje", "short_name": "Podvinje", "county": "Brodsko-posavska županija", "top_tier": 7, "top_league_name": "2. ŽNL Istok (BPŽ)"}}, {"type": "Feature", "geometry": {"type": "Point", "coordinates": [18.7941164, 45.298096]}, "properties": {"id": 695, "slug": "polet-dns", "canonical_name": "NK Polet (DNS)", "short_name": "Polet", "county": "Vukovarsko-srijemska županija", "top_tier": 7, "top_league_name": "2. ŽNL VK (VSŽ)"}}, {"type": "Feature", "geometry": {"type": "Point", "coordinates": [16.7514286, 45.8278629]}, "properties": {"id": 396, "slug": "polet-n", "canonical_name": "NK Polet (N)", "short_name": "Polet", "county": "Bjelovarsko-bilogorska županija", "top_tier": 7, "top_league_name": "2. ŽNL (BBŽ)"}}, {"type": "Feature", "geometry": {"type": "Point", "coordinates": [16.2826488, 45.446002]}, "properties": {"id": 152, "slug": "poljana", "canonical_name": "NK Poljana", "short_name": "Poljana", "county": "Sisačko-moslavačka županija", "top_tier": 7, "top_league_name": "2. ŽNL - NS Kutina (SMŽ)"}}, {"type": "Feature", "geometry": {"type": "Point", "coordinates": [17.8969991, 45.1093348]}, "properties": {"id": 527, "slug": "posavac-ka", "canonical_name": "NK Posavac (KA)", "short_name": "Posavac", "county": "Brodsko-posavska županija", "top_tier": 7, "top_league_name": "2. ŽNL Zapad (BPŽ)"}}, {"type": "Feature", "geometry": {"type": "Point", "coordinates": [17.8969991, 45.1093348]}, "properties": {"id": 509, "slug": "posavac-r", "canonical_name": "NK Posavac (R)", "short_name": "Posavac", "county": "Brodsko-posavska županija", "top_tier": 7, "top_league_name": "2. ŽNL Istok (BPŽ)"}}, {"type": "Feature", "geometry": {"type": "Point", "coordinates": [16.5667854, 45.3685087]}, "properties": {"id": 174, "slug": "posavina-p", "canonical_name": "NK Posavina (P)", "short_name": "Posavina", "county": "Sisačko-moslavačka županija", "top_tier": 7, "top_league_name": "2. ŽNL - NS Sisak (SMŽ)"}}, {"type": "Feature", "geometry": {"type": "Point", "coordinates": [18.3958732, 45.1581062]}, "properties": {"id": 510, "slug": "posavina-vk", "canonical_name": "NK Posavina (VK)", "short_name": "Posavina", "county": "Brodsko-posavska županija", "top_tier": 7, "top_league_name": "2. ŽNL Istok (BPŽ)"}}, {"type": "Feature", "geometry": {"type": "Point", "coordinates": [18.5898699, 45.5733491]}, "properties": {"id": 628, "slug": "radnik-j", "canonical_name": "NK Radnik (J)", "short_name": "Radnik", "county": "Osječko-baranjska županija", "top_tier": 7, "top_league_name": "2. ŽNL Osijek (OBŽ)"}}, {"type": "Feature", "geometry": {"type": "Point", "coordinates": [18.5898699, 45.5733491]}, "properties": {"id": 599, "slug": "radnik-v", "canonical_name": "NK Radnik (V)", "short_name": "Radnik", "county": "Osječko-baranjska županija", "top_tier": 7, "top_league_name": "2. ŽNL Đakovo (OBŽ)"}}, {"type": "Feature", "geometry": {"type": "Point", "coordinates": [16.7085329, 46.1879999]}, "properties": {"id": 368, "slug": "rasinja", "canonical_name": "NK Rasinja", "short_name": "Rasinja", "top_tier": 7, "top_league_name": "2. ŽNL (KKŽ)"}}, {"type": "Feature", "geometry": {"type": "Point", "coordinates": [16.4422126, 46.0552442]}, "properties": {"id": 379, "slug": "ratar", "canonical_name": "NK Ratar", "short_name": "Ratar", "county": "Koprivničko-križevačka županija", "top_tier": 7, "top_league_name": "2. ŽNL (KKŽ)"}}, {"type": "Feature", "geometry": {"type": "Point", "coordinates": [16.7711853, 46.1315112]}, "properties": {"id": 372, "slug": "reka", "canonical_name": "NK Reka", "short_name": "Reka", "county": "Koprivničko-križevačka županija", "top_tier": 7, "top_league_name": "2. ŽNL (KKŽ)"}}, {"type": "Feature", "geometry": {"type": "Point", "coordinates": [14.2661606, 45.364876]}, "properties": {"id": 448, "slug": "risnjak", "canonical_name": "NK Risnjak", "short_name": "Risnjak", "county": "Primorsko-goranska županija", "top_tier": 7, "top_league_name": "2. ŽNL (PGŽ)"}}, {"type": "Feature", "geometry": {"type": "Point", "coordinates": [15.9694874, 46.1326252]}, "properties": {"id": 250, "slug": "rudar-m", "canonical_name": "NK Rudar (M)", "short_name": "Rudar", "county": "Krapinsko-zagorska županija", "top_tier": 7, "top_league_name": "2. ŽNL (KZŽ)"}}, {"type": "Feature", "geometry": {"type": "Point", "coordinates": [15.731973, 45.8372681]}, "properties": {"id": 204, "slug": "samoborski-otok", "canonical_name": "NK Samoborski Otok", "short_name": "Samoborski", "top_tier": 7, "top_league_name": "2. ŽNL - Zapad (Zagrebačka)"}}, {"type": "Feature", "geometry": {"type": "Point", "coordinates": [18.4894923, 45.6143824]}, "properties": {"id": 638, "slug": "satnica", "canonical_name": "NK Satnica", "short_name": "Satnica", "county": "Osječko-baranjska županija", "top_tier": 7, "top_league_name": "2. ŽNL Valpovo (OBŽ)"}}, {"type": "Feature", "geometry": {"type": "Point", "coordinates": [16.4803032, 45.4406942]}, "properties": {"id": 179, "slug": "sava", "canonical_name": "NK Sava", "short_name": "Sava", "county": "Sisačko-moslavačka županija", "top_tier": 7, "top_league_name": "2. ŽNL - NS Novska (SMŽ)"}}, {"type": "Feature", "geometry": {"type": "Point", "coordinates": [17.2497111, 45.1494757]}, "properties": {"id": 516, "slug": "sava-s", "canonical_name": "NK Sava (S)", "short_name": "Sava", "county": "Brodsko-posavska županija", "top_tier": 7, "top_league_name": "2. ŽNL Istok (BPŽ)"}}, {"type": "Feature", "geometry": {"type": "Point", "coordinates": [16.814603, 45.9368274]}, "properties": {"id": 395, "slug": "skok", "canonical_name": "NK Skok", "short_name": "Skok", "county": "Bjelovarsko-bilogorska županija", "top_tier": 7, "top_league_name": "2. ŽNL (BBŽ)"}}, {"type": "Feature", "geometry": {"type": "Point", "coordinates": [16.8832232, 45.4028273]}, "properties": {"id": 178, "slug": "slavonac", "canonical_name": "NK Slavonac", "short_name": "Slavonac", "county": "Sisačko-moslavačka županija", "top_tier": 7, "top_league_name": "2. ŽNL - NS Novska (SMŽ)"}}, {"type": "Feature", "geometry": {"type": "Point", "coordinates": [18.0125457, 45.1609934]}, "properties": {"id": 521, "slug": "slavonac-bs", "canonical_name": "NK Slavonac (BS)", "short_name": "Slavonac", "county": "Brodsko-posavska županija", "top_tier": 7, "top_league_name": "2. ŽNL Zapad (BPŽ)"}}, {"type": "Feature", "geometry": {"type": "Point", "coordinates": [18.0125457, 45.1609934]}, "properties": {"id": 514, "slug": "slavonac-gb", "canonical_name": "NK Slavonac (GB)", "short_name": "Slavonac", "county": "Brodsko-posavska županija", "top_tier": 7, "top_league_name": "2. ŽNL Istok (BPŽ)"}}, {"type": "Feature", "geometry": {"type": "Point", "coordinates": [18.4109122, 45.6634147]}, "properties": {"id": 643, "slug": "slavonac-l", "canonical_name": "NK Slavonac (L)", "short_name": "Slavonac", "county": "Osječko-baranjska županija", "top_tier": 7, "top_league_name": "2. ŽNL Valpovo (OBŽ)"}}, {"type": "Feature", "geometry": {"type": "Point", "coordinates": [18.4109122, 45.6634147]}, "properties": {"id": 515, "slug": "slavonac-1980-b", "canonical_name": "NK Slavonac 1980 (B)", "short_name": "Slavonac", "top_tier": 7, "top_league_name": "2. ŽNL Istok (BPŽ)"}}, {"type": "Feature", "geometry": {"type": "Point", "coordinates": [18.4173736, 45.3170243]}, "properties": {"id": 526, "slug": "slavonija-b", "canonical_name": "NK Slavonija (B)", "short_name": "Slavonija", "county": "Osječko-baranjska županija", "top_tier": 7, "top_league_name": "2. ŽNL Zapad (BPŽ)"}}, {"type": "Feature", "geometry": {"type": "Point", "coordinates": [18.4173736, 45.3170243]}, "properties": {"id": 594, "slug": "slavonija-p", "canonical_name": "NK Slavonija (P)", "short_name": "Slavonija", "county": "Osječko-baranjska županija", "top_tier": 7, "top_league_name": "2. ŽNL Đakovo (OBŽ)"}}, {"type": "Feature", "geometry": {"type": "Point", "coordinates": [18.1109367, 42.640897]}, "properties": {"id": 219, "slug": "sloboda-g", "canonical_name": "NK Sloboda (G)", "short_name": "Sloboda", "top_tier": 7, "top_league_name": "2. ŽNL - Istok (Zagrebačka)"}}, {"type": "Feature", "geometry": {"type": "Point", "coordinates": [16.3415822, 46.3133324]}, "properties": {"id": 309, "slug": "sloboda-vz", "canonical_name": "NK Sloboda (VŽ)", "short_name": "Sloboda", "county": "Varaždinska županija", "top_tier": 7, "top_league_name": "2. ŽNL (VŽŽ)"}}, {"type": "Feature", "geometry": {"type": "Point", "coordinates": [18.9797252, 45.4032082]}, "properties": {"id": 687, "slug": "sloga-nm", "canonical_name": "NK Sloga (NM)", "short_name": "Sloga", "county": "Vukovarsko-srijemska županija", "top_tier": 7, "top_league_name": "2. ŽNL VK (VSŽ)"}}, {"type": "Feature", "geometry": {"type": "Point", "coordinates": [18.9797252, 45.4032082]}, "properties": {"id": 162, "slug": "sloga-p", "canonical_name": "NK Sloga (P)", "short_name": "Sloga", "county": "Vukovarsko-srijemska županija", "top_tier": 7, "top_league_name": "2. ŽNL VU (VSŽ)"}}, {"type": "Feature", "geometry": {"type": "Point", "coordinates": [18.6782096, 45.54993]}, "properties": {"id": 642, "slug": "sloga-1958-s", "canonical_name": "NK Sloga 1958 (S)", "short_name": "Sloga", "county": "Osječko-baranjska županija", "top_tier": 7, "top_league_name": "2. ŽNL Valpovo (OBŽ)"}}, {"type": "Feature", "geometry": {"type": "Point", "coordinates": [15.7825725, 45.7926619]}, "properties": {"id": 284, "slug": "sloga-zagreb", "canonical_name": "NK Sloga Zagreb", "short_name": "Sloga", "county": "Grad Zagreb", "fb_url": "https://www.facebook.com/NogometniklubSloga/", "top_tier": 7, "top_league_name": "2. Zagrebačka NL (Grad Zagreb)"}}, {"type": "Feature", "geometry": {"type": "Point", "coordinates": [14.5840689, 45.4405946]}, "properties": {"id": 452, "slug": "snjeznik", "canonical_name": "NK Snježnik", "short_name": "Snježnik", "county": "Primorsko-goranska županija", "top_tier": 7, "top_league_name": "2. ŽNL (PGŽ)"}}, {"type": "Feature", "geometry": {"type": "Point", "coordinates": [17.3875602, 45.8060459]}, "properties": {"id": 473, "slug": "sokol-m", "canonical_name": "NK Sokol (M)", "short_name": "Sokol", "county": "Virovitičko-podravska županija", "top_tier": 7, "top_league_name": "2. ŽNL ZAPAD (VPŽ)"}}, {"type": "Feature", "geometry": {"type": "Point", "coordinates": [16.580645, 45.6094159]}, "properties": {"id": 176, "slug": "sokol-r", "canonical_name": "NK Sokol (R)", "short_name": "Sokol", "county": "Sisačko-moslavačka županija", "top_tier": 7, "top_league_name": "2. ŽNL - NS Novska (SMŽ)"}}, {"type": "Feature", "geometry": {"type": "Point", "coordinates": [18.7517526, 45.232118]}, "properties": {"id": 690, "slug": "sremac-m", "canonical_name": "NK Sremac (M)", "short_name": "Sremac", "county": "Vukovarsko-srijemska županija", "top_tier": 7, "top_league_name": "2. ŽNL VK (VSŽ)"}}, {"type": "Feature", "geometry": {"type": "Point", "coordinates": [15.9181323, 45.7101155]}, "properties": {"id": 279, "slug": "strmec-zagreb", "canonical_name": "NK Strmec Zagreb", "short_name": "Strmec", "city": "Strmec", "county": "Grad Zagreb", "founded_year": 1947, "website": "https://nk-savastrmec.hr/", "top_tier": 7, "top_league_name": "2. Zagrebačka NL (Grad Zagreb)"}}, {"type": "Feature", "geometry": {"type": "Point", "coordinates": [16.9881539, 45.2796241]}, "properties": {"id": 182, "slug": "strug", "canonical_name": "NK Strug", "short_name": "Strug", "county": "Sisačko-moslavačka županija", "top_tier": 7, "top_league_name": "2. ŽNL - NS Novska (SMŽ)"}}, {"type": "Feature", "geometry": {"type": "Point", "coordinates": [17.7704975, 45.2648018]}, "properties": {"id": 501, "slug": "sulkovci", "canonical_name": "NK Sulkovci", "short_name": "Sulkovci", "county": "Požeško-slavonska županija", "top_tier": 7, "top_league_name": "2. ŽNL (PSŽ)"}}, {"type": "Feature", "geometry": {"type": "Point", "coordinates": [16.5866293, 45.3650296]}, "properties": {"id": 167, "slug": "sunjski", "canonical_name": "NK Sunjski", "short_name": "Sunjski", "county": "Sisačko-moslavačka županija", "top_tier": 7, "top_league_name": "2. ŽNL - NS Sisak (SMŽ)"}}, {"type": "Feature", "geometry": {"type": "Point", "coordinates": [18.2454828, 45.7392695]}, "properties": {"id": 472, "slug": "sveti-durad", "canonical_name": "NK Sveti Đurađ", "short_name": "Sveti", "county": "Osječko-baranjska županija", "top_tier": 7, "top_league_name": "2. ŽNL ZAPAD (VPŽ)"}}, {"type": "Feature", "geometry": {"type": "Point", "coordinates": [17.7077133, 45.1594197]}, "properties": {"id": 520, "slug": "svjetlost", "canonical_name": "NK Svjetlost", "short_name": "Svjetlost", "county": "Brodsko-posavska županija", "top_tier": 7, "top_league_name": "2. ŽNL Zapad (BPŽ)"}}, {"type": "Feature", "geometry": {"type": "Point", "coordinates": [16.9041385, 45.9800051]}, "properties": {"id": 397, "slug": "tomislav-b", "canonical_name": "NK Tomislav (B)", "short_name": "Tomislav", "county": "Bjelovarsko-bilogorska županija", "top_tier": 7, "top_league_name": "2. ŽNL (BBŽ)"}}, {"type": "Feature", "geometry": {"type": "Point", "coordinates": [15.8376747, 46.0921849]}, "properties": {"id": 254, "slug": "toplice", "canonical_name": "NK Toplice", "short_name": "Toplice", "county": "Krapinsko-zagorska županija", "top_tier": 7, "top_league_name": "2. ŽNL (KZŽ)"}}, {"type": "Feature", "geometry": {"type": "Point", "coordinates": [16.7166353, 45.9127697]}, "properties": {"id": 400, "slug": "tosk", "canonical_name": "NK Tosk", "short_name": "Tosk", "county": "Bjelovarsko-bilogorska županija", "top_tier": 7, "top_league_name": "2. ŽNL (BBŽ)"}}, {"type": "Feature", "geometry": {"type": "Point", "coordinates": [17.2192409, 45.887397]}, "properties": {"id": 468, "slug": "turnasica", "canonical_name": "NK Turnašica", "short_name": "Turnašica", "county": "Virovitičko-podravska županija", "top_tier": 7, "top_league_name": "2. ŽNL ZAPAD (VPŽ)"}}, {"type": "Feature", "geometry": {"type": "Point", "coordinates": [15.5599298, 45.568251]}, "properties": {"id": 305, "slug": "tuskani", "canonical_name": "NK Tuškani", "short_name": "Tuškani", "county": "Karlovačka županija", "top_tier": 7, "top_league_name": "2. ŽNL (Karlovačka)"}}, {"type": "Feature", "geometry": {"type": "Point", "coordinates": [16.3770589, 46.2760164]}, "properties": {"id": 376, "slug": "udarnik", "canonical_name": "NK Udarnik", "short_name": "Udarnik", "top_tier": 7, "top_league_name": "2. ŽNL (KKŽ)"}}, {"type": "Feature", "geometry": {"type": "Point", "coordinates": [16.9097857, 45.2633324]}, "properties": {"id": 181, "slug": "ustica", "canonical_name": "NK Uštica", "short_name": "Uštica", "county": "Sisačko-moslavačka županija", "top_tier": 7, "top_league_name": "2. ŽNL - NS Novska (SMŽ)"}}, {"type": "Feature", "geometry": {"type": "Point", "coordinates": [17.6662543, 45.8154349]}, "properties": {"id": 480, "slug": "vaska", "canonical_name": "NK Vaška", "short_name": "Vaška", "county": "Virovitičko-podravska županija", "top_tier": 7, "top_league_name": "2. ŽNL ISTOK (VPŽ)"}}, {"type": "Feature", "geometry": {"type": "Point", "coordinates": [15.868475, 46.1632492]}, "properties": {"id": 377, "slug": "zagorec", "canonical_name": "NK Zagorec", "short_name": "Zagorec", "top_tier": 7, "top_league_name": "2. ŽNL (KKŽ)"}}, {"type": "Feature", "geometry": {"type": "Point", "coordinates": [15.9933323, 45.7743335]}, "properties": {"id": 276, "slug": "zagreb-041", "canonical_name": "NK Zagreb 041", "short_name": "Zagreb", "city": "Zagreb", "county": "Grad Zagreb", "website": "https://nkzagreb041.hr/", "address": "Kombolova ulica 13, 10000 Zagreb", "fb_url": "https://www.facebook.com/nkzagreb041", "ig_url": "https://www.instagram.com/nk.zagreb041/", "top_tier": 7, "top_league_name": "2. Zagrebačka NL (Grad Zagreb)"}}, {"type": "Feature", "geometry": {"type": "Point", "coordinates": [17.1091104, 45.6761791]}, "properties": {"id": 398, "slug": "zdenka-91", "canonical_name": "NK Zdenka 91", "short_name": "Zdenka", "county": "Bjelovarsko-bilogorska županija", "top_tier": 7, "top_league_name": "2. ŽNL (BBŽ)"}}, {"type": "Feature", "geometry": {"type": "Point", "coordinates": [15.7501317, 45.6837321]}, "properties": {"id": 212, "slug": "zdencina", "canonical_name": "NK Zdenčina", "short_name": "Zdenčina", "top_tier": 7, "top_league_name": "2. ŽNL - Zapad (Zagrebačka)"}}, {"type": "Feature", "geometry": {"type": "Point", "coordinates": [16.3683289, 45.5008327]}, "properties": {"id": 163, "slug": "zeleni-brijeg", "canonical_name": "NK Zeleni Brijeg", "short_name": "Zeleni", "county": "Sisačko-moslavačka županija", "top_tier": 7, "top_league_name": "2. ŽNL - NS Sisak (SMŽ)"}}, {"type": "Feature", "geometry": {"type": "Point", "coordinates": [18.3657684, 45.6144726]}, "properties": {"id": 635, "slug": "zelcin", "canonical_name": "NK Zelčin", "short_name": "Zelčin", "county": "Osječko-baranjska županija", "top_tier": 7, "top_league_name": "2. ŽNL Valpovo (OBŽ)"}}, {"type": "Feature", "geometry": {"type": "Point", "coordinates": [18.0575436, 45.4743443]}, "properties": {"id": 620, "slug": "zoljan", "canonical_name": "NK Zoljan", "short_name": "Zoljan", "county": "Osječko-baranjska županija", "top_tier": 7, "top_league_name": "2. ŽNL Našice (OBŽ)"}}, {"type": "Feature", "geometry": {"type": "Point", "coordinates": [18.046028, 45.5427557]}, "properties": {"id": 596, "slug": "zrinski-d", "canonical_name": "NK Zrinski (D)", "short_name": "Zrinski", "county": "Osječko-baranjska županija", "top_tier": 7, "top_league_name": "2. ŽNL Đakovo (OBŽ)"}}, {"type": "Feature", "geometry": {"type": "Point", "coordinates": [18.9806231, 45.3484967]}, "properties": {"id": 689, "slug": "zrinski-t", "canonical_name": "NK Zrinski (T)", "short_name": "Zrinski", "county": "Vukovarsko-srijemska županija", "top_tier": 7, "top_league_name": "2. ŽNL VK (VSŽ)"}}, {"type": "Feature", "geometry": {"type": "Point", "coordinates": [16.8620402, 45.9275206]}, "properties": {"id": 407, "slug": "zvijerci", "canonical_name": "NK Zvijerci", "short_name": "Zvijerci", "county": "Bjelovarsko-bilogorska županija", "top_tier": 7, "top_league_name": "2. ŽNL (BBŽ)"}}, {"type": "Feature", "geometry": {"type": "Point", "coordinates": [16.0130762, 45.8268879]}, "properties": {"id": 287, "slug": "ciro-academy", "canonical_name": "NK Ćiro Academy", "short_name": "Ćiro", "city": "Zagreb", "county": "Grad Zagreb", "stadium_name": "SRC Prilesje", "website": "https://semafor.hns.family/klubovi/4576/nk-ciro-academy/", "phone": "097 7398 938", "address": "Prilesje 1f, 10000 Zagreb", "fb_url": "https://www.facebook.com/sharer/sharer.php?u=https%3a%2f%2fsemafor.hns.family%2fklubovi%2f4576%2fnk-ciro-academy%2f", "x_url": "https://twitter.com/home?status=https%3a%2f%2fsemafor.hns.family%2fklubovi%2f4576%2fnk-ciro-academy%2f", "top_tier": 7, "top_league_name": "2. Zagrebačka NL (Grad Zagreb)"}}, {"type": "Feature", "geometry": {"type": "Point", "coordinates": [15.9587399, 45.7444809]}, "properties": {"id": 282, "slug": "cehi", "canonical_name": "NK Čehi", "short_name": "Čehi", "county": "Grad Zagreb", "fb_url": "https://www.facebook.com/nkcehi/?locale=hr_HR", "top_tier": 7, "top_league_name": "2. Zagrebačka NL (Grad Zagreb)"}}, {"type": "Feature", "geometry": {"type": "Point", "coordinates": [16.2739499, 46.2021575]}, "properties": {"id": 316, "slug": "cevo", "canonical_name": "NK Čevo", "short_name": "Čevo", "county": "Varaždinska županija", "top_tier": 7, "top_league_name": "2. ŽNL (VŽŽ)"}}, {"type": "Feature", "geometry": {"type": "Point", "coordinates": [16.3208953, 45.443349]}, "properties": {"id": 165, "slug": "cesko-selo", "canonical_name": "NK Češko Selo", "short_name": "Češko", "county": "Sisačko-moslavačka županija", "top_tier": 7, "top_league_name": "2. ŽNL - NS Sisak (SMŽ)"}}, {"type": "Feature", "geometry": {"type": "Point", "coordinates": [16.0685446, 45.8183266]}, "properties": {"id": 281, "slug": "culinec", "canonical_name": "NK Čulinec", "short_name": "Čulinec", "city": "Zagreb", "county": "Grad Zagreb", "website": "https://nkculinec.hr/", "email": "info@nkculinec.hr", "address": "Palma 38, 10040 Zagreb", "top_tier": 7, "top_league_name": "2. Zagrebačka NL (Grad Zagreb)"}}, {"type": "Feature", "geometry": {"type": "Point", "coordinates": [16.658569, 45.9897864]}, "properties": {"id": 374, "slug": "cvrstec", "canonical_name": "NK Čvrstec", "short_name": "Čvrstec", "county": "Koprivničko-križevačka županija", "top_tier": 7, "top_league_name": "2. ŽNL (KKŽ)"}}, {"type": "Feature", "geometry": {"type": "Point", "coordinates": [18.0482856, 45.5430881]}, "properties": {"id": 613, "slug": "durdenovac", "canonical_name": "NK Đurđenovac", "short_name": "Đurđenovac", "county": "Osječko-baranjska županija", "top_tier": 7, "top_league_name": "2. ŽNL Našice (OBŽ)"}}, {"type": "Feature", "geometry": {"type": "Point", "coordinates": [16.7967034, 45.5166473]}, "properties": {"id": 151, "slug": "sartovac", "canonical_name": "NK Šartovac", "short_name": "Šartovac", "county": "Sisačko-moslavačka županija", "top_tier": 7, "top_league_name": "2. ŽNL - NS Kutina (SMŽ)"}}, {"type": "Feature", "geometry": {"type": "Point", "coordinates": [18.0320121, 45.5883247]}, "properties": {"id": 603, "slug": "sokadija-d", "canonical_name": "NK Šokadija (D)", "short_name": "Šokadija", "county": "Osječko-baranjska županija", "top_tier": 7, "top_league_name": "2. ŽNL Beli Manastir (OBŽ)"}}, {"type": "Feature", "geometry": {"type": "Point", "coordinates": [18.5542819, 45.2871775]}, "properties": {"id": 692, "slug": "sokadija-sm", "canonical_name": "NK Šokadija (SM)", "short_name": "Šokadija", "county": "Vukovarsko-srijemska županija", "top_tier": 7, "top_league_name": "2. ŽNL VK (VSŽ)"}}, {"type": "Feature", "geometry": {"type": "Point", "coordinates": [18.5542819, 45.2871775]}, "properties": {"id": 691, "slug": "sokadija", "canonical_name": "NK Šokadija (Đ)", "short_name": "Šokadija", "county": "Vukovarsko-srijemska županija", "top_tier": 7, "top_league_name": "2. ŽNL VK (VSŽ)"}}, {"type": "Feature", "geometry": {"type": "Point", "coordinates": [15.0160702, 45.4217258]}, "properties": {"id": 453, "slug": "zeljeznicar-m", "canonical_name": "NK Željezničar (M)", "short_name": "Željezničar", "county": "Primorsko-goranska županija", "top_tier": 7, "top_league_name": "2. ŽNL (PGŽ)"}}, {"type": "Feature", "geometry": {"type": "Point", "coordinates": [18.6816406, 45.5548627]}, "properties": {"id": 618, "slug": "zeljeznicar-mn", "canonical_name": "NK Željezničar (MN)", "short_name": "Željezničar", "county": "Osječko-baranjska županija", "top_tier": 7, "top_league_name": "2. ŽNL Našice (OBŽ)"}}, {"type": "Feature", "geometry": {"type": "Point", "coordinates": [19.1693668, 45.22658]}, "properties": {"id": 699, "slug": "snk-lovas", "canonical_name": "ŠNK Lovas", "short_name": "Lovas", "county": "Vukovarsko-srijemska županija", "top_tier": 7, "top_league_name": "2. ŽNL VU (VSŽ)"}}, {"type": "Feature", "geometry": {"type": "Point", "coordinates": [16.7250754, 46.2429343]}, "properties": {"id": 318, "slug": "snk-lunjkovec", "canonical_name": "ŠNK Lunjkovec", "short_name": "Lunjkovec", "county": "Varaždinska županija", "top_tier": 7, "top_league_name": "2. ŽNL (VŽŽ)"}}, {"type": "Feature", "geometry": {"type": "Point", "coordinates": [16.4596598, 46.2115597]}, "properties": {"id": 314, "slug": "snk-polet-m", "canonical_name": "ŠNK Polet (M)", "short_name": "Polet", "county": "Varaždinska županija", "top_tier": 7, "top_league_name": "2. ŽNL (VŽŽ)"}}, {"type": "Feature", "geometry": {"type": "Point", "coordinates": [16.5766793, 46.2630004]}, "properties": {"id": 320, "slug": "snk-poljanec", "canonical_name": "ŠNK Poljanec", "short_name": "Poljanec", "county": "Varaždinska županija", "top_tier": 7, "top_league_name": "2. ŽNL (VŽŽ)"}}, {"type": "Feature", "geometry": {"type": "Point", "coordinates": [16.6974549, 46.2699526]}, "properties": {"id": 315, "slug": "snk-poljoprivrednik", "canonical_name": "ŠNK Poljoprivrednik", "short_name": "Poljoprivrednik", "county": "Varaždinska županija", "top_tier": 7, "top_league_name": "2. ŽNL (VŽŽ)"}}, {"type": "Feature", "geometry": {"type": "Point", "coordinates": [18.3988388, 45.2510944]}, "properties": {"id": 590, "slug": "snk-ratar", "canonical_name": "ŠNK Ratar", "short_name": "Ratar", "county": "Osječko-baranjska županija", "top_tier": 7, "top_league_name": "2. ŽNL Đakovo (OBŽ)"}}, {"type": "Feature", "geometry": {"type": "Point", "coordinates": [18.6867473, 45.559801]}, "properties": {"id": 647, "slug": "snk-sokol-r", "canonical_name": "ŠNK Sokol (R)", "short_name": "Sokol", "county": "Osječko-baranjska županija", "top_tier": 7, "top_league_name": "2. ŽNL Donji Miholjac (OBŽ)"}}, {"type": "Feature", "geometry": {"type": "Point", "coordinates": [16.3861922, 45.4705143]}, "properties": {"id": 184, "slug": "snk-stari-grad", "canonical_name": "ŠNK Stari Grad", "short_name": "Stari", "county": "Sisačko-moslavačka županija", "top_tier": 7, "top_league_name": "2. ŽNL - NS Novska (SMŽ)"}}, {"type": "Feature", "geometry": {"type": "Point", "coordinates": [17.0646813, 45.7994716]}, "properties": {"id": 421, "slug": "hajduk-lb", "canonical_name": "HNK Hajduk (LB)", "short_name": "Hajduk", "county": "Bjelovarsko-bilogorska županija", "top_tier": 8, "top_league_name": "3. ŽNL SJEVER (BBŽ)"}}, {"type": "Feature", "geometry": {"type": "Point", "coordinates": [16.9557331, 45.9366157]}, "properties": {"id": 425, "slug": "jovaca-ms", "canonical_name": "HNK Jovača (MS)", "short_name": "Jovača", "county": "Bjelovarsko-bilogorska županija", "fb_url": "https://www.facebook.com/jovaca12/?locale=hr_HR", "top_tier": 8, "top_league_name": "3. ŽNL JUG (BBŽ)"}}, {"type": "Feature", "geometry": {"type": "Point", "coordinates": [17.0089347, 45.8274542]}, "properties": {"id": 413, "slug": "bedenik", "canonical_name": "NK Bedenik", "short_name": "Bedenik", "city": "Bedenik", "county": "Bjelovarsko-bilogorska županija", "address": "BEDENIK 121/A, 43272 BEDENIK", "top_tier": 8, "top_league_name": "3. ŽNL SJEVER (BBŽ)"}}, {"type": "Feature", "geometry": {"type": "Point", "coordinates": [18.3966153, 45.696346]}, "properties": {"id": 653, "slug": "bistrinci", "canonical_name": "NK Bistrinci", "short_name": "Bistrinci", "city": "BISTRINCI", "county": "Osječko-baranjska županija", "address": "FISKULTURNA 35, 31551 BISTRINCI", "top_tier": 8, "top_league_name": "3. ŽNL Valpovo (OBŽ)"}}, {"type": "Feature", "geometry": {"type": "Point", "coordinates": [16.8519325, 45.5827915]}, "properties": {"id": 423, "slug": "brsljanica", "canonical_name": "NK Bršljanica", "short_name": "Bršljanica", "city": "Velika Bršljanica", "county": "Bjelovarsko-bilogorska županija", "founded_year": 2003, "stadium_name": "NK Bršljanica", "website": "https://semafor.hns.family/klubovi/1421/nk-brsljanica/", "address": "V. Bršljanica b. b., 43280 Garešnica, Velika Bršljanica", "fb_url": "https://www.facebook.com/sharer/sharer.php?u=https%3a%2f%2fsemafor.hns.family%2fklubovi%2f1421%2fnk-brsljanica%2f", "x_url": "https://twitter.com/home?status=https%3a%2f%2fsemafor.hns.family%2fklubovi%2f1421%2fnk-brsljanica%2f", "top_tier": 8, "top_league_name": "3. ŽNL JUG (BBŽ)"}}, {"type": "Feature", "geometry": {"type": "Point", "coordinates": [16.7060825, 46.2854636]}, "properties": {"id": 328, "slug": "bukovcan", "canonical_name": "NK Bukovčan", "short_name": "Bukovčan", "city": "Mali Bukovec", "county": "Varaždinska županija", "founded_year": 1927, "email": "snk.bukovcan27@gmail.com", "phone": "097/741-6481", "address": "Pavleka Miškine 2, 42231 Mali Bukovec", "president": "Nikola Krušelj", "top_tier": 8, "top_league_name": "3. ŽNL Ludbreg (VŽŽ)"}}, {"type": "Feature", "geometry": {"type": "Point", "coordinates": [16.8383912, 45.8674588]}, "properties": {"id": 415, "slug": "bsk-brezovac", "canonical_name": "NK BŠK Brezovac", "short_name": "BŠK", "county": "Bjelovarsko-bilogorska županija", "website": "https://sportskazajednicabjelovar.hr/", "email": "nk.bsk.brezovac@gmail.com", "phone": "098 811 183", "address": "Športska ulica 5, Brezovac", "top_tier": 8, "top_league_name": "3. ŽNL SJEVER (BBŽ)"}}, {"type": "Feature", "geometry": {"type": "Point", "coordinates": [18.4124165, 45.3040641]}, "properties": {"id": 660, "slug": "croatia-v", "canonical_name": "NK Croatia (V)", "short_name": "Croatia", "city": "Velimirovac", "county": "Osječko-baranjska županija", "founded_year": 1998, "phone": "031/691-246", "address": "BANA JELAČIĆA 53A, 31500, Velimirovac, Hrvatska", "president": "MARIJAN HRŽENJAK", "top_tier": 8, "top_league_name": "3. ŽNL Valpovo (OBŽ)"}}, {"type": "Feature", "geometry": {"type": "Point", "coordinates": [16.7881302, 45.9156493]}, "properties": {"id": 410, "slug": "croatia-klokocevac", "canonical_name": "NK Croatia Klokočevac", "short_name": "Croatia", "city": "Bjelovar", "county": "Bjelovarsko-bilogorska županija", "website": "https://sportskazajednicabjelovar.hr/", "email": "zcanadija@gmail.com", "phone": "099 222 9690", "address": "Klokočevac 93a Bjelovar", "president": "Žarko Čanađija", "top_tier": 8, "top_league_name": "3. ŽNL SJEVER (BBŽ)"}}, {"type": "Feature", "geometry": {"type": "Point", "coordinates": [16.5316966, 45.7233475]}, "properties": {"id": 419, "slug": "dapci", "canonical_name": "NK Dapci", "short_name": "Dapci", "city": "Dapci", "county": "Bjelovarsko-bilogorska županija", "founded_year": 1977, "stadium_name": "NK Dapci", "website": "https://semafor.hns.family/en/clubs/1387/nk-dapci/", "address": "Dapci B. B., Čazma, 43240 Dapci", "fb_url": "https://www.facebook.com/sharer/sharer.php?u=https%3a%2f%2fsemafor.hns.family%2fen%2fclubs%2f1387%2fnk-dapci%2f", "x_url": "https://twitter.com/home?status=https%3a%2f%2fsemafor.hns.family%2fen%2fclubs%2f1387%2fnk-dapci%2f", "top_tier": 8, "top_league_name": "3. ŽNL SJEVER (BBŽ)"}}, {"type": "Feature", "geometry": {"type": "Point", "coordinates": [18.1536639, 45.2416141]}, "properties": {"id": 534, "slug": "dilj-k", "canonical_name": "NK Dilj (K)", "short_name": "Dilj", "county": "Brodsko-posavska županija", "top_tier": 8, "top_league_name": "3. ŽNL Istok (BPŽ)"}}, {"type": "Feature", "geometry": {"type": "Point", "coordinates": [16.782004, 45.9389337]}, "properties": {"id": 427, "slug": "dinamo-d", "canonical_name": "NK Dinamo (D)", "short_name": "Dinamo", "city": "Bjelovar", "county": "Bjelovarsko-bilogorska županija", "website": "https://nkbjelovar.hr/", "email": "nk.bjelovar@gmail.com", "phone": "043/212-600", "address": "Poljana Dr. Franje Tuđmana 5, 43 000 Bjelovar", "president": "Ivan Ščrbašić", "top_tier": 8, "top_league_name": "3. ŽNL JUG (BBŽ)"}}, {"type": "Feature", "geometry": {"type": "Point", "coordinates": [16.7313964, 46.3164146]}, "properties": {"id": 356, "slug": "drava-sp", "canonical_name": "NK Drava (SP)", "short_name": "Drava", "top_tier": 8, "top_league_name": "3. ŽNL (KKŽ)"}}, {"type": "Feature", "geometry": {"type": "Point", "coordinates": [18.1554033, 45.1689901]}, "properties": {"id": 531, "slug": "dubrava-z", "canonical_name": "NK Dubrava (Z)", "short_name": "Dubrava", "county": "Brodsko-posavska županija", "top_tier": 8, "top_league_name": "3. ŽNL Istok (BPŽ)"}}, {"type": "Feature", "geometry": {"type": "Point", "coordinates": [18.0161918, 45.1931654]}, "properties": {"id": 540, "slug": "gaj-z", "canonical_name": "NK Gaj (Z)", "short_name": "Gaj", "county": "Brodsko-posavska županija", "top_tier": 8, "top_league_name": "3. ŽNL Zapad (BPŽ)"}}, {"type": "Feature", "geometry": {"type": "Point", "coordinates": [16.8524578, 45.8439994]}, "properties": {"id": 420, "slug": "galovac", "canonical_name": "NK Galovac", "short_name": "Galovac", "county": "Bjelovarsko-bilogorska županija", "top_tier": 8, "top_league_name": "3. ŽNL SJEVER (BBŽ)"}}, {"type": "Feature", "geometry": {"type": "Point", "coordinates": [18.3246957, 45.7023377]}, "properties": {"id": 656, "slug": "gat", "canonical_name": "NK Gat", "short_name": "Gat", "county": "Osječko-baranjska županija", "top_tier": 8, "top_league_name": "3. ŽNL Valpovo (OBŽ)"}}, {"type": "Feature", "geometry": {"type": "Point", "coordinates": [17.9808798, 45.1777369]}, "properties": {"id": 547, "slug": "granicar-mm", "canonical_name": "NK Graničar (MM)", "short_name": "Graničar", "county": "Brodsko-posavska županija", "top_tier": 8, "top_league_name": "3. ŽNL Zapad (BPŽ)"}}, {"type": "Feature", "geometry": {"type": "Point", "coordinates": [18.2541647, 45.7344702]}, "properties": {"id": 655, "slug": "hrvatski-sokol-b", "canonical_name": "NK Hrvatski Sokol (B)", "short_name": "Hrvatski", "county": "Osječko-baranjska županija", "top_tier": 8, "top_league_name": "3. ŽNL Valpovo (OBŽ)"}}, {"type": "Feature", "geometry": {"type": "Point", "coordinates": [16.7848726, 45.956687]}, "properties": {"id": 409, "slug": "hrvatski-sokol-p", "canonical_name": "NK Hrvatski Sokol (P)", "short_name": "Hrvatski", "county": "Bjelovarsko-bilogorska županija", "top_tier": 8, "top_league_name": "3. ŽNL SJEVER (BBŽ)"}}, {"type": "Feature", "geometry": {"type": "Point", "coordinates": [17.0843202, 45.6376574]}, "properties": {"id": 432, "slug": "ilova", "canonical_name": "NK Ilova", "short_name": "Ilova", "county": "Bjelovarsko-bilogorska županija", "top_tier": 8, "top_league_name": "3. ŽNL JUG (BBŽ)"}}, {"type": "Feature", "geometry": {"type": "Point", "coordinates": [17.0563893, 45.6046613]}, "properties": {"id": 429, "slug": "imsovac", "canonical_name": "NK Imsovac", "short_name": "Imsovac", "county": "Bjelovarsko-bilogorska županija", "top_tier": 8, "top_league_name": "3. ŽNL JUG (BBŽ)"}}, {"type": "Feature", "geometry": {"type": "Point", "coordinates": [18.4168785, 45.3014894]}, "properties": {"id": 361, "slug": "jedinstvo", "canonical_name": "NK Jedinstvo", "short_name": "Jedinstvo", "top_tier": 8, "top_league_name": "3. ŽNL (KKŽ)"}}, {"type": "Feature", "geometry": {"type": "Point", "coordinates": [16.8114639, 45.858585]}, "properties": {"id": 411, "slug": "korenovo", "canonical_name": "NK Korenovo", "short_name": "Korenovo", "county": "Bjelovarsko-bilogorska županija", "top_tier": 8, "top_league_name": "3. ŽNL SJEVER (BBŽ)"}}, {"type": "Feature", "geometry": {"type": "Point", "coordinates": [18.6999882, 45.5515869]}, "properties": {"id": 654, "slug": "mladost-h", "canonical_name": "NK Mladost (H)", "short_name": "Mladost", "county": "Osječko-baranjska županija", "top_tier": 8, "top_league_name": "3. ŽNL Valpovo (OBŽ)"}}, {"type": "Feature", "geometry": {"type": "Point", "coordinates": [16.8653247, 45.8829485]}, "properties": {"id": 416, "slug": "mladost-np", "canonical_name": "NK Mladost (NP)", "short_name": "Mladost", "county": "Bjelovarsko-bilogorska županija", "top_tier": 8, "top_league_name": "3. ŽNL SJEVER (BBŽ)"}}, {"type": "Feature", "geometry": {"type": "Point", "coordinates": [17.3804903, 45.284731]}, "properties": {"id": 542, "slug": "mladost-1977", "canonical_name": "NK Mladost 1977", "short_name": "Mladost", "county": "Brodsko-posavska županija", "top_tier": 8, "top_league_name": "3. ŽNL Zapad (BPŽ)"}}, {"type": "Feature", "geometry": {"type": "Point", "coordinates": [16.8298033, 45.7413636]}, "properties": {"id": 418, "slug": "moslavina-dp", "canonical_name": "NK Moslavina (DP)", "short_name": "Moslavina", "county": "Bjelovarsko-bilogorska županija", "top_tier": 8, "top_league_name": "3. ŽNL SJEVER (BBŽ)"}}, {"type": "Feature", "geometry": {"type": "Point", "coordinates": [18.7941164, 45.298096]}, "properties": {"id": 367, "slug": "polet", "canonical_name": "NK Polet", "short_name": "Polet", "top_tier": 8, "top_league_name": "3. ŽNL (KKŽ)"}}, {"type": "Feature", "geometry": {"type": "Point", "coordinates": [16.7514286, 45.8278629]}, "properties": {"id": 428, "slug": "polet-u", "canonical_name": "NK Polet (U)", "short_name": "Polet", "county": "Bjelovarsko-bilogorska županija", "top_tier": 8, "top_league_name": "3. ŽNL JUG (BBŽ)"}}, {"type": "Feature", "geometry": {"type": "Point", "coordinates": [15.7940169, 46.1805003]}, "properties": {"id": 362, "slug": "prigorje", "canonical_name": "NK Prigorje", "short_name": "Prigorje", "top_tier": 8, "top_league_name": "3. ŽNL (KKŽ)"}}, {"type": "Feature", "geometry": {"type": "Point", "coordinates": [16.5208886, 46.0292845]}, "properties": {"id": 364, "slug": "radnicki", "canonical_name": "NK Radnički", "short_name": "Radnički", "top_tier": 8, "top_league_name": "3. ŽNL (KKŽ)"}}, {"type": "Feature", "geometry": {"type": "Point", "coordinates": [16.8845703, 45.5202593]}, "properties": {"id": 431, "slug": "radnicki-vv", "canonical_name": "NK Radnički (VV)", "short_name": "Radnički", "county": "Bjelovarsko-bilogorska županija", "top_tier": 8, "top_league_name": "3. ŽNL JUG (BBŽ)"}}, {"type": "Feature", "geometry": {"type": "Point", "coordinates": [17.1633818, 45.6380638]}, "properties": {"id": 430, "slug": "ribar-ki", "canonical_name": "NK Ribar (KI)", "short_name": "Ribar", "county": "Bjelovarsko-bilogorska županija", "top_tier": 8, "top_league_name": "3. ŽNL JUG (BBŽ)"}}, {"type": "Feature", "geometry": {"type": "Point", "coordinates": [16.0169291, 45.7982404]}, "properties": {"id": 363, "slug": "rudar-b", "canonical_name": "NK Rudar (B)", "short_name": "Rudar", "top_tier": 8, "top_league_name": "3. ŽNL (KKŽ)"}}, {"type": "Feature", "geometry": {"type": "Point", "coordinates": [18.2098233, 45.1786808]}, "properties": {"id": 532, "slug": "sapci", "canonical_name": "NK Sapci", "short_name": "Sapci", "county": "Brodsko-posavska županija", "top_tier": 8, "top_league_name": "3. ŽNL Istok (BPŽ)"}}, {"type": "Feature", "geometry": {"type": "Point", "coordinates": [18.1634387, 45.184271]}, "properties": {"id": 539, "slug": "selna", "canonical_name": "NK Selna", "short_name": "Selna", "county": "Brodsko-posavska županija", "top_tier": 8, "top_league_name": "3. ŽNL Istok (BPŽ)"}}, {"type": "Feature", "geometry": {"type": "Point", "coordinates": [16.8374708, 45.8982315]}, "properties": {"id": 414, "slug": "signal", "canonical_name": "NK Signal", "short_name": "Signal", "county": "Bjelovarsko-bilogorska županija", "top_tier": 8, "top_league_name": "3. ŽNL SJEVER (BBŽ)"}}, {"type": "Feature", "geometry": {"type": "Point", "coordinates": [18.8103933, 45.3052313]}, "properties": {"id": 417, "slug": "slavija", "canonical_name": "NK Slavija", "short_name": "Slavija", "top_tier": 8, "top_league_name": "3. ŽNL SJEVER (BBŽ)"}}, {"type": "Feature", "geometry": {"type": "Point", "coordinates": [18.0125457, 45.1609934]}, "properties": {"id": 541, "slug": "slavonac-sk", "canonical_name": "NK Slavonac (SK)", "short_name": "Slavonac", "county": "Brodsko-posavska županija", "top_tier": 8, "top_league_name": "3. ŽNL Zapad (BPŽ)"}}, {"type": "Feature", "geometry": {"type": "Point", "coordinates": [17.5446699, 45.2658412]}, "properties": {"id": 359, "slug": "sokol", "canonical_name": "NK Sokol", "short_name": "Sokol", "top_tier": 8, "top_league_name": "3. ŽNL (KKŽ)"}}, {"type": "Feature", "geometry": {"type": "Point", "coordinates": [17.2225016, 45.5953497]}, "properties": {"id": 422, "slug": "sokol-s", "canonical_name": "NK Sokol (S)", "short_name": "Sokol", "county": "Bjelovarsko-bilogorska županija", "top_tier": 8, "top_league_name": "3. ŽNL JUG (BBŽ)"}}, {"type": "Feature", "geometry": {"type": "Point", "coordinates": [16.6513854, 46.2965816]}, "properties": {"id": 325, "slug": "struga", "canonical_name": "NK Struga", "short_name": "Struga", "county": "Varaždinska županija", "top_tier": 8, "top_league_name": "3. ŽNL Ludbreg (VŽŽ)"}}, {"type": "Feature", "geometry": {"type": "Point", "coordinates": [18.6153058, 45.5275454]}, "properties": {"id": 659, "slug": "tomislav-s", "canonical_name": "NK Tomislav (Š)", "short_name": "Tomislav", "county": "Osječko-baranjska županija", "top_tier": 8, "top_league_name": "3. ŽNL Valpovo (OBŽ)"}}, {"type": "Feature", "geometry": {"type": "Point", "coordinates": [18.0172652, 45.153792]}, "properties": {"id": 530, "slug": "zdenac", "canonical_name": "NK Zdenac", "short_name": "Zdenac", "county": "Brodsko-posavska županija", "top_tier": 8, "top_league_name": "3. ŽNL Istok (BPŽ)"}}, {"type": "Feature", "geometry": {"type": "Point", "coordinates": [16.8373093, 45.8954436]}, "properties": {"id": 412, "slug": "zrinski-zt", "canonical_name": "NK Zrinski (ZT)", "short_name": "Zrinski", "county": "Bjelovarsko-bilogorska županija", "top_tier": 8, "top_league_name": "3. ŽNL SJEVER (BBŽ)"}}, {"type": "Feature", "geometry": {"type": "Point", "coordinates": [18.3646902, 45.6632049]}, "properties": {"id": 657, "slug": "zrinski-vinogradci", "canonical_name": "NK Zrinski Vinogradci", "short_name": "Zrinski", "county": "Osječko-baranjska županija", "top_tier": 8, "top_league_name": "3. ŽNL Valpovo (OBŽ)"}}, {"type": "Feature", "geometry": {"type": "Point", "coordinates": [17.0178769, 45.9048098]}, "properties": {"id": 408, "slug": "onk-sandrovac", "canonical_name": "ONK Šandrovac", "short_name": "ONK", "county": "Bjelovarsko-bilogorska županija", "top_tier": 8, "top_league_name": "3. ŽNL SJEVER (BBŽ)"}}, {"type": "Feature", "geometry": {"type": "Point", "coordinates": [15.9121081, 46.2784528]}, "properties": {"id": 327, "slug": "snk-gora", "canonical_name": "ŠNK Gora", "short_name": "Gora", "county": "Varaždinska županija", "top_tier": 8, "top_league_name": "3. ŽNL Ludbreg (VŽŽ)"}}, {"type": "Feature", "geometry": {"type": "Point", "coordinates": [16.628775, 46.287686]}, "properties": {"id": 324, "slug": "snk-karlovec", "canonical_name": "ŠNK Karlovec", "short_name": "Karlovec", "county": "Varaždinska županija", "top_tier": 8, "top_league_name": "3. ŽNL Ludbreg (VŽŽ)"}}, {"type": "Feature", "geometry": {"type": "Point", "coordinates": [16.3323699, 46.2841551]}, "properties": {"id": 329, "slug": "snk-mladost-sp", "canonical_name": "ŠNK Mladost (SP)", "short_name": "Mladost", "county": "Varaždinska županija", "top_tier": 8, "top_league_name": "3. ŽNL Ludbreg (VŽŽ)"}}, {"type": "Feature", "geometry": {"type": "Point", "coordinates": [16.7088886, 46.2902912]}, "properties": {"id": 326, "slug": "snk-sloga", "canonical_name": "ŠNK Sloga", "short_name": "Sloga", "county": "Varaždinska županija", "top_tier": 8, "top_league_name": "3. ŽNL Ludbreg (VŽŽ)"}}]}