dataset_naslov,dataset_name,format,resurs,url,zadnja_izmjena
Broj smještajnih objekata Grada Zagreba,broj-smjestajnih-objekata-grada-zagreba,CSV,Smještaji za odmor,https://data.zagreb.hr/dataset/a5a94d2f-47ae-4fe7-8e47-bb2f2de7c29f/resource/1962ea2e-8330-480f-a70a-8b9871012221/download/smjestajizaodmort.csv,2016-06-30
Brownfield površine,brownfield-povrsine,CSV,Brownfield površine na području Zagreba,https://opendata.arcgis.com/api/v3/datasets/6a86bf7404fe4cbc88a15ac86856da19_0/downloads/data?format=csv&spatialRefId=4326&where=1%3D1,2023-04-26
Brownfield površine,brownfield-povrsine,GEOJSON,Brownfield površine na području Zagreba,https://opendata.arcgis.com/api/v3/datasets/6a86bf7404fe4cbc88a15ac86856da19_0/downloads/data?format=geojson&spatialRefId=4326&where=1%3D1,2023-04-26
Dimnjačarske koncesije,dimnjacarske-koncesije,CSV,Dimnjačarske koncesije ,https://data.zagreb.hr/dataset/513ecc41-78b8-47b8-8727-adfe0df14c7b/resource/50d16a78-9efa-410b-a191-a55f74996c26/download/dimnjacark.csv,2016-06-30
Dobitnice Nagrade Zagrepčanka godine,dobitnice-nagrade-grada-zagreba,CSV,Dobitnice Nagrade Zagrepčanka godine,https://data.zagreb.hr/dataset/74cd51fa-03e3-4793-a908-de8f53832d54/resource/9d3712ac-1866-4c46-91d7-751c592c6dbf/download/dobitnce-nagrade-zagrepanka-godine-csv.csv,2026-02-25
Dobitnici Nagrade Grada Zagreba,dobitnici-nagrade-grada-zagreba,CSV,Dobitnici Nagrade Grada Zagreba,https://data.zagreb.hr/dataset/566e1cb6-1872-4b66-9067-6ca700235d7b/resource/077328a3-bc0a-4b97-99b9-a39725593c98/download/dobitnici-nagrade-grada-zagreba-csv.csv,2026-04-24
Dobitnici Nagrade Luka Ritz - Nasilje nije hrabrost,dobitnici-nagrade-luka-ritz-nasilje-nije-hrabrost,CSV,Dobitnici Nagrade Luka Ritz - Nasilje nije hrabrost,https://data.zagreb.hr/dataset/f1b4c779-620d-4ffc-bd22-947a3c5d43db/resource/d610517e-d99e-4127-a3f0-edcf1a72757d/download/dobitnici-nagrade-luka-ritz-nasilje-nije-hrabrost-csv.csv,2025-10-17
Evakuacijske površine Grada Zagreba,evakuacijske-povrsine,GEOJSON,Evakuacijske površine Grada Zagreba,https://data.zagreb.hr/dataset/b3c27d0f-b9b5-4140-b0cf-670e5cc1c19b/resource/479205c7-f75a-46a6-ac38-1499fcdca3d3/download/evakuacijske_povrsine.geojson,2024-12-18
Evidencija telekomunikacijskih ormarića Digitalnog grada,evidencija-telekomunikacijskih-ormarica,CSV,Evidencija telekomunikacijskih ormarića Digitalnog grada,https://data.zagreb.hr/dataset/5ef7a8f1-eadb-4589-90af-fc8f092aa403/resource/45fc2ed2-4b68-4730-af2d-9ddfa69c0388/download/telormari.csv,2019-04-29
Financijski izvještaji za razdoblje od 01. siječnja do 30. lipnja 2016,financijski-izvjestaji-za-razdoblje-od-01-sijecnja-do-30-lipnja-2016,CSV,Izvještaj o obvezama za razdoblje za razdoblje 1. siječnja do 30. lipnja 2016. godine,https://data.zagreb.hr/dataset/439bdf8f-5073-442e-add5-e293e7bde085/resource/6c6d7727-1459-49e2-aaf1-a855918ef6e1/download/obveze-06-2016.csv,2016-11-03
Financijski izvještaji za razdoblje od 01. siječnja do 30. lipnja 2016,financijski-izvjestaji-za-razdoblje-od-01-sijecnja-do-30-lipnja-2016,CSV,"Izvještaj o prihodima i rashodima, primicima i izdacima za razdoblje 1. siječnja do 30. lipnja 2016. godine",https://data.zagreb.hr/dataset/439bdf8f-5073-442e-add5-e293e7bde085/resource/505868aa-64f2-432a-9d71-0c4a031f0741/download/pr-ras-06-2016.csv,2016-11-03
Financijski izvještaji za razdoblje od 01. siječnja do 30. lipnja 2016,financijski-izvjestaji-za-razdoblje-od-01-sijecnja-do-30-lipnja-2016,CSV,"Izvještaji proračuna, proračunskih i izvanproračunskih korisnika za razdoblje: 1. siječnja do 30. lipnja 2016. godine",https://data.zagreb.hr/dataset/439bdf8f-5073-442e-add5-e293e7bde085/resource/2a52c1dd-d862-4cbe-9082-d5943a78608f/download/referentna-stranica-06-2016.csv,2016-11-03
Financijski izvještaji za razdoblje od 01. siječnja do 31. prosinca 2014,financijski-izvjestaji-za-razdoblje-od-01-sijecnja-do-31-prosinca-2014,CSV,"Bilanca, stanje na dan 31. prosinca 2014. godine",https://data.zagreb.hr/dataset/d7a65280-5551-4bda-a397-eac87e244053/resource/65adc70c-b225-468f-8a73-bfe4eb7d3580/download/bilanca-12-2014.csv,2016-11-03
Financijski izvještaji za razdoblje od 01. siječnja do 31. prosinca 2014,financijski-izvjestaji-za-razdoblje-od-01-sijecnja-do-31-prosinca-2014,CSV,Izvještaj o novčanim tijekovima za razdoblje 1. siječnja do 31. prosinca 2014. godine,https://data.zagreb.hr/dataset/d7a65280-5551-4bda-a397-eac87e244053/resource/b30ce930-7897-437b-8892-12dcfa90de2f/download/nt-12-2014.csv,2016-11-03
Financijski izvještaji za razdoblje od 01. siječnja do 31. prosinca 2014,financijski-izvjestaji-za-razdoblje-od-01-sijecnja-do-31-prosinca-2014,CSV,Izvještaj o obvezama za razdoblje 1. listopada do 31. prosinca 2014. godine,https://data.zagreb.hr/dataset/d7a65280-5551-4bda-a397-eac87e244053/resource/46ad0d84-e067-47bc-8b4f-de1e24230f40/download/obveze-12-2014.csv,2016-11-03
Financijski izvještaji za razdoblje od 01. siječnja do 31. prosinca 2014,financijski-izvjestaji-za-razdoblje-od-01-sijecnja-do-31-prosinca-2014,CSV,"Izvještaj o prihodima i rashodima, primicima i izdacima za razdoblje 1. siječnja do 31. prosinca 2014. godine",https://data.zagreb.hr/dataset/d7a65280-5551-4bda-a397-eac87e244053/resource/fc391251-31d7-4ac7-a18b-38d717ee140c/download/pr-ras-12-2014.csv,2016-11-03
Financijski izvještaji za razdoblje od 01. siječnja do 31. prosinca 2014,financijski-izvjestaji-za-razdoblje-od-01-sijecnja-do-31-prosinca-2014,CSV,Izvještaj o promjenama u vrijednosti i obujmu imovine i obveza za razdoblje 1. siječnja do 31. prosinca 2014. godine,https://data.zagreb.hr/dataset/d7a65280-5551-4bda-a397-eac87e244053/resource/3e99cb93-3868-4b3c-9b7b-8003a79f049d/download/p-vrio-12-2014.csv,2016-11-03
Financijski izvještaji za razdoblje od 01. siječnja do 31. prosinca 2014,financijski-izvjestaji-za-razdoblje-od-01-sijecnja-do-31-prosinca-2014,CSV,Izvještaj o rashodima prema funkcijskoj klasifikaciji za razdoblje 1. siječnja do 31. prosinca 2014. godine,https://data.zagreb.hr/dataset/d7a65280-5551-4bda-a397-eac87e244053/resource/6a1c3791-82f8-464f-96a5-13e1703db169/download/ras-funkcijski-12-2014.csv,2016-11-03
Financijski izvještaji za razdoblje od 01. siječnja do 31. prosinca 2014,financijski-izvjestaji-za-razdoblje-od-01-sijecnja-do-31-prosinca-2014,CSV,"Izvještaji proračuna, proračunskih i izvanproračunskih korisnika za razdoblje: 1. siječanj 2014. – 31. prosinac 2014.",https://data.zagreb.hr/dataset/d7a65280-5551-4bda-a397-eac87e244053/resource/43d15054-6d63-41bc-bf4e-3d145c35ea01/download/referentna-stranica-12-2014.csv,2016-11-03
Financijski izvještaji za razdoblje od 01. siječnja do 31. prosinca 2015,financijski-izvjestaji-za-razdoblje-od-01-sijecnja-do-31-prosinca-2015,CSV,"Bilanca, stanje na dan 31. prosinca 2015. godine",https://data.zagreb.hr/dataset/07b39e40-ce18-46a6-a342-93d76ede5762/resource/7926a1f7-bb76-4a47-b979-6582cb496a89/download/bilanca-12-2015.csv,2016-11-03
Financijski izvještaji za razdoblje od 01. siječnja do 31. prosinca 2015,financijski-izvjestaji-za-razdoblje-od-01-sijecnja-do-31-prosinca-2015,CSV,Izvještaj o obvezama za razdoblje 1. listopada do 31. prosinca 2015. godine,https://data.zagreb.hr/dataset/07b39e40-ce18-46a6-a342-93d76ede5762/resource/f664c4d4-c695-41c9-afa2-6179a859098a/download/obveze-12-2015.csv,2016-11-03
Financijski izvještaji za razdoblje od 01. siječnja do 31. prosinca 2015,financijski-izvjestaji-za-razdoblje-od-01-sijecnja-do-31-prosinca-2015,CSV,"Izvještaj o prihodima i rashodima, primicima i izdacima za razdoblje 1. siječnja do 31. prosinca 2015. godine",https://data.zagreb.hr/dataset/07b39e40-ce18-46a6-a342-93d76ede5762/resource/a5260282-92f1-49c4-92f4-da40115012ff/download/pr-ras-12-2015.csv,2016-11-03
Financijski izvještaji za razdoblje od 01. siječnja do 31. prosinca 2015,financijski-izvjestaji-za-razdoblje-od-01-sijecnja-do-31-prosinca-2015,CSV,Izvještaj o promjenama u vrijednosti i obujmu imovine i obveza za razdoblje 1. siječnja do 31. prosinca 2015. godine,https://data.zagreb.hr/dataset/07b39e40-ce18-46a6-a342-93d76ede5762/resource/06f05c34-954f-4cfa-b66c-a6590f5ad673/download/p-vrio-12-2015.csv,2016-11-03
Financijski izvještaji za razdoblje od 01. siječnja do 31. prosinca 2015,financijski-izvjestaji-za-razdoblje-od-01-sijecnja-do-31-prosinca-2015,CSV,Izvještaj o rashodima prema funkcijskoj klasifikaciji za razdoblje 1. siječnja do 31. prosinca 2015. godine,https://data.zagreb.hr/dataset/07b39e40-ce18-46a6-a342-93d76ede5762/resource/04e283cf-b875-4402-bd08-30d5ca7422ed/download/ras-funkcijski-12-2015.csv,2016-11-03
Financijski izvještaji za razdoblje od 01. siječnja do 31. prosinca 2015,financijski-izvjestaji-za-razdoblje-od-01-sijecnja-do-31-prosinca-2015,CSV,"Izvještaji proračuna, proračunskih i izvanproračunskih korisnika za razdoblje: 1. siječanj 2015. – 31. prosinac 2015.",https://data.zagreb.hr/dataset/07b39e40-ce18-46a6-a342-93d76ede5762/resource/9c1e58bc-f258-4d8a-92ea-18d200d0f056/download/referentna-stranica-12-2015.csv,2016-11-03
Galerije grada Zagreba,galerije,CSV,Galerije grada Zagreba,https://data.zagreb.hr/dataset/9f037f7f-1dc3-47c9-a960-08c293edfc7c/resource/5df44c07-ba5e-43ca-b279-b1fed3f07606/download/galerije-csv.csv,2023-04-04
Geoportal Autobusna stajališta ZET,autobusna-stajalista-zet,GEOJSON,Geoportal Autobusna stajališta ZET,https://data.zagreb.hr/dataset/cc7e45ae-4bad-4a07-bca2-25e82f1e082c/resource/3b12a182-afa3-4b07-833f-17d8bcf80ea9/download/data.geojson,2026-08-01
Geoportal Crkve (Rimokatoličke Župe),geoportal-crkve-rimokatolicke-zupe,CSV,Geoportal Crkve (Rimokatoličke Župe),https://opendata.arcgis.com/api/v3/datasets/97dd39a14cdf4ce38bc3cb8ef484728a_0/downloads/data?format=csv&spatialRefId=4326&where=1%3D1,2022-06-23
Geoportal Crkve (Rimokatoličke Župe),geoportal-crkve-rimokatolicke-zupe,GEOJSON,Geoportal Crkve (Rimokatoličke župe),https://opendata.arcgis.com/api/v3/datasets/97dd39a14cdf4ce38bc3cb8ef484728a_0/downloads/data?format=geojson&spatialRefId=4326&where=1%3D1,2023-01-09
Geoportal Dječji vrtići,geoportal-djecji-vrtici,CSV,Geoportal dječji vrtići,https://opendata.arcgis.com/api/v3/datasets/49bb07d4efc34bd5bacc1d330dc28a07_0/downloads/data?format=csv&spatialRefId=4326&where=1%3D1,2022-06-23
Geoportal Dječji vrtići,geoportal-djecji-vrtici,GEOJSON,Geoportal Dječji vrtići,https://opendata.arcgis.com/api/v3/datasets/49bb07d4efc34bd5bacc1d330dc28a07_0/downloads/data?format=fgdb&spatialRefId=4326&where=1%3D1,2023-01-09
Geoportal Domovi za djecu,geoportal-domovi-za-djecu,CSV,Geoportal Domovi za djecu,https://services8.arcgis.com/Usi0jGQwMmBUpFjr/arcgis/rest/services/Geoportal_domovi_za_djecu/FeatureServer/replicafilescache/Geoportal_domovi_za_djecu_-5158763075993229335.csv,2022-06-23
Geoportal Domovi za djecu,geoportal-domovi-za-djecu,GEOJSON,Geoportal Domovi za djecu,https://data.zagreb.hr/dataset/65e1cb89-9cc7-43d2-a94d-3305e2917224/resource/e0f7e07d-73e1-4c9e-a81b-30369204b201/download/data.geojson,2025-05-20
Geoportal Domovi za starije osobe,geoportal-domovi-za-starije-osobe,CSV,Geoportal Domovi za starije osobe,https://services8.arcgis.com/Usi0jGQwMmBUpFjr/arcgis/rest/services/Geoportal_domovi_za_starije_osobe/FeatureServer/replicafilescache/Geoportal_domovi_za_starije_osobe_103415600451895179.csv,2022-06-23
Geoportal Domovi za starije osobe,geoportal-domovi-za-starije-osobe,GEOJSON,Geoportal Domovi za starije osobe,https://services8.arcgis.com/Usi0jGQwMmBUpFjr/arcgis/rest/services/Geoportal_domovi_za_starije_osobe/FeatureServer/replicafilescache/Geoportal_domovi_za_starije_osobe_8327597670917525104.geojson,2023-01-10
Geoportal Domovi zdravlja,geoportal-domovi-zdravlja,CSV,Geoportal domovi zdravlja,https://opendata.arcgis.com/api/v3/datasets/ddc03fc26c6145e7a4a84b35a41d68d1_0/downloads/data?format=csv&spatialRefId=4326&where=1%3D1,2022-06-23
Geoportal Domovi zdravlja,geoportal-domovi-zdravlja,GEOJSON,Geoportal Domovi zdravlja,https://opendata.arcgis.com/api/v3/datasets/ddc03fc26c6145e7a4a84b35a41d68d1_0/downloads/data?format=geojson&spatialRefId=4326&where=1%3D1,2023-01-10
Geoportal Građevinsko zemljište 1959. i 1984.,geoportal-gradevinsko-zemljiste-1959-i-1984,CSV,Geoportal Građevinsko zemljište 1959. i 1984.,https://hub.arcgis.com/api/v3/datasets/b15df4c31858488ea945652df127d098_0/downloads/data?format=csv&spatialRefId=3765&where=1%3D1,2024-09-17
Geoportal Građevinsko zemljište 1959. i 1984.,geoportal-gradevinsko-zemljiste-1959-i-1984,GEOJSON,Geoportal Građevinsko zemljište 1959. i 1984.,https://hub.arcgis.com/api/v3/datasets/b15df4c31858488ea945652df127d098_0/downloads/data?format=geojson&spatialRefId=4326&where=1%3D1,2024-09-17
Geoportal Hrvatski zavod za socijalni rad,geoportal-centar-za-socijalnu-skrb,CSV,Geoportal Hrvatski zavod za socijalni rad,https://services8.arcgis.com/Usi0jGQwMmBUpFjr/arcgis/rest/services/Geoportal_centar_za_socijalnu_skrb/FeatureServer/replicafilescache/Geoportal_centar_za_socijalnu_skrb_-6545527151026531756.csv,2022-06-23
Geoportal Hrvatski zavod za socijalni rad,geoportal-centar-za-socijalnu-skrb,GEOJSON,Geoportal Hrvatski zavod za socijalni rad,https://services8.arcgis.com/Usi0jGQwMmBUpFjr/arcgis/rest/services/Geoportal_centar_za_socijalnu_skrb/FeatureServer/replicafilescache/Geoportal_centar_za_socijalnu_skrb_-2638481923376160763.geojson,2023-01-09
Geoportal Javna parkirališta za bicikle,geoportal-javna-parkiralista-za-bicikle,CSV,Geoportal Javna parkirališta za bicikle,https://opendata.arcgis.com/api/v3/datasets/04012b0e4968447c978a6ee494d76495_2/downloads/data?format=csv&spatialRefId=4326&where=1%3D1,2022-06-23
Geoportal Javna parkirališta za bicikle,geoportal-javna-parkiralista-za-bicikle,GEOJSON,Geoportal Javna parkirališta za bicikle,https://opendata.arcgis.com/api/v3/datasets/04012b0e4968447c978a6ee494d76495_2/downloads/data?format=geojson&spatialRefId=4326&where=1%3D1,2023-01-10
Geoportal Javne garaže,geoportal-javne-garaze,CSV,Geoportal Javne garaže,https://opendata.arcgis.com/api/v3/datasets/3e3484aca5284b16b4a1c41bd6594711_0/downloads/data?format=csv&spatialRefId=4326&where=1%3D1,2022-06-23
Geoportal Javne garaže,geoportal-javne-garaze,GEOJSON,Geoportal Javne garaže,https://opendata.arcgis.com/api/v3/datasets/3e3484aca5284b16b4a1c41bd6594711_0/downloads/data?format=geojson&spatialRefId=4326&where=1%3D1,2023-01-10
Geoportal Javne površine za pse,geoportal-javne-povrsine-za-pse,CSV,Geoportal Javne površine za pse,https://opendata.arcgis.com/api/v3/datasets/78e1786ccdd544cfb8465b73051f22c9_0/downloads/data?format=csv&spatialRefId=4326&where=1%3D1,2022-06-23
Geoportal Javne površine za pse,geoportal-javne-povrsine-za-pse,GEOJSON,Geoportal Javne površine za pse,https://opendata.arcgis.com/api/v3/datasets/78e1786ccdd544cfb8465b73051f22c9_0/downloads/data?format=geojson&spatialRefId=4326&where=1%3D1,2023-01-10
Geoportal Javni zdenci,geoportal_javni_zdenci,GEOJSON,Geoportal Javni zdenci,https://data.zagreb.hr/dataset/0d1c65b5-6e8f-4b6a-be90-cc9ecb6fa374/resource/2010797b-3e1e-4a43-9a5a-b1619722d2ac/download/data.geojson,2026-09-05
Geoportal Kulturne ustanove,geoportal-kulturne-ustanove,CSV,Geoportal Kultura,https://opendata.arcgis.com/api/v3/datasets/83db22aeb39441ec84911ee94f26e746_0/downloads/data?format=csv&spatialRefId=4326&where=1=1,2022-07-14
Geoportal Kulturne ustanove,geoportal-kulturne-ustanove,GEOJSON,Geoportal Kulturne ustanove,https://opendata.arcgis.com/api/v3/datasets/83db22aeb39441ec84911ee94f26e746_0/downloads/data?format=geojson&spatialRefId=4326&where=1%3D1,2023-01-17
Geoportal Kvaliteta zraka,geoportal-kvaliteta-zraka,CSV,Geoportal Kvaliteta zraka,https://opendata.arcgis.com/api/v3/datasets/ed9898e63ec94770a8fb37713c36f8ca_0/downloads/data?format=csv&spatialRefId=4326&where=1%3D1,2023-03-01
Geoportal Kvaliteta zraka,geoportal-kvaliteta-zraka,GEOJSON,Geoportal Kvaliteta zraka,https://opendata.arcgis.com/api/v3/datasets/ed9898e63ec94770a8fb37713c36f8ca_0/downloads/data?format=geojson&spatialRefId=4326&where=1%3D1,2023-03-01
Geoportal Ljekarne,geoportal-ljekarne,CSV,Geoportal Ljekarne,https://opendata.arcgis.com/api/v3/datasets/861f84594b034965b4c0ac96cf4083b0_0/downloads/data?format=csv&spatialRefId=4326&where=1%3D1,2022-06-23
Geoportal Ljekarne,geoportal-ljekarne,GEOJSON,Geoportal Ljekarne,https://opendata.arcgis.com/api/v3/datasets/861f84594b034965b4c0ac96cf4083b0_0/downloads/data?format=geojson&spatialRefId=4326&where=1%3D1,2023-01-11
Geoportal Mjesna samouprava,geoportal-mjesna-samouprava,CSV,Geoportal Mjesna samouprava,https://opendata.arcgis.com/api/v3/datasets/f8f6eaeae11b408eaadf20474809a1b3_0/downloads/data?format=csv&spatialRefId=4326&where=1%3D1,2022-07-14
Geoportal Mjesna samouprava,geoportal-mjesna-samouprava,GEOJSON,Geoportal Mjesna samouprava,https://opendata.arcgis.com/api/v3/datasets/f8f6eaeae11b408eaadf20474809a1b3_0/downloads/data?format=geojson&spatialRefId=4326&where=1%3D1,2023-01-17
Geoportal Nadležne institucije socijalne zaštite,nadlezne-institucije-socijalne-zastite,CSV,Nadležne institucije socijalne zaštite,https://services8.arcgis.com/Usi0jGQwMmBUpFjr/arcgis/rest/services/Geoportal_nadlezna_institucija/FeatureServer/replicafilescache/Geoportal_nadlezna_institucija_8131633363730224488.csv,2022-07-14
Geoportal Nadležne institucije socijalne zaštite,nadlezne-institucije-socijalne-zastite,GEOJSON,Geoportal Nadležne institucije socijalne zaštite,https://services8.arcgis.com/Usi0jGQwMmBUpFjr/arcgis/rest/services/Geoportal_nadlezna_institucija/FeatureServer/replicafilescache/Geoportal_nadlezna_institucija_2079182892719747966.geojson,2023-01-17
Geoportal Nadzorne kamere,geoportal-nadzorne-kamere,CSV,Geoportal Nadzorne kamere na području Grada Zagreba.,https://opendata.arcgis.com/api/v3/datasets/16014fb747334e5bb2eee37360d45036_0/downloads/data?format=csv&spatialRefId=4326&where=1%3D1,2022-07-14
Geoportal Nadzorne kamere,geoportal-nadzorne-kamere,GEOJSON,Geoportal Nadzorne kamere,https://opendata.arcgis.com/api/v3/datasets/81ae155978074414a306970b07fcde95_0/downloads/data?format=geojson&spatialRefId=4326&where=1%3D1,2023-01-17
Geoportal Odmorko,geoportal-odmorko,CSV,Geoportal Odmorko,https://opendata.arcgis.com/api/v3/datasets/0a671e4943634d42930ba9c0648a9ddb_0/downloads/data?format=csv&spatialRefId=4326&where=1%3D1,2022-07-14
Geoportal Odmorko,geoportal-odmorko,GEOJSON,Geoportal Odmorko,https://opendata.arcgis.com/api/v3/datasets/0a671e4943634d42930ba9c0648a9ddb_0/downloads/data?format=geojson&spatialRefId=4326&where=1%3D1,2023-01-17
Geoportal Osnovne škole,geoportal-osnovne-skole,CSV,Geoportal Osnovne škole,https://opendata.arcgis.com/api/v3/datasets/08ff18612cea48a1b1bdb921a83974bc_0/downloads/data?format=csv&spatialRefId=4326&where=1=1,2022-07-14
Geoportal Osnovne škole,geoportal-osnovne-skole,GEOJSON,Geoportal Osnovne škole,https://opendata.arcgis.com/api/v3/datasets/08ff18612cea48a1b1bdb921a83974bc_0/downloads/data?format=geojson&spatialRefId=4326&where=1%3D1,2023-01-17
Geoportal Ostale djelatnosti socijalne skrbi,geoportal-ostale-djelatnosti-socijalne-skrbi,CSV,Geoportal Ostale djelatnosti socijalne skrbi,https://services8.arcgis.com/Usi0jGQwMmBUpFjr/arcgis/rest/services/Geoportal_ostale_djelatnosti_socijalne_skrbi/FeatureServer/replicafilescache/Geoportal_ostale_djelatnosti_socijalne_skrbi_1105901168366997139.csv,2022-07-14
Geoportal Ostale djelatnosti socijalne skrbi,geoportal-ostale-djelatnosti-socijalne-skrbi,GEOJSON,Geoportal Ostale djelatnosti socijalne skrbi,https://services8.arcgis.com/Usi0jGQwMmBUpFjr/arcgis/rest/services/Geoportal_ostale_djelatnosti_socijalne_skrbi/FeatureServer/replicafilescache/Geoportal_ostale_djelatnosti_socijalne_skrbi_-2781268371483281578.geojson,2023-01-17
Geoportal Područni odsjeci,geoportal-podrucni-odsjeci,CSV,Geoportal Područni odsjeci,https://services8.arcgis.com/Usi0jGQwMmBUpFjr/arcgis/rest/services/PO/FeatureServer/replicafilescache/PO_702443215757626437.csv,2024-09-16
Geoportal Područni odsjeci,podrucni_odsjeci,GEOJSON,Geoportal Područni odsjeci,https://data.zagreb.hr/dataset/cd02efb2-6f70-40a3-b730-69d1d3b2f450/resource/79350775-8963-44a7-a09e-e061e36b71f2/download/data.geojson,2026-08-27
Geoportal Područni odsjeci,geoportal-podrucni-odsjeci,GEOJSON,Geoportal Područni odsjeci,https://services8.arcgis.com/Usi0jGQwMmBUpFjr/arcgis/rest/services/PO/FeatureServer/replicafilescache/PO_-7066151195297644305.geojson,2024-09-16
Geoportal Područni uredi,geoportal-podrucni-uredi,CSV,Geoportal Područni uredi,https://opendata.arcgis.com/api/v3/datasets/ab488f0b14b54acaaa0b29d35c9af626_0/downloads/data?format=csv&spatialRefId=4326&where=1%3D1,2022-07-14
Geoportal Područni uredi,geoportal-podrucni-uredi,GEOJSON,Geoportal područni uredi,https://opendata.arcgis.com/api/v3/datasets/ab488f0b14b54acaaa0b29d35c9af626_0/downloads/data?format=geojson&spatialRefId=4326&where=1%3D1,2023-01-11
Geoportal Podzemni spremnik,geoportal_podzemni_spremnik,GEOJSON,Geoportal Podzemni spremnik,https://data.zagreb.hr/dataset/1c02bf11-26a8-40dd-9a7d-0635dc065325/resource/980478d5-97a8-4b7d-8e92-f404bd0d3a24/download/data.geojson,2026-08-26
Geoportal Polupodzemni spremnik,polupodzemni_spremnik,GEOJSON,Geoportal Polupodzemni spremnik,https://data.zagreb.hr/dataset/a48f972b-9639-4719-9470-9d398049dbf9/resource/c04a1f0c-ac8a-4156-ba1f-707b1564d2f8/download/data.geojson,2026-08-26
Geoportal Reciklažna dvorišta grada Zagreba,reciklazna-dvorista-grada-zagreba1,CSV,Reciklažna dvorišta grada Zagreba,https://opendata.arcgis.com/api/v3/datasets/249fa384ccf9481abf4fd2de73a822f5_0/downloads/data?format=csv&spatialRefId=4326&where=1%3D1,2022-12-01
Geoportal Reciklažna dvorišta grada Zagreba,reciklazna-dvorista-grada-zagreba1,GEOJSON,Reciklažna dvorišta grada Zagreba,https://opendata.arcgis.com/api/v3/datasets/249fa384ccf9481abf4fd2de73a822f5_0/downloads/data?format=geojson&spatialRefId=4326&where=1%3D1,2022-12-01
Geoportal Sjedišta gradskih četvrti,geoportal-sjedista-gradskih-cetvrti,CSV,Geoportal Sjedišta gradskih četvrti,https://opendata.arcgis.com/api/v3/datasets/3cabb747881e44b39b561626dcd8b89a_0/downloads/data?format=csv&spatialRefId=4326&where=1%3D1,2023-01-17
Geoportal Sjedišta gradskih četvrti,geoportal-sjedista-gradskih-cetvrti,GEOJSON,Geoportal Sjedišta gradskih četvrti,https://opendata.arcgis.com/api/v3/datasets/3cabb747881e44b39b561626dcd8b89a_0/downloads/data?format=geojson&spatialRefId=4326&where=1%3D1,2023-01-17
Geoportal Smještajni objekti,geoportal-smjestajni-objekti,CSV,Geoportal Smještajni objekti,https://services8.arcgis.com/Usi0jGQwMmBUpFjr/arcgis/rest/services/Geoportal_smjestajni_kapaciteti/FeatureServer/replicafilescache/Geoportal_smjestajni_kapaciteti_8451579349326890561.csv,2024-09-17
Geoportal Smještajni objekti,geoportal-smjestajni-objekti,GEOJSON,Geoportal Smještajni objekti,https://services8.arcgis.com/Usi0jGQwMmBUpFjr/arcgis/rest/services/Geoportal_smjestajni_kapaciteti/FeatureServer/replicafilescache/Geoportal_smjestajni_kapaciteti_-4736954192839407912.geojson,2024-09-17
Geoportal Sportski objekti,geoportal-sportski-objekti,CSV,Geoportal Sportski objekti,https://opendata.arcgis.com/api/v3/datasets/c2dd015f24f84bdb9e367b7eafce6762_0/downloads/data?format=csv&spatialRefId=4326&where=1%3D1,2022-12-01
Geoportal Sportski objekti,geoportal-sportski-objekti,GEOJSON,Geoportal Sportski objekti,https://opendata.arcgis.com/api/v3/datasets/c2dd015f24f84bdb9e367b7eafce6762_0/downloads/data?format=geojson&spatialRefId=4326&where=1%3D1,2022-12-01
Geoportal Srednje škole,geoportal-srednje-skole,CSV,Geoportal Srednje škole,https://data.zagreb.hr/dataset/b421d6cc-3b3e-4aa2-ad71-28a97dad9b06/resource/306f506a-9e79-4084-b226-bc6dd79a79a9/download/geoportalsrednjeskole-2.csv,2022-12-08
Geoportal Srednje škole,geoportal-srednje-skole,GEOJSON,Geoportal Srednje škole,https://opendata.arcgis.com/api/v3/datasets/1095aeca947440bda0317834daa48c6a_0/downloads/data?format=geojson&spatialRefId=4326&where=1%3D1,2022-12-07
Geoportal Studentska naselja,geoportal-studentska-naselja,CSV,Geoportal Studentska naselja ,https://opendata.arcgis.com/api/v3/datasets/f4e333057dd24bdaa1cb033680dc1b96_0/downloads/data?format=csv&spatialRefId=4326&where=1%3D1,2022-12-08
Geoportal Studentska naselja,geoportal-studentska-naselja,GEOJSON,Geoportal Studentska naselja ,https://opendata.arcgis.com/api/v3/datasets/f4e333057dd24bdaa1cb033680dc1b96_0/downloads/data?format=geojson&spatialRefId=4326&where=1%3D1,2022-12-08
Geoportal Studentski restoran,geoportal-studentski-restoran,GEOJSON,Geoportal Studentski restoran,https://data.zagreb.hr/dataset/8b4ab584-5b5a-4d70-9cf3-24897645ad6b/resource/e1caf1d1-ecdf-4d5c-8020-6798c45a188d/download/data.geojson,2026-07-30
Geoportal Studentsko naselje,geoportal-studentsko-naselje,GEOJSON,Geoportal Studentsko naselje,https://data.zagreb.hr/dataset/cd0afdae-2ef7-44f8-96bb-b96f119aa59b/resource/306ebc37-e4ee-4715-b9e1-8f67418e36e7/download/data.geojson,2026-07-30
Geoportal Sustav javnih bicikala,geoportal-sustav-javnih-bicikala,CSV,Geoportal Sustava javnih bicikala,https://opendata.arcgis.com/api/v3/datasets/95f8892f77eb45968b65469b9063f8b9_3/downloads/data?format=csv&spatialRefId=4326&where=1%3D1,2022-12-08
Geoportal Sustav javnih bicikala,geoportal-sustav-javnih-bicikala,GEOJSON,Geoportal Sustava javnih bicikala,https://opendata.arcgis.com/api/v3/datasets/95f8892f77eb45968b65469b9063f8b9_3/downloads/data?format=geojson&spatialRefId=4326&where=1%3D1,2022-12-08
Geoportal Tijela državne uprave,geoportal-tijela-drzavne-uprave,CSV,Geoportal Tijela državne uprave,https://opendata.arcgis.com/api/v3/datasets/5c237e0b5c84441e80a4c46ffcb30522_0/downloads/data?format=csv&spatialRefId=4326&where=1%3D1,2022-12-08
Geoportal Tijela državne uprave,geoportal-tijela-drzavne-uprave,GEOJSON,Geoportal Tijela državne uprave,https://opendata.arcgis.com/api/v3/datasets/5c237e0b5c84441e80a4c46ffcb30522_0/downloads/data?format=geojson&spatialRefId=4326&where=1%3D1,2022-12-08
Geoportal Tramvajska stajališta ZET,geoportal-tramvajska-stajalista-zet,CSV,Geoportal Tramvajska stajališta ZET,https://opendata.arcgis.com/api/v3/datasets/8f84d42e684141eaa7ceb26d9c9b8f5a_0/downloads/data?format=csv&spatialRefId=4326&where=1%3D1,2022-12-08
Geoportal Tramvajska stajališta ZET,geoportal-tramvajska-stajalista-zet,GEOJSON,Geoportal Tramvajska stajališta ZET,https://opendata.arcgis.com/api/v3/datasets/8f84d42e684141eaa7ceb26d9c9b8f5a_0/downloads/data?format=geojson&spatialRefId=4326&where=1%3D1,2022-12-08
Geoportal Urbanistički planovi uređenja,geoportal-urbanisticki-planovi-uredenja,CSV,Geoportal Urbanistički planovi uređenja,https://opendata.arcgis.com/api/v3/datasets/0481df43ca0641a78212c814c22dcbe1_0/downloads/data?format=csv&spatialRefId=4326&where=1%3D1,2022-12-08
Geoportal Urbanistički planovi uređenja,geoportal-urbanisticki-planovi-uredenja,GEOJSON,Geoportal Urbanistički planovi uređenja,https://opendata.arcgis.com/api/v3/datasets/0481df43ca0641a78212c814c22dcbe1_0/downloads/data?format=geojson&spatialRefId=4326&where=1%3D1,2022-12-08
Geoportal Ustanove za beskućnike,geoportal-ustanove-za-beskucnike,CSV,Geoportal Ustanove za beskućnike,https://services8.arcgis.com/Usi0jGQwMmBUpFjr/arcgis/rest/services/Geoportal_ustanova_za_beskucnike/FeatureServer/replicafilescache/Geoportal_ustanova_za_beskucnike_-2793398836189102661.csv,2022-12-08
Geoportal Ustanove za beskućnike,geoportal-ustanove-za-beskucnike,GEOJSON,Geoportal Ustanove za beskućnike,https://services8.arcgis.com/Usi0jGQwMmBUpFjr/arcgis/rest/services/Geoportal_ustanova_za_beskucnike/FeatureServer/replicafilescache/Geoportal_ustanova_za_beskucnike_-235981892016937521.geojson,2022-12-08
Geoportal Ustanove za branitelje,geoportal-ustanove-za-branitelje,CSV,Geoportal Ustanove za branitelje,https://services8.arcgis.com/Usi0jGQwMmBUpFjr/arcgis/rest/services/Geoportal_ustanova_za_branitelje/FeatureServer/replicafilescache/Geoportal_ustanova_za_branitelje_299367612036607141.csv,2022-12-09
Geoportal Ustanove za branitelje,geoportal-ustanove-za-branitelje,GEOJSON,Geoportal Ustanove za branitelje,https://services8.arcgis.com/Usi0jGQwMmBUpFjr/arcgis/rest/services/Geoportal_ustanova_za_branitelje/FeatureServer/replicafilescache/Geoportal_ustanova_za_branitelje_-3924332151953522156.geojson,2022-12-09
Geoportal Ustanove za osobe s invaliditetom,geoportal-ustanove-za-osobe-s-invaliditetom,CSV,Geoportal Ustanove za osobe s invaliditetom,https://services8.arcgis.com/Usi0jGQwMmBUpFjr/arcgis/rest/services/Geoportal_ustanove_TUR_i_OSI/FeatureServer/replicafilescache/Geoportal_ustanove_TUR_i_OSI_-560733601997651426.csv,2022-12-09
Geoportal Ustanove za osobe s invaliditetom,geoportal-ustanove-za-osobe-s-invaliditetom,GEOJSON,Geoportal Ustanove za osobe s invaliditetom,https://services8.arcgis.com/Usi0jGQwMmBUpFjr/arcgis/rest/services/Geoportal_ustanove_TUR_i_OSI/FeatureServer/replicafilescache/Geoportal_ustanove_TUR_i_OSI_-7182187914465045449.geojson,2023-01-11
Geoportal Učenički domovi,geoportal-ucenicki-domovi,CSV,Geoportal Učenički domovi,https://opendata.arcgis.com/api/v3/datasets/25bdb57e84e443b38ecf47a912b5c2d1_0/downloads/data?format=csv&spatialRefId=4326&where=1%3D1,2022-12-08
Geoportal Učenički domovi,geoportal-ucenicki-domovi,GEOJSON,Geoportal Učenički domovi,https://opendata.arcgis.com/api/v3/datasets/25bdb57e84e443b38ecf47a912b5c2d1_0/downloads/data?format=geojson&spatialRefId=4326&where=1%3D1,2022-12-08
Geoportal Visokoškolske ustanove,geoportal-visokoskolske-ustanove,CSV,Geoportal visokoškolske ustanove,https://opendata.arcgis.com/api/v3/datasets/3f6954c6679f4b299f738304542a4837_0/downloads/data?format=csv&spatialRefId=4326&where=1%3D1,2022-12-09
Geoportal Visokoškolske ustanove,geoportal-visokoskolske-ustanove,GEOJSON,Geoportal visokoškolske ustanove,https://opendata.arcgis.com/api/v3/datasets/3f6954c6679f4b299f738304542a4837_0/downloads/data?format=geojson&spatialRefId=4326&where=1%3D1,2022-12-09
Geoportal Vjerske zajednice,geoportal-vjerske-zajednice,CSV,Geoportal Vjerske zajednice,https://opendata.arcgis.com/api/v3/datasets/26e9553b2fb34513ac2f8e4468d6b652_0/downloads/data?format=csv&spatialRefId=4326&where=1%3D1,2022-12-09
Geoportal Vjerske zajednice,geoportal-vjerske-zajednice,GEOJSON,Geoportal Vjerske zajednice,hhttps://opendata.arcgis.com/api/v3/datasets/26e9553b2fb34513ac2f8e4468d6b652_0/downloads/data?format=shp&spatialRefId=4326&where=1%3D1,2022-12-09
Geoportal Zdravstvene ustanove,geoportal-zdravstvene-ustanove,CSV,Geoportal Zdravstvene ustanove,https://opendata.arcgis.com/api/v3/datasets/fcadb80196684cc09f8c8a76852a4aa9_0/downloads/data?format=csv&spatialRefId=4326&where=1%3D1,2022-12-09
Geoportal Zdravstvene ustanove,geoportal-zdravstvene-ustanove,GEOJSON,Geoportal zdravstvene ustanove,https://opendata.arcgis.com/api/v3/datasets/fcadb80196684cc09f8c8a76852a4aa9_0/downloads/data?format=geojson&spatialRefId=4326&where=1%3D1,2023-01-11
Geoportal autobusna stajališta ZET,geoportal-autobusna-stajalista-zet,CSV,Geoportal Autobusna stajališta ZET,https://opendata.arcgis.com/api/v3/datasets/5bb011e6d69d47f0bac02f768da1ad8a_0/downloads/data?format=csv&spatialRefId=4326&where=1%3D1,2022-06-23
Geoportal autobusna stajališta ZET,geoportal-autobusna-stajalista-zet,GEOJSON,Geoportal autobusna stajališta ZET,https://opendata.arcgis.com/api/v3/datasets/5bb011e6d69d47f0bac02f768da1ad8a_0/downloads/data?format=geojson&spatialRefId=4326&where=1%3D1,2023-01-11
Geoportal benzinske postaje,geoportal-benzinske-postaje,CSV,Geoportal benzinske postaje,https://opendata.arcgis.com/api/v3/datasets/05fa1c92366e415c8ce813b9e28da8c5_0/downloads/data?format=csv&spatialRefId=4326&where=1%3D1,2022-06-23
Geoportal benzinske postaje,geoportal-benzinske-postaje,GEOJSON,Geoportal benzinske postaje,https://opendata.arcgis.com/api/v3/datasets/05fa1c92366e415c8ce813b9e28da8c5_0/downloads/data?format=geojson&spatialRefId=4326&where=1%3D1,2023-01-09
Geoportal besplatna WiFi mreža,geoportal-besplatna-wifi-mreza,CSV,Geoportal besplatna WiFi mreža,https://opendata.arcgis.com/api/v3/datasets/59efced0d006469fa858ab07764735b0_0/downloads/data?format=csv&spatialRefId=4326&where=1%3D1,2022-06-23
Geoportal besplatna WiFi mreža,geoportal-besplatna-wifi-mreza,GEOJSON,Geoportal besplatna Wi-Fi mreža,https://opendata.arcgis.com/api/v3/datasets/59efced0d006469fa858ab07764735b0_0/downloads/data?format=geojson&spatialRefId=4326&where=1%3D1,2023-01-09
Geoportal biciklističke staze,geoportal-biciklisticke-staze,CSV,Geoportal biciklističke staze,https://opendata.arcgis.com/api/v3/datasets/b10db2ae3a5b4e4b8dbee85a89d4b5b1_4/downloads/data?format=csv&spatialRefId=4326&where=1%3D1,2022-06-23
Geoportal biciklističke staze,geoportal-biciklisticke-staze,GEOJSON,Geoportal biciklističke staze,https://opendata.arcgis.com/api/v3/datasets/b10db2ae3a5b4e4b8dbee85a89d4b5b1_4/downloads/data?format=geojson&spatialRefId=4326&where=1%3D1,2022-06-23
Geoportal druge javne ustanove,geoportal-druge-javne-ustanove,CSV,Geoportal druge javne ustanove,https://opendata.arcgis.com/api/v3/datasets/29edc0bf8d604e759bc641fcfd9fec3a_0/downloads/data?format=csv&spatialRefId=4326&where=1%3D1,2022-06-23
Geoportal druge javne ustanove,geoportal-druge-javne-ustanove,GEOJSON,Geoportal druge javne ustanove,https://opendata.arcgis.com/api/v3/datasets/29edc0bf8d604e759bc641fcfd9fec3a_0/downloads/data?format=geojson&spatialRefId=4326&where=1%3D1,2023-01-10
Geoportal električne punionice,geoportal-elektricne-punionice,CSV,Geoportal električne punionice,https://opendata.arcgis.com/api/v3/datasets/4a4fc728724b4d319c27a9f647a0bb62_0/downloads/data?format=csv&spatialRefId=4326&where=1%3D1,2022-06-23
Geoportal električne punionice,geoportal-elektricne-punionice,GEOJSON,Geoportal Električne punionice,https://opendata.arcgis.com/api/v3/datasets/4a4fc728724b4d319c27a9f647a0bb62_0/downloads/data?format=geojson&spatialRefId=4326&where=1%3D1,2023-01-10
Geoportal gradska trgovačka društva,geoportal-gradska-trgovacka-drustva,CSV,Gradska trgovačka društva i podružnice ZGH,https://services8.arcgis.com/Usi0jGQwMmBUpFjr/arcgis/rest/services/Geoportal_gradska_trgovacka_drustva/FeatureServer/replicafilescache/Geoportal_gradska_trgovacka_drustva_362791104602188107.csv,2024-03-21
Geoportal gradska trgovačka društva,geoportal-gradska-trgovacka-drustva,GEOJSON,Gradska trgovačka društva i podružnice ZGH,https://services8.arcgis.com/Usi0jGQwMmBUpFjr/arcgis/rest/services/Geoportal_gradska_trgovacka_drustva/FeatureServer/replicafilescache/Geoportal_gradska_trgovacka_drustva_-4659600723509782750.geojson,2023-04-27
Geoportal gradske tržnice,geoportal-gradske-trznice,CSV,Gradske tržnice,https://opendata.arcgis.com/api/v3/datasets/55461536a14e46a69c81a0a67e56c53f_0/downloads/data?format=csv&spatialRefId=4326&where=1%3D1,2023-04-26
Geoportal gradske tržnice,geoportal-gradske-trznice,GEOJSON,Gradske tržnice,https://opendata.arcgis.com/api/v3/datasets/55461536a14e46a69c81a0a67e56c53f_0/downloads/data?format=geojson&spatialRefId=4326&where=1%3D1,2023-04-26
Geoportal gradski vrt,geoportal-gradski-vrt,CSV,Geoportal gradski vrtovi,https://data.zagreb.hr/dataset/ab4a3751-c938-494f-bfd7-dc78eaba2085/resource/79f97a3e-fe0a-46c2-8434-d3e1123d4250/download/geoportalgradskivrt.csv,2022-06-23
Geoportal gradski vrt,geoportal-gradski-vrt,GEOJSON,Geoportal gradski vrtovi,https://opendata.arcgis.com/api/v3/datasets/9858b1819a914c6ba0fedd0069f2d861_1/downloads/data?format=geojson&spatialRefId=4326&where=1%3D1,2023-01-10
Geoportal gradski vrt Point,geoportal-gradski-vrt-point,CSV,Gradski vrt point,https://opendata.arcgis.com/api/v3/datasets/3df175d45719402fa2526013a897e43e_0/downloads/data?format=csv&spatialRefId=4326&where=1%3D1,2023-04-26
Geoportal gradski vrt Point,geoportal-gradski-vrt-point,GEOJSON,Gradski vrt point,https://opendata.arcgis.com/api/v3/datasets/3df175d45719402fa2526013a897e43e_0/downloads/data?format=geojson&spatialRefId=4326&where=1%3D1,2023-04-26
Geoportal granice dopuštenog držanja domaćih životinja,geoportal-granice-dopustenog-drzanja-domacih-zivotinja,CSV,Geoportal granice dopuštenog držanja domaćih životinja,https://data.zagreb.hr/dataset/9e4088ee-8438-41b8-a9f3-a2771e3c96e6/resource/42a3daa7-e0d4-415b-98b2-635b7504c1e5/download/geoportalgranicedopustenogdrzanjadomacihzivotinja.csv,2022-06-23
Geoportal granice dopuštenog držanja domaćih životinja,geoportal-granice-dopustenog-drzanja-domacih-zivotinja,GEOJSON,Geoportal granice dopuštenog držanja domaćih životinja,https://opendata.arcgis.com/api/v3/datasets/7e93637c72ac4c278c69ad5260611c39_0/downloads/data?format=geojson&spatialRefId=4326&where=1%3D1,2023-01-10
Geoportal granice općine 1981.,geoportal-granice-opcine-1981,CSV,Granice općine 1981.,https://opendata.arcgis.com/api/v3/datasets/82f77003cb2b44448b88f653365aced4_1/downloads/data?format=csv&spatialRefId=4326&where=1%3D1,2023-04-26
Geoportal granice općine 1981.,geoportal-granice-opcine-1981,GEOJSON,Granice općine 1981.,https://opendata.arcgis.com/api/v3/datasets/82f77003cb2b44448b88f653365aced4_1/downloads/data?format=geojson&spatialRefId=4326&where=1%3D1,2023-04-26
Geoportal javna sportska igrališta,geoportal-javna-igralista,CSV,Geoportal javna igrališta,https://opendata.arcgis.com/api/v3/datasets/8e2abb22194b4595965d2056f31ff66e_0/downloads/data?format=csv&spatialRefId=4326&where=1%3D1,2023-09-25
Geoportal javna sportska igrališta,geoportal-javna-igralista,GEOJSON,Geoportal javna igrališta,https://opendata.arcgis.com/api/v3/datasets/8e2abb22194b4595965d2056f31ff66e_0/downloads/data?format=geojson&spatialRefId=4326&where=1%3D1,2023-09-25
Geoportal kultura,geoportal-kultura,CSV,Kulturne ustanove,https://opendata.arcgis.com/api/v3/datasets/83db22aeb39441ec84911ee94f26e746_0/downloads/data?format=csv&spatialRefId=4326&where=1%3D1,2023-04-26
Geoportal kultura,geoportal-kultura,GEOJSON,Kulturne ustanove,https://opendata.arcgis.com/api/v3/datasets/83db22aeb39441ec84911ee94f26e746_0/downloads/data?format=geojson&spatialRefId=4326&where=1%3D1,2023-04-26
Geoportal nacionalne manjine,geoportal-nacionalne-manjine,CSV,Nacionalne manjine u gradu Zagrebu,https://opendata.arcgis.com/api/v3/datasets/fc306ba2709f4e0992506f5707cae28a_3/downloads/data?format=csv&spatialRefId=4326&where=1%3D1,2023-04-27
Geoportal nacionalne manjine,geoportal-nacionalne-manjine,GEOJSON,Nacionalne manjine u gradu Zagrebu,https://opendata.arcgis.com/api/v3/datasets/fc306ba2709f4e0992506f5707cae28a_3/downloads/data?format=geojson&spatialRefId=4326&where=1%3D1,2023-04-27
Geoportal nadležna institucija,geoportal-nadlezna-institucija,CSV,Nadležne institucije,https://opendata.arcgis.com/api/v3/datasets/81ae155978074414a306970b07fcde95_0/downloads/data?format=csv&spatialRefId=4326&where=1%3D1,2023-04-26
Geoportal nadležna institucija,geoportal-nadlezna-institucija,GEOJSON,Nadležne institucije,https://opendata.arcgis.com/api/v3/datasets/81ae155978074414a306970b07fcde95_0/downloads/data?format=geojson&spatialRefId=4326&where=1%3D1,2023-04-26
Geoportal pješačka zona,geoportal-pjesacka-zona,CSV,Geoportal pješačka zona,https://opendata.arcgis.com/api/v3/datasets/3aabf37d1d8b497c970dcddc21ed9612_0/downloads/data?format=csv&spatialRefId=4326&where=1%3D1,2023-04-27
Geoportal pješačka zona,geoportal-pjesacka-zona,GEOJSON,Geoportal pješačka zona,https://opendata.arcgis.com/api/v3/datasets/3aabf37d1d8b497c970dcddc21ed9612_0/downloads/data?format=geojson&spatialRefId=4326&where=1%3D1,2023-04-27
Geoportal planirana namjena 2023,geoportal-planirana-namjena-2023,CSV,Geoportal planirana namjena 2023.,https://services8.arcgis.com/Usi0jGQwMmBUpFjr/arcgis/rest/services/Geoportal_planirana_namjena/FeatureServer/replicafilescache/Geoportal_planirana_namjena_4806714435578682239.csv,2024-09-13
Geoportal planirana namjena 2023,geoportal-planirana-namjena-2023,GEOJSON,Geoportal planirana namjena 2023.,https://services8.arcgis.com/Usi0jGQwMmBUpFjr/arcgis/rest/services/Geoportal_planirana_namjena/FeatureServer/replicafilescache/Geoportal_planirana_namjena_6350745258229595456.geojson,2024-09-13
Geoportal policija,geoportal-policija,CSV,Geoportal policija,https://opendata.arcgis.com/api/v3/datasets/30d4d80d445a46d99f2f802814d70833_0/downloads/data?format=csv&spatialRefId=4326&where=1%3D1,2023-04-27
Geoportal policija,geoportal-policija,GEOJSON,Geoportal policija,https://opendata.arcgis.com/api/v3/datasets/30d4d80d445a46d99f2f802814d70833_0/downloads/data?format=geojson&spatialRefId=4326&where=1%3D1,2023-04-27
Geoportal program zaštite divljači,geoportal-program-zastite-divljaci,CSV,Geoportal program zaštite divljači,https://opendata.arcgis.com/api/v3/datasets/96a059b8909a4d70b81bbbae9d883a25_5/downloads/data?format=csv&spatialRefId=4326&where=1%3D1,2023-04-27
Geoportal program zaštite divljači,geoportal-program-zastite-divljaci,GEOJSON,Geoportal program zaštite divljači,https://opendata.arcgis.com/api/v3/datasets/96a059b8909a4d70b81bbbae9d883a25_5/downloads/data?format=geojson&spatialRefId=4326&where=1%3D1,2023-04-27
Geoportal reklamne zone,geoportal-reklamne-zone,CSV,Geoportal Reklamne zone,https://services8.arcgis.com/Usi0jGQwMmBUpFjr/arcgis/rest/services/reklame_zone/FeatureServer/replicafilescache/reklame_zone_-3130175671777865305.csv,2024-09-16
Geoportal reklamne zone,geoportal-reklamne-zone,GEOJSON,Geoportal Reklamne zone,https://services8.arcgis.com/Usi0jGQwMmBUpFjr/arcgis/rest/services/reklame_zone/FeatureServer/replicafilescache/reklame_zone_2728511115862526392.geojson,2024-09-16
Geoportal taxi stajališta,geoportal-taxi-stajalista,CSV,Geoportal taxi stajališta,https://opendata.arcgis.com/api/v3/datasets/c2a3ae87380b472d9b7e72f31cd296da_0/downloads/data?format=csv&spatialRefId=4326&where=1%3D1,2023-04-27
Geoportal taxi stajališta,geoportal-taxi-stajalista,GEOJSON,Geoportal taxi stajališta,https://opendata.arcgis.com/api/v3/datasets/c2a3ae87380b472d9b7e72f31cd296da_0/downloads/data?format=geojson&spatialRefId=4326&where=1%3D1,2023-04-27
Geoportal urbanistička dokumentacija 1985.,geoportal-urbanisticka-dokumentacija-1985,CSV,Geoportal urbanistička dokumentacija 1985.,https://opendata.arcgis.com/api/v3/datasets/97ae29f3062f41d49fff06cb2735841d_0/downloads/data?format=csv&spatialRefId=4326&where=1%3D1,2023-04-27
Geoportal urbanistička dokumentacija 1985.,geoportal-urbanisticka-dokumentacija-1985,GEOJSON,Geoportal urbanistička dokumentacija 1985.,https://opendata.arcgis.com/api/v3/datasets/97ae29f3062f41d49fff06cb2735841d_0/downloads/data?format=geojson&spatialRefId=4326&where=1%3D1,2023-04-27
Geoportal urbanistička dokumentacija 1995.,geoportal-urbanisticka-dokumentacija-1995,CSV,Geoportal urbanistička dokumentacija 1995.,https://opendata.arcgis.com/api/v3/datasets/13ee9a4045aa4666a6cdee54ade5cb59_0/downloads/data?format=csv&spatialRefId=4326&where=1%3D1,2023-04-27
Geoportal urbanistička dokumentacija 1995.,geoportal-urbanisticka-dokumentacija-1995,GEOJSON,Geoportal urbanistička dokumentacija 1995.,https://opendata.arcgis.com/api/v3/datasets/13ee9a4045aa4666a6cdee54ade5cb59_0/downloads/data?format=geojson&spatialRefId=4326&where=1%3D1,2023-04-27
Geoportal vatrogasci,geoportal-vatrogasci,CSV,Geoportal vatrogasci,https://opendata.arcgis.com/api/v3/datasets/11ac9ebf240e4d2382ef7fd0b16ef9ac_0/downloads/data?format=csv&spatialRefId=4326&where=1%3D1,2022-12-09
Geoportal vatrogasci,geoportal-vatrogasci,GEOJSON,Geoportal vatrogasci,https://opendata.arcgis.com/api/v3/datasets/11ac9ebf240e4d2382ef7fd0b16ef9ac_0/downloads/data?format=geojson&spatialRefId=4326&where=1%3D1,2023-01-11
Geoportal zajednička lovišta,geoportal-zajednicka-lovista,CSV,Geoportal zajednička lovišta,https://opendata.arcgis.com/api/v3/datasets/d87e492a5c994e04b47b1eaa7a06699d_0/downloads/data?format=csv&spatialRefId=4326&where=1%3D1,2023-04-28
Geoportal zajednička lovišta,geoportal-zajednicka-lovista,GEOJSON,Geoportal zajednička lovišta,https://opendata.arcgis.com/api/v3/datasets/d87e492a5c994e04b47b1eaa7a06699d_0/downloads/data?format=geojson&spatialRefId=4326&where=1%3D1,2023-04-28
Geoportal zone rezerviranih parkirališnih mjesta,geoportal-zone-rezerviranih-parkiralisnih-mjesta,CSV,Geoportal zone rezerviranih parkirališnih mjesta,https://opendata.arcgis.com/api/v3/datasets/04e3d79e90b04167a6efa8d277e5a482_0/downloads/data?format=csv&spatialRefId=4326&where=1%3D1,2023-04-28
Geoportal zone rezerviranih parkirališnih mjesta,geoportal-zone-rezerviranih-parkiralisnih-mjesta,GEOJSON,Geoportal zone rezerviranih parkirališnih mjesta,https://opendata.arcgis.com/api/v3/datasets/04e3d79e90b04167a6efa8d277e5a482_0/downloads/data?format=geojson&spatialRefId=4326&where=1%3D1,2023-04-28
Geoportal Željeznička stajališta HŽ,zeljeznicka-stajalista-hz,GEOJSON,Geoportal Željeznička stajališta HŽ,https://data.zagreb.hr/dataset/d0886c88-cdc8-43fa-ac94-67a8d128d0c2/resource/af3dbe3e-68fd-4862-bb6a-e39790f76dce/download/data.geojson,2026-08-01
Geoportal željeznička stajališta HŽ,geoportal-zeljeznicka-stajalista-hz,CSV,Geoportal željeznička stajališta HŽ,https://opendata.arcgis.com/api/v3/datasets/6b38cc81f6d14bd0a43da91bc98b8ccc_0/downloads/data?format=csv&spatialRefId=4326&where=1%3D1,2023-04-28
Geoportal željeznička stajališta HŽ,geoportal-zeljeznicka-stajalista-hz,GEOJSON,Geoportal željeznička stajališta HŽ,https://opendata.arcgis.com/api/v3/datasets/6b38cc81f6d14bd0a43da91bc98b8ccc_0/downloads/data?format=geojson&spatialRefId=4326&where=1%3D1,2023-04-28
Gerontološki centri Grada Zagreba,gerontoloski-centri-grada-zagreba,CSV,Gerontološki centri Grada Zagreba,https://data.zagreb.hr/dataset/385ee98e-bf20-4aba-bffb-73e26dbdce0b/resource/4b789b6b-9848-4e04-bac2-9427b072c410/download/gernitoloski-centri-gz-kontakti-.csv,2023-03-03
Godišnji izvještaj o izvršenju proračuna Grada Zagreba za 2016.,godisnji-izvjestaj-o-izvrsenju-proracuna-grada-zagreba-za-2016,CSV,Prihodi - Ostvarenje 2016. Grad Zagreb,https://data.zagreb.hr/dataset/84b4fd75-33f7-4136-a933-99d1eea92306/resource/47d08198-373e-43b9-a611-9b672b93191d/download/prihodi-ostvarenje-2016.-grad-zg.csv,2018-07-19
Godišnji izvještaj o izvršenju proračuna Grada Zagreba za 2016.,godisnji-izvjestaj-o-izvrsenju-proracuna-grada-zagreba-za-2016,CSV,Prihodi - Ostvarenje 2016. Proračunski korisnici,https://data.zagreb.hr/dataset/84b4fd75-33f7-4136-a933-99d1eea92306/resource/f688d3f3-4ce6-47b3-9b94-d8b7b3b55279/download/prihodi-ostvarenje-2016.-proraunski-korisnici.csv,2018-07-19
Godišnji izvještaj o izvršenju proračuna Grada Zagreba za 2016.,godisnji-izvjestaj-o-izvrsenju-proracuna-grada-zagreba-za-2016,CSV,Rashodi - Izvršenje 2016. - Grad Zagreb,https://data.zagreb.hr/dataset/84b4fd75-33f7-4136-a933-99d1eea92306/resource/e7034e7c-6e2e-4cf2-b0dd-3515fcc7e293/download/rashodi-izvrenje-2016-grad-zg.csv,2018-07-19
Godišnji izvještaj o izvršenju proračuna Grada Zagreba za 2016.,godisnji-izvjestaj-o-izvrsenju-proracuna-grada-zagreba-za-2016,CSV,Rashodi - Izvršenje 2016. - Proračunski korisnici,https://data.zagreb.hr/dataset/84b4fd75-33f7-4136-a933-99d1eea92306/resource/b94d7677-aa83-4fdf-b770-ffd2d86611c0/download/rashodi-izvrenje-2016-proraunski-korisnici.csv,2018-07-19
Godišnji izvještaj o izvršenju proračuna Grada Zagreba za 2017.,godisnji-izvjestaj-o-izvrsenju-proracuna-grada-zagreba-za-2017,CSV,Prihodi - Ostvarenje 2017. Grad Zagreb,https://data.zagreb.hr/dataset/614a2f91-c3c8-4eb4-8a9f-2673252ff110/resource/10e90b7c-6347-4f3d-9865-52cfb81cd674/download/prihodi-ostvarenje-2017.-grad-zg.csv,2018-07-19
Godišnji izvještaj o izvršenju proračuna Grada Zagreba za 2017.,godisnji-izvjestaj-o-izvrsenju-proracuna-grada-zagreba-za-2017,CSV,Prihodi - Ostvarenje 2017. Proračunski korisnici,https://data.zagreb.hr/dataset/614a2f91-c3c8-4eb4-8a9f-2673252ff110/resource/847ead13-f421-4fb5-9fbd-4fd536bfa092/download/prihodi-ostvarenje-2017.-proraunski-korisnici.csv,2018-07-19
Godišnji izvještaj o izvršenju proračuna Grada Zagreba za 2017.,godisnji-izvjestaj-o-izvrsenju-proracuna-grada-zagreba-za-2017,CSV,Rashodi - Izvršenje 2017. - Grad Zagreb,https://data.zagreb.hr/dataset/614a2f91-c3c8-4eb4-8a9f-2673252ff110/resource/0e6305a1-04c0-42ad-925c-29201ec1e3a5/download/rashodi-izvrenje-2017-grad-zg.csv,2018-07-19
Godišnji izvještaj o izvršenju proračuna Grada Zagreba za 2017.,godisnji-izvjestaj-o-izvrsenju-proracuna-grada-zagreba-za-2017,CSV,Rashodi - Izvršenje 2017. - Proračunski korisnici,https://data.zagreb.hr/dataset/614a2f91-c3c8-4eb4-8a9f-2673252ff110/resource/0d4225cc-9ef8-40f9-a5cf-12f90f867f16/download/rashodi-izvrenje-2017.-proraunski-korisnici.csv,2018-07-19
Gradska skupština Grada Zagreba,gradska-skupstina-grada-zagreba,CSV,Političke stranke u Gradskoj skupštini Grada Zagreba,https://data.zagreb.hr/dataset/d0d80264-71c8-44a5-906c-eb44795752ac/resource/bf000fb8-ab4f-489d-893d-3edfa353d3b0/download/politike-stranke-u-gradskoj-skuptini-grada-zagreba-csv.csv,2026-03-30
Gradska skupština Grada Zagreba,gradska-skupstina-grada-zagreba,CSV,Statistički podaci o raspodjeli mandata u Gradskoj skupštini,https://data.zagreb.hr/dataset/d0d80264-71c8-44a5-906c-eb44795752ac/resource/80adf0ba-fdad-4804-b664-248442207145/download/statistiki-podaci-o-raspodjeli-mandata-u-gradskoj-skuptini-csv.csv,2026-06-23
Gradska skupština Grada Zagreba,gradska-skupstina-grada-zagreba,CSV,Podaci o gradskim zastupnicima/cama,https://data.zagreb.hr/dataset/d0d80264-71c8-44a5-906c-eb44795752ac/resource/b8bc32a8-4396-4e74-8072-84b3b5d1423a/download/podaci-o-gradskim-zastupnicima-csv.csv,2026-07-10
Gradska skupština Grada Zagreba,gradska-skupstina-grada-zagreba,CSV,Predsjednici Gradske skupštine,https://data.zagreb.hr/dataset/d0d80264-71c8-44a5-906c-eb44795752ac/resource/df0accb0-98c3-4d1d-afd7-ecfb30796610/download/predsjednici-gradske-skuptine.csv,2025-06-25
Gradski vrtići Grada Zagreba - kontakt podaci,gradski_vrtici_grada_zagreba,CSV,Gradski vrtići Grada Zagreba - kontakt podaci,https://data.zagreb.hr/dataset/10f10ce2-44a0-4a2c-96f5-249f218b3d21/resource/2773b849-6783-491d-a4d2-3a63c5d2bfe5/download/data.csv,2026-09-02
Gradski vrtići Grada Zagreba - kontakt podaci,gradski_vrtici_grada_zagreba,JSON,Gradski vrtići Grada Zagreba - kontakt podaci,https://data.zagreb.hr/dataset/10f10ce2-44a0-4a2c-96f5-249f218b3d21/resource/ef3f6fc2-d648-4dba-a7b2-f7e8990d8cd0/download/data.json,2026-09-02
Grafiti na javnim i privatnim površinama,grafiti-na-javnim-povrsinama,CSV,Grafiti - na javim i privatnim površinama,https://data.zagreb.hr/dataset/f2001566-39dc-417c-a30b-4cc113873a6d/resource/524ca334-5e78-4473-9607-84493de4c270/download/grafiti.csv,2023-04-04
Hitne intervencije na području Grada Zagreba,hitne-intervencije-na-podrucju-grada-zagreba,CSV,2013,https://data.zagreb.hr/dataset/79abdda1-6873-43dc-8a8f-d2fc70e88a7e/resource/7dafcaaa-5bf1-446e-8f19-18686d5d69de/download/intervencije2013s.csv,2016-06-30
Hitne intervencije na području Grada Zagreba,hitne-intervencije-na-podrucju-grada-zagreba,CSV,2014,https://data.zagreb.hr/dataset/79abdda1-6873-43dc-8a8f-d2fc70e88a7e/resource/c6b01a4f-c78f-47e8-9d04-2a4de0126029/download/intervencije2014s.csv,2016-06-30
Hitne intervencije na području Grada Zagreba,hitne-intervencije-na-podrucju-grada-zagreba,CSV,2015,https://data.zagreb.hr/dataset/79abdda1-6873-43dc-8a8f-d2fc70e88a7e/resource/c978f97a-f0da-4efd-8376-4b50deb2b01a/download/intervencije2015s.csv,2016-06-30
Imovinsko-pravni ugovori,imovinsko-pravni-ugovori-2022,CSV,Imovinsko pravni ugovori 2024,https://data.zagreb.hr/dataset/795dfae2-4df0-4695-ae13-87ffa2621dc6/resource/184f283e-1d5e-4518-887a-00ecc9de6f45/download/imovinsko-pravni-ugovori_2024.csv,2025-12-30
Imovinsko-pravni ugovori,imovinsko-pravni-ugovori-2022,CSV,Imovinsko-pravni ugovori 2023,https://data.zagreb.hr/dataset/795dfae2-4df0-4695-ae13-87ffa2621dc6/resource/9500d9e9-23af-48fa-81d2-0d5fd18d6066/download/imovinsko-pravni-ugovori-2023.csv,2024-12-30
Imovinsko-pravni ugovori,imovinsko-pravni-ugovori-2022,CSV,Imovinsko-pravni ugovori 2022,https://data.zagreb.hr/dataset/795dfae2-4df0-4695-ae13-87ffa2621dc6/resource/71c4adc6-f372-42db-bd07-bdb5557655fb/download/imovinsko-pravni-ugovori-2022podregistar-01-i-02.csv,2023-03-28
Izgrađene prometnice u Gradu Zagrebu,izgradene-ceste-u-gradu-zagrebu,CSV,Evidencija izgrađenih cesta 2020 - 2024,https://data.zagreb.hr/dataset/187fec4c-76b5-4bc8-b141-9d0621433c2f/resource/41909d11-e9b6-409f-8da3-60607f58e16f/download/evidencija-izgraenih-cesta-2020-2024-csv.csv,2025-04-28
Izvješće o tržištu nekretnina Grada Zagreba,ukupan-promet-nekretnina,CSV,Ukupan promet nekretnina 2024,https://data.zagreb.hr/dataset/6b9455e8-ac67-4dbc-b1ec-58266a9f7495/resource/1fdc8c52-326a-4d30-b494-12681ab07686/download/ukupan-promet-nekretnina-2024.csv,2025-12-30
Izvješće o tržištu nekretnina Grada Zagreba,ukupan-promet-nekretnina,CSV,Ukupan promet nekretnina 2023,https://data.zagreb.hr/dataset/6b9455e8-ac67-4dbc-b1ec-58266a9f7495/resource/0fc8f986-151f-422e-a385-c72c348c14ae/download/ukupan-promet-nekretnina-2023.csv,2025-01-03
Izvješće o tržištu nekretnina Grada Zagreba,ukupan-promet-nekretnina,CSV,Ukupan promet nekretnina 2022.,https://data.zagreb.hr/dataset/6b9455e8-ac67-4dbc-b1ec-58266a9f7495/resource/b29f751e-4eb4-41e0-b1cb-48d300318442/download/ukupan-promet-nekretnina-2022.csv,2023-04-25
Izvješće o tržištu nekretnina Grada Zagreba,ukupan-promet-nekretnina,CSV,Ukupan promet nekretnina 2021.,https://data.zagreb.hr/dataset/6b9455e8-ac67-4dbc-b1ec-58266a9f7495/resource/f711f3f7-ecfe-4ba7-b1b9-36c2c8492350/download/ukupan-promet-nekretnina-2021.csv,2023-04-25
Javni WC-i,javni-wc-i,CSV,Javni WC-i,https://services8.arcgis.com/Usi0jGQwMmBUpFjr/arcgis/rest/services/javni_wc/FeatureServer/replicafilescache/javni_wc_-51844226614455755.csv,2024-09-16
Javni WC-i,javni-wc-i,GEOJSON,Javni WC-i,https://services8.arcgis.com/Usi0jGQwMmBUpFjr/arcgis/rest/services/javni_wc/FeatureServer/replicafilescache/javni_wc_-4667436749754589776.geojson,2024-09-16
Javni urbanističko - arhitektonski natječaji,javni-urbanisticko-arhitektonski-natjecaji,CSV,Javni urbanističko-arhitektonski natječaji,https://opendata.arcgis.com/api/v3/datasets/c6e3387b23cf46279e842b58d4ae5c92_0/downloads/data?format=csv&spatialRefId=4326&where=1%3D1,2023-04-26
Javni urbanističko - arhitektonski natječaji,javni-urbanisticko-arhitektonski-natjecaji,GEOJSON,Javni urbanističko-arhitektonski natječaji,https://opendata.arcgis.com/api/v3/datasets/c6e3387b23cf46279e842b58d4ae5c92_0/downloads/data?format=geojson&spatialRefId=4326&where=1%3D1,2023-04-26
Kapitalna ulaganja 2023,kapitalna-ulaganja-2023,CSV,Kapitalna ulaganja 2023.,https://opendata.arcgis.com/api/v3/datasets/e898521c36224b05b7bc0778632cd91d_0/downloads/data?format=csv&spatialRefId=4326&where=1%3D1,2023-04-26
Kapitalna ulaganja 2023,kapitalna-ulaganja-2023,GEOJSON,Kapitalna ulaganja 2023.,https://opendata.arcgis.com/api/v3/datasets/e898521c36224b05b7bc0778632cd91d_0/downloads/data?format=geojson&spatialRefId=4326&where=1%3D1,2023-04-26
Kapitalna ulaganja 2024.,kapitalna-ulaganja-2024,CSV,Kapitalna ulaganja 2024.,https://hub.arcgis.com/api/v3/datasets/f1871e3fd952438e99dcccd63d37e81b_0/downloads/data?format=csv&spatialRefId=3765&where=1%3D1,2024-09-17
Kapitalna ulaganja 2024.,kapitalna-ulaganja-2024,GEOJSON,Kapitalna ulaganja 2024.,https://hub.arcgis.com/api/v3/datasets/f1871e3fd952438e99dcccd63d37e81b_0/downloads/data?format=geojson&spatialRefId=4326&where=1%3D1,2024-09-17
Katastarska općina - katastarska prostorna jedinica za područje Grada Zagreba,katastarska-opcina-katastarska-prostorna-jedinica-za-podrucje-grada-zagreba,CSV,DKP_K_OPCINA.csv,https://data.zagreb.hr/dataset/8b8bc69a-d52e-4f1e-806e-c719b8e3d11a/resource/34923e9f-ed35-4750-85e7-5fafa78af59e/download/dkp_k_opcina.csv,2025-02-04
Lokacije zelenih otoka,lokacije-zelenih-otoka,CSV,Lokacije Zelenih otoka ,https://data.zagreb.hr/dataset/0b532fd6-fa24-4f90-8c5e-698b5cbe94b7/resource/5d15eae4-6aa7-426c-b02c-a8fdb3d61a74/download/zeleniotoci.csv,2016-11-03
Mjesni odbori,mjesni-odbori,CSV,Mjesni odbori,https://data.zagreb.hr/dataset/4dc300c3-ab50-454d-98d1-47cd739b1132/resource/de825f7b-9d87-4159-9500-475651e0acb3/download/mjesniodborii.csv,2023-05-12
O/D matrica putovanja,o-d-matrica-putovanja,CSV, O/D matrica putovanja,https://data.zagreb.hr/dataset/d39f0574-d2b7-442b-bd04-d75e4958ace2/resource/da392ca8-4b25-493e-9554-0f9c64ef165c/download/zagreb.csv,2022-01-12
Odgojno - obrazovni objekti Grada Zagreba,odgojno-obrazovni-objekti-grada-zagreba,CSV,Odgojno - obrazovni objekti Grada Zagreba,https://data.zagreb.hr/dataset/32473dab-5a4f-4be7-b64b-2e8758bf79f5/resource/cb28155e-e6e8-4cee-8342-1dbd3e4cb316/download/odgojno-obrazovni-objekti-grad-zagreb-csv.csv,2024-09-20
Plan komunalnih akcija Grada Zagreba,plan-komunalnih-akcija-grada-zagreba,CSV,Plan komunalnih akcija Grada Zagreba,https://data.zagreb.hr/dataset/7d54cbc1-d349-4818-b81c-0ddd545a3e65/resource/52e56b3a-ad9a-410e-8a83-5f50daac936e/download/plan-komunalnih-akcija-grada-zagreba.csv,2023-03-22
Plan komunalnih aktivnosti,komunalne_aktivnosti,CSV,Plan komunalnih aktivnosti,https://data.zagreb.hr/dataset/fddb4f87-c002-4e3c-b988-adf013997ecc/resource/44a733b6-953c-4e73-92e8-86f78e95bc4c/download/data.csv,2026-09-05
Plan komunalnih aktivnosti,komunalne_aktivnosti,JSON,Plan komunalnih aktivnosti,https://data.zagreb.hr/dataset/fddb4f87-c002-4e3c-b988-adf013997ecc/resource/f90738b6-8bfa-4dd9-9db7-b3c532d90c97/download/data.json,2026-09-05
Planirana namjena 1971,planirana-namjena-1971,CSV,Planirana namjena,https://opendata.arcgis.com/api/v3/datasets/8e1fd9553ebc4e96b862ec55b2b569e4_0/downloads/data?format=csv&spatialRefId=4326&where=1%3D1,2023-05-29
Planirana namjena 1971,planirana-namjena-1971,GEOJSON,Planirana namjena,https://opendata.arcgis.com/api/v3/datasets/8e1fd9553ebc4e96b862ec55b2b569e4_0/downloads/data?format=geojson&spatialRefId=4326&where=1%3D1,2023-05-29
Planirana namjena 1986,planirana-namjena-1986,CSV,Planirana namjena,https://opendata.arcgis.com/api/v3/datasets/7b9cf4a7997d413db753bebb3cee045e_0/downloads/data?format=csv&spatialRefId=4326&where=1%3D1,2023-05-29
Planirana namjena 1986,planirana-namjena-1986,GEOJSON,Planirana namjena,https://opendata.arcgis.com/api/v3/datasets/7b9cf4a7997d413db753bebb3cee045e_0/downloads/data?format=geojson&spatialRefId=4326&where=1%3D1,2023-05-29
Podaci o potrošnji i trošku za objekte Grada Zagreba,podaci-o-potrosnji-i-trosku-za-objekte-grada-zagreba,CSV,Zagreb 01.2019 - 06.2024 potrosnje i troskovi po OMM mjesecno,https://data.zagreb.hr/dataset/96f3f820-7351-412a-9ad4-670084515257/resource/edca8a4f-7671-48b2-9d02-8f94eaf925ec/download/zagreb-01.2019-06.2024-potrosnje-i-troskovi-po-omm-mjesecno-csv.csv,2024-09-30
Podaci o potrošnji i trošku za objekte Grada Zagreba,podaci-o-potrosnji-i-trosku-za-objekte-grada-zagreba,CSV,Zagreb 2019. - 2023. potrosnje i troskovi po OMM mjesecno,https://data.zagreb.hr/dataset/96f3f820-7351-412a-9ad4-670084515257/resource/76f22bff-e71d-4461-b2bd-0e0c09687433/download/zagreb-2019-2023-potrosnja-i-troskovi-po-omm-mjesecno-csv.csv,2025-01-17
Pojilice sa pitkom vodom,pojilice-sa-pitkom-vodom,CSV,Pojilice sa pitkom vodom,https://services8.arcgis.com/Usi0jGQwMmBUpFjr/arcgis/rest/services/pitka_voda/FeatureServer/replicafilescache/pitka_voda_495776459002627583.csv,2024-09-16
Pojilice sa pitkom vodom,pojilice-sa-pitkom-vodom,GEOJSON,Pojilice sa pitkom vodom,https://services8.arcgis.com/Usi0jGQwMmBUpFjr/arcgis/rest/services/pitka_voda/FeatureServer/replicafilescache/pitka_voda_-1391343346496493938.geojson,2024-09-16
Popis autoprijevoznika u Gradu Zagrebu,popis-autoprijevoznika-u-gradu-zagrebu,CSV,Autotaksi prijevoznici,https://data.zagreb.hr/dataset/1b34d5ae-a627-478f-a9b3-e5312d1731f4/resource/261c4150-7cb5-41c7-baa0-3cc86721a003/download/autak.csv,2016-06-29
Popis skupova podataka Grada Zagreba (Asset lista),popis-skupova-podataka-grada-zagreba-asset-lista,CSV,Popis skupova podataka,https://data.zagreb.hr/dataset/58b067d9-0e6a-45b3-a3e2-a87166d2f54a/resource/c4f32e77-072c-4671-9a09-754e233630d0/download/asset.csv,2024-08-09
Popis skupova podataka Grada Zagreba (Asset lista),popis-skupova-podataka-grada-zagreba-asset-lista,CSV,Popis skupova podataka 2025,https://data.zagreb.hr/dataset/58b067d9-0e6a-45b3-a3e2-a87166d2f54a/resource/bc0233d8-c992-4b39-8446-be9b27f76705/download/asset-lista-2025-csv.csv,2025-02-06
Potpore inovatorima Grada Zagreba,potpore-inovatorima-grada-zagreba,CSV,2014,https://data.zagreb.hr/dataset/9a168793-ecc9-44e8-8525-01acc9fd8773/resource/f3bc6148-4123-46ff-835a-26cbbe226211/download/potporeinovatori14p.csv,2016-06-29
Potpore inovatorima Grada Zagreba,potpore-inovatorima-grada-zagreba,CSV,2015,https://data.zagreb.hr/dataset/9a168793-ecc9-44e8-8525-01acc9fd8773/resource/4b42c6a2-ba0b-4e36-94fe-15621fb30436/download/potporeinovatori15p.csv,2016-06-29
Potpore za poticanje razvoja turizma u Gradu Zagrebu,potpore-za-poticanje-razvoja-turizma-u-gradu-zagrebu,CSV,Potpore za turizam GZ ,https://data.zagreb.hr/dataset/a33eb579-ca42-41cc-bf8d-4d3ae50b0387/resource/2b839226-e9b8-4833-8c59-87671733dd3e/download/potporeturizamp.csv,2016-06-30
Povijesne granice grada Zagreba,povijesne-granice-grada-zagreba,CSV,Povijesne granice GZG,https://opendata.arcgis.com/api/v3/datasets/b59b8f86855c47ef81e67c902080583f_2/downloads/data?format=csv&spatialRefId=4326&where=1%3D1,2023-04-27
Povijesne granice grada Zagreba,povijesne-granice-grada-zagreba,GEOJSON,Povijesne granice GZG,https://opendata.arcgis.com/api/v3/datasets/b59b8f86855c47ef81e67c902080583f_2/downloads/data?format=geojson&spatialRefId=4326&where=1%3D1,2023-04-27
Počasni građani Grada Zagreba,pocasni-gradani-grada-zagreba,CSV,Počasni građani Grada Zagreba,https://data.zagreb.hr/dataset/74df5222-82b3-419f-98ed-41f08fad42be/resource/6887ad6e-2415-49cd-99c0-70486d5e5f33/download/poasni-graani-grada-zagreba-csv.csv,2024-12-23
Prazni poslovni prostori,prazni-poslovni-prostori,CSV,Prazna garažno-parkirna mjesta 2024,https://data.zagreb.hr/dataset/ca5d3f1b-75cc-4a49-8e92-f0e050ba8a41/resource/fa122e08-820d-4a36-9774-3112687edb44/download/prazna-garano-parkirna-mjesta-2024.csv,2025-12-30
Prazni poslovni prostori,prazni-poslovni-prostori,CSV,Prazna garažno-parkirna mjesta 2023,https://data.zagreb.hr/dataset/ca5d3f1b-75cc-4a49-8e92-f0e050ba8a41/resource/69160748-5b9f-4b41-b933-0ad475d49ac7/download/prazna-garano-parkirna-mjesta-2023.csv,2025-01-03
Prazni poslovni prostori,prazni-poslovni-prostori,CSV,Prazna garažno-parkirna mjesta 2022,https://data.zagreb.hr/dataset/ca5d3f1b-75cc-4a49-8e92-f0e050ba8a41/resource/0eee7571-1721-4627-ac44-872100371fac/download/prazna-garano-parkirna-mjesta.csv,2023-03-27
Prazni poslovni prostori,prazni-poslovni-prostori,CSV,Prazne garaže 2024,https://data.zagreb.hr/dataset/ca5d3f1b-75cc-4a49-8e92-f0e050ba8a41/resource/dc08f579-4ef0-4281-be78-09de1400d08e/download/prazne-garae-2024.csv,2025-12-30
Prazni poslovni prostori,prazni-poslovni-prostori,CSV,Prazne garaže 2023,https://data.zagreb.hr/dataset/ca5d3f1b-75cc-4a49-8e92-f0e050ba8a41/resource/70b255a3-35bb-40d8-85fc-e079a73700f1/download/prazne-garae-2023.csv,2025-01-03
Prazni poslovni prostori,prazni-poslovni-prostori,CSV,Prazne garaže 2022,https://data.zagreb.hr/dataset/ca5d3f1b-75cc-4a49-8e92-f0e050ba8a41/resource/363fb3c4-3718-4f2a-b034-ffa7799524d5/download/prazne-garae.csv,2023-03-27
Prazni poslovni prostori,prazni-poslovni-prostori,CSV,Prazni poslovni prostori 2024,https://data.zagreb.hr/dataset/ca5d3f1b-75cc-4a49-8e92-f0e050ba8a41/resource/10d3558e-1a4c-47c0-9f00-216f23ee0d54/download/prazni-poslovni-prostori-2024.csv,2025-12-30
Prazni poslovni prostori,prazni-poslovni-prostori,CSV,Prazni poslovni prostori 2023,https://data.zagreb.hr/dataset/ca5d3f1b-75cc-4a49-8e92-f0e050ba8a41/resource/6263592d-719c-4b68-8f0f-be0b00a2e288/download/prazni-poslovni-prostori-2023.csv,2025-01-03
Prazni poslovni prostori,prazni-poslovni-prostori,CSV,Prazni poslovni prostori 2022,https://data.zagreb.hr/dataset/ca5d3f1b-75cc-4a49-8e92-f0e050ba8a41/resource/546156c7-6165-4b9c-825b-a8f9e0fa786c/download/prazni-poslovni-prostori.csv,2023-03-27
Prazni poslovni prostori,prazni-poslovni-prostori,CSV,Prazni poslovni prostori Sesvete-Novi Jelkovec 2023,https://data.zagreb.hr/dataset/ca5d3f1b-75cc-4a49-8e92-f0e050ba8a41/resource/af528e27-eb61-4acf-8663-9382371688f5/download/prazni-poslovni-prostori-sesvete-novi-jelkovec-2023.csv,2025-01-03
Prazni poslovni prostori,prazni-poslovni-prostori,CSV,Prazni poslovni prostori Sesvete-Novi Jelkovec 2022,https://data.zagreb.hr/dataset/ca5d3f1b-75cc-4a49-8e92-f0e050ba8a41/resource/3bb4a706-a38e-4acd-af56-cbbc5e6852c2/download/prazni-poslovni-prostori-sesvetenovi-jelkovec.csv,2023-03-27
Prazni poslovni prostori,prazni-poslovni-prostori,CSV,Ne uvjetni prazni poslovni prostori 2024,https://data.zagreb.hr/dataset/ca5d3f1b-75cc-4a49-8e92-f0e050ba8a41/resource/bc43e807-4f80-4f7a-9c0e-de5ca9bfae6a/download/ne-uvjetni-prazni-poslovni-prostori-2024.csv,2025-12-30
Prazni poslovni prostori,prazni-poslovni-prostori,CSV,Ne uvjetni prazni poslovni prostori 2023,https://data.zagreb.hr/dataset/ca5d3f1b-75cc-4a49-8e92-f0e050ba8a41/resource/94ce4b59-07d9-4fe9-89e4-0d28092ba988/download/ne-uvjetni-prazni-poslovni-prostori-2023.csv,2025-01-03
Prazni poslovni prostori,prazni-poslovni-prostori,CSV,Ne uvjetni prazni poslovni prostori 2022,https://data.zagreb.hr/dataset/ca5d3f1b-75cc-4a49-8e92-f0e050ba8a41/resource/8ac1d8ff-f2ee-4da8-95e2-b02ae6dfa000/download/ppp-ne-uvjetni.csv,2023-03-28
Predsjednici Gradskih četvrti Grada Zagreba 2021. - 2025.,predsjednici-gradskih-cetvrti-grada-zagreba,CSV,Popis predsjednika Gradskih četvrti arhiva saziva 2021. - 2025.,https://data.zagreb.hr/dataset/1fa2a6ed-b02c-4772-809d-6cf1a551bac5/resource/3ddcbc46-7ece-4ca3-92a6-ad4d03316434/download/popis-predsjednika-gc-sa-kontaktima-csv.csv,2024-12-17
Predsjednici Gradskih četvrti Grada Zagreba 2025. -,predsjednici_gradskih_cetvrti_grada_zagreba_2025,CSV,Predsjednici Gradskih četvrti Grada Zagreba 2025. -,https://data.zagreb.hr/dataset/5d972259-d4b2-4a23-93aa-9ac457be11ce/resource/f74b0c73-f6fa-4f0d-ac66-8cfd12c46444/download/data.csv,2025-07-09
Predsjednici Gradskih četvrti Grada Zagreba 2025. -,predsjednici_gradskih_cetvrti_grada_zagreba_2025,JSON,Predsjednici Gradskih četvrti Grada Zagreba 2025. -,https://data.zagreb.hr/dataset/5d972259-d4b2-4a23-93aa-9ac457be11ce/resource/5be18271-7817-4a4b-aaef-1ff37aa9c981/download/data.json,2025-07-09
Predsjednici mjesnih odbora Grada Zagreba,predsjednici-mjesnih-odbora-grada-zagreba,CSV,Predsjednici mjesnih odbora Grada Zagreba arhiva saziva 2021. - 2025.,https://data.zagreb.hr/dataset/bed3e484-af2e-4b6b-81f7-2a76e83cfca2/resource/7d285026-0223-4a12-b4fe-818f336c39b2/download/predsjednici-mjesnih-odbora-grada-zagreba.csv,2024-12-18
Privatni i vjerski vrtići te obrti za čuvanje djece Grada Zagreba - kontakt podaci,privatni-vjerski-obrti-gz-kontakt-podaci,CSV,Privatni i vjerski vrtići te obrti za čuvanje djece Grada Zagreba - kontakt podaci,https://data.zagreb.hr/dataset/25a37ebd-13af-4979-8b50-4c081a6b9386/resource/39b1df32-4997-4c95-9416-9225a5420813/download/data.csv,2026-09-02
Privatni i vjerski vrtići te obrti za čuvanje djece Grada Zagreba - kontakt podaci,privatni-vjerski-obrti-gz-kontakt-podaci,JSON,Privatni i vjerski vrtići te obrti za čuvanje djece Grada Zagreba - kontakt podaci,https://data.zagreb.hr/dataset/25a37ebd-13af-4979-8b50-4c081a6b9386/resource/8fa8e3b5-7a3b-4b75-98a4-0743b29f79bc/download/data.json,2026-09-02
Projekt Plavi ceker,plavi-ceker,CSV,Popis proizvoda (8.javni poziv),https://data.zagreb.hr/dataset/22e70a1d-408b-4505-948b-49dca9bd94ac/resource/f9afbda8-18fa-4092-ad41-38774d980db2/download/popis-proizvoda-8.-javni-poziv-csv.csv,2025-04-25
Projekt Plavi ceker,plavi-ceker,CSV,Popis proizvođača (8.javni poziv),https://data.zagreb.hr/dataset/22e70a1d-408b-4505-948b-49dca9bd94ac/resource/b843dd78-dd82-45f4-b304-ec0daf2715fd/download/popis-proizvoaa-8.-javni-poziv-csv.csv,2025-04-25
Projekt Plavi ceker,plavi-ceker,CSV,Popis proizvoda 23.04.2025.,https://data.zagreb.hr/dataset/22e70a1d-408b-4505-948b-49dca9bd94ac/resource/9ef1600a-29e6-46b6-be1f-e6aa3a1885a4/download/popis-proizvoda-23.04.2025.-csv.csv,2025-04-25
Projekt Plavi ceker,plavi-ceker,CSV,Popis proizvođača 23.04.2025. ,https://data.zagreb.hr/dataset/22e70a1d-408b-4505-948b-49dca9bd94ac/resource/8bf3ebbb-86d6-4ae2-ad23-f7bbaf6806b4/download/popis-proizvoaa-23.04.2025-csv.csv,2025-04-25
Projekt Plavi ceker,plavi-ceker,CSV,Popis proizvoda (1.-7. javni poziv),https://data.zagreb.hr/dataset/22e70a1d-408b-4505-948b-49dca9bd94ac/resource/103e87cb-2fb2-4b43-8660-6dd374762804/download/popis-proizvoda-1-7.javni-poziv.csv,2024-05-20
Projekt Plavi ceker,plavi-ceker,CSV,Popis proizvođača (1.-7. javni poziv),https://data.zagreb.hr/dataset/22e70a1d-408b-4505-948b-49dca9bd94ac/resource/16eb05ab-a6da-4395-a7ee-d295b07cabe0/download/proizvodaci_plavi_ceker_17_07_2024.csv,2024-07-24
Projekt Plavi ceker,plavi-ceker,CSV,Popis proizvoda (9. javni poziv),https://data.zagreb.hr/dataset/22e70a1d-408b-4505-948b-49dca9bd94ac/resource/2a4a9c83-8237-472a-b7ae-6e9edccef6b0/download/popis-proizvoda-9.-javni-poziv-csv.csv,2026-04-02
Projekt Plavi ceker,plavi-ceker,CSV,Popis proizvođača (9. javni poziv),https://data.zagreb.hr/dataset/22e70a1d-408b-4505-948b-49dca9bd94ac/resource/4e973a6a-eecf-41ec-b332-c007eafea404/download/popis-proizvoaa-9.-javni-poziv-csv.csv,2026-04-02
Projekt Plavi ceker,plavi-ceker,CSV,Popis proizvoda 01.04.2026.,https://data.zagreb.hr/dataset/22e70a1d-408b-4505-948b-49dca9bd94ac/resource/31321e9f-ab26-4b55-ab50-1bc440ad8011/download/popis-proizvoda-01.04.2026.-csv.csv,2026-04-02
Projekt Plavi ceker,plavi-ceker,CSV,Popis proizvođača 01.04.2026.,https://data.zagreb.hr/dataset/22e70a1d-408b-4505-948b-49dca9bd94ac/resource/6f854599-54af-409b-b369-f1c4d7d3c815/download/popis-proizvoaa-01.04.2026.-csv.csv,2026-04-02
Projekti Europske Unije u provedbi,projekti-europske-unije,CSV,EU projekti u provedbi,https://data.zagreb.hr/dataset/ab4118d2-7eaa-44e0-a219-3039442e67a7/resource/a93d3111-cc8f-45fc-80ab-ffbdd0d25e8f/download/eu-projekti-u-provedbi-prosinac-2023_eur.csv,2024-03-12
Proračun Grada Zagreba 2022. - 2025.,proracun,CSV,Konsolidirani plan - prihodi 2022.,https://data.zagreb.hr/dataset/e1403dd7-898d-465b-9fc1-2adb3f143400/resource/f282fe9f-6062-406a-852a-d3448b866179/download/konsolidirani-plan-prihodicsv.csv,2023-05-03
Proračun Grada Zagreba 2022. - 2025.,proracun,CSV,Konsolidirani plan - rashodi 2022.,https://data.zagreb.hr/dataset/e1403dd7-898d-465b-9fc1-2adb3f143400/resource/9c7a1fa9-02c0-4de0-98bf-1418454145ae/download/konsolidirani-planrashodicsv.csv,2023-05-03
Proračun Grada Zagreba 2022. - 2025.,proracun,CSV,Konsolidirani plan - prihodi 2023.,https://data.zagreb.hr/dataset/e1403dd7-898d-465b-9fc1-2adb3f143400/resource/c4f5d85c-5010-4d7c-8b14-dacff29c12c5/download/zgprihodi202320242025csv.csv,2023-05-03
Proračun Grada Zagreba 2022. - 2025.,proracun,CSV,Konsolidirani plan - rashodi 2023.,https://data.zagreb.hr/dataset/e1403dd7-898d-465b-9fc1-2adb3f143400/resource/95221341-019d-4d07-bc71-26af842a17cd/download/zgrashodi202320242025csv.csv,2023-05-03
Proračun Grada Zagreba 2022. - 2025.,proracun,CSV,Konsolidirani plan - prihodi 2024.,https://data.zagreb.hr/dataset/e1403dd7-898d-465b-9fc1-2adb3f143400/resource/dc278a50-b538-435a-be1a-5f5f000e97a1/download/prihodi_2024_2025_2026.csv,2024-03-01
Proračun Grada Zagreba 2022. - 2025.,proracun,CSV,Konsolidirani plan - rashodi 2024.,https://data.zagreb.hr/dataset/e1403dd7-898d-465b-9fc1-2adb3f143400/resource/9110b12b-7ced-40dc-a4ae-f043e14f01ea/download/rashodi_2024_2025_2026.csv,2024-03-01
Proračun Grada Zagreba 2022. - 2025.,proracun,CSV,Konsolidirani plan - prihodi 2025.,https://data.zagreb.hr/dataset/e1403dd7-898d-465b-9fc1-2adb3f143400/resource/063d3eba-911f-4561-82a0-76da64564c7e/download/konsolidirani-plan-prihodi-2025.-csv.csv,2025-01-28
Proračun Grada Zagreba 2022. - 2025.,proracun,CSV,Konsolidirani plan - rashodi 2025.,https://data.zagreb.hr/dataset/e1403dd7-898d-465b-9fc1-2adb3f143400/resource/7c3a6091-39ac-471f-aa3d-a67db3f54d62/download/konsolidirani-plan-rashodi-2025.-csv.csv,2025-01-28
Proračun Grada Zagreba 2022. - 2025.,proracun,CSV,Konsolidirani plan - prihodi 2026.,https://data.zagreb.hr/dataset/e1403dd7-898d-465b-9fc1-2adb3f143400/resource/1f8d8cd7-a078-40a7-a9ad-84a41b34c3cb/download/konsolidirani-plan-prihodi-2026.-csv.csv,2025-01-28
Proračun Grada Zagreba 2022. - 2025.,proracun,CSV,Konsolidirani plan - rashodi 2026.,https://data.zagreb.hr/dataset/e1403dd7-898d-465b-9fc1-2adb3f143400/resource/714f505c-c80b-411f-8d92-ff31e98203b2/download/konsolidirani-plan-rashodi-2026.-csv.csv,2025-01-28
Proračun Grada Zagreba 2022. - 2025.,proracun,CSV,Konsolidirani plan - prihodi 2027.,https://data.zagreb.hr/dataset/e1403dd7-898d-465b-9fc1-2adb3f143400/resource/9a887bca-2c14-4011-af79-66cdb34afa0a/download/konsolidirani-plan-prihodi-2027.-csv.csv,2025-01-28
Proračun Grada Zagreba 2022. - 2025.,proracun,CSV,Konsolidirani plan - rashodi 2027.,https://data.zagreb.hr/dataset/e1403dd7-898d-465b-9fc1-2adb3f143400/resource/0ae4e3c7-8482-44c7-98b4-d6da25947b7b/download/konsolidirani-plan-rashodi-2027.-csv.csv,2025-01-28
Proračun Grada Zagreba 2026.,proracun-grada-zagreba-2026,CSV,Konsolidirani plan - prihodi 2026.,https://data.zagreb.hr/dataset/8e77f94c-863d-4053-a6c1-88b45a5f2d11/resource/2e8a08fd-b0f2-4494-b5a6-5038a789abb1/download/konsolidirani-plan-prihodi-2026-csv.csv,2026-01-21
Proračun Grada Zagreba 2026.,proracun-grada-zagreba-2026,CSV,Konsolidirani plan - rashodi 2026.,https://data.zagreb.hr/dataset/8e77f94c-863d-4053-a6c1-88b45a5f2d11/resource/e4654d21-52c1-48a1-8802-121690901365/download/konsolidirani-plan-rashodi-2026-csv.csv,2026-01-21
Proračun Grada Zagreba 2026.,proracun-grada-zagreba-2026,CSV,Projekcija - prihodi 2027.,https://data.zagreb.hr/dataset/8e77f94c-863d-4053-a6c1-88b45a5f2d11/resource/eb90e18a-2a01-4787-8c3d-f9645c904136/download/projekcija-prihodi-2027-csv.xlsx,2026-01-21
Proračun Grada Zagreba 2026.,proracun-grada-zagreba-2026,CSV,Projekcija - rashodi 2027.,https://data.zagreb.hr/dataset/8e77f94c-863d-4053-a6c1-88b45a5f2d11/resource/de30509d-54cc-4081-a8c7-d2028447bcea/download/projekcija-rashodi-2027-csv.csv,2026-01-21
Proračun Grada Zagreba 2026.,proracun-grada-zagreba-2026,CSV,Projekcija - prihodi 2028.,https://data.zagreb.hr/dataset/8e77f94c-863d-4053-a6c1-88b45a5f2d11/resource/c2bf921f-acd3-4eab-9087-360efea08a37/download/projekcija-prihodi-2028-csv.csv,2026-01-21
Proračun Grada Zagreba 2026.,proracun-grada-zagreba-2026,CSV,Projekcija - rashodi 2028.,https://data.zagreb.hr/dataset/8e77f94c-863d-4053-a6c1-88b45a5f2d11/resource/4630bc6c-1ff3-4334-b95a-01b6d8b87cca/download/projekcija-rashodi-2028-csv.csv,2026-01-21
Prostori mjesne samouprave Grada Zagreba,prostori-mjesne-samouprave-grada-zagreba,CSV,Prostori mjesne samouprave,https://data.zagreb.hr/dataset/03b61019-2bab-42ad-9c7a-be3f6b691c87/resource/7713e856-1000-4928-8992-4e552ab60f47/download/data.csv,2026-09-05
Prostori mjesne samouprave Grada Zagreba,prostori-mjesne-samouprave-grada-zagreba,JSON,Prostori mjesne samouprave,https://data.zagreb.hr/dataset/03b61019-2bab-42ad-9c7a-be3f6b691c87/resource/67a8d1bf-79ad-4423-a07c-0f3337950844/download/data.json,2026-09-05
Provedeni EU projekti (2007. - 2023.),provedeni-eu-projekti-u-razdoblju-od-2007-do-2021,CSV,Provedeni EU projekti (2007.-2023),https://data.zagreb.hr/dataset/29e757d2-a75d-4c17-a6ed-ae541e3b5579/resource/57b209ee-e0e6-457b-9e40-d3ff2ccc887f/download/provedeni-eu-projekti-u-razdoblju-od-2007.-do-2023._eur.csv,2024-03-08
Raskrižja sa zvučnim signalizatorima,raskrizja-sa-zvucnim-signalizatorima,CSV,Raskrižja sa zvučnim signalizatorima 2024.,https://data.zagreb.hr/dataset/c1412b31-0dcb-4043-b57d-8f012c229946/resource/1aee000c-5cfd-4826-952f-1727888e6ebb/download/zvuni-signalizatori-za-slijepe-i-slabovidne-osobe_24.csv,2024-03-08
Raskrižja sa zvučnim signalizatorima,raskrizja-sa-zvucnim-signalizatorima,CSV,Raskrižja sa zvučnim signalizatorima 2023.,https://data.zagreb.hr/dataset/c1412b31-0dcb-4043-b57d-8f012c229946/resource/b3d15992-e93e-4d19-9f35-ee7b4e3ea89c/download/zvuni-signalizatori-za-slijepe-i-slabovidne-osobe.csv,2023-03-22
Raspodjela sredstava mjesne samouprave,raspodjela-sredstava-ms-2023,CSV,Raspodjela sredstava MS 2024,https://data.zagreb.hr/dataset/9ef0b6fd-8cfb-41cc-b7c1-7d6d1dbdf115/resource/bdc25837-e318-43a8-922e-64270873b479/download/sredstva-ms-2024-raspodjela-po-gc-i-namjenama_.csv,2024-03-12
Raspodjela sredstava mjesne samouprave,raspodjela-sredstava-ms-2023,CSV,Raspodjela sredstava MS 2023.,https://data.zagreb.hr/dataset/9ef0b6fd-8cfb-41cc-b7c1-7d6d1dbdf115/resource/629103a8-3e7b-4458-afe9-c3a3a05f1b78/download/raspodjela-sredstava-prema-gc-i-namjenama-za-2023.csv,2024-03-12
Registar naziva ulica - adresna prostorna jedinica za područje Grada Zagreba,registar-naziva-ulica-adresna-prostorna-jedinica-za-podrucje-grada-zagreba,CSV,Registar naziva ulica,https://data.zagreb.hr/dataset/8e0bd4c4-4b6f-49b9-8327-f2ef9c213b05/resource/e232d55f-16f7-4310-bb30-ecdaf4b21066/download/rpj_ulica.csv,2025-02-18
Registar slobodnih upisnih mjesta u dječjim vrtićima,registar-slobodnih-upisnih-mjesta-u-gradskim-privatnim-i-vjerskim-djecjim-vrticima,CSV,Gradski vrtići s 1.3.2023.,https://data.zagreb.hr/dataset/63190e2c-93c6-419e-868d-ac2e09169d9f/resource/fa300c6d-d4ac-4711-83cc-de4045df3a50/download/podaci-o-slobodnim-mjestima-u-gradskim-vrticima-2022.-2023.-01.03.2023.csv,2023-03-13
Registar slobodnih upisnih mjesta u dječjim vrtićima,registar-slobodnih-upisnih-mjesta-u-gradskim-privatnim-i-vjerskim-djecjim-vrticima,CSV,Privatni i vjerski vrtići s 1.3.2023.,https://data.zagreb.hr/dataset/63190e2c-93c6-419e-868d-ac2e09169d9f/resource/57b832eb-2a67-4529-bd04-13cf9a14768f/download/podaci-o-slobodnim-mjestima-u-privatnim-i-vjerskim-vrticima-na-dan-01.03.2023.-1.csv,2023-03-13
Registar službenih vozila gradske uprave,lista-sluzbenih-vozila-gradske-uprave,CSV,Vozila Gradske uprave 11.06.2024.,https://data.zagreb.hr/dataset/3df85dec-0bed-4d45-af64-141d15088663/resource/6c3139ac-52dc-490a-aac2-6f4fd07f3ad0/download/zaduenja-vozila-benussi.csv,2024-06-28
Registar službenih vozila gradske uprave,lista-sluzbenih-vozila-gradske-uprave,CSV,Vozila gradske uprave 4.3.2024.,https://data.zagreb.hr/dataset/3df85dec-0bed-4d45-af64-141d15088663/resource/95976a63-1746-4dc1-8071-b6f2adf778d0/download/vozila-gradske-uprave.csv,2024-03-04
Registar službenih vozila gradske uprave,lista-sluzbenih-vozila-gradske-uprave,CSV,Vozila gradske uprave 15.11.2024.,https://data.zagreb.hr/dataset/3df85dec-0bed-4d45-af64-141d15088663/resource/7b17b9f8-a68d-45fd-8dbd-b3d9dda5ced8/download/vozila-gradske-uprave-15.11.2024.-csv.csv,2024-11-19
Registar službenih vozila gradske uprave,lista-sluzbenih-vozila-gradske-uprave,CSV,Vozila gradske uprave 09.01.2026. ,https://data.zagreb.hr/dataset/3df85dec-0bed-4d45-af64-141d15088663/resource/27dad1a1-abfb-4385-b487-882fd505c7b6/download/vozila-gradske-uprave-09.01.2026.-csv.csv,2026-01-09
Registar sportskih djelatnosti,registar-sportskih-djelatnosti,CSV,Registar sportskih djelatnosti,https://data.zagreb.hr/dataset/5e77ff2c-f15c-4171-acda-92407b58cc4f/resource/673354ed-6ada-4a7d-acfd-2fcbf3bbc836/download/registar-sportskih-djelatnosti.csv,2023-03-01
Registar ugovora o zakupu / korištenju poslovnih prostora,registar-ugovora-o-zakupu-koristenju-poslovnih-prostora,CSV,Ugovori o zakupu/korištenju poslovnih prostora_ 2024,https://data.zagreb.hr/dataset/bcd9d552-b296-4d68-a2d3-1594cf311dc2/resource/d88c285f-2bfc-4789-8d5b-375f8951c3f6/download/ugovori-o-zakupu_koritenju-poslovnih-prostora_-2024.csv,2025-12-30
Registar ugovora o zakupu / korištenju poslovnih prostora,registar-ugovora-o-zakupu-koristenju-poslovnih-prostora,CSV,Registar ugovora o zakupu / korištenju poslovnih prostora 2023,https://data.zagreb.hr/dataset/bcd9d552-b296-4d68-a2d3-1594cf311dc2/resource/48ef1efa-a41d-4d6a-bf8d-9821d49a9523/download/registar-ugovora-o-zakupu-koritenju-poslovnih-prostora-2023.csv,2025-01-03
Registar ugovora o zakupu / korištenju poslovnih prostora,registar-ugovora-o-zakupu-koristenju-poslovnih-prostora,CSV,Registar ugovori o zakupu / korištenju poslovnih prostora 2022,https://data.zagreb.hr/dataset/bcd9d552-b296-4d68-a2d3-1594cf311dc2/resource/71f3c55a-7d74-4400-9b13-5ebd4a9e0f6f/download/ugovori-o-zakupu-koritenju-poslovnih-prostorapodregistar-04.csv,2023-03-28
Rezultati Javnih poziva za predlaganje programa u kulturi,rezultati-javnih-poziva-za-predlaganje-programa-u-kulturi,CSV,2023 Rezultati poziva,https://data.zagreb.hr/dataset/a4f9a62c-6aac-483c-b074-940f608b866b/resource/e9a45d99-be78-464b-b893-5f3ed76b81e5/download/2023-rezultati-javni-poziv-za-predlaganje-programa-u-kulturi.csv,2023-04-18
Rezultati Javnih poziva za predlaganje programa u kulturi,rezultati-javnih-poziva-za-predlaganje-programa-u-kulturi,CSV,2022 Rezultati poziva,https://data.zagreb.hr/dataset/a4f9a62c-6aac-483c-b074-940f608b866b/resource/3491d94c-f9a4-4f54-8278-dc3e67c596c5/download/2022rezultatijavnipozivzapredlaganjeprogramaukulturi2022godina.csv,2023-04-18
Rezultati Javnih poziva za predlaganje programa u kulturi,rezultati-javnih-poziva-za-predlaganje-programa-u-kulturi,CSV,2024 Rezultati poziva,https://data.zagreb.hr/dataset/a4f9a62c-6aac-483c-b074-940f608b866b/resource/3eba1d68-c586-48c5-8448-6413d9129978/download/2024-rezultati-poziva.csv,2024-03-19
Slobodna mjesta u vrtićima i obrtima za čuvanje djece Grada Zagreba,slobodna-mjesta-u-vrticima-i-obrtima-za-cuvanje-djece-grada-zagreba,CSV,Slobodna mjesta dadilje 01.01.2025.,https://data.zagreb.hr/dataset/2286de51-f7bf-45ae-a212-9a5530527c94/resource/f1c42d5e-17c8-40e9-83a9-fba7539bd4b5/download/slobodna-mjesta-dadilje-1.1.25-csv.csv,2025-01-02
Slobodna mjesta u vrtićima i obrtima za čuvanje djece Grada Zagreba,slobodna-mjesta-u-vrticima-i-obrtima-za-cuvanje-djece-grada-zagreba,CSV,Slobodna mjesta u gradskim DV - 01.01.2025..csv,https://data.zagreb.hr/dataset/2286de51-f7bf-45ae-a212-9a5530527c94/resource/a6a9199d-eaf4-4f75-9bce-7a3a5b367d30/download/slobodna-mjesta-u-gradskim-dv-01.01.2025..csv,2025-01-02
Sredstva mjesne samouprave 2001-2024.,sredstva-mjesne-samouprave-2001-2023,CSV,Sredstva mjesne samouprave 2001-2024.,https://data.zagreb.hr/dataset/e07abb67-faba-412d-a610-0bfe24c71d5a/resource/edef0e1f-5ba7-4f8e-b8df-bf57c75b0e96/download/tablica-2001-2024-novo.csv,2024-03-12
Struktura obrta Grada Zagreba,struktura-obrta-grada-zagreba,CSV,Obrt - struktura ,https://data.zagreb.hr/dataset/5f7fb47f-9a1a-40a4-ae61-3236f50b6f32/resource/ce938f94-26ad-4cf8-8902-aceadb8b54d4/download/strukturaobrtag.csv,2016-06-30
Stvarno korištenje površina 2020.,stvarno-koristenje-povrsina-2020,CSV,Stvarno korištenje površina 2020.,https://services8.arcgis.com/Usi0jGQwMmBUpFjr/arcgis/rest/services/Koristenje_povrsina_2020_edit/FeatureServer/replicafilescache/Koristenje_povrsina_2020_edit_7671277669800275850.csv,2024-09-13
Telekomunikacijski razvodni ormarići,telekomunikacijski-razvodni-ormarici,CSV,Telekomunikacijski razvodni ormarići,https://opendata.arcgis.com/api/v3/datasets/f72999526a9b4105b2af4f6f036a16fa_0/downloads/data?format=csv&spatialRefId=4326&where=1%3D1,2023-04-25
Telekomunikacijski razvodni ormarići,telekomunikacijski-razvodni-ormarici,GEOJSON,Telekomunikacijski razvodni ormarići,https://opendata.arcgis.com/api/v3/datasets/f72999526a9b4105b2af4f6f036a16fa_0/downloads/data?format=geojson&spatialRefId=4326&where=1%3D1,2023-04-26
Topografska osnova 2018. Objekti,topografska-osnova-2018-objekti,CSV,Topografska osnova 2018. Objekti,https://services8.arcgis.com/Usi0jGQwMmBUpFjr/arcgis/rest/services/Objekti/FeatureServer/replicafilescache/Objekti_6780110535445091153.csv,2024-09-16
Topografska osnova 2018. Objekti,topografska-osnova-2018-objekti,GEOJSON,Topografska osnova 2018. Objekti,https://services8.arcgis.com/Usi0jGQwMmBUpFjr/arcgis/rest/services/Objekti/FeatureServer/replicafilescache/Objekti_5233614161629788167.geojson,2024-09-16
Topografska osnova 2018. Promet,topografska-osnova-2018-promet,CSV,Topografska osnova 2018. Promet,https://services8.arcgis.com/Usi0jGQwMmBUpFjr/arcgis/rest/services/Promet/FeatureServer/replicafilescache/Promet_1892379693613403765.csv,2024-09-16
Topografska osnova 2018. Promet,topografska-osnova-2018-promet,GEOJSON,Topografska osnova 2018. Promet,https://services8.arcgis.com/Usi0jGQwMmBUpFjr/arcgis/rest/services/Promet/FeatureServer/replicafilescache/Promet_5602162737547094296.geojson,2024-09-16
Topografska osnova 2018. Vegetacija i vrste zemljišta,topografska-osnova-2018-vegetacija-i-vrste-zemljista,CSV,Topografska osnova 2018. Vegetacija i vrste zemljišta,https://services8.arcgis.com/Usi0jGQwMmBUpFjr/arcgis/rest/services/Topografska_osnova_2018_Vegetacija_i_vrste_zemlji%C5%A1ta/FeatureServer/replicafilescache/Topografska_osnova_2018_Vegetacija_i_vrste_zemlji%C5%A1ta_2693991964367133778.csv,2024-09-16
Topografska osnova 2018. Vegetacija i vrste zemljišta,topografska-osnova-2018-vegetacija-i-vrste-zemljista,GEOJSON,Topografska osnova 2018. Vegetacija i vrste zemljišta,https://services8.arcgis.com/Usi0jGQwMmBUpFjr/arcgis/rest/services/Topografska_osnova_2018_Vegetacija_i_vrste_zemlji%C5%A1ta/FeatureServer/replicafilescache/Topografska_osnova_2018_Vegetacija_i_vrste_zemlji%C5%A1ta_-351063888473117085.geojson,2024-09-16
Topografska osnova 2018. Vode,topografska-osnova-2018-vode,CSV,Topografska osnova 2018. Vode,https://services8.arcgis.com/Usi0jGQwMmBUpFjr/arcgis/rest/services/Vodene_povrsine/FeatureServer/replicafilescache/Vodene_povrsine_-2396831422967279107.csv,2024-09-16
Topografska osnova 2018. Vode,topografska-osnova-2018-vode,GEOJSON,Topografska osnova 2018. Vode,https://services8.arcgis.com/Usi0jGQwMmBUpFjr/arcgis/rest/services/Vodene_povrsine/FeatureServer/replicafilescache/Vodene_povrsine_-7160223387066445382.geojson,2024-09-16
"Ugostiteljski objekti, nekategorizirani, turističke agencije i vodiči",ugostiteljski-objekti-nekategorizirani-turisticke-agencije-i-vodici,CSV,Objekti,https://data.zagreb.hr/dataset/7635807f-7db2-41fa-a7ed-29e2b2140f82/resource/10f509c9-c84a-43d8-b535-37957b0b305b/download/ugobnekatjtatvt.csv,2016-06-30
Ugovori o najmu stanova,ugovori-o-najmu-stanova-2022,CSV,Ugovori o najmu stanova_2024,https://data.zagreb.hr/dataset/cf3efb54-bec8-4c5c-a6e0-72aac0dc756d/resource/71ec8a99-1960-4729-8b9d-6bba771202e1/download/ugovori-o-najmu-stanova_2024.csv,2025-12-30
Ugovori o najmu stanova,ugovori-o-najmu-stanova-2022,CSV,Ugovori o najmu stanova 2023,https://data.zagreb.hr/dataset/cf3efb54-bec8-4c5c-a6e0-72aac0dc756d/resource/13c5c5d0-abbb-4322-a30d-dd5c6afff9db/download/ugovori-o-najmu-stanova-2023.csv,2025-01-03
Ugovori o najmu stanova,ugovori-o-najmu-stanova-2022,CSV,Ugovori o najmu stanova za 2022.,https://data.zagreb.hr/dataset/cf3efb54-bec8-4c5c-a6e0-72aac0dc756d/resource/83292e73-9cb1-4eb4-a357-d0e1eb80c6e6/download/ugovori-o-najmu-stanovapodregistar-05.csv,2023-03-27
Ugovori o zakupu zemljišta,ugovori-o-zakupu-zemljista-2022,CSV,Ugovori o zakupu zemljišta 2024,https://data.zagreb.hr/dataset/6a9f7690-9c63-4121-a3f3-21fa2368a645/resource/81193b9b-e8de-41a5-a33a-f7fe224d2e14/download/ugovori-o-zakupu-zemljita-2024.csv,2025-12-30
Ugovori o zakupu zemljišta,ugovori-o-zakupu-zemljista-2022,CSV,Ugovori o zakupu zemljišta 2023,https://data.zagreb.hr/dataset/6a9f7690-9c63-4121-a3f3-21fa2368a645/resource/a7239530-1e2d-4295-bc6b-e73c65c1321a/download/ugovori-o-zakupu-zemljita-2023.csv,2025-01-03
Ugovori o zakupu zemljišta,ugovori-o-zakupu-zemljista-2022,CSV,Ugovori o zakupu zemljišta 2022.,https://data.zagreb.hr/dataset/6a9f7690-9c63-4121-a3f3-21fa2368a645/resource/79398265-e030-41c6-9692-87ce1fb167a5/download/ugovori-o-zakupu-zemljita-2022podregistar-03.csv,2023-03-27
ZG3D 2022 3D model Grada Zagreba,zg3d-2022-3d-model-gz,CSV,ZG3D 2022 3D model GZ,https://data.zagreb.hr/dataset/e29b27a2-01bc-442a-b0ac-4c337003abc3/resource/d299a2e7-d73d-41a8-9747-74a2088808c0/download/zg3d_2022_3d_model_gz_-7862475332085563310.csv,2025-05-07
ZG3D 2022 3D model Grada Zagreba,zg3d-2022-3d-model-gz,GEOJSON,ZG3D 2022 3D model GZ,https://data.zagreb.hr/dataset/e29b27a2-01bc-442a-b0ac-4c337003abc3/resource/87e5bfcc-01d8-4706-88de-943accf61428/download/zg3d_2022_3d_model_gz_-7099510407498302587.geojson,2025-05-07
ZG3D Gradska četvrt Brezovica 2022,zg3d-gradska-cetvrt-brezovica-2022,CSV,ZG3D GC Brezovica 2022,https://data.zagreb.hr/dataset/97080905-5bd1-4a86-922f-98e1cfb19c91/resource/1bbaa89f-3da3-47dc-87ee-dfd26c451c11/download/zg3d_gc_brezovica_2022_1647696802099679608.csv,2025-05-07
ZG3D Gradska četvrt Brezovica 2022,zg3d-gradska-cetvrt-brezovica-2022,GEOJSON,ZG3D GC Brezovica 2022,https://data.zagreb.hr/dataset/97080905-5bd1-4a86-922f-98e1cfb19c91/resource/eb40eea7-b65c-4fbc-81e3-cccf6d5e75a5/download/zg3d_gc_brezovica_2022_8714788398261988742.geojson,2025-05-07
ZG3D Gradska četvrt Donja Dubrava 2022,zg3d-gradska-cetvrt-donja-dubrava-2022,CSV, ZG3D GC Donja Dubrava 2022,https://data.zagreb.hr/dataset/910802b2-a513-4ffa-8d56-611e05ad084b/resource/b3235aa7-0d70-48ac-a69a-4b56294d53ef/download/zg3d_gc_donja_dubrava_2022_-5479219087873081144.csv,2025-05-07
ZG3D Gradska četvrt Donja Dubrava 2022,zg3d-gradska-cetvrt-donja-dubrava-2022,GEOJSON,ZG3D GC Donja Dubrava 2022,https://data.zagreb.hr/dataset/910802b2-a513-4ffa-8d56-611e05ad084b/resource/9a61de8d-d801-4506-83aa-4db2f7034c17/download/zg3d_gc_donja_dubrava_2022_6625283889253730407.geojson,2025-05-07
ZG3D Gradska četvrt Donji Grad 2022,zg3d-gradska-cetvrt-donji-grad-2022,CSV,ZG3D GC Donji Grad 2022,https://data.zagreb.hr/dataset/685407fb-e836-462b-9bdd-26325150cfe1/resource/41c73bcb-e209-4837-a7cb-d5b12b2a8f58/download/zg3d_gc_donji_grad_2022__4757631103636639003.csv,2025-05-07
ZG3D Gradska četvrt Donji Grad 2022,zg3d-gradska-cetvrt-donji-grad-2022,GEOJSON,ZG3D GC Donji Grad 2022,https://data.zagreb.hr/dataset/685407fb-e836-462b-9bdd-26325150cfe1/resource/5ec5ac98-73f8-4e4f-9414-09756fc85362/download/zg3d_gc_donji_grad_2022__737364196556937077.geojson,2025-05-07
ZG3D Gradska četvrt Gornja Dubrava 2022,zg3d-gradska-cetvrt-gornja-dubrava-2022,CSV,ZG3D GC Gornja Dubrava 2022,https://data.zagreb.hr/dataset/bad521f6-1315-4393-bea2-49f0d4f8ad99/resource/f9b1404a-a3c2-42b2-b28b-a91e88efff0c/download/zg3d_gc_gornja_dubrava_2022_2434332099720029425.csv,2025-05-07
ZG3D Gradska četvrt Gornja Dubrava 2022,zg3d-gradska-cetvrt-gornja-dubrava-2022,GEOJSON,ZG3D GC Gornja Dubrava 2022,https://data.zagreb.hr/dataset/bad521f6-1315-4393-bea2-49f0d4f8ad99/resource/a09f133f-b0db-4c07-a3ee-18c6de0d4064/download/zg3d_gc_gornja_dubrava_2022_1042619704566654668.geojson,2025-05-07
ZG3D Gradska četvrt Gornji Grad 2022,zg3d-gradska-cetvrt-gornji-grad-2022,CSV,ZG3D GC Gornji Grad 2022,https://data.zagreb.hr/dataset/59c624fc-3f6d-4082-8fc0-0b654d2d41af/resource/70e417a6-190b-4e7f-8703-36327698da07/download/zg3d_gc_gornji_grad_2022_-3174235627885203848.csv,2025-05-07
ZG3D Gradska četvrt Gornji Grad 2022,zg3d-gradska-cetvrt-gornji-grad-2022,GEOJSON,ZG3D GC Gornji Grad 2022,https://data.zagreb.hr/dataset/59c624fc-3f6d-4082-8fc0-0b654d2d41af/resource/8cee4be5-23a1-4071-9124-ec0ade2c904e/download/zg3d_gc_gornji_grad_2022_1964068477724400423.geojson,2025-05-07
ZG3D Gradska četvrt Maksimir 2022,zg3d-gradska-cetvrt-maksimir-2022,CSV,ZG3D GC Maksimir 2022,https://data.zagreb.hr/dataset/b7cd22b1-5fac-4437-acdf-016569a8c8f5/resource/664a2770-041d-4a13-9cf9-c20d1aeb79b4/download/zg3d_gc_maksimir_2022_8639842829288059210.csv,2025-05-07
ZG3D Gradska četvrt Maksimir 2022,zg3d-gradska-cetvrt-maksimir-2022,GEOJSON,ZG3D GC Maksimir 2022,https://data.zagreb.hr/dataset/b7cd22b1-5fac-4437-acdf-016569a8c8f5/resource/38435264-acad-47da-b835-a2d9dc16b19e/download/zg3d_gc_maksimir_2022_5260354473713811741.geojson,2025-05-07
ZG3D Gradska četvrt Novi Zagreb istok 2022,zg3d-gradska-cetvrt-novi-zagreb-istok-2022,CSV,ZG3D GC Novi Zagreb istok 2022,https://data.zagreb.hr/dataset/456a13c7-c888-48d7-bf8f-7a77eb4fd99e/resource/b2845745-afd6-4272-a31a-5e5906bed6e2/download/zg3d_gc_novi_zagreb_istok_2022_-6846733335818527028.csv,2025-05-07
ZG3D Gradska četvrt Novi Zagreb istok 2022,zg3d-gradska-cetvrt-novi-zagreb-istok-2022,GEOJSON,ZG3D GC Novi Zagreb istok 2022,https://data.zagreb.hr/dataset/456a13c7-c888-48d7-bf8f-7a77eb4fd99e/resource/035c6bf5-8975-4290-9faf-148db8f3bbf1/download/zg3d_gc_novi_zagreb_istok_2022_-3108577300901486921.geojson,2025-05-07
ZG3D Gradska četvrt Novi Zagreb zapad 2022,zg3d-gradska-cetvrt-novi-zagreb-zapad-2022,CSV,ZG3D GC Novi Zagreb zapad 2022,https://data.zagreb.hr/dataset/e8ff424c-ebc2-402f-b741-7f60e1f3e427/resource/3ed5d304-e9f4-46c1-bbc5-d3e6f79f0a63/download/zg3d_gc_novi_zagreb_zapad_2022_4687512281479700040.csv,2025-05-07
ZG3D Gradska četvrt Novi Zagreb zapad 2022,zg3d-gradska-cetvrt-novi-zagreb-zapad-2022,GEOJSON,ZG3D GC Novi Zagreb zapad 2022,https://data.zagreb.hr/dataset/e8ff424c-ebc2-402f-b741-7f60e1f3e427/resource/7b4f03ca-50fe-433f-a0d0-52245a7e4059/download/zg3d_gc_novi_zagreb_zapad_2022_7718798203832258822.geojson,2025-05-07
ZG3D Gradska četvrt Peščenica Žitnjak 2022,zg3d-gradska-cetvrt-pescenica-zitnjak-2022,CSV,ZG3D GC Peščenica Žitnjak 2022,https://data.zagreb.hr/dataset/e44e0790-246a-4bbc-9b29-3313a42b4bcf/resource/b65f9bc5-78c7-4689-a811-840cd9e5c633/download/zg3d_gc_pescenica_zitnjak_2022_-6113024287742298874.csv,2025-05-07
ZG3D Gradska četvrt Peščenica Žitnjak 2022,zg3d-gradska-cetvrt-pescenica-zitnjak-2022,GEOJSON,ZG3D GC Peščenica Žitnjak 2022,https://data.zagreb.hr/dataset/e44e0790-246a-4bbc-9b29-3313a42b4bcf/resource/b122762a-904a-47fe-b1f3-c543f2c6a11f/download/zg3d_gc_pescenica_zitnjak_2022_2687334570113107872.geojson,2025-05-07
ZG3D Gradska četvrt Podsljeme 2022,zg3d-gradska-cetvrt-podsljeme-2022,CSV,ZG3D GC Podsljeme 2022,https://data.zagreb.hr/dataset/040d5e01-3ba5-48ca-ba9c-13d73208412d/resource/9d295c8d-37f7-4037-bccc-e26521512ad7/download/zg3d_gc_podsljeme_2022_-5029946886980142199.csv,2025-05-07
ZG3D Gradska četvrt Podsljeme 2022,zg3d-gradska-cetvrt-podsljeme-2022,GEOJSON,ZG3D GC Podsljeme 2022,https://data.zagreb.hr/dataset/040d5e01-3ba5-48ca-ba9c-13d73208412d/resource/9c1fea12-c633-4cf6-9833-015cff54f87a/download/zg3d_gc_podsljeme_2022_4120865511495016481.geojson,2025-05-07
ZG3D Gradska četvrt Podsused Vrapče 2022,zg3d-gradska-cetvrt-podsused-vrapce-2022,CSV,ZG3D GC Podsused Vrapce 2022,https://services8.arcgis.com/Usi0jGQwMmBUpFjr/arcgis/rest/services/ZG3D_GC_Podsused_Vrapce_2022/FeatureServer/replicafilescache/ZG3D_GC_Podsused_Vrapce_2022_7138139357611251558.csv,2025-04-29
ZG3D Gradska četvrt Podsused Vrapče 2022,zg3d-gradska-cetvrt-podsused-vrapce-2022,GEOJSON,ZG3D GC Podsused Vrapce 2022,https://services8.arcgis.com/Usi0jGQwMmBUpFjr/arcgis/rest/services/ZG3D_GC_Podsused_Vrapce_2022/FeatureServer/replicafilescache/ZG3D_GC_Podsused_Vrapce_2022_-4079584783035309026.geojson,2025-04-29
ZG3D Gradska četvrt Sesvete 2022,zg3d-gradska-cetvrt-sesvete,CSV,ZG3D GC Sesvete 2022,https://data.zagreb.hr/dataset/b87a3790-a005-41f3-9ffa-418668a817d5/resource/329bc1e2-9d78-4ba0-8345-634c4b3ef1f7/download/zg3d_gc_sesvete_2022_715340132294692740.csv,2025-05-07
ZG3D Gradska četvrt Sesvete 2022,zg3d-gradska-cetvrt-sesvete,GEOJSON,ZG3D GC Sesvete 2022,https://data.zagreb.hr/dataset/b87a3790-a005-41f3-9ffa-418668a817d5/resource/f20c0a0f-af8c-4684-a376-e3c847955595/download/zg3d_gc_sesvete_2022_4854837517970485426.geojson,2025-05-07
ZG3D Gradska četvrt Stenjevec 2022,zg3d-gradska-cetvrt-stenjevec-2022,CSV,ZG3D Stenjevec 2022,https://data.zagreb.hr/dataset/bd57519a-c60a-4510-a8b7-f32d1df808e9/resource/df858bae-c763-4bd6-bdb5-9ea823a22e8c/download/zg3d_gc_stenjevec_2022_6884026920115915222.csv,2025-05-07
ZG3D Gradska četvrt Stenjevec 2022,zg3d-gradska-cetvrt-stenjevec-2022,GEOJSON,ZG3D Stenjevec 2022,https://data.zagreb.hr/dataset/bd57519a-c60a-4510-a8b7-f32d1df808e9/resource/e3668fd0-6236-4a87-8831-1962af649632/download/zg3d_gc_stenjevec_2022_2817776442467026049.geojson,2025-05-07
ZG3D Gradska četvrt Trešnjevka jug 2022,zg3d-gradska-cetvrt-tresnjevka-jug-2022,CSV,ZG3D GC Trešnjevka jug 2022,https://data.zagreb.hr/dataset/916d7a1f-714d-4794-b67a-e81655c54f91/resource/4c772187-9962-460d-9f16-e402d864d1a5/download/zg3d_gc_tresnjevka_jug_2022_3918243302614970847.csv,2025-05-07
ZG3D Gradska četvrt Trešnjevka jug 2022,zg3d-gradska-cetvrt-tresnjevka-jug-2022,GEOJSON,ZG3D GC Trešnjevka jug 2022,https://data.zagreb.hr/dataset/916d7a1f-714d-4794-b67a-e81655c54f91/resource/87a52772-776d-42ff-b932-c66303052cec/download/zg3d_gc_tresnjevka_jug_2022_-5399559472906876522.geojson,2025-05-07
ZG3D Gradska četvrt Trešnjevka sjever 2022,zg3d-gradska-cetvrt-tresnjevka-sjever-2022,CSV,ZG3D GC Trešnjevka sjever 2022,https://data.zagreb.hr/dataset/9532d047-4264-4cb2-9265-387e9b367f8b/resource/06edadc8-f5d0-4a2c-a74c-dd7f24063d85/download/zg3d_gc_tresnjevka_sjever_2022_-440207646000295292.csv,2025-05-07
ZG3D Gradska četvrt Trešnjevka sjever 2022,zg3d-gradska-cetvrt-tresnjevka-sjever-2022,GEOJSON,ZG3D GC Trešnjevka sjever 2022,https://data.zagreb.hr/dataset/9532d047-4264-4cb2-9265-387e9b367f8b/resource/0f8537c8-2cff-4410-91ad-40556e901069/download/zg3d_gc_tresnjevka_sjever_2022_-7126535759132386177.geojson,2025-05-07
ZG3D Gradska četvrt Trnje 2022,zg3d-gradska-cetvrt-trnje-2022,CSV,ZG3D GC Trnje 2022,https://data.zagreb.hr/dataset/0e2a16af-c993-477c-93fb-3d9a7114d064/resource/b3127fd7-f447-47b9-8e23-7420e4c57e2b/download/zg3d_gc_trnje_2022_2264678255288625683.csv,2025-05-07
ZG3D Gradska četvrt Trnje 2022,zg3d-gradska-cetvrt-trnje-2022,GEOJSON,ZG3D GC Trnje 2022,https://data.zagreb.hr/dataset/0e2a16af-c993-477c-93fb-3d9a7114d064/resource/eb87e912-df5c-4f71-8920-f8b63ef08999/download/zg3d_gc_trnje_2022_-5402852497803139915.geojson,2025-05-07
ZG3D Gradska četvrt Črnomerec 2022,zg3d-gradska-cetvrt-crnomerec-2022,CSV,ZG3D GC Črnomerec 2022,https://data.zagreb.hr/dataset/18be0e5a-6fa1-4472-b556-c6bc5ab17bbf/resource/60f66aa6-93f1-406e-a1ed-fdd317bd8e94/download/zg3d_gc_crnomerec_2022_7054767402260252140.csv,2025-05-07
ZG3D Gradska četvrt Črnomerec 2022,zg3d-gradska-cetvrt-crnomerec-2022,GEOJSON,ZG3D GC Črnomerec 2022,https://data.zagreb.hr/dataset/18be0e5a-6fa1-4472-b556-c6bc5ab17bbf/resource/3a856dca-088c-4599-b6d2-1e90c6bc7427/download/zg3d_gc_crnomerec_2022_1206043196967301414.geojson,2025-05-07
Zagrebačka nadbiskupija - teritorijalna struktura,zagrebacka-nadbiskupija-teritorijalna-struktura,CSV,Župe,https://data.zagreb.hr/dataset/705bfd86-025c-4d19-b260-bcc3c4a804a7/resource/f0bba293-2578-4548-8fdb-b05c875db5c0/download/zupe-zagrebacka-nadbiskupija.csv,2023-03-30
Zastupljenost žena u javnim tijelima Grada Zagreba,zastupljenost-zena-u-javnim-tijelima-grada-zagreba,CSV,"Nadzorni i upravni odbori, vijeća koje imenuje Grad Zagreb",https://data.zagreb.hr/dataset/39a83eb5-1e63-4c99-8d7c-0206c331679c/resource/8b128c2f-d6c8-4ebb-9f0f-f11588b0c624/download/nadzorni-i-upravni-odbori-vijea-koje-imenuje-grad-zagreb.csv,2025-03-12
Zastupljenost žena u javnim tijelima Grada Zagreba,zastupljenost-zena-u-javnim-tijelima-grada-zagreba,CSV,Rodno segregirana zanimanja u Gradu Zagrebu,https://data.zagreb.hr/dataset/39a83eb5-1e63-4c99-8d7c-0206c331679c/resource/1ca83bf4-bfe1-47b4-b395-1cce2cd7e0e9/download/rodno-segregirana-zanimanja-u-gradu-zagrebu.csv,2025-03-12
Zastupljenost žena u javnim tijelima Grada Zagreba,zastupljenost-zena-u-javnim-tijelima-grada-zagreba,CSV,Gradska uprava Grada Zagreba,https://data.zagreb.hr/dataset/39a83eb5-1e63-4c99-8d7c-0206c331679c/resource/d78528db-21b7-439c-8286-c272e54fd891/download/gradska-uprava-grada-zagreba.csv,2025-03-12
Zatvaranje prometnica na području Grada Zagreba,prometnice,CSV,Zatvaranje prometnica na području Grada Zagreba,https://data.zagreb.hr/dataset/7ff5514d-0a1f-4f6c-86bd-8ed9a3c55eee/resource/da0880fe-0fe1-4921-a27a-1ddb51cf87e1/download/data.csv,2026-09-06
Zatvaranje prometnica na području Grada Zagreba,prometnice,JSON,Zatvaranje prometnica na području Grada Zagreba,https://data.zagreb.hr/dataset/7ff5514d-0a1f-4f6c-86bd-8ed9a3c55eee/resource/e48b6992-add0-45a1-ae95-c5d97d8db259/download/data.json,2026-09-06
Zborna mjesta civilne zaštite Grada Zagreba,zborna-mjesta-civilne-zastite-grada-zagreba,GEOJSON,Zborna mjesta civilne zaštite Grada Zagreba,https://data.zagreb.hr/dataset/d736c146-6497-4915-894b-41bdf51267b0/resource/d30eb215-3ce2-48f8-88b2-6ffac82d46b5/download/zborna_mjesta_civilne_zatite_grada_zagreba-1.geojson,2025-01-02
Članovi Vijeća Gradskih četvrti Grada Zagreba,clanovi-vijeca-gradskih-cetvrti,CSV,Članovi Vijeća Gradskih četvrti arhiva saziva 2021. - 2025.,https://data.zagreb.hr/dataset/fdfddcf5-b741-4876-9f93-3e47a981201f/resource/42a7f1fd-f94f-478e-96f7-6dad9b50d4be/download/lanovi-vijea-gradskih-etvrti-csv.csv,2025-02-13
Članovi Vijeća mjesnih odbora Grada Zagreba 2021. - 2025.,clanovi-vijeca-mjesnih-odbora,CSV,Članovi Vijeća mjesnih odbora arhiva saziva 2021. - 2025.,https://data.zagreb.hr/dataset/f827c3d2-bcf0-466d-b5c6-c57b69828eac/resource/5bed2459-b479-4252-8d90-7bb711253aad/download/lanovi-vijea-mjesnih-odbora-csv.csv,2025-01-02
