{"type": "FeatureCollection", "features": [{"type": "Feature", "id": 1, "geometry": {"type": "Polygon", "coordinates": [[[14.421127, 45.343561], [14.421302, 45.343541], [14.421478, 45.343248], [14.42232, 45.341997], [14.422722, 45.34158], [14.423169, 45.341634], [14.423996, 45.341003], [14.424626, 45.340571], [14.425024, 45.340493], [14.425518, 45.340667], [14.425795, 45.340315], [14.426153, 45.34018], [14.426345, 45.340107], [14.426594, 45.339979], [14.426673, 45.339939], [14.426868, 45.33989], [14.427052, 45.339808], [14.426658, 45.339354], [14.426563, 45.339211], [14.426662, 45.339116], [14.42702, 45.338958], [14.427501, 45.338772], [14.427663, 45.338609], [14.42877, 45.339136], [14.428978, 45.338879], [14.429061, 45.338673], [14.429014, 45.338383], [14.429377, 45.338107], [14.429636, 45.337795], [14.429878, 45.337662], [14.430036, 45.337655], [14.430225, 45.337694], [14.430397, 45.337719], [14.431075, 45.337443], [14.431851, 45.337074], [14.431822, 45.336285], [14.431932, 45.336282], [14.431856, 45.336149], [14.431772, 45.335987], [14.431671, 45.33593], [14.431732, 45.335754], [14.431754, 45.335108], [14.4317, 45.33498], [14.431285, 45.334677], [14.43124, 45.334704], [14.431059, 45.334544], [14.430949, 45.334423], [14.430854, 45.334455], [14.430751, 45.334178], [14.430254, 45.334254], [14.430227, 45.334205], [14.430105, 45.334216], [14.429927, 45.334327], [14.429735, 45.33429], [14.429729, 45.334211], [14.429821, 45.33407], [14.429972, 45.333983], [14.430284, 45.333951], [14.430243, 45.333819], [14.430437, 45.333786], [14.430272, 45.33362], [14.430211, 45.33365], [14.43009, 45.333574], [14.42986, 45.333475], [14.429681, 45.333379], [14.42944, 45.333326], [14.429147, 45.333166], [14.4288, 45.333101], [14.42868, 45.332906], [14.427721, 45.333304], [14.42794, 45.333455], [14.428206, 45.333712], [14.42787, 45.333761], [14.427541, 45.33383], [14.427385, 45.333889], [14.427002, 45.333404], [14.426684, 45.333515], [14.426955, 45.333894], [14.426481, 45.334186], [14.426267, 45.333893], [14.426103, 45.333933], [14.425974, 45.333965], [14.426398, 45.334519], [14.426476, 45.334679], [14.425982, 45.335011], [14.425698, 45.335166], [14.425282, 45.33542], [14.424858, 45.335635], [14.424579, 45.335718], [14.424322, 45.335745], [14.424595, 45.336005], [14.424338, 45.33615], [14.424185, 45.336058], [14.423745, 45.336342], [14.423973, 45.336495], [14.423445, 45.336829], [14.423402, 45.336789], [14.423187, 45.336915], [14.423446, 45.337351], [14.423588, 45.337295], [14.423636, 45.337365], [14.423234, 45.337593], [14.423322, 45.337712], [14.42392, 45.338595], [14.424134, 45.338851], [14.424653, 45.338963], [14.424892, 45.338963], [14.425095, 45.338884], [14.424793, 45.339547], [14.424617, 45.339764], [14.42429, 45.339986], [14.423841, 45.340162], [14.423516, 45.340381], [14.423137, 45.340672], [14.422885, 45.340778], [14.422434, 45.341081], [14.421992, 45.340731], [14.421919, 45.340661], [14.421834, 45.340691], [14.421711, 45.340902], [14.421548, 45.341115], [14.421404, 45.341241], [14.42082, 45.341817], [14.420854, 45.342331], [14.4209, 45.34276], [14.420811, 45.343049], [14.421109, 45.343144], [14.421147, 45.343381], [14.421127, 45.343561]]]}, "properties": {"id": 1, "razina": "cetvrt", "name": "Banderovo", "jls_name": "Rijeka", "jls_maticni_broj": "03735", "zupanija": "Primorsko-goranska", "area_km2": 0.3551, "stanovnistvo": null, "palette_idx": 2, "source": "OSM boundary=administrative admin_level=9 (ODbL)"}}, {"type": "Feature", "id": 2, "geometry": {"type": "Polygon", "coordinates": [[[14.433711, 45.334018], [14.433715, 45.334154], [14.433725, 45.334378], [14.433557, 45.3344], [14.433557, 45.33448], [14.433635, 45.334747], [14.433624, 45.334935], [14.43344, 45.334907], [14.433373, 45.335072], [14.433603, 45.335111], [14.433508, 45.335428], [14.433345, 45.335412], [14.433146, 45.335559], [14.433087, 45.335707], [14.433405, 45.335775], [14.433686, 45.335802], [14.433808, 45.335599], [14.434238, 45.335823], [14.434071, 45.33609], [14.433901, 45.336421], [14.433992, 45.336663], [14.434252, 45.336723], [14.434519, 45.33673], [14.435907, 45.336503], [14.437086, 45.336311], [14.436962, 45.336028], [14.437171, 45.335913], [14.437029, 45.335778], [14.437593, 45.335817], [14.437449, 45.33547], [14.437681, 45.335316], [14.437749, 45.335437], [14.437941, 45.335464], [14.438171, 45.335167], [14.438435, 45.335074], [14.43848, 45.334961], [14.438714, 45.334907], [14.438845, 45.334692], [14.439021, 45.334752], [14.439059, 45.334712], [14.439337, 45.334757], [14.439813, 45.334842], [14.439616, 45.335217], [14.43991, 45.335293], [14.44011, 45.334988], [14.440422, 45.335178], [14.440888, 45.334871], [14.440609, 45.334649], [14.441373, 45.334218], [14.441191, 45.334013], [14.441204, 45.333869], [14.441098, 45.333702], [14.44094, 45.33377], [14.44081, 45.333805], [14.440986, 45.334015], [14.440627, 45.334192], [14.440546, 45.33414], [14.44037, 45.334237], [14.440266, 45.334145], [14.440016, 45.334316], [14.439968, 45.334587], [14.43986, 45.334654], [14.439321, 45.334498], [14.43856, 45.334339], [14.438346, 45.334293], [14.438743, 45.333361], [14.438595, 45.333132], [14.439304, 45.332887], [14.438782, 45.332692], [14.43825, 45.331912], [14.437785, 45.331102], [14.437853, 45.33095], [14.437704, 45.330888], [14.437636, 45.330766], [14.437296, 45.33089], [14.437366, 45.331012], [14.436373, 45.331299], [14.436024, 45.331359], [14.434323, 45.332034], [14.434538, 45.33229], [14.43431, 45.332429], [14.434545, 45.332669], [14.434069, 45.332931], [14.433817, 45.333214], [14.43375, 45.33352], [14.433717, 45.333742], [14.433711, 45.334018]]]}, "properties": {"id": 2, "razina": "cetvrt", "name": "Belveder", "jls_name": "Rijeka", "jls_maticni_broj": "03735", "zupanija": "Primorsko-goranska", "area_km2": 0.2051, "stanovnistvo": null, "palette_idx": 3, "source": "OSM boundary=administrative admin_level=9 (ODbL)"}}, {"type": "Feature", "id": 3, "geometry": {"type": "Polygon", "coordinates": [[[14.431615, 45.328126], [14.431863, 45.328515], [14.43209, 45.329864], [14.432279, 45.33028], [14.432672, 45.330191], [14.432756, 45.330383], [14.432509, 45.330449], [14.432774, 45.330992], [14.432501, 45.331053], [14.432835, 45.331783], [14.433, 45.331701], [14.433065, 45.331692], [14.433118, 45.331712], [14.433154, 45.331742], [14.433194, 45.331796], [14.43321, 45.331845], [14.4332, 45.332062], [14.433146, 45.332454], [14.433126, 45.33261], [14.433127, 45.332641], [14.433188, 45.334033], [14.433711, 45.334018], [14.433717, 45.333742], [14.43375, 45.33352], [14.433817, 45.333214], [14.434069, 45.332931], [14.434545, 45.332669], [14.43431, 45.332429], [14.434538, 45.33229], [14.434323, 45.332034], [14.436024, 45.331359], [14.436373, 45.331299], [14.437366, 45.331012], [14.437296, 45.33089], [14.437636, 45.330766], [14.437704, 45.330888], [14.437853, 45.33095], [14.437785, 45.331102], [14.43825, 45.331912], [14.438926, 45.331777], [14.438818, 45.331532], [14.439202, 45.331465], [14.439486, 45.331293], [14.440169, 45.331071], [14.439935, 45.330914], [14.440778, 45.330643], [14.44108, 45.330506], [14.441879, 45.330268], [14.441804, 45.330145], [14.442007, 45.33007], [14.442019, 45.330088], [14.442055, 45.33014], [14.442376, 45.330018], [14.443495, 45.329572], [14.443582, 45.329363], [14.443566, 45.329279], [14.443332, 45.329117], [14.443237, 45.329067], [14.443098, 45.329026], [14.442959, 45.32903], [14.44287, 45.32905], [14.442777, 45.328898], [14.442302, 45.329032], [14.442073, 45.328704], [14.441487, 45.327936], [14.44121, 45.327535], [14.440791, 45.326869], [14.440421, 45.326408], [14.440224, 45.326477], [14.440018, 45.326208], [14.43922, 45.326524], [14.439179, 45.32654], [14.439111, 45.326563], [14.438686, 45.325972], [14.438652, 45.325983], [14.438519, 45.326027], [14.438123, 45.32616], [14.438552, 45.326782], [14.437853, 45.327054], [14.437808, 45.327071], [14.437554, 45.326673], [14.437445, 45.326524], [14.43656, 45.326838], [14.435728, 45.325625], [14.434805, 45.325928], [14.435538, 45.327031], [14.432722, 45.327998], [14.432599, 45.327811], [14.431641, 45.32641], [14.43067, 45.32675], [14.431615, 45.328126]]]}, "properties": {"id": 3, "razina": "cetvrt", "name": "Brajda-Dolac", "jls_name": "Rijeka", "jls_maticni_broj": "03735", "zupanija": "Primorsko-goranska", "area_km2": 0.4142, "stanovnistvo": null, "palette_idx": 1, "source": "OSM boundary=administrative admin_level=9 (ODbL)"}}, {"type": "Feature", "id": 4, "geometry": {"type": "Polygon", "coordinates": [[[14.437751, 45.348544], [14.437733, 45.348573], [14.437752, 45.348874], [14.437609, 45.349254], [14.437607, 45.34963], [14.437655, 45.350095], [14.437608, 45.350237], [14.437533, 45.350466], [14.437551, 45.350629], [14.437668, 45.351337], [14.437691, 45.35194], [14.437754, 45.35214], [14.438346, 45.352084], [14.438959, 45.352278], [14.439777, 45.352865], [14.440129, 45.353219], [14.440262, 45.353428], [14.440293, 45.353594], [14.440222, 45.353759], [14.439835, 45.354315], [14.439533, 45.354922], [14.438889, 45.356182], [14.440631, 45.357545], [14.443441, 45.357768], [14.443568, 45.35727], [14.443706, 45.356926], [14.444346, 45.356254], [14.444599, 45.35593], [14.444857, 45.355498], [14.444964, 45.355305], [14.445208, 45.355164], [14.445867, 45.354864], [14.446387, 45.354392], [14.446743, 45.354139], [14.447138, 45.353998], [14.447801, 45.353858], [14.448166, 45.353705], [14.448908, 45.353524], [14.449338, 45.353316], [14.449535, 45.353237], [14.449816, 45.353237], [14.450407, 45.353274], [14.450635, 45.353322], [14.45101, 45.35358], [14.451314, 45.353826], [14.452306, 45.353608], [14.452873, 45.353276], [14.453786, 45.353052], [14.454813, 45.352635], [14.455457, 45.352294], [14.456069, 45.351895], [14.456318, 45.351846], [14.456924, 45.35186], [14.457122, 45.351833], [14.457186, 45.351676], [14.456982, 45.351483], [14.457026, 45.351169], [14.456988, 45.350676], [14.45681, 45.35051], [14.456388, 45.350425], [14.455982, 45.350222], [14.455552, 45.349577], [14.455152, 45.349862], [14.454815, 45.35003], [14.454431, 45.34992], [14.454143, 45.349789], [14.453798, 45.349881], [14.4533, 45.350066], [14.453222, 45.349115], [14.453452, 45.34767], [14.454605, 45.345452], [14.456254, 45.343737], [14.460479, 45.340615], [14.461661, 45.337586], [14.463023, 45.336532], [14.462366, 45.336285], [14.461945, 45.336254], [14.461607, 45.336075], [14.461217, 45.335895], [14.461001, 45.335963], [14.460688, 45.336012], [14.460152, 45.335918], [14.459776, 45.335855], [14.459373, 45.33581], [14.458587, 45.335264], [14.458398, 45.335208], [14.457988, 45.33517], [14.457629, 45.335101], [14.457373, 45.334977], [14.457206, 45.33478], [14.456949, 45.334364], [14.456818, 45.334237], [14.456497, 45.334077], [14.456175, 45.33396], [14.45605, 45.334346], [14.455172, 45.33451], [14.454387, 45.334935], [14.454042, 45.335122], [14.453728, 45.335109], [14.452794, 45.334881], [14.452452, 45.33595], [14.452195, 45.336288], [14.451835, 45.336193], [14.451325, 45.335946], [14.450741, 45.335613], [14.450105, 45.335247], [14.44944, 45.334898], [14.448844, 45.334621], [14.448439, 45.334455], [14.447986, 45.334316], [14.447621, 45.334248], [14.447104, 45.334227], [14.446784, 45.334238], [14.446374, 45.334302], [14.445945, 45.334421], [14.445564, 45.334585], [14.445266, 45.334768], [14.44499, 45.334973], [14.444615, 45.335292], [14.443715, 45.336061], [14.443251, 45.336436], [14.442691, 45.33674], [14.442223, 45.336917], [14.441716, 45.337034], [14.4413, 45.337081], [14.440804, 45.33709], [14.439017, 45.337044], [14.438507, 45.337059], [14.438069, 45.337117], [14.437583, 45.337251], [14.437239, 45.33739], [14.43666, 45.337653], [14.435553, 45.338173], [14.434756, 45.338533], [14.434191, 45.34054], [14.434339, 45.340781], [14.434517, 45.341045], [14.434655, 45.341139], [14.437635, 45.341905], [14.437581, 45.34206], [14.437625, 45.34217], [14.437744, 45.342294], [14.438043, 45.342416], [14.438458, 45.342555], [14.438728, 45.342617], [14.439065, 45.342648], [14.439317, 45.342623], [14.439553, 45.342552], [14.439863, 45.342442], [14.440129, 45.342445], [14.440361, 45.34251], [14.440491, 45.3427], [14.440525, 45.342826], [14.440495, 45.343429], [14.440535, 45.343577], [14.440655, 45.343718], [14.4413, 45.344404], [14.44138, 45.344554], [14.441391, 45.344764], [14.441238, 45.345024], [14.441153, 45.345199], [14.440836, 45.346078], [14.440691, 45.346434], [14.440349, 45.347029], [14.440191, 45.347166], [14.439373, 45.347564], [14.438957, 45.347782], [14.438424, 45.348185], [14.438185, 45.348447], [14.438086, 45.34853], [14.437942, 45.348556], [14.43783, 45.348559], [14.437751, 45.348544]]]}, "properties": {"id": 4, "razina": "cetvrt", "name": "Brašćine-Pulac", "jls_name": "Rijeka", "jls_maticni_broj": "03735", "zupanija": "Primorsko-goranska", "area_km2": 3.1776, "stanovnistvo": null, "palette_idx": 1, "source": "OSM boundary=administrative admin_level=9 (ODbL)"}}, {"type": "Feature", "id": 5, "geometry": {"type": "Polygon", "coordinates": [[[14.453424, 45.330345], [14.453617, 45.330159], [14.454417, 45.329954], [14.45438, 45.32979], [14.454356, 45.3296], [14.454629, 45.329605], [14.454698, 45.329391], [14.454867, 45.329152], [14.454969, 45.328966], [14.455113, 45.328989], [14.455448, 45.328725], [14.455889, 45.328422], [14.456194, 45.3282], [14.456437, 45.328026], [14.45633, 45.32792], [14.456689, 45.327747], [14.456989, 45.32757], [14.457061, 45.327638], [14.457275, 45.327501], [14.457227, 45.327461], [14.458008, 45.326897], [14.458075, 45.326951], [14.458482, 45.326722], [14.45865, 45.326889], [14.45966, 45.326233], [14.459581, 45.32618], [14.459259, 45.326214], [14.459221, 45.326062], [14.459633, 45.325679], [14.459514, 45.32556], [14.45907, 45.325731], [14.458978, 45.325628], [14.459714, 45.325315], [14.459473, 45.325032], [14.459489, 45.324886], [14.459197, 45.324942], [14.458772, 45.325049], [14.458456, 45.325134], [14.458039, 45.325307], [14.45809, 45.324956], [14.458141, 45.324846], [14.458386, 45.324727], [14.458103, 45.324316], [14.457821, 45.32444], [14.457005, 45.323586], [14.456318, 45.323919], [14.455868, 45.324128], [14.454912, 45.324556], [14.454332, 45.324771], [14.453018, 45.32523], [14.452595, 45.325373], [14.452031, 45.325593], [14.451581, 45.3258], [14.450867, 45.326238], [14.450455, 45.326543], [14.450104, 45.326863], [14.449738, 45.327263], [14.449644, 45.327444], [14.449542, 45.327833], [14.449599, 45.328008], [14.449711, 45.32817], [14.450252, 45.328404], [14.452344, 45.329221], [14.45309, 45.329598], [14.453389, 45.330014], [14.453424, 45.330345]]]}, "properties": {"id": 5, "razina": "cetvrt", "name": "Bulevard", "jls_name": "Rijeka", "jls_maticni_broj": "03735", "zupanija": "Primorsko-goranska", "area_km2": 0.2888, "stanovnistvo": null, "palette_idx": 1, "source": "OSM boundary=administrative admin_level=9 (ODbL)"}}, {"type": "Feature", "id": 6, "geometry": {"type": "Polygon", "coordinates": [[[14.442679, 45.321234], [14.444289, 45.32278], [14.444656, 45.322891], [14.445599, 45.32401], [14.445661, 45.324083], [14.446145, 45.32461], [14.446819, 45.32553], [14.44802, 45.32678], [14.447508, 45.327079], [14.447931, 45.327443], [14.448494, 45.327448], [14.448519, 45.327814], [14.448565, 45.328085], [14.448677, 45.328257], [14.44888, 45.328583], [14.449208, 45.328841], [14.450131, 45.329386], [14.450756, 45.32978], [14.451346, 45.330202], [14.451826, 45.330644], [14.452077, 45.330848], [14.452191, 45.331142], [14.452204, 45.331409], [14.452158, 45.331582], [14.452074, 45.331789], [14.45188, 45.332287], [14.451749, 45.332746], [14.451724, 45.332996], [14.451669, 45.333379], [14.451679, 45.333578], [14.451851, 45.333824], [14.452074, 45.333994], [14.452347, 45.334124], [14.453849, 45.334672], [14.4543, 45.33447], [14.4545, 45.334308], [14.45486, 45.334007], [14.4552, 45.333888], [14.455465, 45.33388], [14.45589, 45.333884], [14.456175, 45.33396], [14.456497, 45.334077], [14.456818, 45.334237], [14.456949, 45.334364], [14.457792, 45.333524], [14.457557, 45.333374], [14.457002, 45.33309], [14.456658, 45.33298], [14.45641, 45.332946], [14.456184, 45.332998], [14.455885, 45.333181], [14.455528, 45.333291], [14.454243, 45.333828], [14.454033, 45.333877], [14.453817, 45.333859], [14.453696, 45.333799], [14.45417, 45.333568], [14.454087, 45.333385], [14.453606, 45.333025], [14.453647, 45.332865], [14.453849, 45.332865], [14.453838, 45.332614], [14.453674, 45.332393], [14.45398, 45.332001], [14.454131, 45.331879], [14.454245, 45.33176], [14.454425, 45.331646], [14.45477, 45.331577], [14.454383, 45.331161], [14.454218, 45.331093], [14.454027, 45.331052], [14.453694, 45.330675], [14.453458, 45.330474], [14.453424, 45.330345], [14.453389, 45.330014], [14.45309, 45.329598], [14.452344, 45.329221], [14.450252, 45.328404], [14.449711, 45.32817], [14.449599, 45.328008], [14.449542, 45.327833], [14.449644, 45.327444], [14.449738, 45.327263], [14.450104, 45.326863], [14.450455, 45.326543], [14.450867, 45.326238], [14.451581, 45.3258], [14.452031, 45.325593], [14.452595, 45.325373], [14.453018, 45.32523], [14.454332, 45.324771], [14.454912, 45.324556], [14.455868, 45.324128], [14.456318, 45.323919], [14.456148, 45.323598], [14.456318, 45.323504], [14.456202, 45.323408], [14.456066, 45.323472], [14.455975, 45.323388], [14.456194, 45.323299], [14.456077, 45.323126], [14.456212, 45.323073], [14.456446, 45.322921], [14.456848, 45.322609], [14.457348, 45.322175], [14.457629, 45.321976], [14.457895, 45.321816], [14.458354, 45.321596], [14.458631, 45.321369], [14.458999, 45.321403], [14.458897, 45.321192], [14.458133, 45.320411], [14.457923, 45.320481], [14.457741, 45.320544], [14.457507, 45.32052], [14.457208, 45.319748], [14.458098, 45.319576], [14.457937, 45.31911], [14.450245, 45.320505], [14.450761, 45.32193], [14.450064, 45.322054], [14.449925, 45.321748], [14.449803, 45.321767], [14.450017, 45.322218], [14.449951, 45.322728], [14.449767, 45.322723], [14.449564, 45.322719], [14.449546, 45.322606], [14.449501, 45.322539], [14.449454, 45.322524], [14.449366, 45.322417], [14.449083, 45.322059], [14.449038, 45.321971], [14.448996, 45.321875], [14.448906, 45.32177], [14.448881, 45.321767], [14.448564, 45.321472], [14.448417, 45.321335], [14.448391, 45.321275], [14.448349, 45.321244], [14.448251, 45.321201], [14.447785, 45.321056], [14.447027, 45.320814], [14.446612, 45.320713], [14.446369, 45.320676], [14.446247, 45.320694], [14.44599, 45.320788], [14.445818, 45.320819], [14.445593, 45.320804], [14.445214, 45.320824], [14.444977, 45.320864], [14.444767, 45.32092], [14.44454, 45.321007], [14.444268, 45.321167], [14.444131, 45.321231], [14.443864, 45.321321], [14.443747, 45.321322], [14.443667, 45.321296], [14.443567, 45.321255], [14.443479, 45.321224], [14.443407, 45.321225], [14.443365, 45.321225], [14.443296, 45.321209], [14.443244, 45.321213], [14.4432, 45.321231], [14.443138, 45.321234], [14.443087, 45.321228], [14.443019, 45.321234], [14.442947, 45.321246], [14.442863, 45.321245], [14.442855, 45.321255], [14.442679, 45.321234]]]}, "properties": {"id": 6, "razina": "cetvrt", "name": "Centar-Sušak", "jls_name": "Rijeka", "jls_maticni_broj": "03735", "zupanija": "Primorsko-goranska", "area_km2": 0.6981, "stanovnistvo": null, "palette_idx": 0, "source": "OSM boundary=administrative admin_level=9 (ODbL)"}}, {"type": "Feature", "id": 7, "geometry": {"type": "Polygon", "coordinates": [[[14.476441, 45.327754], [14.475833, 45.328369], [14.475812, 45.328444], [14.475873, 45.328489], [14.476375, 45.328227], [14.476458, 45.32825], [14.476166, 45.328766], [14.47598, 45.329228], [14.475743, 45.329705], [14.475769, 45.330081], [14.475941, 45.330176], [14.476585, 45.330247], [14.4767, 45.33057], [14.477959, 45.331012], [14.47855, 45.331025], [14.479124, 45.331648], [14.480081, 45.332016], [14.47981, 45.332222], [14.480987, 45.332609], [14.481159, 45.332447], [14.481853, 45.332634], [14.481772, 45.332768], [14.48239, 45.33291], [14.482778, 45.333075], [14.482323, 45.3335], [14.482841, 45.333659], [14.483631, 45.333573], [14.484479, 45.3341], [14.485238, 45.334565], [14.485906, 45.334066], [14.486769, 45.333269], [14.486729, 45.333228], [14.487141, 45.332892], [14.487266, 45.332858], [14.487333, 45.33287], [14.487625, 45.332687], [14.49587, 45.328775], [14.500634, 45.326048], [14.502002, 45.325277], [14.504505, 45.32446], [14.504439, 45.324396], [14.50465, 45.324389], [14.50478, 45.324293], [14.504836, 45.324354], [14.506248, 45.323867], [14.507995, 45.322467], [14.508791, 45.322019], [14.51301, 45.3196], [14.519812, 45.317685], [14.520037, 45.317595], [14.520569, 45.317088], [14.520692, 45.316738], [14.520774, 45.316765], [14.520776, 45.316766], [14.520803, 45.316682], [14.520837, 45.316578], [14.520868, 45.316483], [14.521078, 45.316165], [14.521169, 45.315908], [14.521217, 45.315802], [14.521375, 45.315633], [14.521432, 45.315569], [14.521488, 45.315505], [14.521609, 45.315391], [14.52165, 45.31541], [14.521719, 45.315358], [14.521533, 45.315029], [14.521315, 45.314931], [14.521493, 45.314789], [14.521359, 45.314678], [14.521333, 45.314581], [14.521204, 45.314475], [14.520877, 45.314411], [14.520415, 45.314427], [14.519857, 45.314347], [14.519498, 45.313774], [14.51972, 45.313649], [14.519747, 45.313328], [14.519618, 45.313162], [14.519371, 45.313019], [14.519177, 45.312853], [14.519004, 45.311631], [14.518541, 45.311739], [14.517882, 45.311643], [14.517886, 45.311612], [14.517812, 45.3116], [14.517763, 45.311592], [14.517687, 45.311577], [14.517549, 45.31155], [14.517537, 45.311548], [14.517507, 45.311561], [14.517416, 45.311536], [14.517368, 45.311517], [14.517332, 45.311519], [14.51731, 45.311521], [14.51728, 45.311517], [14.517196, 45.311508], [14.517165, 45.311508], [14.517136, 45.311496], [14.517066, 45.311458], [14.516948, 45.311426], [14.516861, 45.311411], [14.516781, 45.311394], [14.516716, 45.311376], [14.516659, 45.311363], [14.516489, 45.311354], [14.516423, 45.311359], [14.516321, 45.311367], [14.516242, 45.311367], [14.51616, 45.311388], [14.516106, 45.311399], [14.51606, 45.31142], [14.515391, 45.311369], [14.515328, 45.311324], [14.514922, 45.31127], [14.514712, 45.311301], [14.51449, 45.311261], [14.51448, 45.311281], [14.514236, 45.311264], [14.513065, 45.311201], [14.513053, 45.311212], [14.513042, 45.311223], [14.513032, 45.311232], [14.513021, 45.311243], [14.513019, 45.311253], [14.513006, 45.311257], [14.512775, 45.311323], [14.512524, 45.311349], [14.512308, 45.311382], [14.512135, 45.311388], [14.511938, 45.311523], [14.511705, 45.311749], [14.511413, 45.311844], [14.511087, 45.311908], [14.511014, 45.311932], [14.510938, 45.311923], [14.510846, 45.311954], [14.510766, 45.311981], [14.51057, 45.312047], [14.510457, 45.312085], [14.510205, 45.312151], [14.510009, 45.312191], [14.509901, 45.312213], [14.509786, 45.31231], [14.509694, 45.312387], [14.509496, 45.312472], [14.509436, 45.312498], [14.509374, 45.312514], [14.509218, 45.312554], [14.509051, 45.312611], [14.508898, 45.312663], [14.508827, 45.312668], [14.508597, 45.312764], [14.508448, 45.312754], [14.508287, 45.312799], [14.508183, 45.312829], [14.508101, 45.312834], [14.507966, 45.312861], [14.507893, 45.312869], [14.507872, 45.312874], [14.507831, 45.312884], [14.507697, 45.312917], [14.507676, 45.312921], [14.507639, 45.312928], [14.507536, 45.312967], [14.507477, 45.312989], [14.507438, 45.313031], [14.50743, 45.313032], [14.507398, 45.313036], [14.507357, 45.313041], [14.507295, 45.313057], [14.507293, 45.313058], [14.507247, 45.313071], [14.507139, 45.313101], [14.507116, 45.313108], [14.507041, 45.31313], [14.507041, 45.31313], [14.506954, 45.313159], [14.506946, 45.313161], [14.50687, 45.313185], [14.506728, 45.313234], [14.50661, 45.313275], [14.506481, 45.313314], [14.50628, 45.313402], [14.506197, 45.313427], [14.506054, 45.313482], [14.50579, 45.313492], [14.505779, 45.313493], [14.50561, 45.31352], [14.505543, 45.313535], [14.505319, 45.313587], [14.505275, 45.313601], [14.505184, 45.313631], [14.505007, 45.313658], [14.504691, 45.313713], [14.504396, 45.313809], [14.503084, 45.314753], [14.500355, 45.315781], [14.496736, 45.318083], [14.49595, 45.318805], [14.4912, 45.318442], [14.490791, 45.318427], [14.490768, 45.31845], [14.490734, 45.318483], [14.490839, 45.31855], [14.49093, 45.31873], [14.490929, 45.318733], [14.490848, 45.318698], [14.490714, 45.318624], [14.490601, 45.318618], [14.490263, 45.318678], [14.490152, 45.318686], [14.488726, 45.32207], [14.486741, 45.323431], [14.483331, 45.325251], [14.479776, 45.326406], [14.478248, 45.326718], [14.477497, 45.327121], [14.477409, 45.327219], [14.477481, 45.327326], [14.477387, 45.327354], [14.477248, 45.327357], [14.477034, 45.327308], [14.476903, 45.327227], [14.476839, 45.327174], [14.476448, 45.327386], [14.476535, 45.327501], [14.476555, 45.32761], [14.476525, 45.327687], [14.476441, 45.327754]]]}, "properties": {"id": 7, "razina": "cetvrt", "name": "Draga", "jls_name": "Rijeka", "jls_maticni_broj": "03735", "zupanija": "Primorsko-goranska", "area_km2": 3.4251, "stanovnistvo": null, "palette_idx": 1, "source": "OSM boundary=administrative admin_level=9 (ODbL)"}}, {"type": "Feature", "id": 8, "geometry": {"type": "Polygon", "coordinates": [[[14.409776, 45.370883], [14.409833, 45.370869], [14.40987, 45.370859], [14.409988, 45.370826], [14.410175, 45.370792], [14.410354, 45.370758], [14.410445, 45.370738], [14.410469, 45.370734], [14.410595, 45.37071], [14.410758, 45.370686], [14.410818, 45.370678], [14.410897, 45.370668], [14.411062, 45.370694], [14.411091, 45.370702], [14.411138, 45.370713], [14.41128, 45.370744], [14.411349, 45.370759], [14.411374, 45.370766], [14.411469, 45.370807], [14.41153, 45.370851], [14.411556, 45.3709], [14.411592, 45.370985], [14.411619, 45.371076], [14.41164, 45.371167], [14.411646, 45.371194], [14.411676, 45.371288], [14.411678, 45.371289], [14.411723, 45.371297], [14.411771, 45.371198], [14.411817, 45.371118], [14.411817, 45.371121], [14.411818, 45.371187], [14.411843, 45.371216], [14.411901, 45.371252], [14.411902, 45.371252], [14.411976, 45.371188], [14.411977, 45.371188], [14.411993, 45.371198], [14.412083, 45.371257], [14.412084, 45.371256], [14.412106, 45.371247], [14.412106, 45.371248], [14.412159, 45.371284], [14.412213, 45.371321], [14.41239, 45.371443], [14.412413, 45.37146], [14.412435, 45.371474], [14.412461, 45.371487], [14.412603, 45.371555], [14.412742, 45.371622], [14.412803, 45.371719], [14.412803, 45.37172], [14.412788, 45.371791], [14.412789, 45.371791], [14.412833, 45.371816], [14.412833, 45.371817], [14.41284, 45.371883], [14.412776, 45.371963], [14.412757, 45.371984], [14.412633, 45.372113], [14.412674, 45.372247], [14.412573, 45.372368], [14.412574, 45.372368], [14.412594, 45.372371], [14.412678, 45.372383], [14.412727, 45.372399], [14.41279, 45.372411], [14.412822, 45.372419], [14.412843, 45.372425], [14.412862, 45.372431], [14.412918, 45.372451], [14.41301, 45.372492], [14.413054, 45.372507], [14.413139, 45.372539], [14.413159, 45.372554], [14.413178, 45.372569], [14.413297, 45.372605], [14.413273, 45.372641], [14.413272, 45.372643], [14.413217, 45.372684], [14.413172, 45.372719], [14.413158, 45.372729], [14.413156, 45.372731], [14.413109, 45.372764], [14.413098, 45.372769], [14.413045, 45.372794], [14.413038, 45.37281], [14.413016, 45.372857], [14.412998, 45.372897], [14.41298, 45.372922], [14.412887, 45.373039], [14.412865, 45.373069], [14.412842, 45.3731], [14.412787, 45.373174], [14.412636, 45.373363], [14.41252, 45.373498], [14.412498, 45.37353], [14.412487, 45.373546], [14.412433, 45.373625], [14.412413, 45.373642], [14.412375, 45.373674], [14.412353, 45.37369], [14.41232, 45.373712], [14.412305, 45.373722], [14.412132, 45.373834], [14.412097, 45.373852], [14.412092, 45.373854], [14.412088, 45.373855], [14.412035, 45.373869], [14.412016, 45.37387], [14.411885, 45.37388], [14.411845, 45.373884], [14.411805, 45.373881], [14.411716, 45.373875], [14.411561, 45.374111], [14.411587, 45.374126], [14.411704, 45.374173], [14.411814, 45.374228], [14.412231, 45.37445], [14.41233, 45.374495], [14.41236, 45.374509], [14.412528, 45.374593], [14.412763, 45.374711], [14.412848, 45.374758], [14.413005, 45.374836], [14.413125, 45.374902], [14.41324, 45.374966], [14.413262, 45.374978], [14.413364, 45.375033], [14.413444, 45.375079], [14.413448, 45.375082], [14.413509, 45.375028], [14.413537, 45.375003], [14.413539, 45.375002], [14.413645, 45.375043], [14.413883, 45.375147], [14.414106, 45.375241], [14.414283, 45.375299], [14.414402, 45.375331], [14.414575, 45.375341], [14.414727, 45.375334], [14.414816, 45.375299], [14.414916, 45.375247], [14.415046, 45.375133], [14.415053, 45.375126], [14.415204, 45.374957], [14.415204, 45.374956], [14.415298, 45.374797], [14.415306, 45.374783], [14.415307, 45.374782], [14.415455, 45.374799], [14.415521, 45.374783], [14.415584, 45.374757], [14.415693, 45.374704], [14.415761, 45.374679], [14.415765, 45.374677], [14.415867, 45.374617], [14.4159, 45.374583], [14.415934, 45.374533], [14.415952, 45.374491], [14.415952, 45.374446], [14.415933, 45.374386], [14.415965, 45.37438], [14.416045, 45.374363], [14.416249, 45.374345], [14.416251, 45.374345], [14.416259, 45.374344], [14.416506, 45.374336], [14.416729, 45.374328], [14.416911, 45.374326], [14.416937, 45.374326], [14.416972, 45.37431], [14.416974, 45.374309], [14.417017, 45.374299], [14.417038, 45.374294], [14.417395, 45.37419], [14.417644, 45.374096], [14.417697, 45.374076], [14.417698, 45.374075], [14.417868, 45.373933], [14.417895, 45.373917], [14.418012, 45.373848], [14.418012, 45.373848], [14.418032, 45.373859], [14.418062, 45.373875], [14.418138, 45.373918], [14.418164, 45.373933], [14.418228, 45.373963], [14.418252, 45.373972], [14.418355, 45.374012], [14.418436, 45.374047], [14.418555, 45.374099], [14.418594, 45.374107], [14.418701, 45.374125], [14.41873, 45.374128], [14.418839, 45.374169], [14.418882, 45.374176], [14.41892, 45.374184], [14.418958, 45.374191], [14.418961, 45.374192], [14.419112, 45.374499], [14.419185, 45.374718], [14.419399, 45.375019], [14.4194, 45.375019], [14.419568, 45.375296], [14.41981, 45.375063], [14.419956, 45.37517], [14.42003, 45.375169], [14.420262, 45.3752], [14.420654, 45.375255], [14.420727, 45.375265], [14.420819, 45.375293], [14.420909, 45.375319], [14.420756, 45.375527], [14.42074, 45.375563], [14.420737, 45.37557], [14.420761, 45.375599], [14.420856, 45.375718], [14.420907, 45.375728], [14.420932, 45.37573], [14.420966, 45.375734], [14.420979, 45.375746], [14.421046, 45.37581], [14.421118, 45.37589], [14.421127, 45.375936], [14.421164, 45.375985], [14.421182, 45.376008], [14.421266, 45.375977], [14.421357, 45.375998], [14.421399, 45.376008], [14.421471, 45.376025], [14.421587, 45.376052], [14.421676, 45.376066], [14.421731, 45.37606], [14.421836, 45.37606], [14.42187, 45.37606], [14.421938, 45.376027], [14.421946, 45.376023], [14.422053, 45.375999], [14.42209, 45.376001], [14.422162, 45.376004], [14.422288, 45.376014], [14.422473, 45.376036], [14.422584, 45.376055], [14.422721, 45.376087], [14.422855, 45.376116], [14.42295, 45.376143], [14.423079, 45.376166], [14.423259, 45.376203], [14.423281, 45.376284], [14.42331, 45.37634], [14.423328, 45.376375], [14.42337, 45.376469], [14.423393, 45.376552], [14.423428, 45.376697], [14.423461, 45.376913], [14.423467, 45.376935], [14.423442, 45.376965], [14.423379, 45.37706], [14.423357, 45.377104], [14.423329, 45.377141], [14.42328, 45.377196], [14.423186, 45.377292], [14.423076, 45.377394], [14.423032, 45.377432], [14.423257, 45.377568], [14.423408, 45.37766], [14.423411, 45.377662], [14.42342, 45.377674], [14.423426, 45.377682], [14.423452, 45.377701], [14.423459, 45.377705], [14.423504, 45.377726], [14.423508, 45.377728], [14.423556, 45.377761], [14.423558, 45.377762], [14.423572, 45.377767], [14.423592, 45.377774], [14.423634, 45.377783], [14.423672, 45.377789], [14.423673, 45.377789], [14.423693, 45.377809], [14.42371, 45.377825], [14.423719, 45.377833], [14.423751, 45.377857], [14.423755, 45.37786], [14.423812, 45.37789], [14.423832, 45.377899], [14.423878, 45.377921], [14.423891, 45.377927], [14.4239, 45.377931], [14.423939, 45.377941], [14.423945, 45.377943], [14.424021, 45.377953], [14.424051, 45.37796], [14.4241, 45.377972], [14.424167, 45.377992], [14.424206, 45.378025], [14.424236, 45.378057], [14.424269, 45.378113], [14.424299, 45.37818], [14.424319, 45.37822], [14.424377, 45.378278], [14.424391, 45.378287], [14.424413, 45.3783], [14.424449, 45.378322], [14.424494, 45.378333], [14.424516, 45.378336], [14.424519, 45.378336], [14.424528, 45.378336], [14.424701, 45.378335], [14.424745, 45.378347], [14.424755, 45.378349], [14.424757, 45.37835], [14.424805, 45.378367], [14.424805, 45.378367], [14.424822, 45.37838], [14.424823, 45.37838], [14.424824, 45.378381], [14.424876, 45.378396], [14.424877, 45.378397], [14.42491, 45.37841], [14.424911, 45.37841], [14.424958, 45.378394], [14.424958, 45.378394], [14.425132, 45.378477], [14.425248, 45.37853], [14.425337, 45.378565], [14.425339, 45.378567], [14.427332, 45.380146], [14.427569, 45.38037], [14.427967, 45.380748], [14.428126, 45.380899], [14.42828, 45.381046], [14.428546, 45.381301], [14.428839, 45.38158], [14.429827, 45.382523], [14.430147, 45.382832], [14.430923, 45.383207], [14.431812, 45.383636], [14.432603, 45.384016], [14.432683, 45.384048], [14.432662, 45.383978], [14.432739, 45.383792], [14.432819, 45.383621], [14.432872, 45.383494], [14.432905, 45.383392], [14.433094, 45.383339], [14.433262, 45.38329], [14.433475, 45.38321], [14.433628, 45.383043], [14.433677, 45.382806], [14.433723, 45.3825], [14.433708, 45.382414], [14.433731, 45.382287], [14.433769, 45.382191], [14.433931, 45.381928], [14.433981, 45.381837], [14.434014, 45.381783], [14.434058, 45.381726], [14.434156, 45.381657], [14.434214, 45.381616], [14.434399, 45.381529], [14.434563, 45.381448], [14.434999, 45.381142], [14.435191, 45.381], [14.435433, 45.380864], [14.435652, 45.380733], [14.435686, 45.380712], [14.435748, 45.380676], [14.435977, 45.380498], [14.435991, 45.380488], [14.436382, 45.380193], [14.436514, 45.380099], [14.436618, 45.379942], [14.436769, 45.379697], [14.436807, 45.379581], [14.436833, 45.379441], [14.4369, 45.37913], [14.436915, 45.379054], [14.436939, 45.378757], [14.436733, 45.378608], [14.43662, 45.378406], [14.436568, 45.378316], [14.436554, 45.378246], [14.436635, 45.378085], [14.436701, 45.377928], [14.436658, 45.377851], [14.436567, 45.377536], [14.43657, 45.377439], [14.436592, 45.377324], [14.436601, 45.377242], [14.436642, 45.377135], [14.436702, 45.377051], [14.436723, 45.377026], [14.436754, 45.376989], [14.436844, 45.376885], [14.436913, 45.376817], [14.437071, 45.376746], [14.437146, 45.376684], [14.437235, 45.37662], [14.43737, 45.376545], [14.437506, 45.376459], [14.437627, 45.376364], [14.437719, 45.376312], [14.438007, 45.376289], [14.438133, 45.376315], [14.438261, 45.376352], [14.438481, 45.376455], [14.439088, 45.376346], [14.438825, 45.375846], [14.439197, 45.375671], [14.439809, 45.375515], [14.440091, 45.375422], [14.440349, 45.375298], [14.440693, 45.375132], [14.440585, 45.375063], [14.440527, 45.375008], [14.440431, 45.374945], [14.440375, 45.374902], [14.440325, 45.374882], [14.440283, 45.374868], [14.440224, 45.374825], [14.440191, 45.374782], [14.440145, 45.374714], [14.440132, 45.374681], [14.440057, 45.37462], [14.440003, 45.374607], [14.439983, 45.374573], [14.439974, 45.374548], [14.439938, 45.374484], [14.439878, 45.374308], [14.439874, 45.37429], [14.43988, 45.374215], [14.439924, 45.374124], [14.439963, 45.374067], [14.439972, 45.374038], [14.440003, 45.373992], [14.440048, 45.373936], [14.44011, 45.373877], [14.440186, 45.373831], [14.440218, 45.373799], [14.440207, 45.373729], [14.440276, 45.373677], [14.44032, 45.373641], [14.440383, 45.373604], [14.440445, 45.373531], [14.440471, 45.37348], [14.440468, 45.37342], [14.44048, 45.373387], [14.440449, 45.373344], [14.440424, 45.373278], [14.440435, 45.373239], [14.440425, 45.373194], [14.440399, 45.373156], [14.440425, 45.373106], [14.440427, 45.373069], [14.44044, 45.373022], [14.440438, 45.372974], [14.44045, 45.372924], [14.44045, 45.372857], [14.440468, 45.372808], [14.440489, 45.372776], [14.4405, 45.372738], [14.440495, 45.372684], [14.440507, 45.37259], [14.440517, 45.372546], [14.440535, 45.372503], [14.440597, 45.372336], [14.440651, 45.372261], [14.440687, 45.372181], [14.440713, 45.372121], [14.440751, 45.372023], [14.440827, 45.371922], [14.440906, 45.371788], [14.44097, 45.371726], [14.441078, 45.371538], [14.441089, 45.371445], [14.441113, 45.371392], [14.441134, 45.371328], [14.441155, 45.371243], [14.441117, 45.371131], [14.441113, 45.371007], [14.441123, 45.370925], [14.441184, 45.370833], [14.441231, 45.370771], [14.441265, 45.370735], [14.441297, 45.370648], [14.441297, 45.370544], [14.441324, 45.370475], [14.441369, 45.370389], [14.441375, 45.370305], [14.4414, 45.370217], [14.441471, 45.370107], [14.441548, 45.37], [14.441554, 45.369829], [14.441601, 45.369714], [14.441605, 45.369622], [14.441526, 45.369591], [14.441505, 45.369519], [14.441548, 45.369472], [14.44154, 45.369361], [14.441547, 45.369253], [14.441641, 45.369093], [14.441599, 45.369033], [14.441696, 45.368904], [14.441744, 45.368833], [14.441765, 45.368809], [14.441797, 45.368771], [14.441865, 45.368708], [14.44201, 45.368618], [14.442343, 45.368445], [14.44244, 45.368393], [14.442513, 45.368339], [14.442542, 45.368317], [14.442579, 45.368277], [14.442616, 45.368226], [14.442707, 45.368156], [14.442721, 45.36812], [14.442752, 45.368032], [14.44278, 45.3678], [14.442803, 45.367792], [14.442801, 45.367749], [14.442804, 45.367669], [14.442813, 45.367598], [14.442828, 45.367422], [14.442835, 45.367379], [14.442837, 45.367336], [14.442842, 45.367282], [14.442841, 45.367193], [14.442834, 45.367168], [14.442803, 45.367104], [14.442787, 45.367038], [14.442787, 45.367015], [14.44278, 45.366981], [14.442777, 45.366955], [14.442777, 45.366943], [14.442749, 45.366906], [14.442722, 45.366855], [14.442696, 45.366788], [14.442654, 45.36665], [14.44264, 45.366588], [14.442631, 45.366512], [14.442637, 45.366433], [14.44264, 45.366417], [14.442659, 45.366349], [14.442668, 45.366315], [14.44269, 45.36626], [14.442718, 45.366206], [14.442775, 45.3661], [14.442813, 45.36605], [14.44284, 45.366026], [14.442869, 45.36598], [14.442893, 45.365944], [14.443105, 45.365807], [14.443195, 45.365754], [14.443395, 45.365646], [14.443607, 45.365549], [14.443671, 45.365505], [14.443756, 45.365436], [14.443786, 45.365395], [14.443829, 45.365347], [14.443872, 45.365312], [14.443897, 45.365294], [14.443967, 45.365219], [14.444023, 45.365153], [14.444066, 45.365083], [14.444075, 45.365022], [14.444077, 45.364966], [14.444093, 45.364939], [14.444293, 45.364857], [14.444341, 45.364843], [14.444371, 45.364838], [14.444406, 45.364843], [14.444452, 45.364835], [14.444502, 45.364846], [14.44453, 45.364833], [14.444564, 45.36481], [14.444624, 45.364756], [14.444655, 45.364736], [14.444686, 45.364711], [14.444707, 45.364675], [14.444745, 45.364573], [14.44476, 45.364526], [14.444777, 45.364485], [14.444766, 45.364446], [14.444779, 45.364401], [14.444804, 45.364331], [14.444823, 45.364307], [14.444833, 45.364296], [14.444862, 45.364243], [14.444901, 45.364161], [14.444964, 45.364059], [14.445039, 45.363942], [14.445105, 45.363844], [14.445186, 45.363724], [14.445232, 45.363646], [14.445257, 45.363593], [14.445319, 45.363528], [14.445349, 45.363402], [14.44536, 45.363305], [14.445373, 45.363211], [14.445419, 45.36317], [14.44545, 45.36312], [14.445454, 45.36305], [14.445439, 45.362944], [14.445424, 45.362898], [14.445397, 45.36286], [14.445379, 45.362831], [14.445363, 45.362793], [14.445365, 45.36275], [14.445382, 45.362704], [14.445383, 45.362665], [14.44536, 45.362645], [14.445353, 45.362596], [14.445362, 45.362557], [14.445381, 45.362526], [14.445388, 45.362497], [14.445377, 45.36246], [14.445375, 45.362422], [14.445399, 45.362368], [14.445426, 45.362317], [14.445503, 45.362226], [14.445536, 45.362173], [14.445568, 45.362144], [14.445615, 45.362116], [14.445654, 45.36209], [14.445689, 45.362051], [14.445701, 45.362023], [14.445768, 45.361973], [14.445845, 45.361926], [14.445922, 45.361894], [14.44599, 45.361862], [14.446087, 45.361826], [14.446176, 45.361783], [14.446272, 45.361744], [14.446381, 45.361698], [14.446431, 45.361666], [14.446476, 45.361648], [14.4465, 45.361634], [14.446529, 45.36159], [14.446535, 45.361561], [14.446536, 45.361509], [14.446541, 45.361457], [14.446544, 45.361393], [14.446549, 45.36134], [14.446557, 45.361303], [14.446568, 45.361286], [14.446587, 45.361262], [14.446597, 45.361199], [14.446584, 45.361138], [14.446564, 45.361126], [14.446555, 45.361032], [14.44655, 45.360999], [14.446533, 45.360934], [14.446503, 45.360873], [14.446474, 45.36083], [14.446447, 45.360777], [14.446428, 45.360743], [14.446371, 45.36065], [14.446343, 45.360592], [14.446302, 45.36054], [14.446256, 45.360489], [14.446214, 45.360434], [14.446094, 45.360316], [14.446031, 45.360268], [14.446028, 45.360231], [14.446018, 45.360206], [14.446009, 45.36013], [14.446, 45.360041], [14.445984, 45.359941], [14.445971, 45.359873], [14.445955, 45.359705], [14.446017, 45.359573], [14.446045, 45.359503], [14.446109, 45.359366], [14.446153, 45.359295], [14.446212, 45.359217], [14.446265, 45.359173], [14.446314, 45.359116], [14.446354, 45.359058], [14.446483, 45.358997], [14.446576, 45.358957], [14.446707, 45.358918], [14.446802, 45.35887], [14.446888, 45.358832], [14.447043, 45.358745], [14.447092, 45.358712], [14.447146, 45.358668], [14.447222, 45.358604], [14.447515, 45.357982], [14.447813, 45.357028], [14.448277, 45.356508], [14.448954, 45.355434], [14.449301, 45.354699], [14.449601, 45.354276], [14.449829, 45.354094], [14.450035, 45.353998], [14.450274, 45.354005], [14.450728, 45.35409], [14.450953, 45.354073], [14.451314, 45.353826], [14.45101, 45.35358], [14.450635, 45.353322], [14.450407, 45.353274], [14.449816, 45.353237], [14.449535, 45.353237], [14.449338, 45.353316], [14.448908, 45.353524], [14.448166, 45.353705], [14.447801, 45.353858], [14.447138, 45.353998], [14.446743, 45.354139], [14.446387, 45.354392], [14.445867, 45.354864], [14.445208, 45.355164], [14.444964, 45.355305], [14.444857, 45.355498], [14.444599, 45.35593], [14.444346, 45.356254], [14.443706, 45.356926], [14.443568, 45.35727], [14.443441, 45.357768], [14.440631, 45.357545], [14.438889, 45.356182], [14.439533, 45.354922], [14.439835, 45.354315], [14.440222, 45.353759], [14.440293, 45.353594], [14.440262, 45.353428], [14.440129, 45.353219], [14.439777, 45.352865], [14.438959, 45.352278], [14.438346, 45.352084], [14.437754, 45.35214], [14.437691, 45.35194], [14.437668, 45.351337], [14.437551, 45.350629], [14.437533, 45.350466], [14.437608, 45.350237], [14.437655, 45.350095], [14.437607, 45.34963], [14.437609, 45.349254], [14.437752, 45.348874], [14.437733, 45.348573], [14.437751, 45.348544], [14.43763, 45.348483], [14.437563, 45.348397], [14.437531, 45.348314], [14.437561, 45.348067], [14.437554, 45.347872], [14.437396, 45.347146], [14.437328, 45.346891], [14.437224, 45.346704], [14.437139, 45.346614], [14.437601, 45.346432], [14.437651, 45.346106], [14.437498, 45.345852], [14.435878, 45.344787], [14.433898, 45.344108], [14.433447, 45.344083], [14.433104, 45.34413], [14.433221, 45.343966], [14.433122, 45.343639], [14.43296, 45.343319], [14.432685, 45.343208], [14.432233, 45.342872], [14.431823, 45.343214], [14.431381, 45.343259], [14.431322, 45.343322], [14.430952, 45.343519], [14.430343, 45.343414], [14.430185, 45.343281], [14.429707, 45.343576], [14.429044, 45.343186], [14.427065, 45.344087], [14.426769, 45.344634], [14.425339, 45.350237], [14.424979, 45.35051], [14.425237, 45.350659], [14.425252, 45.350801], [14.424274, 45.351209], [14.42435, 45.351291], [14.423974, 45.351601], [14.423596, 45.351892], [14.422289, 45.352987], [14.421919, 45.353699], [14.421584, 45.354051], [14.422337, 45.354479], [14.421686, 45.355071], [14.4216, 45.355019], [14.421466, 45.355118], [14.421447, 45.355327], [14.421676, 45.355477], [14.421929, 45.355531], [14.422055, 45.355686], [14.421929, 45.355756], [14.421951, 45.35593], [14.422072, 45.356169], [14.421938, 45.356298], [14.421997, 45.356381], [14.421423, 45.356554], [14.421337, 45.356682], [14.421386, 45.357281], [14.421534, 45.357829], [14.420917, 45.357943], [14.420353, 45.358053], [14.420159, 45.358126], [14.419726, 45.358516], [14.41955, 45.358621], [14.419, 45.35884], [14.418467, 45.358989], [14.41821, 45.359144], [14.418318, 45.359483], [14.418011, 45.359889], [14.41794, 45.359984], [14.417624, 45.359901], [14.417308, 45.36005], [14.417173, 45.360326], [14.417281, 45.360614], [14.41751, 45.361099], [14.416825, 45.361792], [14.416181, 45.361787], [14.415913, 45.361785], [14.415618, 45.362772], [14.415435, 45.362757], [14.415596, 45.363221], [14.415275, 45.363552], [14.415038, 45.363526], [14.41432, 45.365301], [14.413998, 45.365441], [14.414051, 45.365704], [14.413665, 45.365983], [14.413563, 45.365983], [14.413048, 45.366259], [14.412989, 45.366424], [14.412978, 45.366639], [14.411385, 45.367653], [14.410293, 45.367821], [14.410343, 45.367924], [14.410328, 45.36798], [14.410263, 45.368078], [14.410235, 45.368119], [14.410128, 45.368355], [14.410072, 45.368367], [14.410107, 45.368445], [14.410323, 45.368791], [14.410333, 45.36882], [14.410323, 45.368834], [14.410268, 45.368873], [14.410224, 45.368899], [14.410141, 45.368961], [14.410177, 45.368988], [14.4102, 45.369005], [14.410209, 45.369015], [14.410247, 45.369061], [14.410317, 45.369167], [14.410356, 45.369222], [14.410362, 45.36923], [14.410363, 45.369231], [14.410366, 45.369248], [14.410357, 45.369268], [14.410356, 45.369271], [14.410313, 45.369329], [14.410293, 45.369357], [14.410232, 45.369421], [14.410186, 45.369469], [14.410183, 45.369472], [14.410061, 45.369616], [14.41006, 45.369616], [14.41001, 45.369662], [14.410007, 45.369665], [14.409989, 45.369676], [14.409972, 45.369688], [14.409971, 45.369688], [14.409973, 45.369715], [14.409972, 45.369718], [14.409957, 45.369747], [14.409943, 45.369776], [14.40992, 45.369824], [14.409875, 45.369893], [14.409874, 45.369895], [14.409872, 45.369897], [14.409854, 45.369956], [14.409818, 45.370068], [14.4098, 45.370121], [14.409759, 45.370194], [14.409717, 45.370266], [14.409709, 45.370278], [14.409687, 45.370312], [14.409667, 45.370344], [14.409634, 45.370383], [14.409622, 45.370393], [14.409607, 45.370405], [14.409578, 45.370415], [14.409458, 45.370455], [14.409431, 45.370464], [14.40943, 45.370464], [14.40947, 45.370519], [14.409482, 45.370537], [14.409484, 45.370541], [14.409506, 45.370592], [14.409511, 45.370605], [14.409512, 45.370606], [14.409516, 45.370652], [14.409517, 45.370656], [14.409517, 45.370657], [14.409582, 45.370707], [14.40964, 45.370758], [14.409648, 45.370765], [14.409708, 45.370822], [14.40971, 45.370824], [14.409747, 45.370859], [14.409776, 45.370883]]]}, "properties": {"id": 8, "razina": "cetvrt", "name": "Drenova", "jls_name": "Rijeka", "jls_maticni_broj": "03735", "zupanija": "Primorsko-goranska", "area_km2": 6.9742, "stanovnistvo": null, "palette_idx": 2, "source": "OSM boundary=administrative admin_level=9 (ODbL)"}}, {"type": "Feature", "id": 9, "geometry": {"type": "Polygon", "coordinates": [[[14.467738, 45.325653], [14.469027, 45.326548], [14.469125, 45.326852], [14.469504, 45.327014], [14.470312, 45.327528], [14.470551, 45.327417], [14.47125, 45.328175], [14.471439, 45.328232], [14.472026, 45.328698], [14.472698, 45.328261], [14.473341, 45.328017], [14.474259, 45.327766], [14.474555, 45.327721], [14.474778, 45.327948], [14.475245, 45.327796], [14.475334, 45.327882], [14.47517, 45.328022], [14.475296, 45.328152], [14.474853, 45.328803], [14.474135, 45.329658], [14.473337, 45.33067], [14.472909, 45.330914], [14.472142, 45.331609], [14.472236, 45.331764], [14.472164, 45.331929], [14.471979, 45.332078], [14.471781, 45.332455], [14.472232, 45.332614], [14.472327, 45.332845], [14.472399, 45.333416], [14.472809, 45.33353], [14.473234, 45.332978], [14.473601, 45.33244], [14.473687, 45.33221], [14.473746, 45.331771], [14.47381, 45.331309], [14.474052, 45.330853], [14.47432, 45.330466], [14.474459, 45.329991], [14.474618, 45.329765], [14.47491, 45.329446], [14.47502, 45.329201], [14.475127, 45.328724], [14.475304, 45.328388], [14.475556, 45.328198], [14.475801, 45.328018], [14.476093, 45.327869], [14.476441, 45.327754], [14.476525, 45.327687], [14.476555, 45.32761], [14.476535, 45.327501], [14.476448, 45.327386], [14.476839, 45.327174], [14.476903, 45.327227], [14.477034, 45.327308], [14.477248, 45.327357], [14.477387, 45.327354], [14.477481, 45.327326], [14.477409, 45.327219], [14.477497, 45.327121], [14.478248, 45.326718], [14.479776, 45.326406], [14.483331, 45.325251], [14.486741, 45.323431], [14.488726, 45.32207], [14.490152, 45.318686], [14.490044, 45.318753], [14.489911, 45.318814], [14.489678, 45.318938], [14.489572, 45.318965], [14.489408, 45.319043], [14.48924, 45.319173], [14.489094, 45.319246], [14.48885, 45.319376], [14.488621, 45.31947], [14.488347, 45.319567], [14.488213, 45.319646], [14.487875, 45.319789], [14.487338, 45.319922], [14.486981, 45.319922], [14.486886, 45.319918], [14.486736, 45.319912], [14.486672, 45.319871], [14.486515, 45.319842], [14.486509, 45.31984], [14.486446, 45.319828], [14.486313, 45.319769], [14.486229, 45.319747], [14.486106, 45.319731], [14.485978, 45.319724], [14.48587, 45.319709], [14.485847, 45.319688], [14.485587, 45.319661], [14.485458, 45.319625], [14.485105, 45.319556], [14.484665, 45.319492], [14.484538, 45.319453], [14.484296, 45.31938], [14.483986, 45.319299], [14.483684, 45.319205], [14.483578, 45.319203], [14.482949, 45.319418], [14.481881, 45.319665], [14.481658, 45.31949], [14.481324, 45.319325], [14.480823, 45.319163], [14.480498, 45.319115], [14.479818, 45.319314], [14.478839, 45.319223], [14.478562, 45.319256], [14.478663, 45.319651], [14.478647, 45.320014], [14.478549, 45.320476], [14.478431, 45.320724], [14.478249, 45.321022], [14.47787, 45.321425], [14.477502, 45.321703], [14.476316, 45.322451], [14.475186, 45.32305], [14.474737, 45.323242], [14.474271, 45.323355], [14.473716, 45.323402], [14.473273, 45.32337], [14.472711, 45.323303], [14.472325, 45.323294], [14.471866, 45.323357], [14.470852, 45.323671], [14.471241, 45.324469], [14.471116, 45.324492], [14.470143, 45.324972], [14.468769, 45.324438], [14.468281, 45.324655], [14.4686, 45.32492], [14.468453, 45.325005], [14.468587, 45.325176], [14.467738, 45.325653]]]}, "properties": {"id": 9, "razina": "cetvrt", "name": "Gornja Vežica", "jls_name": "Rijeka", "jls_maticni_broj": "03735", "zupanija": "Primorsko-goranska", "area_km2": 0.9098, "stanovnistvo": null, "palette_idx": 0, "source": "OSM boundary=administrative admin_level=9 (ODbL)"}}, {"type": "Feature", "id": 10, "geometry": {"type": "Polygon", "coordinates": [[[14.378388, 45.354453], [14.378559, 45.354529], [14.378694, 45.354633], [14.378769, 45.354803], [14.37882, 45.354976], [14.378746, 45.355121], [14.378488, 45.35535], [14.377788, 45.355833], [14.378134, 45.355993], [14.378224, 45.356211], [14.378202, 45.356551], [14.378244, 45.356612], [14.378346, 45.356677], [14.378748, 45.356841], [14.378798, 45.356928], [14.378641, 45.356946], [14.378614, 45.356999], [14.378725, 45.357308], [14.378931, 45.357359], [14.379101, 45.357768], [14.379411, 45.357793], [14.379619, 45.357889], [14.380054, 45.358556], [14.380271, 45.359137], [14.380477, 45.359527], [14.380864, 45.359745], [14.38107, 45.360008], [14.381123, 45.36006], [14.381183, 45.360131], [14.381193, 45.360154], [14.381187, 45.360202], [14.381246, 45.360211], [14.381312, 45.360181], [14.38138, 45.360145], [14.381425, 45.360111], [14.381458, 45.360097], [14.381491, 45.360067], [14.381519, 45.360066], [14.381538, 45.36007], [14.38159, 45.36007], [14.381748, 45.360015], [14.381784, 45.360002], [14.381902, 45.359976], [14.381974, 45.359976], [14.382019, 45.359966], [14.382065, 45.359992], [14.382086, 45.360019], [14.382195, 45.359974], [14.382229, 45.359975], [14.382396, 45.360034], [14.382466, 45.360049], [14.382523, 45.360055], [14.382551, 45.360011], [14.38263, 45.359994], [14.382735, 45.360021], [14.382808, 45.360043], [14.382909, 45.360078], [14.382985, 45.360111], [14.382987, 45.360193], [14.383005, 45.360219], [14.383095, 45.36026], [14.383257, 45.360343], [14.383312, 45.360376], [14.383346, 45.360413], [14.383441, 45.360487], [14.383479, 45.360502], [14.383533, 45.360554], [14.383538, 45.360569], [14.383555, 45.360601], [14.383616, 45.360666], [14.383742, 45.360713], [14.383794, 45.360734], [14.383831, 45.360716], [14.383911, 45.3607], [14.383969, 45.360697], [14.384043, 45.360682], [14.384106, 45.360679], [14.384162, 45.360687], [14.384234, 45.36069], [14.384278, 45.360689], [14.384391, 45.36068], [14.384408, 45.360669], [14.384505, 45.360643], [14.384566, 45.360642], [14.38467, 45.360645], [14.384753, 45.360665], [14.384838, 45.360707], [14.384877, 45.360726], [14.38493, 45.360745], [14.384964, 45.360717], [14.385072, 45.360725], [14.385161, 45.360745], [14.385285, 45.360781], [14.385282, 45.360795], [14.385479, 45.360856], [14.385549, 45.360878], [14.385641, 45.360912], [14.385744, 45.360951], [14.385864, 45.360994], [14.386048, 45.361071], [14.38611, 45.361019], [14.386162, 45.360987], [14.38643, 45.360882], [14.38644, 45.360816], [14.386497, 45.360769], [14.386576, 45.360705], [14.386593, 45.360691], [14.386726, 45.360585], [14.38675, 45.360565], [14.386835, 45.360502], [14.386871, 45.360471], [14.386872, 45.360469], [14.386888, 45.360451], [14.386924, 45.36041], [14.386945, 45.360379], [14.386968, 45.360347], [14.387048, 45.360361], [14.38709, 45.3603], [14.387129, 45.360308], [14.387145, 45.360304], [14.387174, 45.360301], [14.387187, 45.360306], [14.387225, 45.360313], [14.387281, 45.360321], [14.38732, 45.360328], [14.387349, 45.360302], [14.387462, 45.360217], [14.387504, 45.360174], [14.387544, 45.360142], [14.387629, 45.360058], [14.387673, 45.360127], [14.387698, 45.360189], [14.387714, 45.360215], [14.387744, 45.360267], [14.387769, 45.360309], [14.38777, 45.360322], [14.387763, 45.360329], [14.38788, 45.360279], [14.387817, 45.360254], [14.3878, 45.360193], [14.387766, 45.360127], [14.387687, 45.36002], [14.387668, 45.359993], [14.387659, 45.359958], [14.387681, 45.359789], [14.387721, 45.359724], [14.387807, 45.359554], [14.387831, 45.359498], [14.387861, 45.359507], [14.387916, 45.359443], [14.388053, 45.359499], [14.388215, 45.359445], [14.388381, 45.359391], [14.388571, 45.359353], [14.388555, 45.35937], [14.388575, 45.359399], [14.38877, 45.359421], [14.388879, 45.359434], [14.388942, 45.359439], [14.388987, 45.359452], [14.389027, 45.359455], [14.389082, 45.359465], [14.389191, 45.359483], [14.389322, 45.359508], [14.389363, 45.359477], [14.389396, 45.359448], [14.389449, 45.35938], [14.389522, 45.359295], [14.389556, 45.359266], [14.38963, 45.359213], [14.389586, 45.35916], [14.389573, 45.359139], [14.389543, 45.359073], [14.389508, 45.359006], [14.389503, 45.358983], [14.38948, 45.35893], [14.389485, 45.358914], [14.389503, 45.35891], [14.38952, 45.358904], [14.389564, 45.358876], [14.389575, 45.358866], [14.389584, 45.358837], [14.389582, 45.358823], [14.389633, 45.358778], [14.389676, 45.358751], [14.389693, 45.358737], [14.389715, 45.358716], [14.389743, 45.358677], [14.389767, 45.358617], [14.389759, 45.358572], [14.389758, 45.358544], [14.389694, 45.358389], [14.389347, 45.358413], [14.389357, 45.358332], [14.389512, 45.358176], [14.390418, 45.357679], [14.390761, 45.356738], [14.390931, 45.356432], [14.391813, 45.355217], [14.392608, 45.354633], [14.393063, 45.354421], [14.394462, 45.353803], [14.395801, 45.35328], [14.396347, 45.352922], [14.396204, 45.352806], [14.396153, 45.352674], [14.39614, 45.35257], [14.396159, 45.352442], [14.396226, 45.352202], [14.39611, 45.351993], [14.396765, 45.351808], [14.397056, 45.351769], [14.397291, 45.351756], [14.397905, 45.351797], [14.398179, 45.351895], [14.39834, 45.351739], [14.398498, 45.351479], [14.398618, 45.351228], [14.398696, 45.350791], [14.398696, 45.350557], [14.398525, 45.349855], [14.398262, 45.349089], [14.398228, 45.348652], [14.39825, 45.348268], [14.398425, 45.347831], [14.398728, 45.347513], [14.398093, 45.3471], [14.396914, 45.347968], [14.396531, 45.348152], [14.395815, 45.348412], [14.395557, 45.348523], [14.394813, 45.349015], [14.394437, 45.349098], [14.394236, 45.349194], [14.394081, 45.34923], [14.393921, 45.34933], [14.393816, 45.349495], [14.393719, 45.349563], [14.393608, 45.349589], [14.393407, 45.349605], [14.392864, 45.349623], [14.392652, 45.349612], [14.392383, 45.349561], [14.392223, 45.349517], [14.392199, 45.349471], [14.392115, 45.349371], [14.391976, 45.349306], [14.391545, 45.349216], [14.391211, 45.34921], [14.39025, 45.349359], [14.389797, 45.349462], [14.389493, 45.349547], [14.389299, 45.349556], [14.389079, 45.349535], [14.388825, 45.349451], [14.388717, 45.349383], [14.388493, 45.349229], [14.388262, 45.349079], [14.388087, 45.348989], [14.38779, 45.348897], [14.387452, 45.348831], [14.387262, 45.348792], [14.387099, 45.348738], [14.386863, 45.348544], [14.386342, 45.34823], [14.386196, 45.348189], [14.386092, 45.348226], [14.385698, 45.348546], [14.385353, 45.348754], [14.384921, 45.348962], [14.38414, 45.349214], [14.383628, 45.349454], [14.383482, 45.349555], [14.383319, 45.348962], [14.383263, 45.348945], [14.383169, 45.34911], [14.382993, 45.349356], [14.382522, 45.349819], [14.382281, 45.349693], [14.382141, 45.349639], [14.382019, 45.349621], [14.381871, 45.349626], [14.381754, 45.349655], [14.381619, 45.349735], [14.381446, 45.349919], [14.382505, 45.350445], [14.38241, 45.350525], [14.382641, 45.350846], [14.382565, 45.351027], [14.382644, 45.35116], [14.382505, 45.351296], [14.381515, 45.351371], [14.381756, 45.351576], [14.381229, 45.351948], [14.381257, 45.352144], [14.381302, 45.352564], [14.38141, 45.35284], [14.381396, 45.352911], [14.381339, 45.353103], [14.381325, 45.353299], [14.381275, 45.353519], [14.381373, 45.353828], [14.381074, 45.354295], [14.379719, 45.354436], [14.378388, 45.354453]]]}, "properties": {"id": 10, "razina": "cetvrt", "name": "Gornji Zamet", "jls_name": "Rijeka", "jls_maticni_broj": "03735", "zupanija": "Primorsko-goranska", "area_km2": 1.2988, "stanovnistvo": null, "palette_idx": 2, "source": "OSM boundary=administrative admin_level=9 (ODbL)"}}, {"type": "Feature", "id": 11, "geometry": {"type": "Polygon", "coordinates": [[[14.453424, 45.330345], [14.453458, 45.330474], [14.453694, 45.330675], [14.454027, 45.331052], [14.454218, 45.331093], [14.454383, 45.331161], [14.45477, 45.331577], [14.454425, 45.331646], [14.454245, 45.33176], [14.454131, 45.331879], [14.45398, 45.332001], [14.453674, 45.332393], [14.453838, 45.332614], [14.453849, 45.332865], [14.453647, 45.332865], [14.453606, 45.333025], [14.454087, 45.333385], [14.45417, 45.333568], [14.453696, 45.333799], [14.453817, 45.333859], [14.454033, 45.333877], [14.454243, 45.333828], [14.455528, 45.333291], [14.455885, 45.333181], [14.456184, 45.332998], [14.45641, 45.332946], [14.456658, 45.33298], [14.457002, 45.33309], [14.457557, 45.333374], [14.457792, 45.333524], [14.457798, 45.33394], [14.457857, 45.334192], [14.458026, 45.334393], [14.458135, 45.334452], [14.458271, 45.334445], [14.458516, 45.334445], [14.458686, 45.334498], [14.458954, 45.334623], [14.459191, 45.334707], [14.459421, 45.334789], [14.459653, 45.334837], [14.459933, 45.334866], [14.460096, 45.334919], [14.460313, 45.335053], [14.460548, 45.335146], [14.460768, 45.335191], [14.461128, 45.335231], [14.461553, 45.335317], [14.462025, 45.335509], [14.462819, 45.335701], [14.463098, 45.335686], [14.463313, 45.335664], [14.463656, 45.335709], [14.464525, 45.335977], [14.465485, 45.336076], [14.466305, 45.336033], [14.467428, 45.335814], [14.468528, 45.33551], [14.470515, 45.334758], [14.470826, 45.334641], [14.471767, 45.334033], [14.472399, 45.333416], [14.472327, 45.332845], [14.472232, 45.332614], [14.471781, 45.332455], [14.471979, 45.332078], [14.472164, 45.331929], [14.472236, 45.331764], [14.472142, 45.331609], [14.472909, 45.330914], [14.473337, 45.33067], [14.474135, 45.329658], [14.474853, 45.328803], [14.475296, 45.328152], [14.47517, 45.328022], [14.475334, 45.327882], [14.475245, 45.327796], [14.474778, 45.327948], [14.474555, 45.327721], [14.474259, 45.327766], [14.473341, 45.328017], [14.472698, 45.328261], [14.472026, 45.328698], [14.471439, 45.328232], [14.47125, 45.328175], [14.470551, 45.327417], [14.470312, 45.327528], [14.469504, 45.327014], [14.469125, 45.326852], [14.469027, 45.326548], [14.467738, 45.325653], [14.467059, 45.325141], [14.466416, 45.325453], [14.466235, 45.325579], [14.465494, 45.326199], [14.46528, 45.326038], [14.465041, 45.326201], [14.465183, 45.326304], [14.464662, 45.326662], [14.464553, 45.326595], [14.464098, 45.326898], [14.464217, 45.327166], [14.46369, 45.327539], [14.462013, 45.32624], [14.461281, 45.326719], [14.460648, 45.326242], [14.460254, 45.326112], [14.459822, 45.32637], [14.45966, 45.326233], [14.45865, 45.326889], [14.458482, 45.326722], [14.458075, 45.326951], [14.458008, 45.326897], [14.457227, 45.327461], [14.457275, 45.327501], [14.457061, 45.327638], [14.456989, 45.32757], [14.456689, 45.327747], [14.45633, 45.32792], [14.456437, 45.328026], [14.456194, 45.3282], [14.455889, 45.328422], [14.455448, 45.328725], [14.455113, 45.328989], [14.454969, 45.328966], [14.454867, 45.329152], [14.454698, 45.329391], [14.454629, 45.329605], [14.454356, 45.3296], [14.45438, 45.32979], [14.454417, 45.329954], [14.453617, 45.330159], [14.453424, 45.330345]]]}, "properties": {"id": 11, "razina": "cetvrt", "name": "Grad Trsat", "jls_name": "Rijeka", "jls_maticni_broj": "03735", "zupanija": "Primorsko-goranska", "area_km2": 1.2908, "stanovnistvo": null, "palette_idx": 3, "source": "OSM boundary=administrative admin_level=9 (ODbL)"}}, {"type": "Feature", "id": 12, "geometry": {"type": "Polygon", "coordinates": [[[14.372539, 45.348742], [14.372291, 45.348821], [14.372017, 45.348937], [14.371687, 45.349121], [14.371955, 45.349473], [14.371747, 45.349527], [14.37175, 45.349552], [14.371856, 45.349562], [14.371816, 45.349749], [14.371503, 45.34984], [14.371562, 45.349935], [14.372074, 45.350035], [14.3719, 45.350423], [14.371715, 45.35077], [14.371279, 45.350786], [14.371229, 45.351166], [14.371087, 45.351554], [14.370962, 45.351749], [14.371506, 45.351626], [14.371681, 45.351634], [14.371902, 45.35166], [14.372192, 45.351605], [14.37263, 45.35148], [14.37277, 45.351463], [14.373076, 45.351554], [14.373184, 45.351396], [14.373278, 45.351363], [14.373792, 45.351405], [14.374038, 45.351399], [14.37422, 45.351486], [14.374275, 45.351556], [14.37433, 45.351843], [14.37443, 45.35196], [14.374713, 45.352071], [14.374781, 45.352201], [14.374907, 45.352209], [14.375365, 45.352366], [14.375598, 45.35236], [14.375678, 45.352401], [14.375682, 45.352485], [14.375804, 45.35248], [14.375824, 45.352489], [14.37619, 45.352603], [14.376433, 45.352635], [14.376716, 45.352715], [14.376897, 45.352815], [14.377136, 45.35252], [14.377282, 45.352427], [14.377488, 45.352316], [14.377613, 45.352088], [14.377714, 45.352102], [14.377732, 45.352062], [14.378013, 45.351956], [14.378146, 45.352131], [14.377971, 45.352328], [14.378116, 45.352375], [14.378027, 45.352549], [14.378076, 45.35259], [14.377974, 45.352646], [14.377905, 45.352843], [14.378416, 45.352945], [14.378169, 45.353256], [14.378574, 45.353426], [14.378452, 45.353874], [14.378318, 45.354236], [14.378299, 45.35432], [14.378326, 45.354391], [14.378388, 45.354453], [14.379719, 45.354436], [14.381074, 45.354295], [14.381373, 45.353828], [14.381275, 45.353519], [14.381325, 45.353299], [14.381339, 45.353103], [14.381396, 45.352911], [14.38141, 45.35284], [14.381302, 45.352564], [14.381257, 45.352144], [14.381229, 45.351948], [14.381756, 45.351576], [14.381515, 45.351371], [14.382505, 45.351296], [14.382644, 45.35116], [14.382565, 45.351027], [14.382641, 45.350846], [14.38241, 45.350525], [14.382505, 45.350445], [14.381446, 45.349919], [14.380835, 45.349603], [14.380423, 45.349402], [14.380186, 45.349306], [14.381036, 45.348041], [14.380152, 45.348208], [14.379268, 45.34836], [14.378665, 45.348457], [14.37826, 45.348504], [14.377657, 45.348544], [14.377103, 45.348566], [14.376219, 45.348578], [14.375555, 45.3486], [14.374348, 45.348619], [14.373912, 45.348639], [14.373734, 45.348674], [14.373413, 45.348816], [14.373164, 45.348941], [14.373024, 45.348973], [14.372915, 45.348968], [14.372862, 45.348968], [14.372798, 45.348946], [14.372733, 45.348909], [14.372643, 45.348852], [14.372574, 45.348819], [14.372539, 45.348742]]]}, "properties": {"id": 12, "razina": "cetvrt", "name": "Grbci", "jls_name": "Rijeka", "jls_maticni_broj": "03735", "zupanija": "Primorsko-goranska", "area_km2": 0.3562, "stanovnistvo": null, "palette_idx": 3, "source": "OSM boundary=administrative admin_level=9 (ODbL)"}}, {"type": "Feature", "id": 13, "geometry": {"type": "Polygon", "coordinates": [[[14.332368, 45.355171], [14.332555, 45.355267], [14.332664, 45.355277], [14.332742, 45.355309], [14.332828, 45.355299], [14.332873, 45.355293], [14.332875, 45.355293], [14.332931, 45.355335], [14.332941, 45.355342], [14.332942, 45.355343], [14.332932, 45.355401], [14.332928, 45.355429], [14.333201, 45.355465], [14.333197, 45.355495], [14.333197, 45.355495], [14.333206, 45.35551], [14.333222, 45.355538], [14.33328, 45.355578], [14.333292, 45.355599], [14.333326, 45.355658], [14.333326, 45.355663], [14.333341, 45.3558], [14.333504, 45.355872], [14.333673, 45.355935], [14.333674, 45.355936], [14.333776, 45.355981], [14.333785, 45.355985], [14.334108, 45.356225], [14.3344, 45.356105], [14.334743, 45.355999], [14.335298, 45.355826], [14.337104, 45.355121], [14.337457, 45.354984], [14.337602, 45.355083], [14.335701, 45.356435], [14.335809, 45.356507], [14.33587, 45.356545], [14.336027, 45.356647], [14.33618, 45.356744], [14.336283, 45.356817], [14.336314, 45.356894], [14.336475, 45.356964], [14.336514, 45.357015], [14.336608, 45.357212], [14.33675, 45.357281], [14.336796, 45.357396], [14.336807, 45.357562], [14.336796, 45.357639], [14.336791, 45.357676], [14.336783, 45.357789], [14.336776, 45.357902], [14.336759, 45.358013], [14.336722, 45.358122], [14.33672, 45.358126], [14.336619, 45.358233], [14.336502, 45.358308], [14.336503, 45.358309], [14.336525, 45.358318], [14.336603, 45.358353], [14.336482, 45.358539], [14.336447, 45.358593], [14.336334, 45.35875], [14.336334, 45.35875], [14.33637, 45.358763], [14.336376, 45.358766], [14.336349, 45.358853], [14.336328, 45.358933], [14.336344, 45.359054], [14.336332, 45.359092], [14.33619, 45.359265], [14.336034, 45.359454], [14.33607, 45.359468], [14.336091, 45.359476], [14.336061, 45.359546], [14.336056, 45.359558], [14.336056, 45.359558], [14.336061, 45.35957], [14.336075, 45.359602], [14.336096, 45.359638], [14.336211, 45.359978], [14.336241, 45.359994], [14.33622, 45.360071], [14.336289, 45.360176], [14.336319, 45.360182], [14.336394, 45.360154], [14.336392, 45.360279], [14.336389, 45.360324], [14.336384, 45.360372], [14.33637, 45.360498], [14.336364, 45.36055], [14.336395, 45.360638], [14.336424, 45.36072], [14.336451, 45.360767], [14.336456, 45.360777], [14.33647, 45.3608], [14.336472, 45.360804], [14.336485, 45.360827], [14.336506, 45.360863], [14.336754, 45.360741], [14.336858, 45.360659], [14.337344, 45.360413], [14.33755, 45.360345], [14.337574, 45.360341], [14.33758, 45.360324], [14.338357, 45.360044], [14.338395, 45.360062], [14.338516, 45.359912], [14.338665, 45.359879], [14.338715, 45.359843], [14.338826, 45.359817], [14.339, 45.359687], [14.339077, 45.359677], [14.339347, 45.359567], [14.339577, 45.359496], [14.339663, 45.359452], [14.339846, 45.359406], [14.340134, 45.359266], [14.340153, 45.359175], [14.340422, 45.359007], [14.340971, 45.358753], [14.341204, 45.358735], [14.341312, 45.358717], [14.341463, 45.358674], [14.341481, 45.358659], [14.341494, 45.358638], [14.341539, 45.358589], [14.341527, 45.358526], [14.342732, 45.357932], [14.342936, 45.357935], [14.342905, 45.357856], [14.343643, 45.357512], [14.343852, 45.357568], [14.344256, 45.357309], [14.344844, 45.356977], [14.345383, 45.356682], [14.345617, 45.35658], [14.346062, 45.35642], [14.346277, 45.356276], [14.346499, 45.356136], [14.346557, 45.356183], [14.346681, 45.356092], [14.347037, 45.355916], [14.347381, 45.355738], [14.347539, 45.35575], [14.347568, 45.355656], [14.348258, 45.35535], [14.348485, 45.355252], [14.348952, 45.355154], [14.349536, 45.355037], [14.350092, 45.354988], [14.350443, 45.354908], [14.350854, 45.354875], [14.35131, 45.354846], [14.35181, 45.354804], [14.351975, 45.354789], [14.352399, 45.354757], [14.352698, 45.354746], [14.353479, 45.354542], [14.353818, 45.3544], [14.354024, 45.354302], [14.354292, 45.354183], [14.354666, 45.354005], [14.354799, 45.353946], [14.355315, 45.353694], [14.355486, 45.353618], [14.35595, 45.353402], [14.356545, 45.353139], [14.356747, 45.353053], [14.356652, 45.352954], [14.357357, 45.352604], [14.357738, 45.352392], [14.35812, 45.35208], [14.359045, 45.351313], [14.3598, 45.350601], [14.359989, 45.350442], [14.360243, 45.350266], [14.360714, 45.349989], [14.36126, 45.349707], [14.36177, 45.349505], [14.362859, 45.349096], [14.366177, 45.347868], [14.371368, 45.34594], [14.37311, 45.345305], [14.375302, 45.344509], [14.376761, 45.343965], [14.378911, 45.343166], [14.380948, 45.342424], [14.382596, 45.341806], [14.383258, 45.341622], [14.384144, 45.341418], [14.385169, 45.34123], [14.386951, 45.341058], [14.389418, 45.340835], [14.390309, 45.340757], [14.391138, 45.340671], [14.392059, 45.340515], [14.392936, 45.340308], [14.393632, 45.3401], [14.394781, 45.339714], [14.39455, 45.339414], [14.394563, 45.339262], [14.395054, 45.339032], [14.395475, 45.33904], [14.395979, 45.338913], [14.396464, 45.33883], [14.397141, 45.338597], [14.397306, 45.338531], [14.397606, 45.338403], [14.39757, 45.338198], [14.397665, 45.33814], [14.398051, 45.338071], [14.398196, 45.338085], [14.398358, 45.337927], [14.399079, 45.337374], [14.400365, 45.336838], [14.4001, 45.336491], [14.399973, 45.336375], [14.399905, 45.336301], [14.399835, 45.336174], [14.399968, 45.336115], [14.399782, 45.335994], [14.399676, 45.335839], [14.399567, 45.335155], [14.398673, 45.335155], [14.398684, 45.334959], [14.39769, 45.334969], [14.396029, 45.334919], [14.395172, 45.334882], [14.394743, 45.335025], [14.393814, 45.335029], [14.393816, 45.335069], [14.393629, 45.335084], [14.393225, 45.334975], [14.392487, 45.334794], [14.392414, 45.334798], [14.392241, 45.334859], [14.39202, 45.334881], [14.391752, 45.334955], [14.391474, 45.335045], [14.391481, 45.335059], [14.391441, 45.335077], [14.391489, 45.335203], [14.392481, 45.334984], [14.393888, 45.335327], [14.393903, 45.335341], [14.393904, 45.33536], [14.39385, 45.335476], [14.39663, 45.336155], [14.39638, 45.336642], [14.393206, 45.335883], [14.392685, 45.33647], [14.391023, 45.335743], [14.390942, 45.335835], [14.391478, 45.336073], [14.391433, 45.336135], [14.39146, 45.336146], [14.391015, 45.336708], [14.390472, 45.336494], [14.390422, 45.336552], [14.389439, 45.336112], [14.388998, 45.336121], [14.388469, 45.336152], [14.388306, 45.336171], [14.38731, 45.336461], [14.387275, 45.336506], [14.386838, 45.336638], [14.386817, 45.336666], [14.386802, 45.336667], [14.386743, 45.33673], [14.386785, 45.336728], [14.386832, 45.336744], [14.386875, 45.336685], [14.388474, 45.336208], [14.388476, 45.33624], [14.388861, 45.336227], [14.388898, 45.336524], [14.388917, 45.336675], [14.388482, 45.336716], [14.388174, 45.336598], [14.38742, 45.336813], [14.387434, 45.336835], [14.38761, 45.336786], [14.387642, 45.336829], [14.387811, 45.336779], [14.387834, 45.336788], [14.387838, 45.33681], [14.388164, 45.336777], [14.388356, 45.336875], [14.3884, 45.336979], [14.388443, 45.337081], [14.3883, 45.337292], [14.388174, 45.337306], [14.388049, 45.337291], [14.387486, 45.337089], [14.38741, 45.336951], [14.387358, 45.336962], [14.387421, 45.337087], [14.386844, 45.337235], [14.386774, 45.337117], [14.386724, 45.337125], [14.386777, 45.337234], [14.386693, 45.337315], [14.386694, 45.337378], [14.38659, 45.337427], [14.386311, 45.337493], [14.386263, 45.337453], [14.386138, 45.337357], [14.385928, 45.337391], [14.385891, 45.337371], [14.385848, 45.337355], [14.385803, 45.337375], [14.385776, 45.337403], [14.385611, 45.337382], [14.385517, 45.337364], [14.385323, 45.337405], [14.385144, 45.337429], [14.38506, 45.337471], [14.384904, 45.33748], [14.384906, 45.337498], [14.384817, 45.337513], [14.384519, 45.3376], [14.384365, 45.33757], [14.384221, 45.337601], [14.384105, 45.337642], [14.384047, 45.33762], [14.383814, 45.337696], [14.383559, 45.33775], [14.383554, 45.337796], [14.383466, 45.33784], [14.383407, 45.337823], [14.383364, 45.337878], [14.383336, 45.337914], [14.383242, 45.337933], [14.383141, 45.337954], [14.383081, 45.338001], [14.382459, 45.338052], [14.382148, 45.338056], [14.38192, 45.338022], [14.381835, 45.337991], [14.381717, 45.337947], [14.381681, 45.337931], [14.381439, 45.33782], [14.381336, 45.337791], [14.380923, 45.33775], [14.380437, 45.337752], [14.380147, 45.337775], [14.379906, 45.337849], [14.379403, 45.338046], [14.379138, 45.338106], [14.378135, 45.338337], [14.377535, 45.338491], [14.377426, 45.338527], [14.377292, 45.338594], [14.377275, 45.33861], [14.377303, 45.338625], [14.377292, 45.33864], [14.377326, 45.338659], [14.377364, 45.338628], [14.377598, 45.338607], [14.37761, 45.338657], [14.377919, 45.338705], [14.378008, 45.338735], [14.378364, 45.338778], [14.378847, 45.338715], [14.378959, 45.339089], [14.378469, 45.339173], [14.378318, 45.339149], [14.378067, 45.339073], [14.37783, 45.339051], [14.377804, 45.339024], [14.377929, 45.338857], [14.377891, 45.338841], [14.377847, 45.338867], [14.377767, 45.33893], [14.377646, 45.339018], [14.377591, 45.338977], [14.377385, 45.338969], [14.377222, 45.338998], [14.377188, 45.339007], [14.377165, 45.338998], [14.377162, 45.338984], [14.377141, 45.338993], [14.377145, 45.339031], [14.377165, 45.33905], [14.377137, 45.33906], [14.377099, 45.339042], [14.377055, 45.339068], [14.376985, 45.339073], [14.37691, 45.33913], [14.376807, 45.339147], [14.376754, 45.339243], [14.376703, 45.339287], [14.376695, 45.339369], [14.376655, 45.339395], [14.376617, 45.339379], [14.376592, 45.339419], [14.376585, 45.33949], [14.376504, 45.339514], [14.376463, 45.339522], [14.376438, 45.33954], [14.376437, 45.339555], [14.376421, 45.339565], [14.376421, 45.339577], [14.376419, 45.339585], [14.376447, 45.339611], [14.3763, 45.339652], [14.376252, 45.339652], [14.376202, 45.339638], [14.376212, 45.339607], [14.376216, 45.339556], [14.376198, 45.339552], [14.376186, 45.339545], [14.376145, 45.339548], [14.376137, 45.339553], [14.376135, 45.339561], [14.376141, 45.339564], [14.376141, 45.339568], [14.376137, 45.33957], [14.376135, 45.339574], [14.376143, 45.339581], [14.376142, 45.339584], [14.376137, 45.339588], [14.376137, 45.339604], [14.376129, 45.339605], [14.376129, 45.339601], [14.37609, 45.339581], [14.37606, 45.339587], [14.376058, 45.339605], [14.376025, 45.339602], [14.376011, 45.339603], [14.376002, 45.339586], [14.375972, 45.339588], [14.375994, 45.339672], [14.375776, 45.3397], [14.375735, 45.339559], [14.375656, 45.339484], [14.375566, 45.339537], [14.375576, 45.339547], [14.375535, 45.339576], [14.375529, 45.339604], [14.375504, 45.339632], [14.375489, 45.339633], [14.375481, 45.339613], [14.375465, 45.339607], [14.375452, 45.339608], [14.375443, 45.339611], [14.375437, 45.339608], [14.375428, 45.339614], [14.375438, 45.339623], [14.375428, 45.339627], [14.37542, 45.339635], [14.375418, 45.339654], [14.375433, 45.339666], [14.375451, 45.339668], [14.375468, 45.339667], [14.375347, 45.339723], [14.375339, 45.339716], [14.375314, 45.339717], [14.375305, 45.339726], [14.375293, 45.339726], [14.375284, 45.339722], [14.375253, 45.33973], [14.375252, 45.339736], [14.375222, 45.33975], [14.375216, 45.339756], [14.375206, 45.339758], [14.375203, 45.339772], [14.37519, 45.339766], [14.375167, 45.339776], [14.375171, 45.339793], [14.375134, 45.339796], [14.37513, 45.339803], [14.375157, 45.339808], [14.375156, 45.339815], [14.375089, 45.339848], [14.375061, 45.339831], [14.375023, 45.339851], [14.375014, 45.33985], [14.375015, 45.339871], [14.375003, 45.339878], [14.375014, 45.339884], [14.374928, 45.339924], [14.374926, 45.339914], [14.374911, 45.339914], [14.374901, 45.339921], [14.374861, 45.339924], [14.37486, 45.339936], [14.374875, 45.339946], [14.374889, 45.339948], [14.374889, 45.339954], [14.374871, 45.339958], [14.374868, 45.339973], [14.374851, 45.339982], [14.374823, 45.339951], [14.374771, 45.339979], [14.374658, 45.340035], [14.374576, 45.339981], [14.374539, 45.340006], [14.374575, 45.340049], [14.374525, 45.340053], [14.374472, 45.340005], [14.374431, 45.339984], [14.374392, 45.340022], [14.374339, 45.340119], [14.374255, 45.34012], [14.374057, 45.340165], [14.373887, 45.340185], [14.373733, 45.340204], [14.373533, 45.340229], [14.373373, 45.340231], [14.373345, 45.340212], [14.373293, 45.340177], [14.373097, 45.340044], [14.372893, 45.339948], [14.372741, 45.339919], [14.372583, 45.339939], [14.372467, 45.340014], [14.372401, 45.340101], [14.372264, 45.340257], [14.372254, 45.340332], [14.372188, 45.340409], [14.372069, 45.34048], [14.372051, 45.340483], [14.371821, 45.34052], [14.371519, 45.340528], [14.371317, 45.340512], [14.371147, 45.340468], [14.371018, 45.340291], [14.370939, 45.340282], [14.370862, 45.340306], [14.370842, 45.34037], [14.370983, 45.340575], [14.370989, 45.340644], [14.370924, 45.340744], [14.370693, 45.340933], [14.370506, 45.341066], [14.370286, 45.34115], [14.370083, 45.341209], [14.369891, 45.341233], [14.369892, 45.341206], [14.369851, 45.341204], [14.369808, 45.341201], [14.369793, 45.341189], [14.36977, 45.341169], [14.369718, 45.341058], [14.369677, 45.341068], [14.36965, 45.341075], [14.36964, 45.341126], [14.369681, 45.341224], [14.369688, 45.341305], [14.369699, 45.341348], [14.369598, 45.34138], [14.369498, 45.34137], [14.369467, 45.341274], [14.369443, 45.341259], [14.369385, 45.34122], [14.369203, 45.341089], [14.368926, 45.340936], [14.368618, 45.340868], [14.368509, 45.340877], [14.368488, 45.340889], [14.368459, 45.340864], [14.368364, 45.340868], [14.36835, 45.340906], [14.368314, 45.340914], [14.368281, 45.340929], [14.368269, 45.340987], [14.368256, 45.341037], [14.368201, 45.341058], [14.368187, 45.341055], [14.368136, 45.341026], [14.368082, 45.341025], [14.368067, 45.341075], [14.367993, 45.34106], [14.367966, 45.34104], [14.367999, 45.341032], [14.368005, 45.341004], [14.367992, 45.340991], [14.367973, 45.34099], [14.367979, 45.340952], [14.367996, 45.340948], [14.367999, 45.34094], [14.367982, 45.340923], [14.367958, 45.340926], [14.367946, 45.340935], [14.367939, 45.340928], [14.367906, 45.340934], [14.367883, 45.340992], [14.367903, 45.340993], [14.367925, 45.341003], [14.367916, 45.341031], [14.367577, 45.341109], [14.367116, 45.3412], [14.366837, 45.341441], [14.366766, 45.341554], [14.366742, 45.341577], [14.366724, 45.341595], [14.366623, 45.341639], [14.36644, 45.341658], [14.366265, 45.341681], [14.366281, 45.341661], [14.366262, 45.341647], [14.366238, 45.341673], [14.366081, 45.341699], [14.365824, 45.341707], [14.365619, 45.341713], [14.365434, 45.341762], [14.365332, 45.34169], [14.365239, 45.34169], [14.36515, 45.341734], [14.365052, 45.34173], [14.364938, 45.341826], [14.364914, 45.341927], [14.36496, 45.341965], [14.364935, 45.342], [14.364875, 45.342015], [14.36469, 45.342132], [14.364621, 45.342082], [14.364528, 45.342032], [14.364433, 45.342064], [14.364303, 45.342045], [14.364296, 45.341951], [14.363921, 45.341878], [14.363854, 45.341941], [14.363714, 45.341953], [14.363549, 45.342042], [14.363471, 45.342029], [14.363399, 45.342088], [14.363414, 45.342161], [14.363281, 45.342204], [14.363292, 45.342337], [14.363157, 45.342474], [14.363123, 45.342711], [14.363166, 45.342797], [14.363242, 45.342858], [14.363143, 45.342905], [14.363082, 45.343002], [14.363062, 45.343174], [14.36301, 45.343222], [14.36292, 45.343287], [14.36277, 45.343317], [14.362658, 45.343273], [14.362752, 45.343224], [14.362724, 45.343231], [14.362684, 45.343165], [14.362581, 45.343171], [14.362544, 45.343113], [14.362492, 45.343102], [14.362499, 45.343043], [14.362451, 45.342984], [14.362368, 45.342997], [14.362278, 45.342821], [14.3621, 45.342759], [14.361855, 45.342606], [14.361771, 45.342554], [14.361727, 45.342594], [14.361676, 45.342571], [14.361635, 45.3426], [14.361575, 45.34258], [14.361506, 45.342661], [14.361436, 45.342593], [14.361247, 45.34261], [14.361059, 45.34271], [14.36097, 45.342688], [14.360929, 45.342713], [14.360972, 45.342816], [14.360914, 45.34284], [14.360825, 45.342756], [14.360701, 45.342915], [14.360727, 45.342973], [14.360511, 45.343113], [14.360449, 45.343067], [14.36019, 45.343097], [14.359904, 45.343145], [14.359735, 45.343124], [14.359566, 45.343185], [14.359509, 45.343225], [14.359215, 45.34335], [14.35913, 45.343289], [14.359021, 45.343247], [14.35879, 45.343358], [14.358562, 45.343426], [14.358405, 45.343558], [14.358471, 45.343561], [14.358594, 45.343462], [14.358783, 45.343411], [14.358806, 45.343449], [14.358768, 45.343477], [14.358612, 45.34357], [14.358516, 45.343596], [14.358375, 45.34366], [14.358265, 45.343642], [14.358088, 45.343714], [14.35805, 45.343812], [14.357894, 45.343862], [14.357927, 45.343812], [14.357791, 45.343825], [14.357732, 45.343918], [14.357744, 45.343976], [14.357608, 45.344], [14.356944, 45.344378], [14.356773, 45.344611], [14.356864, 45.344722], [14.356618, 45.344825], [14.356489, 45.344853], [14.35635, 45.344946], [14.356188, 45.344918], [14.356095, 45.345017], [14.356021, 45.34501], [14.355939, 45.345033], [14.35594, 45.345073], [14.355961, 45.345098], [14.355947, 45.345103], [14.355926, 45.345071], [14.3559, 45.345044], [14.355859, 45.345093], [14.355836, 45.345093], [14.355783, 45.345095], [14.355777, 45.345125], [14.355814, 45.345152], [14.355722, 45.345177], [14.355692, 45.345231], [14.355691, 45.345301], [14.355684, 45.345324], [14.355605, 45.345349], [14.355518, 45.345339], [14.355301, 45.345438], [14.355313, 45.34548], [14.355198, 45.345503], [14.355211, 45.345555], [14.355115, 45.345567], [14.355023, 45.345566], [14.354974, 45.345506], [14.35489, 45.345453], [14.354818, 45.345375], [14.354803, 45.345295], [14.354733, 45.345271], [14.354644, 45.345282], [14.354682, 45.345219], [14.354515, 45.345149], [14.354477, 45.34513], [14.354405, 45.345193], [14.354331, 45.34521], [14.354265, 45.345191], [14.354221, 45.345196], [14.354159, 45.345243], [14.354096, 45.34522], [14.354015, 45.345297], [14.353868, 45.345347], [14.353674, 45.345385], [14.353595, 45.345362], [14.353581, 45.345406], [14.353433, 45.345432], [14.353376, 45.345406], [14.353203, 45.345384], [14.353019, 45.345461], [14.35245, 45.345529], [14.352408, 45.345579], [14.352342, 45.345556], [14.352178, 45.345596], [14.352204, 45.345634], [14.35231, 45.345624], [14.352327, 45.345707], [14.352258, 45.345717], [14.352158, 45.345676], [14.352073, 45.345685], [14.351929, 45.34574], [14.351428, 45.345849], [14.351368, 45.345921], [14.35132, 45.345991], [14.351284, 45.345993], [14.351214, 45.345995], [14.351015, 45.345904], [14.351079, 45.345864], [14.351069, 45.345822], [14.351001, 45.345727], [14.350904, 45.345726], [14.350642, 45.345736], [14.350653, 45.345802], [14.350656, 45.345864], [14.350849, 45.345855], [14.350966, 45.346024], [14.350866, 45.346083], [14.350696, 45.346075], [14.350506, 45.346095], [14.350262, 45.346142], [14.349915, 45.346176], [14.349834, 45.346016], [14.34963, 45.346058], [14.349785, 45.346202], [14.349694, 45.346253], [14.349506, 45.346322], [14.349167, 45.346385], [14.34881, 45.346479], [14.34876, 45.346345], [14.348641, 45.346341], [14.348746, 45.346553], [14.348702, 45.346672], [14.348668, 45.346671], [14.34862, 45.346684], [14.34827, 45.346877], [14.348243, 45.346906], [14.348257, 45.346925], [14.348222, 45.346948], [14.348193, 45.346921], [14.348045, 45.346984], [14.348085, 45.347025], [14.348015, 45.347061], [14.347925, 45.347078], [14.347893, 45.347068], [14.347873, 45.347051], [14.347839, 45.347011], [14.347844, 45.346997], [14.347783, 45.346964], [14.347756, 45.346966], [14.34775, 45.347031], [14.347664, 45.347042], [14.347651, 45.347014], [14.347583, 45.347037], [14.347444, 45.347081], [14.347355, 45.347235], [14.34724, 45.347173], [14.346976, 45.347366], [14.346682, 45.347678], [14.346243, 45.347912], [14.345309, 45.347927], [14.344519, 45.348061], [14.344365, 45.348153], [14.343815, 45.34835], [14.343367, 45.348598], [14.343063, 45.34877], [14.342884, 45.348937], [14.342796, 45.349198], [14.342675, 45.34924], [14.342554, 45.34915], [14.342307, 45.349168], [14.342197, 45.349352], [14.342004, 45.349469], [14.341976, 45.349514], [14.341906, 45.349626], [14.341857, 45.34972], [14.341938, 45.349797], [14.341933, 45.349829], [14.341919, 45.349925], [14.341928, 45.349974], [14.341704, 45.350086], [14.34159, 45.350076], [14.341591, 45.35], [14.341339, 45.349989], [14.341329, 45.350053], [14.341212, 45.350109], [14.341139, 45.350056], [14.340787, 45.349891], [14.340395, 45.349706], [14.340275, 45.349696], [14.339172, 45.34997], [14.339009, 45.35001], [14.339038, 45.350185], [14.33894, 45.350214], [14.338679, 45.350091], [14.338078, 45.350408], [14.338001, 45.350515], [14.338022, 45.350636], [14.337885, 45.350679], [14.33772, 45.350629], [14.337226, 45.350743], [14.337101, 45.350888], [14.337089, 45.351123], [14.337124, 45.351361], [14.337158, 45.351588], [14.337154, 45.351674], [14.337075, 45.351733], [14.336989, 45.351781], [14.336889, 45.351833], [14.336597, 45.351792], [14.336458, 45.351772], [14.33641, 45.351798], [14.336445, 45.351835], [14.336441, 45.351851], [14.336401, 45.351823], [14.336367, 45.351788], [14.336307, 45.351741], [14.336252, 45.351755], [14.336196, 45.351731], [14.336163, 45.351767], [14.336033, 45.351786], [14.336026, 45.351755], [14.335948, 45.351733], [14.335898, 45.351751], [14.335904, 45.351777], [14.335927, 45.351792], [14.335947, 45.351853], [14.335812, 45.351879], [14.335763, 45.351833], [14.335792, 45.351819], [14.335791, 45.351794], [14.335727, 45.351761], [14.335433, 45.351743], [14.335329, 45.351778], [14.335248, 45.35191], [14.334939, 45.351896], [14.334216, 45.351674], [14.333726, 45.351706], [14.333615, 45.35178], [14.332954, 45.352135], [14.332895, 45.35217], [14.332714, 45.352277], [14.332483, 45.352241], [14.332381, 45.352225], [14.332402, 45.352345], [14.332284, 45.352715], [14.332119, 45.353181], [14.332163, 45.353186], [14.332151, 45.353234], [14.332081, 45.353343], [14.331988, 45.353575], [14.331929, 45.353732], [14.331932, 45.353802], [14.331991, 45.35418], [14.332021, 45.354194], [14.331991, 45.354355], [14.331992, 45.35442], [14.332011, 45.354484], [14.332059, 45.354525], [14.332076, 45.354593], [14.332001, 45.354793], [14.332286, 45.355122], [14.332368, 45.355171]]]}, "properties": {"id": 13, "razina": "cetvrt", "name": "Kantrida", "jls_name": "Rijeka", "jls_maticni_broj": "03735", "zupanija": "Primorsko-goranska", "area_km2": 3.5911, "stanovnistvo": null, "palette_idx": 3, "source": "OSM boundary=administrative admin_level=9 (ODbL)"}}, {"type": "Feature", "id": 14, "geometry": {"type": "Polygon", "coordinates": [[[14.437086, 45.336311], [14.438029, 45.336114], [14.438469, 45.335896], [14.43864, 45.33648], [14.438848, 45.336581], [14.438568, 45.336608], [14.439015, 45.336848], [14.439017, 45.337044], [14.440804, 45.33709], [14.4413, 45.337081], [14.441716, 45.337034], [14.442223, 45.336917], [14.442691, 45.33674], [14.443251, 45.336436], [14.443715, 45.336061], [14.444615, 45.335292], [14.44499, 45.334973], [14.445266, 45.334768], [14.445564, 45.334585], [14.445945, 45.334421], [14.446374, 45.334302], [14.446784, 45.334238], [14.447104, 45.334227], [14.447621, 45.334248], [14.447986, 45.334316], [14.448439, 45.334455], [14.448844, 45.334621], [14.44944, 45.334898], [14.450105, 45.335247], [14.450741, 45.335613], [14.451325, 45.335946], [14.451835, 45.336193], [14.452195, 45.336288], [14.452452, 45.33595], [14.452794, 45.334881], [14.452521, 45.334864], [14.452419, 45.334912], [14.452081, 45.334888], [14.451835, 45.33492], [14.451706, 45.335059], [14.450924, 45.335011], [14.450875, 45.334976], [14.450615, 45.334902], [14.450414, 45.334689], [14.450377, 45.333646], [14.450629, 45.333604], [14.450774, 45.333442], [14.450983, 45.333069], [14.450849, 45.332827], [14.450291, 45.332918], [14.450254, 45.33225], [14.450913, 45.331824], [14.450538, 45.331726], [14.450007, 45.331262], [14.449701, 45.330805], [14.449079, 45.330489], [14.448692, 45.330379], [14.448681, 45.330308], [14.448537, 45.33024], [14.448451, 45.330281], [14.447999, 45.330149], [14.447418, 45.32993], [14.447334, 45.329857], [14.446706, 45.329747], [14.446773, 45.329689], [14.446527, 45.329577], [14.446403, 45.329489], [14.446428, 45.329406], [14.445924, 45.329283], [14.445663, 45.329256], [14.445615, 45.329052], [14.44573, 45.329048], [14.445589, 45.328805], [14.44541, 45.328637], [14.445088, 45.328561], [14.444992, 45.328104], [14.444811, 45.328127], [14.444665, 45.328197], [14.444411, 45.328336], [14.443954, 45.328565], [14.443616, 45.328664], [14.442777, 45.328898], [14.44287, 45.32905], [14.442959, 45.32903], [14.443098, 45.329026], [14.443237, 45.329067], [14.443332, 45.329117], [14.443566, 45.329279], [14.443582, 45.329363], [14.443495, 45.329572], [14.442376, 45.330018], [14.442055, 45.33014], [14.442019, 45.330088], [14.442007, 45.33007], [14.441804, 45.330145], [14.441879, 45.330268], [14.44108, 45.330506], [14.440778, 45.330643], [14.439935, 45.330914], [14.440169, 45.331071], [14.439486, 45.331293], [14.439202, 45.331465], [14.438818, 45.331532], [14.438926, 45.331777], [14.43825, 45.331912], [14.438782, 45.332692], [14.439304, 45.332887], [14.438595, 45.333132], [14.438743, 45.333361], [14.438346, 45.334293], [14.43856, 45.334339], [14.439321, 45.334498], [14.43986, 45.334654], [14.439968, 45.334587], [14.440016, 45.334316], [14.440266, 45.334145], [14.44037, 45.334237], [14.440546, 45.33414], [14.440627, 45.334192], [14.440986, 45.334015], [14.44081, 45.333805], [14.44094, 45.33377], [14.441098, 45.333702], [14.441204, 45.333869], [14.441191, 45.334013], [14.441373, 45.334218], [14.440609, 45.334649], [14.440888, 45.334871], [14.440422, 45.335178], [14.44011, 45.334988], [14.43991, 45.335293], [14.439616, 45.335217], [14.439813, 45.334842], [14.439337, 45.334757], [14.439059, 45.334712], [14.439021, 45.334752], [14.438845, 45.334692], [14.438714, 45.334907], [14.43848, 45.334961], [14.438435, 45.335074], [14.438171, 45.335167], [14.437941, 45.335464], [14.437749, 45.335437], [14.437681, 45.335316], [14.437449, 45.33547], [14.437593, 45.335817], [14.437029, 45.335778], [14.437171, 45.335913], [14.436962, 45.336028], [14.437086, 45.336311]]]}, "properties": {"id": 14, "razina": "cetvrt", "name": "Kozala", "jls_name": "Rijeka", "jls_maticni_broj": "03735", "zupanija": "Primorsko-goranska", "area_km2": 0.5962, "stanovnistvo": null, "palette_idx": 2, "source": "OSM boundary=administrative admin_level=9 (ODbL)"}}, {"type": "Feature", "id": 15, "geometry": {"type": "Polygon", "coordinates": [[[14.457005, 45.323586], [14.457821, 45.32444], [14.458103, 45.324316], [14.458386, 45.324727], [14.458141, 45.324846], [14.45809, 45.324956], [14.458039, 45.325307], [14.458456, 45.325134], [14.458772, 45.325049], [14.459197, 45.324942], [14.459489, 45.324886], [14.459884, 45.324574], [14.460205, 45.324376], [14.460432, 45.324228], [14.460685, 45.324355], [14.460899, 45.324162], [14.46092, 45.324204], [14.461362, 45.324053], [14.461501, 45.323869], [14.461656, 45.32378], [14.46176, 45.323872], [14.462055, 45.323693], [14.462583, 45.323533], [14.462565, 45.323504], [14.462748, 45.323397], [14.462919, 45.323584], [14.463188, 45.323507], [14.463235, 45.32363], [14.464482, 45.323374], [14.464674, 45.323409], [14.464942, 45.323249], [14.4651, 45.3233], [14.465621, 45.323209], [14.46577, 45.323293], [14.466005, 45.323162], [14.466305, 45.323449], [14.46642, 45.323452], [14.46665, 45.323341], [14.46697, 45.323612], [14.467278, 45.323633], [14.467459, 45.323496], [14.467264, 45.323227], [14.467004, 45.32295], [14.466668, 45.322703], [14.466659, 45.322579], [14.4662, 45.322264], [14.466103, 45.32231], [14.465995, 45.322203], [14.465855, 45.322256], [14.465657, 45.322063], [14.46563, 45.321988], [14.46611, 45.321885], [14.466311, 45.321754], [14.466103, 45.321511], [14.465885, 45.321589], [14.465934, 45.321341], [14.466045, 45.321075], [14.466164, 45.320851], [14.466356, 45.32068], [14.466257, 45.320568], [14.46664, 45.320409], [14.466462, 45.32019], [14.466697, 45.320092], [14.466606, 45.319966], [14.466464, 45.319966], [14.466293, 45.319759], [14.465517, 45.320114], [14.464655, 45.320471], [14.463925, 45.32075], [14.462088, 45.321474], [14.460744, 45.322004], [14.459781, 45.322399], [14.458527, 45.322895], [14.457814, 45.323205], [14.457005, 45.323586]]]}, "properties": {"id": 15, "razina": "cetvrt", "name": "Krimeja", "jls_name": "Rijeka", "jls_maticni_broj": "03735", "zupanija": "Primorsko-goranska", "area_km2": 0.1897, "stanovnistvo": null, "palette_idx": 0, "source": "OSM boundary=administrative admin_level=9 (ODbL)"}}, {"type": "Feature", "id": 16, "geometry": {"type": "MultiPolygon", "coordinates": [[[[14.440018, 45.326208], [14.440224, 45.326477], [14.440421, 45.326408], [14.440791, 45.326869], [14.44121, 45.327535], [14.441754, 45.327345], [14.441817, 45.327325], [14.442644, 45.327047], [14.442824, 45.327297], [14.443429, 45.327068], [14.443127, 45.326628], [14.443419, 45.32644], [14.443971, 45.326046], [14.443994, 45.326071], [14.44425, 45.326044], [14.444223, 45.325879], [14.444134, 45.325753], [14.444728, 45.325752], [14.445505, 45.325845], [14.445568, 45.325936], [14.445767, 45.326028], [14.445957, 45.325823], [14.446219, 45.325972], [14.446799, 45.326443], [14.447229, 45.326815], [14.447508, 45.327079], [14.44802, 45.32678], [14.446819, 45.32553], [14.446145, 45.32461], [14.445661, 45.324083], [14.445599, 45.32401], [14.444656, 45.322891], [14.444289, 45.32278], [14.442679, 45.321234], [14.438795, 45.321866], [14.438754, 45.321841], [14.438663, 45.32185], [14.438557, 45.321839], [14.438424, 45.321813], [14.438244, 45.321783], [14.438164, 45.321745], [14.438053, 45.321726], [14.437909, 45.321675], [14.437774, 45.321641], [14.437727, 45.321671], [14.437699, 45.321674], [14.437645, 45.321694], [14.437654, 45.321717], [14.437694, 45.321761], [14.437724, 45.321749], [14.437722, 45.321725], [14.437741, 45.321712], [14.437794, 45.321722], [14.437817, 45.321703], [14.437901, 45.321728], [14.437889, 45.321764], [14.437873, 45.321784], [14.437906, 45.321793], [14.437934, 45.321825], [14.438023, 45.321873], [14.438287, 45.321936], [14.438322, 45.321923], [14.438429, 45.321941], [14.438426, 45.321977], [14.43844, 45.321992], [14.438485, 45.322007], [14.438633, 45.322039], [14.438646, 45.322152], [14.438707, 45.322616], [14.438834, 45.322609], [14.438829, 45.322569], [14.438821, 45.322513], [14.438815, 45.322472], [14.438809, 45.322431], [14.438796, 45.322332], [14.438784, 45.322246], [14.438768, 45.322132], [14.438759, 45.322069], [14.438928, 45.322042], [14.439255, 45.321989], [14.439706, 45.321915], [14.44024, 45.321828], [14.440593, 45.321771], [14.440902, 45.32172], [14.441209, 45.32167], [14.44152, 45.32162], [14.442004, 45.321541], [14.442421, 45.321473], [14.442661, 45.321434], [14.442733, 45.321428], [14.442759, 45.321438], [14.442931, 45.321612], [14.442938, 45.321628], [14.442926, 45.321641], [14.442671, 45.32172], [14.441746, 45.322005], [14.441735, 45.322021], [14.44174, 45.322036], [14.441968, 45.322218], [14.442001, 45.322226], [14.442053, 45.322217], [14.442058, 45.322216], [14.443282, 45.321924], [14.443687, 45.322308], [14.444076, 45.322678], [14.444354, 45.322933], [14.444185, 45.323013], [14.444176, 45.323009], [14.444164, 45.323009], [14.444147, 45.323014], [14.443704, 45.323193], [14.44316, 45.322857], [14.440732, 45.323443], [14.440663, 45.32346], [14.44039, 45.323525], [14.440309, 45.323556], [14.440293, 45.323567], [14.440244, 45.323602], [14.440196, 45.323653], [14.440133, 45.323747], [14.440081, 45.323852], [14.44016, 45.323854], [14.440157, 45.323884], [14.440155, 45.323913], [14.440152, 45.323945], [14.44015, 45.323985], [14.440434, 45.323995], [14.440558, 45.324016], [14.440599, 45.324026], [14.44069, 45.324139], [14.44074, 45.3242], [14.440881, 45.324379], [14.441302, 45.324911], [14.441533, 45.325203], [14.441784, 45.32552], [14.441634, 45.325578], [14.441063, 45.325798], [14.440903, 45.325588], [14.440877, 45.325573], [14.44084, 45.32557], [14.43972, 45.325632], [14.439655, 45.325634], [14.439647, 45.325641], [14.439629, 45.325654], [14.439618, 45.325676], [14.439637, 45.325709], [14.440018, 45.326208]]], [[[14.423657, 45.326945], [14.425519, 45.326743], [14.431196, 45.324803], [14.431404, 45.324733], [14.431662, 45.324658], [14.431966, 45.324584], [14.432089, 45.324568], [14.433411, 45.324475], [14.436299, 45.324255], [14.43825, 45.324119], [14.438257, 45.32416], [14.439148, 45.324096], [14.439159, 45.324182], [14.439169, 45.324226], [14.43918, 45.324236], [14.439203, 45.324238], [14.439537, 45.324208], [14.43967, 45.324084], [14.439746, 45.323976], [14.439758, 45.323936], [14.439768, 45.323902], [14.439769, 45.323876], [14.439772, 45.323842], [14.439825, 45.323844], [14.439943, 45.323662], [14.439956, 45.32364], [14.439956, 45.32362], [14.439949, 45.323607], [14.439932, 45.323594], [14.439909, 45.32359], [14.439883, 45.323592], [14.439516, 45.323627], [14.439274, 45.323647], [14.438999, 45.323665], [14.438922, 45.323123], [14.438916, 45.323083], [14.438792, 45.323088], [14.438797, 45.323129], [14.438785, 45.323133], [14.43875, 45.323145], [14.438718, 45.323168], [14.438703, 45.323237], [14.438708, 45.323326], [14.438684, 45.323349], [14.438682, 45.323404], [14.438689, 45.323518], [14.438703, 45.323641], [14.438691, 45.323685], [14.43862, 45.323741], [14.438503, 45.323787], [14.438239, 45.323839], [14.43798, 45.323888], [14.437885, 45.323891], [14.437822, 45.323901], [14.437756, 45.323924], [14.437608, 45.323957], [14.437385, 45.323981], [14.437211, 45.323981], [14.437105, 45.323976], [14.43702, 45.324002], [14.436881, 45.324013], [14.43665, 45.324018], [14.436434, 45.324038], [14.436131, 45.324068], [14.435694, 45.324106], [14.435589, 45.324108], [14.435322, 45.324137], [14.43502, 45.324142], [14.434842, 45.324183], [14.434708, 45.324178], [14.434504, 45.324201], [14.434441, 45.324214], [14.434355, 45.324205], [14.434186, 45.324238], [14.434008, 45.324239], [14.433917, 45.324252], [14.433836, 45.324252], [14.43371, 45.324268], [14.433637, 45.324258], [14.433488, 45.324261], [14.433286, 45.324281], [14.433042, 45.324298], [14.432815, 45.324324], [14.432489, 45.32434], [14.432298, 45.324357], [14.432144, 45.324387], [14.432119, 45.324384], [14.431964, 45.324422], [14.431904, 45.324407], [14.431724, 45.324455], [14.431524, 45.324499], [14.431341, 45.32456], [14.431253, 45.324571], [14.431047, 45.324644], [14.430844, 45.324702], [14.430278, 45.324915], [14.430192, 45.324925], [14.430168, 45.324953], [14.429725, 45.325105], [14.429687, 45.325089], [14.429546, 45.325171], [14.429459, 45.325199], [14.429421, 45.325217], [14.429372, 45.325225], [14.429332, 45.32525], [14.429226, 45.325273], [14.429196, 45.325295], [14.429118, 45.325312], [14.429069, 45.325337], [14.429046, 45.325332], [14.428859, 45.325408], [14.428742, 45.325442], [14.428533, 45.325531], [14.42846, 45.325543], [14.428358, 45.325574], [14.428265, 45.32559], [14.428165, 45.32564], [14.427808, 45.325768], [14.42763, 45.32581], [14.427477, 45.325878], [14.427121, 45.325999], [14.426943, 45.326054], [14.426904, 45.326082], [14.426775, 45.326113], [14.42658, 45.32618], [14.426233, 45.326313], [14.426064, 45.326358], [14.426, 45.326387], [14.425873, 45.326416], [14.425715, 45.326488], [14.425457, 45.326559], [14.425318, 45.326586], [14.425179, 45.32661], [14.425031, 45.326626], [14.424893, 45.326614], [14.424703, 45.326666], [14.424657, 45.326655], [14.424563, 45.326661], [14.424509, 45.326685], [14.424362, 45.326698], [14.424083, 45.326718], [14.423929, 45.326753], [14.42381, 45.326739], [14.423673, 45.326758], [14.423507, 45.326772], [14.423317, 45.326798], [14.423252, 45.326799], [14.423136, 45.32682], [14.422967, 45.32685], [14.422783, 45.326831], [14.422562, 45.326883], [14.422403, 45.32692], [14.422269, 45.326906], [14.422028, 45.326919], [14.421755, 45.326978], [14.421564, 45.326988], [14.421247, 45.327023], [14.421076, 45.327048], [14.420987, 45.327064], [14.420822, 45.327057], [14.420666, 45.327094], [14.420567, 45.327103], [14.42045, 45.327093], [14.420371, 45.327115], [14.420226, 45.327136], [14.42003, 45.327125], [14.419953, 45.327088], [14.419834, 45.327091], [14.419771, 45.327073], [14.419696, 45.327067], [14.419525, 45.327051], [14.419182, 45.327028], [14.419159, 45.327034], [14.419148, 45.32705], [14.419045, 45.327041], [14.419032, 45.327117], [14.420341, 45.327252], [14.423648, 45.326892], [14.423657, 45.326945]]]]}, "properties": {"id": 16, "razina": "cetvrt", "name": "Luka", "jls_name": "Rijeka", "jls_maticni_broj": "03735", "zupanija": "Primorsko-goranska", "area_km2": 0.2208, "stanovnistvo": null, "palette_idx": 2, "source": "OSM boundary=administrative admin_level=9 (ODbL)"}}, {"type": "Feature", "id": 17, "geometry": {"type": "Polygon", "coordinates": [[[14.408998, 45.334399], [14.4093, 45.336274], [14.409811, 45.336233], [14.409922, 45.336626], [14.410041, 45.336888], [14.412169, 45.336738], [14.412242, 45.336892], [14.413031, 45.337995], [14.412762, 45.338175], [14.412208, 45.338185], [14.412058, 45.338252], [14.412028, 45.338329], [14.412313, 45.338331], [14.412559, 45.338378], [14.412635, 45.33841], [14.412719, 45.339342], [14.412711, 45.340058], [14.412896, 45.340055], [14.413103, 45.340031], [14.41341, 45.339952], [14.414315, 45.339627], [14.415481, 45.339178], [14.416641, 45.338713], [14.417661, 45.338406], [14.418407, 45.338241], [14.419084, 45.33815], [14.420031, 45.338096], [14.42078, 45.338074], [14.421181, 45.338017], [14.421727, 45.337876], [14.423446, 45.337351], [14.423187, 45.336915], [14.423402, 45.336789], [14.423445, 45.336829], [14.423973, 45.336495], [14.423745, 45.336342], [14.424185, 45.336058], [14.424338, 45.33615], [14.424595, 45.336005], [14.424322, 45.335745], [14.424579, 45.335718], [14.424858, 45.335635], [14.425282, 45.33542], [14.425698, 45.335166], [14.425982, 45.335011], [14.426476, 45.334679], [14.426398, 45.334519], [14.425974, 45.333965], [14.426103, 45.333933], [14.425978, 45.333652], [14.425846, 45.33325], [14.425732, 45.3331], [14.425142, 45.332559], [14.424883, 45.332227], [14.42517, 45.332005], [14.42472, 45.331739], [14.424376, 45.33112], [14.424042, 45.330344], [14.422119, 45.330711], [14.4218, 45.329912], [14.421553, 45.32928], [14.416824, 45.330657], [14.417232, 45.331367], [14.417461, 45.33175], [14.414167, 45.332719], [14.413974, 45.332776], [14.413714, 45.332852], [14.413638, 45.332744], [14.413504, 45.33278], [14.413387, 45.33262], [14.413362, 45.332619], [14.413288, 45.332567], [14.413184, 45.332537], [14.413041, 45.332522], [14.412848, 45.332562], [14.412681, 45.332599], [14.412402, 45.332635], [14.412314, 45.332684], [14.412034, 45.332745], [14.411897, 45.332758], [14.41174, 45.332796], [14.411617, 45.332816], [14.411436, 45.332846], [14.411333, 45.332892], [14.411206, 45.332923], [14.411133, 45.332932], [14.411029, 45.332918], [14.410881, 45.33293], [14.410696, 45.33296], [14.410617, 45.332951], [14.410487, 45.332966], [14.410395, 45.332997], [14.410259, 45.332985], [14.410199, 45.333032], [14.410208, 45.333086], [14.410247, 45.333104], [14.410317, 45.333059], [14.410401, 45.333048], [14.410471, 45.333009], [14.410554, 45.332998], [14.410622, 45.333022], [14.410784, 45.33301], [14.410947, 45.332992], [14.411162, 45.333022], [14.411175, 45.333065], [14.41136, 45.333033], [14.411519, 45.332923], [14.411789, 45.332934], [14.412221, 45.332845], [14.412689, 45.33278], [14.413118, 45.332691], [14.413189, 45.332705], [14.413267, 45.332757], [14.413326, 45.332843], [14.413695, 45.333374], [14.411551, 45.334112], [14.411374, 45.333866], [14.411477, 45.33384], [14.411373, 45.3337], [14.411265, 45.333702], [14.411198, 45.333651], [14.410889, 45.333881], [14.410699, 45.333984], [14.410648, 45.334006], [14.410585, 45.334005], [14.410528, 45.334023], [14.410417, 45.334104], [14.41027, 45.334169], [14.409638, 45.334266], [14.409668, 45.334322], [14.408998, 45.334399]]]}, "properties": {"id": 17, "razina": "cetvrt", "name": "Mlaka", "jls_name": "Rijeka", "jls_maticni_broj": "03735", "zupanija": "Primorsko-goranska", "area_km2": 0.8734, "stanovnistvo": null, "palette_idx": 0, "source": "OSM boundary=administrative admin_level=9 (ODbL)"}}, {"type": "Feature", "id": 18, "geometry": {"type": "Polygon", "coordinates": [[[14.455552, 45.349577], [14.455285, 45.349242], [14.45513, 45.348965], [14.455101, 45.3487], [14.4552, 45.348492], [14.455849, 45.348252], [14.45597, 45.347952], [14.45623, 45.347737], [14.462179, 45.346928], [14.464803, 45.346747], [14.466959, 45.346407], [14.4698, 45.346273], [14.474417, 45.345094], [14.474546, 45.344642], [14.474566, 45.3446], [14.474615, 45.344525], [14.474734, 45.344431], [14.474794, 45.344414], [14.474894, 45.344315], [14.475024, 45.344349], [14.475077, 45.344361], [14.475104, 45.344358], [14.47522, 45.34434], [14.475483, 45.344448], [14.475732, 45.34453], [14.475889, 45.344583], [14.476282, 45.344713], [14.476374, 45.344626], [14.476409, 45.344587], [14.476329, 45.344536], [14.476121, 45.344462], [14.476006, 45.344356], [14.475898, 45.344235], [14.475884, 45.344218], [14.475865, 45.344111], [14.475842, 45.344048], [14.475824, 45.343998], [14.475785, 45.343892], [14.475745, 45.343806], [14.475866, 45.343687], [14.475988, 45.343528], [14.476087, 45.343371], [14.476205, 45.343311], [14.476299, 45.343173], [14.477177, 45.34201], [14.478765, 45.341802], [14.481004, 45.340927], [14.48104, 45.340913], [14.481338, 45.340671], [14.481395, 45.340625], [14.481408, 45.340614], [14.481866, 45.340396], [14.482258, 45.340029], [14.482344, 45.339952], [14.482442, 45.339877], [14.482734, 45.339707], [14.482805, 45.339666], [14.482799, 45.339549], [14.48291, 45.339343], [14.482917, 45.339233], [14.482876, 45.339164], [14.482722, 45.339036], [14.483379, 45.337802], [14.4841, 45.336501], [14.484459, 45.335891], [14.485238, 45.334565], [14.484479, 45.3341], [14.483631, 45.333573], [14.482841, 45.333659], [14.482323, 45.3335], [14.482778, 45.333075], [14.48239, 45.33291], [14.481772, 45.332768], [14.481853, 45.332634], [14.481159, 45.332447], [14.480987, 45.332609], [14.47981, 45.332222], [14.480081, 45.332016], [14.479124, 45.331648], [14.47855, 45.331025], [14.477959, 45.331012], [14.4767, 45.33057], [14.476585, 45.330247], [14.475941, 45.330176], [14.475769, 45.330081], [14.475743, 45.329705], [14.47598, 45.329228], [14.476166, 45.328766], [14.476458, 45.32825], [14.476375, 45.328227], [14.475873, 45.328489], [14.475812, 45.328444], [14.475833, 45.328369], [14.476441, 45.327754], [14.476093, 45.327869], [14.475801, 45.328018], [14.475556, 45.328198], [14.475304, 45.328388], [14.475127, 45.328724], [14.47502, 45.329201], [14.47491, 45.329446], [14.474618, 45.329765], [14.474459, 45.329991], [14.47432, 45.330466], [14.474052, 45.330853], [14.47381, 45.331309], [14.473746, 45.331771], [14.473687, 45.33221], [14.473601, 45.33244], [14.473234, 45.332978], [14.472809, 45.33353], [14.472399, 45.333416], [14.471767, 45.334033], [14.470826, 45.334641], [14.470515, 45.334758], [14.468528, 45.33551], [14.467428, 45.335814], [14.466305, 45.336033], [14.465485, 45.336076], [14.464525, 45.335977], [14.463656, 45.335709], [14.463313, 45.335664], [14.463098, 45.335686], [14.462819, 45.335701], [14.462025, 45.335509], [14.461553, 45.335317], [14.461128, 45.335231], [14.460768, 45.335191], [14.460548, 45.335146], [14.460313, 45.335053], [14.460096, 45.334919], [14.459933, 45.334866], [14.459653, 45.334837], [14.459421, 45.334789], [14.459191, 45.334707], [14.458954, 45.334623], [14.458686, 45.334498], [14.458516, 45.334445], [14.458271, 45.334445], [14.458135, 45.334452], [14.458026, 45.334393], [14.457857, 45.334192], [14.457798, 45.33394], [14.457792, 45.333524], [14.456949, 45.334364], [14.457206, 45.33478], [14.457373, 45.334977], [14.457629, 45.335101], [14.457988, 45.33517], [14.458398, 45.335208], [14.458587, 45.335264], [14.459373, 45.33581], [14.459776, 45.335855], [14.460152, 45.335918], [14.460688, 45.336012], [14.461001, 45.335963], [14.461217, 45.335895], [14.461607, 45.336075], [14.461945, 45.336254], [14.462366, 45.336285], [14.463023, 45.336532], [14.461661, 45.337586], [14.460479, 45.340615], [14.456254, 45.343737], [14.454605, 45.345452], [14.453452, 45.34767], [14.453222, 45.349115], [14.4533, 45.350066], [14.453798, 45.349881], [14.454143, 45.349789], [14.454431, 45.34992], [14.454815, 45.35003], [14.455152, 45.349862], [14.455552, 45.349577]]]}, "properties": {"id": 18, "razina": "cetvrt", "name": "Orehovica", "jls_name": "Rijeka", "jls_maticni_broj": "03735", "zupanija": "Primorsko-goranska", "area_km2": 2.4976, "stanovnistvo": null, "palette_idx": 2, "source": "OSM boundary=administrative admin_level=9 (ODbL)"}}, {"type": "Feature", "id": 19, "geometry": {"type": "Polygon", "coordinates": [[[14.447515, 45.357982], [14.447737, 45.35802], [14.447819, 45.358032], [14.447821, 45.358033], [14.447829, 45.358064], [14.448012, 45.358132], [14.448014, 45.358133], [14.448139, 45.358138], [14.448161, 45.358138], [14.448251, 45.358206], [14.448252, 45.358207], [14.448372, 45.358247], [14.448513, 45.358354], [14.448513, 45.358354], [14.448567, 45.358427], [14.448602, 45.358473], [14.448651, 45.358476], [14.448768, 45.358405], [14.448769, 45.358404], [14.448953, 45.358433], [14.449008, 45.358458], [14.449067, 45.358486], [14.449131, 45.358492], [14.449268, 45.358506], [14.449565, 45.358608], [14.449639, 45.358567], [14.449667, 45.35857], [14.449725, 45.358577], [14.449892, 45.35864], [14.450321, 45.358635], [14.45056, 45.358632], [14.450614, 45.358629], [14.450615, 45.358629], [14.450717, 45.358661], [14.450716, 45.358703], [14.450819, 45.358755], [14.450987, 45.358811], [14.450987, 45.358811], [14.451025, 45.358785], [14.451028, 45.358786], [14.451254, 45.358871], [14.451481, 45.358934], [14.451482, 45.358934], [14.451482, 45.358934], [14.45175, 45.358999], [14.45179, 45.359028], [14.451805, 45.359038], [14.451939, 45.359046], [14.452026, 45.359052], [14.452059, 45.359054], [14.45208, 45.359055], [14.452091, 45.359089], [14.452157, 45.359077], [14.452533, 45.35901], [14.452653, 45.358989], [14.452777, 45.358967], [14.452857, 45.358953], [14.452955, 45.359012], [14.452934, 45.359076], [14.45292, 45.359119], [14.452919, 45.35912], [14.452829, 45.359251], [14.452786, 45.359299], [14.452776, 45.359307], [14.452708, 45.359379], [14.452613, 45.359476], [14.452564, 45.359535], [14.452558, 45.359542], [14.452534, 45.359567], [14.452646, 45.359712], [14.452663, 45.359734], [14.452663, 45.359735], [14.452734, 45.359868], [14.452669, 45.359903], [14.452723, 45.359957], [14.452785, 45.360019], [14.452814, 45.360048], [14.452991, 45.360211], [14.453008, 45.360226], [14.453189, 45.360448], [14.453432, 45.360753], [14.453433, 45.360753], [14.453466, 45.360777], [14.453564, 45.360847], [14.453565, 45.360846], [14.453593, 45.360837], [14.453609, 45.360833], [14.453609, 45.360832], [14.453642, 45.360876], [14.453654, 45.360892], [14.453624, 45.360904], [14.453623, 45.360905], [14.453691, 45.361001], [14.453782, 45.361115], [14.454028, 45.361277], [14.454235, 45.361341], [14.454292, 45.361359], [14.45461, 45.361451], [14.454613, 45.361452], [14.454685, 45.36132], [14.454841, 45.361261], [14.454844, 45.36126], [14.454865, 45.361302], [14.454922, 45.361294], [14.455027, 45.361279], [14.455177, 45.361204], [14.455288, 45.361158], [14.455462, 45.361136], [14.45573, 45.361167], [14.455766, 45.361178], [14.455875, 45.361229], [14.456122, 45.361332], [14.45635, 45.361334], [14.456581, 45.361299], [14.456653, 45.361268], [14.45668, 45.361256], [14.45677, 45.361218], [14.456851, 45.361113], [14.456964, 45.361006], [14.457065, 45.360911], [14.457097, 45.360876], [14.45713, 45.360841], [14.457142, 45.360828], [14.45724, 45.360703], [14.457349, 45.360612], [14.457397, 45.360572], [14.457461, 45.360499], [14.457482, 45.360475], [14.45755, 45.360397], [14.457609, 45.360329], [14.457721, 45.360306], [14.457918, 45.360124], [14.458007, 45.360042], [14.458288, 45.359919], [14.458484, 45.359805], [14.458625, 45.359683], [14.45875, 45.359536], [14.458905, 45.359431], [14.458948, 45.359344], [14.459057, 45.359326], [14.459057, 45.359326], [14.459174, 45.35916], [14.459175, 45.359158], [14.459365, 45.358971], [14.459426, 45.358886], [14.459441, 45.358881], [14.459786, 45.358779], [14.459864, 45.358719], [14.460519, 45.358577], [14.460703, 45.358418], [14.460883, 45.358261], [14.461049, 45.35814], [14.461208, 45.357886], [14.461309, 45.357813], [14.461397, 45.357712], [14.461492, 45.357523], [14.461581, 45.357326], [14.461654, 45.357166], [14.461651, 45.357165], [14.461492, 45.357079], [14.461295, 45.356926], [14.46113, 45.356863], [14.460778, 45.356731], [14.460631, 45.356604], [14.46066, 45.35589], [14.460773, 45.355179], [14.460846, 45.354929], [14.461569, 45.354222], [14.461931, 45.352273], [14.461897, 45.35163], [14.461769, 45.350955], [14.461617, 45.349592], [14.462179, 45.346928], [14.45623, 45.347737], [14.45597, 45.347952], [14.455849, 45.348252], [14.4552, 45.348492], [14.455101, 45.3487], [14.45513, 45.348965], [14.455285, 45.349242], [14.455552, 45.349577], [14.455982, 45.350222], [14.456388, 45.350425], [14.45681, 45.35051], [14.456988, 45.350676], [14.457026, 45.351169], [14.456982, 45.351483], [14.457186, 45.351676], [14.457122, 45.351833], [14.456924, 45.35186], [14.456318, 45.351846], [14.456069, 45.351895], [14.455457, 45.352294], [14.454813, 45.352635], [14.453786, 45.353052], [14.452873, 45.353276], [14.452306, 45.353608], [14.451314, 45.353826], [14.450953, 45.354073], [14.450728, 45.35409], [14.450274, 45.354005], [14.450035, 45.353998], [14.449829, 45.354094], [14.449601, 45.354276], [14.449301, 45.354699], [14.448954, 45.355434], [14.448277, 45.356508], [14.447813, 45.357028], [14.447515, 45.357982]]]}, "properties": {"id": 19, "razina": "cetvrt", "name": "Pašac", "jls_name": "Rijeka", "jls_maticni_broj": "03735", "zupanija": "Primorsko-goranska", "area_km2": 0.9927, "stanovnistvo": null, "palette_idx": 0, "source": "OSM boundary=administrative admin_level=9 (ODbL)"}}, {"type": "Feature", "id": 20, "geometry": {"type": "Polygon", "coordinates": [[[14.389694, 45.358389], [14.389789, 45.358382], [14.3899, 45.358379], [14.390127, 45.358358], [14.39028, 45.358363], [14.390315, 45.358357], [14.390358, 45.358328], [14.39047, 45.358282], [14.390647, 45.35822], [14.390675, 45.358215], [14.390682, 45.358246], [14.390697, 45.358291], [14.390837, 45.358519], [14.390866, 45.358627], [14.390919, 45.358693], [14.390892, 45.358714], [14.390972, 45.358786], [14.39106, 45.358853], [14.391112, 45.358901], [14.39122, 45.359012], [14.39139, 45.359134], [14.391399, 45.359144], [14.391488, 45.3592], [14.391557, 45.359228], [14.391646, 45.359257], [14.391702, 45.359272], [14.3918, 45.359299], [14.391973, 45.359328], [14.392108, 45.35936], [14.39211, 45.359327], [14.392188, 45.359333], [14.392208, 45.359336], [14.392229, 45.359341], [14.392256, 45.35935], [14.392279, 45.359359], [14.392329, 45.359385], [14.392398, 45.359432], [14.392454, 45.359502], [14.392515, 45.359559], [14.392539, 45.359588], [14.392565, 45.359621], [14.392686, 45.35976], [14.392751, 45.35982], [14.392831, 45.359884], [14.392884, 45.359928], [14.393002, 45.360026], [14.393007, 45.36008], [14.393094, 45.360182], [14.393218, 45.360368], [14.393219, 45.360376], [14.393217, 45.360382], [14.393212, 45.360386], [14.3932, 45.36039], [14.393274, 45.360397], [14.393327, 45.360405], [14.393426, 45.360431], [14.393596, 45.360467], [14.393669, 45.36048], [14.393832, 45.360495], [14.393975, 45.360498], [14.394455, 45.360513], [14.394514, 45.360516], [14.394498, 45.360527], [14.394651, 45.360508], [14.394747, 45.360471], [14.394776, 45.360458], [14.394953, 45.360388], [14.395076, 45.360327], [14.395115, 45.360304], [14.395223, 45.360242], [14.3953, 45.360318], [14.395443, 45.360472], [14.395541, 45.360576], [14.395569, 45.36063], [14.395847, 45.360703], [14.39586, 45.360706], [14.395871, 45.360711], [14.395883, 45.360719], [14.395892, 45.360731], [14.395895, 45.360745], [14.395929, 45.360763], [14.395962, 45.36078], [14.395986, 45.360782], [14.396003, 45.360787], [14.39615, 45.360956], [14.396102, 45.360993], [14.396231, 45.361074], [14.396277, 45.361117], [14.396357, 45.361088], [14.396448, 45.361118], [14.39651, 45.361125], [14.396543, 45.361128], [14.396695, 45.361129], [14.396929, 45.361116], [14.397143, 45.361102], [14.397297, 45.3611], [14.397442, 45.361103], [14.397459, 45.361112], [14.397569, 45.361142], [14.397631, 45.361164], [14.397658, 45.361171], [14.397719, 45.361191], [14.397767, 45.36122], [14.397838, 45.361252], [14.397967, 45.361309], [14.398037, 45.361341], [14.398114, 45.361399], [14.398323, 45.361432], [14.39838, 45.361442], [14.398414, 45.361446], [14.398435, 45.36145], [14.398454, 45.361455], [14.398472, 45.361462], [14.398501, 45.361473], [14.398602, 45.361515], [14.398654, 45.3615], [14.398704, 45.361526], [14.398724, 45.361539], [14.3988, 45.361581], [14.398855, 45.361614], [14.398914, 45.361652], [14.398955, 45.361674], [14.399047, 45.361726], [14.399121, 45.361776], [14.399161, 45.361809], [14.39923, 45.361858], [14.399297, 45.361891], [14.399444, 45.361965], [14.399515, 45.361983], [14.399582, 45.361977], [14.399608, 45.361997], [14.399631, 45.362013], [14.399684, 45.361994], [14.399923, 45.361928], [14.400267, 45.361835], [14.400488, 45.361724], [14.400572, 45.361684], [14.40063, 45.361655], [14.40099, 45.361486], [14.401331, 45.361397], [14.401442, 45.361364], [14.401585, 45.361332], [14.401635, 45.361325], [14.401713, 45.361302], [14.401805, 45.361274], [14.401825, 45.361267], [14.401913, 45.361242], [14.402087, 45.361204], [14.402239, 45.361168], [14.402288, 45.361158], [14.402393, 45.361136], [14.402439, 45.361126], [14.402565, 45.361132], [14.402821, 45.361126], [14.402881, 45.36115], [14.402941, 45.361144], [14.402938, 45.36112], [14.403344, 45.36118], [14.403309, 45.361284], [14.403302, 45.361313], [14.403252, 45.361386], [14.403229, 45.361408], [14.403203, 45.36145], [14.403158, 45.361471], [14.40309, 45.361486], [14.403047, 45.361493], [14.403015, 45.361496], [14.402972, 45.361524], [14.402959, 45.361567], [14.402924, 45.361726], [14.40285, 45.361793], [14.402836, 45.361814], [14.402842, 45.36184], [14.402986, 45.36193], [14.403022, 45.361974], [14.403043, 45.362006], [14.403053, 45.36204], [14.403036, 45.362083], [14.403035, 45.362104], [14.403052, 45.362121], [14.403088, 45.362119], [14.403109, 45.362105], [14.403092, 45.362056], [14.403121, 45.362041], [14.403169, 45.362028], [14.403216, 45.362017], [14.403289, 45.362017], [14.403455, 45.362068], [14.403196, 45.362148], [14.403473, 45.362505], [14.403556, 45.362587], [14.403591, 45.36267], [14.406403, 45.359699], [14.406505, 45.359372], [14.40676, 45.359058], [14.408004, 45.357602], [14.408451, 45.357445], [14.40831, 45.357135], [14.411277, 45.354567], [14.412323, 45.353231], [14.413044, 45.352146], [14.413446, 45.352182], [14.413694, 45.351361], [14.413873, 45.350702], [14.414811, 45.350088], [14.415698, 45.349371], [14.416355, 45.348734], [14.416788, 45.348201], [14.417707, 45.346649], [14.417753, 45.346305], [14.417712, 45.346202], [14.417626, 45.346125], [14.417495, 45.346069], [14.417367, 45.345962], [14.41724, 45.345711], [14.417061, 45.345738], [14.416678, 45.345886], [14.416327, 45.346054], [14.416142, 45.346148], [14.416002, 45.346177], [14.415808, 45.346204], [14.415741, 45.346289], [14.415581, 45.346428], [14.415415, 45.346527], [14.415262, 45.34659], [14.414493, 45.346767], [14.41397, 45.346919], [14.413658, 45.346995], [14.413253, 45.347166], [14.413074, 45.347213], [14.412809, 45.347235], [14.412592, 45.347208], [14.412427, 45.347107], [14.412251, 45.347018], [14.412092, 45.347004], [14.410711, 45.347211], [14.410631, 45.346845], [14.410605, 45.346607], [14.409967, 45.346855], [14.409318, 45.347048], [14.408835, 45.347123], [14.408668, 45.347119], [14.408492, 45.347089], [14.408196, 45.346972], [14.407663, 45.346798], [14.407436, 45.346666], [14.407258, 45.346621], [14.407, 45.34661], [14.40689, 45.346551], [14.406731, 45.346213], [14.406651, 45.346061], [14.406886, 45.346055], [14.406297, 45.34542], [14.405643, 45.344406], [14.405455, 45.343936], [14.405402, 45.343391], [14.403837, 45.343525], [14.402096, 45.343646], [14.401122, 45.343763], [14.400386, 45.34389], [14.399931, 45.343991], [14.399299, 45.344169], [14.398271, 45.344511], [14.396953, 45.34499], [14.396859, 45.345856], [14.396818, 45.346005], [14.396778, 45.346131], [14.396935, 45.34641], [14.397048, 45.346541], [14.398093, 45.3471], [14.398728, 45.347513], [14.398425, 45.347831], [14.39825, 45.348268], [14.398228, 45.348652], [14.398262, 45.349089], [14.398525, 45.349855], [14.398696, 45.350557], [14.398696, 45.350791], [14.398618, 45.351228], [14.398498, 45.351479], [14.39834, 45.351739], [14.398179, 45.351895], [14.397905, 45.351797], [14.397291, 45.351756], [14.397056, 45.351769], [14.396765, 45.351808], [14.39611, 45.351993], [14.396226, 45.352202], [14.396159, 45.352442], [14.39614, 45.35257], [14.396153, 45.352674], [14.396204, 45.352806], [14.396347, 45.352922], [14.395801, 45.35328], [14.394462, 45.353803], [14.393063, 45.354421], [14.392608, 45.354633], [14.391813, 45.355217], [14.390931, 45.356432], [14.390761, 45.356738], [14.390418, 45.357679], [14.389512, 45.358176], [14.389357, 45.358332], [14.389347, 45.358413], [14.389694, 45.358389]]]}, "properties": {"id": 20, "razina": "cetvrt", "name": "Pehlin", "jls_name": "Rijeka", "jls_maticni_broj": "03735", "zupanija": "Primorsko-goranska", "area_km2": 2.3346, "stanovnistvo": null, "palette_idx": 0, "source": "OSM boundary=administrative admin_level=9 (ODbL)"}}, {"type": "Feature", "id": 21, "geometry": {"type": "Polygon", "coordinates": [[[14.456318, 45.323919], [14.457005, 45.323586], [14.457814, 45.323205], [14.458527, 45.322895], [14.459781, 45.322399], [14.460744, 45.322004], [14.462088, 45.321474], [14.463925, 45.32075], [14.464655, 45.320471], [14.465517, 45.320114], [14.466293, 45.319759], [14.469374, 45.318282], [14.470962, 45.317505], [14.471397, 45.317311], [14.471735, 45.317205], [14.472287, 45.317079], [14.472628, 45.317045], [14.473025, 45.317041], [14.473242, 45.317049], [14.473591, 45.317071], [14.474157, 45.317147], [14.475072, 45.317269], [14.475124, 45.317217], [14.475327, 45.317125], [14.475668, 45.317008], [14.475981, 45.316676], [14.475988, 45.316584], [14.475864, 45.316535], [14.475808, 45.316492], [14.475769, 45.316424], [14.475765, 45.316269], [14.475732, 45.316221], [14.475712, 45.31616], [14.4757, 45.316095], [14.475716, 45.31605], [14.475747, 45.315967], [14.47585, 45.315775], [14.475899, 45.315664], [14.475985, 45.315516], [14.476112, 45.315274], [14.476294, 45.314997], [14.476472, 45.314736], [14.476673, 45.314364], [14.476696, 45.314262], [14.476725, 45.314154], [14.476672, 45.314006], [14.476525, 45.313745], [14.476284, 45.31358], [14.476157, 45.313523], [14.475917, 45.313463], [14.475614, 45.313408], [14.475763, 45.313039], [14.475872, 45.312621], [14.475778, 45.312608], [14.475571, 45.312513], [14.47547, 45.312465], [14.475421, 45.312423], [14.475353, 45.312377], [14.475497, 45.312227], [14.475434, 45.31221], [14.475385, 45.312216], [14.475385, 45.312165], [14.475327, 45.312122], [14.475283, 45.312119], [14.475197, 45.312117], [14.475161, 45.312102], [14.475153, 45.31206], [14.475129, 45.312027], [14.475051, 45.311967], [14.474791, 45.311837], [14.474489, 45.311666], [14.474441, 45.311666], [14.474372, 45.311695], [14.474259, 45.311708], [14.474171, 45.311722], [14.474119, 45.311743], [14.474111, 45.311793], [14.474265, 45.311796], [14.474457, 45.311757], [14.474584, 45.311819], [14.475058, 45.312067], [14.475046, 45.312074], [14.47499, 45.312074], [14.474949, 45.312086], [14.474868, 45.312126], [14.474806, 45.312223], [14.474632, 45.312366], [14.474434, 45.312246], [14.47426, 45.312136], [14.474424, 45.31198], [14.47445, 45.311846], [14.474421, 45.311839], [14.474372, 45.31185], [14.474335, 45.311881], [14.474288, 45.311884], [14.474218, 45.311884], [14.474189, 45.311917], [14.474163, 45.311943], [14.474114, 45.311969], [14.474075, 45.311978], [14.474039, 45.31202], [14.474012, 45.312027], [14.473963, 45.312036], [14.473882, 45.312042], [14.473828, 45.312064], [14.473757, 45.312102], [14.473708, 45.312148], [14.473698, 45.31213], [14.473691, 45.31212], [14.473645, 45.31206], [14.473592, 45.312078], [14.473637, 45.312139], [14.473618, 45.31215], [14.47353, 45.312153], [14.473497, 45.312119], [14.473462, 45.312114], [14.473427, 45.312129], [14.473461, 45.312162], [14.47344, 45.312183], [14.473452, 45.312227], [14.473339, 45.312279], [14.473254, 45.312321], [14.473208, 45.312295], [14.473156, 45.312281], [14.473118, 45.312293], [14.473103, 45.312331], [14.473131, 45.312343], [14.47307, 45.312356], [14.473039, 45.312351], [14.473027, 45.31234], [14.473017, 45.312333], [14.473003, 45.312327], [14.472983, 45.312325], [14.472966, 45.312329], [14.472955, 45.31234], [14.472949, 45.312351], [14.472847, 45.312392], [14.472794, 45.312415], [14.472689, 45.312437], [14.472665, 45.312432], [14.472604, 45.312408], [14.472586, 45.312404], [14.472569, 45.3124], [14.472522, 45.312402], [14.472475, 45.312413], [14.472488, 45.312513], [14.472395, 45.312519], [14.472408, 45.312599], [14.472326, 45.312691], [14.472213, 45.312754], [14.472228, 45.312784], [14.47217, 45.312815], [14.472119, 45.312778], [14.472034, 45.312812], [14.471966, 45.312785], [14.471943, 45.31281], [14.471961, 45.312874], [14.471923, 45.312954], [14.471863, 45.313009], [14.471743, 45.313106], [14.471652, 45.313091], [14.471576, 45.313127], [14.471525, 45.313139], [14.471467, 45.31317], [14.471462, 45.313254], [14.471518, 45.313319], [14.471514, 45.313349], [14.471311, 45.313493], [14.471287, 45.31349], [14.471265, 45.313483], [14.471246, 45.313458], [14.471229, 45.313441], [14.471191, 45.313449], [14.471196, 45.313464], [14.471213, 45.313473], [14.471224, 45.313517], [14.471191, 45.313533], [14.471127, 45.313552], [14.471093, 45.313553], [14.471089, 45.31353], [14.471071, 45.313492], [14.471044, 45.313462], [14.47102, 45.313485], [14.471018, 45.313525], [14.470988, 45.313562], [14.47097, 45.313605], [14.470752, 45.313669], [14.470701, 45.313653], [14.470659, 45.313658], [14.470668, 45.313604], [14.470512, 45.313626], [14.470294, 45.313696], [14.470109, 45.313771], [14.470062, 45.313775], [14.469973, 45.313871], [14.469989, 45.313887], [14.469764, 45.314084], [14.469755, 45.314222], [14.469798, 45.314225], [14.469802, 45.314097], [14.470013, 45.313914], [14.470103, 45.313876], [14.470151, 45.313838], [14.4702, 45.313839], [14.47023, 45.313857], [14.470232, 45.313884], [14.470265, 45.313881], [14.47026, 45.313854], [14.470379, 45.313757], [14.470733, 45.313686], [14.470815, 45.313714], [14.470815, 45.313732], [14.470772, 45.313784], [14.470777, 45.313884], [14.470624, 45.314046], [14.470534, 45.314042], [14.470417, 45.313928], [14.470361, 45.313893], [14.470267, 45.313919], [14.470269, 45.313935], [14.47026, 45.313976], [14.47024, 45.314025], [14.470156, 45.314036], [14.470114, 45.314045], [14.470054, 45.314103], [14.470051, 45.314182], [14.470029, 45.314246], [14.469967, 45.314338], [14.469945, 45.31435], [14.469895, 45.314346], [14.46986, 45.314313], [14.469833, 45.31432], [14.469826, 45.314363], [14.46986, 45.314383], [14.469926, 45.314387], [14.469924, 45.314443], [14.469907, 45.314463], [14.469942, 45.314484], [14.469989, 45.314523], [14.46988, 45.314599], [14.469777, 45.314631], [14.469764, 45.314611], [14.469735, 45.314616], [14.469702, 45.314646], [14.46968, 45.314637], [14.46949, 45.314754], [14.469486, 45.314788], [14.469521, 45.31478], [14.469497, 45.314835], [14.469464, 45.314877], [14.469488, 45.314878], [14.46953, 45.314878], [14.469526, 45.315056], [14.469497, 45.315211], [14.469419, 45.315379], [14.469323, 45.315476], [14.469226, 45.315556], [14.46907, 45.315637], [14.468918, 45.315706], [14.468803, 45.315734], [14.468696, 45.315759], [14.468637, 45.315761], [14.468596, 45.315762], [14.468544, 45.315789], [14.468482, 45.315789], [14.468467, 45.315759], [14.468418, 45.315748], [14.468329, 45.315748], [14.468304, 45.315735], [14.468289, 45.315789], [14.468273, 45.315823], [14.468224, 45.315832], [14.468166, 45.315832], [14.468064, 45.3158], [14.468003, 45.315756], [14.467992, 45.315698], [14.467974, 45.31568], [14.467917, 45.315679], [14.467854, 45.315718], [14.467799, 45.315741], [14.467761, 45.31574], [14.467699, 45.315711], [14.467536, 45.315709], [14.46752, 45.315766], [14.467511, 45.315859], [14.467422, 45.315882], [14.46734, 45.315932], [14.467313, 45.315946], [14.467225, 45.315966], [14.467149, 45.316029], [14.467051, 45.316154], [14.467019, 45.316264], [14.466962, 45.316269], [14.466977, 45.316289], [14.467133, 45.316273], [14.467153, 45.316294], [14.467135, 45.316311], [14.467115, 45.316313], [14.467048, 45.316363], [14.467028, 45.316357], [14.466979, 45.3164], [14.466991, 45.316436], [14.46695, 45.316486], [14.466895, 45.316501], [14.466879, 45.316543], [14.466906, 45.316552], [14.466886, 45.316594], [14.466839, 45.316668], [14.466846, 45.316684], [14.466837, 45.316718], [14.466801, 45.316755], [14.466786, 45.316791], [14.466764, 45.316804], [14.4667, 45.316841], [14.4666, 45.316871], [14.466283, 45.317122], [14.466251, 45.31722], [14.466213, 45.317339], [14.466118, 45.317794], [14.465397, 45.318036], [14.465321, 45.318049], [14.465282, 45.318052], [14.46522, 45.317966], [14.465077, 45.317952], [14.465093, 45.317991], [14.465135, 45.318027], [14.465099, 45.318055], [14.465113, 45.318083], [14.465017, 45.31813], [14.464858, 45.318223], [14.464862, 45.318288], [14.464782, 45.318263], [14.464751, 45.318338], [14.464814, 45.318458], [14.46462, 45.318563], [14.463934, 45.31882], [14.4636, 45.318756], [14.463204, 45.318905], [14.462601, 45.31948], [14.461934, 45.319639], [14.46169, 45.319802], [14.461648, 45.319878], [14.461535, 45.319921], [14.461508, 45.319884], [14.461376, 45.319789], [14.461338, 45.319802], [14.461462, 45.31992], [14.460879, 45.320215], [14.460865, 45.320278], [14.460833, 45.320308], [14.459892, 45.320329], [14.459542, 45.320247], [14.45917, 45.320301], [14.458954, 45.320395], [14.458603, 45.320412], [14.458133, 45.320411], [14.458897, 45.321192], [14.458999, 45.321403], [14.458631, 45.321369], [14.458354, 45.321596], [14.457895, 45.321816], [14.457629, 45.321976], [14.457348, 45.322175], [14.456848, 45.322609], [14.456446, 45.322921], [14.456212, 45.323073], [14.456077, 45.323126], [14.456194, 45.323299], [14.455975, 45.323388], [14.456066, 45.323472], [14.456202, 45.323408], [14.456318, 45.323504], [14.456148, 45.323598], [14.456318, 45.323919]]]}, "properties": {"id": 21, "razina": "cetvrt", "name": "Pećine", "jls_name": "Rijeka", "jls_maticni_broj": "03735", "zupanija": "Primorsko-goranska", "area_km2": 0.4966, "stanovnistvo": null, "palette_idx": 2, "source": "OSM boundary=administrative admin_level=9 (ODbL)"}}, {"type": "Feature", "id": 22, "geometry": {"type": "Polygon", "coordinates": [[[14.405402, 45.343391], [14.405455, 45.343936], [14.405643, 45.344406], [14.406297, 45.34542], [14.406886, 45.346055], [14.406651, 45.346061], [14.406731, 45.346213], [14.40689, 45.346551], [14.407, 45.34661], [14.407258, 45.346621], [14.407436, 45.346666], [14.407663, 45.346798], [14.408196, 45.346972], [14.408492, 45.347089], [14.408668, 45.347119], [14.408835, 45.347123], [14.409318, 45.347048], [14.409967, 45.346855], [14.410605, 45.346607], [14.410631, 45.346845], [14.410711, 45.347211], [14.412092, 45.347004], [14.412251, 45.347018], [14.412427, 45.347107], [14.412592, 45.347208], [14.412809, 45.347235], [14.413074, 45.347213], [14.413253, 45.347166], [14.413658, 45.346995], [14.41397, 45.346919], [14.414493, 45.346767], [14.415262, 45.34659], [14.415415, 45.346527], [14.415581, 45.346428], [14.415741, 45.346289], [14.415808, 45.346204], [14.416002, 45.346177], [14.416142, 45.346148], [14.416327, 45.346054], [14.416678, 45.345886], [14.417061, 45.345738], [14.41724, 45.345711], [14.417367, 45.345962], [14.417495, 45.346069], [14.417626, 45.346125], [14.417712, 45.346202], [14.417753, 45.346305], [14.417939, 45.346223], [14.418317, 45.346186], [14.418476, 45.346058], [14.418503, 45.345862], [14.418748, 45.346013], [14.418786, 45.346311], [14.418888, 45.346574], [14.419021, 45.346935], [14.41907, 45.347193], [14.419285, 45.3468], [14.419587, 45.346385], [14.419857, 45.345822], [14.419915, 45.345652], [14.419924, 45.345456], [14.419819, 45.345045], [14.419825, 45.344931], [14.419866, 45.344836], [14.419996, 45.344628], [14.420507, 45.344095], [14.420618, 45.343898], [14.420747, 45.343736], [14.420833, 45.343661], [14.420995, 45.343584], [14.421127, 45.343561], [14.421147, 45.343381], [14.421109, 45.343144], [14.420811, 45.343049], [14.4209, 45.34276], [14.420854, 45.342331], [14.42082, 45.341817], [14.421404, 45.341241], [14.421548, 45.341115], [14.421711, 45.340902], [14.421834, 45.340691], [14.421919, 45.340661], [14.421992, 45.340731], [14.422434, 45.341081], [14.422885, 45.340778], [14.423137, 45.340672], [14.423516, 45.340381], [14.423841, 45.340162], [14.42429, 45.339986], [14.424617, 45.339764], [14.424793, 45.339547], [14.425095, 45.338884], [14.424892, 45.338963], [14.424653, 45.338963], [14.424134, 45.338851], [14.42392, 45.338595], [14.423322, 45.337712], [14.423234, 45.337593], [14.423636, 45.337365], [14.423588, 45.337295], [14.423446, 45.337351], [14.421727, 45.337876], [14.421181, 45.338017], [14.42078, 45.338074], [14.420031, 45.338096], [14.419084, 45.33815], [14.418407, 45.338241], [14.417661, 45.338406], [14.416641, 45.338713], [14.415481, 45.339178], [14.414315, 45.339627], [14.41341, 45.339952], [14.413103, 45.340031], [14.412896, 45.340055], [14.412711, 45.340058], [14.41271, 45.34012], [14.412808, 45.34018], [14.412762, 45.340442], [14.412672, 45.340426], [14.412662, 45.340478], [14.412842, 45.34068], [14.413211, 45.340771], [14.413949, 45.340897], [14.414429, 45.34096], [14.414754, 45.340989], [14.414837, 45.341181], [14.414567, 45.341234], [14.414772, 45.341711], [14.414341, 45.342004], [14.414025, 45.342281], [14.413889, 45.342489], [14.413597, 45.343012], [14.413269, 45.343613], [14.412503, 45.343446], [14.412004, 45.343348], [14.411176, 45.34323], [14.410454, 45.343176], [14.409791, 45.343132], [14.409225, 45.343141], [14.408471, 45.343176], [14.405402, 45.343391]]]}, "properties": {"id": 22, "razina": "cetvrt", "name": "Podmurvice", "jls_name": "Rijeka", "jls_maticni_broj": "03735", "zupanija": "Primorsko-goranska", "area_km2": 0.7853, "stanovnistvo": null, "palette_idx": 1, "source": "OSM boundary=administrative admin_level=9 (ODbL)"}}, {"type": "Feature", "id": 23, "geometry": {"type": "Polygon", "coordinates": [[[14.466293, 45.319759], [14.466464, 45.319966], [14.466606, 45.319966], [14.466697, 45.320092], [14.466462, 45.32019], [14.46664, 45.320409], [14.466257, 45.320568], [14.466356, 45.32068], [14.466164, 45.320851], [14.466045, 45.321075], [14.465934, 45.321341], [14.465885, 45.321589], [14.466103, 45.321511], [14.466311, 45.321754], [14.46611, 45.321885], [14.46563, 45.321988], [14.465657, 45.322063], [14.465855, 45.322256], [14.465995, 45.322203], [14.466103, 45.32231], [14.4662, 45.322264], [14.466659, 45.322579], [14.466668, 45.322703], [14.467004, 45.32295], [14.467264, 45.323227], [14.467459, 45.323496], [14.467278, 45.323633], [14.468769, 45.324438], [14.470143, 45.324972], [14.471116, 45.324492], [14.471241, 45.324469], [14.470852, 45.323671], [14.471866, 45.323357], [14.472325, 45.323294], [14.472711, 45.323303], [14.473273, 45.32337], [14.473716, 45.323402], [14.474271, 45.323355], [14.474737, 45.323242], [14.475186, 45.32305], [14.476316, 45.322451], [14.477502, 45.321703], [14.47787, 45.321425], [14.478249, 45.321022], [14.478431, 45.320724], [14.478549, 45.320476], [14.478647, 45.320014], [14.478663, 45.319651], [14.478562, 45.319256], [14.478839, 45.319223], [14.479818, 45.319314], [14.480498, 45.319115], [14.480823, 45.319163], [14.481324, 45.319325], [14.481658, 45.31949], [14.481881, 45.319665], [14.482949, 45.319418], [14.483578, 45.319203], [14.483462, 45.319153], [14.483375, 45.319132], [14.483228, 45.319054], [14.483109, 45.319016], [14.483062, 45.319026], [14.483033, 45.319015], [14.482986, 45.319025], [14.482747, 45.319], [14.482488, 45.319002], [14.482442, 45.31903], [14.482391, 45.319004], [14.482283, 45.318879], [14.482277, 45.318808], [14.482309, 45.318715], [14.482352, 45.318678], [14.482365, 45.318625], [14.482423, 45.318473], [14.482422, 45.318447], [14.482379, 45.31842], [14.482326, 45.318352], [14.482224, 45.318278], [14.482175, 45.31823], [14.481988, 45.318102], [14.481829, 45.317957], [14.481813, 45.317947], [14.481781, 45.31789], [14.481869, 45.317808], [14.48187, 45.317717], [14.481898, 45.317586], [14.481903, 45.317498], [14.481905, 45.317467], [14.481817, 45.317404], [14.481817, 45.3174], [14.481817, 45.317392], [14.481816, 45.317383], [14.481815, 45.317382], [14.481799, 45.317357], [14.481785, 45.317312], [14.481744, 45.317311], [14.481743, 45.317325], [14.481717, 45.317324], [14.481717, 45.317319], [14.481523, 45.317313], [14.481523, 45.317302], [14.481282, 45.317284], [14.481322, 45.31717], [14.481343, 45.317134], [14.481367, 45.31711], [14.481317, 45.317065], [14.481032, 45.316858], [14.481085, 45.316813], [14.48101, 45.316814], [14.480832, 45.316639], [14.481002, 45.316554], [14.48102, 45.316571], [14.481054, 45.316553], [14.481155, 45.316502], [14.481122, 45.316462], [14.481119, 45.316459], [14.480973, 45.316325], [14.480718, 45.316078], [14.480657, 45.316024], [14.480562, 45.315957], [14.480478, 45.315914], [14.480284, 45.315827], [14.480234, 45.31581], [14.480198, 45.31581], [14.479859, 45.315634], [14.479838, 45.315623], [14.479795, 45.315586], [14.479687, 45.315534], [14.479521, 45.315468], [14.479242, 45.31538], [14.47905, 45.315332], [14.478976, 45.315328], [14.47881, 45.315326], [14.478659, 45.315337], [14.478613, 45.315345], [14.478556, 45.315357], [14.478548, 45.315359], [14.478373, 45.315405], [14.478242, 45.315448], [14.478113, 45.315496], [14.477984, 45.315545], [14.477865, 45.3156], [14.477574, 45.31576], [14.477415, 45.315849], [14.477203, 45.315973], [14.476995, 45.316091], [14.476693, 45.316262], [14.476486, 45.31637], [14.47637, 45.316429], [14.476282, 45.316443], [14.476193, 45.316446], [14.476119, 45.316438], [14.476058, 45.316428], [14.475987, 45.316409], [14.475899, 45.316369], [14.475822, 45.316321], [14.475765, 45.316269], [14.475769, 45.316424], [14.475808, 45.316492], [14.475864, 45.316535], [14.475988, 45.316584], [14.475981, 45.316676], [14.475668, 45.317008], [14.475327, 45.317125], [14.475124, 45.317217], [14.475072, 45.317269], [14.474157, 45.317147], [14.473591, 45.317071], [14.473242, 45.317049], [14.473025, 45.317041], [14.472628, 45.317045], [14.472287, 45.317079], [14.471735, 45.317205], [14.471397, 45.317311], [14.470962, 45.317505], [14.469374, 45.318282], [14.466293, 45.319759]]]}, "properties": {"id": 23, "razina": "cetvrt", "name": "Podvežica", "jls_name": "Rijeka", "jls_maticni_broj": "03735", "zupanija": "Primorsko-goranska", "area_km2": 0.7224, "stanovnistvo": null, "palette_idx": 1, "source": "OSM boundary=administrative admin_level=9 (ODbL)"}}, {"type": "Feature", "id": 24, "geometry": {"type": "Polygon", "coordinates": [[[14.424042, 45.330344], [14.424376, 45.33112], [14.42472, 45.331739], [14.42517, 45.332005], [14.424883, 45.332227], [14.425142, 45.332559], [14.425732, 45.3331], [14.425846, 45.33325], [14.425978, 45.333652], [14.426103, 45.333933], [14.426267, 45.333893], [14.426481, 45.334186], [14.426955, 45.333894], [14.426684, 45.333515], [14.427002, 45.333404], [14.427385, 45.333889], [14.427541, 45.33383], [14.42787, 45.333761], [14.428206, 45.333712], [14.42794, 45.333455], [14.427721, 45.333304], [14.42868, 45.332906], [14.4288, 45.333101], [14.429147, 45.333166], [14.42944, 45.333326], [14.429681, 45.333379], [14.42986, 45.333475], [14.43009, 45.333574], [14.430211, 45.33365], [14.430272, 45.33362], [14.430437, 45.333786], [14.430243, 45.333819], [14.430284, 45.333951], [14.429972, 45.333983], [14.429821, 45.33407], [14.429729, 45.334211], [14.429735, 45.33429], [14.429927, 45.334327], [14.430105, 45.334216], [14.430227, 45.334205], [14.430254, 45.334254], [14.430751, 45.334178], [14.430854, 45.334455], [14.430949, 45.334423], [14.431059, 45.334544], [14.43124, 45.334704], [14.431285, 45.334677], [14.4317, 45.33498], [14.431754, 45.335108], [14.431732, 45.335754], [14.431671, 45.33593], [14.431772, 45.335987], [14.431856, 45.336149], [14.431932, 45.336282], [14.431822, 45.336285], [14.431851, 45.337074], [14.432121, 45.336988], [14.432323, 45.337136], [14.432488, 45.337288], [14.432613, 45.337221], [14.432672, 45.337129], [14.432682, 45.337019], [14.432655, 45.336912], [14.432609, 45.33684], [14.43258, 45.336713], [14.432605, 45.336601], [14.432429, 45.336573], [14.43249, 45.336506], [14.432339, 45.336471], [14.432645, 45.335564], [14.432775, 45.3354], [14.432872, 45.335102], [14.432919, 45.335109], [14.433053, 45.334609], [14.43292, 45.334565], [14.433055, 45.334291], [14.433188, 45.334033], [14.433127, 45.332641], [14.433126, 45.33261], [14.433146, 45.332454], [14.4332, 45.332062], [14.43321, 45.331845], [14.433194, 45.331796], [14.433154, 45.331742], [14.433118, 45.331712], [14.433065, 45.331692], [14.433, 45.331701], [14.432835, 45.331783], [14.432501, 45.331053], [14.432774, 45.330992], [14.432509, 45.330449], [14.432756, 45.330383], [14.432672, 45.330191], [14.432279, 45.33028], [14.43209, 45.329864], [14.431863, 45.328515], [14.431615, 45.328126], [14.427495, 45.329549], [14.426853, 45.328613], [14.426837, 45.328595], [14.426809, 45.328583], [14.426772, 45.328583], [14.425922, 45.328877], [14.425906, 45.328896], [14.42591, 45.328921], [14.426568, 45.329845], [14.424042, 45.330344]]]}, "properties": {"id": 24, "razina": "cetvrt", "name": "Potok", "jls_name": "Rijeka", "jls_maticni_broj": "03735", "zupanija": "Primorsko-goranska", "area_km2": 0.3477, "stanovnistvo": null, "palette_idx": 3, "source": "OSM boundary=administrative admin_level=9 (ODbL)"}}, {"type": "Feature", "id": 25, "geometry": {"type": "Polygon", "coordinates": [[[14.356747, 45.353053], [14.356905, 45.353216], [14.357026, 45.353273], [14.357382, 45.353736], [14.357443, 45.353792], [14.357477, 45.353843], [14.357488, 45.353991], [14.357317, 45.354105], [14.357252, 45.354205], [14.357207, 45.354298], [14.357199, 45.354366], [14.357204, 45.354505], [14.357159, 45.354605], [14.357243, 45.354633], [14.35726, 45.354671], [14.357246, 45.354756], [14.357152, 45.354928], [14.357205, 45.354947], [14.357119, 45.355069], [14.357025, 45.355235], [14.356926, 45.355313], [14.356623, 45.355422], [14.356524, 45.35548], [14.356354, 45.355627], [14.356243, 45.355689], [14.3562, 45.355744], [14.356178, 45.355848], [14.35609, 45.356028], [14.356041, 45.356269], [14.356095, 45.356575], [14.356133, 45.356729], [14.356119, 45.356844], [14.356102, 45.35712], [14.356102, 45.357177], [14.356147, 45.357243], [14.356363, 45.357477], [14.356457, 45.357737], [14.356476, 45.357841], [14.356367, 45.358156], [14.356314, 45.358286], [14.356266, 45.35846], [14.356244, 45.358568], [14.35624, 45.358821], [14.356249, 45.358929], [14.356502, 45.358984], [14.356666, 45.359031], [14.356836, 45.359113], [14.356947, 45.359142], [14.357087, 45.359154], [14.357219, 45.359141], [14.357419, 45.3591], [14.357537, 45.359034], [14.357643, 45.358936], [14.35771, 45.358823], [14.357836, 45.358851], [14.357922, 45.358918], [14.358014, 45.358935], [14.358084, 45.358977], [14.358111, 45.35904], [14.358091, 45.359144], [14.358143, 45.359215], [14.358264, 45.359266], [14.358389, 45.359273], [14.35841, 45.359299], [14.358367, 45.359388], [14.358274, 45.35949], [14.358284, 45.359528], [14.358267, 45.359659], [14.358744, 45.359534], [14.358873, 45.359513], [14.359004, 45.359435], [14.359052, 45.359386], [14.359165, 45.359231], [14.359233, 45.359027], [14.359233, 45.35899], [14.359512, 45.359009], [14.359459, 45.358942], [14.359887, 45.358975], [14.360096, 45.358958], [14.360299, 45.358925], [14.360587, 45.358821], [14.360622, 45.358819], [14.360668, 45.358809], [14.360833, 45.358932], [14.36099, 45.359006], [14.361036, 45.359013], [14.361216, 45.359075], [14.361301, 45.359152], [14.361362, 45.359255], [14.361443, 45.359229], [14.361508, 45.359196], [14.361697, 45.359255], [14.361797, 45.359262], [14.36186, 45.359393], [14.361914, 45.35947], [14.361954, 45.359506], [14.362228, 45.35968], [14.362332, 45.359761], [14.362365, 45.359816], [14.362401, 45.359841], [14.362537, 45.359879], [14.362572, 45.359858], [14.362621, 45.359842], [14.362716, 45.359783], [14.362809, 45.35969], [14.362859, 45.359621], [14.363032, 45.359538], [14.363168, 45.359454], [14.363379, 45.359455], [14.363473, 45.359475], [14.363517, 45.359502], [14.363701, 45.359567], [14.363827, 45.359618], [14.3642, 45.3596], [14.364327, 45.359622], [14.364374, 45.359642], [14.364416, 45.359644], [14.364523, 45.359609], [14.364625, 45.3596], [14.364721, 45.359552], [14.364953, 45.359553], [14.365057, 45.359528], [14.365286, 45.359506], [14.365301, 45.359486], [14.365413, 45.359412], [14.365611, 45.359381], [14.365746, 45.359381], [14.365777, 45.359385], [14.365795, 45.3594], [14.365798, 45.359438], [14.365881, 45.359442], [14.366081, 45.359419], [14.366112, 45.359423], [14.366135, 45.359433], [14.366219, 45.359471], [14.36625, 45.359495], [14.366464, 45.359596], [14.366562, 45.359664], [14.366587, 45.359641], [14.366844, 45.359721], [14.36686, 45.359743], [14.366889, 45.359768], [14.366941, 45.359784], [14.367083, 45.359767], [14.367194, 45.359795], [14.367494, 45.359913], [14.367646, 45.359995], [14.367681, 45.360079], [14.367687, 45.360122], [14.36768, 45.36028], [14.367673, 45.360296], [14.367616, 45.360354], [14.367651, 45.360386], [14.367609, 45.360478], [14.367622, 45.360601], [14.36761, 45.3607], [14.367585, 45.360692], [14.3676, 45.360804], [14.367736, 45.360924], [14.367786, 45.360959], [14.36782, 45.360997], [14.367907, 45.361027], [14.368106, 45.360957], [14.368321, 45.360722], [14.368452, 45.360834], [14.368563, 45.360883], [14.368728, 45.360937], [14.368758, 45.360983], [14.368885, 45.361064], [14.368984, 45.361114], [14.36909, 45.361203], [14.369163, 45.361239], [14.369146, 45.361266], [14.369122, 45.361389], [14.369044, 45.361461], [14.369028, 45.361605], [14.369053, 45.361651], [14.369107, 45.361667], [14.369149, 45.361694], [14.369176, 45.361736], [14.369259, 45.361779], [14.36936, 45.361868], [14.369501, 45.361937], [14.369476, 45.361952], [14.369678, 45.362097], [14.369772, 45.362142], [14.369847, 45.362215], [14.369953, 45.362237], [14.370144, 45.362366], [14.370266, 45.362427], [14.370463, 45.362469], [14.370634, 45.362488], [14.370913, 45.362497], [14.371152, 45.362591], [14.371265, 45.362612], [14.371379, 45.362648], [14.371445, 45.362691], [14.37123, 45.362873], [14.371162, 45.362894], [14.371159, 45.363208], [14.371122, 45.363352], [14.371068, 45.363408], [14.370926, 45.363449], [14.370749, 45.363508], [14.370753, 45.363551], [14.370619, 45.363614], [14.370462, 45.363668], [14.370437, 45.363623], [14.370263, 45.363684], [14.370378, 45.363742], [14.370412, 45.363785], [14.370521, 45.363857], [14.370574, 45.363876], [14.370555, 45.363892], [14.370535, 45.363904], [14.370508, 45.363959], [14.370492, 45.36398], [14.370432, 45.363994], [14.370417, 45.363995], [14.370392, 45.364008], [14.370438, 45.364062], [14.370444, 45.364095], [14.370388, 45.364113], [14.370352, 45.364134], [14.37034, 45.364144], [14.370318, 45.364177], [14.370306, 45.364231], [14.370313, 45.364265], [14.370333, 45.364299], [14.370345, 45.364311], [14.370479, 45.364388], [14.370425, 45.364458], [14.370397, 45.364472], [14.370366, 45.364475], [14.370329, 45.364457], [14.370201, 45.364349], [14.370034, 45.364459], [14.369995, 45.364501], [14.369846, 45.364628], [14.369752, 45.364724], [14.369644, 45.364845], [14.369562, 45.365005], [14.369553, 45.365051], [14.369522, 45.365005], [14.36948, 45.36499], [14.369455, 45.364964], [14.36942, 45.364967], [14.36942, 45.365094], [14.369344, 45.365216], [14.369207, 45.365349], [14.3691, 45.365484], [14.369065, 45.365512], [14.369037, 45.365515], [14.368896, 45.36556], [14.368646, 45.365594], [14.368494, 45.365646], [14.368446, 45.3656], [14.368438, 45.365565], [14.368338, 45.365407], [14.368278, 45.365415], [14.368214, 45.365398], [14.368094, 45.365383], [14.368073, 45.365597], [14.368063, 45.365656], [14.367955, 45.365921], [14.368076, 45.365963], [14.368129, 45.366029], [14.368157, 45.366128], [14.368239, 45.366276], [14.368262, 45.366386], [14.368264, 45.366478], [14.368293, 45.366537], [14.368547, 45.366731], [14.368592, 45.366807], [14.368607, 45.367084], [14.36864, 45.367226], [14.368617, 45.367325], [14.368589, 45.367399], [14.368525, 45.367504], [14.368783, 45.367488], [14.369107, 45.367499], [14.36918, 45.367502], [14.369233, 45.367491], [14.369342, 45.367477], [14.369481, 45.367466], [14.369627, 45.367469], [14.369716, 45.367483], [14.369783, 45.367493], [14.369788, 45.367494], [14.369828, 45.36751], [14.369856, 45.367529], [14.369858, 45.36753], [14.370149, 45.367468], [14.370225, 45.367415], [14.370232, 45.367411], [14.370426, 45.367292], [14.370469, 45.367258], [14.370662, 45.367124], [14.370849, 45.366992], [14.370868, 45.366978], [14.370898, 45.366956], [14.370923, 45.36694], [14.370987, 45.366899], [14.371106, 45.366833], [14.37112, 45.366824], [14.371214, 45.366757], [14.371275, 45.366712], [14.371291, 45.366702], [14.371377, 45.366649], [14.37153, 45.366553], [14.371532, 45.366551], [14.371615, 45.366499], [14.37163, 45.366491], [14.371651, 45.366478], [14.3719, 45.366335], [14.372064, 45.366271], [14.372165, 45.366236], [14.372315, 45.366193], [14.372375, 45.36619], [14.37245, 45.366192], [14.372647, 45.366205], [14.372946, 45.366228], [14.373163, 45.366293], [14.373427, 45.366378], [14.373465, 45.366387], [14.373571, 45.36641], [14.373646, 45.366419], [14.37386, 45.366448], [14.373908, 45.366447], [14.373917, 45.366447], [14.373932, 45.366449], [14.373989, 45.366454], [14.374041, 45.366463], [14.37426, 45.366482], [14.374427, 45.366451], [14.374448, 45.366447], [14.374659, 45.366349], [14.374858, 45.366255], [14.374888, 45.366248], [14.37497, 45.366226], [14.37504, 45.366237], [14.375222, 45.366307], [14.375246, 45.366316], [14.375274, 45.366327], [14.375338, 45.366352], [14.375514, 45.366363], [14.375792, 45.366307], [14.376034, 45.366188], [14.376395, 45.366046], [14.376475, 45.365988], [14.376738, 45.365879], [14.376673, 45.365847], [14.376628, 45.365815], [14.376464, 45.365864], [14.376376, 45.36587], [14.376328, 45.365861], [14.376209, 45.365807], [14.376209, 45.365806], [14.376199, 45.365787], [14.376198, 45.365785], [14.37616, 45.365746], [14.376127, 45.365712], [14.376052, 45.365559], [14.376032, 45.3655], [14.376019, 45.365458], [14.376018, 45.365456], [14.376143, 45.365383], [14.376268, 45.365331], [14.376241, 45.365298], [14.376205, 45.365254], [14.376141, 45.365163], [14.37613, 45.36515], [14.376094, 45.365107], [14.376072, 45.365082], [14.376072, 45.365082], [14.376034, 45.365097], [14.375992, 45.365113], [14.375963, 45.365113], [14.375938, 45.365096], [14.37592, 45.36508], [14.37591, 45.365071], [14.375895, 45.36504], [14.375884, 45.365005], [14.375884, 45.365004], [14.375889, 45.364937], [14.375894, 45.364893], [14.375898, 45.364866], [14.375889, 45.364842], [14.375882, 45.364823], [14.37585, 45.364771], [14.375789, 45.36471], [14.37568, 45.364624], [14.375664, 45.364613], [14.37565, 45.364603], [14.375614, 45.364566], [14.375581, 45.364532], [14.375534, 45.364452], [14.375491, 45.36437], [14.375445, 45.364307], [14.37544, 45.3643], [14.37543, 45.364288], [14.375422, 45.364279], [14.375405, 45.364261], [14.375403, 45.364254], [14.375393, 45.364225], [14.375393, 45.364218], [14.375391, 45.364203], [14.375387, 45.364156], [14.375397, 45.36412], [14.375403, 45.364072], [14.37538, 45.363982], [14.37538, 45.363979], [14.37538, 45.363969], [14.375381, 45.363966], [14.375387, 45.363954], [14.37544, 45.363939], [14.37549, 45.363917], [14.375508, 45.36383], [14.375509, 45.363751], [14.375509, 45.363747], [14.375509, 45.363739], [14.375513, 45.363714], [14.375516, 45.363689], [14.375517, 45.363687], [14.375544, 45.363638], [14.37559, 45.363589], [14.375591, 45.363588], [14.375592, 45.363587], [14.375602, 45.363563], [14.375609, 45.363549], [14.375607, 45.363524], [14.375607, 45.363443], [14.375607, 45.363434], [14.375634, 45.363374], [14.375647, 45.363324], [14.375652, 45.363283], [14.375652, 45.363281], [14.375677, 45.363273], [14.375731, 45.363233], [14.375818, 45.3632], [14.375879, 45.363223], [14.375928, 45.363257], [14.376084, 45.363214], [14.376116, 45.363172], [14.376174, 45.363124], [14.376212, 45.36311], [14.376221, 45.363105], [14.376236, 45.363096], [14.376274, 45.363072], [14.376307, 45.363037], [14.376323, 45.363001], [14.376337, 45.362982], [14.376375, 45.362948], [14.376399, 45.362932], [14.376429, 45.362913], [14.376461, 45.362904], [14.376487, 45.362897], [14.376525, 45.36289], [14.376545, 45.362886], [14.376565, 45.362963], [14.376549, 45.363004], [14.376551, 45.363004], [14.376568, 45.363], [14.376585, 45.362997], [14.376611, 45.362976], [14.376627, 45.362963], [14.376629, 45.362962], [14.37663, 45.362961], [14.376807, 45.362882], [14.37686, 45.362875], [14.377014, 45.362827], [14.377128, 45.362807], [14.377218, 45.362773], [14.377291, 45.362743], [14.37735, 45.362722], [14.377467, 45.362703], [14.377506, 45.362692], [14.377507, 45.362692], [14.377495, 45.36267], [14.377529, 45.362522], [14.377618, 45.362447], [14.377823, 45.362328], [14.377943, 45.362256], [14.378026, 45.36222], [14.378185, 45.362151], [14.37828, 45.362113], [14.378386, 45.362077], [14.378394, 45.362074], [14.378424, 45.362066], [14.378452, 45.362058], [14.378426, 45.362011], [14.378525, 45.361991], [14.378596, 45.362003], [14.378766, 45.362048], [14.378906, 45.362086], [14.378971, 45.362107], [14.379041, 45.362128], [14.379288, 45.362209], [14.379436, 45.362243], [14.379544, 45.362126], [14.379535, 45.362092], [14.379528, 45.362051], [14.37951, 45.362026], [14.37954, 45.361987], [14.379665, 45.361933], [14.379709, 45.361918], [14.379725, 45.361916], [14.379793, 45.361879], [14.37981, 45.361856], [14.379844, 45.361793], [14.379845, 45.361718], [14.379904, 45.361584], [14.379927, 45.361513], [14.380026, 45.361261], [14.380087, 45.361119], [14.380107, 45.361061], [14.380113, 45.361033], [14.380083, 45.361024], [14.3801, 45.361005], [14.380136, 45.360947], [14.380182, 45.360863], [14.380225, 45.360775], [14.380232, 45.360748], [14.380284, 45.360701], [14.380296, 45.360684], [14.380315, 45.360691], [14.380338, 45.360692], [14.380369, 45.360678], [14.380394, 45.360652], [14.380395, 45.360638], [14.380371, 45.360618], [14.380387, 45.360608], [14.380462, 45.360525], [14.380589, 45.36041], [14.380598, 45.360371], [14.380611, 45.360327], [14.380726, 45.360245], [14.380804, 45.360212], [14.380835, 45.360177], [14.380893, 45.360197], [14.380934, 45.360109], [14.380972, 45.360059], [14.38107, 45.360008], [14.380864, 45.359745], [14.380477, 45.359527], [14.380271, 45.359137], [14.380054, 45.358556], [14.379619, 45.357889], [14.379411, 45.357793], [14.379101, 45.357768], [14.378931, 45.357359], [14.378725, 45.357308], [14.378614, 45.356999], [14.378641, 45.356946], [14.378798, 45.356928], [14.378748, 45.356841], [14.378346, 45.356677], [14.378244, 45.356612], [14.378202, 45.356551], [14.378224, 45.356211], [14.378134, 45.355993], [14.377788, 45.355833], [14.378488, 45.35535], [14.378746, 45.355121], [14.37882, 45.354976], [14.378769, 45.354803], [14.378694, 45.354633], [14.378559, 45.354529], [14.378388, 45.354453], [14.378326, 45.354391], [14.378299, 45.35432], [14.378318, 45.354236], [14.378452, 45.353874], [14.378574, 45.353426], [14.378169, 45.353256], [14.378416, 45.352945], [14.377905, 45.352843], [14.377974, 45.352646], [14.378076, 45.35259], [14.378027, 45.352549], [14.378116, 45.352375], [14.377971, 45.352328], [14.378146, 45.352131], [14.378013, 45.351956], [14.377732, 45.352062], [14.377714, 45.352102], [14.377613, 45.352088], [14.377488, 45.352316], [14.377282, 45.352427], [14.377136, 45.35252], [14.376897, 45.352815], [14.376716, 45.352715], [14.376433, 45.352635], [14.37619, 45.352603], [14.375824, 45.352489], [14.375804, 45.35248], [14.375682, 45.352485], [14.375678, 45.352401], [14.375598, 45.35236], [14.375365, 45.352366], [14.374907, 45.352209], [14.374781, 45.352201], [14.374713, 45.352071], [14.37443, 45.35196], [14.37433, 45.351843], [14.374275, 45.351556], [14.37422, 45.351486], [14.374038, 45.351399], [14.373792, 45.351405], [14.373278, 45.351363], [14.373184, 45.351396], [14.373076, 45.351554], [14.37277, 45.351463], [14.37263, 45.35148], [14.372192, 45.351605], [14.371902, 45.35166], [14.371681, 45.351634], [14.371506, 45.351626], [14.370962, 45.351749], [14.371087, 45.351554], [14.371229, 45.351166], [14.371279, 45.350786], [14.371715, 45.35077], [14.3719, 45.350423], [14.372074, 45.350035], [14.371562, 45.349935], [14.371503, 45.34984], [14.371816, 45.349749], [14.371856, 45.349562], [14.37175, 45.349552], [14.371747, 45.349527], [14.371955, 45.349473], [14.371687, 45.349121], [14.372017, 45.348937], [14.372291, 45.348821], [14.372539, 45.348742], [14.372485, 45.348553], [14.372424, 45.348502], [14.372233, 45.348489], [14.371495, 45.348515], [14.370867, 45.348557], [14.369851, 45.348555], [14.368447, 45.348541], [14.367825, 45.348568], [14.367567, 45.348595], [14.366177, 45.347868], [14.362859, 45.349096], [14.36177, 45.349505], [14.36126, 45.349707], [14.360714, 45.349989], [14.360243, 45.350266], [14.359989, 45.350442], [14.3598, 45.350601], [14.359045, 45.351313], [14.35812, 45.35208], [14.357738, 45.352392], [14.357357, 45.352604], [14.356652, 45.352954], [14.356747, 45.353053]]]}, "properties": {"id": 25, "razina": "cetvrt", "name": "Srdoči", "jls_name": "Rijeka", "jls_maticni_broj": "03735", "zupanija": "Primorsko-goranska", "area_km2": 2.2823, "stanovnistvo": null, "palette_idx": 0, "source": "OSM boundary=administrative admin_level=9 (ODbL)"}}, {"type": "Feature", "id": 26, "geometry": {"type": "Polygon", "coordinates": [[[14.519004, 45.311631], [14.519177, 45.312853], [14.519371, 45.313019], [14.519618, 45.313162], [14.519747, 45.313328], [14.51972, 45.313649], [14.519498, 45.313774], [14.519857, 45.314347], [14.520415, 45.314427], [14.520877, 45.314411], [14.521204, 45.314475], [14.521333, 45.314581], [14.521359, 45.314678], [14.521493, 45.314789], [14.521315, 45.314931], [14.521533, 45.315029], [14.521719, 45.315358], [14.521787, 45.315306], [14.521968, 45.315075], [14.522028, 45.314999], [14.522028, 45.314999], [14.522499, 45.315166], [14.523219, 45.315436], [14.52353, 45.315552], [14.523658, 45.315599], [14.524036, 45.315743], [14.524364, 45.315889], [14.524517, 45.315954], [14.524688, 45.315998], [14.525197, 45.316169], [14.525991, 45.31646], [14.526153, 45.316514], [14.526191, 45.316526], [14.526444, 45.316609], [14.526772, 45.316699], [14.527145, 45.316777], [14.527979, 45.316949], [14.527931, 45.316769], [14.528099, 45.316806], [14.528226, 45.316768], [14.528265, 45.316743], [14.528379, 45.31663], [14.528412, 45.316597], [14.528371, 45.316445], [14.528256, 45.316361], [14.528354, 45.316269], [14.528242, 45.316166], [14.528031, 45.316258], [14.528038, 45.316182], [14.528047, 45.316084], [14.528053, 45.316033], [14.528066, 45.315876], [14.528214, 45.315871], [14.528272, 45.315808], [14.52825, 45.315669], [14.528434, 45.315771], [14.528471, 45.315802], [14.528496, 45.315766], [14.528573, 45.315653], [14.528618, 45.3156], [14.528658, 45.315573], [14.528791, 45.3155], [14.528977, 45.315511], [14.52921, 45.315311], [14.529327, 45.315268], [14.529599, 45.315168], [14.529654, 45.315241], [14.530024, 45.315122], [14.530498, 45.315614], [14.530968, 45.315391], [14.530824, 45.315124], [14.530569, 45.315071], [14.530626, 45.314947], [14.530662, 45.314811], [14.530612, 45.31478], [14.530339, 45.314617], [14.530497, 45.314416], [14.530522, 45.314379], [14.530482, 45.314369], [14.530578, 45.314279], [14.530641, 45.314218], [14.530667, 45.314183], [14.530667, 45.314183], [14.530707, 45.314127], [14.530759, 45.313961], [14.530787, 45.31387], [14.530802, 45.313826], [14.530798, 45.313729], [14.530781, 45.313691], [14.530639, 45.313593], [14.530713, 45.313553], [14.530714, 45.313504], [14.530458, 45.313335], [14.530298, 45.313233], [14.530091, 45.313163], [14.529308, 45.313028], [14.528998, 45.312673], [14.529196, 45.312536], [14.52942, 45.312212], [14.529191, 45.312108], [14.529504, 45.311596], [14.529554, 45.311383], [14.529205, 45.311054], [14.527963, 45.310229], [14.527742, 45.310081], [14.527425, 45.309804], [14.526857, 45.309518], [14.526519, 45.309353], [14.526367, 45.309269], [14.526347, 45.309254], [14.526208, 45.309159], [14.526167, 45.309151], [14.525298, 45.308951], [14.525258, 45.308874], [14.524749, 45.308666], [14.524683, 45.308483], [14.524031, 45.308196], [14.523837, 45.307532], [14.523782, 45.307442], [14.523632, 45.307726], [14.523615, 45.307733], [14.523509, 45.307775], [14.523437, 45.307812], [14.523348, 45.307891], [14.523348, 45.307937], [14.523349, 45.307975], [14.523284, 45.307999], [14.523239, 45.308035], [14.523178, 45.308065], [14.52314, 45.308103], [14.523094, 45.308159], [14.523018, 45.308253], [14.522979, 45.308293], [14.522956, 45.308347], [14.522918, 45.308367], [14.522903, 45.308415], [14.52288, 45.308439], [14.522862, 45.308478], [14.52283, 45.308552], [14.522778, 45.308675], [14.522746, 45.30883], [14.522718, 45.308915], [14.522706, 45.308954], [14.522682, 45.308955], [14.522629, 45.308994], [14.522584, 45.309046], [14.522529, 45.309097], [14.522536, 45.309154], [14.522507, 45.309272], [14.522499, 45.30939], [14.522467, 45.309508], [14.522465, 45.30956], [14.522456, 45.30962], [14.522437, 45.309644], [14.52233, 45.309721], [14.522297, 45.309771], [14.522245, 45.309827], [14.52224, 45.309859], [14.522227, 45.309867], [14.52217, 45.30993], [14.522197, 45.309934], [14.522178, 45.309956], [14.52217, 45.309976], [14.522153, 45.310025], [14.522134, 45.310061], [14.522107, 45.310183], [14.522095, 45.310254], [14.522087, 45.310333], [14.522077, 45.310504], [14.522075, 45.31056], [14.522076, 45.310713], [14.52151, 45.310813], [14.521546, 45.310825], [14.521588, 45.310916], [14.521578, 45.310939], [14.521544, 45.310959], [14.521311, 45.311176], [14.521267, 45.31121], [14.521037, 45.311146], [14.520679, 45.311062], [14.520573, 45.311047], [14.520353, 45.31108], [14.520276, 45.311092], [14.520212, 45.311113], [14.520121, 45.31114], [14.520022, 45.311163], [14.519975, 45.311176], [14.519898, 45.311204], [14.519844, 45.311234], [14.519821, 45.311269], [14.519796, 45.311342], [14.519045, 45.311633], [14.519004, 45.311631]]]}, "properties": {"id": 26, "razina": "cetvrt", "name": "Sveti Kuzam", "jls_name": "Rijeka", "jls_maticni_broj": "03735", "zupanija": "Primorsko-goranska", "area_km2": 0.5295, "stanovnistvo": null, "palette_idx": 0, "source": "OSM boundary=administrative admin_level=9 (ODbL)"}}, {"type": "Feature", "id": 27, "geometry": {"type": "Polygon", "coordinates": [[[14.394781, 45.339714], [14.394696, 45.339891], [14.39456, 45.34005], [14.393199, 45.341435], [14.393078, 45.341874], [14.393087, 45.342287], [14.3931, 45.342507], [14.393251, 45.342665], [14.393542, 45.342711], [14.393587, 45.342559], [14.393653, 45.342437], [14.393716, 45.342342], [14.393797, 45.342261], [14.39395, 45.342153], [14.394264, 45.341988], [14.394444, 45.342172], [14.394494, 45.342244], [14.39451, 45.342312], [14.394474, 45.342355], [14.39432, 45.342439], [14.393937, 45.342694], [14.393795, 45.342841], [14.393628, 45.343174], [14.393777, 45.343207], [14.393581, 45.34352], [14.393711, 45.343545], [14.39384, 45.343548], [14.39398, 45.343556], [14.394167, 45.343763], [14.394277, 45.343936], [14.393867, 45.344419], [14.393749, 45.34453], [14.393574, 45.344649], [14.39318, 45.344822], [14.392944, 45.344905], [14.392958, 45.345101], [14.392652, 45.345301], [14.391574, 45.346087], [14.392309, 45.346583], [14.392899, 45.34641], [14.396953, 45.34499], [14.398271, 45.344511], [14.399299, 45.344169], [14.399931, 45.343991], [14.400386, 45.34389], [14.401122, 45.343763], [14.402096, 45.343646], [14.403837, 45.343525], [14.405402, 45.343391], [14.405466, 45.343088], [14.405573, 45.34276], [14.405708, 45.342408], [14.4057, 45.342177], [14.405585, 45.341915], [14.405455, 45.341872], [14.405321, 45.341828], [14.405459, 45.341307], [14.405458, 45.341042], [14.406083, 45.340531], [14.406282, 45.340434], [14.406295, 45.340334], [14.406371, 45.340058], [14.406483, 45.339827], [14.406646, 45.339128], [14.406694, 45.338312], [14.410344, 45.338162], [14.410183, 45.338011], [14.409949, 45.337867], [14.409881, 45.337794], [14.409849, 45.337539], [14.409569, 45.337361], [14.409371, 45.337127], [14.409256, 45.336944], [14.410041, 45.336888], [14.409922, 45.336626], [14.409811, 45.336233], [14.4093, 45.336274], [14.408998, 45.334399], [14.408791, 45.334412], [14.408705, 45.334411], [14.408602, 45.334411], [14.408438, 45.334382], [14.408228, 45.33438], [14.407301, 45.334401], [14.406741, 45.33417], [14.406644, 45.334116], [14.406629, 45.334111], [14.406409, 45.334033], [14.406308, 45.333994], [14.406259, 45.333982], [14.406018, 45.333889], [14.405951, 45.333883], [14.405922, 45.333861], [14.405722, 45.333836], [14.405675, 45.333853], [14.405665, 45.333844], [14.405674, 45.333834], [14.405492, 45.333842], [14.405038, 45.33388], [14.404707, 45.334042], [14.404386, 45.334214], [14.404118, 45.334182], [14.40395, 45.334181], [14.403892, 45.3342], [14.403807, 45.3342], [14.403743, 45.334138], [14.403793, 45.334106], [14.403642, 45.333977], [14.403346, 45.334128], [14.403451, 45.334203], [14.401821, 45.334206], [14.401568, 45.334261], [14.400903, 45.334285], [14.400507, 45.334292], [14.40006, 45.334342], [14.40003, 45.334392], [14.399918, 45.334395], [14.399599, 45.334295], [14.399565, 45.334374], [14.399687, 45.334412], [14.399696, 45.33439], [14.399895, 45.334457], [14.40176, 45.334408], [14.401769, 45.334827], [14.400837, 45.334835], [14.400847, 45.335218], [14.400062, 45.335226], [14.400053, 45.334673], [14.399855, 45.334669], [14.399855, 45.334716], [14.399903, 45.334726], [14.399941, 45.33473], [14.399949, 45.33515], [14.399567, 45.335155], [14.399676, 45.335839], [14.399782, 45.335994], [14.399968, 45.336115], [14.399835, 45.336174], [14.399905, 45.336301], [14.399973, 45.336375], [14.4001, 45.336491], [14.400365, 45.336838], [14.399079, 45.337374], [14.398358, 45.337927], [14.398196, 45.338085], [14.398051, 45.338071], [14.397665, 45.33814], [14.39757, 45.338198], [14.397606, 45.338403], [14.397306, 45.338531], [14.397141, 45.338597], [14.396464, 45.33883], [14.395979, 45.338913], [14.395475, 45.33904], [14.395054, 45.339032], [14.394563, 45.339262], [14.39455, 45.339414], [14.394781, 45.339714]]]}, "properties": {"id": 27, "razina": "cetvrt", "name": "Sveti Nikola", "jls_name": "Rijeka", "jls_maticni_broj": "03735", "zupanija": "Primorsko-goranska", "area_km2": 0.9737, "stanovnistvo": null, "palette_idx": 2, "source": "OSM boundary=administrative admin_level=9 (ODbL)"}}, {"type": "Feature", "id": 28, "geometry": {"type": "Polygon", "coordinates": [[[14.46113, 45.356863], [14.461201, 45.356829], [14.461309, 45.35681], [14.461675, 45.356814], [14.462049, 45.356789], [14.462665, 45.356683], [14.462681, 45.356678], [14.46319, 45.356562], [14.463667, 45.356517], [14.463728, 45.356511], [14.463952, 45.356549], [14.463981, 45.35657], [14.464004, 45.356586], [14.464005, 45.356587], [14.464044, 45.356672], [14.464047, 45.35668], [14.464048, 45.356683], [14.464024, 45.356778], [14.464021, 45.356789], [14.464021, 45.356791], [14.463823, 45.356943], [14.463831, 45.356996], [14.463832, 45.356999], [14.463959, 45.357147], [14.46396, 45.357148], [14.463978, 45.357181], [14.464049, 45.357313], [14.464259, 45.357466], [14.464466, 45.357616], [14.464597, 45.357587], [14.464988, 45.357605], [14.465164, 45.357648], [14.465285, 45.357744], [14.465333, 45.357783], [14.46554, 45.358204], [14.465722, 45.358399], [14.465863, 45.358437], [14.465864, 45.358437], [14.466392, 45.35845], [14.466879, 45.358453], [14.467061, 45.358454], [14.467189, 45.358458], [14.467194, 45.358458], [14.467218, 45.358459], [14.467247, 45.35846], [14.467696, 45.358473], [14.468138, 45.358493], [14.468463, 45.358466], [14.468733, 45.358443], [14.46885, 45.358434], [14.468851, 45.358429], [14.468856, 45.358402], [14.468991, 45.358228], [14.469148, 45.358005], [14.469321, 45.357841], [14.469688, 45.357591], [14.470361, 45.357139], [14.470346, 45.357109], [14.470359, 45.357072], [14.470424, 45.357004], [14.470534, 45.356974], [14.470557, 45.356974], [14.470594, 45.356982], [14.470844, 45.35681], [14.470983, 45.356712], [14.471241, 45.356394], [14.471459, 45.35613], [14.471623, 45.355929], [14.471852, 45.355652], [14.471948, 45.355417], [14.471993, 45.355306], [14.472037, 45.355196], [14.472199, 45.354796], [14.472305, 45.354509], [14.472332, 45.354463], [14.472366, 45.354406], [14.472668, 45.353891], [14.473441, 45.352564], [14.473586, 45.352315], [14.473553, 45.352159], [14.473443, 45.351631], [14.4734, 45.351419], [14.473459, 45.351008], [14.473486, 45.350815], [14.473497, 45.350767], [14.473612, 45.35022], [14.473651, 45.350045], [14.473691, 45.349856], [14.473666, 45.349767], [14.47364, 45.349718], [14.473545, 45.349597], [14.473599, 45.349503], [14.47387, 45.349404], [14.474043, 45.34934], [14.47394, 45.349284], [14.473866, 45.349243], [14.473828, 45.349183], [14.473768, 45.349088], [14.47412, 45.348682], [14.474118, 45.348681], [14.474061, 45.348636], [14.473903, 45.348509], [14.473823, 45.348445], [14.473817, 45.348389], [14.473842, 45.348278], [14.47385, 45.348244], [14.473792, 45.348155], [14.473724, 45.348047], [14.473787, 45.347612], [14.473828, 45.347393], [14.473937, 45.346825], [14.473964, 45.346723], [14.474012, 45.346548], [14.474098, 45.34624], [14.474203, 45.345862], [14.474417, 45.345094], [14.4698, 45.346273], [14.466959, 45.346407], [14.464803, 45.346747], [14.462179, 45.346928], [14.461617, 45.349592], [14.461769, 45.350955], [14.461897, 45.35163], [14.461931, 45.352273], [14.461569, 45.354222], [14.460846, 45.354929], [14.460773, 45.355179], [14.46066, 45.35589], [14.460631, 45.356604], [14.460778, 45.356731], [14.46113, 45.356863]]]}, "properties": {"id": 28, "razina": "cetvrt", "name": "Svilno", "jls_name": "Rijeka", "jls_maticni_broj": "03735", "zupanija": "Primorsko-goranska", "area_km2": 1.1191, "stanovnistvo": null, "palette_idx": 1, "source": "OSM boundary=administrative admin_level=9 (ODbL)"}}, {"type": "Feature", "id": 29, "geometry": {"type": "Polygon", "coordinates": [[[14.405402, 45.343391], [14.408471, 45.343176], [14.409225, 45.343141], [14.409791, 45.343132], [14.410454, 45.343176], [14.411176, 45.34323], [14.412004, 45.343348], [14.412503, 45.343446], [14.413269, 45.343613], [14.413597, 45.343012], [14.413889, 45.342489], [14.414025, 45.342281], [14.414341, 45.342004], [14.414772, 45.341711], [14.414567, 45.341234], [14.414837, 45.341181], [14.414754, 45.340989], [14.414429, 45.34096], [14.413949, 45.340897], [14.413211, 45.340771], [14.412842, 45.34068], [14.412662, 45.340478], [14.412672, 45.340426], [14.412762, 45.340442], [14.412808, 45.34018], [14.41271, 45.34012], [14.412711, 45.340058], [14.412719, 45.339342], [14.412635, 45.33841], [14.412559, 45.338378], [14.412313, 45.338331], [14.412028, 45.338329], [14.412058, 45.338252], [14.412208, 45.338185], [14.412762, 45.338175], [14.413031, 45.337995], [14.412242, 45.336892], [14.412169, 45.336738], [14.410041, 45.336888], [14.409256, 45.336944], [14.409371, 45.337127], [14.409569, 45.337361], [14.409849, 45.337539], [14.409881, 45.337794], [14.409949, 45.337867], [14.410183, 45.338011], [14.410344, 45.338162], [14.406694, 45.338312], [14.406646, 45.339128], [14.406483, 45.339827], [14.406371, 45.340058], [14.406295, 45.340334], [14.406282, 45.340434], [14.406083, 45.340531], [14.405458, 45.341042], [14.405459, 45.341307], [14.405321, 45.341828], [14.405455, 45.341872], [14.405585, 45.341915], [14.4057, 45.342177], [14.405708, 45.342408], [14.405573, 45.34276], [14.405466, 45.343088], [14.405402, 45.343391]]]}, "properties": {"id": 29, "razina": "cetvrt", "name": "Turnić", "jls_name": "Rijeka", "jls_maticni_broj": "03735", "zupanija": "Primorsko-goranska", "area_km2": 0.3583, "stanovnistvo": null, "palette_idx": 3, "source": "OSM boundary=administrative admin_level=9 (ODbL)"}}, {"type": "Feature", "id": 30, "geometry": {"type": "Polygon", "coordinates": [[[14.459489, 45.324886], [14.459473, 45.325032], [14.459714, 45.325315], [14.458978, 45.325628], [14.45907, 45.325731], [14.459514, 45.32556], [14.459633, 45.325679], [14.459221, 45.326062], [14.459259, 45.326214], [14.459581, 45.32618], [14.45966, 45.326233], [14.459822, 45.32637], [14.460254, 45.326112], [14.460648, 45.326242], [14.461281, 45.326719], [14.462013, 45.32624], [14.46369, 45.327539], [14.464217, 45.327166], [14.464098, 45.326898], [14.464553, 45.326595], [14.464662, 45.326662], [14.465183, 45.326304], [14.465041, 45.326201], [14.46528, 45.326038], [14.465494, 45.326199], [14.466235, 45.325579], [14.466416, 45.325453], [14.467059, 45.325141], [14.467738, 45.325653], [14.468587, 45.325176], [14.468453, 45.325005], [14.4686, 45.32492], [14.468281, 45.324655], [14.468769, 45.324438], [14.467278, 45.323633], [14.46697, 45.323612], [14.46665, 45.323341], [14.46642, 45.323452], [14.466305, 45.323449], [14.466005, 45.323162], [14.46577, 45.323293], [14.465621, 45.323209], [14.4651, 45.3233], [14.464942, 45.323249], [14.464674, 45.323409], [14.464482, 45.323374], [14.463235, 45.32363], [14.463188, 45.323507], [14.462919, 45.323584], [14.462748, 45.323397], [14.462565, 45.323504], [14.462583, 45.323533], [14.462055, 45.323693], [14.46176, 45.323872], [14.461656, 45.32378], [14.461501, 45.323869], [14.461362, 45.324053], [14.46092, 45.324204], [14.460899, 45.324162], [14.460685, 45.324355], [14.460432, 45.324228], [14.460205, 45.324376], [14.459884, 45.324574], [14.459489, 45.324886]]]}, "properties": {"id": 30, "razina": "cetvrt", "name": "Vojak", "jls_name": "Rijeka", "jls_maticni_broj": "03735", "zupanija": "Primorsko-goranska", "area_km2": 0.1966, "stanovnistvo": null, "palette_idx": 2, "source": "OSM boundary=administrative admin_level=9 (ODbL)"}}, {"type": "Feature", "id": 31, "geometry": {"type": "Polygon", "coordinates": [[[14.366177, 45.347868], [14.367567, 45.348595], [14.367825, 45.348568], [14.368447, 45.348541], [14.369851, 45.348555], [14.370867, 45.348557], [14.371495, 45.348515], [14.372233, 45.348489], [14.372424, 45.348502], [14.372485, 45.348553], [14.372539, 45.348742], [14.372574, 45.348819], [14.372643, 45.348852], [14.372733, 45.348909], [14.372798, 45.348946], [14.372862, 45.348968], [14.372915, 45.348968], [14.373024, 45.348973], [14.373164, 45.348941], [14.373413, 45.348816], [14.373734, 45.348674], [14.373912, 45.348639], [14.374348, 45.348619], [14.375555, 45.3486], [14.376219, 45.348578], [14.377103, 45.348566], [14.377657, 45.348544], [14.37826, 45.348504], [14.378665, 45.348457], [14.379268, 45.34836], [14.380152, 45.348208], [14.381036, 45.348041], [14.380186, 45.349306], [14.380423, 45.349402], [14.380835, 45.349603], [14.381446, 45.349919], [14.381619, 45.349735], [14.381754, 45.349655], [14.381871, 45.349626], [14.382019, 45.349621], [14.382141, 45.349639], [14.382281, 45.349693], [14.382522, 45.349819], [14.382993, 45.349356], [14.383169, 45.34911], [14.383263, 45.348945], [14.383319, 45.348962], [14.383482, 45.349555], [14.383628, 45.349454], [14.38414, 45.349214], [14.384921, 45.348962], [14.385353, 45.348754], [14.385698, 45.348546], [14.386092, 45.348226], [14.386196, 45.348189], [14.386342, 45.34823], [14.386863, 45.348544], [14.387099, 45.348738], [14.387262, 45.348792], [14.387452, 45.348831], [14.38779, 45.348897], [14.388087, 45.348989], [14.388262, 45.349079], [14.388493, 45.349229], [14.388717, 45.349383], [14.388825, 45.349451], [14.389079, 45.349535], [14.389299, 45.349556], [14.389493, 45.349547], [14.389797, 45.349462], [14.39025, 45.349359], [14.391211, 45.34921], [14.391545, 45.349216], [14.391976, 45.349306], [14.392115, 45.349371], [14.392199, 45.349471], [14.392223, 45.349517], [14.392383, 45.349561], [14.392652, 45.349612], [14.392864, 45.349623], [14.393407, 45.349605], [14.393608, 45.349589], [14.393719, 45.349563], [14.393816, 45.349495], [14.393921, 45.34933], [14.394081, 45.34923], [14.394236, 45.349194], [14.394437, 45.349098], [14.394813, 45.349015], [14.395557, 45.348523], [14.395815, 45.348412], [14.396531, 45.348152], [14.396914, 45.347968], [14.398093, 45.3471], [14.397048, 45.346541], [14.396935, 45.34641], [14.396778, 45.346131], [14.396818, 45.346005], [14.396859, 45.345856], [14.396953, 45.34499], [14.392899, 45.34641], [14.392309, 45.346583], [14.391574, 45.346087], [14.392652, 45.345301], [14.392958, 45.345101], [14.392944, 45.344905], [14.39318, 45.344822], [14.393574, 45.344649], [14.393749, 45.34453], [14.393867, 45.344419], [14.394277, 45.343936], [14.394167, 45.343763], [14.39398, 45.343556], [14.39384, 45.343548], [14.393711, 45.343545], [14.393581, 45.34352], [14.393777, 45.343207], [14.393628, 45.343174], [14.393795, 45.342841], [14.393937, 45.342694], [14.39432, 45.342439], [14.394474, 45.342355], [14.39451, 45.342312], [14.394494, 45.342244], [14.394444, 45.342172], [14.394264, 45.341988], [14.39395, 45.342153], [14.393797, 45.342261], [14.393716, 45.342342], [14.393653, 45.342437], [14.393587, 45.342559], [14.393542, 45.342711], [14.393251, 45.342665], [14.3931, 45.342507], [14.393087, 45.342287], [14.393078, 45.341874], [14.393199, 45.341435], [14.39456, 45.34005], [14.394696, 45.339891], [14.394781, 45.339714], [14.393632, 45.3401], [14.392936, 45.340308], [14.392059, 45.340515], [14.391138, 45.340671], [14.390309, 45.340757], [14.389418, 45.340835], [14.386951, 45.341058], [14.385169, 45.34123], [14.384144, 45.341418], [14.383258, 45.341622], [14.382596, 45.341806], [14.380948, 45.342424], [14.378911, 45.343166], [14.376761, 45.343965], [14.375302, 45.344509], [14.37311, 45.345305], [14.371368, 45.34594], [14.366177, 45.347868]]]}, "properties": {"id": 31, "razina": "cetvrt", "name": "Zamet", "jls_name": "Rijeka", "jls_maticni_broj": "03735", "zupanija": "Primorsko-goranska", "area_km2": 1.4103, "stanovnistvo": null, "palette_idx": 1, "source": "OSM boundary=administrative admin_level=9 (ODbL)"}}, {"type": "Feature", "id": 32, "geometry": {"type": "Polygon", "coordinates": [[[14.44121, 45.327535], [14.441487, 45.327936], [14.442073, 45.328704], [14.442302, 45.329032], [14.442777, 45.328898], [14.443616, 45.328664], [14.443954, 45.328565], [14.444411, 45.328336], [14.444665, 45.328197], [14.444811, 45.328127], [14.444992, 45.328104], [14.445088, 45.328561], [14.44541, 45.328637], [14.445589, 45.328805], [14.44573, 45.329048], [14.445615, 45.329052], [14.445663, 45.329256], [14.445924, 45.329283], [14.446428, 45.329406], [14.446403, 45.329489], [14.446527, 45.329577], [14.446773, 45.329689], [14.446706, 45.329747], [14.447334, 45.329857], [14.447418, 45.32993], [14.447999, 45.330149], [14.448451, 45.330281], [14.448537, 45.33024], [14.448681, 45.330308], [14.448692, 45.330379], [14.449079, 45.330489], [14.449701, 45.330805], [14.450007, 45.331262], [14.450538, 45.331726], [14.450913, 45.331824], [14.450254, 45.33225], [14.450291, 45.332918], [14.450849, 45.332827], [14.450983, 45.333069], [14.450774, 45.333442], [14.450629, 45.333604], [14.450377, 45.333646], [14.450414, 45.334689], [14.450615, 45.334902], [14.450875, 45.334976], [14.450924, 45.335011], [14.451706, 45.335059], [14.451835, 45.33492], [14.452081, 45.334888], [14.452419, 45.334912], [14.452521, 45.334864], [14.452794, 45.334881], [14.453728, 45.335109], [14.454042, 45.335122], [14.454387, 45.334935], [14.455172, 45.33451], [14.45605, 45.334346], [14.456175, 45.33396], [14.45589, 45.333884], [14.455465, 45.33388], [14.4552, 45.333888], [14.45486, 45.334007], [14.4545, 45.334308], [14.4543, 45.33447], [14.453849, 45.334672], [14.452347, 45.334124], [14.452074, 45.333994], [14.451851, 45.333824], [14.451679, 45.333578], [14.451669, 45.333379], [14.451724, 45.332996], [14.451749, 45.332746], [14.45188, 45.332287], [14.452074, 45.331789], [14.452158, 45.331582], [14.452204, 45.331409], [14.452191, 45.331142], [14.452077, 45.330848], [14.451826, 45.330644], [14.451346, 45.330202], [14.450756, 45.32978], [14.450131, 45.329386], [14.449208, 45.328841], [14.44888, 45.328583], [14.448677, 45.328257], [14.448565, 45.328085], [14.448519, 45.327814], [14.448494, 45.327448], [14.447931, 45.327443], [14.447508, 45.327079], [14.447229, 45.326815], [14.446799, 45.326443], [14.446219, 45.325972], [14.445957, 45.325823], [14.445767, 45.326028], [14.445568, 45.325936], [14.445505, 45.325845], [14.444728, 45.325752], [14.444134, 45.325753], [14.444223, 45.325879], [14.44425, 45.326044], [14.443994, 45.326071], [14.443971, 45.326046], [14.443419, 45.32644], [14.443127, 45.326628], [14.443429, 45.327068], [14.442824, 45.327297], [14.442644, 45.327047], [14.441817, 45.327325], [14.441754, 45.327345], [14.44121, 45.327535]]]}, "properties": {"id": 32, "razina": "cetvrt", "name": "Školjić-Stari grad", "jls_name": "Rijeka", "jls_maticni_broj": "03735", "zupanija": "Primorsko-goranska", "area_km2": 0.2645, "stanovnistvo": null, "palette_idx": 3, "source": "OSM boundary=administrative admin_level=9 (ODbL)"}}, {"type": "Feature", "id": 33, "geometry": {"type": "Polygon", "coordinates": [[[14.403591, 45.36267], [14.40358, 45.362708], [14.403533, 45.362782], [14.403436, 45.362852], [14.402937, 45.363163], [14.403085, 45.363515], [14.402722, 45.364432], [14.402614, 45.364431], [14.402505, 45.364435], [14.402322, 45.364448], [14.402225, 45.364464], [14.402149, 45.364489], [14.40203, 45.364505], [14.40204, 45.364517], [14.401968, 45.364521], [14.401929, 45.364523], [14.401914, 45.364525], [14.401906, 45.364528], [14.401899, 45.36453], [14.401854, 45.364558], [14.401836, 45.364567], [14.401814, 45.364575], [14.401776, 45.364587], [14.401642, 45.364645], [14.401588, 45.364703], [14.401573, 45.364732], [14.401751, 45.36486], [14.401762, 45.364851], [14.401768, 45.364851], [14.401773, 45.364854], [14.401782, 45.364864], [14.401795, 45.364888], [14.401808, 45.364922], [14.401823, 45.364985], [14.401829, 45.365031], [14.40183, 45.365061], [14.401834, 45.365117], [14.401832, 45.365133], [14.401827, 45.365139], [14.401821, 45.365143], [14.401699, 45.365191], [14.40155, 45.365248], [14.401588, 45.36528], [14.401618, 45.365295], [14.401653, 45.365318], [14.401683, 45.365344], [14.401715, 45.365384], [14.401823, 45.365475], [14.401822, 45.365479], [14.401756, 45.365653], [14.401827, 45.365717], [14.401866, 45.365764], [14.401887, 45.365807], [14.401917, 45.365847], [14.401841, 45.365885], [14.401872, 45.365921], [14.401914, 45.365969], [14.401969, 45.366034], [14.401999, 45.366065], [14.40197, 45.366082], [14.401982, 45.366092], [14.402011, 45.366076], [14.402094, 45.366148], [14.402186, 45.366229], [14.402116, 45.36624], [14.402054, 45.366257], [14.401978, 45.366272], [14.40189, 45.366282], [14.401832, 45.366306], [14.401687, 45.366357], [14.401633, 45.366371], [14.401674, 45.366419], [14.401757, 45.366565], [14.401701, 45.366587], [14.401602, 45.366653], [14.401623, 45.366668], [14.401646, 45.366688], [14.401692, 45.366727], [14.401757, 45.366769], [14.401798, 45.366796], [14.40183, 45.366814], [14.401893, 45.366844], [14.401994, 45.366907], [14.402074, 45.366947], [14.402108, 45.36697], [14.402152, 45.366997], [14.402242, 45.367044], [14.402294, 45.367067], [14.402273, 45.367105], [14.402225, 45.367145], [14.402192, 45.367178], [14.402182, 45.367221], [14.402152, 45.367296], [14.402093, 45.367355], [14.402112, 45.367388], [14.402126, 45.367412], [14.402145, 45.367438], [14.402157, 45.36745], [14.402208, 45.367486], [14.402265, 45.367517], [14.402304, 45.36753], [14.402388, 45.367553], [14.402562, 45.36755], [14.402594, 45.367541], [14.402648, 45.367601], [14.402763, 45.367712], [14.402832, 45.367791], [14.402872, 45.367827], [14.402935, 45.367866], [14.402948, 45.367881], [14.402949, 45.367917], [14.402956, 45.367933], [14.403036, 45.367981], [14.403103, 45.367959], [14.403128, 45.367932], [14.40316, 45.367921], [14.403184, 45.367886], [14.403214, 45.367855], [14.403236, 45.367852], [14.403283, 45.367857], [14.403341, 45.36784], [14.403381, 45.367847], [14.40341, 45.367838], [14.403472, 45.367803], [14.403503, 45.367875], [14.403551, 45.367927], [14.403593, 45.367964], [14.40364, 45.367993], [14.403704, 45.367997], [14.403722, 45.367974], [14.403813, 45.367841], [14.403835, 45.367814], [14.403851, 45.367787], [14.403941, 45.367729], [14.403981, 45.367652], [14.404023, 45.367579], [14.40407, 45.367487], [14.404108, 45.367447], [14.404158, 45.367407], [14.404224, 45.367316], [14.404242, 45.36723], [14.404265, 45.367205], [14.404344, 45.367059], [14.404343, 45.367007], [14.404329, 45.366988], [14.404289, 45.366973], [14.404226, 45.366823], [14.404277, 45.366779], [14.404288, 45.366761], [14.404289, 45.366749], [14.404321, 45.36676], [14.404379, 45.366783], [14.404371, 45.366795], [14.404387, 45.366842], [14.404457, 45.366821], [14.404481, 45.366799], [14.404463, 45.366796], [14.404439, 45.36678], [14.404427, 45.366762], [14.404479, 45.36676], [14.404526, 45.366731], [14.404554, 45.366709], [14.4046, 45.366692], [14.404682, 45.366672], [14.404727, 45.366663], [14.404768, 45.36665], [14.404812, 45.366644], [14.404863, 45.366658], [14.404897, 45.366675], [14.404905, 45.366693], [14.404908, 45.36672], [14.404912, 45.366748], [14.404984, 45.366713], [14.404975, 45.366721], [14.404951, 45.366758], [14.404945, 45.366784], [14.404977, 45.366866], [14.404949, 45.36687], [14.404936, 45.36688], [14.404952, 45.366895], [14.404973, 45.366926], [14.40498, 45.366959], [14.405008, 45.366974], [14.405042, 45.366977], [14.405083, 45.366987], [14.405091, 45.366998], [14.405101, 45.367005], [14.405114, 45.367003], [14.405137, 45.367003], [14.405171, 45.366996], [14.405184, 45.367008], [14.405188, 45.367016], [14.405262, 45.367112], [14.405297, 45.367116], [14.405416, 45.367082], [14.405482, 45.36706], [14.405568, 45.367021], [14.405644, 45.36697], [14.405706, 45.36692], [14.405667, 45.366783], [14.40565, 45.366736], [14.405625, 45.366708], [14.405624, 45.366697], [14.405571, 45.366635], [14.405518, 45.366588], [14.405583, 45.366569], [14.405623, 45.366589], [14.405677, 45.366604], [14.405813, 45.366623], [14.4059, 45.366643], [14.405941, 45.366647], [14.405978, 45.366651], [14.406092, 45.366671], [14.406193, 45.366671], [14.406268, 45.366664], [14.406331, 45.36665], [14.406397, 45.366672], [14.406517, 45.366696], [14.406671, 45.366722], [14.406825, 45.366757], [14.406912, 45.366771], [14.406919, 45.366739], [14.407002, 45.366785], [14.407084, 45.366821], [14.407239, 45.366875], [14.407141, 45.366954], [14.407245, 45.366969], [14.407509, 45.367047], [14.407558, 45.367071], [14.40763, 45.367105], [14.407704, 45.367158], [14.407746, 45.367192], [14.40772, 45.367222], [14.40779, 45.367258], [14.407901, 45.367332], [14.407975, 45.36738], [14.408033, 45.367394], [14.408171, 45.367417], [14.408193, 45.367416], [14.408337, 45.36744], [14.408431, 45.367447], [14.408514, 45.367449], [14.408584, 45.367453], [14.408678, 45.367454], [14.408869, 45.367496], [14.409007, 45.367536], [14.409038, 45.367544], [14.409119, 45.367577], [14.409174, 45.367603], [14.409288, 45.367666], [14.409314, 45.367683], [14.409345, 45.367711], [14.40935, 45.36773], [14.409339, 45.367755], [14.409526, 45.367822], [14.409579, 45.36792], [14.409604, 45.367967], [14.40964, 45.36795], [14.409805, 45.367878], [14.409954, 45.36785], [14.410293, 45.367821], [14.411385, 45.367653], [14.412978, 45.366639], [14.412989, 45.366424], [14.413048, 45.366259], [14.413563, 45.365983], [14.413665, 45.365983], [14.414051, 45.365704], [14.413998, 45.365441], [14.41432, 45.365301], [14.415038, 45.363526], [14.415275, 45.363552], [14.415596, 45.363221], [14.415435, 45.362757], [14.415618, 45.362772], [14.415913, 45.361785], [14.416181, 45.361787], [14.416825, 45.361792], [14.41751, 45.361099], [14.417281, 45.360614], [14.417173, 45.360326], [14.417308, 45.36005], [14.417624, 45.359901], [14.41794, 45.359984], [14.418011, 45.359889], [14.418318, 45.359483], [14.41821, 45.359144], [14.418467, 45.358989], [14.419, 45.35884], [14.41955, 45.358621], [14.419726, 45.358516], [14.420159, 45.358126], [14.420353, 45.358053], [14.420917, 45.357943], [14.421534, 45.357829], [14.421386, 45.357281], [14.421337, 45.356682], [14.421423, 45.356554], [14.421997, 45.356381], [14.421938, 45.356298], [14.422072, 45.356169], [14.421951, 45.35593], [14.421929, 45.355756], [14.422055, 45.355686], [14.421929, 45.355531], [14.421676, 45.355477], [14.421447, 45.355327], [14.421466, 45.355118], [14.4216, 45.355019], [14.421686, 45.355071], [14.422337, 45.354479], [14.421584, 45.354051], [14.421919, 45.353699], [14.422289, 45.352987], [14.423596, 45.351892], [14.423974, 45.351601], [14.42435, 45.351291], [14.424274, 45.351209], [14.425252, 45.350801], [14.425237, 45.350659], [14.424979, 45.35051], [14.425339, 45.350237], [14.426769, 45.344634], [14.4264, 45.344514], [14.426182, 45.344346], [14.424938, 45.344687], [14.42325, 45.34506], [14.422779, 45.345109], [14.422132, 45.345147], [14.42098, 45.345098], [14.419825, 45.344931], [14.419819, 45.345045], [14.419924, 45.345456], [14.419915, 45.345652], [14.419857, 45.345822], [14.419587, 45.346385], [14.419285, 45.3468], [14.41907, 45.347193], [14.419021, 45.346935], [14.418888, 45.346574], [14.418786, 45.346311], [14.418748, 45.346013], [14.418503, 45.345862], [14.418476, 45.346058], [14.418317, 45.346186], [14.417939, 45.346223], [14.417753, 45.346305], [14.417707, 45.346649], [14.416788, 45.348201], [14.416355, 45.348734], [14.415698, 45.349371], [14.414811, 45.350088], [14.413873, 45.350702], [14.413694, 45.351361], [14.413446, 45.352182], [14.413044, 45.352146], [14.412323, 45.353231], [14.411277, 45.354567], [14.40831, 45.357135], [14.408451, 45.357445], [14.408004, 45.357602], [14.40676, 45.359058], [14.406505, 45.359372], [14.406403, 45.359699], [14.403591, 45.36267]]]}, "properties": {"id": 33, "razina": "cetvrt", "name": "Škurinje", "jls_name": "Rijeka", "jls_maticni_broj": "03735", "zupanija": "Primorsko-goranska", "area_km2": 2.1135, "stanovnistvo": null, "palette_idx": 3, "source": "OSM boundary=administrative admin_level=9 (ODbL)"}}, {"type": "Feature", "id": 34, "geometry": {"type": "Polygon", "coordinates": [[[14.419825, 45.344931], [14.42098, 45.345098], [14.422132, 45.345147], [14.422779, 45.345109], [14.42325, 45.34506], [14.424938, 45.344687], [14.426182, 45.344346], [14.4264, 45.344514], [14.426769, 45.344634], [14.427065, 45.344087], [14.429044, 45.343186], [14.429707, 45.343576], [14.430185, 45.343281], [14.430343, 45.343414], [14.430952, 45.343519], [14.431322, 45.343322], [14.431381, 45.343259], [14.431823, 45.343214], [14.432233, 45.342872], [14.432685, 45.343208], [14.43296, 45.343319], [14.433122, 45.343639], [14.433221, 45.343966], [14.433104, 45.34413], [14.433447, 45.344083], [14.433898, 45.344108], [14.435878, 45.344787], [14.437498, 45.345852], [14.437651, 45.346106], [14.437601, 45.346432], [14.437139, 45.346614], [14.437224, 45.346704], [14.437328, 45.346891], [14.437396, 45.347146], [14.437554, 45.347872], [14.437561, 45.348067], [14.437531, 45.348314], [14.437563, 45.348397], [14.43763, 45.348483], [14.437751, 45.348544], [14.43783, 45.348559], [14.437942, 45.348556], [14.438086, 45.34853], [14.438185, 45.348447], [14.438424, 45.348185], [14.438957, 45.347782], [14.439373, 45.347564], [14.440191, 45.347166], [14.440349, 45.347029], [14.440691, 45.346434], [14.440836, 45.346078], [14.441153, 45.345199], [14.441238, 45.345024], [14.441391, 45.344764], [14.44138, 45.344554], [14.4413, 45.344404], [14.440655, 45.343718], [14.440535, 45.343577], [14.440495, 45.343429], [14.440525, 45.342826], [14.440491, 45.3427], [14.440361, 45.34251], [14.440129, 45.342445], [14.439863, 45.342442], [14.439553, 45.342552], [14.439317, 45.342623], [14.439065, 45.342648], [14.438728, 45.342617], [14.438458, 45.342555], [14.438043, 45.342416], [14.437744, 45.342294], [14.437625, 45.34217], [14.437581, 45.34206], [14.437635, 45.341905], [14.434655, 45.341139], [14.434517, 45.341045], [14.434339, 45.340781], [14.434191, 45.34054], [14.434756, 45.338533], [14.435553, 45.338173], [14.43666, 45.337653], [14.437239, 45.33739], [14.437583, 45.337251], [14.438069, 45.337117], [14.438507, 45.337059], [14.439017, 45.337044], [14.439015, 45.336848], [14.438568, 45.336608], [14.438848, 45.336581], [14.43864, 45.33648], [14.438469, 45.335896], [14.438029, 45.336114], [14.437086, 45.336311], [14.435907, 45.336503], [14.434519, 45.33673], [14.434252, 45.336723], [14.433992, 45.336663], [14.433901, 45.336421], [14.434071, 45.33609], [14.434238, 45.335823], [14.433808, 45.335599], [14.433686, 45.335802], [14.433405, 45.335775], [14.433087, 45.335707], [14.433146, 45.335559], [14.433345, 45.335412], [14.433508, 45.335428], [14.433603, 45.335111], [14.433373, 45.335072], [14.43344, 45.334907], [14.433624, 45.334935], [14.433635, 45.334747], [14.433557, 45.33448], [14.433557, 45.3344], [14.433725, 45.334378], [14.433715, 45.334154], [14.433711, 45.334018], [14.433188, 45.334033], [14.433055, 45.334291], [14.43292, 45.334565], [14.433053, 45.334609], [14.432919, 45.335109], [14.432872, 45.335102], [14.432775, 45.3354], [14.432645, 45.335564], [14.432339, 45.336471], [14.43249, 45.336506], [14.432429, 45.336573], [14.432605, 45.336601], [14.43258, 45.336713], [14.432609, 45.33684], [14.432655, 45.336912], [14.432682, 45.337019], [14.432672, 45.337129], [14.432613, 45.337221], [14.432488, 45.337288], [14.432323, 45.337136], [14.432121, 45.336988], [14.431851, 45.337074], [14.431075, 45.337443], [14.430397, 45.337719], [14.430225, 45.337694], [14.430036, 45.337655], [14.429878, 45.337662], [14.429636, 45.337795], [14.429377, 45.338107], [14.429014, 45.338383], [14.429061, 45.338673], [14.428978, 45.338879], [14.42877, 45.339136], [14.427663, 45.338609], [14.427501, 45.338772], [14.42702, 45.338958], [14.426662, 45.339116], [14.426563, 45.339211], [14.426658, 45.339354], [14.427052, 45.339808], [14.426868, 45.33989], [14.426673, 45.339939], [14.426594, 45.339979], [14.426345, 45.340107], [14.426153, 45.34018], [14.425795, 45.340315], [14.425518, 45.340667], [14.425024, 45.340493], [14.424626, 45.340571], [14.423996, 45.341003], [14.423169, 45.341634], [14.422722, 45.34158], [14.42232, 45.341997], [14.421478, 45.343248], [14.421302, 45.343541], [14.421127, 45.343561], [14.420995, 45.343584], [14.420833, 45.343661], [14.420747, 45.343736], [14.420618, 45.343898], [14.420507, 45.344095], [14.419996, 45.344628], [14.419866, 45.344836], [14.419825, 45.344931]]]}, "properties": {"id": 34, "razina": "cetvrt", "name": "Škurinjska Draga", "jls_name": "Rijeka", "jls_maticni_broj": "03735", "zupanija": "Primorsko-goranska", "area_km2": 0.8891, "stanovnistvo": null, "palette_idx": 0, "source": "OSM boundary=administrative admin_level=9 (ODbL)"}}, {"type": "Feature", "id": 35, "geometry": {"type": "MultiPolygon", "coordinates": [[[[14.431966, 45.324584], [14.432089, 45.324568], [14.433411, 45.324475], [14.436299, 45.324255], [14.43825, 45.324119], [14.438257, 45.32416], [14.439148, 45.324096], [14.439159, 45.324182], [14.439169, 45.324226], [14.43918, 45.324236], [14.439203, 45.324238], [14.439537, 45.324208], [14.43967, 45.324084], [14.439746, 45.323976], [14.439758, 45.323936], [14.439768, 45.323902], [14.439769, 45.323876], [14.439772, 45.323842], [14.439825, 45.323844], [14.439943, 45.323662], [14.439956, 45.32364], [14.439956, 45.32362], [14.439949, 45.323607], [14.439932, 45.323594], [14.439909, 45.32359], [14.439883, 45.323592], [14.439516, 45.323627], [14.439274, 45.323647], [14.438999, 45.323665], [14.438922, 45.323123], [14.438916, 45.323083], [14.438792, 45.323088], [14.438797, 45.323129], [14.438785, 45.323133], [14.43875, 45.323145], [14.438718, 45.323168], [14.438703, 45.323237], [14.438708, 45.323326], [14.438684, 45.323349], [14.438682, 45.323404], [14.438689, 45.323518], [14.438703, 45.323641], [14.438691, 45.323685], [14.43862, 45.323741], [14.438503, 45.323787], [14.438239, 45.323839], [14.43798, 45.323888], [14.437885, 45.323891], [14.437822, 45.323901], [14.437756, 45.323924], [14.437608, 45.323957], [14.437385, 45.323981], [14.437211, 45.323981], [14.437105, 45.323976], [14.43702, 45.324002], [14.436881, 45.324013], [14.43665, 45.324018], [14.436434, 45.324038], [14.436131, 45.324068], [14.435694, 45.324106], [14.435589, 45.324108], [14.435322, 45.324137], [14.43502, 45.324142], [14.434842, 45.324183], [14.434708, 45.324178], [14.434504, 45.324201], [14.434441, 45.324214], [14.434355, 45.324205], [14.434186, 45.324238], [14.434008, 45.324239], [14.433917, 45.324252], [14.433836, 45.324252], [14.43371, 45.324268], [14.433637, 45.324258], [14.433488, 45.324261], [14.433286, 45.324281], [14.433042, 45.324298], [14.432815, 45.324324], [14.432489, 45.32434], [14.432298, 45.324357], [14.432144, 45.324387], [14.432119, 45.324384], [14.431964, 45.324422], [14.431904, 45.324407], [14.431724, 45.324455], [14.431524, 45.324499], [14.431341, 45.32456], [14.431253, 45.324571], [14.431047, 45.324644], [14.430844, 45.324702], [14.430278, 45.324915], [14.430192, 45.324925], [14.430168, 45.324953], [14.429725, 45.325105], [14.429687, 45.325089], [14.429546, 45.325171], [14.429459, 45.325199], [14.429421, 45.325217], [14.429372, 45.325225], [14.429332, 45.32525], [14.429226, 45.325273], [14.429196, 45.325295], [14.429118, 45.325312], [14.429069, 45.325337], [14.429046, 45.325332], [14.428859, 45.325408], [14.428742, 45.325442], [14.428533, 45.325531], [14.42846, 45.325543], [14.428358, 45.325574], [14.428265, 45.32559], [14.428165, 45.32564], [14.427808, 45.325768], [14.42763, 45.32581], [14.427477, 45.325878], [14.427121, 45.325999], [14.426943, 45.326054], [14.426904, 45.326082], [14.426775, 45.326113], [14.42658, 45.32618], [14.426233, 45.326313], [14.426064, 45.326358], [14.426, 45.326387], [14.425873, 45.326416], [14.425715, 45.326488], [14.425457, 45.326559], [14.425318, 45.326586], [14.425179, 45.32661], [14.425031, 45.326626], [14.424893, 45.326614], [14.424703, 45.326666], [14.424657, 45.326655], [14.424563, 45.326661], [14.424509, 45.326685], [14.424362, 45.326698], [14.424083, 45.326718], [14.423929, 45.326753], [14.42381, 45.326739], [14.423673, 45.326758], [14.423507, 45.326772], [14.423317, 45.326798], [14.423252, 45.326799], [14.423136, 45.32682], [14.422967, 45.32685], [14.422783, 45.326831], [14.422562, 45.326883], [14.422403, 45.32692], [14.422269, 45.326906], [14.422028, 45.326919], [14.421755, 45.326978], [14.421564, 45.326988], [14.421247, 45.327023], [14.421076, 45.327048], [14.420987, 45.327064], [14.420822, 45.327057], [14.420666, 45.327094], [14.420567, 45.327103], [14.42045, 45.327093], [14.420371, 45.327115], [14.420226, 45.327136], [14.42003, 45.327125], [14.419953, 45.327088], [14.419834, 45.327091], [14.419771, 45.327073], [14.419696, 45.327067], [14.419525, 45.327051], [14.419182, 45.327028], [14.419159, 45.327034], [14.419148, 45.32705], [14.419045, 45.327041], [14.419032, 45.327117], [14.420341, 45.327252], [14.423648, 45.326892], [14.423657, 45.326945], [14.425519, 45.326743], [14.431196, 45.324803], [14.431404, 45.324733], [14.431662, 45.324658], [14.431966, 45.324584]]], [[[14.43922, 45.326524], [14.439179, 45.32654], [14.439111, 45.326563], [14.438686, 45.325972], [14.438652, 45.325983], [14.438519, 45.326027], [14.438123, 45.32616], [14.438552, 45.326782], [14.437853, 45.327054], [14.437808, 45.327071], [14.437554, 45.326673], [14.437445, 45.326524], [14.43656, 45.326838], [14.435728, 45.325625], [14.434805, 45.325928], [14.435538, 45.327031], [14.432722, 45.327998], [14.432599, 45.327811], [14.431641, 45.32641], [14.43067, 45.32675], [14.431615, 45.328126], [14.427495, 45.329549], [14.426853, 45.328613], [14.426837, 45.328595], [14.426809, 45.328583], [14.426772, 45.328583], [14.425922, 45.328877], [14.425906, 45.328896], [14.42591, 45.328921], [14.426568, 45.329845], [14.424042, 45.330344], [14.422119, 45.330711], [14.4218, 45.329912], [14.421553, 45.32928], [14.416824, 45.330657], [14.417232, 45.331367], [14.417461, 45.33175], [14.414167, 45.332719], [14.413974, 45.332776], [14.413714, 45.332852], [14.413638, 45.332744], [14.413504, 45.33278], [14.413387, 45.33262], [14.413362, 45.332619], [14.413288, 45.332567], [14.413184, 45.332537], [14.413041, 45.332522], [14.412848, 45.332562], [14.412681, 45.332599], [14.412402, 45.332635], [14.412314, 45.332684], [14.412034, 45.332745], [14.411897, 45.332758], [14.41174, 45.332796], [14.411617, 45.332816], [14.411436, 45.332846], [14.411333, 45.332892], [14.411206, 45.332923], [14.411133, 45.332932], [14.411029, 45.332918], [14.410881, 45.33293], [14.410696, 45.33296], [14.410617, 45.332951], [14.410487, 45.332966], [14.410395, 45.332997], [14.410259, 45.332985], [14.410199, 45.333032], [14.410208, 45.333086], [14.410247, 45.333104], [14.410317, 45.333059], [14.410401, 45.333048], [14.410471, 45.333009], [14.410554, 45.332998], [14.410622, 45.333022], [14.410784, 45.33301], [14.410947, 45.332992], [14.411162, 45.333022], [14.411175, 45.333065], [14.41136, 45.333033], [14.411519, 45.332923], [14.411789, 45.332934], [14.412221, 45.332845], [14.412689, 45.33278], [14.413118, 45.332691], [14.413189, 45.332705], [14.413267, 45.332757], [14.413326, 45.332843], [14.413695, 45.333374], [14.411551, 45.334112], [14.411374, 45.333866], [14.411477, 45.33384], [14.411373, 45.3337], [14.411265, 45.333702], [14.411198, 45.333651], [14.410889, 45.333881], [14.410699, 45.333984], [14.410648, 45.334006], [14.410585, 45.334005], [14.410528, 45.334023], [14.410417, 45.334104], [14.41027, 45.334169], [14.409638, 45.334266], [14.409668, 45.334322], [14.408998, 45.334399], [14.408791, 45.334412], [14.408705, 45.334411], [14.408602, 45.334411], [14.408438, 45.334382], [14.408228, 45.33438], [14.407301, 45.334401], [14.406741, 45.33417], [14.406644, 45.334116], [14.406629, 45.334111], [14.406409, 45.334033], [14.406308, 45.333994], [14.406259, 45.333982], [14.406018, 45.333889], [14.405951, 45.333883], [14.405922, 45.333861], [14.405722, 45.333836], [14.405675, 45.333853], [14.405665, 45.333844], [14.405674, 45.333834], [14.405492, 45.333842], [14.405038, 45.33388], [14.404707, 45.334042], [14.404386, 45.334214], [14.404118, 45.334182], [14.40395, 45.334181], [14.403892, 45.3342], [14.403807, 45.3342], [14.403743, 45.334138], [14.403793, 45.334106], [14.403642, 45.333977], [14.403346, 45.334128], [14.403451, 45.334203], [14.401821, 45.334206], [14.401568, 45.334261], [14.400903, 45.334285], [14.400507, 45.334292], [14.40006, 45.334342], [14.40003, 45.334392], [14.399918, 45.334395], [14.399599, 45.334295], [14.399565, 45.334374], [14.399687, 45.334412], [14.399696, 45.33439], [14.399895, 45.334457], [14.40176, 45.334408], [14.401769, 45.334827], [14.400837, 45.334835], [14.400847, 45.335218], [14.400062, 45.335226], [14.400053, 45.334673], [14.399855, 45.334669], [14.399855, 45.334716], [14.399903, 45.334726], [14.399941, 45.33473], [14.399949, 45.33515], [14.399567, 45.335155], [14.398673, 45.335155], [14.398684, 45.334959], [14.39769, 45.334969], [14.396029, 45.334919], [14.395172, 45.334882], [14.394743, 45.335025], [14.393814, 45.335029], [14.393816, 45.335069], [14.393629, 45.335084], [14.393225, 45.334975], [14.392487, 45.334794], [14.392414, 45.334798], [14.392241, 45.334859], [14.39202, 45.334881], [14.391752, 45.334955], [14.391474, 45.335045], [14.391481, 45.335059], [14.391441, 45.335077], [14.391489, 45.335203], [14.392481, 45.334984], [14.393888, 45.335327], [14.393903, 45.335341], [14.393904, 45.33536], [14.39385, 45.335476], [14.39663, 45.336155], [14.39638, 45.336642], [14.393206, 45.335883], [14.392685, 45.33647], [14.391023, 45.335743], [14.390942, 45.335835], [14.391478, 45.336073], [14.391433, 45.336135], [14.39146, 45.336146], [14.391015, 45.336708], [14.390472, 45.336494], [14.390422, 45.336552], [14.389439, 45.336112], [14.388998, 45.336121], [14.388469, 45.336152], [14.388306, 45.336171], [14.38731, 45.336461], [14.387275, 45.336506], [14.386838, 45.336638], [14.386817, 45.336666], [14.386802, 45.336667], [14.386743, 45.33673], [14.386785, 45.336728], [14.386832, 45.336744], [14.386875, 45.336685], [14.388474, 45.336208], [14.388476, 45.33624], [14.388861, 45.336227], [14.388898, 45.336524], [14.388917, 45.336675], [14.388482, 45.336716], [14.388174, 45.336598], [14.38742, 45.336813], [14.387434, 45.336835], [14.38761, 45.336786], [14.387642, 45.336829], [14.387811, 45.336779], [14.387834, 45.336788], [14.387838, 45.33681], [14.388164, 45.336777], [14.388356, 45.336875], [14.3884, 45.336979], [14.388443, 45.337081], [14.3883, 45.337292], [14.388174, 45.337306], [14.388049, 45.337291], [14.387486, 45.337089], [14.38741, 45.336951], [14.387358, 45.336962], [14.387421, 45.337087], [14.386844, 45.337235], [14.386774, 45.337117], [14.386724, 45.337125], [14.386777, 45.337234], [14.386693, 45.337315], [14.386694, 45.337378], [14.38659, 45.337427], [14.386311, 45.337493], [14.386263, 45.337453], [14.386138, 45.337357], [14.385928, 45.337391], [14.385891, 45.337371], [14.385848, 45.337355], [14.385803, 45.337375], [14.385776, 45.337403], [14.385611, 45.337382], [14.385517, 45.337364], [14.385323, 45.337405], [14.385144, 45.337429], [14.38506, 45.337471], [14.384904, 45.33748], [14.384906, 45.337498], [14.384817, 45.337513], [14.384519, 45.3376], [14.384365, 45.33757], [14.384221, 45.337601], [14.384105, 45.337642], [14.384047, 45.33762], [14.383814, 45.337696], [14.383559, 45.33775], [14.383554, 45.337796], [14.383466, 45.33784], [14.383407, 45.337823], [14.383364, 45.337878], [14.383336, 45.337914], [14.383242, 45.337933], [14.383141, 45.337954], [14.383081, 45.338001], [14.382459, 45.338052], [14.382148, 45.338056], [14.38192, 45.338022], [14.381835, 45.337991], [14.381717, 45.337947], [14.381681, 45.337931], [14.381439, 45.33782], [14.381336, 45.337791], [14.380923, 45.33775], [14.380437, 45.337752], [14.380147, 45.337775], [14.379906, 45.337849], [14.379403, 45.338046], [14.379138, 45.338106], [14.378135, 45.338337], [14.377535, 45.338491], [14.377426, 45.338527], [14.377292, 45.338594], [14.377275, 45.33861], [14.377303, 45.338625], [14.377292, 45.33864], [14.377326, 45.338659], [14.377364, 45.338628], [14.377598, 45.338607], [14.37761, 45.338657], [14.377919, 45.338705], [14.378008, 45.338735], [14.378364, 45.338778], [14.378847, 45.338715], [14.378959, 45.339089], [14.378469, 45.339173], [14.378318, 45.339149], [14.378067, 45.339073], [14.37783, 45.339051], [14.377804, 45.339024], [14.377929, 45.338857], [14.377891, 45.338841], [14.377847, 45.338867], [14.377767, 45.33893], [14.377646, 45.339018], [14.377591, 45.338977], [14.377385, 45.338969], [14.377222, 45.338998], [14.377188, 45.339007], [14.377165, 45.338998], [14.377162, 45.338984], [14.377141, 45.338993], [14.377145, 45.339031], [14.377165, 45.33905], [14.377137, 45.33906], [14.377099, 45.339042], [14.377055, 45.339068], [14.376985, 45.339073], [14.37691, 45.33913], [14.376807, 45.339147], [14.376754, 45.339243], [14.376703, 45.339287], [14.376695, 45.339369], [14.376655, 45.339395], [14.376617, 45.339379], [14.376592, 45.339419], [14.376585, 45.33949], [14.376504, 45.339514], [14.376463, 45.339522], [14.376438, 45.33954], [14.376437, 45.339555], [14.376421, 45.339565], [14.376421, 45.339577], [14.376419, 45.339585], [14.376447, 45.339611], [14.3763, 45.339652], [14.376252, 45.339652], [14.376202, 45.339638], [14.376212, 45.339607], [14.376216, 45.339556], [14.376198, 45.339552], [14.376186, 45.339545], [14.376145, 45.339548], [14.376137, 45.339553], [14.376135, 45.339561], [14.376141, 45.339564], [14.376141, 45.339568], [14.376137, 45.33957], [14.376135, 45.339574], [14.376143, 45.339581], [14.376142, 45.339584], [14.376137, 45.339588], [14.376137, 45.339604], [14.376129, 45.339605], [14.376129, 45.339601], [14.37609, 45.339581], [14.37606, 45.339587], [14.376058, 45.339605], [14.376025, 45.339602], [14.376011, 45.339603], [14.376002, 45.339586], [14.375972, 45.339588], [14.375994, 45.339672], [14.375776, 45.3397], [14.375735, 45.339559], [14.375656, 45.339484], [14.375566, 45.339537], [14.375576, 45.339547], [14.375535, 45.339576], [14.375529, 45.339604], [14.375504, 45.339632], [14.375489, 45.339633], [14.375481, 45.339613], [14.375465, 45.339607], [14.375452, 45.339608], [14.375443, 45.339611], [14.375437, 45.339608], [14.375428, 45.339614], [14.375438, 45.339623], [14.375428, 45.339627], [14.37542, 45.339635], [14.375418, 45.339654], [14.375433, 45.339666], [14.375451, 45.339668], [14.375468, 45.339667], [14.375347, 45.339723], [14.375339, 45.339716], [14.375314, 45.339717], [14.375305, 45.339726], [14.375293, 45.339726], [14.375284, 45.339722], [14.375253, 45.33973], [14.375252, 45.339736], [14.375222, 45.33975], [14.375216, 45.339756], [14.375206, 45.339758], [14.375203, 45.339772], [14.37519, 45.339766], [14.375167, 45.339776], [14.375171, 45.339793], [14.375134, 45.339796], [14.37513, 45.339803], [14.375157, 45.339808], [14.375156, 45.339815], [14.375089, 45.339848], [14.375061, 45.339831], [14.375023, 45.339851], [14.375014, 45.33985], [14.375015, 45.339871], [14.375003, 45.339878], [14.375014, 45.339884], [14.374928, 45.339924], [14.374926, 45.339914], [14.374911, 45.339914], [14.374901, 45.339921], [14.374861, 45.339924], [14.37486, 45.339936], [14.374875, 45.339946], [14.374889, 45.339948], [14.374889, 45.339954], [14.374871, 45.339958], [14.374868, 45.339973], [14.374851, 45.339982], [14.374823, 45.339951], [14.374771, 45.339979], [14.374658, 45.340035], [14.374576, 45.339981], [14.374539, 45.340006], [14.374575, 45.340049], [14.374525, 45.340053], [14.374472, 45.340005], [14.374431, 45.339984], [14.374392, 45.340022], [14.374339, 45.340119], [14.374255, 45.34012], [14.374057, 45.340165], [14.373887, 45.340185], [14.373733, 45.340204], [14.373533, 45.340229], [14.373373, 45.340231], [14.373345, 45.340212], [14.373293, 45.340177], [14.373097, 45.340044], [14.372893, 45.339948], [14.372741, 45.339919], [14.372583, 45.339939], [14.372467, 45.340014], [14.372401, 45.340101], [14.372264, 45.340257], [14.372254, 45.340332], [14.372188, 45.340409], [14.372069, 45.34048], [14.372051, 45.340483], [14.371821, 45.34052], [14.371519, 45.340528], [14.371317, 45.340512], [14.371147, 45.340468], [14.371018, 45.340291], [14.370939, 45.340282], [14.370862, 45.340306], [14.370842, 45.34037], [14.370983, 45.340575], [14.370989, 45.340644], [14.370924, 45.340744], [14.370693, 45.340933], [14.370506, 45.341066], [14.370286, 45.34115], [14.370083, 45.341209], [14.369891, 45.341233], [14.369892, 45.341206], [14.369851, 45.341204], [14.369808, 45.341201], [14.369793, 45.341189], [14.36977, 45.341169], [14.369718, 45.341058], [14.369677, 45.341068], [14.36965, 45.341075], [14.36964, 45.341126], [14.369681, 45.341224], [14.369688, 45.341305], [14.369699, 45.341348], [14.369598, 45.34138], [14.369498, 45.34137], [14.369467, 45.341274], [14.369443, 45.341259], [14.369385, 45.34122], [14.369203, 45.341089], [14.368926, 45.340936], [14.368618, 45.340868], [14.368509, 45.340877], [14.368488, 45.340889], [14.368459, 45.340864], [14.368364, 45.340868], [14.36835, 45.340906], [14.368314, 45.340914], [14.368281, 45.340929], [14.368269, 45.340987], [14.368256, 45.341037], [14.368201, 45.341058], [14.368187, 45.341055], [14.368136, 45.341026], [14.368082, 45.341025], [14.368067, 45.341075], [14.367993, 45.34106], [14.367966, 45.34104], [14.367999, 45.341032], [14.368005, 45.341004], [14.367992, 45.340991], [14.367973, 45.34099], [14.367979, 45.340952], [14.367996, 45.340948], [14.367999, 45.34094], [14.367982, 45.340923], [14.367958, 45.340926], [14.367946, 45.340935], [14.367939, 45.340928], [14.367906, 45.340934], [14.367883, 45.340992], [14.367903, 45.340993], [14.367925, 45.341003], [14.367916, 45.341031], [14.367577, 45.341109], [14.367116, 45.3412], [14.366837, 45.341441], [14.366766, 45.341554], [14.366742, 45.341577], [14.366724, 45.341595], [14.366623, 45.341639], [14.36644, 45.341658], [14.366265, 45.341681], [14.366281, 45.341661], [14.366262, 45.341647], [14.366238, 45.341673], [14.366081, 45.341699], [14.365824, 45.341707], [14.365619, 45.341713], [14.365434, 45.341762], [14.365332, 45.34169], [14.365239, 45.34169], [14.36515, 45.341734], [14.365052, 45.34173], [14.364938, 45.341826], [14.364914, 45.341927], [14.36496, 45.341965], [14.364935, 45.342], [14.364875, 45.342015], [14.36469, 45.342132], [14.364621, 45.342082], [14.364528, 45.342032], [14.364433, 45.342064], [14.364303, 45.342045], [14.364296, 45.341951], [14.363921, 45.341878], [14.363854, 45.341941], [14.363714, 45.341953], [14.363549, 45.342042], [14.363471, 45.342029], [14.363399, 45.342088], [14.363414, 45.342161], [14.363281, 45.342204], [14.363292, 45.342337], [14.363157, 45.342474], [14.363123, 45.342711], [14.363166, 45.342797], [14.363242, 45.342858], [14.363143, 45.342905], [14.363082, 45.343002], [14.363062, 45.343174], [14.36301, 45.343222], [14.36292, 45.343287], [14.36277, 45.343317], [14.362658, 45.343273], [14.362752, 45.343224], [14.362724, 45.343231], [14.362684, 45.343165], [14.362581, 45.343171], [14.362544, 45.343113], [14.362492, 45.343102], [14.362499, 45.343043], [14.362451, 45.342984], [14.362368, 45.342997], [14.362278, 45.342821], [14.3621, 45.342759], [14.361855, 45.342606], [14.361771, 45.342554], [14.361727, 45.342594], [14.361676, 45.342571], [14.361635, 45.3426], [14.361575, 45.34258], [14.361506, 45.342661], [14.361436, 45.342593], [14.361247, 45.34261], [14.361059, 45.34271], [14.36097, 45.342688], [14.360929, 45.342713], [14.360972, 45.342816], [14.360914, 45.34284], [14.360825, 45.342756], [14.360701, 45.342915], [14.360727, 45.342973], [14.360511, 45.343113], [14.360449, 45.343067], [14.36019, 45.343097], [14.359904, 45.343145], [14.359735, 45.343124], [14.359566, 45.343185], [14.359509, 45.343225], [14.359215, 45.34335], [14.35913, 45.343289], [14.359021, 45.343247], [14.35879, 45.343358], [14.358562, 45.343426], [14.358405, 45.343558], [14.358471, 45.343561], [14.358594, 45.343462], [14.358783, 45.343411], [14.358806, 45.343449], [14.358768, 45.343477], [14.358612, 45.34357], [14.358516, 45.343596], [14.358375, 45.34366], [14.358265, 45.343642], [14.358088, 45.343714], [14.35805, 45.343812], [14.357894, 45.343862], [14.357927, 45.343812], [14.357791, 45.343825], [14.357732, 45.343918], [14.357744, 45.343976], [14.357608, 45.344], [14.356944, 45.344378], [14.356773, 45.344611], [14.356864, 45.344722], [14.356618, 45.344825], [14.356489, 45.344853], [14.35635, 45.344946], [14.356188, 45.344918], [14.356095, 45.345017], [14.356021, 45.34501], [14.355939, 45.345033], [14.35594, 45.345073], [14.355961, 45.345098], [14.355947, 45.345103], [14.355926, 45.345071], [14.3559, 45.345044], [14.355859, 45.345093], [14.355836, 45.345093], [14.355783, 45.345095], [14.355777, 45.345125], [14.355814, 45.345152], [14.355722, 45.345177], [14.355692, 45.345231], [14.355691, 45.345301], [14.355684, 45.345324], [14.355605, 45.345349], [14.355518, 45.345339], [14.355301, 45.345438], [14.355313, 45.34548], [14.355198, 45.345503], [14.355211, 45.345555], [14.355115, 45.345567], [14.355023, 45.345566], [14.354974, 45.345506], [14.35489, 45.345453], [14.354818, 45.345375], [14.354803, 45.345295], [14.354733, 45.345271], [14.354644, 45.345282], [14.354682, 45.345219], [14.354515, 45.345149], [14.354477, 45.34513], [14.354405, 45.345193], [14.354331, 45.34521], [14.354265, 45.345191], [14.354221, 45.345196], [14.354159, 45.345243], [14.354096, 45.34522], [14.354015, 45.345297], [14.353868, 45.345347], [14.353674, 45.345385], [14.353595, 45.345362], [14.353581, 45.345406], [14.353433, 45.345432], [14.353376, 45.345406], [14.353203, 45.345384], [14.353019, 45.345461], [14.35245, 45.345529], [14.352408, 45.345579], [14.352342, 45.345556], [14.352178, 45.345596], [14.352204, 45.345634], [14.35231, 45.345624], [14.352327, 45.345707], [14.352258, 45.345717], [14.352158, 45.345676], [14.352073, 45.345685], [14.351929, 45.34574], [14.351428, 45.345849], [14.351368, 45.345921], [14.35132, 45.345991], [14.351284, 45.345993], [14.351214, 45.345995], [14.351015, 45.345904], [14.351079, 45.345864], [14.351069, 45.345822], [14.351001, 45.345727], [14.350904, 45.345726], [14.350642, 45.345736], [14.350653, 45.345802], [14.350656, 45.345864], [14.350849, 45.345855], [14.350966, 45.346024], [14.350866, 45.346083], [14.350696, 45.346075], [14.350506, 45.346095], [14.350262, 45.346142], [14.349915, 45.346176], [14.349834, 45.346016], [14.34963, 45.346058], [14.349785, 45.346202], [14.349694, 45.346253], [14.349506, 45.346322], [14.349167, 45.346385], [14.34881, 45.346479], [14.34876, 45.346345], [14.348641, 45.346341], [14.348746, 45.346553], [14.348702, 45.346672], [14.348668, 45.346671], [14.34862, 45.346684], [14.34827, 45.346877], [14.348243, 45.346906], [14.348257, 45.346925], [14.348222, 45.346948], [14.348193, 45.346921], [14.348045, 45.346984], [14.348085, 45.347025], [14.348015, 45.347061], [14.347925, 45.347078], [14.347893, 45.347068], [14.347873, 45.347051], [14.347839, 45.347011], [14.347844, 45.346997], [14.347783, 45.346964], [14.347756, 45.346966], [14.34775, 45.347031], [14.347664, 45.347042], [14.347651, 45.347014], [14.347583, 45.347037], [14.347444, 45.347081], [14.347355, 45.347235], [14.34724, 45.347173], [14.346976, 45.347366], [14.346682, 45.347678], [14.346243, 45.347912], [14.345309, 45.347927], [14.344519, 45.348061], [14.344365, 45.348153], [14.343815, 45.34835], [14.343367, 45.348598], [14.343063, 45.34877], [14.342884, 45.348937], [14.342796, 45.349198], [14.342675, 45.34924], [14.342554, 45.34915], [14.342307, 45.349168], [14.342197, 45.349352], [14.342004, 45.349469], [14.341976, 45.349514], [14.341906, 45.349626], [14.341857, 45.34972], [14.341938, 45.349797], [14.341933, 45.349829], [14.341919, 45.349925], [14.341928, 45.349974], [14.341704, 45.350086], [14.34159, 45.350076], [14.341591, 45.35], [14.341339, 45.349989], [14.341329, 45.350053], [14.341212, 45.350109], [14.341139, 45.350056], [14.340787, 45.349891], [14.340395, 45.349706], [14.340275, 45.349696], [14.339172, 45.34997], [14.339009, 45.35001], [14.339038, 45.350185], [14.33894, 45.350214], [14.338679, 45.350091], [14.338078, 45.350408], [14.338001, 45.350515], [14.338022, 45.350636], [14.337885, 45.350679], [14.33772, 45.350629], [14.337226, 45.350743], [14.337101, 45.350888], [14.337089, 45.351123], [14.337124, 45.351361], [14.337158, 45.351588], [14.337154, 45.351674], [14.337075, 45.351733], [14.336989, 45.351781], [14.336889, 45.351833], [14.336597, 45.351792], [14.336458, 45.351772], [14.33641, 45.351798], [14.336445, 45.351835], [14.336441, 45.351851], [14.336401, 45.351823], [14.336367, 45.351788], [14.336307, 45.351741], [14.336252, 45.351755], [14.336196, 45.351731], [14.336163, 45.351767], [14.336033, 45.351786], [14.336026, 45.351755], [14.335948, 45.351733], [14.335898, 45.351751], [14.335904, 45.351777], [14.335927, 45.351792], [14.335947, 45.351853], [14.335812, 45.351879], [14.335763, 45.351833], [14.335792, 45.351819], [14.335791, 45.351794], [14.335727, 45.351761], [14.335433, 45.351743], [14.335329, 45.351778], [14.335248, 45.35191], [14.334939, 45.351896], [14.334216, 45.351674], [14.333726, 45.351706], [14.333615, 45.35178], [14.332954, 45.352135], [14.332895, 45.35217], [14.332714, 45.352277], [14.332483, 45.352241], [14.332381, 45.352225], [14.332402, 45.352345], [14.332284, 45.352715], [14.332119, 45.353181], [14.332163, 45.353186], [14.332151, 45.353234], [14.332081, 45.353343], [14.331988, 45.353575], [14.331929, 45.353732], [14.331932, 45.353802], [14.331991, 45.35418], [14.332021, 45.354194], [14.331991, 45.354355], [14.331992, 45.35442], [14.332011, 45.354484], [14.332059, 45.354525], [14.332076, 45.354593], [14.332001, 45.354793], [14.332286, 45.355122], [14.332368, 45.355171], [14.332555, 45.355267], [14.332664, 45.355277], [14.332742, 45.355309], [14.332828, 45.355299], [14.332873, 45.355293], [14.332875, 45.355293], [14.332931, 45.355335], [14.332941, 45.355342], [14.332942, 45.355343], [14.332932, 45.355401], [14.332928, 45.355429], [14.333201, 45.355465], [14.333197, 45.355495], [14.333197, 45.355495], [14.333206, 45.35551], [14.333222, 45.355538], [14.33328, 45.355578], [14.333292, 45.355599], [14.333326, 45.355658], [14.333326, 45.355663], [14.333341, 45.3558], [14.333504, 45.355872], [14.333673, 45.355935], [14.333674, 45.355936], [14.333776, 45.355981], [14.333785, 45.355985], [14.334108, 45.356225], [14.3344, 45.356105], [14.334743, 45.355999], [14.335298, 45.355826], [14.337104, 45.355121], [14.337457, 45.354984], [14.337602, 45.355083], [14.335701, 45.356435], [14.335809, 45.356507], [14.33587, 45.356545], [14.336027, 45.356647], [14.33618, 45.356744], [14.336283, 45.356817], [14.336314, 45.356894], [14.336475, 45.356964], [14.336514, 45.357015], [14.336608, 45.357212], [14.33675, 45.357281], [14.336796, 45.357396], [14.336807, 45.357562], [14.336796, 45.357639], [14.336791, 45.357676], [14.336783, 45.357789], [14.336776, 45.357902], [14.336759, 45.358013], [14.336722, 45.358122], [14.33672, 45.358126], [14.336619, 45.358233], [14.336502, 45.358308], [14.336503, 45.358309], [14.336525, 45.358318], [14.336603, 45.358353], [14.336482, 45.358539], [14.336447, 45.358593], [14.336334, 45.35875], [14.336334, 45.35875], [14.33637, 45.358763], [14.336376, 45.358766], [14.336349, 45.358853], [14.336328, 45.358933], [14.336344, 45.359054], [14.336332, 45.359092], [14.33619, 45.359265], [14.336034, 45.359454], [14.33607, 45.359468], [14.336091, 45.359476], [14.336061, 45.359546], [14.336056, 45.359558], [14.336056, 45.359558], [14.336061, 45.35957], [14.336075, 45.359602], [14.336096, 45.359638], [14.336211, 45.359978], [14.336241, 45.359994], [14.33622, 45.360071], [14.336289, 45.360176], [14.336319, 45.360182], [14.336394, 45.360154], [14.336392, 45.360279], [14.336389, 45.360324], [14.336384, 45.360372], [14.33637, 45.360498], [14.336364, 45.36055], [14.336395, 45.360638], [14.336424, 45.36072], [14.336451, 45.360767], [14.336456, 45.360777], [14.33647, 45.3608], [14.336472, 45.360804], [14.336485, 45.360827], [14.336506, 45.360863], [14.336754, 45.360741], [14.336858, 45.360659], [14.337344, 45.360413], [14.33755, 45.360345], [14.337574, 45.360341], [14.33758, 45.360324], [14.338357, 45.360044], [14.338395, 45.360062], [14.338516, 45.359912], [14.338665, 45.359879], [14.338715, 45.359843], [14.338826, 45.359817], [14.339, 45.359687], [14.339077, 45.359677], [14.339347, 45.359567], [14.339577, 45.359496], [14.339663, 45.359452], [14.339846, 45.359406], [14.340134, 45.359266], [14.340153, 45.359175], [14.340422, 45.359007], [14.340971, 45.358753], [14.341204, 45.358735], [14.341312, 45.358717], [14.341463, 45.358674], [14.341481, 45.358659], [14.341494, 45.358638], [14.341539, 45.358589], [14.341527, 45.358526], [14.342732, 45.357932], [14.342936, 45.357935], [14.342905, 45.357856], [14.343643, 45.357512], [14.343852, 45.357568], [14.344256, 45.357309], [14.344844, 45.356977], [14.345383, 45.356682], [14.345617, 45.35658], [14.346062, 45.35642], [14.346277, 45.356276], [14.346499, 45.356136], [14.346557, 45.356183], [14.346681, 45.356092], [14.347037, 45.355916], [14.347381, 45.355738], [14.347539, 45.35575], [14.347568, 45.355656], [14.348258, 45.35535], [14.348485, 45.355252], [14.348952, 45.355154], [14.349536, 45.355037], [14.350092, 45.354988], [14.350443, 45.354908], [14.350854, 45.354875], [14.35131, 45.354846], [14.35181, 45.354804], [14.351975, 45.354789], [14.352399, 45.354757], [14.352698, 45.354746], [14.353479, 45.354542], [14.353818, 45.3544], [14.354024, 45.354302], [14.354292, 45.354183], [14.354666, 45.354005], [14.354799, 45.353946], [14.355315, 45.353694], [14.355486, 45.353618], [14.35595, 45.353402], [14.356545, 45.353139], [14.356747, 45.353053], [14.356905, 45.353216], [14.357026, 45.353273], [14.357382, 45.353736], [14.357443, 45.353792], [14.357477, 45.353843], [14.357488, 45.353991], [14.357317, 45.354105], [14.357252, 45.354205], [14.357207, 45.354298], [14.357199, 45.354366], [14.357204, 45.354505], [14.357159, 45.354605], [14.357243, 45.354633], [14.35726, 45.354671], [14.357246, 45.354756], [14.357152, 45.354928], [14.357205, 45.354947], [14.357119, 45.355069], [14.357025, 45.355235], [14.356926, 45.355313], [14.356623, 45.355422], [14.356524, 45.35548], [14.356354, 45.355627], [14.356243, 45.355689], [14.3562, 45.355744], [14.356178, 45.355848], [14.35609, 45.356028], [14.356041, 45.356269], [14.356095, 45.356575], [14.356133, 45.356729], [14.356119, 45.356844], [14.356102, 45.35712], [14.356102, 45.357177], [14.356147, 45.357243], [14.356363, 45.357477], [14.356457, 45.357737], [14.356476, 45.357841], [14.356367, 45.358156], [14.356314, 45.358286], [14.356266, 45.35846], [14.356244, 45.358568], [14.35624, 45.358821], [14.356249, 45.358929], [14.356502, 45.358984], [14.356666, 45.359031], [14.356836, 45.359113], [14.356947, 45.359142], [14.357087, 45.359154], [14.357219, 45.359141], [14.357419, 45.3591], [14.357537, 45.359034], [14.357643, 45.358936], [14.35771, 45.358823], [14.357836, 45.358851], [14.357922, 45.358918], [14.358014, 45.358935], [14.358084, 45.358977], [14.358111, 45.35904], [14.358091, 45.359144], [14.358143, 45.359215], [14.358264, 45.359266], [14.358389, 45.359273], [14.35841, 45.359299], [14.358367, 45.359388], [14.358274, 45.35949], [14.358284, 45.359528], [14.358267, 45.359659], [14.358744, 45.359534], [14.358873, 45.359513], [14.359004, 45.359435], [14.359052, 45.359386], [14.359165, 45.359231], [14.359233, 45.359027], [14.359233, 45.35899], [14.359512, 45.359009], [14.359459, 45.358942], [14.359887, 45.358975], [14.360096, 45.358958], [14.360299, 45.358925], [14.360587, 45.358821], [14.360622, 45.358819], [14.360668, 45.358809], [14.360833, 45.358932], [14.36099, 45.359006], [14.361036, 45.359013], [14.361216, 45.359075], [14.361301, 45.359152], [14.361362, 45.359255], [14.361443, 45.359229], [14.361508, 45.359196], [14.361697, 45.359255], [14.361797, 45.359262], [14.36186, 45.359393], [14.361914, 45.35947], [14.361954, 45.359506], [14.362228, 45.35968], [14.362332, 45.359761], [14.362365, 45.359816], [14.362401, 45.359841], [14.362537, 45.359879], [14.362572, 45.359858], [14.362621, 45.359842], [14.362716, 45.359783], [14.362809, 45.35969], [14.362859, 45.359621], [14.363032, 45.359538], [14.363168, 45.359454], [14.363379, 45.359455], [14.363473, 45.359475], [14.363517, 45.359502], [14.363701, 45.359567], [14.363827, 45.359618], [14.3642, 45.3596], [14.364327, 45.359622], [14.364374, 45.359642], [14.364416, 45.359644], [14.364523, 45.359609], [14.364625, 45.3596], [14.364721, 45.359552], [14.364953, 45.359553], [14.365057, 45.359528], [14.365286, 45.359506], [14.365301, 45.359486], [14.365413, 45.359412], [14.365611, 45.359381], [14.365746, 45.359381], [14.365777, 45.359385], [14.365795, 45.3594], [14.365798, 45.359438], [14.365881, 45.359442], [14.366081, 45.359419], [14.366112, 45.359423], [14.366135, 45.359433], [14.366219, 45.359471], [14.36625, 45.359495], [14.366464, 45.359596], [14.366562, 45.359664], [14.366587, 45.359641], [14.366844, 45.359721], [14.36686, 45.359743], [14.366889, 45.359768], [14.366941, 45.359784], [14.367083, 45.359767], [14.367194, 45.359795], [14.367494, 45.359913], [14.367646, 45.359995], [14.367681, 45.360079], [14.367687, 45.360122], [14.36768, 45.36028], [14.367673, 45.360296], [14.367616, 45.360354], [14.367651, 45.360386], [14.367609, 45.360478], [14.367622, 45.360601], [14.36761, 45.3607], [14.367585, 45.360692], [14.3676, 45.360804], [14.367736, 45.360924], [14.367786, 45.360959], [14.36782, 45.360997], [14.367907, 45.361027], [14.368106, 45.360957], [14.368321, 45.360722], [14.368452, 45.360834], [14.368563, 45.360883], [14.368728, 45.360937], [14.368758, 45.360983], [14.368885, 45.361064], [14.368984, 45.361114], [14.36909, 45.361203], [14.369163, 45.361239], [14.369146, 45.361266], [14.369122, 45.361389], [14.369044, 45.361461], [14.369028, 45.361605], [14.369053, 45.361651], [14.369107, 45.361667], [14.369149, 45.361694], [14.369176, 45.361736], [14.369259, 45.361779], [14.36936, 45.361868], [14.369501, 45.361937], [14.369476, 45.361952], [14.369678, 45.362097], [14.369772, 45.362142], [14.369847, 45.362215], [14.369953, 45.362237], [14.370144, 45.362366], [14.370266, 45.362427], [14.370463, 45.362469], [14.370634, 45.362488], [14.370913, 45.362497], [14.371152, 45.362591], [14.371265, 45.362612], [14.371379, 45.362648], [14.371445, 45.362691], [14.37123, 45.362873], [14.371162, 45.362894], [14.371159, 45.363208], [14.371122, 45.363352], [14.371068, 45.363408], [14.370926, 45.363449], [14.370749, 45.363508], [14.370753, 45.363551], [14.370619, 45.363614], [14.370462, 45.363668], [14.370437, 45.363623], [14.370263, 45.363684], [14.370378, 45.363742], [14.370412, 45.363785], [14.370521, 45.363857], [14.370574, 45.363876], [14.370555, 45.363892], [14.370535, 45.363904], [14.370508, 45.363959], [14.370492, 45.36398], [14.370432, 45.363994], [14.370417, 45.363995], [14.370392, 45.364008], [14.370438, 45.364062], [14.370444, 45.364095], [14.370388, 45.364113], [14.370352, 45.364134], [14.37034, 45.364144], [14.370318, 45.364177], [14.370306, 45.364231], [14.370313, 45.364265], [14.370333, 45.364299], [14.370345, 45.364311], [14.370479, 45.364388], [14.370425, 45.364458], [14.370397, 45.364472], [14.370366, 45.364475], [14.370329, 45.364457], [14.370201, 45.364349], [14.370034, 45.364459], [14.369995, 45.364501], [14.369846, 45.364628], [14.369752, 45.364724], [14.369644, 45.364845], [14.369562, 45.365005], [14.369553, 45.365051], [14.369522, 45.365005], [14.36948, 45.36499], [14.369455, 45.364964], [14.36942, 45.364967], [14.36942, 45.365094], [14.369344, 45.365216], [14.369207, 45.365349], [14.3691, 45.365484], [14.369065, 45.365512], [14.369037, 45.365515], [14.368896, 45.36556], [14.368646, 45.365594], [14.368494, 45.365646], [14.368446, 45.3656], [14.368438, 45.365565], [14.368338, 45.365407], [14.368278, 45.365415], [14.368214, 45.365398], [14.368094, 45.365383], [14.368073, 45.365597], [14.368063, 45.365656], [14.367955, 45.365921], [14.368076, 45.365963], [14.368129, 45.366029], [14.368157, 45.366128], [14.368239, 45.366276], [14.368262, 45.366386], [14.368264, 45.366478], [14.368293, 45.366537], [14.368547, 45.366731], [14.368592, 45.366807], [14.368607, 45.367084], [14.36864, 45.367226], [14.368617, 45.367325], [14.368589, 45.367399], [14.368525, 45.367504], [14.368783, 45.367488], [14.369107, 45.367499], [14.36918, 45.367502], [14.369233, 45.367491], [14.369342, 45.367477], [14.369481, 45.367466], [14.369627, 45.367469], [14.369716, 45.367483], [14.369783, 45.367493], [14.369788, 45.367494], [14.369828, 45.36751], [14.369856, 45.367529], [14.369858, 45.36753], [14.370149, 45.367468], [14.370225, 45.367415], [14.370232, 45.367411], [14.370426, 45.367292], [14.370469, 45.367258], [14.370662, 45.367124], [14.370849, 45.366992], [14.370868, 45.366978], [14.370898, 45.366956], [14.370923, 45.36694], [14.370987, 45.366899], [14.371106, 45.366833], [14.37112, 45.366824], [14.371214, 45.366757], [14.371275, 45.366712], [14.371291, 45.366702], [14.371377, 45.366649], [14.37153, 45.366553], [14.371532, 45.366551], [14.371615, 45.366499], [14.37163, 45.366491], [14.371651, 45.366478], [14.3719, 45.366335], [14.372064, 45.366271], [14.372165, 45.366236], [14.372315, 45.366193], [14.372375, 45.36619], [14.37245, 45.366192], [14.372647, 45.366205], [14.372946, 45.366228], [14.373163, 45.366293], [14.373427, 45.366378], [14.373465, 45.366387], [14.373571, 45.36641], [14.373646, 45.366419], [14.37386, 45.366448], [14.373908, 45.366447], [14.373917, 45.366447], [14.373932, 45.366449], [14.373989, 45.366454], [14.374041, 45.366463], [14.37426, 45.366482], [14.374427, 45.366451], [14.374448, 45.366447], [14.374659, 45.366349], [14.374858, 45.366255], [14.374888, 45.366248], [14.37497, 45.366226], [14.37504, 45.366237], [14.375222, 45.366307], [14.375246, 45.366316], [14.375274, 45.366327], [14.375338, 45.366352], [14.375514, 45.366363], [14.375792, 45.366307], [14.376034, 45.366188], [14.376395, 45.366046], [14.376475, 45.365988], [14.376738, 45.365879], [14.376673, 45.365847], [14.376628, 45.365815], [14.376464, 45.365864], [14.376376, 45.36587], [14.376328, 45.365861], [14.376209, 45.365807], [14.376209, 45.365806], [14.376199, 45.365787], [14.376198, 45.365785], [14.37616, 45.365746], [14.376127, 45.365712], [14.376052, 45.365559], [14.376032, 45.3655], [14.376019, 45.365458], [14.376018, 45.365456], [14.376143, 45.365383], [14.376268, 45.365331], [14.376241, 45.365298], [14.376205, 45.365254], [14.376141, 45.365163], [14.37613, 45.36515], [14.376094, 45.365107], [14.376072, 45.365082], [14.376072, 45.365082], [14.376034, 45.365097], [14.375992, 45.365113], [14.375963, 45.365113], [14.375938, 45.365096], [14.37592, 45.36508], [14.37591, 45.365071], [14.375895, 45.36504], [14.375884, 45.365005], [14.375884, 45.365004], [14.375889, 45.364937], [14.375894, 45.364893], [14.375898, 45.364866], [14.375889, 45.364842], [14.375882, 45.364823], [14.37585, 45.364771], [14.375789, 45.36471], [14.37568, 45.364624], [14.375664, 45.364613], [14.37565, 45.364603], [14.375614, 45.364566], [14.375581, 45.364532], [14.375534, 45.364452], [14.375491, 45.36437], [14.375445, 45.364307], [14.37544, 45.3643], [14.37543, 45.364288], [14.375422, 45.364279], [14.375405, 45.364261], [14.375403, 45.364254], [14.375393, 45.364225], [14.375393, 45.364218], [14.375391, 45.364203], [14.375387, 45.364156], [14.375397, 45.36412], [14.375403, 45.364072], [14.37538, 45.363982], [14.37538, 45.363979], [14.37538, 45.363969], [14.375381, 45.363966], [14.375387, 45.363954], [14.37544, 45.363939], [14.37549, 45.363917], [14.375508, 45.36383], [14.375509, 45.363751], [14.375509, 45.363747], [14.375509, 45.363739], [14.375513, 45.363714], [14.375516, 45.363689], [14.375517, 45.363687], [14.375544, 45.363638], [14.37559, 45.363589], [14.375591, 45.363588], [14.375592, 45.363587], [14.375602, 45.363563], [14.375609, 45.363549], [14.375607, 45.363524], [14.375607, 45.363443], [14.375607, 45.363434], [14.375634, 45.363374], [14.375647, 45.363324], [14.375652, 45.363283], [14.375652, 45.363281], [14.375677, 45.363273], [14.375731, 45.363233], [14.375818, 45.3632], [14.375879, 45.363223], [14.375928, 45.363257], [14.376084, 45.363214], [14.376116, 45.363172], [14.376174, 45.363124], [14.376212, 45.36311], [14.376221, 45.363105], [14.376236, 45.363096], [14.376274, 45.363072], [14.376307, 45.363037], [14.376323, 45.363001], [14.376337, 45.362982], [14.376375, 45.362948], [14.376399, 45.362932], [14.376429, 45.362913], [14.376461, 45.362904], [14.376487, 45.362897], [14.376525, 45.36289], [14.376545, 45.362886], [14.376565, 45.362963], [14.376549, 45.363004], [14.376551, 45.363004], [14.376568, 45.363], [14.376585, 45.362997], [14.376611, 45.362976], [14.376627, 45.362963], [14.376629, 45.362962], [14.37663, 45.362961], [14.376807, 45.362882], [14.37686, 45.362875], [14.377014, 45.362827], [14.377128, 45.362807], [14.377218, 45.362773], [14.377291, 45.362743], [14.37735, 45.362722], [14.377467, 45.362703], [14.377506, 45.362692], [14.377507, 45.362692], [14.377495, 45.36267], [14.377529, 45.362522], [14.377618, 45.362447], [14.377823, 45.362328], [14.377943, 45.362256], [14.378026, 45.36222], [14.378185, 45.362151], [14.37828, 45.362113], [14.378386, 45.362077], [14.378394, 45.362074], [14.378424, 45.362066], [14.378452, 45.362058], [14.378426, 45.362011], [14.378525, 45.361991], [14.378596, 45.362003], [14.378766, 45.362048], [14.378906, 45.362086], [14.378971, 45.362107], [14.379041, 45.362128], [14.379288, 45.362209], [14.379436, 45.362243], [14.379544, 45.362126], [14.379535, 45.362092], [14.379528, 45.362051], [14.37951, 45.362026], [14.37954, 45.361987], [14.379665, 45.361933], [14.379709, 45.361918], [14.379725, 45.361916], [14.379793, 45.361879], [14.37981, 45.361856], [14.379844, 45.361793], [14.379845, 45.361718], [14.379904, 45.361584], [14.379927, 45.361513], [14.380026, 45.361261], [14.380087, 45.361119], [14.380107, 45.361061], [14.380113, 45.361033], [14.380083, 45.361024], [14.3801, 45.361005], [14.380136, 45.360947], [14.380182, 45.360863], [14.380225, 45.360775], [14.380232, 45.360748], [14.380284, 45.360701], [14.380296, 45.360684], [14.380315, 45.360691], [14.380338, 45.360692], [14.380369, 45.360678], [14.380394, 45.360652], [14.380395, 45.360638], [14.380371, 45.360618], [14.380387, 45.360608], [14.380462, 45.360525], [14.380589, 45.36041], [14.380598, 45.360371], [14.380611, 45.360327], [14.380726, 45.360245], [14.380804, 45.360212], [14.380835, 45.360177], [14.380893, 45.360197], [14.380934, 45.360109], [14.380972, 45.360059], [14.38107, 45.360008], [14.381123, 45.36006], [14.381183, 45.360131], [14.381193, 45.360154], [14.381187, 45.360202], [14.381246, 45.360211], [14.381312, 45.360181], [14.38138, 45.360145], [14.381425, 45.360111], [14.381458, 45.360097], [14.381491, 45.360067], [14.381519, 45.360066], [14.381538, 45.36007], [14.38159, 45.36007], [14.381748, 45.360015], [14.381784, 45.360002], [14.381902, 45.359976], [14.381974, 45.359976], [14.382019, 45.359966], [14.382065, 45.359992], [14.382086, 45.360019], [14.382195, 45.359974], [14.382229, 45.359975], [14.382396, 45.360034], [14.382466, 45.360049], [14.382523, 45.360055], [14.382551, 45.360011], [14.38263, 45.359994], [14.382735, 45.360021], [14.382808, 45.360043], [14.382909, 45.360078], [14.382985, 45.360111], [14.382987, 45.360193], [14.383005, 45.360219], [14.383095, 45.36026], [14.383257, 45.360343], [14.383312, 45.360376], [14.383346, 45.360413], [14.383441, 45.360487], [14.383479, 45.360502], [14.383533, 45.360554], [14.383538, 45.360569], [14.383555, 45.360601], [14.383616, 45.360666], [14.383742, 45.360713], [14.383794, 45.360734], [14.383831, 45.360716], [14.383911, 45.3607], [14.383969, 45.360697], [14.384043, 45.360682], [14.384106, 45.360679], [14.384162, 45.360687], [14.384234, 45.36069], [14.384278, 45.360689], [14.384391, 45.36068], [14.384408, 45.360669], [14.384505, 45.360643], [14.384566, 45.360642], [14.38467, 45.360645], [14.384753, 45.360665], [14.384838, 45.360707], [14.384877, 45.360726], [14.38493, 45.360745], [14.384964, 45.360717], [14.385072, 45.360725], [14.385161, 45.360745], [14.385285, 45.360781], [14.385282, 45.360795], [14.385479, 45.360856], [14.385549, 45.360878], [14.385641, 45.360912], [14.385744, 45.360951], [14.385864, 45.360994], [14.386048, 45.361071], [14.38611, 45.361019], [14.386162, 45.360987], [14.38643, 45.360882], [14.38644, 45.360816], [14.386497, 45.360769], [14.386576, 45.360705], [14.386593, 45.360691], [14.386726, 45.360585], [14.38675, 45.360565], [14.386835, 45.360502], [14.386871, 45.360471], [14.386872, 45.360469], [14.386888, 45.360451], [14.386924, 45.36041], [14.386945, 45.360379], [14.386968, 45.360347], [14.387048, 45.360361], [14.38709, 45.3603], [14.387129, 45.360308], [14.387145, 45.360304], [14.387174, 45.360301], [14.387187, 45.360306], [14.387225, 45.360313], [14.387281, 45.360321], [14.38732, 45.360328], [14.387349, 45.360302], [14.387462, 45.360217], [14.387504, 45.360174], [14.387544, 45.360142], [14.387629, 45.360058], [14.387673, 45.360127], [14.387698, 45.360189], [14.387714, 45.360215], [14.387744, 45.360267], [14.387769, 45.360309], [14.38777, 45.360322], [14.387763, 45.360329], [14.38788, 45.360279], [14.387817, 45.360254], [14.3878, 45.360193], [14.387766, 45.360127], [14.387687, 45.36002], [14.387668, 45.359993], [14.387659, 45.359958], [14.387681, 45.359789], [14.387721, 45.359724], [14.387807, 45.359554], [14.387831, 45.359498], [14.387861, 45.359507], [14.387916, 45.359443], [14.388053, 45.359499], [14.388215, 45.359445], [14.388381, 45.359391], [14.388571, 45.359353], [14.388555, 45.35937], [14.388575, 45.359399], [14.38877, 45.359421], [14.388879, 45.359434], [14.388942, 45.359439], [14.388987, 45.359452], [14.389027, 45.359455], [14.389082, 45.359465], [14.389191, 45.359483], [14.389322, 45.359508], [14.389363, 45.359477], [14.389396, 45.359448], [14.389449, 45.35938], [14.389522, 45.359295], [14.389556, 45.359266], [14.38963, 45.359213], [14.389586, 45.35916], [14.389573, 45.359139], [14.389543, 45.359073], [14.389508, 45.359006], [14.389503, 45.358983], [14.38948, 45.35893], [14.389485, 45.358914], [14.389503, 45.35891], [14.38952, 45.358904], [14.389564, 45.358876], [14.389575, 45.358866], [14.389584, 45.358837], [14.389582, 45.358823], [14.389633, 45.358778], [14.389676, 45.358751], [14.389693, 45.358737], [14.389715, 45.358716], [14.389743, 45.358677], [14.389767, 45.358617], [14.389759, 45.358572], [14.389758, 45.358544], [14.389694, 45.358389], [14.389789, 45.358382], [14.3899, 45.358379], [14.390127, 45.358358], [14.39028, 45.358363], [14.390315, 45.358357], [14.390358, 45.358328], [14.39047, 45.358282], [14.390647, 45.35822], [14.390675, 45.358215], [14.390682, 45.358246], [14.390697, 45.358291], [14.390837, 45.358519], [14.390866, 45.358627], [14.390919, 45.358693], [14.390892, 45.358714], [14.390972, 45.358786], [14.39106, 45.358853], [14.391112, 45.358901], [14.39122, 45.359012], [14.39139, 45.359134], [14.391399, 45.359144], [14.391488, 45.3592], [14.391557, 45.359228], [14.391646, 45.359257], [14.391702, 45.359272], [14.3918, 45.359299], [14.391973, 45.359328], [14.392108, 45.35936], [14.39211, 45.359327], [14.392188, 45.359333], [14.392208, 45.359336], [14.392229, 45.359341], [14.392256, 45.35935], [14.392279, 45.359359], [14.392329, 45.359385], [14.392398, 45.359432], [14.392454, 45.359502], [14.392515, 45.359559], [14.392539, 45.359588], [14.392565, 45.359621], [14.392686, 45.35976], [14.392751, 45.35982], [14.392831, 45.359884], [14.392884, 45.359928], [14.393002, 45.360026], [14.393007, 45.36008], [14.393094, 45.360182], [14.393218, 45.360368], [14.393219, 45.360376], [14.393217, 45.360382], [14.393212, 45.360386], [14.3932, 45.36039], [14.393274, 45.360397], [14.393327, 45.360405], [14.393426, 45.360431], [14.393596, 45.360467], [14.393669, 45.36048], [14.393832, 45.360495], [14.393975, 45.360498], [14.394455, 45.360513], [14.394514, 45.360516], [14.394498, 45.360527], [14.394651, 45.360508], [14.394747, 45.360471], [14.394776, 45.360458], [14.394953, 45.360388], [14.395076, 45.360327], [14.395115, 45.360304], [14.395223, 45.360242], [14.3953, 45.360318], [14.395443, 45.360472], [14.395541, 45.360576], [14.395569, 45.36063], [14.395847, 45.360703], [14.39586, 45.360706], [14.395871, 45.360711], [14.395883, 45.360719], [14.395892, 45.360731], [14.395895, 45.360745], [14.395929, 45.360763], [14.395962, 45.36078], [14.395986, 45.360782], [14.396003, 45.360787], [14.39615, 45.360956], [14.396102, 45.360993], [14.396231, 45.361074], [14.396277, 45.361117], [14.396357, 45.361088], [14.396448, 45.361118], [14.39651, 45.361125], [14.396543, 45.361128], [14.396695, 45.361129], [14.396929, 45.361116], [14.397143, 45.361102], [14.397297, 45.3611], [14.397442, 45.361103], [14.397459, 45.361112], [14.397569, 45.361142], [14.397631, 45.361164], [14.397658, 45.361171], [14.397719, 45.361191], [14.397767, 45.36122], [14.397838, 45.361252], [14.397967, 45.361309], [14.398037, 45.361341], [14.398114, 45.361399], [14.398323, 45.361432], [14.39838, 45.361442], [14.398414, 45.361446], [14.398435, 45.36145], [14.398454, 45.361455], [14.398472, 45.361462], [14.398501, 45.361473], [14.398602, 45.361515], [14.398654, 45.3615], [14.398704, 45.361526], [14.398724, 45.361539], [14.3988, 45.361581], [14.398855, 45.361614], [14.398914, 45.361652], [14.398955, 45.361674], [14.399047, 45.361726], [14.399121, 45.361776], [14.399161, 45.361809], [14.39923, 45.361858], [14.399297, 45.361891], [14.399444, 45.361965], [14.399515, 45.361983], [14.399582, 45.361977], [14.399608, 45.361997], [14.399631, 45.362013], [14.399684, 45.361994], [14.399923, 45.361928], [14.400267, 45.361835], [14.400488, 45.361724], [14.400572, 45.361684], [14.40063, 45.361655], [14.40099, 45.361486], [14.401331, 45.361397], [14.401442, 45.361364], [14.401585, 45.361332], [14.401635, 45.361325], [14.401713, 45.361302], [14.401805, 45.361274], [14.401825, 45.361267], [14.401913, 45.361242], [14.402087, 45.361204], [14.402239, 45.361168], [14.402288, 45.361158], [14.402393, 45.361136], [14.402439, 45.361126], [14.402565, 45.361132], [14.402821, 45.361126], [14.402881, 45.36115], [14.402941, 45.361144], [14.402938, 45.36112], [14.403344, 45.36118], [14.403309, 45.361284], [14.403302, 45.361313], [14.403252, 45.361386], [14.403229, 45.361408], [14.403203, 45.36145], [14.403158, 45.361471], [14.40309, 45.361486], [14.403047, 45.361493], [14.403015, 45.361496], [14.402972, 45.361524], [14.402959, 45.361567], [14.402924, 45.361726], [14.40285, 45.361793], [14.402836, 45.361814], [14.402842, 45.36184], [14.402986, 45.36193], [14.403022, 45.361974], [14.403043, 45.362006], [14.403053, 45.36204], [14.403036, 45.362083], [14.403035, 45.362104], [14.403052, 45.362121], [14.403088, 45.362119], [14.403109, 45.362105], [14.403092, 45.362056], [14.403121, 45.362041], [14.403169, 45.362028], [14.403216, 45.362017], [14.403289, 45.362017], [14.403455, 45.362068], [14.403196, 45.362148], [14.403473, 45.362505], [14.403556, 45.362587], [14.403591, 45.36267], [14.40358, 45.362708], [14.403533, 45.362782], [14.403436, 45.362852], [14.402937, 45.363163], [14.403085, 45.363515], [14.402722, 45.364432], [14.402614, 45.364431], [14.402505, 45.364435], [14.402322, 45.364448], [14.402225, 45.364464], [14.402149, 45.364489], [14.40203, 45.364505], [14.40204, 45.364517], [14.401968, 45.364521], [14.401929, 45.364523], [14.401914, 45.364525], [14.401906, 45.364528], [14.401899, 45.36453], [14.401854, 45.364558], [14.401836, 45.364567], [14.401814, 45.364575], [14.401776, 45.364587], [14.401642, 45.364645], [14.401588, 45.364703], [14.401573, 45.364732], [14.401751, 45.36486], [14.401762, 45.364851], [14.401768, 45.364851], [14.401773, 45.364854], [14.401782, 45.364864], [14.401795, 45.364888], [14.401808, 45.364922], [14.401823, 45.364985], [14.401829, 45.365031], [14.40183, 45.365061], [14.401834, 45.365117], [14.401832, 45.365133], [14.401827, 45.365139], [14.401821, 45.365143], [14.401699, 45.365191], [14.40155, 45.365248], [14.401588, 45.36528], [14.401618, 45.365295], [14.401653, 45.365318], [14.401683, 45.365344], [14.401715, 45.365384], [14.401823, 45.365475], [14.401822, 45.365479], [14.401756, 45.365653], [14.401827, 45.365717], [14.401866, 45.365764], [14.401887, 45.365807], [14.401917, 45.365847], [14.401841, 45.365885], [14.401872, 45.365921], [14.401914, 45.365969], [14.401969, 45.366034], [14.401999, 45.366065], [14.40197, 45.366082], [14.401982, 45.366092], [14.402011, 45.366076], [14.402094, 45.366148], [14.402186, 45.366229], [14.402116, 45.36624], [14.402054, 45.366257], [14.401978, 45.366272], [14.40189, 45.366282], [14.401832, 45.366306], [14.401687, 45.366357], [14.401633, 45.366371], [14.401674, 45.366419], [14.401757, 45.366565], [14.401701, 45.366587], [14.401602, 45.366653], [14.401623, 45.366668], [14.401646, 45.366688], [14.401692, 45.366727], [14.401757, 45.366769], [14.401798, 45.366796], [14.40183, 45.366814], [14.401893, 45.366844], [14.401994, 45.366907], [14.402074, 45.366947], [14.402108, 45.36697], [14.402152, 45.366997], [14.402242, 45.367044], [14.402294, 45.367067], [14.402273, 45.367105], [14.402225, 45.367145], [14.402192, 45.367178], [14.402182, 45.367221], [14.402152, 45.367296], [14.402093, 45.367355], [14.402112, 45.367388], [14.402126, 45.367412], [14.402145, 45.367438], [14.402157, 45.36745], [14.402208, 45.367486], [14.402265, 45.367517], [14.402304, 45.36753], [14.402388, 45.367553], [14.402562, 45.36755], [14.402594, 45.367541], [14.402648, 45.367601], [14.402763, 45.367712], [14.402832, 45.367791], [14.402872, 45.367827], [14.402935, 45.367866], [14.402948, 45.367881], [14.402949, 45.367917], [14.402956, 45.367933], [14.403036, 45.367981], [14.403103, 45.367959], [14.403128, 45.367932], [14.40316, 45.367921], [14.403184, 45.367886], [14.403214, 45.367855], [14.403236, 45.367852], [14.403283, 45.367857], [14.403341, 45.36784], [14.403381, 45.367847], [14.40341, 45.367838], [14.403472, 45.367803], [14.403503, 45.367875], [14.403551, 45.367927], [14.403593, 45.367964], [14.40364, 45.367993], [14.403704, 45.367997], [14.403722, 45.367974], [14.403813, 45.367841], [14.403835, 45.367814], [14.403851, 45.367787], [14.403941, 45.367729], [14.403981, 45.367652], [14.404023, 45.367579], [14.40407, 45.367487], [14.404108, 45.367447], [14.404158, 45.367407], [14.404224, 45.367316], [14.404242, 45.36723], [14.404265, 45.367205], [14.404344, 45.367059], [14.404343, 45.367007], [14.404329, 45.366988], [14.404289, 45.366973], [14.404226, 45.366823], [14.404277, 45.366779], [14.404288, 45.366761], [14.404289, 45.366749], [14.404321, 45.36676], [14.404379, 45.366783], [14.404371, 45.366795], [14.404387, 45.366842], [14.404457, 45.366821], [14.404481, 45.366799], [14.404463, 45.366796], [14.404439, 45.36678], [14.404427, 45.366762], [14.404479, 45.36676], [14.404526, 45.366731], [14.404554, 45.366709], [14.4046, 45.366692], [14.404682, 45.366672], [14.404727, 45.366663], [14.404768, 45.36665], [14.404812, 45.366644], [14.404863, 45.366658], [14.404897, 45.366675], [14.404905, 45.366693], [14.404908, 45.36672], [14.404912, 45.366748], [14.404984, 45.366713], [14.404975, 45.366721], [14.404951, 45.366758], [14.404945, 45.366784], [14.404977, 45.366866], [14.404949, 45.36687], [14.404936, 45.36688], [14.404952, 45.366895], [14.404973, 45.366926], [14.40498, 45.366959], [14.405008, 45.366974], [14.405042, 45.366977], [14.405083, 45.366987], [14.405091, 45.366998], [14.405101, 45.367005], [14.405114, 45.367003], [14.405137, 45.367003], [14.405171, 45.366996], [14.405184, 45.367008], [14.405188, 45.367016], [14.405262, 45.367112], [14.405297, 45.367116], [14.405416, 45.367082], [14.405482, 45.36706], [14.405568, 45.367021], [14.405644, 45.36697], [14.405706, 45.36692], [14.405667, 45.366783], [14.40565, 45.366736], [14.405625, 45.366708], [14.405624, 45.366697], [14.405571, 45.366635], [14.405518, 45.366588], [14.405583, 45.366569], [14.405623, 45.366589], [14.405677, 45.366604], [14.405813, 45.366623], [14.4059, 45.366643], [14.405941, 45.366647], [14.405978, 45.366651], [14.406092, 45.366671], [14.406193, 45.366671], [14.406268, 45.366664], [14.406331, 45.36665], [14.406397, 45.366672], [14.406517, 45.366696], [14.406671, 45.366722], [14.406825, 45.366757], [14.406912, 45.366771], [14.406919, 45.366739], [14.407002, 45.366785], [14.407084, 45.366821], [14.407239, 45.366875], [14.407141, 45.366954], [14.407245, 45.366969], [14.407509, 45.367047], [14.407558, 45.367071], [14.40763, 45.367105], [14.407704, 45.367158], [14.407746, 45.367192], [14.40772, 45.367222], [14.40779, 45.367258], [14.407901, 45.367332], [14.407975, 45.36738], [14.408033, 45.367394], [14.408171, 45.367417], [14.408193, 45.367416], [14.408337, 45.36744], [14.408431, 45.367447], [14.408514, 45.367449], [14.408584, 45.367453], [14.408678, 45.367454], [14.408869, 45.367496], [14.409007, 45.367536], [14.409038, 45.367544], [14.409119, 45.367577], [14.409174, 45.367603], [14.409288, 45.367666], [14.409314, 45.367683], [14.409345, 45.367711], [14.40935, 45.36773], [14.409339, 45.367755], [14.409526, 45.367822], [14.409579, 45.36792], [14.409604, 45.367967], [14.40964, 45.36795], [14.409805, 45.367878], [14.409954, 45.36785], [14.410293, 45.367821], [14.410343, 45.367924], [14.410328, 45.36798], [14.410263, 45.368078], [14.410235, 45.368119], [14.410128, 45.368355], [14.410072, 45.368367], [14.410107, 45.368445], [14.410323, 45.368791], [14.410333, 45.36882], [14.410323, 45.368834], [14.410268, 45.368873], [14.410224, 45.368899], [14.410141, 45.368961], [14.410177, 45.368988], [14.4102, 45.369005], [14.410209, 45.369015], [14.410247, 45.369061], [14.410317, 45.369167], [14.410356, 45.369222], [14.410362, 45.36923], [14.410363, 45.369231], [14.410366, 45.369248], [14.410357, 45.369268], [14.410356, 45.369271], [14.410313, 45.369329], [14.410293, 45.369357], [14.410232, 45.369421], [14.410186, 45.369469], [14.410183, 45.369472], [14.410061, 45.369616], [14.41006, 45.369616], [14.41001, 45.369662], [14.410007, 45.369665], [14.409989, 45.369676], [14.409972, 45.369688], [14.409971, 45.369688], [14.409973, 45.369715], [14.409972, 45.369718], [14.409957, 45.369747], [14.409943, 45.369776], [14.40992, 45.369824], [14.409875, 45.369893], [14.409874, 45.369895], [14.409872, 45.369897], [14.409854, 45.369956], [14.409818, 45.370068], [14.4098, 45.370121], [14.409759, 45.370194], [14.409717, 45.370266], [14.409709, 45.370278], [14.409687, 45.370312], [14.409667, 45.370344], [14.409634, 45.370383], [14.409622, 45.370393], [14.409607, 45.370405], [14.409578, 45.370415], [14.409458, 45.370455], [14.409431, 45.370464], [14.40943, 45.370464], [14.40947, 45.370519], [14.409482, 45.370537], [14.409484, 45.370541], [14.409506, 45.370592], [14.409511, 45.370605], [14.409512, 45.370606], [14.409516, 45.370652], [14.409517, 45.370656], [14.409517, 45.370657], [14.409582, 45.370707], [14.40964, 45.370758], [14.409648, 45.370765], [14.409708, 45.370822], [14.40971, 45.370824], [14.409747, 45.370859], [14.409776, 45.370883], [14.409833, 45.370869], [14.40987, 45.370859], [14.409988, 45.370826], [14.410175, 45.370792], [14.410354, 45.370758], [14.410445, 45.370738], [14.410469, 45.370734], [14.410595, 45.37071], [14.410758, 45.370686], [14.410818, 45.370678], [14.410897, 45.370668], [14.411062, 45.370694], [14.411091, 45.370702], [14.411138, 45.370713], [14.41128, 45.370744], [14.411349, 45.370759], [14.411374, 45.370766], [14.411469, 45.370807], [14.41153, 45.370851], [14.411556, 45.3709], [14.411592, 45.370985], [14.411619, 45.371076], [14.41164, 45.371167], [14.411646, 45.371194], [14.411676, 45.371288], [14.411678, 45.371289], [14.411723, 45.371297], [14.411771, 45.371198], [14.411817, 45.371118], [14.411817, 45.371121], [14.411818, 45.371187], [14.411843, 45.371216], [14.411901, 45.371252], [14.411902, 45.371252], [14.411976, 45.371188], [14.411977, 45.371188], [14.411993, 45.371198], [14.412083, 45.371257], [14.412084, 45.371256], [14.412106, 45.371247], [14.412106, 45.371248], [14.412159, 45.371284], [14.412213, 45.371321], [14.41239, 45.371443], [14.412413, 45.37146], [14.412435, 45.371474], [14.412461, 45.371487], [14.412603, 45.371555], [14.412742, 45.371622], [14.412803, 45.371719], [14.412803, 45.37172], [14.412788, 45.371791], [14.412789, 45.371791], [14.412833, 45.371816], [14.412833, 45.371817], [14.41284, 45.371883], [14.412776, 45.371963], [14.412757, 45.371984], [14.412633, 45.372113], [14.412674, 45.372247], [14.412573, 45.372368], [14.412574, 45.372368], [14.412594, 45.372371], [14.412678, 45.372383], [14.412727, 45.372399], [14.41279, 45.372411], [14.412822, 45.372419], [14.412843, 45.372425], [14.412862, 45.372431], [14.412918, 45.372451], [14.41301, 45.372492], [14.413054, 45.372507], [14.413139, 45.372539], [14.413159, 45.372554], [14.413178, 45.372569], [14.413297, 45.372605], [14.413273, 45.372641], [14.413272, 45.372643], [14.413217, 45.372684], [14.413172, 45.372719], [14.413158, 45.372729], [14.413156, 45.372731], [14.413109, 45.372764], [14.413098, 45.372769], [14.413045, 45.372794], [14.413038, 45.37281], [14.413016, 45.372857], [14.412998, 45.372897], [14.41298, 45.372922], [14.412887, 45.373039], [14.412865, 45.373069], [14.412842, 45.3731], [14.412787, 45.373174], [14.412636, 45.373363], [14.41252, 45.373498], [14.412498, 45.37353], [14.412487, 45.373546], [14.412433, 45.373625], [14.412413, 45.373642], [14.412375, 45.373674], [14.412353, 45.37369], [14.41232, 45.373712], [14.412305, 45.373722], [14.412132, 45.373834], [14.412097, 45.373852], [14.412092, 45.373854], [14.412088, 45.373855], [14.412035, 45.373869], [14.412016, 45.37387], [14.411885, 45.37388], [14.411845, 45.373884], [14.411805, 45.373881], [14.411716, 45.373875], [14.411561, 45.374111], [14.411587, 45.374126], [14.411704, 45.374173], [14.411814, 45.374228], [14.412231, 45.37445], [14.41233, 45.374495], [14.41236, 45.374509], [14.412528, 45.374593], [14.412763, 45.374711], [14.412848, 45.374758], [14.413005, 45.374836], [14.413125, 45.374902], [14.41324, 45.374966], [14.413262, 45.374978], [14.413364, 45.375033], [14.413444, 45.375079], [14.413448, 45.375082], [14.413509, 45.375028], [14.413537, 45.375003], [14.413539, 45.375002], [14.413645, 45.375043], [14.413883, 45.375147], [14.414106, 45.375241], [14.414283, 45.375299], [14.414402, 45.375331], [14.414575, 45.375341], [14.414727, 45.375334], [14.414816, 45.375299], [14.414916, 45.375247], [14.415046, 45.375133], [14.415053, 45.375126], [14.415204, 45.374957], [14.415204, 45.374956], [14.415298, 45.374797], [14.415306, 45.374783], [14.415307, 45.374782], [14.415455, 45.374799], [14.415521, 45.374783], [14.415584, 45.374757], [14.415693, 45.374704], [14.415761, 45.374679], [14.415765, 45.374677], [14.415867, 45.374617], [14.4159, 45.374583], [14.415934, 45.374533], [14.415952, 45.374491], [14.415952, 45.374446], [14.415933, 45.374386], [14.415965, 45.37438], [14.416045, 45.374363], [14.416249, 45.374345], [14.416251, 45.374345], [14.416259, 45.374344], [14.416506, 45.374336], [14.416729, 45.374328], [14.416911, 45.374326], [14.416937, 45.374326], [14.416972, 45.37431], [14.416974, 45.374309], [14.417017, 45.374299], [14.417038, 45.374294], [14.417395, 45.37419], [14.417644, 45.374096], [14.417697, 45.374076], [14.417698, 45.374075], [14.417868, 45.373933], [14.417895, 45.373917], [14.418012, 45.373848], [14.418012, 45.373848], [14.418032, 45.373859], [14.418062, 45.373875], [14.418138, 45.373918], [14.418164, 45.373933], [14.418228, 45.373963], [14.418252, 45.373972], [14.418355, 45.374012], [14.418436, 45.374047], [14.418555, 45.374099], [14.418594, 45.374107], [14.418701, 45.374125], [14.41873, 45.374128], [14.418839, 45.374169], [14.418882, 45.374176], [14.41892, 45.374184], [14.418958, 45.374191], [14.418961, 45.374192], [14.419112, 45.374499], [14.419185, 45.374718], [14.419399, 45.375019], [14.4194, 45.375019], [14.419568, 45.375296], [14.41981, 45.375063], [14.419956, 45.37517], [14.42003, 45.375169], [14.420262, 45.3752], [14.420654, 45.375255], [14.420727, 45.375265], [14.420819, 45.375293], [14.420909, 45.375319], [14.420756, 45.375527], [14.42074, 45.375563], [14.420737, 45.37557], [14.420761, 45.375599], [14.420856, 45.375718], [14.420907, 45.375728], [14.420932, 45.37573], [14.420966, 45.375734], [14.420979, 45.375746], [14.421046, 45.37581], [14.421118, 45.37589], [14.421127, 45.375936], [14.421164, 45.375985], [14.421182, 45.376008], [14.421266, 45.375977], [14.421357, 45.375998], [14.421399, 45.376008], [14.421471, 45.376025], [14.421587, 45.376052], [14.421676, 45.376066], [14.421731, 45.37606], [14.421836, 45.37606], [14.42187, 45.37606], [14.421938, 45.376027], [14.421946, 45.376023], [14.422053, 45.375999], [14.42209, 45.376001], [14.422162, 45.376004], [14.422288, 45.376014], [14.422473, 45.376036], [14.422584, 45.376055], [14.422721, 45.376087], [14.422855, 45.376116], [14.42295, 45.376143], [14.423079, 45.376166], [14.423259, 45.376203], [14.423281, 45.376284], [14.42331, 45.37634], [14.423328, 45.376375], [14.42337, 45.376469], [14.423393, 45.376552], [14.423428, 45.376697], [14.423461, 45.376913], [14.423467, 45.376935], [14.423442, 45.376965], [14.423379, 45.37706], [14.423357, 45.377104], [14.423329, 45.377141], [14.42328, 45.377196], [14.423186, 45.377292], [14.423076, 45.377394], [14.423032, 45.377432], [14.423257, 45.377568], [14.423408, 45.37766], [14.423411, 45.377662], [14.42342, 45.377674], [14.423426, 45.377682], [14.423452, 45.377701], [14.423459, 45.377705], [14.423504, 45.377726], [14.423508, 45.377728], [14.423556, 45.377761], [14.423558, 45.377762], [14.423572, 45.377767], [14.423592, 45.377774], [14.423634, 45.377783], [14.423672, 45.377789], [14.423673, 45.377789], [14.423693, 45.377809], [14.42371, 45.377825], [14.423719, 45.377833], [14.423751, 45.377857], [14.423755, 45.37786], [14.423812, 45.37789], [14.423832, 45.377899], [14.423878, 45.377921], [14.423891, 45.377927], [14.4239, 45.377931], [14.423939, 45.377941], [14.423945, 45.377943], [14.424021, 45.377953], [14.424051, 45.37796], [14.4241, 45.377972], [14.424167, 45.377992], [14.424206, 45.378025], [14.424236, 45.378057], [14.424269, 45.378113], [14.424299, 45.37818], [14.424319, 45.37822], [14.424377, 45.378278], [14.424391, 45.378287], [14.424413, 45.3783], [14.424449, 45.378322], [14.424494, 45.378333], [14.424516, 45.378336], [14.424519, 45.378336], [14.424528, 45.378336], [14.424701, 45.378335], [14.424745, 45.378347], [14.424755, 45.378349], [14.424757, 45.37835], [14.424805, 45.378367], [14.424805, 45.378367], [14.424822, 45.37838], [14.424823, 45.37838], [14.424824, 45.378381], [14.424876, 45.378396], [14.424877, 45.378397], [14.42491, 45.37841], [14.424911, 45.37841], [14.424958, 45.378394], [14.424958, 45.378394], [14.425132, 45.378477], [14.425248, 45.37853], [14.425337, 45.378565], [14.425339, 45.378567], [14.427332, 45.380146], [14.427569, 45.38037], [14.427967, 45.380748], [14.428126, 45.380899], [14.42828, 45.381046], [14.428546, 45.381301], [14.428839, 45.38158], [14.429827, 45.382523], [14.430147, 45.382832], [14.430923, 45.383207], [14.431812, 45.383636], [14.432603, 45.384016], [14.432683, 45.384048], [14.432662, 45.383978], [14.432739, 45.383792], [14.432819, 45.383621], [14.432872, 45.383494], [14.432905, 45.383392], [14.433094, 45.383339], [14.433262, 45.38329], [14.433475, 45.38321], [14.433628, 45.383043], [14.433677, 45.382806], [14.433723, 45.3825], [14.433708, 45.382414], [14.433731, 45.382287], [14.433769, 45.382191], [14.433931, 45.381928], [14.433981, 45.381837], [14.434014, 45.381783], [14.434058, 45.381726], [14.434156, 45.381657], [14.434214, 45.381616], [14.434399, 45.381529], [14.434563, 45.381448], [14.434999, 45.381142], [14.435191, 45.381], [14.435433, 45.380864], [14.435652, 45.380733], [14.435686, 45.380712], [14.435748, 45.380676], [14.435977, 45.380498], [14.435991, 45.380488], [14.436382, 45.380193], [14.436514, 45.380099], [14.436618, 45.379942], [14.436769, 45.379697], [14.436807, 45.379581], [14.436833, 45.379441], [14.4369, 45.37913], [14.436915, 45.379054], [14.436939, 45.378757], [14.436733, 45.378608], [14.43662, 45.378406], [14.436568, 45.378316], [14.436554, 45.378246], [14.436635, 45.378085], [14.436701, 45.377928], [14.436658, 45.377851], [14.436567, 45.377536], [14.43657, 45.377439], [14.436592, 45.377324], [14.436601, 45.377242], [14.436642, 45.377135], [14.436702, 45.377051], [14.436723, 45.377026], [14.436754, 45.376989], [14.436844, 45.376885], [14.436913, 45.376817], [14.437071, 45.376746], [14.437146, 45.376684], [14.437235, 45.37662], [14.43737, 45.376545], [14.437506, 45.376459], [14.437627, 45.376364], [14.437719, 45.376312], [14.438007, 45.376289], [14.438133, 45.376315], [14.438261, 45.376352], [14.438481, 45.376455], [14.439088, 45.376346], [14.438825, 45.375846], [14.439197, 45.375671], [14.439809, 45.375515], [14.440091, 45.375422], [14.440349, 45.375298], [14.440693, 45.375132], [14.440585, 45.375063], [14.440527, 45.375008], [14.440431, 45.374945], [14.440375, 45.374902], [14.440325, 45.374882], [14.440283, 45.374868], [14.440224, 45.374825], [14.440191, 45.374782], [14.440145, 45.374714], [14.440132, 45.374681], [14.440057, 45.37462], [14.440003, 45.374607], [14.439983, 45.374573], [14.439974, 45.374548], [14.439938, 45.374484], [14.439878, 45.374308], [14.439874, 45.37429], [14.43988, 45.374215], [14.439924, 45.374124], [14.439963, 45.374067], [14.439972, 45.374038], [14.440003, 45.373992], [14.440048, 45.373936], [14.44011, 45.373877], [14.440186, 45.373831], [14.440218, 45.373799], [14.440207, 45.373729], [14.440276, 45.373677], [14.44032, 45.373641], [14.440383, 45.373604], [14.440445, 45.373531], [14.440471, 45.37348], [14.440468, 45.37342], [14.44048, 45.373387], [14.440449, 45.373344], [14.440424, 45.373278], [14.440435, 45.373239], [14.440425, 45.373194], [14.440399, 45.373156], [14.440425, 45.373106], [14.440427, 45.373069], [14.44044, 45.373022], [14.440438, 45.372974], [14.44045, 45.372924], [14.44045, 45.372857], [14.440468, 45.372808], [14.440489, 45.372776], [14.4405, 45.372738], [14.440495, 45.372684], [14.440507, 45.37259], [14.440517, 45.372546], [14.440535, 45.372503], [14.440597, 45.372336], [14.440651, 45.372261], [14.440687, 45.372181], [14.440713, 45.372121], [14.440751, 45.372023], [14.440827, 45.371922], [14.440906, 45.371788], [14.44097, 45.371726], [14.441078, 45.371538], [14.441089, 45.371445], [14.441113, 45.371392], [14.441134, 45.371328], [14.441155, 45.371243], [14.441117, 45.371131], [14.441113, 45.371007], [14.441123, 45.370925], [14.441184, 45.370833], [14.441231, 45.370771], [14.441265, 45.370735], [14.441297, 45.370648], [14.441297, 45.370544], [14.441324, 45.370475], [14.441369, 45.370389], [14.441375, 45.370305], [14.4414, 45.370217], [14.441471, 45.370107], [14.441548, 45.37], [14.441554, 45.369829], [14.441601, 45.369714], [14.441605, 45.369622], [14.441526, 45.369591], [14.441505, 45.369519], [14.441548, 45.369472], [14.44154, 45.369361], [14.441547, 45.369253], [14.441641, 45.369093], [14.441599, 45.369033], [14.441696, 45.368904], [14.441744, 45.368833], [14.441765, 45.368809], [14.441797, 45.368771], [14.441865, 45.368708], [14.44201, 45.368618], [14.442343, 45.368445], [14.44244, 45.368393], [14.442513, 45.368339], [14.442542, 45.368317], [14.442579, 45.368277], [14.442616, 45.368226], [14.442707, 45.368156], [14.442721, 45.36812], [14.442752, 45.368032], [14.44278, 45.3678], [14.442803, 45.367792], [14.442801, 45.367749], [14.442804, 45.367669], [14.442813, 45.367598], [14.442828, 45.367422], [14.442835, 45.367379], [14.442837, 45.367336], [14.442842, 45.367282], [14.442841, 45.367193], [14.442834, 45.367168], [14.442803, 45.367104], [14.442787, 45.367038], [14.442787, 45.367015], [14.44278, 45.366981], [14.442777, 45.366955], [14.442777, 45.366943], [14.442749, 45.366906], [14.442722, 45.366855], [14.442696, 45.366788], [14.442654, 45.36665], [14.44264, 45.366588], [14.442631, 45.366512], [14.442637, 45.366433], [14.44264, 45.366417], [14.442659, 45.366349], [14.442668, 45.366315], [14.44269, 45.36626], [14.442718, 45.366206], [14.442775, 45.3661], [14.442813, 45.36605], [14.44284, 45.366026], [14.442869, 45.36598], [14.442893, 45.365944], [14.443105, 45.365807], [14.443195, 45.365754], [14.443395, 45.365646], [14.443607, 45.365549], [14.443671, 45.365505], [14.443756, 45.365436], [14.443786, 45.365395], [14.443829, 45.365347], [14.443872, 45.365312], [14.443897, 45.365294], [14.443967, 45.365219], [14.444023, 45.365153], [14.444066, 45.365083], [14.444075, 45.365022], [14.444077, 45.364966], [14.444093, 45.364939], [14.444293, 45.364857], [14.444341, 45.364843], [14.444371, 45.364838], [14.444406, 45.364843], [14.444452, 45.364835], [14.444502, 45.364846], [14.44453, 45.364833], [14.444564, 45.36481], [14.444624, 45.364756], [14.444655, 45.364736], [14.444686, 45.364711], [14.444707, 45.364675], [14.444745, 45.364573], [14.44476, 45.364526], [14.444777, 45.364485], [14.444766, 45.364446], [14.444779, 45.364401], [14.444804, 45.364331], [14.444823, 45.364307], [14.444833, 45.364296], [14.444862, 45.364243], [14.444901, 45.364161], [14.444964, 45.364059], [14.445039, 45.363942], [14.445105, 45.363844], [14.445186, 45.363724], [14.445232, 45.363646], [14.445257, 45.363593], [14.445319, 45.363528], [14.445349, 45.363402], [14.44536, 45.363305], [14.445373, 45.363211], [14.445419, 45.36317], [14.44545, 45.36312], [14.445454, 45.36305], [14.445439, 45.362944], [14.445424, 45.362898], [14.445397, 45.36286], [14.445379, 45.362831], [14.445363, 45.362793], [14.445365, 45.36275], [14.445382, 45.362704], [14.445383, 45.362665], [14.44536, 45.362645], [14.445353, 45.362596], [14.445362, 45.362557], [14.445381, 45.362526], [14.445388, 45.362497], [14.445377, 45.36246], [14.445375, 45.362422], [14.445399, 45.362368], [14.445426, 45.362317], [14.445503, 45.362226], [14.445536, 45.362173], [14.445568, 45.362144], [14.445615, 45.362116], [14.445654, 45.36209], [14.445689, 45.362051], [14.445701, 45.362023], [14.445768, 45.361973], [14.445845, 45.361926], [14.445922, 45.361894], [14.44599, 45.361862], [14.446087, 45.361826], [14.446176, 45.361783], [14.446272, 45.361744], [14.446381, 45.361698], [14.446431, 45.361666], [14.446476, 45.361648], [14.4465, 45.361634], [14.446529, 45.36159], [14.446535, 45.361561], [14.446536, 45.361509], [14.446541, 45.361457], [14.446544, 45.361393], [14.446549, 45.36134], [14.446557, 45.361303], [14.446568, 45.361286], [14.446587, 45.361262], [14.446597, 45.361199], [14.446584, 45.361138], [14.446564, 45.361126], [14.446555, 45.361032], [14.44655, 45.360999], [14.446533, 45.360934], [14.446503, 45.360873], [14.446474, 45.36083], [14.446447, 45.360777], [14.446428, 45.360743], [14.446371, 45.36065], [14.446343, 45.360592], [14.446302, 45.36054], [14.446256, 45.360489], [14.446214, 45.360434], [14.446094, 45.360316], [14.446031, 45.360268], [14.446028, 45.360231], [14.446018, 45.360206], [14.446009, 45.36013], [14.446, 45.360041], [14.445984, 45.359941], [14.445971, 45.359873], [14.445955, 45.359705], [14.446017, 45.359573], [14.446045, 45.359503], [14.446109, 45.359366], [14.446153, 45.359295], [14.446212, 45.359217], [14.446265, 45.359173], [14.446314, 45.359116], [14.446354, 45.359058], [14.446483, 45.358997], [14.446576, 45.358957], [14.446707, 45.358918], [14.446802, 45.35887], [14.446888, 45.358832], [14.447043, 45.358745], [14.447092, 45.358712], [14.447146, 45.358668], [14.447222, 45.358604], [14.447515, 45.357982], [14.447737, 45.35802], [14.447819, 45.358032], [14.447821, 45.358033], [14.447829, 45.358064], [14.448012, 45.358132], [14.448014, 45.358133], [14.448139, 45.358138], [14.448161, 45.358138], [14.448251, 45.358206], [14.448252, 45.358207], [14.448372, 45.358247], [14.448513, 45.358354], [14.448513, 45.358354], [14.448567, 45.358427], [14.448602, 45.358473], [14.448651, 45.358476], [14.448768, 45.358405], [14.448769, 45.358404], [14.448953, 45.358433], [14.449008, 45.358458], [14.449067, 45.358486], [14.449131, 45.358492], [14.449268, 45.358506], [14.449565, 45.358608], [14.449639, 45.358567], [14.449667, 45.35857], [14.449725, 45.358577], [14.449892, 45.35864], [14.450321, 45.358635], [14.45056, 45.358632], [14.450614, 45.358629], [14.450615, 45.358629], [14.450717, 45.358661], [14.450716, 45.358703], [14.450819, 45.358755], [14.450987, 45.358811], [14.450987, 45.358811], [14.451025, 45.358785], [14.451028, 45.358786], [14.451254, 45.358871], [14.451481, 45.358934], [14.451482, 45.358934], [14.451482, 45.358934], [14.45175, 45.358999], [14.45179, 45.359028], [14.451805, 45.359038], [14.451939, 45.359046], [14.452026, 45.359052], [14.452059, 45.359054], [14.45208, 45.359055], [14.452091, 45.359089], [14.452157, 45.359077], [14.452533, 45.35901], [14.452653, 45.358989], [14.452777, 45.358967], [14.452857, 45.358953], [14.452955, 45.359012], [14.452934, 45.359076], [14.45292, 45.359119], [14.452919, 45.35912], [14.452829, 45.359251], [14.452786, 45.359299], [14.452776, 45.359307], [14.452708, 45.359379], [14.452613, 45.359476], [14.452564, 45.359535], [14.452558, 45.359542], [14.452534, 45.359567], [14.452646, 45.359712], [14.452663, 45.359734], [14.452663, 45.359735], [14.452734, 45.359868], [14.452669, 45.359903], [14.452723, 45.359957], [14.452785, 45.360019], [14.452814, 45.360048], [14.452991, 45.360211], [14.453008, 45.360226], [14.453189, 45.360448], [14.453432, 45.360753], [14.453433, 45.360753], [14.453466, 45.360777], [14.453564, 45.360847], [14.453565, 45.360846], [14.453593, 45.360837], [14.453609, 45.360833], [14.453609, 45.360832], [14.453642, 45.360876], [14.453654, 45.360892], [14.453624, 45.360904], [14.453623, 45.360905], [14.453691, 45.361001], [14.453782, 45.361115], [14.454028, 45.361277], [14.454235, 45.361341], [14.454292, 45.361359], [14.45461, 45.361451], [14.454613, 45.361452], [14.454685, 45.36132], [14.454841, 45.361261], [14.454844, 45.36126], [14.454865, 45.361302], [14.454922, 45.361294], [14.455027, 45.361279], [14.455177, 45.361204], [14.455288, 45.361158], [14.455462, 45.361136], [14.45573, 45.361167], [14.455766, 45.361178], [14.455875, 45.361229], [14.456122, 45.361332], [14.45635, 45.361334], [14.456581, 45.361299], [14.456653, 45.361268], [14.45668, 45.361256], [14.45677, 45.361218], [14.456851, 45.361113], [14.456964, 45.361006], [14.457065, 45.360911], [14.457097, 45.360876], [14.45713, 45.360841], [14.457142, 45.360828], [14.45724, 45.360703], [14.457349, 45.360612], [14.457397, 45.360572], [14.457461, 45.360499], [14.457482, 45.360475], [14.45755, 45.360397], [14.457609, 45.360329], [14.457721, 45.360306], [14.457918, 45.360124], [14.458007, 45.360042], [14.458288, 45.359919], [14.458484, 45.359805], [14.458625, 45.359683], [14.45875, 45.359536], [14.458905, 45.359431], [14.458948, 45.359344], [14.459057, 45.359326], [14.459057, 45.359326], [14.459174, 45.35916], [14.459175, 45.359158], [14.459365, 45.358971], [14.459426, 45.358886], [14.459441, 45.358881], [14.459786, 45.358779], [14.459864, 45.358719], [14.460519, 45.358577], [14.460703, 45.358418], [14.460883, 45.358261], [14.461049, 45.35814], [14.461208, 45.357886], [14.461309, 45.357813], [14.461397, 45.357712], [14.461492, 45.357523], [14.461581, 45.357326], [14.461654, 45.357166], [14.461651, 45.357165], [14.461492, 45.357079], [14.461295, 45.356926], [14.46113, 45.356863], [14.461201, 45.356829], [14.461309, 45.35681], [14.461675, 45.356814], [14.462049, 45.356789], [14.462665, 45.356683], [14.462681, 45.356678], [14.46319, 45.356562], [14.463667, 45.356517], [14.463728, 45.356511], [14.463952, 45.356549], [14.463981, 45.35657], [14.464004, 45.356586], [14.464005, 45.356587], [14.464044, 45.356672], [14.464047, 45.35668], [14.464048, 45.356683], [14.464024, 45.356778], [14.464021, 45.356789], [14.464021, 45.356791], [14.463823, 45.356943], [14.463831, 45.356996], [14.463832, 45.356999], [14.463959, 45.357147], [14.46396, 45.357148], [14.463978, 45.357181], [14.464049, 45.357313], [14.464259, 45.357466], [14.464466, 45.357616], [14.464597, 45.357587], [14.464988, 45.357605], [14.465164, 45.357648], [14.465285, 45.357744], [14.465333, 45.357783], [14.46554, 45.358204], [14.465722, 45.358399], [14.465863, 45.358437], [14.465864, 45.358437], [14.466392, 45.35845], [14.466879, 45.358453], [14.467061, 45.358454], [14.467189, 45.358458], [14.467194, 45.358458], [14.467218, 45.358459], [14.467247, 45.35846], [14.467696, 45.358473], [14.468138, 45.358493], [14.468463, 45.358466], [14.468733, 45.358443], [14.46885, 45.358434], [14.468851, 45.358429], [14.468856, 45.358402], [14.468991, 45.358228], [14.469148, 45.358005], [14.469321, 45.357841], [14.469688, 45.357591], [14.470361, 45.357139], [14.470346, 45.357109], [14.470359, 45.357072], [14.470424, 45.357004], [14.470534, 45.356974], [14.470557, 45.356974], [14.470594, 45.356982], [14.470844, 45.35681], [14.470983, 45.356712], [14.471241, 45.356394], [14.471459, 45.35613], [14.471623, 45.355929], [14.471852, 45.355652], [14.471948, 45.355417], [14.471993, 45.355306], [14.472037, 45.355196], [14.472199, 45.354796], [14.472305, 45.354509], [14.472332, 45.354463], [14.472366, 45.354406], [14.472668, 45.353891], [14.473441, 45.352564], [14.473586, 45.352315], [14.473553, 45.352159], [14.473443, 45.351631], [14.4734, 45.351419], [14.473459, 45.351008], [14.473486, 45.350815], [14.473497, 45.350767], [14.473612, 45.35022], [14.473651, 45.350045], [14.473691, 45.349856], [14.473666, 45.349767], [14.47364, 45.349718], [14.473545, 45.349597], [14.473599, 45.349503], [14.47387, 45.349404], [14.474043, 45.34934], [14.47394, 45.349284], [14.473866, 45.349243], [14.473828, 45.349183], [14.473768, 45.349088], [14.47412, 45.348682], [14.474118, 45.348681], [14.474061, 45.348636], [14.473903, 45.348509], [14.473823, 45.348445], [14.473817, 45.348389], [14.473842, 45.348278], [14.47385, 45.348244], [14.473792, 45.348155], [14.473724, 45.348047], [14.473787, 45.347612], [14.473828, 45.347393], [14.473937, 45.346825], [14.473964, 45.346723], [14.474012, 45.346548], [14.474098, 45.34624], [14.474203, 45.345862], [14.474417, 45.345094], [14.474546, 45.344642], [14.474566, 45.3446], [14.474615, 45.344525], [14.474734, 45.344431], [14.474794, 45.344414], [14.474894, 45.344315], [14.475024, 45.344349], [14.475077, 45.344361], [14.475104, 45.344358], [14.47522, 45.34434], [14.475483, 45.344448], [14.475732, 45.34453], [14.475889, 45.344583], [14.476282, 45.344713], [14.476374, 45.344626], [14.476409, 45.344587], [14.476329, 45.344536], [14.476121, 45.344462], [14.476006, 45.344356], [14.475898, 45.344235], [14.475884, 45.344218], [14.475865, 45.344111], [14.475842, 45.344048], [14.475824, 45.343998], [14.475785, 45.343892], [14.475745, 45.343806], [14.475866, 45.343687], [14.475988, 45.343528], [14.476087, 45.343371], [14.476205, 45.343311], [14.476299, 45.343173], [14.477177, 45.34201], [14.478765, 45.341802], [14.481004, 45.340927], [14.48104, 45.340913], [14.481338, 45.340671], [14.481395, 45.340625], [14.481408, 45.340614], [14.481866, 45.340396], [14.482258, 45.340029], [14.482344, 45.339952], [14.482442, 45.339877], [14.482734, 45.339707], [14.482805, 45.339666], [14.482799, 45.339549], [14.48291, 45.339343], [14.482917, 45.339233], [14.482876, 45.339164], [14.482722, 45.339036], [14.483379, 45.337802], [14.4841, 45.336501], [14.484459, 45.335891], [14.485238, 45.334565], [14.485906, 45.334066], [14.486769, 45.333269], [14.486729, 45.333228], [14.487141, 45.332892], [14.487266, 45.332858], [14.487333, 45.33287], [14.487625, 45.332687], [14.49587, 45.328775], [14.500634, 45.326048], [14.502002, 45.325277], [14.504505, 45.32446], [14.504439, 45.324396], [14.50465, 45.324389], [14.50478, 45.324293], [14.504836, 45.324354], [14.506248, 45.323867], [14.507995, 45.322467], [14.508791, 45.322019], [14.51301, 45.3196], [14.519812, 45.317685], [14.520037, 45.317595], [14.520569, 45.317088], [14.520692, 45.316738], [14.520774, 45.316765], [14.520776, 45.316766], [14.520803, 45.316682], [14.520837, 45.316578], [14.520868, 45.316483], [14.521078, 45.316165], [14.521169, 45.315908], [14.521217, 45.315802], [14.521375, 45.315633], [14.521432, 45.315569], [14.521488, 45.315505], [14.521609, 45.315391], [14.52165, 45.31541], [14.521719, 45.315358], [14.521787, 45.315306], [14.521968, 45.315075], [14.522028, 45.314999], [14.522028, 45.314999], [14.522499, 45.315166], [14.523219, 45.315436], [14.52353, 45.315552], [14.523658, 45.315599], [14.524036, 45.315743], [14.524364, 45.315889], [14.524517, 45.315954], [14.524688, 45.315998], [14.525197, 45.316169], [14.525991, 45.31646], [14.526153, 45.316514], [14.526191, 45.316526], [14.526444, 45.316609], [14.526772, 45.316699], [14.527145, 45.316777], [14.527979, 45.316949], [14.527931, 45.316769], [14.528099, 45.316806], [14.528226, 45.316768], [14.528265, 45.316743], [14.528379, 45.31663], [14.528412, 45.316597], [14.528371, 45.316445], [14.528256, 45.316361], [14.528354, 45.316269], [14.528242, 45.316166], [14.528031, 45.316258], [14.528038, 45.316182], [14.528047, 45.316084], [14.528053, 45.316033], [14.528066, 45.315876], [14.528214, 45.315871], [14.528272, 45.315808], [14.52825, 45.315669], [14.528434, 45.315771], [14.528471, 45.315802], [14.528496, 45.315766], [14.528573, 45.315653], [14.528618, 45.3156], [14.528658, 45.315573], [14.528791, 45.3155], [14.528977, 45.315511], [14.52921, 45.315311], [14.529327, 45.315268], [14.529599, 45.315168], [14.529654, 45.315241], [14.530024, 45.315122], [14.530498, 45.315614], [14.530968, 45.315391], [14.530824, 45.315124], [14.530569, 45.315071], [14.530626, 45.314947], [14.530662, 45.314811], [14.530612, 45.31478], [14.530339, 45.314617], [14.530497, 45.314416], [14.530522, 45.314379], [14.530482, 45.314369], [14.530578, 45.314279], [14.530641, 45.314218], [14.530667, 45.314183], [14.530667, 45.314183], [14.530707, 45.314127], [14.530759, 45.313961], [14.530787, 45.31387], [14.530802, 45.313826], [14.530798, 45.313729], [14.530781, 45.313691], [14.530639, 45.313593], [14.530713, 45.313553], [14.530714, 45.313504], [14.530458, 45.313335], [14.530298, 45.313233], [14.530091, 45.313163], [14.529308, 45.313028], [14.528998, 45.312673], [14.529196, 45.312536], [14.52942, 45.312212], [14.529191, 45.312108], [14.529504, 45.311596], [14.529554, 45.311383], [14.529205, 45.311054], [14.527963, 45.310229], [14.527742, 45.310081], [14.527425, 45.309804], [14.526857, 45.309518], [14.526519, 45.309353], [14.526367, 45.309269], [14.526347, 45.309254], [14.526208, 45.309159], [14.526167, 45.309151], [14.525298, 45.308951], [14.525258, 45.308874], [14.524749, 45.308666], [14.524683, 45.308483], [14.524031, 45.308196], [14.523837, 45.307532], [14.523782, 45.307442], [14.523632, 45.307726], [14.523615, 45.307733], [14.523509, 45.307775], [14.523437, 45.307812], [14.523348, 45.307891], [14.523348, 45.307937], [14.523349, 45.307975], [14.523284, 45.307999], [14.523239, 45.308035], [14.523178, 45.308065], [14.52314, 45.308103], [14.523094, 45.308159], [14.523018, 45.308253], [14.522979, 45.308293], [14.522956, 45.308347], [14.522918, 45.308367], [14.522903, 45.308415], [14.52288, 45.308439], [14.522862, 45.308478], [14.52283, 45.308552], [14.522778, 45.308675], [14.522746, 45.30883], [14.522718, 45.308915], [14.522706, 45.308954], [14.522682, 45.308955], [14.522629, 45.308994], [14.522584, 45.309046], [14.522529, 45.309097], [14.522536, 45.309154], [14.522507, 45.309272], [14.522499, 45.30939], [14.522467, 45.309508], [14.522465, 45.30956], [14.522456, 45.30962], [14.522437, 45.309644], [14.52233, 45.309721], [14.522297, 45.309771], [14.522245, 45.309827], [14.52224, 45.309859], [14.522227, 45.309867], [14.52217, 45.30993], [14.522197, 45.309934], [14.522178, 45.309956], [14.52217, 45.309976], [14.522153, 45.310025], [14.522134, 45.310061], [14.522107, 45.310183], [14.522095, 45.310254], [14.522087, 45.310333], [14.522077, 45.310504], [14.522075, 45.31056], [14.522076, 45.310713], [14.52151, 45.310813], [14.521546, 45.310825], [14.521588, 45.310916], [14.521578, 45.310939], [14.521544, 45.310959], [14.521311, 45.311176], [14.521267, 45.31121], [14.521037, 45.311146], [14.520679, 45.311062], [14.520573, 45.311047], [14.520353, 45.31108], [14.520276, 45.311092], [14.520212, 45.311113], [14.520121, 45.31114], [14.520022, 45.311163], [14.519975, 45.311176], [14.519898, 45.311204], [14.519844, 45.311234], [14.519821, 45.311269], [14.519796, 45.311342], [14.519045, 45.311633], [14.519004, 45.311631], [14.518541, 45.311739], [14.517882, 45.311643], [14.517886, 45.311612], [14.517812, 45.3116], [14.517763, 45.311592], [14.517687, 45.311577], [14.517549, 45.31155], [14.517537, 45.311548], [14.517507, 45.311561], [14.517416, 45.311536], [14.517368, 45.311517], [14.517332, 45.311519], [14.51731, 45.311521], [14.51728, 45.311517], [14.517196, 45.311508], [14.517165, 45.311508], [14.517136, 45.311496], [14.517066, 45.311458], [14.516948, 45.311426], [14.516861, 45.311411], [14.516781, 45.311394], [14.516716, 45.311376], [14.516659, 45.311363], [14.516489, 45.311354], [14.516423, 45.311359], [14.516321, 45.311367], [14.516242, 45.311367], [14.51616, 45.311388], [14.516106, 45.311399], [14.51606, 45.31142], [14.515391, 45.311369], [14.515328, 45.311324], [14.514922, 45.31127], [14.514712, 45.311301], [14.51449, 45.311261], [14.51448, 45.311281], [14.514236, 45.311264], [14.513065, 45.311201], [14.513053, 45.311212], [14.513042, 45.311223], [14.513032, 45.311232], [14.513021, 45.311243], [14.513019, 45.311253], [14.513006, 45.311257], [14.512775, 45.311323], [14.512524, 45.311349], [14.512308, 45.311382], [14.512135, 45.311388], [14.511938, 45.311523], [14.511705, 45.311749], [14.511413, 45.311844], [14.511087, 45.311908], [14.511014, 45.311932], [14.510938, 45.311923], [14.510846, 45.311954], [14.510766, 45.311981], [14.51057, 45.312047], [14.510457, 45.312085], [14.510205, 45.312151], [14.510009, 45.312191], [14.509901, 45.312213], [14.509786, 45.31231], [14.509694, 45.312387], [14.509496, 45.312472], [14.509436, 45.312498], [14.509374, 45.312514], [14.509218, 45.312554], [14.509051, 45.312611], [14.508898, 45.312663], [14.508827, 45.312668], [14.508597, 45.312764], [14.508448, 45.312754], [14.508287, 45.312799], [14.508183, 45.312829], [14.508101, 45.312834], [14.507966, 45.312861], [14.507893, 45.312869], [14.507872, 45.312874], [14.507831, 45.312884], [14.507697, 45.312917], [14.507676, 45.312921], [14.507639, 45.312928], [14.507536, 45.312967], [14.507477, 45.312989], [14.507438, 45.313031], [14.50743, 45.313032], [14.507398, 45.313036], [14.507357, 45.313041], [14.507295, 45.313057], [14.507293, 45.313058], [14.507247, 45.313071], [14.507139, 45.313101], [14.507116, 45.313108], [14.507041, 45.31313], [14.507041, 45.31313], [14.506954, 45.313159], [14.506946, 45.313161], [14.50687, 45.313185], [14.506728, 45.313234], [14.50661, 45.313275], [14.506481, 45.313314], [14.50628, 45.313402], [14.506197, 45.313427], [14.506054, 45.313482], [14.50579, 45.313492], [14.505779, 45.313493], [14.50561, 45.31352], [14.505543, 45.313535], [14.505319, 45.313587], [14.505275, 45.313601], [14.505184, 45.313631], [14.505007, 45.313658], [14.504691, 45.313713], [14.504396, 45.313809], [14.503084, 45.314753], [14.500355, 45.315781], [14.496736, 45.318083], [14.49595, 45.318805], [14.4912, 45.318442], [14.490791, 45.318427], [14.490768, 45.31845], [14.490734, 45.318483], [14.490839, 45.31855], [14.49093, 45.31873], [14.490929, 45.318733], [14.490848, 45.318698], [14.490714, 45.318624], [14.490601, 45.318618], [14.490263, 45.318678], [14.490152, 45.318686], [14.490044, 45.318753], [14.489911, 45.318814], [14.489678, 45.318938], [14.489572, 45.318965], [14.489408, 45.319043], [14.48924, 45.319173], [14.489094, 45.319246], [14.48885, 45.319376], [14.488621, 45.31947], [14.488347, 45.319567], [14.488213, 45.319646], [14.487875, 45.319789], [14.487338, 45.319922], [14.486981, 45.319922], [14.486886, 45.319918], [14.486736, 45.319912], [14.486672, 45.319871], [14.486515, 45.319842], [14.486509, 45.31984], [14.486446, 45.319828], [14.486313, 45.319769], [14.486229, 45.319747], [14.486106, 45.319731], [14.485978, 45.319724], [14.48587, 45.319709], [14.485847, 45.319688], [14.485587, 45.319661], [14.485458, 45.319625], [14.485105, 45.319556], [14.484665, 45.319492], [14.484538, 45.319453], [14.484296, 45.31938], [14.483986, 45.319299], [14.483684, 45.319205], [14.483578, 45.319203], [14.483462, 45.319153], [14.483375, 45.319132], [14.483228, 45.319054], [14.483109, 45.319016], [14.483062, 45.319026], [14.483033, 45.319015], [14.482986, 45.319025], [14.482747, 45.319], [14.482488, 45.319002], [14.482442, 45.31903], [14.482391, 45.319004], [14.482283, 45.318879], [14.482277, 45.318808], [14.482309, 45.318715], [14.482352, 45.318678], [14.482365, 45.318625], [14.482423, 45.318473], [14.482422, 45.318447], [14.482379, 45.31842], [14.482326, 45.318352], [14.482224, 45.318278], [14.482175, 45.31823], [14.481988, 45.318102], [14.481829, 45.317957], [14.481813, 45.317947], [14.481781, 45.31789], [14.481869, 45.317808], [14.48187, 45.317717], [14.481898, 45.317586], [14.481903, 45.317498], [14.481905, 45.317467], [14.481817, 45.317404], [14.481817, 45.3174], [14.481817, 45.317392], [14.481816, 45.317383], [14.481815, 45.317382], [14.481799, 45.317357], [14.481785, 45.317312], [14.481744, 45.317311], [14.481743, 45.317325], [14.481717, 45.317324], [14.481717, 45.317319], [14.481523, 45.317313], [14.481523, 45.317302], [14.481282, 45.317284], [14.481322, 45.31717], [14.481343, 45.317134], [14.481367, 45.31711], [14.481317, 45.317065], [14.481032, 45.316858], [14.481085, 45.316813], [14.48101, 45.316814], [14.480832, 45.316639], [14.481002, 45.316554], [14.48102, 45.316571], [14.481054, 45.316553], [14.481155, 45.316502], [14.481122, 45.316462], [14.481119, 45.316459], [14.480973, 45.316325], [14.480718, 45.316078], [14.480657, 45.316024], [14.480562, 45.315957], [14.480478, 45.315914], [14.480284, 45.315827], [14.480234, 45.31581], [14.480198, 45.31581], [14.479859, 45.315634], [14.479838, 45.315623], [14.479795, 45.315586], [14.479687, 45.315534], [14.479521, 45.315468], [14.479242, 45.31538], [14.47905, 45.315332], [14.478976, 45.315328], [14.47881, 45.315326], [14.478659, 45.315337], [14.478613, 45.315345], [14.478556, 45.315357], [14.478548, 45.315359], [14.478373, 45.315405], [14.478242, 45.315448], [14.478113, 45.315496], [14.477984, 45.315545], [14.477865, 45.3156], [14.477574, 45.31576], [14.477415, 45.315849], [14.477203, 45.315973], [14.476995, 45.316091], [14.476693, 45.316262], [14.476486, 45.31637], [14.47637, 45.316429], [14.476282, 45.316443], [14.476193, 45.316446], [14.476119, 45.316438], [14.476058, 45.316428], [14.475987, 45.316409], [14.475899, 45.316369], [14.475822, 45.316321], [14.475765, 45.316269], [14.475732, 45.316221], [14.475712, 45.31616], [14.4757, 45.316095], [14.475716, 45.31605], [14.475747, 45.315967], [14.47585, 45.315775], [14.475899, 45.315664], [14.475985, 45.315516], [14.476112, 45.315274], [14.476294, 45.314997], [14.476472, 45.314736], [14.476673, 45.314364], [14.476696, 45.314262], [14.476725, 45.314154], [14.476672, 45.314006], [14.476525, 45.313745], [14.476284, 45.31358], [14.476157, 45.313523], [14.475917, 45.313463], [14.475614, 45.313408], [14.475763, 45.313039], [14.475872, 45.312621], [14.475778, 45.312608], [14.475571, 45.312513], [14.47547, 45.312465], [14.475421, 45.312423], [14.475353, 45.312377], [14.475497, 45.312227], [14.475434, 45.31221], [14.475385, 45.312216], [14.475385, 45.312165], [14.475327, 45.312122], [14.475283, 45.312119], [14.475197, 45.312117], [14.475161, 45.312102], [14.475153, 45.31206], [14.475129, 45.312027], [14.475051, 45.311967], [14.474791, 45.311837], [14.474489, 45.311666], [14.474441, 45.311666], [14.474372, 45.311695], [14.474259, 45.311708], [14.474171, 45.311722], [14.474119, 45.311743], [14.474111, 45.311793], [14.474265, 45.311796], [14.474457, 45.311757], [14.474584, 45.311819], [14.475058, 45.312067], [14.475046, 45.312074], [14.47499, 45.312074], [14.474949, 45.312086], [14.474868, 45.312126], [14.474806, 45.312223], [14.474632, 45.312366], [14.474434, 45.312246], [14.47426, 45.312136], [14.474424, 45.31198], [14.47445, 45.311846], [14.474421, 45.311839], [14.474372, 45.31185], [14.474335, 45.311881], [14.474288, 45.311884], [14.474218, 45.311884], [14.474189, 45.311917], [14.474163, 45.311943], [14.474114, 45.311969], [14.474075, 45.311978], [14.474039, 45.31202], [14.474012, 45.312027], [14.473963, 45.312036], [14.473882, 45.312042], [14.473828, 45.312064], [14.473757, 45.312102], [14.473708, 45.312148], [14.473698, 45.31213], [14.473691, 45.31212], [14.473645, 45.31206], [14.473592, 45.312078], [14.473637, 45.312139], [14.473618, 45.31215], [14.47353, 45.312153], [14.473497, 45.312119], [14.473462, 45.312114], [14.473427, 45.312129], [14.473461, 45.312162], [14.47344, 45.312183], [14.473452, 45.312227], [14.473339, 45.312279], [14.473254, 45.312321], [14.473208, 45.312295], [14.473156, 45.312281], [14.473118, 45.312293], [14.473103, 45.312331], [14.473131, 45.312343], [14.47307, 45.312356], [14.473039, 45.312351], [14.473027, 45.31234], [14.473017, 45.312333], [14.473003, 45.312327], [14.472983, 45.312325], [14.472966, 45.312329], [14.472955, 45.31234], [14.472949, 45.312351], [14.472847, 45.312392], [14.472794, 45.312415], [14.472689, 45.312437], [14.472665, 45.312432], [14.472604, 45.312408], [14.472586, 45.312404], [14.472569, 45.3124], [14.472522, 45.312402], [14.472475, 45.312413], [14.472488, 45.312513], [14.472395, 45.312519], [14.472408, 45.312599], [14.472326, 45.312691], [14.472213, 45.312754], [14.472228, 45.312784], [14.47217, 45.312815], [14.472119, 45.312778], [14.472034, 45.312812], [14.471966, 45.312785], [14.471943, 45.31281], [14.471961, 45.312874], [14.471923, 45.312954], [14.471863, 45.313009], [14.471743, 45.313106], [14.471652, 45.313091], [14.471576, 45.313127], [14.471525, 45.313139], [14.471467, 45.31317], [14.471462, 45.313254], [14.471518, 45.313319], [14.471514, 45.313349], [14.471311, 45.313493], [14.471287, 45.31349], [14.471265, 45.313483], [14.471246, 45.313458], [14.471229, 45.313441], [14.471191, 45.313449], [14.471196, 45.313464], [14.471213, 45.313473], [14.471224, 45.313517], [14.471191, 45.313533], [14.471127, 45.313552], [14.471093, 45.313553], [14.471089, 45.31353], [14.471071, 45.313492], [14.471044, 45.313462], [14.47102, 45.313485], [14.471018, 45.313525], [14.470988, 45.313562], [14.47097, 45.313605], [14.470752, 45.313669], [14.470701, 45.313653], [14.470659, 45.313658], [14.470668, 45.313604], [14.470512, 45.313626], [14.470294, 45.313696], [14.470109, 45.313771], [14.470062, 45.313775], [14.469973, 45.313871], [14.469989, 45.313887], [14.469764, 45.314084], [14.469755, 45.314222], [14.469798, 45.314225], [14.469802, 45.314097], [14.470013, 45.313914], [14.470103, 45.313876], [14.470151, 45.313838], [14.4702, 45.313839], [14.47023, 45.313857], [14.470232, 45.313884], [14.470265, 45.313881], [14.47026, 45.313854], [14.470379, 45.313757], [14.470733, 45.313686], [14.470815, 45.313714], [14.470815, 45.313732], [14.470772, 45.313784], [14.470777, 45.313884], [14.470624, 45.314046], [14.470534, 45.314042], [14.470417, 45.313928], [14.470361, 45.313893], [14.470267, 45.313919], [14.470269, 45.313935], [14.47026, 45.313976], [14.47024, 45.314025], [14.470156, 45.314036], [14.470114, 45.314045], [14.470054, 45.314103], [14.470051, 45.314182], [14.470029, 45.314246], [14.469967, 45.314338], [14.469945, 45.31435], [14.469895, 45.314346], [14.46986, 45.314313], [14.469833, 45.31432], [14.469826, 45.314363], [14.46986, 45.314383], [14.469926, 45.314387], [14.469924, 45.314443], [14.469907, 45.314463], [14.469942, 45.314484], [14.469989, 45.314523], [14.46988, 45.314599], [14.469777, 45.314631], [14.469764, 45.314611], [14.469735, 45.314616], [14.469702, 45.314646], [14.46968, 45.314637], [14.46949, 45.314754], [14.469486, 45.314788], [14.469521, 45.31478], [14.469497, 45.314835], [14.469464, 45.314877], [14.469488, 45.314878], [14.46953, 45.314878], [14.469526, 45.315056], [14.469497, 45.315211], [14.469419, 45.315379], [14.469323, 45.315476], [14.469226, 45.315556], [14.46907, 45.315637], [14.468918, 45.315706], [14.468803, 45.315734], [14.468696, 45.315759], [14.468637, 45.315761], [14.468596, 45.315762], [14.468544, 45.315789], [14.468482, 45.315789], [14.468467, 45.315759], [14.468418, 45.315748], [14.468329, 45.315748], [14.468304, 45.315735], [14.468289, 45.315789], [14.468273, 45.315823], [14.468224, 45.315832], [14.468166, 45.315832], [14.468064, 45.3158], [14.468003, 45.315756], [14.467992, 45.315698], [14.467974, 45.31568], [14.467917, 45.315679], [14.467854, 45.315718], [14.467799, 45.315741], [14.467761, 45.31574], [14.467699, 45.315711], [14.467536, 45.315709], [14.46752, 45.315766], [14.467511, 45.315859], [14.467422, 45.315882], [14.46734, 45.315932], [14.467313, 45.315946], [14.467225, 45.315966], [14.467149, 45.316029], [14.467051, 45.316154], [14.467019, 45.316264], [14.466962, 45.316269], [14.466977, 45.316289], [14.467133, 45.316273], [14.467153, 45.316294], [14.467135, 45.316311], [14.467115, 45.316313], [14.467048, 45.316363], [14.467028, 45.316357], [14.466979, 45.3164], [14.466991, 45.316436], [14.46695, 45.316486], [14.466895, 45.316501], [14.466879, 45.316543], [14.466906, 45.316552], [14.466886, 45.316594], [14.466839, 45.316668], [14.466846, 45.316684], [14.466837, 45.316718], [14.466801, 45.316755], [14.466786, 45.316791], [14.466764, 45.316804], [14.4667, 45.316841], [14.4666, 45.316871], [14.466283, 45.317122], [14.466251, 45.31722], [14.466213, 45.317339], [14.466118, 45.317794], [14.465397, 45.318036], [14.465321, 45.318049], [14.465282, 45.318052], [14.46522, 45.317966], [14.465077, 45.317952], [14.465093, 45.317991], [14.465135, 45.318027], [14.465099, 45.318055], [14.465113, 45.318083], [14.465017, 45.31813], [14.464858, 45.318223], [14.464862, 45.318288], [14.464782, 45.318263], [14.464751, 45.318338], [14.464814, 45.318458], [14.46462, 45.318563], [14.463934, 45.31882], [14.4636, 45.318756], [14.463204, 45.318905], [14.462601, 45.31948], [14.461934, 45.319639], [14.46169, 45.319802], [14.461648, 45.319878], [14.461535, 45.319921], [14.461508, 45.319884], [14.461376, 45.319789], [14.461338, 45.319802], [14.461462, 45.31992], [14.460879, 45.320215], [14.460865, 45.320278], [14.460833, 45.320308], [14.459892, 45.320329], [14.459542, 45.320247], [14.45917, 45.320301], [14.458954, 45.320395], [14.458603, 45.320412], [14.458133, 45.320411], [14.457923, 45.320481], [14.457741, 45.320544], [14.457507, 45.32052], [14.457208, 45.319748], [14.458098, 45.319576], [14.457937, 45.31911], [14.450245, 45.320505], [14.450761, 45.32193], [14.450064, 45.322054], [14.449925, 45.321748], [14.449803, 45.321767], [14.450017, 45.322218], [14.449951, 45.322728], [14.449767, 45.322723], [14.449564, 45.322719], [14.449546, 45.322606], [14.449501, 45.322539], [14.449454, 45.322524], [14.449366, 45.322417], [14.449083, 45.322059], [14.449038, 45.321971], [14.448996, 45.321875], [14.448906, 45.32177], [14.448881, 45.321767], [14.448564, 45.321472], [14.448417, 45.321335], [14.448391, 45.321275], [14.448349, 45.321244], [14.448251, 45.321201], [14.447785, 45.321056], [14.447027, 45.320814], [14.446612, 45.320713], [14.446369, 45.320676], [14.446247, 45.320694], [14.44599, 45.320788], [14.445818, 45.320819], [14.445593, 45.320804], [14.445214, 45.320824], [14.444977, 45.320864], [14.444767, 45.32092], [14.44454, 45.321007], [14.444268, 45.321167], [14.444131, 45.321231], [14.443864, 45.321321], [14.443747, 45.321322], [14.443667, 45.321296], [14.443567, 45.321255], [14.443479, 45.321224], [14.443407, 45.321225], [14.443365, 45.321225], [14.443296, 45.321209], [14.443244, 45.321213], [14.4432, 45.321231], [14.443138, 45.321234], [14.443087, 45.321228], [14.443019, 45.321234], [14.442947, 45.321246], [14.442863, 45.321245], [14.442855, 45.321255], [14.442679, 45.321234], [14.438795, 45.321866], [14.438754, 45.321841], [14.438663, 45.32185], [14.438557, 45.321839], [14.438424, 45.321813], [14.438244, 45.321783], [14.438164, 45.321745], [14.438053, 45.321726], [14.437909, 45.321675], [14.437774, 45.321641], [14.437727, 45.321671], [14.437699, 45.321674], [14.437645, 45.321694], [14.437654, 45.321717], [14.437694, 45.321761], [14.437724, 45.321749], [14.437722, 45.321725], [14.437741, 45.321712], [14.437794, 45.321722], [14.437817, 45.321703], [14.437901, 45.321728], [14.437889, 45.321764], [14.437873, 45.321784], [14.437906, 45.321793], [14.437934, 45.321825], [14.438023, 45.321873], [14.438287, 45.321936], [14.438322, 45.321923], [14.438429, 45.321941], [14.438426, 45.321977], [14.43844, 45.321992], [14.438485, 45.322007], [14.438633, 45.322039], [14.438646, 45.322152], [14.438707, 45.322616], [14.438834, 45.322609], [14.438829, 45.322569], [14.438821, 45.322513], [14.438815, 45.322472], [14.438809, 45.322431], [14.438796, 45.322332], [14.438784, 45.322246], [14.438768, 45.322132], [14.438759, 45.322069], [14.438928, 45.322042], [14.439255, 45.321989], [14.439706, 45.321915], [14.44024, 45.321828], [14.440593, 45.321771], [14.440902, 45.32172], [14.441209, 45.32167], [14.44152, 45.32162], [14.442004, 45.321541], [14.442421, 45.321473], [14.442661, 45.321434], [14.442733, 45.321428], [14.442759, 45.321438], [14.442931, 45.321612], [14.442938, 45.321628], [14.442926, 45.321641], [14.442671, 45.32172], [14.441746, 45.322005], [14.441735, 45.322021], [14.44174, 45.322036], [14.441968, 45.322218], [14.442001, 45.322226], [14.442053, 45.322217], [14.442058, 45.322216], [14.443282, 45.321924], [14.443687, 45.322308], [14.444076, 45.322678], [14.444354, 45.322933], [14.444185, 45.323013], [14.444176, 45.323009], [14.444164, 45.323009], [14.444147, 45.323014], [14.443704, 45.323193], [14.44316, 45.322857], [14.440732, 45.323443], [14.440663, 45.32346], [14.44039, 45.323525], [14.440309, 45.323556], [14.440293, 45.323567], [14.440244, 45.323602], [14.440196, 45.323653], [14.440133, 45.323747], [14.440081, 45.323852], [14.44016, 45.323854], [14.440157, 45.323884], [14.440155, 45.323913], [14.440152, 45.323945], [14.44015, 45.323985], [14.440434, 45.323995], [14.440558, 45.324016], [14.440599, 45.324026], [14.44069, 45.324139], [14.44074, 45.3242], [14.440881, 45.324379], [14.441302, 45.324911], [14.441533, 45.325203], [14.441784, 45.32552], [14.441634, 45.325578], [14.441063, 45.325798], [14.440903, 45.325588], [14.440877, 45.325573], [14.44084, 45.32557], [14.43972, 45.325632], [14.439655, 45.325634], [14.439647, 45.325641], [14.439629, 45.325654], [14.439618, 45.325676], [14.439637, 45.325709], [14.440018, 45.326208], [14.43922, 45.326524]]]]}, "properties": {"id": 35, "razina": "jls", "name": "Rijeka", "jls_name": "Rijeka", "jls_maticni_broj": "03735", "zupanija": "Primorsko-goranska", "area_km2": 43.1787, "stanovnistvo": null, "naselja_count": 34, "partial": false, "palette_idx": 0, "source": "OSM admin_level=9 (unija)"}}, {"type": "Feature", "id": 36, "geometry": {"type": "MultiPolygon", "coordinates": [[[[16.439895, 43.500369], [16.439918, 43.500641], [16.438149, 43.500728], [16.436641, 43.500803], [16.436652, 43.500937], [16.436923, 43.500926], [16.436995, 43.500967], [16.435997, 43.501006], [16.436021, 43.501266], [16.436269, 43.501253], [16.437908, 43.501182], [16.437915, 43.501278], [16.437923, 43.501367], [16.439637, 43.501281], [16.43966, 43.501414], [16.439686, 43.501563], [16.441427, 43.501466], [16.441434, 43.501604], [16.44144, 43.501731], [16.441546, 43.501727], [16.441584, 43.501845], [16.441684, 43.502155], [16.441716, 43.502255], [16.441771, 43.502416], [16.441685, 43.502411], [16.441671, 43.502588], [16.441674, 43.502687], [16.439657, 43.502623], [16.439652, 43.502733], [16.439646, 43.502843], [16.437785, 43.502814], [16.437781, 43.502963], [16.439543, 43.50299], [16.439538, 43.50311], [16.439535, 43.503184], [16.441191, 43.503215], [16.441192, 43.503328], [16.44119, 43.503412], [16.442379, 43.503429], [16.442377, 43.50352], [16.442375, 43.503626], [16.442516, 43.50365], [16.442352, 43.504207], [16.442189, 43.504761], [16.442004, 43.504705], [16.441819, 43.504649], [16.441771, 43.504752], [16.441738, 43.504828], [16.440043, 43.504348], [16.44004, 43.50444], [16.440037, 43.504524], [16.438361, 43.504501], [16.438355, 43.504643], [16.439317, 43.50466], [16.440247, 43.504677], [16.441598, 43.505051], [16.441559, 43.505132], [16.441518, 43.505218], [16.441685, 43.505265], [16.441853, 43.505313], [16.441702, 43.505609], [16.441569, 43.505869], [16.441286, 43.506425], [16.441373, 43.507], [16.442022, 43.506943], [16.442301, 43.506915], [16.442404, 43.5069], [16.443112, 43.506742], [16.445195, 43.506289], [16.447895, 43.505767], [16.449156, 43.505546], [16.449467, 43.50545], [16.451785, 43.505433], [16.452578, 43.505307], [16.454461, 43.504927], [16.454821, 43.504953], [16.455101, 43.504991], [16.455332, 43.50503], [16.45557, 43.505079], [16.455903, 43.50515], [16.456233, 43.505204], [16.464576, 43.506563], [16.465067, 43.505022], [16.465613, 43.504955], [16.466362, 43.504944], [16.467298, 43.504763], [16.469969, 43.503805], [16.469899, 43.503607], [16.469837, 43.503551], [16.468083, 43.503096], [16.467914, 43.503008], [16.467806, 43.50292], [16.4677, 43.502765], [16.467587, 43.502468], [16.467233, 43.501905], [16.466704, 43.501544], [16.466661, 43.501603], [16.466613, 43.501658], [16.466552, 43.501719], [16.466473, 43.501784], [16.466397, 43.501837], [16.466301, 43.501889], [16.466203, 43.501934], [16.466094, 43.501972], [16.466011, 43.501925], [16.465976, 43.501921], [16.465949, 43.501942], [16.465914, 43.50195], [16.465876, 43.501958], [16.465838, 43.501974], [16.465837, 43.501994], [16.465862, 43.502015], [16.465761, 43.50204], [16.465647, 43.502068], [16.465452, 43.502086], [16.465246, 43.502086], [16.465108, 43.502071], [16.464959, 43.502044], [16.464776, 43.502001], [16.464641, 43.501959], [16.464512, 43.50191], [16.464384, 43.501855], [16.464286, 43.501801], [16.464243, 43.50175], [16.464196, 43.501677], [16.464207, 43.501663], [16.464244, 43.50163], [16.464253, 43.501612], [16.464248, 43.501587], [16.464222, 43.501562], [16.464192, 43.501554], [16.464157, 43.501566], [16.464111, 43.501594], [16.464102, 43.501565], [16.463896, 43.501459], [16.463732, 43.501375], [16.463642, 43.501337], [16.463625, 43.501265], [16.463438, 43.50091], [16.463295, 43.500625], [16.463223, 43.500456], [16.46318, 43.500351], [16.463136, 43.500282], [16.463095, 43.50024], [16.463042, 43.500206], [16.462948, 43.500154], [16.462926, 43.500099], [16.462824, 43.499933], [16.462749, 43.499761], [16.462694, 43.499637], [16.462635, 43.499536], [16.462577, 43.499503], [16.462498, 43.499451], [16.462421, 43.499429], [16.461938, 43.499394], [16.461345, 43.499294], [16.460461, 43.499176], [16.459346, 43.498983], [16.458135, 43.498765], [16.458032, 43.49874], [16.457904, 43.49861], [16.457801, 43.498585], [16.457706, 43.498641], [16.457726, 43.498718], [16.457869, 43.49884], [16.458075, 43.498996], [16.458213, 43.499133], [16.45829, 43.49927], [16.45829, 43.499394], [16.458135, 43.499637], [16.458127, 43.499693], [16.458221, 43.499736], [16.458316, 43.499705], [16.458419, 43.499637], [16.458719, 43.499463], [16.458916, 43.499326], [16.459114, 43.499307], [16.459438, 43.499268], [16.459635, 43.499277], [16.460341, 43.499369], [16.462384, 43.499699], [16.462539, 43.500017], [16.462696, 43.500558], [16.462873, 43.50048], [16.462899, 43.500521], [16.462642, 43.500645], [16.462744, 43.500888], [16.462436, 43.50105], [16.461047, 43.500658], [16.461085, 43.500475], [16.461122, 43.5002], [16.461123, 43.500191], [16.460694, 43.500153], [16.460263, 43.50011], [16.460262, 43.500119], [16.460214, 43.500411], [16.460156, 43.500711], [16.458867, 43.500593], [16.458875, 43.500546], [16.458552, 43.500514], [16.458314, 43.500499], [16.458251, 43.500445], [16.458243, 43.500442], [16.458139, 43.50041], [16.457942, 43.500372], [16.457778, 43.500333], [16.457759, 43.500326], [16.457753, 43.500303], [16.457717, 43.50031], [16.457646, 43.500312], [16.457588, 43.500307], [16.457583, 43.500332], [16.45758, 43.500346], [16.457745, 43.500386], [16.457853, 43.500419], [16.457946, 43.500458], [16.458031, 43.500512], [16.458086, 43.500586], [16.458106, 43.500649], [16.458115, 43.500704], [16.458084, 43.500814], [16.458037, 43.500879], [16.458, 43.500906], [16.457955, 43.500926], [16.457885, 43.500948], [16.457764, 43.500953], [16.457735, 43.500948], [16.45771, 43.500936], [16.4577, 43.500906], [16.457473, 43.500917], [16.457472, 43.500929], [16.457471, 43.500958], [16.457465, 43.500991], [16.457452, 43.501018], [16.457429, 43.50104], [16.45738, 43.501063], [16.457317, 43.50108], [16.45725, 43.501087], [16.457212, 43.501078], [16.457181, 43.501068], [16.457156, 43.501048], [16.457144, 43.501027], [16.457134, 43.500982], [16.457126, 43.500927], [16.457117, 43.500863], [16.45706, 43.500843], [16.456983, 43.500835], [16.456933, 43.50078], [16.456878, 43.500752], [16.456943, 43.500702], [16.456925, 43.500689], [16.456855, 43.500737], [16.456709, 43.500628], [16.456848, 43.500212], [16.456414, 43.499833], [16.456917, 43.499506], [16.45724, 43.499358], [16.457294, 43.499413], [16.457307, 43.499412], [16.457312, 43.499397], [16.457339, 43.499392], [16.457378, 43.499365], [16.457414, 43.499322], [16.457415, 43.499253], [16.457382, 43.49922], [16.457338, 43.499201], [16.457222, 43.499193], [16.457072, 43.499198], [16.456917, 43.499214], [16.456616, 43.499332], [16.456316, 43.499494], [16.456161, 43.499631], [16.455976, 43.499661], [16.455904, 43.499682], [16.455866, 43.49968], [16.455838, 43.49967], [16.455792, 43.499673], [16.455752, 43.499657], [16.455623, 43.499648], [16.455509, 43.499659], [16.455384, 43.499664], [16.4553, 43.499677], [16.455227, 43.499677], [16.455157, 43.499666], [16.45515, 43.49969], [16.455176, 43.499705], [16.455231, 43.49972], [16.455281, 43.49972], [16.455273, 43.499745], [16.45525, 43.499769], [16.455208, 43.499813], [16.455134, 43.499854], [16.455069, 43.499881], [16.455008, 43.499925], [16.454917, 43.499984], [16.454824, 43.50001], [16.454783, 43.500006], [16.454783, 43.499947], [16.454759, 43.499936], [16.454731, 43.49995], [16.454739, 43.500036], [16.454752, 43.50007], [16.454599, 43.500203], [16.454504, 43.500327], [16.454135, 43.500295], [16.454131, 43.500327], [16.454531, 43.500365], [16.454539, 43.500403], [16.454505, 43.500527], [16.454462, 43.500621], [16.454385, 43.50072], [16.454213, 43.500801], [16.454016, 43.500845], [16.453792, 43.50087], [16.453552, 43.500863], [16.453294, 43.50082], [16.452968, 43.500708], [16.452728, 43.500633], [16.452582, 43.500533], [16.45241, 43.50044], [16.452325, 43.500357], [16.452294, 43.500283], [16.45232, 43.500211], [16.452383, 43.500189], [16.452434, 43.500188], [16.452479, 43.500176], [16.452475, 43.500164], [16.452416, 43.500147], [16.452289, 43.50002], [16.45208, 43.499909], [16.451949, 43.499849], [16.451817, 43.49981], [16.451821, 43.499796], [16.451892, 43.499794], [16.451964, 43.499774], [16.451956, 43.499745], [16.4518, 43.499772], [16.451613, 43.49985], [16.451438, 43.499883], [16.451364, 43.499923], [16.45137, 43.499933], [16.451378, 43.499946], [16.451578, 43.499936], [16.451612, 43.500017], [16.451586, 43.500153], [16.451511, 43.500253], [16.451323, 43.500383], [16.451185, 43.500445], [16.451041, 43.500464], [16.450948, 43.500355], [16.450892, 43.500374], [16.450942, 43.500457], [16.450862, 43.500489], [16.450737, 43.500535], [16.450606, 43.500559], [16.450399, 43.500547], [16.450253, 43.500511], [16.450158, 43.500482], [16.450068, 43.500459], [16.450062, 43.500357], [16.450025, 43.500357], [16.450029, 43.50043], [16.449947, 43.500485], [16.449924, 43.500666], [16.449777, 43.500683], [16.449492, 43.500714], [16.449481, 43.500729], [16.449499, 43.500757], [16.4495, 43.500775], [16.449486, 43.500806], [16.449432, 43.500932], [16.449351, 43.501066], [16.449242, 43.501209], [16.448999, 43.501453], [16.44879, 43.501607], [16.44854, 43.501749], [16.448417, 43.50181], [16.448386, 43.501847], [16.44838, 43.50189], [16.448405, 43.501936], [16.448454, 43.501985], [16.448387, 43.502023], [16.448274, 43.50215], [16.448188, 43.502226], [16.4481, 43.502286], [16.448033, 43.502323], [16.447849, 43.502416], [16.447844, 43.50243], [16.447783, 43.50245], [16.447782, 43.502433], [16.447755, 43.502436], [16.447708, 43.502434], [16.447643, 43.502413], [16.447569, 43.50239], [16.447483, 43.502353], [16.447365, 43.502308], [16.447169, 43.502252], [16.446989, 43.502217], [16.446786, 43.50219], [16.446621, 43.502172], [16.446533, 43.502168], [16.446482, 43.502173], [16.446455, 43.502198], [16.44635, 43.50215], [16.446275, 43.502108], [16.446169, 43.502042], [16.445974, 43.50189], [16.445803, 43.50175], [16.445764, 43.50172], [16.445725, 43.501682], [16.445656, 43.501615], [16.445587, 43.501545], [16.445538, 43.501474], [16.445424, 43.50132], [16.445412, 43.501302], [16.445414, 43.501281], [16.445445, 43.501165], [16.445452, 43.501143], [16.44546, 43.501128], [16.445894, 43.500494], [16.446065, 43.500444], [16.446099, 43.500399], [16.446124, 43.500394], [16.446221, 43.500385], [16.446259, 43.500387], [16.446337, 43.500385], [16.446431, 43.500364], [16.446504, 43.500346], [16.446548, 43.500338], [16.446506, 43.500336], [16.446426, 43.500356], [16.446276, 43.500371], [16.446226, 43.500369], [16.446194, 43.500362], [16.446192, 43.500357], [16.446138, 43.500354], [16.446132, 43.500363], [16.446053, 43.500359], [16.445977, 43.500362], [16.44592, 43.500355], [16.445918, 43.500342], [16.445849, 43.500325], [16.445816, 43.500333], [16.445779, 43.500335], [16.445757, 43.500348], [16.44568, 43.50035], [16.445615, 43.500357], [16.445551, 43.500338], [16.445547, 43.500329], [16.445508, 43.500323], [16.445367, 43.500326], [16.445292, 43.50032], [16.445195, 43.500326], [16.444912, 43.500319], [16.444711, 43.500352], [16.444531, 43.50041], [16.444484, 43.500404], [16.444409, 43.500389], [16.444372, 43.500452], [16.444305, 43.500473], [16.444281, 43.500468], [16.444203, 43.500487], [16.444109, 43.500524], [16.443921, 43.500567], [16.443886, 43.500595], [16.443805, 43.500608], [16.443648, 43.500637], [16.443596, 43.500628], [16.443547, 43.500652], [16.443529, 43.500698], [16.443382, 43.500726], [16.443203, 43.500712], [16.443034, 43.500729], [16.442863, 43.500728], [16.44285, 43.500711], [16.442776, 43.500712], [16.442743, 43.500755], [16.442432, 43.500743], [16.442401, 43.500746], [16.442358, 43.50075], [16.442225, 43.500775], [16.442136, 43.500796], [16.442128, 43.50076], [16.442065, 43.500742], [16.441976, 43.500738], [16.44023, 43.500829], [16.440252, 43.500795], [16.440406, 43.50074], [16.441502, 43.500546], [16.441611, 43.500593], [16.441707, 43.500587], [16.441738, 43.500531], [16.441802, 43.500493], [16.443271, 43.500234], [16.443222, 43.500092], [16.441754, 43.500352], [16.440273, 43.500614], [16.440193, 43.50035], [16.439895, 43.500369]]], [[[16.452933, 43.49956], [16.453, 43.49956], [16.453035, 43.499544], [16.453008, 43.499519], [16.452946, 43.499533], [16.452914, 43.499544], [16.452933, 43.49956]]], [[[16.452738, 43.499609], [16.452681, 43.499584], [16.452609, 43.499606], [16.452595, 43.499615], [16.45257, 43.499592], [16.452479, 43.49962], [16.45248, 43.49966], [16.452539, 43.499673], [16.452606, 43.499661], [16.452704, 43.499642], [16.452734, 43.499627], [16.452738, 43.499609]]], [[[16.452287, 43.499794], [16.452346, 43.499792], [16.452412, 43.499778], [16.452382, 43.499763], [16.452347, 43.499773], [16.452287, 43.499794]]], [[[16.452047, 43.49973], [16.452082, 43.499751], [16.452143, 43.499732], [16.452138, 43.499716], [16.452089, 43.499713], [16.452047, 43.49973]]], [[[16.449775, 43.500212], [16.449822, 43.500203], [16.449943, 43.500204], [16.449997, 43.500191], [16.45004, 43.500196], [16.450069, 43.500209], [16.450098, 43.500202], [16.450106, 43.500177], [16.450151, 43.500156], [16.450195, 43.500128], [16.450049, 43.500115], [16.44999, 43.500151], [16.449912, 43.500161], [16.449839, 43.500167], [16.449756, 43.500164], [16.44967, 43.500172], [16.449631, 43.500198], [16.449692, 43.500211], [16.449775, 43.500212]]], [[[16.444808, 43.500296], [16.444827, 43.500276], [16.444832, 43.500254], [16.44479, 43.500253], [16.444771, 43.500245], [16.444763, 43.500247], [16.444749, 43.500265], [16.444753, 43.500276], [16.444787, 43.500279], [16.444788, 43.50029], [16.444808, 43.500296]]], [[[16.444459, 43.500355], [16.444531, 43.500318], [16.44451, 43.500295], [16.444479, 43.500303], [16.44445, 43.500322], [16.444459, 43.500355]]]]}, "properties": {"id": 36, "razina": "cetvrt", "name": "Bačvice", "jls_name": "Split", "jls_maticni_broj": "04090", "zupanija": "Splitsko-dalmatinska", "area_km2": 1.2007, "stanovnistvo": null, "palette_idx": 1, "source": "OSM boundary=administrative admin_level=9 (ODbL)"}}, {"type": "Feature", "id": 37, "geometry": {"type": "Polygon", "coordinates": [[[16.455315, 43.508286], [16.456751, 43.508458], [16.457496, 43.508547], [16.459814, 43.508898], [16.463483, 43.509537], [16.463561, 43.509551], [16.464123, 43.50796], [16.464367, 43.507228], [16.464576, 43.506563], [16.456233, 43.505204], [16.456172, 43.505391], [16.455749, 43.506867], [16.455461, 43.507312], [16.455388, 43.507752], [16.455315, 43.508286]]]}, "properties": {"id": 37, "razina": "cetvrt", "name": "Blatine-Škrape", "jls_name": "Split", "jls_maticni_broj": "04090", "zupanija": "Splitsko-dalmatinska", "area_km2": 0.2336, "stanovnistvo": null, "palette_idx": 4, "source": "OSM boundary=administrative admin_level=9 (ODbL)"}}, {"type": "Feature", "id": 38, "geometry": {"type": "Polygon", "coordinates": [[[16.442426, 43.512613], [16.442895, 43.513413], [16.443249, 43.513999], [16.443333, 43.514149], [16.443475, 43.514427], [16.443574, 43.514729], [16.443611, 43.514855], [16.443728, 43.515099], [16.443875, 43.515299], [16.444036, 43.515496], [16.444234, 43.515697], [16.44471, 43.516084], [16.445747, 43.516947], [16.447073, 43.518016], [16.447379, 43.518273], [16.448392, 43.519068], [16.448755, 43.519296], [16.449259, 43.51956], [16.449403, 43.519611], [16.44992, 43.518516], [16.450343, 43.517767], [16.450529, 43.517467], [16.45103, 43.516813], [16.451813, 43.515847], [16.452113, 43.515434], [16.452665, 43.514691], [16.453376, 43.513712], [16.453569, 43.51337], [16.454081, 43.512363], [16.454259, 43.511899], [16.454441, 43.511297], [16.453508, 43.511167], [16.452307, 43.510984], [16.451182, 43.511021], [16.451012, 43.511111], [16.450785, 43.511156], [16.448975, 43.511244], [16.447872, 43.511357], [16.44785, 43.51136], [16.44712, 43.511435], [16.446751, 43.511473], [16.445818, 43.511849], [16.445454, 43.511959], [16.443515, 43.512381], [16.442426, 43.512613]]]}, "properties": {"id": 38, "razina": "cetvrt", "name": "Bol", "jls_name": "Split", "jls_maticni_broj": "04090", "zupanija": "Splitsko-dalmatinska", "area_km2": 0.5165, "stanovnistvo": null, "palette_idx": 0, "source": "OSM boundary=administrative admin_level=9 (ODbL)"}}, {"type": "Feature", "id": 39, "geometry": {"type": "Polygon", "coordinates": [[[16.448722, 43.527974], [16.449084, 43.527668], [16.449948, 43.527872], [16.450568, 43.528381], [16.450704, 43.528515], [16.450678, 43.528566], [16.450629, 43.52855], [16.450611, 43.528582], [16.450662, 43.528598], [16.450617, 43.528681], [16.450562, 43.528663], [16.450544, 43.528695], [16.450601, 43.528714], [16.450549, 43.528793], [16.450495, 43.528778], [16.450477, 43.528809], [16.450534, 43.528827], [16.450472, 43.528888], [16.450452, 43.52895], [16.450464, 43.529023], [16.450487, 43.529081], [16.450547, 43.529117], [16.450621, 43.529129], [16.450712, 43.529114], [16.450778, 43.529088], [16.450812, 43.529064], [16.450854, 43.529015], [16.450896, 43.528954], [16.451028, 43.528954], [16.451086, 43.528996], [16.451314, 43.529018], [16.451308, 43.529054], [16.451419, 43.529066], [16.451428, 43.529027], [16.451928, 43.52907], [16.452081, 43.528937], [16.453077, 43.528743], [16.453131, 43.528869], [16.453296, 43.528837], [16.453263, 43.528753], [16.453414, 43.528732], [16.453682, 43.52887], [16.453735, 43.528876], [16.453751, 43.528932], [16.453811, 43.528927], [16.453806, 43.528866], [16.454092, 43.528808], [16.454572, 43.528734], [16.45489, 43.52864], [16.455064, 43.528538], [16.455151, 43.528429], [16.455243, 43.528335], [16.455285, 43.528228], [16.455354, 43.528117], [16.455474, 43.528018], [16.4558, 43.527924], [16.456136, 43.527846], [16.456632, 43.527862], [16.457014, 43.527834], [16.457196, 43.527823], [16.457359, 43.527866], [16.457448, 43.527831], [16.457714, 43.527823], [16.457868, 43.527903], [16.458179, 43.527902], [16.458407, 43.527923], [16.458896, 43.528103], [16.458973, 43.528196], [16.45912, 43.528251], [16.459646, 43.528186], [16.460241, 43.527945], [16.460344, 43.527831], [16.460366, 43.527681], [16.460316, 43.527594], [16.460635, 43.527463], [16.460909, 43.527181], [16.461682, 43.527472], [16.462702, 43.527617], [16.462994, 43.527883], [16.462982, 43.527917], [16.464475, 43.528461], [16.466464, 43.528233], [16.470029, 43.527796], [16.473103, 43.527426], [16.473166, 43.527186], [16.474476, 43.527127], [16.474943, 43.527172], [16.475497, 43.527302], [16.476047, 43.527551], [16.478133, 43.528142], [16.483408, 43.529446], [16.484014, 43.529263], [16.484067, 43.529246], [16.483898, 43.52899], [16.483739, 43.528801], [16.483663, 43.528709], [16.483521, 43.528587], [16.482885, 43.528149], [16.48177, 43.527382], [16.480915, 43.52683], [16.479758, 43.526081], [16.479264, 43.525792], [16.478898, 43.525655], [16.478423, 43.525524], [16.477956, 43.52548], [16.477431, 43.52547], [16.476744, 43.525509], [16.475537, 43.525633], [16.473026, 43.525912], [16.473078, 43.525721], [16.473253, 43.525388], [16.473224, 43.525013], [16.473244, 43.52495], [16.473334, 43.524745], [16.47347, 43.52465], [16.473804, 43.524502], [16.473913, 43.524209], [16.473839, 43.523967], [16.474097, 43.523677], [16.474181, 43.523489], [16.474254, 43.52322], [16.47426, 43.523106], [16.474219, 43.522949], [16.47399, 43.522482], [16.473489, 43.521573], [16.472887, 43.521734], [16.471912, 43.521929], [16.471411, 43.521961], [16.47068, 43.522049], [16.470023, 43.522089], [16.469224, 43.522079], [16.466926, 43.521783], [16.465498, 43.521614], [16.464733, 43.521553], [16.463497, 43.52153], [16.462716, 43.521536], [16.461208, 43.521493], [16.459092, 43.521382], [16.457696, 43.521323], [16.456915, 43.521294], [16.456578, 43.521294], [16.455558, 43.521322], [16.454144, 43.521377], [16.452303, 43.521435], [16.45182, 43.521405], [16.45099, 43.521298], [16.44886, 43.520729], [16.448495, 43.521456], [16.448411, 43.521671], [16.448361, 43.521851], [16.44833, 43.522002], [16.447657, 43.52204], [16.447634, 43.522811], [16.447716, 43.523202], [16.447772, 43.52364], [16.447775, 43.524764], [16.447718, 43.525985], [16.447678, 43.52673], [16.44793, 43.527317], [16.448722, 43.527974]]]}, "properties": {"id": 39, "razina": "cetvrt", "name": "Brda", "jls_name": "Split", "jls_maticni_broj": "04090", "zupanija": "Splitsko-dalmatinska", "area_km2": 1.6817, "stanovnistvo": null, "palette_idx": 0, "source": "OSM boundary=administrative admin_level=9 (ODbL)"}}, {"type": "Feature", "id": 40, "geometry": {"type": "Polygon", "coordinates": [[[16.434478, 43.50768], [16.434141, 43.507801], [16.434138, 43.507965], [16.434184, 43.50812], [16.434456, 43.508357], [16.434697, 43.508454], [16.434852, 43.508616], [16.435183, 43.508828], [16.43614, 43.509342], [16.436247, 43.509528], [16.436411, 43.509735], [16.436514, 43.509998], [16.436477, 43.510466], [16.436606, 43.51084], [16.436484, 43.51087], [16.436607, 43.511279], [16.43647, 43.511549], [16.436073, 43.512628], [16.435893, 43.513133], [16.43586, 43.513486], [16.436829, 43.51408], [16.437033, 43.51416], [16.43726, 43.514186], [16.440397, 43.514189], [16.442278, 43.51483], [16.443035, 43.514868], [16.443574, 43.514729], [16.443475, 43.514427], [16.443333, 43.514149], [16.443249, 43.513999], [16.442895, 43.513413], [16.442426, 43.512613], [16.442145, 43.512398], [16.44204, 43.512248], [16.442229, 43.511963], [16.442384, 43.511282], [16.442351, 43.510417], [16.442324, 43.509559], [16.442313, 43.509319], [16.442412, 43.509197], [16.442405, 43.508584], [16.4423, 43.507642], [16.44219, 43.507106], [16.442127, 43.507006], [16.442022, 43.506943], [16.441373, 43.507], [16.441286, 43.506425], [16.44112, 43.506437], [16.4409, 43.506453], [16.440514, 43.506482], [16.440334, 43.506477], [16.439782, 43.506463], [16.439642, 43.506459], [16.439383, 43.506453], [16.438236, 43.506424], [16.438227, 43.506549], [16.438216, 43.506742], [16.43834, 43.506743], [16.438469, 43.506745], [16.438473, 43.506657], [16.438817, 43.506667], [16.439166, 43.506677], [16.4392, 43.506696], [16.439205, 43.506698], [16.439315, 43.506905], [16.439425, 43.507111], [16.439423, 43.50712], [16.439415, 43.507129], [16.438657, 43.507361], [16.437895, 43.507593], [16.43788, 43.507563], [16.437852, 43.507556], [16.437829, 43.507563], [16.437816, 43.50758], [16.437847, 43.507641], [16.437864, 43.507675], [16.437873, 43.507704], [16.437863, 43.507721], [16.437832, 43.507737], [16.436891, 43.507971], [16.436631, 43.508002], [16.436419, 43.507985], [16.436181, 43.507943], [16.435644, 43.50786], [16.434478, 43.50768]]]}, "properties": {"id": 40, "razina": "cetvrt", "name": "Grad", "jls_name": "Split", "jls_maticni_broj": "04090", "zupanija": "Splitsko-dalmatinska", "area_km2": 0.4192, "stanovnistvo": null, "palette_idx": 2, "source": "OSM boundary=administrative admin_level=9 (ODbL)"}}, {"type": "Feature", "id": 41, "geometry": {"type": "Polygon", "coordinates": [[[16.447895, 43.505767], [16.448103, 43.506175], [16.448268, 43.506419], [16.448402, 43.50659], [16.449026, 43.507052], [16.449422, 43.507334], [16.449608, 43.507516], [16.449866, 43.507809], [16.449976, 43.508024], [16.450029, 43.508301], [16.450047, 43.508479], [16.449944, 43.509223], [16.449768, 43.509685], [16.449485, 43.510051], [16.449271, 43.510307], [16.449074, 43.510605], [16.448979, 43.510901], [16.448967, 43.511082], [16.448975, 43.511244], [16.450785, 43.511156], [16.451012, 43.511111], [16.451182, 43.511021], [16.452307, 43.510984], [16.453508, 43.511167], [16.454441, 43.511297], [16.455315, 43.508286], [16.455388, 43.507752], [16.455461, 43.507312], [16.455749, 43.506867], [16.456172, 43.505391], [16.456233, 43.505204], [16.455903, 43.50515], [16.45557, 43.505079], [16.455332, 43.50503], [16.455101, 43.504991], [16.454821, 43.504953], [16.454461, 43.504927], [16.452578, 43.505307], [16.451785, 43.505433], [16.449467, 43.50545], [16.449156, 43.505546], [16.447895, 43.505767]]]}, "properties": {"id": 41, "razina": "cetvrt", "name": "Gripe", "jls_name": "Split", "jls_maticni_broj": "04090", "zupanija": "Splitsko-dalmatinska", "area_km2": 0.3178, "stanovnistvo": null, "palette_idx": 2, "source": "OSM boundary=administrative admin_level=9 (ODbL)"}}, {"type": "Feature", "id": 42, "geometry": {"type": "Polygon", "coordinates": [[[16.449403, 43.519611], [16.449814, 43.519751], [16.450156, 43.519854], [16.45063, 43.519951], [16.451034, 43.520029], [16.451545, 43.520077], [16.452089, 43.520124], [16.45251, 43.520138], [16.460656, 43.520048], [16.461451, 43.520029], [16.462279, 43.519884], [16.462183, 43.519233], [16.461998, 43.518031], [16.461889, 43.518032], [16.461225, 43.517992], [16.460413, 43.517858], [16.458859, 43.51742], [16.457853, 43.517086], [16.456612, 43.516599], [16.456193, 43.516605], [16.455678, 43.516593], [16.454754, 43.516511], [16.454007, 43.516393], [16.453503, 43.516288], [16.452224, 43.515977], [16.451813, 43.515847], [16.45103, 43.516813], [16.450529, 43.517467], [16.450343, 43.517767], [16.44992, 43.518516], [16.449403, 43.519611]]]}, "properties": {"id": 42, "razina": "cetvrt", "name": "Kman", "jls_name": "Split", "jls_maticni_broj": "04090", "zupanija": "Splitsko-dalmatinska", "area_km2": 0.3393, "stanovnistvo": null, "palette_idx": 2, "source": "OSM boundary=administrative admin_level=9 (ODbL)"}}, {"type": "Feature", "id": 43, "geometry": {"type": "Polygon", "coordinates": [[[16.461998, 43.518031], [16.462183, 43.519233], [16.462279, 43.519884], [16.463524, 43.519793], [16.464587, 43.519725], [16.468008, 43.519446], [16.468899, 43.519391], [16.469926, 43.519305], [16.473171, 43.519073], [16.473385, 43.519059], [16.472454, 43.518696], [16.47067, 43.518028], [16.469276, 43.517551], [16.46872, 43.517322], [16.468405, 43.517096], [16.467858, 43.516627], [16.467039, 43.516963], [16.465746, 43.517491], [16.465146, 43.517675], [16.464404, 43.517838], [16.463685, 43.517952], [16.462867, 43.518014], [16.461998, 43.518031]]]}, "properties": {"id": 43, "razina": "cetvrt", "name": "Kocunar", "jls_name": "Split", "jls_maticni_broj": "04090", "zupanija": "Splitsko-dalmatinska", "area_km2": 0.1704, "stanovnistvo": null, "palette_idx": 0, "source": "OSM boundary=administrative admin_level=9 (ODbL)"}}, {"type": "Feature", "id": 44, "geometry": {"type": "Polygon", "coordinates": [[[16.454441, 43.511297], [16.454732, 43.511264], [16.45754, 43.511735], [16.457768, 43.511821], [16.458828, 43.511981], [16.461056, 43.512335], [16.461758, 43.51169], [16.462277, 43.511169], [16.462424, 43.511003], [16.46296, 43.510338], [16.463483, 43.509537], [16.459814, 43.508898], [16.457496, 43.508547], [16.456751, 43.508458], [16.455315, 43.508286], [16.454441, 43.511297]]]}, "properties": {"id": 44, "razina": "cetvrt", "name": "Lokve", "jls_name": "Split", "jls_maticni_broj": "04090", "zupanija": "Splitsko-dalmatinska", "area_km2": 0.2135, "stanovnistvo": null, "palette_idx": 3, "source": "OSM boundary=administrative admin_level=9 (ODbL)"}}, {"type": "Feature", "id": 45, "geometry": {"type": "MultiPolygon", "coordinates": [[[[16.434829, 43.527843], [16.4349, 43.527873], [16.435049, 43.527947], [16.435203, 43.528075], [16.435637, 43.528234], [16.435869, 43.528227], [16.435998, 43.52826], [16.436099, 43.528277], [16.436133, 43.528306], [16.43619, 43.528573], [16.436301, 43.528638], [16.437044, 43.529001], [16.437126, 43.529104], [16.4372, 43.529265], [16.43733, 43.529482], [16.437323, 43.529523], [16.437389, 43.529579], [16.437429, 43.529651], [16.437522, 43.529753], [16.437633, 43.529843], [16.437818, 43.529928], [16.437985, 43.530011], [16.438139, 43.530055], [16.438252, 43.53007], [16.438357, 43.530054], [16.438537, 43.530066], [16.438837, 43.530138], [16.438961, 43.530186], [16.439017, 43.530233], [16.439076, 43.53026], [16.439164, 43.530273], [16.439254, 43.530308], [16.439375, 43.530305], [16.43961, 43.530263], [16.43968, 43.530232], [16.439882, 43.530232], [16.440047, 43.5302], [16.440313, 43.530213], [16.44055, 43.530149], [16.440759, 43.530128], [16.440965, 43.530134], [16.441243, 43.530108], [16.441362, 43.530056], [16.441454, 43.530061], [16.441508, 43.530031], [16.441472, 43.530009], [16.441501, 43.529896], [16.441636, 43.529871], [16.441671, 43.529835], [16.441769, 43.52982], [16.441785, 43.529794], [16.441894, 43.529817], [16.441972, 43.529814], [16.441988, 43.529788], [16.441963, 43.529768], [16.441847, 43.529769], [16.441674, 43.529774], [16.441485, 43.529799], [16.441437, 43.529806], [16.441433, 43.529735], [16.441323, 43.52946], [16.441254, 43.529275], [16.441147, 43.529131], [16.441109, 43.528982], [16.441107, 43.528849], [16.441057, 43.528799], [16.440953, 43.528745], [16.440897, 43.528685], [16.440872, 43.528582], [16.440912, 43.528484], [16.441024, 43.528353], [16.441387, 43.528255], [16.441427, 43.528325], [16.441459, 43.528318], [16.441404, 43.528218], [16.441311, 43.528075], [16.441325, 43.52807], [16.440978, 43.527406], [16.440594, 43.527513], [16.439956, 43.526297], [16.440104, 43.526255], [16.44, 43.525765], [16.440164, 43.525571], [16.440151, 43.52552], [16.44045, 43.525487], [16.44048, 43.525566], [16.440559, 43.52568], [16.4411, 43.52562], [16.441311, 43.525596], [16.441307, 43.525585], [16.441561, 43.525556], [16.441565, 43.525571], [16.441705, 43.525558], [16.441745, 43.525612], [16.441841, 43.525655], [16.441931, 43.52565], [16.441926, 43.525585], [16.441983, 43.525585], [16.442049, 43.525694], [16.442166, 43.525686], [16.44218, 43.525756], [16.44227, 43.525802], [16.442415, 43.525838], [16.442444, 43.525805], [16.442591, 43.525808], [16.4426, 43.525857], [16.442632, 43.525858], [16.442654, 43.525988], [16.442699, 43.525984], [16.442766, 43.526343], [16.44289, 43.526335], [16.44281, 43.525853], [16.442871, 43.525851], [16.442865, 43.525785], [16.443028, 43.525795], [16.443079, 43.525899], [16.443226, 43.525897], [16.443214, 43.525812], [16.443244, 43.52581], [16.443243, 43.52583], [16.44334, 43.525824], [16.443335, 43.525792], [16.443418, 43.525784], [16.44343, 43.525868], [16.44349, 43.525864], [16.443545, 43.526199], [16.443695, 43.526198], [16.443493, 43.52492], [16.443503, 43.524911], [16.444038, 43.524842], [16.444058, 43.524827], [16.444063, 43.524807], [16.443567, 43.523801], [16.444127, 43.523647], [16.445248, 43.525877], [16.445747, 43.526881], [16.44534, 43.527243], [16.446795, 43.530152], [16.446534, 43.530402], [16.446604, 43.530445], [16.446656, 43.530443], [16.446659, 43.53042], [16.446652, 43.530407], [16.446854, 43.530217], [16.44689, 43.530197], [16.447184, 43.530134], [16.447196, 43.53012], [16.447229, 43.530082], [16.447349, 43.530027], [16.447412, 43.53004], [16.447468, 43.530004], [16.447558, 43.530012], [16.447692, 43.529977], [16.448108, 43.529935], [16.448216, 43.529993], [16.448369, 43.529925], [16.44848, 43.529907], [16.448564, 43.529885], [16.44855, 43.529861], [16.448724, 43.529653], [16.448767, 43.529639], [16.448881, 43.529421], [16.449023, 43.529058], [16.449211, 43.52865], [16.449281, 43.52862], [16.44934, 43.528586], [16.449387, 43.528548], [16.4494, 43.528529], [16.449396, 43.528506], [16.449359, 43.528479], [16.449312, 43.528474], [16.449217, 43.528531], [16.449146, 43.52854], [16.449079, 43.528517], [16.449019, 43.528479], [16.449008, 43.528461], [16.44903, 43.528452], [16.449011, 43.528423], [16.448991, 43.528431], [16.448949, 43.528377], [16.44892, 43.528318], [16.44894, 43.528311], [16.44892, 43.528278], [16.4489, 43.528283], [16.448825, 43.52817], [16.448845, 43.528163], [16.448823, 43.528128], [16.448806, 43.528133], [16.448753, 43.528064], [16.44875, 43.528044], [16.448736, 43.528039], [16.448727, 43.528021], [16.448746, 43.52801], [16.448722, 43.527974], [16.44793, 43.527317], [16.447678, 43.52673], [16.447718, 43.525985], [16.447775, 43.524764], [16.447772, 43.52364], [16.447716, 43.523202], [16.447634, 43.522811], [16.447657, 43.52204], [16.44833, 43.522002], [16.448361, 43.521851], [16.448411, 43.521671], [16.448495, 43.521456], [16.44886, 43.520729], [16.449403, 43.519611], [16.449259, 43.51956], [16.448755, 43.519296], [16.448392, 43.519068], [16.447379, 43.518273], [16.447073, 43.518016], [16.445747, 43.516947], [16.44471, 43.516084], [16.444234, 43.515697], [16.444036, 43.515496], [16.443875, 43.515299], [16.443728, 43.515099], [16.443611, 43.514855], [16.443574, 43.514729], [16.443035, 43.514868], [16.442278, 43.51483], [16.440397, 43.514189], [16.43726, 43.514186], [16.437033, 43.51416], [16.436829, 43.51408], [16.43586, 43.513486], [16.435775, 43.513955], [16.435132, 43.516345], [16.434904, 43.516848], [16.434476, 43.518], [16.434021, 43.519522], [16.433343, 43.521675], [16.433052, 43.522705], [16.432934, 43.523121], [16.432946, 43.523741], [16.432986, 43.524042], [16.433099, 43.524345], [16.433178, 43.524603], [16.433387, 43.524996], [16.433521, 43.525239], [16.433715, 43.525746], [16.434103, 43.52618], [16.434574, 43.52674], [16.434749, 43.527043], [16.434829, 43.527843]]], [[[16.441909, 43.530076], [16.441904, 43.530094], [16.442058, 43.530163], [16.442239, 43.530148], [16.442299, 43.530126], [16.442299, 43.530097], [16.442373, 43.530087], [16.442405, 43.530058], [16.442316, 43.530039], [16.442191, 43.529979], [16.442135, 43.530036], [16.441993, 43.53005], [16.441909, 43.530076]]], [[[16.441744, 43.530004], [16.441791, 43.530029], [16.441974, 43.530008], [16.442027, 43.529986], [16.442107, 43.529998], [16.442137, 43.529987], [16.44204, 43.529946], [16.441983, 43.529949], [16.4419, 43.529935], [16.441868, 43.52994], [16.441849, 43.52991], [16.441776, 43.529906], [16.441811, 43.529944], [16.44176, 43.529971], [16.441744, 43.530004]]]]}, "properties": {"id": 45, "razina": "cetvrt", "name": "Lovret", "jls_name": "Split", "jls_maticni_broj": "04090", "zupanija": "Splitsko-dalmatinska", "area_km2": 1.6174, "stanovnistvo": null, "palette_idx": 1, "source": "OSM boundary=administrative admin_level=9 (ODbL)"}}, {"type": "Feature", "id": 46, "geometry": {"type": "Polygon", "coordinates": [[[16.442022, 43.506943], [16.442127, 43.507006], [16.44219, 43.507106], [16.4423, 43.507642], [16.442405, 43.508584], [16.442412, 43.509197], [16.442313, 43.509319], [16.442324, 43.509559], [16.442351, 43.510417], [16.442384, 43.511282], [16.442229, 43.511963], [16.44204, 43.512248], [16.442145, 43.512398], [16.442426, 43.512613], [16.443515, 43.512381], [16.445454, 43.511959], [16.445818, 43.511849], [16.446751, 43.511473], [16.44712, 43.511435], [16.44785, 43.51136], [16.447872, 43.511357], [16.448975, 43.511244], [16.448967, 43.511082], [16.448979, 43.510901], [16.449074, 43.510605], [16.449271, 43.510307], [16.449485, 43.510051], [16.449768, 43.509685], [16.449944, 43.509223], [16.450047, 43.508479], [16.450029, 43.508301], [16.449976, 43.508024], [16.449866, 43.507809], [16.449608, 43.507516], [16.449422, 43.507334], [16.449026, 43.507052], [16.448402, 43.50659], [16.448268, 43.506419], [16.448103, 43.506175], [16.447895, 43.505767], [16.445195, 43.506289], [16.443112, 43.506742], [16.442404, 43.5069], [16.442301, 43.506915], [16.442022, 43.506943]]]}, "properties": {"id": 46, "razina": "cetvrt", "name": "Lučac-Manuš", "jls_name": "Split", "jls_maticni_broj": "04090", "zupanija": "Splitsko-dalmatinska", "area_km2": 0.3517, "stanovnistvo": null, "palette_idx": 3, "source": "OSM boundary=administrative admin_level=9 (ODbL)"}}, {"type": "Feature", "id": 47, "geometry": {"type": "Polygon", "coordinates": [[[16.481127, 43.516329], [16.480989, 43.516691], [16.480929, 43.516953], [16.480897, 43.517209], [16.480888, 43.517561], [16.480945, 43.517992], [16.480985, 43.518149], [16.481152, 43.518551], [16.481385, 43.519009], [16.481697, 43.519433], [16.481511, 43.51958], [16.482208, 43.51999], [16.483549, 43.520953], [16.485659, 43.52259], [16.487648, 43.524129], [16.489663, 43.525727], [16.490019, 43.526277], [16.490217, 43.52675], [16.49029, 43.527194], [16.490264, 43.527612], [16.490181, 43.527877], [16.490044, 43.528254], [16.489327, 43.529269], [16.489789, 43.529289], [16.490327, 43.528723], [16.490477, 43.528626], [16.49061, 43.528595], [16.490626, 43.529281], [16.493545, 43.529331], [16.49419, 43.529325], [16.495442, 43.529117], [16.496407, 43.528989], [16.497091, 43.528915], [16.497558, 43.528895], [16.498884, 43.528894], [16.49946, 43.528831], [16.502547, 43.528146], [16.503275, 43.528259], [16.503441, 43.528183], [16.503496, 43.528155], [16.503564, 43.528159], [16.50378, 43.528194], [16.504206, 43.528177], [16.504296, 43.52803], [16.504377, 43.527923], [16.504526, 43.527844], [16.504741, 43.527745], [16.505187, 43.527644], [16.505644, 43.52754], [16.50628, 43.527251], [16.507194, 43.526805], [16.507582, 43.526533], [16.507656, 43.526404], [16.507628, 43.52623], [16.50754, 43.526082], [16.508876, 43.525303], [16.509264, 43.525042], [16.509687, 43.524592], [16.510073, 43.524192], [16.509316, 43.524336], [16.508973, 43.524372], [16.508475, 43.524419], [16.508317, 43.524431], [16.508154, 43.524398], [16.508044, 43.524306], [16.50776, 43.524206], [16.507561, 43.524077], [16.507264, 43.523999], [16.507272, 43.523876], [16.5072, 43.52374], [16.506955, 43.523574], [16.506635, 43.523315], [16.506382, 43.523079], [16.506041, 43.522898], [16.505819, 43.522769], [16.505747, 43.522414], [16.505753, 43.522231], [16.505965, 43.521645], [16.506191, 43.521212], [16.506305, 43.52085], [16.506504, 43.520778], [16.506883, 43.520626], [16.506937, 43.520387], [16.506876, 43.520083], [16.506806, 43.519885], [16.50666, 43.519576], [16.506603, 43.519365], [16.506603, 43.519303], [16.506733, 43.518924], [16.506851, 43.518653], [16.506969, 43.518487], [16.507163, 43.518089], [16.507186, 43.51789], [16.507256, 43.517455], [16.5073, 43.517363], [16.507352, 43.517254], [16.507486, 43.51693], [16.507584, 43.516796], [16.507696, 43.516694], [16.508308, 43.51641], [16.508864, 43.515963], [16.508937, 43.51582], [16.5089, 43.515771], [16.508737, 43.515777], [16.508434, 43.515785], [16.508185, 43.515762], [16.507889, 43.514628], [16.508157, 43.514621], [16.508271, 43.514568], [16.507778, 43.514077], [16.507414, 43.513749], [16.50695, 43.513353], [16.506508, 43.513211], [16.506592, 43.513025], [16.506729, 43.512888], [16.507057, 43.512345], [16.507297, 43.512113], [16.507303, 43.51195], [16.506989, 43.511964], [16.50676, 43.511928], [16.50587, 43.512123], [16.505595, 43.512321], [16.505492, 43.512457], [16.504193, 43.512635], [16.504019, 43.512619], [16.50379, 43.512759], [16.503578, 43.512851], [16.502578, 43.513044], [16.502077, 43.513239], [16.501888, 43.513293], [16.501403, 43.513168], [16.500728, 43.513202], [16.500598, 43.512731], [16.500855, 43.512512], [16.501299, 43.512349], [16.501412, 43.512266], [16.501412, 43.512173], [16.501074, 43.511783], [16.500753, 43.511185], [16.500437, 43.510892], [16.500165, 43.510711], [16.499851, 43.51057], [16.499316, 43.510516], [16.49879, 43.510373], [16.498161, 43.510165], [16.497833, 43.509918], [16.497339, 43.50974], [16.496871, 43.509673], [16.496844, 43.509232], [16.496615, 43.508567], [16.495883, 43.508733], [16.49529, 43.508784], [16.495051, 43.509025], [16.493897, 43.509272], [16.492706, 43.509543], [16.491504, 43.509813], [16.490115, 43.510126], [16.488787, 43.510422], [16.487669, 43.510679], [16.486971, 43.510817], [16.486336, 43.510853], [16.486348, 43.511007], [16.485997, 43.51112], [16.4856, 43.511259], [16.485161, 43.511496], [16.484813, 43.51176], [16.484447, 43.512111], [16.484012, 43.512609], [16.483236, 43.51359], [16.482992, 43.513865], [16.482562, 43.514395], [16.481733, 43.515393], [16.481504, 43.515688], [16.481318, 43.51596], [16.481127, 43.516329]]]}, "properties": {"id": 47, "razina": "cetvrt", "name": "Mejaši", "jls_name": "Split", "jls_maticni_broj": "04090", "zupanija": "Splitsko-dalmatinska", "area_km2": 3.5812, "stanovnistvo": null, "palette_idx": 0, "source": "OSM boundary=administrative admin_level=9 (ODbL)"}}, {"type": "Feature", "id": 48, "geometry": {"type": "MultiPolygon", "coordinates": [[[[16.387929, 43.507682], [16.387929, 43.507725], [16.388499, 43.507723], [16.388498, 43.50775], [16.388617, 43.507752], [16.388623, 43.507873], [16.388298, 43.507899], [16.388351, 43.50836], [16.388227, 43.508454], [16.387867, 43.508234], [16.38784, 43.507989], [16.387795, 43.507989], [16.387825, 43.508246], [16.38805, 43.508391], [16.388034, 43.508405], [16.388068, 43.508426], [16.388085, 43.508413], [16.388261, 43.508532], [16.388269, 43.508581], [16.388284, 43.508665], [16.388334, 43.50871], [16.388369, 43.508832], [16.388399, 43.508911], [16.388435, 43.509012], [16.388479, 43.509072], [16.388499, 43.509126], [16.388547, 43.50918], [16.388683, 43.509262], [16.38873, 43.509312], [16.388821, 43.509419], [16.388866, 43.509461], [16.388932, 43.509506], [16.38898, 43.50955], [16.389039, 43.509585], [16.389072, 43.509639], [16.389139, 43.509647], [16.389173, 43.509703], [16.389233, 43.509709], [16.389276, 43.509744], [16.38936, 43.509745], [16.389454, 43.509795], [16.389557, 43.509796], [16.389983, 43.509214], [16.38965, 43.50907], [16.389489, 43.508958], [16.389377, 43.508837], [16.389293, 43.508698], [16.389265, 43.508556], [16.389254, 43.508402], [16.389297, 43.508169], [16.39084, 43.508075], [16.391393, 43.508068], [16.392587, 43.508148], [16.392998, 43.508199], [16.393763, 43.50824], [16.394269, 43.508279], [16.394475, 43.508331], [16.394223, 43.508371], [16.393131, 43.508361], [16.391896, 43.508453], [16.391807, 43.508487], [16.39181, 43.508556], [16.391882, 43.508598], [16.392079, 43.50859], [16.392354, 43.508534], [16.392566, 43.508503], [16.392685, 43.508501], [16.392912, 43.508511], [16.394565, 43.508711], [16.395883, 43.508922], [16.39852, 43.509029], [16.399468, 43.50908], [16.40016, 43.5091], [16.400747, 43.509067], [16.402285, 43.508872], [16.403386, 43.508639], [16.404129, 43.508531], [16.4042, 43.508576], [16.404203, 43.508609], [16.404056, 43.508654], [16.403607, 43.508702], [16.403155, 43.508782], [16.402841, 43.508923], [16.402258, 43.509111], [16.402296, 43.509176], [16.402338, 43.509182], [16.402811, 43.509096], [16.40347, 43.508904], [16.403787, 43.508838], [16.404196, 43.508843], [16.404915, 43.508933], [16.405185, 43.509016], [16.405393, 43.509211], [16.405454, 43.509319], [16.405579, 43.509441], [16.40595, 43.509679], [16.406965, 43.509412], [16.407217, 43.50922], [16.407467, 43.509098], [16.407973, 43.508909], [16.408843, 43.508705], [16.409927, 43.508409], [16.410457, 43.508198], [16.411455, 43.507884], [16.411724, 43.507809], [16.412364, 43.507649], [16.412795, 43.507563], [16.413136, 43.50753], [16.413602, 43.507511], [16.4138, 43.507462], [16.414475, 43.507501], [16.415036, 43.507571], [16.415288, 43.507602], [16.415509, 43.507612], [16.416577, 43.507565], [16.416851, 43.507498], [16.418071, 43.507524], [16.418895, 43.507578], [16.420264, 43.507743], [16.420632, 43.507883], [16.421231, 43.507942], [16.422721, 43.508162], [16.423193, 43.508282], [16.423302, 43.508291], [16.423574, 43.50825], [16.426146, 43.507349], [16.426361, 43.507312], [16.42654, 43.507293], [16.42722, 43.507325], [16.427287, 43.507428], [16.428288, 43.507374], [16.430202, 43.507715], [16.430214, 43.507769], [16.430444, 43.507783], [16.430444, 43.507935], [16.430511, 43.507997], [16.430581, 43.507987], [16.430643, 43.507946], [16.430777, 43.507765], [16.430964, 43.507742], [16.431022, 43.507703], [16.431988, 43.507729], [16.431993, 43.507627], [16.431979, 43.507561], [16.431992, 43.507504], [16.432216, 43.507536], [16.432264, 43.507505], [16.432292, 43.507434], [16.432327, 43.507299], [16.433017, 43.507053], [16.433514, 43.507003], [16.43349, 43.506972], [16.433298, 43.50653], [16.433091, 43.506331], [16.431778, 43.505668], [16.431617, 43.505554], [16.431709, 43.50548], [16.431393, 43.505267], [16.431284, 43.505351], [16.43084, 43.505057], [16.430494, 43.504814], [16.43025, 43.504602], [16.429923, 43.50428], [16.428894, 43.503258], [16.428571, 43.502939], [16.428725, 43.502859], [16.428711, 43.502846], [16.428696, 43.502833], [16.428539, 43.502913], [16.428409, 43.502911], [16.428078, 43.50268], [16.428124, 43.50258], [16.428127, 43.50248], [16.428108, 43.502271], [16.428066, 43.502272], [16.428085, 43.502471], [16.427519, 43.502517], [16.427474, 43.502172], [16.427469, 43.502125], [16.42746, 43.50209], [16.427446, 43.501989], [16.427423, 43.50185], [16.427419, 43.501828], [16.427401, 43.501714], [16.42792, 43.501662], [16.427942, 43.501659], [16.427952, 43.501758], [16.427985, 43.501758], [16.427978, 43.501659], [16.428048, 43.501649], [16.42809, 43.501661], [16.428158, 43.501734], [16.428169, 43.501729], [16.428255, 43.501692], [16.428265, 43.501688], [16.428189, 43.501618], [16.428231, 43.501568], [16.428175, 43.50148], [16.428317, 43.501348], [16.428448, 43.501314], [16.428464, 43.50131], [16.428403, 43.501142], [16.42847, 43.501062], [16.428905, 43.500994], [16.429212, 43.500957], [16.429265, 43.500931], [16.429299, 43.500908], [16.429447, 43.500931], [16.429586, 43.501595], [16.429586, 43.502118], [16.429043, 43.502255], [16.428959, 43.50235], [16.42894, 43.502355], [16.428943, 43.502369], [16.428971, 43.502381], [16.428985, 43.502369], [16.428985, 43.502353], [16.42961, 43.502356], [16.429606, 43.502557], [16.429944, 43.50291], [16.429963, 43.502907], [16.42998, 43.502903], [16.429978, 43.502623], [16.42998, 43.502311], [16.429976, 43.501859], [16.429965, 43.50141], [16.429964, 43.501317], [16.429989, 43.501285], [16.430241, 43.501059], [16.430871, 43.501368], [16.431501, 43.501648], [16.431604, 43.501709], [16.431687, 43.501763], [16.431735, 43.501814], [16.431795, 43.501888], [16.431835, 43.50196], [16.432, 43.50241], [16.430651, 43.503791], [16.430637, 43.503787], [16.43061, 43.503818], [16.430679, 43.503851], [16.430705, 43.503822], [16.430694, 43.503813], [16.432038, 43.502446], [16.432472, 43.502685], [16.432479, 43.502711], [16.432546, 43.502714], [16.43261, 43.502687], [16.432631, 43.502645], [16.432623, 43.502611], [16.432575, 43.502582], [16.43252, 43.502528], [16.432339, 43.502448], [16.432174, 43.502373], [16.432147, 43.502303], [16.432081, 43.502179], [16.432009, 43.501952], [16.431929, 43.501809], [16.431831, 43.501672], [16.43168, 43.501562], [16.431486, 43.501461], [16.43121, 43.501343], [16.430972, 43.501239], [16.430698, 43.501086], [16.430497, 43.501012], [16.430255, 43.500901], [16.430285, 43.500843], [16.430308, 43.500836], [16.430315, 43.500812], [16.430296, 43.500794], [16.43027, 43.500798], [16.430249, 43.500824], [16.430268, 43.500841], [16.43023, 43.500894], [16.430145, 43.500876], [16.430124, 43.50083], [16.430098, 43.50076], [16.430013, 43.500726], [16.429887, 43.500723], [16.429746, 43.500734], [16.429654, 43.500759], [16.42959, 43.50076], [16.429587, 43.500682], [16.429709, 43.500656], [16.42971, 43.500606], [16.429589, 43.500604], [16.429572, 43.500634], [16.42949, 43.500638], [16.429474, 43.500609], [16.429388, 43.500611], [16.429296, 43.500633], [16.429247, 43.500647], [16.429169, 43.50064], [16.429131, 43.500617], [16.429096, 43.500607], [16.428904, 43.500613], [16.428801, 43.500623], [16.428698, 43.500636], [16.428543, 43.50064], [16.428397, 43.500641], [16.42831, 43.500651], [16.428296, 43.500625], [16.428245, 43.500619], [16.428144, 43.500621], [16.4281, 43.500643], [16.427984, 43.500648], [16.42785, 43.500653], [16.427792, 43.500636], [16.427679, 43.500653], [16.427487, 43.500658], [16.427406, 43.500655], [16.427345, 43.500678], [16.427291, 43.500672], [16.427166, 43.500677], [16.427088, 43.500676], [16.426928, 43.500675], [16.426814, 43.500677], [16.426749, 43.500704], [16.426662, 43.500717], [16.426462, 43.50072], [16.426314, 43.50072], [16.426181, 43.500726], [16.426127, 43.500725], [16.426045, 43.500706], [16.425944, 43.500716], [16.425804, 43.500718], [16.425707, 43.500743], [16.425618, 43.500762], [16.425536, 43.500763], [16.425438, 43.50077], [16.425358, 43.50077], [16.425155, 43.500795], [16.42509, 43.500799], [16.42504, 43.500821], [16.424932, 43.500833], [16.424858, 43.500861], [16.424772, 43.50086], [16.424706, 43.500875], [16.424649, 43.500892], [16.424508, 43.500927], [16.424492, 43.500959], [16.424417, 43.500969], [16.424342, 43.500975], [16.42427, 43.501006], [16.424186, 43.501049], [16.424094, 43.501058], [16.424026, 43.501081], [16.423921, 43.50111], [16.423827, 43.501162], [16.423714, 43.501198], [16.423632, 43.501278], [16.42351, 43.501465], [16.423496, 43.501481], [16.423664, 43.501704], [16.423785, 43.501865], [16.423523, 43.501984], [16.423254, 43.502094], [16.423196, 43.502114], [16.423122, 43.502146], [16.423071, 43.502153], [16.423016, 43.502154], [16.422969, 43.502181], [16.42296, 43.502215], [16.422905, 43.502241], [16.422844, 43.502242], [16.422805, 43.502277], [16.422789, 43.502312], [16.422835, 43.502327], [16.423185, 43.50219], [16.423211, 43.502165], [16.423937, 43.501876], [16.423975, 43.501921], [16.424045, 43.501926], [16.424121, 43.502032], [16.424145, 43.502075], [16.424254, 43.502265], [16.42356, 43.502687], [16.423359, 43.502536], [16.423348, 43.50254], [16.423523, 43.502678], [16.423492, 43.502717], [16.423474, 43.502758], [16.423453, 43.502794], [16.422912, 43.502962], [16.422457, 43.503138], [16.42232, 43.503162], [16.422182, 43.503174], [16.422067, 43.503183], [16.421923, 43.503183], [16.421761, 43.503174], [16.421688, 43.50317], [16.421657, 43.503156], [16.421633, 43.503143], [16.421584, 43.5031], [16.421557, 43.503103], [16.421537, 43.503113], [16.421488, 43.503125], [16.42146, 43.503122], [16.42144, 43.503095], [16.42143, 43.503067], [16.421408, 43.503046], [16.421384, 43.503038], [16.421354, 43.503025], [16.421306, 43.502979], [16.421271, 43.502947], [16.421263, 43.502912], [16.421263, 43.502861], [16.42131, 43.502786], [16.421313, 43.502781], [16.421356, 43.502752], [16.421383, 43.502711], [16.421381, 43.502683], [16.421362, 43.50267], [16.421402, 43.502646], [16.421411, 43.50261], [16.421431, 43.502589], [16.42143, 43.502572], [16.421472, 43.502529], [16.421475, 43.502488], [16.421442, 43.502455], [16.42134, 43.50246], [16.421263, 43.502508], [16.421182, 43.502528], [16.421088, 43.502551], [16.421036, 43.502543], [16.42092, 43.502571], [16.420841, 43.502608], [16.420762, 43.502652], [16.420703, 43.502683], [16.42066, 43.502687], [16.420559, 43.502703], [16.42051, 43.502726], [16.420451, 43.50277], [16.420363, 43.502801], [16.420288, 43.502815], [16.420216, 43.502843], [16.420144, 43.502851], [16.420083, 43.502879], [16.420024, 43.502897], [16.419981, 43.502919], [16.419956, 43.502928], [16.419887, 43.502901], [16.419865, 43.50289], [16.419786, 43.502894], [16.41972, 43.502905], [16.419684, 43.502921], [16.419654, 43.502946], [16.419664, 43.502959], [16.419699, 43.502959], [16.419725, 43.502946], [16.419756, 43.50294], [16.419831, 43.502931], [16.419854, 43.502933], [16.41989, 43.502948], [16.419915, 43.502959], [16.419941, 43.50297], [16.419907, 43.502981], [16.419844, 43.50298], [16.419763, 43.502978], [16.41971, 43.502984], [16.419695, 43.503005], [16.41971, 43.503014], [16.41971, 43.503034], [16.419645, 43.503057], [16.419656, 43.503073], [16.41959, 43.503089], [16.419543, 43.503088], [16.419361, 43.503132], [16.419162, 43.503179], [16.419094, 43.503206], [16.419051, 43.503172], [16.419003, 43.503167], [16.418954, 43.503162], [16.418896, 43.50315], [16.418813, 43.503165], [16.418812, 43.503186], [16.418837, 43.503197], [16.418905, 43.503204], [16.418934, 43.50323], [16.418733, 43.503262], [16.418714, 43.503253], [16.418679, 43.503244], [16.418638, 43.503248], [16.418627, 43.503256], [16.418638, 43.503266], [16.41864, 43.503278], [16.418501, 43.503304], [16.418499, 43.503408], [16.41858, 43.503412], [16.418582, 43.503402], [16.418517, 43.5034], [16.418519, 43.503327], [16.418622, 43.503331], [16.418606, 43.503654], [16.41856, 43.503738], [16.418514, 43.503789], [16.418441, 43.503789], [16.41841, 43.503821], [16.418368, 43.503861], [16.418278, 43.503864], [16.418195, 43.503852], [16.418036, 43.503823], [16.417801, 43.503758], [16.417707, 43.503735], [16.417663, 43.503738], [16.417608, 43.503714], [16.41759, 43.503729], [16.417593, 43.503752], [16.41751, 43.503751], [16.417394, 43.503631], [16.417325, 43.503581], [16.41728, 43.503568], [16.417237, 43.503592], [16.417242, 43.503628], [16.417113, 43.50366], [16.417001, 43.503668], [16.416798, 43.503676], [16.416576, 43.503627], [16.416423, 43.503564], [16.416223, 43.503484], [16.416086, 43.503395], [16.41602, 43.503349], [16.416068, 43.503326], [16.416128, 43.502673], [16.416065, 43.502576], [16.415934, 43.502519], [16.415902, 43.502514], [16.415828, 43.502503], [16.415716, 43.502516], [16.415627, 43.502582], [16.415586, 43.502661], [16.415554, 43.502995], [16.415517, 43.503223], [16.415385, 43.503279], [16.415212, 43.503303], [16.415048, 43.503299], [16.414846, 43.503279], [16.414564, 43.503207], [16.414463, 43.503163], [16.41438, 43.503126], [16.41432, 43.50309], [16.41431, 43.503066], [16.414357, 43.503028], [16.414358, 43.502961], [16.414314, 43.502813], [16.41426, 43.502781], [16.414171, 43.502755], [16.414068, 43.502739], [16.413908, 43.502744], [16.413805, 43.502771], [16.413777, 43.502783], [16.413674, 43.502827], [16.413555, 43.502896], [16.413473, 43.502924], [16.413443, 43.502961], [16.413449, 43.503007], [16.413432, 43.503018], [16.413392, 43.503043], [16.413358, 43.503059], [16.413329, 43.503068], [16.413293, 43.503074], [16.413236, 43.503088], [16.413187, 43.503095], [16.413162, 43.503122], [16.413148, 43.503128], [16.413106, 43.503119], [16.413055, 43.503111], [16.413016, 43.503121], [16.413003, 43.503145], [16.41291, 43.503183], [16.412889, 43.503213], [16.41286, 43.503217], [16.41285, 43.503158], [16.412814, 43.50316], [16.412801, 43.503223], [16.412748, 43.503213], [16.412669, 43.503226], [16.412557, 43.503242], [16.412457, 43.503267], [16.412277, 43.503337], [16.412183, 43.503393], [16.41217, 43.503413], [16.4121, 43.503407], [16.412017, 43.503438], [16.411963, 43.503437], [16.41193, 43.503424], [16.411723, 43.503448], [16.411498, 43.50348], [16.411441, 43.503453], [16.411411, 43.503456], [16.411394, 43.503478], [16.411288, 43.503486], [16.411212, 43.503509], [16.411112, 43.503508], [16.411009, 43.503529], [16.41095, 43.503549], [16.41091, 43.503558], [16.410898, 43.503543], [16.410821, 43.503551], [16.410772, 43.503594], [16.410765, 43.503581], [16.410716, 43.50358], [16.410699, 43.503582], [16.410689, 43.50356], [16.410663, 43.50356], [16.410639, 43.503592], [16.410608, 43.503595], [16.410583, 43.503579], [16.410545, 43.503573], [16.410497, 43.50356], [16.410489, 43.503574], [16.410487, 43.503585], [16.410504, 43.503605], [16.410498, 43.503614], [16.410467, 43.50363], [16.410427, 43.503635], [16.410349, 43.503635], [16.41029, 43.503632], [16.410203, 43.503618], [16.410148, 43.50361], [16.409992, 43.503612], [16.409966, 43.503636], [16.40993, 43.503638], [16.409929, 43.503659], [16.409899, 43.503658], [16.409789, 43.503659], [16.4097, 43.50366], [16.409634, 43.503664], [16.409596, 43.503649], [16.409552, 43.503627], [16.409552, 43.503695], [16.409489, 43.503701], [16.409437, 43.503685], [16.409396, 43.503698], [16.40936, 43.503773], [16.409413, 43.503796], [16.409382, 43.503852], [16.409371, 43.503886], [16.409344, 43.503922], [16.409323, 43.503961], [16.409236, 43.504061], [16.40918, 43.50413], [16.409123, 43.50414], [16.409057, 43.504144], [16.408929, 43.50414], [16.408752, 43.504113], [16.408597, 43.504081], [16.408603, 43.503966], [16.408548, 43.503972], [16.408541, 43.503935], [16.408568, 43.503921], [16.408584, 43.503904], [16.408628, 43.503883], [16.408655, 43.503889], [16.408696, 43.503877], [16.408752, 43.50388], [16.408777, 43.503863], [16.408828, 43.503864], [16.408867, 43.503852], [16.408866, 43.503824], [16.408828, 43.503818], [16.408772, 43.503833], [16.408721, 43.503843], [16.408687, 43.503825], [16.408682, 43.503793], [16.408652, 43.503782], [16.408594, 43.503801], [16.408541, 43.503758], [16.408474, 43.50374], [16.408427, 43.503742], [16.408331, 43.503742], [16.408273, 43.503726], [16.408228, 43.503704], [16.408185, 43.5037], [16.408177, 43.503703], [16.408133, 43.503752], [16.408079, 43.503751], [16.408074, 43.503763], [16.408037, 43.503767], [16.408004, 43.503755], [16.407984, 43.503747], [16.407961, 43.503755], [16.407946, 43.503735], [16.407922, 43.503729], [16.407892, 43.50372], [16.407879, 43.503726], [16.407871, 43.503748], [16.407849, 43.503747], [16.407832, 43.503758], [16.407798, 43.50377], [16.407785, 43.503756], [16.407781, 43.503731], [16.407751, 43.503729], [16.407724, 43.503753], [16.407658, 43.503743], [16.407637, 43.503725], [16.4076, 43.503719], [16.407561, 43.503719], [16.407527, 43.503726], [16.407505, 43.50378], [16.407412, 43.503781], [16.407357, 43.503765], [16.407298, 43.503756], [16.407274, 43.503753], [16.407234, 43.503759], [16.407226, 43.503785], [16.40711, 43.503787], [16.4071, 43.503752], [16.407077, 43.503752], [16.407055, 43.503771], [16.407045, 43.503753], [16.407024, 43.503749], [16.406987, 43.503764], [16.406977, 43.503804], [16.40692, 43.503804], [16.406902, 43.503769], [16.406858, 43.503755], [16.40683, 43.503805], [16.406775, 43.503804], [16.406748, 43.503769], [16.406633, 43.503791], [16.406569, 43.503787], [16.406528, 43.50379], [16.406506, 43.503782], [16.406448, 43.503799], [16.40641, 43.5038], [16.406363, 43.503801], [16.406268, 43.503802], [16.406189, 43.503807], [16.406164, 43.503827], [16.406084, 43.50383], [16.406008, 43.50383], [16.405969, 43.503831], [16.405868, 43.503841], [16.405747, 43.503866], [16.405578, 43.503879], [16.405407, 43.503918], [16.405051, 43.503954], [16.405016, 43.503972], [16.404987, 43.50398], [16.404933, 43.503979], [16.404875, 43.503962], [16.40477, 43.503972], [16.404725, 43.503978], [16.404711, 43.503996], [16.404661, 43.503981], [16.404611, 43.503988], [16.404585, 43.503989], [16.404555, 43.503995], [16.404334, 43.504016], [16.404014, 43.504062], [16.403512, 43.50415], [16.403078, 43.504239], [16.403047, 43.504261], [16.402947, 43.504281], [16.402922, 43.504277], [16.402556, 43.504334], [16.402542, 43.504346], [16.402495, 43.504347], [16.402309, 43.504385], [16.402157, 43.504407], [16.40199, 43.504432], [16.401974, 43.504424], [16.401907, 43.504435], [16.401781, 43.504472], [16.401706, 43.504499], [16.401446, 43.504551], [16.401421, 43.504583], [16.401435, 43.504614], [16.401457, 43.50463], [16.401456, 43.504667], [16.401467, 43.504701], [16.401514, 43.504707], [16.401513, 43.50476], [16.401449, 43.50479], [16.401394, 43.504816], [16.401312, 43.504813], [16.401233, 43.504848], [16.401104, 43.50486], [16.400976, 43.504854], [16.400852, 43.504857], [16.400684, 43.504851], [16.400519, 43.504843], [16.400345, 43.50484], [16.400174, 43.504844], [16.399911, 43.504892], [16.399739, 43.504934], [16.3994, 43.505088], [16.399369, 43.505166], [16.399411, 43.505217], [16.39948, 43.50526], [16.399548, 43.505254], [16.399585, 43.505203], [16.399653, 43.505183], [16.399736, 43.50517], [16.399808, 43.505161], [16.39992, 43.505143], [16.400127, 43.505102], [16.400305, 43.505078], [16.400461, 43.505091], [16.400553, 43.505117], [16.400606, 43.505167], [16.400648, 43.505272], [16.40065, 43.505381], [16.400652, 43.505512], [16.400638, 43.505721], [16.400582, 43.506019], [16.400519, 43.506249], [16.400517, 43.506259], [16.400495, 43.506427], [16.400494, 43.506434], [16.400449, 43.506712], [16.400335, 43.507055], [16.400163, 43.507292], [16.399798, 43.50744], [16.39976, 43.507509], [16.399743, 43.507578], [16.399638, 43.507675], [16.399493, 43.50775], [16.399288, 43.507811], [16.398832, 43.507872], [16.398472, 43.507944], [16.397847, 43.507986], [16.397213, 43.508006], [16.397025, 43.507992], [16.396969, 43.508024], [16.396807, 43.508009], [16.396344, 43.507977], [16.395934, 43.507949], [16.395494, 43.507933], [16.395391, 43.50789], [16.39521, 43.507877], [16.394852, 43.507822], [16.394614, 43.507783], [16.394437, 43.507765], [16.394307, 43.507773], [16.39425, 43.50772], [16.394185, 43.507708], [16.394054, 43.507695], [16.393923, 43.507717], [16.393837, 43.507676], [16.393641, 43.507656], [16.393515, 43.507651], [16.393436, 43.507672], [16.39337, 43.507644], [16.393233, 43.507646], [16.393168, 43.507633], [16.393104, 43.507664], [16.393044, 43.507649], [16.392974, 43.507616], [16.392871, 43.507615], [16.392737, 43.507572], [16.392711, 43.507604], [16.392619, 43.507599], [16.392566, 43.507635], [16.392544, 43.507593], [16.392471, 43.507573], [16.392359, 43.507572], [16.392275, 43.507558], [16.392188, 43.507554], [16.392131, 43.507563], [16.392065, 43.50759], [16.392003, 43.507577], [16.391846, 43.507603], [16.391803, 43.507612], [16.391727, 43.507622], [16.391703, 43.507597], [16.391741, 43.507524], [16.391685, 43.50752], [16.391558, 43.507522], [16.39155, 43.507549], [16.391456, 43.50755], [16.391366, 43.50758], [16.391302, 43.50759], [16.391239, 43.507576], [16.391196, 43.507546], [16.391116, 43.507588], [16.391108, 43.507626], [16.391026, 43.507639], [16.390943, 43.507637], [16.390884, 43.507609], [16.390768, 43.507634], [16.390676, 43.50762], [16.390629, 43.507654], [16.390512, 43.507651], [16.3905, 43.507586], [16.390436, 43.507571], [16.390415, 43.507622], [16.390387, 43.507646], [16.39031, 43.507625], [16.390266, 43.507651], [16.39023, 43.50765], [16.390197, 43.507632], [16.390127, 43.507621], [16.390072, 43.507616], [16.390024, 43.507654], [16.389961, 43.507663], [16.389944, 43.507649], [16.389886, 43.507647], [16.389851, 43.507644], [16.38983, 43.507661], [16.389802, 43.50765], [16.389826, 43.507624], [16.389812, 43.507607], [16.389768, 43.507615], [16.389733, 43.507609], [16.389683, 43.5076], [16.389662, 43.507619], [16.389674, 43.507639], [16.389629, 43.507642], [16.389537, 43.507662], [16.389475, 43.50767], [16.38944, 43.50767], [16.389378, 43.507665], [16.389291, 43.507661], [16.389239, 43.507667], [16.38916, 43.507668], [16.389027, 43.507668], [16.388492, 43.507693], [16.387929, 43.507682]]], [[[16.417272, 43.50352], [16.417305, 43.503521], [16.417338, 43.503526], [16.417373, 43.503513], [16.417337, 43.503495], [16.417279, 43.503485], [16.417289, 43.503469], [16.417344, 43.503465], [16.41739, 43.503444], [16.417453, 43.503443], [16.417537, 43.503404], [16.417652, 43.503393], [16.417696, 43.503346], [16.417756, 43.503335], [16.417817, 43.503316], [16.417824, 43.503294], [16.417882, 43.503266], [16.417858, 43.503234], [16.417819, 43.503248], [16.417757, 43.50325], [16.417745, 43.503282], [16.417712, 43.503301], [16.417657, 43.503308], [16.417611, 43.503296], [16.417521, 43.50331], [16.417526, 43.503343], [16.417474, 43.503366], [16.417374, 43.503376], [16.41735, 43.503382], [16.417347, 43.503353], [16.417313, 43.50336], [16.41729, 43.503377], [16.417223, 43.503394], [16.417181, 43.50339], [16.417109, 43.503418], [16.417105, 43.503439], [16.41715, 43.503441], [16.417199, 43.503449], [16.417223, 43.503475], [16.417272, 43.50352]]]]}, "properties": {"id": 48, "razina": "cetvrt", "name": "Meje", "jls_name": "Split", "jls_maticni_broj": "04090", "zupanija": "Splitsko-dalmatinska", "area_km2": 1.4954, "stanovnistvo": null, "palette_idx": 0, "source": "OSM boundary=administrative admin_level=9 (ODbL)"}}, {"type": "Feature", "id": 49, "geometry": {"type": "Polygon", "coordinates": [[[16.475426, 43.509274], [16.476581, 43.509677], [16.477088, 43.509837], [16.47767, 43.509998], [16.480009, 43.510579], [16.481108, 43.510874], [16.482143, 43.511066], [16.48269, 43.511086], [16.483085, 43.511036], [16.485673, 43.510883], [16.48515, 43.509853], [16.48515, 43.509497], [16.484866, 43.50924], [16.484222, 43.508578], [16.483401, 43.507715], [16.482602, 43.506733], [16.482488, 43.506464], [16.482443, 43.506272], [16.482725, 43.506225], [16.482947, 43.506115], [16.482996, 43.505905], [16.482506, 43.50588], [16.482303, 43.505652], [16.482358, 43.505404], [16.482378, 43.505087], [16.482256, 43.504858], [16.481987, 43.504822], [16.481862, 43.504632], [16.481836, 43.50418], [16.481024, 43.504197], [16.480784, 43.503239], [16.479762, 43.50203], [16.47963, 43.502118], [16.479311, 43.50223], [16.478925, 43.502291], [16.478671, 43.502261], [16.47863, 43.502235], [16.478607, 43.5022], [16.478603, 43.502166], [16.478607, 43.502131], [16.478579, 43.50212], [16.478538, 43.502125], [16.478527, 43.502159], [16.47856, 43.50231], [16.4785, 43.50234], [16.478385, 43.502358], [16.478104, 43.502341], [16.477825, 43.502274], [16.477853, 43.502714], [16.477877, 43.503833], [16.477844, 43.503965], [16.47801, 43.504643], [16.478207, 43.505126], [16.478295, 43.505258], [16.478889, 43.50605], [16.479005, 43.506277], [16.479014, 43.506588], [16.478914, 43.506851], [16.478814, 43.507009], [16.478548, 43.507212], [16.478054, 43.507414], [16.477858, 43.507465], [16.477045, 43.507682], [16.476689, 43.507852], [16.476261, 43.508266], [16.476031, 43.508501], [16.475592, 43.509039], [16.475426, 43.509274]]]}, "properties": {"id": 49, "razina": "cetvrt", "name": "Mertojak", "jls_name": "Split", "jls_maticni_broj": "04090", "zupanija": "Splitsko-dalmatinska", "area_km2": 0.3967, "stanovnistvo": null, "palette_idx": 1, "source": "OSM boundary=administrative admin_level=9 (ODbL)"}}, {"type": "Feature", "id": 50, "geometry": {"type": "Polygon", "coordinates": [[[16.473171, 43.519073], [16.473351, 43.520543], [16.47348, 43.521484], [16.473489, 43.521573], [16.47399, 43.522482], [16.474219, 43.522949], [16.47426, 43.523106], [16.474254, 43.52322], [16.474181, 43.523489], [16.474097, 43.523677], [16.473839, 43.523967], [16.473913, 43.524209], [16.473804, 43.524502], [16.47347, 43.52465], [16.473334, 43.524745], [16.473244, 43.52495], [16.473224, 43.525013], [16.473253, 43.525388], [16.473078, 43.525721], [16.473026, 43.525912], [16.475537, 43.525633], [16.476744, 43.525509], [16.477431, 43.52547], [16.477956, 43.52548], [16.478423, 43.525524], [16.478898, 43.525655], [16.479264, 43.525792], [16.479758, 43.526081], [16.480915, 43.52683], [16.48177, 43.527382], [16.482885, 43.528149], [16.483521, 43.528587], [16.483663, 43.528709], [16.483739, 43.528801], [16.483898, 43.52899], [16.484067, 43.529246], [16.484644, 43.529082], [16.489327, 43.529269], [16.490044, 43.528254], [16.490181, 43.527877], [16.490264, 43.527612], [16.49029, 43.527194], [16.490217, 43.52675], [16.490019, 43.526277], [16.489663, 43.525727], [16.487648, 43.524129], [16.485659, 43.52259], [16.483549, 43.520953], [16.482208, 43.51999], [16.481511, 43.51958], [16.48101, 43.519346], [16.480274, 43.519043], [16.479703, 43.518888], [16.479185, 43.518801], [16.478478, 43.518751], [16.47773, 43.518748], [16.47688, 43.518786], [16.474431, 43.518998], [16.473385, 43.519059], [16.473171, 43.519073]]]}, "properties": {"id": 50, "razina": "cetvrt", "name": "Neslanovac", "jls_name": "Split", "jls_maticni_broj": "04090", "zupanija": "Splitsko-dalmatinska", "area_km2": 0.9583, "stanovnistvo": null, "palette_idx": 1, "source": "OSM boundary=administrative admin_level=9 (ODbL)"}}, {"type": "Feature", "id": 51, "geometry": {"type": "Polygon", "coordinates": [[[16.451813, 43.515847], [16.452224, 43.515977], [16.453503, 43.516288], [16.454007, 43.516393], [16.454754, 43.516511], [16.455678, 43.516593], [16.456193, 43.516605], [16.456612, 43.516599], [16.45692, 43.516143], [16.457657, 43.515115], [16.457877, 43.514864], [16.458295, 43.514495], [16.458649, 43.514218], [16.459441, 43.513637], [16.461056, 43.512335], [16.458828, 43.511981], [16.457768, 43.511821], [16.45754, 43.511735], [16.454732, 43.511264], [16.454441, 43.511297], [16.454259, 43.511899], [16.454081, 43.512363], [16.453569, 43.51337], [16.453376, 43.513712], [16.452665, 43.514691], [16.452113, 43.515434], [16.451813, 43.515847]]]}, "properties": {"id": 51, "razina": "cetvrt", "name": "Plokite", "jls_name": "Split", "jls_maticni_broj": "04090", "zupanija": "Splitsko-dalmatinska", "area_km2": 0.2414, "stanovnistvo": null, "palette_idx": 4, "source": "OSM boundary=administrative admin_level=9 (ODbL)"}}, {"type": "Feature", "id": 52, "geometry": {"type": "Polygon", "coordinates": [[[16.467858, 43.516627], [16.468405, 43.517096], [16.46872, 43.517322], [16.469276, 43.517551], [16.47067, 43.518028], [16.472454, 43.518696], [16.473385, 43.519059], [16.474431, 43.518998], [16.47688, 43.518786], [16.47773, 43.518748], [16.478478, 43.518751], [16.479185, 43.518801], [16.479703, 43.518888], [16.480274, 43.519043], [16.48101, 43.519346], [16.481511, 43.51958], [16.481697, 43.519433], [16.481385, 43.519009], [16.481152, 43.518551], [16.480985, 43.518149], [16.480945, 43.517992], [16.480888, 43.517561], [16.480897, 43.517209], [16.480929, 43.516953], [16.480989, 43.516691], [16.481127, 43.516329], [16.47889, 43.515912], [16.478611, 43.51584], [16.477716, 43.515602], [16.477184, 43.515439], [16.476113, 43.515074], [16.475535, 43.514861], [16.474908, 43.514673], [16.474311, 43.51455], [16.472883, 43.514284], [16.471219, 43.514031], [16.470978, 43.513994], [16.47066, 43.514328], [16.470107, 43.514875], [16.469977, 43.515059], [16.469215, 43.515831], [16.468713, 43.516188], [16.468235, 43.516461], [16.467858, 43.516627]]]}, "properties": {"id": 52, "razina": "cetvrt", "name": "Pujanke", "jls_name": "Split", "jls_maticni_broj": "04090", "zupanija": "Splitsko-dalmatinska", "area_km2": 0.3939, "stanovnistvo": null, "palette_idx": 3, "source": "OSM boundary=administrative admin_level=9 (ODbL)"}}, {"type": "Feature", "id": 53, "geometry": {"type": "Polygon", "coordinates": [[[16.44886, 43.520729], [16.45099, 43.521298], [16.45182, 43.521405], [16.452303, 43.521435], [16.454144, 43.521377], [16.455558, 43.521322], [16.456578, 43.521294], [16.456915, 43.521294], [16.457696, 43.521323], [16.459092, 43.521382], [16.461208, 43.521493], [16.462716, 43.521536], [16.463497, 43.52153], [16.464733, 43.521553], [16.465498, 43.521614], [16.466926, 43.521783], [16.469224, 43.522079], [16.470023, 43.522089], [16.47068, 43.522049], [16.471411, 43.521961], [16.471912, 43.521929], [16.472887, 43.521734], [16.473489, 43.521573], [16.47348, 43.521484], [16.473351, 43.520543], [16.473171, 43.519073], [16.469926, 43.519305], [16.468899, 43.519391], [16.468008, 43.519446], [16.464587, 43.519725], [16.463524, 43.519793], [16.462279, 43.519884], [16.461451, 43.520029], [16.460656, 43.520048], [16.45251, 43.520138], [16.452089, 43.520124], [16.451545, 43.520077], [16.451034, 43.520029], [16.45063, 43.519951], [16.450156, 43.519854], [16.449814, 43.519751], [16.449403, 43.519611], [16.44886, 43.520729]]]}, "properties": {"id": 53, "razina": "cetvrt", "name": "Ravne njive", "jls_name": "Split", "jls_maticni_broj": "04090", "zupanija": "Splitsko-dalmatinska", "area_km2": 0.3816, "stanovnistvo": null, "palette_idx": 3, "source": "OSM boundary=administrative admin_level=9 (ODbL)"}}, {"type": "Feature", "id": 54, "geometry": {"type": "Polygon", "coordinates": [[[16.496615, 43.508567], [16.496844, 43.509232], [16.496871, 43.509673], [16.497339, 43.50974], [16.497833, 43.509918], [16.498161, 43.510165], [16.49879, 43.510373], [16.499316, 43.510516], [16.499851, 43.51057], [16.500165, 43.510711], [16.500437, 43.510892], [16.500753, 43.511185], [16.501074, 43.511783], [16.501412, 43.512173], [16.501412, 43.512266], [16.501299, 43.512349], [16.500855, 43.512512], [16.500598, 43.512731], [16.500728, 43.513202], [16.501403, 43.513168], [16.501888, 43.513293], [16.502077, 43.513239], [16.502578, 43.513044], [16.503578, 43.512851], [16.50379, 43.512759], [16.504019, 43.512619], [16.504193, 43.512635], [16.505492, 43.512457], [16.505595, 43.512321], [16.50587, 43.512123], [16.50676, 43.511928], [16.506989, 43.511964], [16.507303, 43.51195], [16.508006, 43.511792], [16.509409, 43.51166], [16.516518, 43.510194], [16.519929, 43.508549], [16.520438, 43.507994], [16.520407, 43.507768], [16.52043, 43.507241], [16.520549, 43.507106], [16.520953, 43.507087], [16.520908, 43.506579], [16.520796, 43.506203], [16.519038, 43.505949], [16.515489, 43.505471], [16.513036, 43.505055], [16.512526, 43.505041], [16.512098, 43.505078], [16.51146, 43.505196], [16.510054, 43.505508], [16.508572, 43.505861], [16.505958, 43.506448], [16.496615, 43.508567]]]}, "properties": {"id": 54, "razina": "cetvrt", "name": "Sirobuja", "jls_name": "Split", "jls_maticni_broj": "04090", "zupanija": "Splitsko-dalmatinska", "area_km2": 1.001, "stanovnistvo": null, "palette_idx": 1, "source": "OSM boundary=administrative admin_level=9 (ODbL)"}}, {"type": "Feature", "id": 55, "geometry": {"type": "MultiPolygon", "coordinates": [[[[16.395681, 43.512305], [16.395815, 43.512364], [16.395871, 43.512367], [16.395979, 43.512412], [16.396128, 43.512452], [16.396106, 43.51249], [16.396223, 43.512534], [16.396245, 43.512523], [16.39629, 43.51257], [16.396338, 43.512608], [16.396404, 43.512629], [16.396511, 43.512645], [16.396601, 43.512655], [16.396584, 43.512663], [16.39652, 43.512679], [16.396541, 43.512711], [16.396639, 43.512746], [16.396773, 43.512745], [16.396881, 43.512744], [16.397005, 43.512793], [16.397078, 43.512857], [16.397102, 43.512917], [16.397147, 43.512981], [16.397205, 43.512997], [16.397326, 43.513051], [16.397357, 43.513104], [16.397377, 43.513151], [16.397541, 43.513208], [16.397672, 43.513249], [16.397776, 43.51324], [16.3979, 43.513268], [16.398011, 43.513292], [16.398076, 43.513301], [16.398125, 43.513287], [16.398204, 43.513306], [16.398233, 43.513337], [16.398276, 43.513332], [16.398325, 43.513333], [16.398363, 43.513348], [16.398388, 43.513314], [16.398473, 43.513336], [16.398566, 43.513345], [16.398553, 43.513391], [16.398483, 43.513437], [16.398505, 43.513451], [16.398581, 43.513411], [16.398718, 43.513437], [16.398744, 43.513422], [16.39884, 43.513466], [16.398954, 43.513491], [16.399155, 43.51355], [16.399233, 43.513577], [16.399425, 43.513627], [16.39961, 43.513674], [16.399842, 43.513736], [16.399977, 43.513763], [16.400008, 43.513802], [16.400185, 43.513836], [16.40035, 43.513886], [16.400541, 43.513915], [16.40059, 43.513967], [16.40055, 43.513995], [16.400588, 43.514013], [16.400607, 43.514005], [16.400655, 43.51402], [16.400754, 43.514022], [16.400804, 43.514022], [16.400876, 43.51405], [16.400969, 43.514058], [16.401066, 43.514063], [16.401131, 43.514083], [16.401183, 43.514108], [16.401246, 43.514116], [16.40128, 43.514117], [16.401325, 43.514123], [16.401356, 43.514134], [16.401387, 43.514119], [16.401383, 43.5141], [16.401411, 43.514076], [16.401447, 43.514077], [16.401484, 43.51409], [16.40155, 43.514084], [16.401632, 43.5141], [16.401637, 43.514148], [16.401616, 43.514175], [16.401642, 43.51419], [16.401646, 43.514201], [16.401644, 43.514216], [16.401661, 43.514224], [16.401671, 43.514243], [16.401681, 43.514267], [16.401678, 43.514288], [16.401649, 43.514315], [16.401649, 43.514351], [16.401567, 43.514362], [16.401553, 43.514344], [16.401508, 43.514334], [16.401429, 43.514377], [16.40136, 43.514386], [16.401342, 43.514401], [16.401325, 43.514447], [16.401286, 43.514491], [16.401373, 43.514509], [16.401332, 43.514564], [16.401311, 43.514564], [16.401311, 43.514542], [16.40128, 43.514538], [16.401211, 43.514552], [16.401188, 43.514563], [16.401197, 43.51459], [16.401273, 43.514594], [16.401311, 43.514585], [16.401269, 43.514654], [16.401266, 43.514666], [16.401253, 43.514676], [16.401246, 43.514709], [16.401208, 43.51472], [16.401204, 43.5147], [16.40115, 43.514699], [16.401149, 43.514719], [16.401131, 43.514741], [16.401138, 43.514756], [16.401198, 43.514758], [16.401218, 43.514737], [16.401255, 43.51472], [16.401318, 43.514773], [16.401279, 43.514796], [16.401291, 43.514824], [16.401028, 43.514809], [16.401028, 43.514833], [16.401304, 43.514844], [16.401325, 43.514898], [16.401276, 43.514904], [16.401301, 43.514924], [16.401332, 43.51496], [16.401391, 43.51501], [16.40147, 43.515021], [16.40156, 43.515036], [16.401564, 43.515076], [16.401588, 43.515116], [16.401484, 43.515118], [16.401467, 43.515157], [16.401577, 43.515172], [16.401712, 43.515212], [16.401709, 43.515253], [16.401643, 43.515289], [16.401732, 43.515338], [16.401843, 43.515378], [16.401874, 43.515427], [16.401971, 43.515432], [16.401989, 43.515445], [16.401899, 43.51545], [16.401922, 43.515477], [16.401964, 43.515499], [16.402123, 43.515504], [16.402082, 43.515532], [16.402029, 43.515567], [16.402113, 43.515558], [16.402131, 43.51559], [16.402106, 43.515621], [16.4022, 43.515638], [16.402226, 43.515696], [16.402289, 43.515701], [16.402334, 43.515743], [16.402452, 43.515768], [16.402476, 43.515795], [16.40257, 43.515796], [16.402594, 43.515831], [16.402703, 43.51582], [16.402777, 43.515768], [16.402877, 43.515668], [16.402928, 43.515668], [16.403154, 43.515748], [16.40326, 43.515753], [16.403289, 43.515773], [16.403378, 43.515761], [16.403424, 43.515764], [16.403477, 43.515788], [16.403517, 43.515832], [16.403686, 43.515822], [16.403865, 43.515839], [16.403907, 43.515831], [16.404217, 43.515836], [16.404619, 43.515809], [16.404719, 43.515779], [16.404688, 43.5157], [16.40475, 43.51558], [16.404709, 43.515547], [16.404734, 43.515498], [16.404715, 43.515447], [16.404737, 43.515366], [16.404719, 43.515334], [16.40482, 43.515178], [16.404982, 43.515106], [16.405276, 43.51506], [16.405518, 43.515011], [16.40551, 43.514953], [16.405656, 43.514957], [16.406063, 43.514854], [16.406098, 43.514815], [16.406129, 43.514793], [16.406192, 43.5148], [16.406253, 43.514784], [16.406218, 43.514745], [16.406316, 43.514739], [16.40637, 43.514721], [16.406402, 43.51468], [16.406367, 43.514657], [16.406365, 43.514635], [16.406446, 43.514625], [16.40656, 43.514561], [16.406616, 43.5145], [16.406585, 43.514472], [16.406609, 43.514447], [16.406678, 43.514493], [16.406714, 43.514375], [16.406743, 43.514293], [16.406806, 43.514277], [16.406862, 43.514305], [16.406896, 43.514342], [16.406903, 43.514414], [16.40692, 43.514486], [16.406927, 43.514538], [16.406975, 43.51459], [16.406958, 43.514646], [16.406975, 43.514732], [16.407025, 43.51478], [16.407107, 43.514829], [16.407184, 43.51488], [16.407238, 43.51492], [16.407352, 43.514964], [16.407528, 43.515008], [16.407618, 43.515048], [16.407695, 43.515029], [16.407823, 43.515038], [16.407963, 43.515024], [16.408074, 43.515041], [16.408221, 43.514988], [16.40832, 43.514997], [16.408341, 43.514971], [16.408389, 43.514947], [16.40851, 43.514918], [16.408544, 43.51495], [16.408599, 43.514953], [16.408721, 43.51495], [16.408794, 43.514931], [16.408786, 43.514842], [16.408884, 43.514895], [16.408959, 43.514899], [16.409035, 43.51487], [16.409087, 43.514914], [16.409147, 43.514889], [16.409228, 43.514879], [16.409295, 43.514859], [16.409389, 43.514863], [16.409364, 43.514824], [16.409389, 43.514788], [16.409451, 43.514765], [16.409565, 43.514739], [16.409557, 43.514717], [16.40944, 43.514725], [16.40941, 43.51468], [16.409485, 43.514697], [16.409581, 43.514663], [16.409574, 43.514698], [16.409585, 43.514703], [16.409623, 43.514694], [16.409672, 43.5147], [16.409657, 43.514738], [16.409706, 43.514781], [16.409751, 43.514785], [16.409796, 43.514765], [16.409861, 43.514771], [16.409925, 43.514808], [16.410018, 43.514782], [16.41008, 43.514808], [16.410184, 43.514775], [16.410307, 43.514779], [16.410335, 43.5148], [16.410445, 43.514808], [16.41056, 43.514804], [16.410625, 43.514828], [16.41073, 43.514848], [16.410885, 43.514874], [16.410995, 43.514897], [16.41102, 43.514923], [16.411178, 43.514902], [16.411224, 43.514927], [16.411295, 43.514918], [16.411351, 43.514895], [16.411451, 43.514912], [16.41176, 43.514886], [16.41187, 43.514875], [16.411811, 43.514863], [16.411939, 43.514848], [16.412077, 43.514844], [16.412253, 43.514868], [16.412367, 43.514857], [16.412302, 43.514827], [16.412243, 43.514799], [16.41225, 43.514773], [16.412284, 43.514757], [16.412322, 43.514749], [16.412382, 43.51472], [16.412405, 43.514712], [16.412446, 43.514727], [16.412623, 43.514729], [16.412686, 43.514736], [16.412738, 43.514753], [16.412776, 43.514744], [16.412797, 43.514723], [16.412861, 43.514723], [16.412914, 43.514741], [16.412968, 43.51473], [16.413018, 43.514707], [16.413059, 43.514713], [16.413117, 43.514727], [16.413132, 43.514694], [16.413165, 43.514708], [16.413206, 43.514686], [16.413214, 43.514725], [16.413273, 43.514725], [16.413304, 43.514686], [16.413334, 43.514686], [16.413353, 43.514705], [16.413397, 43.514658], [16.413408, 43.514705], [16.413459, 43.514708], [16.413601, 43.514699], [16.413601, 43.51472], [16.413865, 43.514721], [16.4141, 43.514937], [16.41406, 43.515022], [16.414158, 43.515198], [16.41421, 43.515208], [16.414465, 43.515387], [16.414593, 43.515488], [16.414572, 43.515582], [16.414544, 43.515662], [16.414572, 43.515838], [16.414633, 43.515954], [16.414652, 43.51599], [16.414782, 43.516001], [16.414793, 43.516034], [16.414683, 43.516061], [16.414686, 43.516129], [16.414986, 43.516268], [16.42004, 43.516443], [16.420223, 43.51645], [16.420286, 43.516442], [16.420333, 43.516427], [16.420393, 43.516411], [16.420435, 43.516395], [16.420487, 43.516371], [16.42052, 43.516348], [16.420559, 43.516312], [16.420569, 43.516275], [16.420568, 43.51624], [16.420552, 43.516209], [16.420509, 43.516179], [16.420464, 43.516158], [16.420382, 43.516142], [16.420314, 43.516185], [16.415469, 43.516006], [16.415289, 43.516113], [16.415242, 43.516078], [16.415374, 43.515993], [16.41532, 43.515947], [16.415274, 43.515073], [16.415582, 43.515054], [16.415593, 43.515054], [16.415601, 43.514957], [16.415902, 43.514948], [16.416217, 43.51494], [16.416532, 43.514931], [16.416853, 43.514922], [16.417174, 43.514913], [16.417592, 43.514902], [16.418002, 43.51489], [16.418001, 43.51487], [16.41816, 43.514865], [16.418386, 43.514857], [16.418813, 43.514851], [16.418821, 43.514952], [16.419341, 43.514942], [16.419883, 43.514931], [16.41988, 43.514761], [16.420441, 43.514777], [16.420452, 43.514656], [16.421892, 43.514901], [16.42219, 43.514952], [16.423125, 43.515559], [16.423392, 43.515733], [16.423599, 43.51587], [16.424367, 43.516035], [16.424623, 43.516038], [16.424612, 43.516091], [16.424926, 43.516168], [16.425555, 43.516322], [16.425596, 43.516211], [16.425656, 43.516223], [16.42568, 43.516148], [16.425884, 43.516224], [16.426022, 43.516312], [16.426051, 43.516371], [16.426019, 43.516425], [16.426025, 43.516468], [16.426067, 43.516487], [16.426091, 43.516542], [16.426057, 43.516553], [16.426056, 43.516596], [16.426109, 43.516596], [16.426119, 43.516622], [16.425954, 43.516862], [16.425905, 43.516884], [16.425894, 43.516934], [16.425843, 43.516949], [16.425735, 43.517056], [16.425645, 43.517157], [16.425629, 43.517192], [16.425522, 43.517303], [16.425496, 43.517384], [16.425494, 43.517444], [16.425459, 43.517516], [16.4254, 43.517659], [16.425376, 43.517733], [16.425438, 43.517793], [16.425507, 43.51779], [16.425546, 43.517766], [16.425553, 43.517699], [16.425563, 43.517651], [16.425577, 43.517625], [16.425587, 43.517562], [16.425588, 43.517514], [16.425601, 43.517464], [16.425649, 43.517381], [16.425691, 43.517331], [16.42574, 43.51727], [16.4258, 43.517197], [16.425836, 43.517087], [16.425868, 43.517096], [16.425957, 43.516962], [16.425964, 43.516949], [16.426015, 43.516884], [16.426036, 43.516872], [16.42613, 43.516757], [16.42614, 43.516743], [16.426213, 43.516637], [16.426281, 43.516617], [16.426672, 43.516951], [16.426793, 43.517083], [16.42682, 43.517136], [16.426952, 43.517398], [16.427121, 43.517736], [16.4268, 43.517905], [16.426486, 43.517938], [16.426393, 43.517672], [16.426365, 43.517672], [16.426602, 43.518509], [16.426628, 43.518522], [16.427097, 43.518501], [16.427109, 43.518485], [16.42697, 43.51788], [16.427145, 43.517763], [16.427404, 43.518018], [16.427498, 43.51811], [16.427546, 43.518089], [16.427616, 43.518153], [16.427649, 43.51815], [16.427667, 43.518172], [16.427686, 43.518193], [16.428002, 43.518512], [16.428109, 43.518623], [16.427926, 43.518734], [16.427737, 43.518568], [16.427719, 43.51858], [16.427906, 43.518749], [16.427675, 43.518885], [16.42746, 43.518653], [16.427446, 43.51866], [16.427656, 43.518891], [16.427636, 43.5189], [16.42764, 43.518916], [16.427654, 43.518925], [16.427712, 43.518926], [16.427795, 43.519216], [16.427418, 43.51926], [16.427326, 43.518936], [16.427302, 43.518938], [16.427394, 43.519263], [16.427031, 43.519302], [16.426831, 43.518961], [16.426793, 43.518965], [16.426776, 43.518995], [16.426816, 43.519033], [16.426851, 43.519094], [16.42687, 43.519135], [16.426896, 43.519188], [16.426914, 43.519207], [16.426914, 43.519225], [16.426931, 43.519244], [16.426918, 43.519255], [16.426934, 43.519268], [16.426965, 43.519294], [16.426958, 43.519315], [16.427011, 43.519349], [16.427561, 43.519284], [16.427596, 43.519301], [16.427639, 43.519307], [16.427715, 43.51932], [16.427741, 43.519359], [16.427753, 43.519303], [16.427815, 43.5193], [16.427833, 43.519407], [16.427889, 43.519402], [16.427892, 43.519435], [16.427907, 43.519432], [16.427927, 43.519543], [16.427847, 43.519548], [16.427906, 43.519753], [16.427987, 43.519758], [16.427994, 43.520047], [16.427571, 43.52009], [16.427619, 43.52032], [16.427365, 43.520335], [16.427368, 43.520392], [16.427856, 43.520362], [16.428069, 43.520345], [16.428224, 43.52076], [16.428145, 43.520776], [16.428154, 43.520805], [16.427782, 43.5208], [16.42772, 43.520811], [16.427677, 43.520831], [16.42757, 43.520952], [16.427529, 43.520968], [16.426928, 43.521019], [16.426789, 43.521098], [16.426733, 43.521161], [16.426724, 43.521231], [16.426473, 43.521254], [16.426001, 43.521296], [16.425533, 43.521338], [16.425381, 43.521351], [16.425369, 43.521295], [16.425325, 43.521301], [16.425344, 43.521355], [16.42521, 43.521369], [16.425191, 43.521261], [16.425114, 43.521266], [16.425121, 43.521326], [16.42444, 43.521392], [16.424412, 43.521395], [16.424362, 43.52143], [16.424142, 43.52146], [16.42399, 43.521502], [16.423591, 43.521744], [16.422922, 43.521849], [16.422783, 43.52189], [16.422527, 43.52192], [16.422422, 43.521883], [16.422348, 43.521809], [16.422276, 43.521807], [16.421951, 43.52187], [16.421582, 43.52194], [16.421239, 43.522019], [16.421116, 43.522066], [16.421003, 43.52213], [16.420916, 43.522258], [16.420896, 43.522446], [16.42085, 43.522528], [16.420959, 43.522633], [16.421106, 43.522717], [16.421633, 43.522856], [16.421735, 43.523038], [16.42166, 43.523808], [16.421874, 43.524126], [16.422995, 43.524467], [16.423737, 43.524604], [16.424106, 43.524585], [16.424211, 43.524693], [16.424231, 43.524823], [16.424021, 43.526427], [16.424143, 43.526434], [16.424354, 43.524832], [16.425857, 43.524774], [16.42855, 43.524625], [16.430293, 43.524545], [16.430266, 43.524318], [16.431002, 43.524293], [16.431191, 43.524578], [16.431406, 43.524661], [16.431585, 43.52522], [16.431167, 43.525303], [16.431029, 43.524958], [16.430946, 43.524984], [16.431223, 43.525698], [16.431464, 43.526294], [16.431652, 43.526734], [16.432115, 43.526628], [16.432534, 43.527168], [16.432796, 43.52747], [16.429984, 43.528027], [16.427847, 43.528448], [16.426745, 43.528402], [16.424616, 43.527634], [16.42336, 43.527081], [16.423365, 43.527042], [16.423286, 43.527012], [16.423223, 43.527085], [16.424584, 43.527683], [16.427129, 43.528609], [16.427388, 43.528621], [16.429987, 43.528105], [16.432825, 43.527549], [16.433424, 43.527914], [16.433959, 43.527944], [16.434105, 43.527967], [16.434222, 43.527941], [16.434414, 43.527851], [16.434503, 43.527776], [16.434626, 43.527778], [16.434721, 43.52781], [16.434829, 43.527843], [16.434749, 43.527043], [16.434574, 43.52674], [16.434103, 43.52618], [16.433715, 43.525746], [16.433521, 43.525239], [16.433387, 43.524996], [16.433178, 43.524603], [16.433099, 43.524345], [16.432986, 43.524042], [16.432946, 43.523741], [16.432934, 43.523121], [16.433052, 43.522705], [16.433343, 43.521675], [16.434021, 43.519522], [16.434476, 43.518], [16.434904, 43.516848], [16.435132, 43.516345], [16.435775, 43.513955], [16.43586, 43.513486], [16.435893, 43.513133], [16.433789, 43.513003], [16.432367, 43.512973], [16.431975, 43.511563], [16.430172, 43.511735], [16.429695, 43.511752], [16.428908, 43.511813], [16.428692, 43.511844], [16.427915, 43.512015], [16.427469, 43.51209], [16.427115, 43.5122], [16.426422, 43.512454], [16.425888, 43.51259], [16.42517, 43.512676], [16.424636, 43.512746], [16.424208, 43.512823], [16.422711, 43.513292], [16.418338, 43.513911], [16.417114, 43.514022], [16.416414, 43.514029], [16.415564, 43.51396], [16.41488, 43.514019], [16.414179, 43.514102], [16.41301, 43.514253], [16.412311, 43.514351], [16.411856, 43.514362], [16.411041, 43.51434], [16.410312, 43.514327], [16.409816, 43.514253], [16.409427, 43.514345], [16.408743, 43.514578], [16.40853, 43.514665], [16.408078, 43.514736], [16.407936, 43.51473], [16.407596, 43.514687], [16.407365, 43.51457], [16.407219, 43.514305], [16.407111, 43.514056], [16.406976, 43.513982], [16.406834, 43.51398], [16.406715, 43.514061], [16.406689, 43.514148], [16.406408, 43.514316], [16.406128, 43.514486], [16.405803, 43.514614], [16.405344, 43.514747], [16.405086, 43.514779], [16.404839, 43.514787], [16.4046, 43.514792], [16.404141, 43.514847], [16.403681, 43.514828], [16.403438, 43.514725], [16.403136, 43.514584], [16.403031, 43.514348], [16.403016, 43.514169], [16.402975, 43.513869], [16.402814, 43.513749], [16.402579, 43.513603], [16.402187, 43.513525], [16.401611, 43.513522], [16.401365, 43.513506], [16.400696, 43.513359], [16.400199, 43.513159], [16.398522, 43.512476], [16.396108, 43.511644], [16.395681, 43.512305]]], [[[16.418795, 43.532186], [16.418471, 43.53223], [16.418489, 43.532263], [16.418697, 43.532225], [16.41872, 43.532264], [16.418797, 43.532283], [16.418885, 43.532268], [16.418949, 43.532243], [16.419, 43.532242], [16.419068, 43.532211], [16.419116, 43.532194], [16.419077, 43.532171], [16.419024, 43.53217], [16.418959, 43.532156], [16.418884, 43.532193], [16.418795, 43.532186]]], [[[16.415015, 43.522468], [16.414998, 43.522479], [16.414991, 43.522495], [16.41498, 43.522521], [16.414975, 43.522543], [16.415, 43.522556], [16.415041, 43.522559], [16.415099, 43.522561], [16.415149, 43.522557], [16.415185, 43.522553], [16.415218, 43.522538], [16.41526, 43.52253], [16.415288, 43.522542], [16.415317, 43.522543], [16.415394, 43.522538], [16.415478, 43.522526], [16.415536, 43.5225], [16.415602, 43.522474], [16.415679, 43.522452], [16.415703, 43.522428], [16.41567, 43.522401], [16.4156, 43.522388], [16.415553, 43.522378], [16.415511, 43.522383], [16.415461, 43.522402], [16.41543, 43.522401], [16.415368, 43.522407], [16.415304, 43.522417], [16.415227, 43.522431], [16.415169, 43.522442], [16.415105, 43.522434], [16.415085, 43.522465], [16.415015, 43.522468]]]]}, "properties": {"id": 55, "razina": "cetvrt", "name": "Spinut", "jls_name": "Split", "jls_maticni_broj": "04090", "zupanija": "Splitsko-dalmatinska", "area_km2": 1.3774, "stanovnistvo": null, "palette_idx": 0, "source": "OSM boundary=administrative admin_level=9 (ODbL)"}}, {"type": "Feature", "id": 56, "geometry": {"type": "Polygon", "coordinates": [[[16.461056, 43.512335], [16.466703, 43.513244], [16.469888, 43.513741], [16.470978, 43.513994], [16.471344, 43.513525], [16.471991, 43.512718], [16.472672, 43.511917], [16.473064, 43.511493], [16.473488, 43.511041], [16.47365, 43.510876], [16.474891, 43.509791], [16.475426, 43.509274], [16.47516, 43.509174], [16.473779, 43.508667], [16.472016, 43.508044], [16.47089, 43.50768], [16.470439, 43.507583], [16.470086, 43.507517], [16.466443, 43.506864], [16.464576, 43.506563], [16.464367, 43.507228], [16.464123, 43.50796], [16.463561, 43.509551], [16.463483, 43.509537], [16.46296, 43.510338], [16.462424, 43.511003], [16.462277, 43.511169], [16.461758, 43.51169], [16.461056, 43.512335]]]}, "properties": {"id": 56, "razina": "cetvrt", "name": "Split 3", "jls_name": "Split", "jls_maticni_broj": "04090", "zupanija": "Splitsko-dalmatinska", "area_km2": 0.5555, "stanovnistvo": null, "palette_idx": 0, "source": "OSM boundary=administrative admin_level=9 (ODbL)"}}, {"type": "Feature", "id": 57, "geometry": {"type": "Polygon", "coordinates": [[[16.456612, 43.516599], [16.457853, 43.517086], [16.458859, 43.51742], [16.460413, 43.517858], [16.461225, 43.517992], [16.461889, 43.518032], [16.461998, 43.518031], [16.462867, 43.518014], [16.463685, 43.517952], [16.464404, 43.517838], [16.465146, 43.517675], [16.465746, 43.517491], [16.467039, 43.516963], [16.467858, 43.516627], [16.468235, 43.516461], [16.468713, 43.516188], [16.469215, 43.515831], [16.469977, 43.515059], [16.470107, 43.514875], [16.47066, 43.514328], [16.470978, 43.513994], [16.469888, 43.513741], [16.466703, 43.513244], [16.461056, 43.512335], [16.459441, 43.513637], [16.458649, 43.514218], [16.458295, 43.514495], [16.457877, 43.514864], [16.457657, 43.515115], [16.45692, 43.516143], [16.456612, 43.516599]]]}, "properties": {"id": 57, "razina": "cetvrt", "name": "Sućidar", "jls_name": "Split", "jls_maticni_broj": "04090", "zupanija": "Splitsko-dalmatinska", "area_km2": 0.4653, "stanovnistvo": null, "palette_idx": 1, "source": "OSM boundary=administrative admin_level=9 (ODbL)"}}, {"type": "Feature", "id": 58, "geometry": {"type": "MultiPolygon", "coordinates": [[[[16.464576, 43.506563], [16.466443, 43.506864], [16.470086, 43.507517], [16.470439, 43.507583], [16.47089, 43.50768], [16.472016, 43.508044], [16.473779, 43.508667], [16.47516, 43.509174], [16.475426, 43.509274], [16.475592, 43.509039], [16.476031, 43.508501], [16.476261, 43.508266], [16.476689, 43.507852], [16.477045, 43.507682], [16.477858, 43.507465], [16.478054, 43.507414], [16.478548, 43.507212], [16.478814, 43.507009], [16.478914, 43.506851], [16.479014, 43.506588], [16.479005, 43.506277], [16.478889, 43.50605], [16.478295, 43.505258], [16.478207, 43.505126], [16.47801, 43.504643], [16.477844, 43.503965], [16.477877, 43.503833], [16.477853, 43.502714], [16.477825, 43.502274], [16.477673, 43.502183], [16.477525, 43.502096], [16.477521, 43.502029], [16.477488, 43.502009], [16.477474, 43.501967], [16.477457, 43.501914], [16.477501, 43.501873], [16.477545, 43.501814], [16.477563, 43.501758], [16.477556, 43.50169], [16.477544, 43.501653], [16.477513, 43.501633], [16.477464, 43.501613], [16.477408, 43.501613], [16.477242, 43.501619], [16.477085, 43.501639], [16.47687, 43.501653], [16.476648, 43.501658], [16.476533, 43.501653], [16.476516, 43.50168], [16.476501, 43.501733], [16.476393, 43.501736], [16.476101, 43.501672], [16.47599, 43.501636], [16.475982, 43.501615], [16.475968, 43.501587], [16.475939, 43.501583], [16.475918, 43.501597], [16.475909, 43.501631], [16.475858, 43.501634], [16.475651, 43.501541], [16.475513, 43.501448], [16.475523, 43.501429], [16.475541, 43.501411], [16.475552, 43.501388], [16.475545, 43.501369], [16.475522, 43.501357], [16.475493, 43.501366], [16.475474, 43.501393], [16.475439, 43.501401], [16.475353, 43.501368], [16.475238, 43.501287], [16.475261, 43.501236], [16.475179, 43.501153], [16.475096, 43.501066], [16.475038, 43.501038], [16.474993, 43.501029], [16.474934, 43.501028], [16.474892, 43.500968], [16.474852, 43.500976], [16.474818, 43.500986], [16.474836, 43.501035], [16.47485, 43.501071], [16.474757, 43.501094], [16.474689, 43.501103], [16.474615, 43.50111], [16.47451, 43.501104], [16.474288, 43.50103], [16.474159, 43.500942], [16.474013, 43.500849], [16.473873, 43.500745], [16.473785, 43.500621], [16.473822, 43.500613], [16.473858, 43.5006], [16.473906, 43.500565], [16.473919, 43.500537], [16.473905, 43.500515], [16.473873, 43.500515], [16.473808, 43.50054], [16.473755, 43.500536], [16.473738, 43.500396], [16.473795, 43.500331], [16.473722, 43.500296], [16.473676, 43.500348], [16.473629, 43.500348], [16.473617, 43.500322], [16.473576, 43.500269], [16.473519, 43.500218], [16.473465, 43.500181], [16.473402, 43.500156], [16.473343, 43.500154], [16.473257, 43.50016], [16.473121, 43.500182], [16.473038, 43.500212], [16.472963, 43.500246], [16.472887, 43.500294], [16.472822, 43.500343], [16.472787, 43.500382], [16.472773, 43.500428], [16.472763, 43.500496], [16.472768, 43.500542], [16.472786, 43.500578], [16.472826, 43.500662], [16.472824, 43.500684], [16.472811, 43.500707], [16.47275, 43.500726], [16.472762, 43.500761], [16.472771, 43.500777], [16.472866, 43.50077], [16.472904, 43.500754], [16.472959, 43.500752], [16.472997, 43.500837], [16.473016, 43.500942], [16.472911, 43.501118], [16.472755, 43.501248], [16.472614, 43.501336], [16.472491, 43.501386], [16.47231, 43.501434], [16.472121, 43.501455], [16.471917, 43.501481], [16.471739, 43.501472], [16.471612, 43.501448], [16.471584, 43.501445], [16.471583, 43.501419], [16.471552, 43.50142], [16.471545, 43.501393], [16.471529, 43.501356], [16.471493, 43.501327], [16.471456, 43.501322], [16.471424, 43.501327], [16.471397, 43.501337], [16.471361, 43.50136], [16.471362, 43.501381], [16.471375, 43.501424], [16.471385, 43.501447], [16.471411, 43.501464], [16.471397, 43.501469], [16.471396, 43.501491], [16.471366, 43.501531], [16.47128, 43.501575], [16.471156, 43.501631], [16.470982, 43.501668], [16.470824, 43.501691], [16.470668, 43.50168], [16.470538, 43.501637], [16.470486, 43.501515], [16.470451, 43.501428], [16.470353, 43.501345], [16.470214, 43.50132], [16.470225, 43.501287], [16.47016, 43.501283], [16.470149, 43.501311], [16.470074, 43.501304], [16.469899, 43.50132], [16.469735, 43.501394], [16.469655, 43.501456], [16.469608, 43.501522], [16.469474, 43.501532], [16.469275, 43.50147], [16.46905, 43.501341], [16.468938, 43.501272], [16.468831, 43.501195], [16.468847, 43.501117], [16.468808, 43.501096], [16.468766, 43.501103], [16.468724, 43.501203], [16.468657, 43.50126], [16.468374, 43.501142], [16.468142, 43.501098], [16.467954, 43.50103], [16.467782, 43.500955], [16.467607, 43.500881], [16.467558, 43.500841], [16.467551, 43.500712], [16.467599, 43.500709], [16.467592, 43.500605], [16.467542, 43.500608], [16.467541, 43.500506], [16.467517, 43.500509], [16.467473, 43.500513], [16.467468, 43.500612], [16.467389, 43.500616], [16.467395, 43.500709], [16.467462, 43.50071], [16.467451, 43.500804], [16.467416, 43.500893], [16.46721, 43.500881], [16.467027, 43.500961], [16.466967, 43.501023], [16.466924, 43.501092], [16.466853, 43.501081], [16.466751, 43.501032], [16.466225, 43.500812], [16.466148, 43.500814], [16.466079, 43.500832], [16.466055, 43.500871], [16.46604, 43.500915], [16.466069, 43.500975], [16.466126, 43.501022], [16.466324, 43.501087], [16.466595, 43.501244], [16.46672, 43.501319], [16.466807, 43.501389], [16.466755, 43.501478], [16.466704, 43.501544], [16.467233, 43.501905], [16.467587, 43.502468], [16.4677, 43.502765], [16.467806, 43.50292], [16.467914, 43.503008], [16.468083, 43.503096], [16.469837, 43.503551], [16.469899, 43.503607], [16.469969, 43.503805], [16.467298, 43.504763], [16.466362, 43.504944], [16.465613, 43.504955], [16.465067, 43.505022], [16.464576, 43.506563]]], [[[16.4713, 43.501229], [16.471347, 43.501236], [16.471385, 43.501227], [16.471422, 43.50121], [16.471449, 43.50118], [16.471443, 43.501138], [16.471428, 43.501103], [16.471412, 43.501074], [16.471391, 43.501045], [16.471358, 43.501006], [16.471311, 43.500985], [16.471261, 43.500966], [16.471206, 43.50096], [16.471148, 43.500962], [16.471113, 43.500973], [16.471095, 43.501004], [16.471094, 43.501038], [16.471107, 43.501063], [16.471136, 43.501082], [16.471178, 43.501088], [16.471248, 43.501069], [16.471264, 43.50109], [16.471286, 43.501108], [16.471287, 43.50114], [16.471283, 43.501162], [16.471267, 43.50119], [16.471272, 43.501215], [16.4713, 43.501229]]]]}, "properties": {"id": 58, "razina": "cetvrt", "name": "Trstenik", "jls_name": "Split", "jls_maticni_broj": "04090", "zupanija": "Splitsko-dalmatinska", "area_km2": 0.6723, "stanovnistvo": null, "palette_idx": 3, "source": "OSM boundary=administrative admin_level=9 (ODbL)"}}, {"type": "Feature", "id": 59, "geometry": {"type": "Polygon", "coordinates": [[[16.389557, 43.509796], [16.389671, 43.509837], [16.389813, 43.509843], [16.389896, 43.509857], [16.389982, 43.509877], [16.390057, 43.509869], [16.390225, 43.509915], [16.390304, 43.509957], [16.390427, 43.509978], [16.390489, 43.50997], [16.390507, 43.510001], [16.390597, 43.510029], [16.39059, 43.510291], [16.39057, 43.510291], [16.390573, 43.510337], [16.390638, 43.510339], [16.390639, 43.510289], [16.390618, 43.51029], [16.390625, 43.510037], [16.390732, 43.510074], [16.390717, 43.510096], [16.390873, 43.510149], [16.390916, 43.510081], [16.391199, 43.510178], [16.391254, 43.510199], [16.391296, 43.510234], [16.391312, 43.510269], [16.39135, 43.510295], [16.391347, 43.510317], [16.391392, 43.510341], [16.391466, 43.510361], [16.391458, 43.51041], [16.391466, 43.51041], [16.391475, 43.510362], [16.39152, 43.510373], [16.391517, 43.510412], [16.391593, 43.510415], [16.391656, 43.510428], [16.391655, 43.510473], [16.391716, 43.510493], [16.391727, 43.510522], [16.391761, 43.510528], [16.391792, 43.510523], [16.391842, 43.510547], [16.391872, 43.510577], [16.391924, 43.510579], [16.391945, 43.510608], [16.39201, 43.510617], [16.392039, 43.510643], [16.392014, 43.510666], [16.392035, 43.510692], [16.39208, 43.510683], [16.392079, 43.510647], [16.392128, 43.510648], [16.392118, 43.510694], [16.392176, 43.510705], [16.392231, 43.510736], [16.392287, 43.510722], [16.392318, 43.510769], [16.39237, 43.510735], [16.392401, 43.510761], [16.392428, 43.510744], [16.392467, 43.510777], [16.392499, 43.510757], [16.392612, 43.510816], [16.392647, 43.510817], [16.392701, 43.510843], [16.392733, 43.5108], [16.392746, 43.510846], [16.3928, 43.510847], [16.392875, 43.510879], [16.392929, 43.510892], [16.39302, 43.510909], [16.393079, 43.510898], [16.393155, 43.5109], [16.39319, 43.510932], [16.393213, 43.510963], [16.393216, 43.511019], [16.393263, 43.511], [16.393304, 43.511068], [16.393376, 43.511109], [16.39342, 43.51112], [16.393476, 43.511173], [16.393545, 43.511225], [16.393656, 43.511257], [16.393714, 43.511295], [16.393814, 43.511321], [16.393818, 43.511343], [16.393892, 43.511364], [16.393918, 43.51139], [16.394057, 43.511443], [16.394201, 43.511504], [16.394309, 43.511565], [16.394333, 43.511605], [16.394405, 43.511643], [16.394526, 43.511674], [16.394618, 43.511757], [16.394686, 43.511782], [16.394772, 43.511837], [16.394838, 43.511877], [16.394872, 43.511919], [16.394945, 43.511954], [16.395052, 43.511981], [16.3951, 43.511956], [16.395159, 43.511975], [16.395117, 43.512059], [16.395194, 43.512099], [16.395243, 43.512085], [16.395321, 43.512122], [16.39538, 43.51211], [16.395439, 43.512136], [16.39548, 43.512185], [16.395553, 43.512232], [16.395578, 43.512258], [16.395681, 43.512305], [16.396108, 43.511644], [16.398522, 43.512476], [16.400199, 43.513159], [16.400696, 43.513359], [16.401365, 43.513506], [16.401611, 43.513522], [16.402187, 43.513525], [16.402579, 43.513603], [16.402814, 43.513749], [16.402975, 43.513869], [16.403016, 43.514169], [16.403031, 43.514348], [16.403136, 43.514584], [16.403438, 43.514725], [16.403681, 43.514828], [16.404141, 43.514847], [16.4046, 43.514792], [16.404839, 43.514787], [16.405086, 43.514779], [16.405344, 43.514747], [16.405803, 43.514614], [16.406128, 43.514486], [16.406408, 43.514316], [16.406689, 43.514148], [16.406715, 43.514061], [16.406834, 43.51398], [16.406976, 43.513982], [16.407111, 43.514056], [16.407219, 43.514305], [16.407365, 43.51457], [16.407596, 43.514687], [16.407936, 43.51473], [16.408078, 43.514736], [16.40853, 43.514665], [16.408743, 43.514578], [16.409427, 43.514345], [16.409816, 43.514253], [16.410312, 43.514327], [16.411041, 43.51434], [16.411856, 43.514362], [16.412311, 43.514351], [16.41301, 43.514253], [16.414179, 43.514102], [16.41488, 43.514019], [16.415564, 43.51396], [16.416414, 43.514029], [16.417114, 43.514022], [16.418338, 43.513911], [16.422711, 43.513292], [16.424208, 43.512823], [16.424636, 43.512746], [16.42517, 43.512676], [16.425888, 43.51259], [16.426422, 43.512454], [16.427115, 43.5122], [16.427469, 43.51209], [16.427915, 43.512015], [16.428692, 43.511844], [16.428908, 43.511813], [16.429695, 43.511752], [16.430172, 43.511735], [16.431975, 43.511563], [16.432367, 43.512973], [16.433789, 43.513003], [16.435893, 43.513133], [16.436073, 43.512628], [16.43647, 43.511549], [16.436607, 43.511279], [16.436484, 43.51087], [16.436606, 43.51084], [16.436477, 43.510466], [16.436514, 43.509998], [16.436411, 43.509735], [16.436247, 43.509528], [16.43614, 43.509342], [16.435183, 43.508828], [16.434852, 43.508616], [16.434697, 43.508454], [16.434456, 43.508357], [16.434184, 43.50812], [16.434138, 43.507965], [16.434141, 43.507801], [16.434478, 43.50768], [16.434489, 43.507435], [16.43449, 43.50742], [16.435242, 43.507435], [16.435685, 43.507379], [16.435735, 43.507387], [16.435765, 43.507371], [16.43577, 43.507331], [16.435714, 43.507296], [16.43564, 43.50726], [16.435647, 43.50725], [16.435479, 43.507205], [16.435476, 43.507216], [16.435277, 43.507201], [16.435114, 43.507231], [16.434958, 43.507296], [16.434888, 43.507339], [16.434841, 43.507319], [16.434779, 43.507293], [16.434615, 43.50727], [16.434619, 43.507112], [16.434441, 43.5071], [16.434437, 43.507115], [16.434389, 43.507123], [16.434381, 43.507181], [16.43438, 43.507193], [16.434353, 43.507192], [16.434323, 43.507192], [16.434324, 43.507183], [16.434329, 43.50713], [16.434187, 43.507119], [16.434193, 43.507088], [16.433554, 43.507018], [16.433514, 43.507003], [16.433017, 43.507053], [16.432327, 43.507299], [16.432292, 43.507434], [16.432264, 43.507505], [16.432216, 43.507536], [16.431992, 43.507504], [16.431979, 43.507561], [16.431993, 43.507627], [16.431988, 43.507729], [16.431022, 43.507703], [16.430964, 43.507742], [16.430777, 43.507765], [16.430643, 43.507946], [16.430581, 43.507987], [16.430511, 43.507997], [16.430444, 43.507935], [16.430444, 43.507783], [16.430214, 43.507769], [16.430202, 43.507715], [16.428288, 43.507374], [16.427287, 43.507428], [16.42722, 43.507325], [16.42654, 43.507293], [16.426361, 43.507312], [16.426146, 43.507349], [16.423574, 43.50825], [16.423302, 43.508291], [16.423193, 43.508282], [16.422721, 43.508162], [16.421231, 43.507942], [16.420632, 43.507883], [16.420264, 43.507743], [16.418895, 43.507578], [16.418071, 43.507524], [16.416851, 43.507498], [16.416577, 43.507565], [16.415509, 43.507612], [16.415288, 43.507602], [16.415036, 43.507571], [16.414475, 43.507501], [16.4138, 43.507462], [16.413602, 43.507511], [16.413136, 43.50753], [16.412795, 43.507563], [16.412364, 43.507649], [16.411724, 43.507809], [16.411455, 43.507884], [16.410457, 43.508198], [16.409927, 43.508409], [16.408843, 43.508705], [16.407973, 43.508909], [16.407467, 43.509098], [16.407217, 43.50922], [16.406965, 43.509412], [16.40595, 43.509679], [16.405579, 43.509441], [16.405454, 43.509319], [16.405393, 43.509211], [16.405185, 43.509016], [16.404915, 43.508933], [16.404196, 43.508843], [16.403787, 43.508838], [16.40347, 43.508904], [16.402811, 43.509096], [16.402338, 43.509182], [16.402296, 43.509176], [16.402258, 43.509111], [16.402841, 43.508923], [16.403155, 43.508782], [16.403607, 43.508702], [16.404056, 43.508654], [16.404203, 43.508609], [16.4042, 43.508576], [16.404129, 43.508531], [16.403386, 43.508639], [16.402285, 43.508872], [16.400747, 43.509067], [16.40016, 43.5091], [16.399468, 43.50908], [16.39852, 43.509029], [16.395883, 43.508922], [16.394565, 43.508711], [16.392912, 43.508511], [16.392685, 43.508501], [16.392566, 43.508503], [16.392354, 43.508534], [16.392079, 43.50859], [16.391882, 43.508598], [16.39181, 43.508556], [16.391807, 43.508487], [16.391896, 43.508453], [16.393131, 43.508361], [16.394223, 43.508371], [16.394475, 43.508331], [16.394269, 43.508279], [16.393763, 43.50824], [16.392998, 43.508199], [16.392587, 43.508148], [16.391393, 43.508068], [16.39084, 43.508075], [16.389297, 43.508169], [16.389254, 43.508402], [16.389265, 43.508556], [16.389293, 43.508698], [16.389377, 43.508837], [16.389489, 43.508958], [16.38965, 43.50907], [16.389983, 43.509214], [16.389557, 43.509796]]]}, "properties": {"id": 59, "razina": "cetvrt", "name": "Varoš", "jls_name": "Split", "jls_maticni_broj": "04090", "zupanija": "Splitsko-dalmatinska", "area_km2": 2.017, "stanovnistvo": null, "palette_idx": 1, "source": "OSM boundary=administrative admin_level=9 (ODbL)"}}, {"type": "Feature", "id": 60, "geometry": {"type": "Polygon", "coordinates": [[[16.470978, 43.513994], [16.471219, 43.514031], [16.472883, 43.514284], [16.474311, 43.51455], [16.474908, 43.514673], [16.475535, 43.514861], [16.476113, 43.515074], [16.477184, 43.515439], [16.477716, 43.515602], [16.478611, 43.51584], [16.47889, 43.515912], [16.481127, 43.516329], [16.481318, 43.51596], [16.481504, 43.515688], [16.481733, 43.515393], [16.482562, 43.514395], [16.482992, 43.513865], [16.483236, 43.51359], [16.484012, 43.512609], [16.484447, 43.512111], [16.484813, 43.51176], [16.485161, 43.511496], [16.4856, 43.511259], [16.485997, 43.51112], [16.486348, 43.511007], [16.486336, 43.510853], [16.485673, 43.510883], [16.483085, 43.511036], [16.48269, 43.511086], [16.482143, 43.511066], [16.481108, 43.510874], [16.480009, 43.510579], [16.47767, 43.509998], [16.477088, 43.509837], [16.476581, 43.509677], [16.475426, 43.509274], [16.474891, 43.509791], [16.47365, 43.510876], [16.473488, 43.511041], [16.473064, 43.511493], [16.472672, 43.511917], [16.471991, 43.512718], [16.471344, 43.513525], [16.470978, 43.513994]]]}, "properties": {"id": 60, "razina": "cetvrt", "name": "Visoka", "jls_name": "Split", "jls_maticni_broj": "04090", "zupanija": "Splitsko-dalmatinska", "area_km2": 0.4997, "stanovnistvo": null, "palette_idx": 2, "source": "OSM boundary=administrative admin_level=9 (ODbL)"}}, {"type": "Feature", "id": 61, "geometry": {"type": "Polygon", "coordinates": [[[16.519929, 43.508549], [16.520136, 43.508649], [16.520392, 43.508694], [16.520792, 43.508705], [16.521096, 43.508687], [16.521302, 43.508644], [16.521613, 43.508566], [16.521604, 43.509006], [16.522416, 43.509259], [16.522718, 43.509721], [16.523097, 43.509617], [16.523201, 43.509799], [16.523483, 43.509624], [16.523999, 43.510633], [16.524861, 43.510371], [16.524996, 43.513052], [16.525888, 43.512636], [16.526239, 43.512534], [16.526583, 43.512354], [16.52679, 43.512171], [16.526953, 43.512187], [16.527116, 43.512171], [16.527285, 43.512074], [16.527435, 43.512011], [16.527664, 43.511956], [16.527798, 43.511937], [16.528162, 43.512058], [16.528797, 43.512085], [16.529087, 43.512099], [16.529336, 43.512065], [16.529948, 43.51181], [16.530356, 43.511603], [16.529777, 43.510447], [16.52894, 43.50883], [16.528521, 43.507958], [16.528034, 43.50721], [16.527367, 43.506296], [16.526847, 43.506451], [16.526232, 43.506591], [16.52572, 43.506663], [16.525234, 43.50669], [16.524688, 43.506688], [16.524294, 43.506666], [16.52388, 43.506619], [16.523334, 43.506547], [16.520796, 43.506203], [16.520908, 43.506579], [16.520953, 43.507087], [16.520549, 43.507106], [16.52043, 43.507241], [16.520407, 43.507768], [16.520438, 43.507994], [16.519929, 43.508549]]]}, "properties": {"id": 61, "razina": "cetvrt", "name": "Šine", "jls_name": "Split", "jls_maticni_broj": "04090", "zupanija": "Splitsko-dalmatinska", "area_km2": 0.3372, "stanovnistvo": null, "palette_idx": 0, "source": "OSM boundary=administrative admin_level=9 (ODbL)"}}, {"type": "Feature", "id": 62, "geometry": {"type": "Polygon", "coordinates": [[[16.479762, 43.50203], [16.480784, 43.503239], [16.481024, 43.504197], [16.481836, 43.50418], [16.481862, 43.504632], [16.481987, 43.504822], [16.482256, 43.504858], [16.482378, 43.505087], [16.482358, 43.505404], [16.482303, 43.505652], [16.482506, 43.50588], [16.482996, 43.505905], [16.482947, 43.506115], [16.482725, 43.506225], [16.482443, 43.506272], [16.482488, 43.506464], [16.482602, 43.506733], [16.483401, 43.507715], [16.484222, 43.508578], [16.484866, 43.50924], [16.48515, 43.509497], [16.48515, 43.509853], [16.485673, 43.510883], [16.486336, 43.510853], [16.486971, 43.510817], [16.487669, 43.510679], [16.488787, 43.510422], [16.490115, 43.510126], [16.491504, 43.509813], [16.492706, 43.509543], [16.493897, 43.509272], [16.495051, 43.509025], [16.49529, 43.508784], [16.495883, 43.508733], [16.496615, 43.508567], [16.505958, 43.506448], [16.508572, 43.505861], [16.508602, 43.505602], [16.508825, 43.505454], [16.508806, 43.50525], [16.508695, 43.50488], [16.508509, 43.504461], [16.50886, 43.504339], [16.508937, 43.504149], [16.508761, 43.504026], [16.508873, 43.50367], [16.508656, 43.503434], [16.50783, 43.503862], [16.507661, 43.503931], [16.506972, 43.50408], [16.506474, 43.503975], [16.5062, 43.503494], [16.505779, 43.50235], [16.506015, 43.50205], [16.505517, 43.501384], [16.505076, 43.501423], [16.504604, 43.501454], [16.504277, 43.501448], [16.504011, 43.501479], [16.503668, 43.501517], [16.50323, 43.501529], [16.502853, 43.501529], [16.502561, 43.501504], [16.502235, 43.50151], [16.501694, 43.501591], [16.501351, 43.501647], [16.501119, 43.501703], [16.50087, 43.501703], [16.500501, 43.501703], [16.500192, 43.501716], [16.499814, 43.50179], [16.499557, 43.501865], [16.499333, 43.501921], [16.498991, 43.502099], [16.498699, 43.502138], [16.498507, 43.502149], [16.498346, 43.502196], [16.49806, 43.502234], [16.497679, 43.502271], [16.497449, 43.502287], [16.497106, 43.502287], [16.496729, 43.50228], [16.496295, 43.502271], [16.496037, 43.502202], [16.496073, 43.502082], [16.4959, 43.502038], [16.495853, 43.502176], [16.495552, 43.50217], [16.495262, 43.502091], [16.49535, 43.501885], [16.49516, 43.501849], [16.495082, 43.502058], [16.494967, 43.502035], [16.494487, 43.501942], [16.494588, 43.501692], [16.493608, 43.501372], [16.493454, 43.501341], [16.493337, 43.501393], [16.493327, 43.501479], [16.49308, 43.50149], [16.492819, 43.50142], [16.492788, 43.50139], [16.4928, 43.501312], [16.492587, 43.501344], [16.492568, 43.501414], [16.492473, 43.501438], [16.492291, 43.501427], [16.492154, 43.501397], [16.492134, 43.501332], [16.491839, 43.501325], [16.49172, 43.5013], [16.491394, 43.501185], [16.490982, 43.501079], [16.490501, 43.500955], [16.490004, 43.500812], [16.489386, 43.500656], [16.488991, 43.5006], [16.488716, 43.5006], [16.488373, 43.500625], [16.488021, 43.50065], [16.487557, 43.500687], [16.487042, 43.500718], [16.486648, 43.500724], [16.486193, 43.500755], [16.485746, 43.500787], [16.48536, 43.500818], [16.485025, 43.500849], [16.484751, 43.500836], [16.484527, 43.500787], [16.484219, 43.500743], [16.483858, 43.500662], [16.483557, 43.500609], [16.483243, 43.500563], [16.483011, 43.500572], [16.482888, 43.500631], [16.482794, 43.500718], [16.482648, 43.500874], [16.482519, 43.501023], [16.48239, 43.501148], [16.482262, 43.501285], [16.482176, 43.501378], [16.482013, 43.501526], [16.481941, 43.501594], [16.481882, 43.501615], [16.481822, 43.501607], [16.481734, 43.501603], [16.481695, 43.501497], [16.48166, 43.501482], [16.481627, 43.501482], [16.481589, 43.501485], [16.481585, 43.501516], [16.481649, 43.501626], [16.481576, 43.501651], [16.481609, 43.501677], [16.481592, 43.501686], [16.481541, 43.501667], [16.481499, 43.501688], [16.48142, 43.501705], [16.481335, 43.50171], [16.481259, 43.501691], [16.48122, 43.50174], [16.481195, 43.501734], [16.481208, 43.501687], [16.481158, 43.501691], [16.481148, 43.501665], [16.481168, 43.501656], [16.481158, 43.501634], [16.481092, 43.501588], [16.48102, 43.501598], [16.481032, 43.50166], [16.48098, 43.501675], [16.480995, 43.501699], [16.481037, 43.501693], [16.48106, 43.501734], [16.481022, 43.501755], [16.480836, 43.501777], [16.48067, 43.501776], [16.480426, 43.501719], [16.480149, 43.501619], [16.480134, 43.501555], [16.480119, 43.501534], [16.480092, 43.501481], [16.480071, 43.501451], [16.480037, 43.501422], [16.479993, 43.501423], [16.479941, 43.501335], [16.479857, 43.501354], [16.479902, 43.501449], [16.479848, 43.501464], [16.479858, 43.501502], [16.479829, 43.501508], [16.479829, 43.501526], [16.47986, 43.50154], [16.479862, 43.501587], [16.479862, 43.501613], [16.479821, 43.501615], [16.479766, 43.501622], [16.479772, 43.50165], [16.479757, 43.501664], [16.479788, 43.501683], [16.479882, 43.501666], [16.479924, 43.501673], [16.479941, 43.501693], [16.479987, 43.501751], [16.479962, 43.501799], [16.479935, 43.501856], [16.479896, 43.501914], [16.479784, 43.502014], [16.479762, 43.50203]]]}, "properties": {"id": 62, "razina": "cetvrt", "name": "Žnjan", "jls_name": "Split", "jls_maticni_broj": "04090", "zupanija": "Splitsko-dalmatinska", "area_km2": 1.6537, "stanovnistvo": null, "palette_idx": 3, "source": "OSM boundary=administrative admin_level=9 (ODbL)"}}, {"type": "Feature", "id": 63, "geometry": {"type": "MultiPolygon", "coordinates": [[[[16.452914, 43.499544], [16.452933, 43.49956], [16.453, 43.49956], [16.453035, 43.499544], [16.453008, 43.499519], [16.452946, 43.499533], [16.452914, 43.499544]]], [[[16.452479, 43.49962], [16.45248, 43.49966], [16.452539, 43.499673], [16.452606, 43.499661], [16.452704, 43.499642], [16.452734, 43.499627], [16.452738, 43.499609], [16.452681, 43.499584], [16.452609, 43.499606], [16.452595, 43.499615], [16.45257, 43.499592], [16.452479, 43.49962]]], [[[16.452047, 43.49973], [16.452082, 43.499751], [16.452143, 43.499732], [16.452138, 43.499716], [16.452089, 43.499713], [16.452047, 43.49973]]], [[[16.452346, 43.499792], [16.452412, 43.499778], [16.452382, 43.499763], [16.452347, 43.499773], [16.452287, 43.499794], [16.452346, 43.499792]]], [[[16.450098, 43.500202], [16.450106, 43.500177], [16.450151, 43.500156], [16.450195, 43.500128], [16.450049, 43.500115], [16.44999, 43.500151], [16.449912, 43.500161], [16.449839, 43.500167], [16.449756, 43.500164], [16.44967, 43.500172], [16.449631, 43.500198], [16.449692, 43.500211], [16.449775, 43.500212], [16.449822, 43.500203], [16.449943, 43.500204], [16.449997, 43.500191], [16.45004, 43.500196], [16.450069, 43.500209], [16.450098, 43.500202]]], [[[16.444763, 43.500247], [16.444749, 43.500265], [16.444753, 43.500276], [16.444787, 43.500279], [16.444788, 43.50029], [16.444808, 43.500296], [16.444827, 43.500276], [16.444832, 43.500254], [16.44479, 43.500253], [16.444771, 43.500245], [16.444763, 43.500247]]], [[[16.444459, 43.500355], [16.444531, 43.500318], [16.44451, 43.500295], [16.444479, 43.500303], [16.44445, 43.500322], [16.444459, 43.500355]]], [[[16.417279, 43.503485], [16.417289, 43.503469], [16.417344, 43.503465], [16.41739, 43.503444], [16.417453, 43.503443], [16.417537, 43.503404], [16.417652, 43.503393], [16.417696, 43.503346], [16.417756, 43.503335], [16.417817, 43.503316], [16.417824, 43.503294], [16.417882, 43.503266], [16.417858, 43.503234], [16.417819, 43.503248], [16.417757, 43.50325], [16.417745, 43.503282], [16.417712, 43.503301], [16.417657, 43.503308], [16.417611, 43.503296], [16.417521, 43.50331], [16.417526, 43.503343], [16.417474, 43.503366], [16.417374, 43.503376], [16.41735, 43.503382], [16.417347, 43.503353], [16.417313, 43.50336], [16.41729, 43.503377], [16.417223, 43.503394], [16.417181, 43.50339], [16.417109, 43.503418], [16.417105, 43.503439], [16.41715, 43.503441], [16.417199, 43.503449], [16.417223, 43.503475], [16.417272, 43.50352], [16.417305, 43.503521], [16.417338, 43.503526], [16.417373, 43.503513], [16.417337, 43.503495], [16.417279, 43.503485]]], [[[16.388298, 43.507899], [16.388351, 43.50836], [16.388227, 43.508454], [16.387867, 43.508234], [16.38784, 43.507989], [16.387795, 43.507989], [16.387825, 43.508246], [16.38805, 43.508391], [16.388034, 43.508405], [16.388068, 43.508426], [16.388085, 43.508413], [16.388261, 43.508532], [16.388269, 43.508581], [16.388284, 43.508665], [16.388334, 43.50871], [16.388369, 43.508832], [16.388399, 43.508911], [16.388435, 43.509012], [16.388479, 43.509072], [16.388499, 43.509126], [16.388547, 43.50918], [16.388683, 43.509262], [16.38873, 43.509312], [16.388821, 43.509419], [16.388866, 43.509461], [16.388932, 43.509506], [16.38898, 43.50955], [16.389039, 43.509585], [16.389072, 43.509639], [16.389139, 43.509647], [16.389173, 43.509703], [16.389233, 43.509709], [16.389276, 43.509744], [16.38936, 43.509745], [16.389454, 43.509795], [16.389557, 43.509796], [16.389671, 43.509837], [16.389813, 43.509843], [16.389896, 43.509857], [16.389982, 43.509877], [16.390057, 43.509869], [16.390225, 43.509915], [16.390304, 43.509957], [16.390427, 43.509978], [16.390489, 43.50997], [16.390507, 43.510001], [16.390597, 43.510029], [16.39059, 43.510291], [16.39057, 43.510291], [16.390573, 43.510337], [16.390638, 43.510339], [16.390639, 43.510289], [16.390618, 43.51029], [16.390625, 43.510037], [16.390732, 43.510074], [16.390717, 43.510096], [16.390873, 43.510149], [16.390916, 43.510081], [16.391199, 43.510178], [16.391254, 43.510199], [16.391296, 43.510234], [16.391312, 43.510269], [16.39135, 43.510295], [16.391347, 43.510317], [16.391392, 43.510341], [16.391466, 43.510361], [16.391458, 43.51041], [16.391466, 43.51041], [16.391475, 43.510362], [16.39152, 43.510373], [16.391517, 43.510412], [16.391593, 43.510415], [16.391656, 43.510428], [16.391655, 43.510473], [16.391716, 43.510493], [16.391727, 43.510522], [16.391761, 43.510528], [16.391792, 43.510523], [16.391842, 43.510547], [16.391872, 43.510577], [16.391924, 43.510579], [16.391945, 43.510608], [16.39201, 43.510617], [16.392039, 43.510643], [16.392014, 43.510666], [16.392035, 43.510692], [16.39208, 43.510683], [16.392079, 43.510647], [16.392128, 43.510648], [16.392118, 43.510694], [16.392176, 43.510705], [16.392231, 43.510736], [16.392287, 43.510722], [16.392318, 43.510769], [16.39237, 43.510735], [16.392401, 43.510761], [16.392428, 43.510744], [16.392467, 43.510777], [16.392499, 43.510757], [16.392612, 43.510816], [16.392647, 43.510817], [16.392701, 43.510843], [16.392733, 43.5108], [16.392746, 43.510846], [16.3928, 43.510847], [16.392875, 43.510879], [16.392929, 43.510892], [16.39302, 43.510909], [16.393079, 43.510898], [16.393155, 43.5109], [16.39319, 43.510932], [16.393213, 43.510963], [16.393216, 43.511019], [16.393263, 43.511], [16.393304, 43.511068], [16.393376, 43.511109], [16.39342, 43.51112], [16.393476, 43.511173], [16.393545, 43.511225], [16.393656, 43.511257], [16.393714, 43.511295], [16.393814, 43.511321], [16.393818, 43.511343], [16.393892, 43.511364], [16.393918, 43.51139], [16.394057, 43.511443], [16.394201, 43.511504], [16.394309, 43.511565], [16.394333, 43.511605], [16.394405, 43.511643], [16.394526, 43.511674], [16.394618, 43.511757], [16.394686, 43.511782], [16.394772, 43.511837], [16.394838, 43.511877], [16.394872, 43.511919], [16.394945, 43.511954], [16.395052, 43.511981], [16.3951, 43.511956], [16.395159, 43.511975], [16.395117, 43.512059], [16.395194, 43.512099], [16.395243, 43.512085], [16.395321, 43.512122], [16.39538, 43.51211], [16.395439, 43.512136], [16.39548, 43.512185], [16.395553, 43.512232], [16.395578, 43.512258], [16.395681, 43.512305], [16.395815, 43.512364], [16.395871, 43.512367], [16.395979, 43.512412], [16.396128, 43.512452], [16.396106, 43.51249], [16.396223, 43.512534], [16.396245, 43.512523], [16.39629, 43.51257], [16.396338, 43.512608], [16.396404, 43.512629], [16.396511, 43.512645], [16.396601, 43.512655], [16.396584, 43.512663], [16.39652, 43.512679], [16.396541, 43.512711], [16.396639, 43.512746], [16.396773, 43.512745], [16.396881, 43.512744], [16.397005, 43.512793], [16.397078, 43.512857], [16.397102, 43.512917], [16.397147, 43.512981], [16.397205, 43.512997], [16.397326, 43.513051], [16.397357, 43.513104], [16.397377, 43.513151], [16.397541, 43.513208], [16.397672, 43.513249], [16.397776, 43.51324], [16.3979, 43.513268], [16.398011, 43.513292], [16.398076, 43.513301], [16.398125, 43.513287], [16.398204, 43.513306], [16.398233, 43.513337], [16.398276, 43.513332], [16.398325, 43.513333], [16.398363, 43.513348], [16.398388, 43.513314], [16.398473, 43.513336], [16.398566, 43.513345], [16.398553, 43.513391], [16.398483, 43.513437], [16.398505, 43.513451], [16.398581, 43.513411], [16.398718, 43.513437], [16.398744, 43.513422], [16.39884, 43.513466], [16.398954, 43.513491], [16.399155, 43.51355], [16.399233, 43.513577], [16.399425, 43.513627], [16.39961, 43.513674], [16.399842, 43.513736], [16.399977, 43.513763], [16.400008, 43.513802], [16.400185, 43.513836], [16.40035, 43.513886], [16.400541, 43.513915], [16.40059, 43.513967], [16.40055, 43.513995], [16.400588, 43.514013], [16.400607, 43.514005], [16.400655, 43.51402], [16.400754, 43.514022], [16.400804, 43.514022], [16.400876, 43.51405], [16.400969, 43.514058], [16.401066, 43.514063], [16.401131, 43.514083], [16.401183, 43.514108], [16.401246, 43.514116], [16.40128, 43.514117], [16.401325, 43.514123], [16.401356, 43.514134], [16.401387, 43.514119], [16.401383, 43.5141], [16.401411, 43.514076], [16.401447, 43.514077], [16.401484, 43.51409], [16.40155, 43.514084], [16.401632, 43.5141], [16.401637, 43.514148], [16.401616, 43.514175], [16.401642, 43.51419], [16.401646, 43.514201], [16.401644, 43.514216], [16.401661, 43.514224], [16.401671, 43.514243], [16.401681, 43.514267], [16.401678, 43.514288], [16.401649, 43.514315], [16.401649, 43.514351], [16.401567, 43.514362], [16.401553, 43.514344], [16.401508, 43.514334], [16.401429, 43.514377], [16.40136, 43.514386], [16.401342, 43.514401], [16.401325, 43.514447], [16.401286, 43.514491], [16.401373, 43.514509], [16.401332, 43.514564], [16.401311, 43.514564], [16.401311, 43.514542], [16.40128, 43.514538], [16.401211, 43.514552], [16.401188, 43.514563], [16.401197, 43.51459], [16.401273, 43.514594], [16.401311, 43.514585], [16.401269, 43.514654], [16.401266, 43.514666], [16.401253, 43.514676], [16.401246, 43.514709], [16.401208, 43.51472], [16.401204, 43.5147], [16.40115, 43.514699], [16.401149, 43.514719], [16.401131, 43.514741], [16.401138, 43.514756], [16.401198, 43.514758], [16.401218, 43.514737], [16.401255, 43.51472], [16.401318, 43.514773], [16.401279, 43.514796], [16.401291, 43.514824], [16.401028, 43.514809], [16.401028, 43.514833], [16.401304, 43.514844], [16.401325, 43.514898], [16.401276, 43.514904], [16.401301, 43.514924], [16.401332, 43.51496], [16.401391, 43.51501], [16.40147, 43.515021], [16.40156, 43.515036], [16.401564, 43.515076], [16.401588, 43.515116], [16.401484, 43.515118], [16.401467, 43.515157], [16.401577, 43.515172], [16.401712, 43.515212], [16.401709, 43.515253], [16.401643, 43.515289], [16.401732, 43.515338], [16.401843, 43.515378], [16.401874, 43.515427], [16.401971, 43.515432], [16.401989, 43.515445], [16.401899, 43.51545], [16.401922, 43.515477], [16.401964, 43.515499], [16.402123, 43.515504], [16.402082, 43.515532], [16.402029, 43.515567], [16.402113, 43.515558], [16.402131, 43.51559], [16.402106, 43.515621], [16.4022, 43.515638], [16.402226, 43.515696], [16.402289, 43.515701], [16.402334, 43.515743], [16.402452, 43.515768], [16.402476, 43.515795], [16.40257, 43.515796], [16.402594, 43.515831], [16.402703, 43.51582], [16.402777, 43.515768], [16.402877, 43.515668], [16.402928, 43.515668], [16.403154, 43.515748], [16.40326, 43.515753], [16.403289, 43.515773], [16.403378, 43.515761], [16.403424, 43.515764], [16.403477, 43.515788], [16.403517, 43.515832], [16.403686, 43.515822], [16.403865, 43.515839], [16.403907, 43.515831], [16.404217, 43.515836], [16.404619, 43.515809], [16.404719, 43.515779], [16.404688, 43.5157], [16.40475, 43.51558], [16.404709, 43.515547], [16.404734, 43.515498], [16.404715, 43.515447], [16.404737, 43.515366], [16.404719, 43.515334], [16.40482, 43.515178], [16.404982, 43.515106], [16.405276, 43.51506], [16.405518, 43.515011], [16.40551, 43.514953], [16.405656, 43.514957], [16.406063, 43.514854], [16.406098, 43.514815], [16.406129, 43.514793], [16.406192, 43.5148], [16.406253, 43.514784], [16.406218, 43.514745], [16.406316, 43.514739], [16.40637, 43.514721], [16.406402, 43.51468], [16.406367, 43.514657], [16.406365, 43.514635], [16.406446, 43.514625], [16.40656, 43.514561], [16.406616, 43.5145], [16.406585, 43.514472], [16.406609, 43.514447], [16.406678, 43.514493], [16.406714, 43.514375], [16.406743, 43.514293], [16.406806, 43.514277], [16.406862, 43.514305], [16.406896, 43.514342], [16.406903, 43.514414], [16.40692, 43.514486], [16.406927, 43.514538], [16.406975, 43.51459], [16.406958, 43.514646], [16.406975, 43.514732], [16.407025, 43.51478], [16.407107, 43.514829], [16.407184, 43.51488], [16.407238, 43.51492], [16.407352, 43.514964], [16.407528, 43.515008], [16.407618, 43.515048], [16.407695, 43.515029], [16.407823, 43.515038], [16.407963, 43.515024], [16.408074, 43.515041], [16.408221, 43.514988], [16.40832, 43.514997], [16.408341, 43.514971], [16.408389, 43.514947], [16.40851, 43.514918], [16.408544, 43.51495], [16.408599, 43.514953], [16.408721, 43.51495], [16.408794, 43.514931], [16.408786, 43.514842], [16.408884, 43.514895], [16.408959, 43.514899], [16.409035, 43.51487], [16.409087, 43.514914], [16.409147, 43.514889], [16.409228, 43.514879], [16.409295, 43.514859], [16.409389, 43.514863], [16.409364, 43.514824], [16.409389, 43.514788], [16.409451, 43.514765], [16.409565, 43.514739], [16.409557, 43.514717], [16.40944, 43.514725], [16.40941, 43.51468], [16.409485, 43.514697], [16.409581, 43.514663], [16.409574, 43.514698], [16.409585, 43.514703], [16.409623, 43.514694], [16.409672, 43.5147], [16.409657, 43.514738], [16.409706, 43.514781], [16.409751, 43.514785], [16.409796, 43.514765], [16.409861, 43.514771], [16.409925, 43.514808], [16.410018, 43.514782], [16.41008, 43.514808], [16.410184, 43.514775], [16.410307, 43.514779], [16.410335, 43.5148], [16.410445, 43.514808], [16.41056, 43.514804], [16.410625, 43.514828], [16.41073, 43.514848], [16.410885, 43.514874], [16.410995, 43.514897], [16.41102, 43.514923], [16.411178, 43.514902], [16.411224, 43.514927], [16.411295, 43.514918], [16.411351, 43.514895], [16.411451, 43.514912], [16.41176, 43.514886], [16.41187, 43.514875], [16.411811, 43.514863], [16.411939, 43.514848], [16.412077, 43.514844], [16.412253, 43.514868], [16.412367, 43.514857], [16.412302, 43.514827], [16.412243, 43.514799], [16.41225, 43.514773], [16.412284, 43.514757], [16.412322, 43.514749], [16.412382, 43.51472], [16.412405, 43.514712], [16.412446, 43.514727], [16.412623, 43.514729], [16.412686, 43.514736], [16.412738, 43.514753], [16.412776, 43.514744], [16.412797, 43.514723], [16.412861, 43.514723], [16.412914, 43.514741], [16.412968, 43.51473], [16.413018, 43.514707], [16.413059, 43.514713], [16.413117, 43.514727], [16.413132, 43.514694], [16.413165, 43.514708], [16.413206, 43.514686], [16.413214, 43.514725], [16.413273, 43.514725], [16.413304, 43.514686], [16.413334, 43.514686], [16.413353, 43.514705], [16.413397, 43.514658], [16.413408, 43.514705], [16.413459, 43.514708], [16.413601, 43.514699], [16.413601, 43.51472], [16.413865, 43.514721], [16.4141, 43.514937], [16.41406, 43.515022], [16.414158, 43.515198], [16.41421, 43.515208], [16.414465, 43.515387], [16.414593, 43.515488], [16.414572, 43.515582], [16.414544, 43.515662], [16.414572, 43.515838], [16.414633, 43.515954], [16.414652, 43.51599], [16.414782, 43.516001], [16.414793, 43.516034], [16.414683, 43.516061], [16.414686, 43.516129], [16.414986, 43.516268], [16.42004, 43.516443], [16.420223, 43.51645], [16.420286, 43.516442], [16.420333, 43.516427], [16.420393, 43.516411], [16.420435, 43.516395], [16.420487, 43.516371], [16.42052, 43.516348], [16.420559, 43.516312], [16.420569, 43.516275], [16.420568, 43.51624], [16.420552, 43.516209], [16.420509, 43.516179], [16.420464, 43.516158], [16.420382, 43.516142], [16.420314, 43.516185], [16.415469, 43.516006], [16.415289, 43.516113], [16.415242, 43.516078], [16.415374, 43.515993], [16.41532, 43.515947], [16.415274, 43.515073], [16.415582, 43.515054], [16.415593, 43.515054], [16.415601, 43.514957], [16.415902, 43.514948], [16.416217, 43.51494], [16.416532, 43.514931], [16.416853, 43.514922], [16.417174, 43.514913], [16.417592, 43.514902], [16.418002, 43.51489], [16.418001, 43.51487], [16.41816, 43.514865], [16.418386, 43.514857], [16.418813, 43.514851], [16.418821, 43.514952], [16.419341, 43.514942], [16.419883, 43.514931], [16.41988, 43.514761], [16.420441, 43.514777], [16.420452, 43.514656], [16.421892, 43.514901], [16.42219, 43.514952], [16.423125, 43.515559], [16.423392, 43.515733], [16.423599, 43.51587], [16.424367, 43.516035], [16.424623, 43.516038], [16.424612, 43.516091], [16.424926, 43.516168], [16.425555, 43.516322], [16.425596, 43.516211], [16.425656, 43.516223], [16.42568, 43.516148], [16.425884, 43.516224], [16.426022, 43.516312], [16.426051, 43.516371], [16.426019, 43.516425], [16.426025, 43.516468], [16.426067, 43.516487], [16.426091, 43.516542], [16.426057, 43.516553], [16.426056, 43.516596], [16.426109, 43.516596], [16.426119, 43.516622], [16.425954, 43.516862], [16.425905, 43.516884], [16.425894, 43.516934], [16.425843, 43.516949], [16.425735, 43.517056], [16.425645, 43.517157], [16.425629, 43.517192], [16.425522, 43.517303], [16.425496, 43.517384], [16.425494, 43.517444], [16.425459, 43.517516], [16.4254, 43.517659], [16.425376, 43.517733], [16.425438, 43.517793], [16.425507, 43.51779], [16.425546, 43.517766], [16.425553, 43.517699], [16.425563, 43.517651], [16.425577, 43.517625], [16.425587, 43.517562], [16.425588, 43.517514], [16.425601, 43.517464], [16.425649, 43.517381], [16.425691, 43.517331], [16.42574, 43.51727], [16.4258, 43.517197], [16.425836, 43.517087], [16.425868, 43.517096], [16.425957, 43.516962], [16.425964, 43.516949], [16.426015, 43.516884], [16.426036, 43.516872], [16.42613, 43.516757], [16.42614, 43.516743], [16.426213, 43.516637], [16.426281, 43.516617], [16.426672, 43.516951], [16.426793, 43.517083], [16.42682, 43.517136], [16.426952, 43.517398], [16.427121, 43.517736], [16.4268, 43.517905], [16.426486, 43.517938], [16.426393, 43.517672], [16.426365, 43.517672], [16.426602, 43.518509], [16.426628, 43.518522], [16.427097, 43.518501], [16.427109, 43.518485], [16.42697, 43.51788], [16.427145, 43.517763], [16.427404, 43.518018], [16.427498, 43.51811], [16.427546, 43.518089], [16.427616, 43.518153], [16.427649, 43.51815], [16.427667, 43.518172], [16.427686, 43.518193], [16.428002, 43.518512], [16.428109, 43.518623], [16.427926, 43.518734], [16.427737, 43.518568], [16.427719, 43.51858], [16.427906, 43.518749], [16.427675, 43.518885], [16.42746, 43.518653], [16.427446, 43.51866], [16.427656, 43.518891], [16.427636, 43.5189], [16.42764, 43.518916], [16.427654, 43.518925], [16.427712, 43.518926], [16.427795, 43.519216], [16.427418, 43.51926], [16.427326, 43.518936], [16.427302, 43.518938], [16.427394, 43.519263], [16.427031, 43.519302], [16.426831, 43.518961], [16.426793, 43.518965], [16.426776, 43.518995], [16.426816, 43.519033], [16.426851, 43.519094], [16.42687, 43.519135], [16.426896, 43.519188], [16.426914, 43.519207], [16.426914, 43.519225], [16.426931, 43.519244], [16.426918, 43.519255], [16.426934, 43.519268], [16.426965, 43.519294], [16.426958, 43.519315], [16.427011, 43.519349], [16.427561, 43.519284], [16.427596, 43.519301], [16.427639, 43.519307], [16.427715, 43.51932], [16.427741, 43.519359], [16.427753, 43.519303], [16.427815, 43.5193], [16.427833, 43.519407], [16.427889, 43.519402], [16.427892, 43.519435], [16.427907, 43.519432], [16.427927, 43.519543], [16.427847, 43.519548], [16.427906, 43.519753], [16.427987, 43.519758], [16.427994, 43.520047], [16.427571, 43.52009], [16.427619, 43.52032], [16.427365, 43.520335], [16.427368, 43.520392], [16.427856, 43.520362], [16.428069, 43.520345], [16.428224, 43.52076], [16.428145, 43.520776], [16.428154, 43.520805], [16.427782, 43.5208], [16.42772, 43.520811], [16.427677, 43.520831], [16.42757, 43.520952], [16.427529, 43.520968], [16.426928, 43.521019], [16.426789, 43.521098], [16.426733, 43.521161], [16.426724, 43.521231], [16.426473, 43.521254], [16.426001, 43.521296], [16.425533, 43.521338], [16.425381, 43.521351], [16.425369, 43.521295], [16.425325, 43.521301], [16.425344, 43.521355], [16.42521, 43.521369], [16.425191, 43.521261], [16.425114, 43.521266], [16.425121, 43.521326], [16.42444, 43.521392], [16.424412, 43.521395], [16.424362, 43.52143], [16.424142, 43.52146], [16.42399, 43.521502], [16.423591, 43.521744], [16.422922, 43.521849], [16.422783, 43.52189], [16.422527, 43.52192], [16.422422, 43.521883], [16.422348, 43.521809], [16.422276, 43.521807], [16.421951, 43.52187], [16.421582, 43.52194], [16.421239, 43.522019], [16.421116, 43.522066], [16.421003, 43.52213], [16.420916, 43.522258], [16.420896, 43.522446], [16.42085, 43.522528], [16.420959, 43.522633], [16.421106, 43.522717], [16.421633, 43.522856], [16.421735, 43.523038], [16.42166, 43.523808], [16.421874, 43.524126], [16.422995, 43.524467], [16.423737, 43.524604], [16.424106, 43.524585], [16.424211, 43.524693], [16.424231, 43.524823], [16.424021, 43.526427], [16.424143, 43.526434], [16.424354, 43.524832], [16.425857, 43.524774], [16.42855, 43.524625], [16.430293, 43.524545], [16.430266, 43.524318], [16.431002, 43.524293], [16.431191, 43.524578], [16.431406, 43.524661], [16.431585, 43.52522], [16.431167, 43.525303], [16.431029, 43.524958], [16.430946, 43.524984], [16.431223, 43.525698], [16.431464, 43.526294], [16.431652, 43.526734], [16.432115, 43.526628], [16.432534, 43.527168], [16.432796, 43.52747], [16.429984, 43.528027], [16.427847, 43.528448], [16.426745, 43.528402], [16.424616, 43.527634], [16.42336, 43.527081], [16.423365, 43.527042], [16.423286, 43.527012], [16.423223, 43.527085], [16.424584, 43.527683], [16.427129, 43.528609], [16.427388, 43.528621], [16.429987, 43.528105], [16.432825, 43.527549], [16.433424, 43.527914], [16.433959, 43.527944], [16.434105, 43.527967], [16.434222, 43.527941], [16.434414, 43.527851], [16.434503, 43.527776], [16.434626, 43.527778], [16.434721, 43.52781], [16.434829, 43.527843], [16.4349, 43.527873], [16.435049, 43.527947], [16.435203, 43.528075], [16.435637, 43.528234], [16.435869, 43.528227], [16.435998, 43.52826], [16.436099, 43.528277], [16.436133, 43.528306], [16.43619, 43.528573], [16.436301, 43.528638], [16.437044, 43.529001], [16.437126, 43.529104], [16.4372, 43.529265], [16.43733, 43.529482], [16.437323, 43.529523], [16.437389, 43.529579], [16.437429, 43.529651], [16.437522, 43.529753], [16.437633, 43.529843], [16.437818, 43.529928], [16.437985, 43.530011], [16.438139, 43.530055], [16.438252, 43.53007], [16.438357, 43.530054], [16.438537, 43.530066], [16.438837, 43.530138], [16.438961, 43.530186], [16.439017, 43.530233], [16.439076, 43.53026], [16.439164, 43.530273], [16.439254, 43.530308], [16.439375, 43.530305], [16.43961, 43.530263], [16.43968, 43.530232], [16.439882, 43.530232], [16.440047, 43.5302], [16.440313, 43.530213], [16.44055, 43.530149], [16.440759, 43.530128], [16.440965, 43.530134], [16.441243, 43.530108], [16.441362, 43.530056], [16.441454, 43.530061], [16.441508, 43.530031], [16.441472, 43.530009], [16.441501, 43.529896], [16.441636, 43.529871], [16.441671, 43.529835], [16.441769, 43.52982], [16.441785, 43.529794], [16.441894, 43.529817], [16.441972, 43.529814], [16.441988, 43.529788], [16.441963, 43.529768], [16.441847, 43.529769], [16.441674, 43.529774], [16.441485, 43.529799], [16.441437, 43.529806], [16.441433, 43.529735], [16.441323, 43.52946], [16.441254, 43.529275], [16.441147, 43.529131], [16.441109, 43.528982], [16.441107, 43.528849], [16.441057, 43.528799], [16.440953, 43.528745], [16.440897, 43.528685], [16.440872, 43.528582], [16.440912, 43.528484], [16.441024, 43.528353], [16.441387, 43.528255], [16.441427, 43.528325], [16.441459, 43.528318], [16.441404, 43.528218], [16.441311, 43.528075], [16.441325, 43.52807], [16.440978, 43.527406], [16.440594, 43.527513], [16.439956, 43.526297], [16.440104, 43.526255], [16.44, 43.525765], [16.440164, 43.525571], [16.440151, 43.52552], [16.44045, 43.525487], [16.44048, 43.525566], [16.440559, 43.52568], [16.4411, 43.52562], [16.441311, 43.525596], [16.441307, 43.525585], [16.441561, 43.525556], [16.441565, 43.525571], [16.441705, 43.525558], [16.441745, 43.525612], [16.441841, 43.525655], [16.441931, 43.52565], [16.441926, 43.525585], [16.441983, 43.525585], [16.442049, 43.525694], [16.442166, 43.525686], [16.44218, 43.525756], [16.44227, 43.525802], [16.442415, 43.525838], [16.442444, 43.525805], [16.442591, 43.525808], [16.4426, 43.525857], [16.442632, 43.525858], [16.442654, 43.525988], [16.442699, 43.525984], [16.442766, 43.526343], [16.44289, 43.526335], [16.44281, 43.525853], [16.442871, 43.525851], [16.442865, 43.525785], [16.443028, 43.525795], [16.443079, 43.525899], [16.443226, 43.525897], [16.443214, 43.525812], [16.443244, 43.52581], [16.443243, 43.52583], [16.44334, 43.525824], [16.443335, 43.525792], [16.443418, 43.525784], [16.44343, 43.525868], [16.44349, 43.525864], [16.443545, 43.526199], [16.443695, 43.526198], [16.443493, 43.52492], [16.443503, 43.524911], [16.444038, 43.524842], [16.444058, 43.524827], [16.444063, 43.524807], [16.443567, 43.523801], [16.444127, 43.523647], [16.445248, 43.525877], [16.445747, 43.526881], [16.44534, 43.527243], [16.446795, 43.530152], [16.446534, 43.530402], [16.446604, 43.530445], [16.446656, 43.530443], [16.446659, 43.53042], [16.446652, 43.530407], [16.446854, 43.530217], [16.44689, 43.530197], [16.447184, 43.530134], [16.447196, 43.53012], [16.447229, 43.530082], [16.447349, 43.530027], [16.447412, 43.53004], [16.447468, 43.530004], [16.447558, 43.530012], [16.447692, 43.529977], [16.448108, 43.529935], [16.448216, 43.529993], [16.448369, 43.529925], [16.44848, 43.529907], [16.448564, 43.529885], [16.44855, 43.529861], [16.448724, 43.529653], [16.448767, 43.529639], [16.448881, 43.529421], [16.449023, 43.529058], [16.449211, 43.52865], [16.449281, 43.52862], [16.44934, 43.528586], [16.449387, 43.528548], [16.4494, 43.528529], [16.449396, 43.528506], [16.449359, 43.528479], [16.449312, 43.528474], [16.449217, 43.528531], [16.449146, 43.52854], [16.449079, 43.528517], [16.449019, 43.528479], [16.449008, 43.528461], [16.44903, 43.528452], [16.449011, 43.528423], [16.448991, 43.528431], [16.448949, 43.528377], [16.44892, 43.528318], [16.44894, 43.528311], [16.44892, 43.528278], [16.4489, 43.528283], [16.448825, 43.52817], [16.448845, 43.528163], [16.448823, 43.528128], [16.448806, 43.528133], [16.448753, 43.528064], [16.44875, 43.528044], [16.448736, 43.528039], [16.448727, 43.528021], [16.448746, 43.52801], [16.448722, 43.527974], [16.449084, 43.527668], [16.449948, 43.527872], [16.450568, 43.528381], [16.450704, 43.528515], [16.450678, 43.528566], [16.450629, 43.52855], [16.450611, 43.528582], [16.450662, 43.528598], [16.450617, 43.528681], [16.450562, 43.528663], [16.450544, 43.528695], [16.450601, 43.528714], [16.450549, 43.528793], [16.450495, 43.528778], [16.450477, 43.528809], [16.450534, 43.528827], [16.450472, 43.528888], [16.450452, 43.52895], [16.450464, 43.529023], [16.450487, 43.529081], [16.450547, 43.529117], [16.450621, 43.529129], [16.450712, 43.529114], [16.450778, 43.529088], [16.450812, 43.529064], [16.450854, 43.529015], [16.450896, 43.528954], [16.451028, 43.528954], [16.451086, 43.528996], [16.451314, 43.529018], [16.451308, 43.529054], [16.451419, 43.529066], [16.451428, 43.529027], [16.451928, 43.52907], [16.452081, 43.528937], [16.453077, 43.528743], [16.453131, 43.528869], [16.453296, 43.528837], [16.453263, 43.528753], [16.453414, 43.528732], [16.453682, 43.52887], [16.453735, 43.528876], [16.453751, 43.528932], [16.453811, 43.528927], [16.453806, 43.528866], [16.454092, 43.528808], [16.454572, 43.528734], [16.45489, 43.52864], [16.455064, 43.528538], [16.455151, 43.528429], [16.455243, 43.528335], [16.455285, 43.528228], [16.455354, 43.528117], [16.455474, 43.528018], [16.4558, 43.527924], [16.456136, 43.527846], [16.456632, 43.527862], [16.457014, 43.527834], [16.457196, 43.527823], [16.457359, 43.527866], [16.457448, 43.527831], [16.457714, 43.527823], [16.457868, 43.527903], [16.458179, 43.527902], [16.458407, 43.527923], [16.458896, 43.528103], [16.458973, 43.528196], [16.45912, 43.528251], [16.459646, 43.528186], [16.460241, 43.527945], [16.460344, 43.527831], [16.460366, 43.527681], [16.460316, 43.527594], [16.460635, 43.527463], [16.460909, 43.527181], [16.461682, 43.527472], [16.462702, 43.527617], [16.462994, 43.527883], [16.462982, 43.527917], [16.464475, 43.528461], [16.466464, 43.528233], [16.470029, 43.527796], [16.473103, 43.527426], [16.473166, 43.527186], [16.474476, 43.527127], [16.474943, 43.527172], [16.475497, 43.527302], [16.476047, 43.527551], [16.478133, 43.528142], [16.483408, 43.529446], [16.484014, 43.529263], [16.484067, 43.529246], [16.484644, 43.529082], [16.489327, 43.529269], [16.489789, 43.529289], [16.490327, 43.528723], [16.490477, 43.528626], [16.49061, 43.528595], [16.490626, 43.529281], [16.493545, 43.529331], [16.49419, 43.529325], [16.495442, 43.529117], [16.496407, 43.528989], [16.497091, 43.528915], [16.497558, 43.528895], [16.498884, 43.528894], [16.49946, 43.528831], [16.502547, 43.528146], [16.503275, 43.528259], [16.503441, 43.528183], [16.503496, 43.528155], [16.503564, 43.528159], [16.50378, 43.528194], [16.504206, 43.528177], [16.504296, 43.52803], [16.504377, 43.527923], [16.504526, 43.527844], [16.504741, 43.527745], [16.505187, 43.527644], [16.505644, 43.52754], [16.50628, 43.527251], [16.507194, 43.526805], [16.507582, 43.526533], [16.507656, 43.526404], [16.507628, 43.52623], [16.50754, 43.526082], [16.508876, 43.525303], [16.509264, 43.525042], [16.509687, 43.524592], [16.510073, 43.524192], [16.509316, 43.524336], [16.508973, 43.524372], [16.508475, 43.524419], [16.508317, 43.524431], [16.508154, 43.524398], [16.508044, 43.524306], [16.50776, 43.524206], [16.507561, 43.524077], [16.507264, 43.523999], [16.507272, 43.523876], [16.5072, 43.52374], [16.506955, 43.523574], [16.506635, 43.523315], [16.506382, 43.523079], [16.506041, 43.522898], [16.505819, 43.522769], [16.505747, 43.522414], [16.505753, 43.522231], [16.505965, 43.521645], [16.506191, 43.521212], [16.506305, 43.52085], [16.506504, 43.520778], [16.506883, 43.520626], [16.506937, 43.520387], [16.506876, 43.520083], [16.506806, 43.519885], [16.50666, 43.519576], [16.506603, 43.519365], [16.506603, 43.519303], [16.506733, 43.518924], [16.506851, 43.518653], [16.506969, 43.518487], [16.507163, 43.518089], [16.507186, 43.51789], [16.507256, 43.517455], [16.5073, 43.517363], [16.507352, 43.517254], [16.507486, 43.51693], [16.507584, 43.516796], [16.507696, 43.516694], [16.508308, 43.51641], [16.508864, 43.515963], [16.508937, 43.51582], [16.5089, 43.515771], [16.508737, 43.515777], [16.508434, 43.515785], [16.508185, 43.515762], [16.507889, 43.514628], [16.508157, 43.514621], [16.508271, 43.514568], [16.507778, 43.514077], [16.507414, 43.513749], [16.50695, 43.513353], [16.506508, 43.513211], [16.506592, 43.513025], [16.506729, 43.512888], [16.507057, 43.512345], [16.507297, 43.512113], [16.507303, 43.51195], [16.508006, 43.511792], [16.509409, 43.51166], [16.516518, 43.510194], [16.519929, 43.508549], [16.520136, 43.508649], [16.520392, 43.508694], [16.520792, 43.508705], [16.521096, 43.508687], [16.521302, 43.508644], [16.521613, 43.508566], [16.521604, 43.509006], [16.522416, 43.509259], [16.522718, 43.509721], [16.523097, 43.509617], [16.523201, 43.509799], [16.523483, 43.509624], [16.523999, 43.510633], [16.524861, 43.510371], [16.524996, 43.513052], [16.525888, 43.512636], [16.526239, 43.512534], [16.526583, 43.512354], [16.52679, 43.512171], [16.526953, 43.512187], [16.527116, 43.512171], [16.527285, 43.512074], [16.527435, 43.512011], [16.527664, 43.511956], [16.527798, 43.511937], [16.528162, 43.512058], [16.528797, 43.512085], [16.529087, 43.512099], [16.529336, 43.512065], [16.529948, 43.51181], [16.530356, 43.511603], [16.529777, 43.510447], [16.52894, 43.50883], [16.528521, 43.507958], [16.528034, 43.50721], [16.527367, 43.506296], [16.526847, 43.506451], [16.526232, 43.506591], [16.52572, 43.506663], [16.525234, 43.50669], [16.524688, 43.506688], [16.524294, 43.506666], [16.52388, 43.506619], [16.523334, 43.506547], [16.520796, 43.506203], [16.519038, 43.505949], [16.515489, 43.505471], [16.513036, 43.505055], [16.512526, 43.505041], [16.512098, 43.505078], [16.51146, 43.505196], [16.510054, 43.505508], [16.508572, 43.505861], [16.508602, 43.505602], [16.508825, 43.505454], [16.508806, 43.50525], [16.508695, 43.50488], [16.508509, 43.504461], [16.50886, 43.504339], [16.508937, 43.504149], [16.508761, 43.504026], [16.508873, 43.50367], [16.508656, 43.503434], [16.50783, 43.503862], [16.507661, 43.503931], [16.506972, 43.50408], [16.506474, 43.503975], [16.5062, 43.503494], [16.505779, 43.50235], [16.506015, 43.50205], [16.505517, 43.501384], [16.505076, 43.501423], [16.504604, 43.501454], [16.504277, 43.501448], [16.504011, 43.501479], [16.503668, 43.501517], [16.50323, 43.501529], [16.502853, 43.501529], [16.502561, 43.501504], [16.502235, 43.50151], [16.501694, 43.501591], [16.501351, 43.501647], [16.501119, 43.501703], [16.50087, 43.501703], [16.500501, 43.501703], [16.500192, 43.501716], [16.499814, 43.50179], [16.499557, 43.501865], [16.499333, 43.501921], [16.498991, 43.502099], [16.498699, 43.502138], [16.498507, 43.502149], [16.498346, 43.502196], [16.49806, 43.502234], [16.497679, 43.502271], [16.497449, 43.502287], [16.497106, 43.502287], [16.496729, 43.50228], [16.496295, 43.502271], [16.496037, 43.502202], [16.496073, 43.502082], [16.4959, 43.502038], [16.495853, 43.502176], [16.495552, 43.50217], [16.495262, 43.502091], [16.49535, 43.501885], [16.49516, 43.501849], [16.495082, 43.502058], [16.494967, 43.502035], [16.494487, 43.501942], [16.494588, 43.501692], [16.493608, 43.501372], [16.493454, 43.501341], [16.493337, 43.501393], [16.493327, 43.501479], [16.49308, 43.50149], [16.492819, 43.50142], [16.492788, 43.50139], [16.4928, 43.501312], [16.492587, 43.501344], [16.492568, 43.501414], [16.492473, 43.501438], [16.492291, 43.501427], [16.492154, 43.501397], [16.492134, 43.501332], [16.491839, 43.501325], [16.49172, 43.5013], [16.491394, 43.501185], [16.490982, 43.501079], [16.490501, 43.500955], [16.490004, 43.500812], [16.489386, 43.500656], [16.488991, 43.5006], [16.488716, 43.5006], [16.488373, 43.500625], [16.488021, 43.50065], [16.487557, 43.500687], [16.487042, 43.500718], [16.486648, 43.500724], [16.486193, 43.500755], [16.485746, 43.500787], [16.48536, 43.500818], [16.485025, 43.500849], [16.484751, 43.500836], [16.484527, 43.500787], [16.484219, 43.500743], [16.483858, 43.500662], [16.483557, 43.500609], [16.483243, 43.500563], [16.483011, 43.500572], [16.482888, 43.500631], [16.482794, 43.500718], [16.482648, 43.500874], [16.482519, 43.501023], [16.48239, 43.501148], [16.482262, 43.501285], [16.482176, 43.501378], [16.482013, 43.501526], [16.481941, 43.501594], [16.481882, 43.501615], [16.481822, 43.501607], [16.481734, 43.501603], [16.481695, 43.501497], [16.48166, 43.501482], [16.481627, 43.501482], [16.481589, 43.501485], [16.481585, 43.501516], [16.481649, 43.501626], [16.481576, 43.501651], [16.481609, 43.501677], [16.481592, 43.501686], [16.481541, 43.501667], [16.481499, 43.501688], [16.48142, 43.501705], [16.481335, 43.50171], [16.481259, 43.501691], [16.48122, 43.50174], [16.481195, 43.501734], [16.481208, 43.501687], [16.481158, 43.501691], [16.481148, 43.501665], [16.481168, 43.501656], [16.481158, 43.501634], [16.481092, 43.501588], [16.48102, 43.501598], [16.481032, 43.50166], [16.48098, 43.501675], [16.480995, 43.501699], [16.481037, 43.501693], [16.48106, 43.501734], [16.481022, 43.501755], [16.480836, 43.501777], [16.48067, 43.501776], [16.480426, 43.501719], [16.480149, 43.501619], [16.480134, 43.501555], [16.480119, 43.501534], [16.480092, 43.501481], [16.480071, 43.501451], [16.480037, 43.501422], [16.479993, 43.501423], [16.479941, 43.501335], [16.479857, 43.501354], [16.479902, 43.501449], [16.479848, 43.501464], [16.479858, 43.501502], [16.479829, 43.501508], [16.479829, 43.501526], [16.47986, 43.50154], [16.479862, 43.501587], [16.479862, 43.501613], [16.479821, 43.501615], [16.479766, 43.501622], [16.479772, 43.50165], [16.479757, 43.501664], [16.479788, 43.501683], [16.479882, 43.501666], [16.479924, 43.501673], [16.479941, 43.501693], [16.479987, 43.501751], [16.479962, 43.501799], [16.479935, 43.501856], [16.479896, 43.501914], [16.479784, 43.502014], [16.479762, 43.50203], [16.47963, 43.502118], [16.479311, 43.50223], [16.478925, 43.502291], [16.478671, 43.502261], [16.47863, 43.502235], [16.478607, 43.5022], [16.478603, 43.502166], [16.478607, 43.502131], [16.478579, 43.50212], [16.478538, 43.502125], [16.478527, 43.502159], [16.47856, 43.50231], [16.4785, 43.50234], [16.478385, 43.502358], [16.478104, 43.502341], [16.477825, 43.502274], [16.477673, 43.502183], [16.477525, 43.502096], [16.477521, 43.502029], [16.477488, 43.502009], [16.477474, 43.501967], [16.477457, 43.501914], [16.477501, 43.501873], [16.477545, 43.501814], [16.477563, 43.501758], [16.477556, 43.50169], [16.477544, 43.501653], [16.477513, 43.501633], [16.477464, 43.501613], [16.477408, 43.501613], [16.477242, 43.501619], [16.477085, 43.501639], [16.47687, 43.501653], [16.476648, 43.501658], [16.476533, 43.501653], [16.476516, 43.50168], [16.476501, 43.501733], [16.476393, 43.501736], [16.476101, 43.501672], [16.47599, 43.501636], [16.475982, 43.501615], [16.475968, 43.501587], [16.475939, 43.501583], [16.475918, 43.501597], [16.475909, 43.501631], [16.475858, 43.501634], [16.475651, 43.501541], [16.475513, 43.501448], [16.475523, 43.501429], [16.475541, 43.501411], [16.475552, 43.501388], [16.475545, 43.501369], [16.475522, 43.501357], [16.475493, 43.501366], [16.475474, 43.501393], [16.475439, 43.501401], [16.475353, 43.501368], [16.475238, 43.501287], [16.475261, 43.501236], [16.475179, 43.501153], [16.475096, 43.501066], [16.475038, 43.501038], [16.474993, 43.501029], [16.474934, 43.501028], [16.474892, 43.500968], [16.474852, 43.500976], [16.474818, 43.500986], [16.474836, 43.501035], [16.47485, 43.501071], [16.474757, 43.501094], [16.474689, 43.501103], [16.474615, 43.50111], [16.47451, 43.501104], [16.474288, 43.50103], [16.474159, 43.500942], [16.474013, 43.500849], [16.473873, 43.500745], [16.473785, 43.500621], [16.473822, 43.500613], [16.473858, 43.5006], [16.473906, 43.500565], [16.473919, 43.500537], [16.473905, 43.500515], [16.473873, 43.500515], [16.473808, 43.50054], [16.473755, 43.500536], [16.473738, 43.500396], [16.473795, 43.500331], [16.473722, 43.500296], [16.473676, 43.500348], [16.473629, 43.500348], [16.473617, 43.500322], [16.473576, 43.500269], [16.473519, 43.500218], [16.473465, 43.500181], [16.473402, 43.500156], [16.473343, 43.500154], [16.473257, 43.50016], [16.473121, 43.500182], [16.473038, 43.500212], [16.472963, 43.500246], [16.472887, 43.500294], [16.472822, 43.500343], [16.472787, 43.500382], [16.472773, 43.500428], [16.472763, 43.500496], [16.472768, 43.500542], [16.472786, 43.500578], [16.472826, 43.500662], [16.472824, 43.500684], [16.472811, 43.500707], [16.47275, 43.500726], [16.472762, 43.500761], [16.472771, 43.500777], [16.472866, 43.50077], [16.472904, 43.500754], [16.472959, 43.500752], [16.472997, 43.500837], [16.473016, 43.500942], [16.472911, 43.501118], [16.472755, 43.501248], [16.472614, 43.501336], [16.472491, 43.501386], [16.47231, 43.501434], [16.472121, 43.501455], [16.471917, 43.501481], [16.471739, 43.501472], [16.471612, 43.501448], [16.471584, 43.501445], [16.471583, 43.501419], [16.471552, 43.50142], [16.471545, 43.501393], [16.471529, 43.501356], [16.471493, 43.501327], [16.471456, 43.501322], [16.471424, 43.501327], [16.471397, 43.501337], [16.471361, 43.50136], [16.471362, 43.501381], [16.471375, 43.501424], [16.471385, 43.501447], [16.471411, 43.501464], [16.471397, 43.501469], [16.471396, 43.501491], [16.471366, 43.501531], [16.47128, 43.501575], [16.471156, 43.501631], [16.470982, 43.501668], [16.470824, 43.501691], [16.470668, 43.50168], [16.470538, 43.501637], [16.470486, 43.501515], [16.470451, 43.501428], [16.470353, 43.501345], [16.470214, 43.50132], [16.470225, 43.501287], [16.47016, 43.501283], [16.470149, 43.501311], [16.470074, 43.501304], [16.469899, 43.50132], [16.469735, 43.501394], [16.469655, 43.501456], [16.469608, 43.501522], [16.469474, 43.501532], [16.469275, 43.50147], [16.46905, 43.501341], [16.468938, 43.501272], [16.468831, 43.501195], [16.468847, 43.501117], [16.468808, 43.501096], [16.468766, 43.501103], [16.468724, 43.501203], [16.468657, 43.50126], [16.468374, 43.501142], [16.468142, 43.501098], [16.467954, 43.50103], [16.467782, 43.500955], [16.467607, 43.500881], [16.467558, 43.500841], [16.467551, 43.500712], [16.467599, 43.500709], [16.467592, 43.500605], [16.467542, 43.500608], [16.467541, 43.500506], [16.467517, 43.500509], [16.467473, 43.500513], [16.467468, 43.500612], [16.467389, 43.500616], [16.467395, 43.500709], [16.467462, 43.50071], [16.467451, 43.500804], [16.467416, 43.500893], [16.46721, 43.500881], [16.467027, 43.500961], [16.466967, 43.501023], [16.466924, 43.501092], [16.466853, 43.501081], [16.466751, 43.501032], [16.466225, 43.500812], [16.466148, 43.500814], [16.466079, 43.500832], [16.466055, 43.500871], [16.46604, 43.500915], [16.466069, 43.500975], [16.466126, 43.501022], [16.466324, 43.501087], [16.466595, 43.501244], [16.46672, 43.501319], [16.466807, 43.501389], [16.466755, 43.501478], [16.466704, 43.501544], [16.466661, 43.501603], [16.466613, 43.501658], [16.466552, 43.501719], [16.466473, 43.501784], [16.466397, 43.501837], [16.466301, 43.501889], [16.466203, 43.501934], [16.466094, 43.501972], [16.466011, 43.501925], [16.465976, 43.501921], [16.465949, 43.501942], [16.465914, 43.50195], [16.465876, 43.501958], [16.465838, 43.501974], [16.465837, 43.501994], [16.465862, 43.502015], [16.465761, 43.50204], [16.465647, 43.502068], [16.465452, 43.502086], [16.465246, 43.502086], [16.465108, 43.502071], [16.464959, 43.502044], [16.464776, 43.502001], [16.464641, 43.501959], [16.464512, 43.50191], [16.464384, 43.501855], [16.464286, 43.501801], [16.464243, 43.50175], [16.464196, 43.501677], [16.464207, 43.501663], [16.464244, 43.50163], [16.464253, 43.501612], [16.464248, 43.501587], [16.464222, 43.501562], [16.464192, 43.501554], [16.464157, 43.501566], [16.464111, 43.501594], [16.464102, 43.501565], [16.463896, 43.501459], [16.463732, 43.501375], [16.463642, 43.501337], [16.463625, 43.501265], [16.463438, 43.50091], [16.463295, 43.500625], [16.463223, 43.500456], [16.46318, 43.500351], [16.463136, 43.500282], [16.463095, 43.50024], [16.463042, 43.500206], [16.462948, 43.500154], [16.462926, 43.500099], [16.462824, 43.499933], [16.462749, 43.499761], [16.462694, 43.499637], [16.462635, 43.499536], [16.462577, 43.499503], [16.462498, 43.499451], [16.462421, 43.499429], [16.461938, 43.499394], [16.461345, 43.499294], [16.460461, 43.499176], [16.459346, 43.498983], [16.458135, 43.498765], [16.458032, 43.49874], [16.457904, 43.49861], [16.457801, 43.498585], [16.457706, 43.498641], [16.457726, 43.498718], [16.457869, 43.49884], [16.458075, 43.498996], [16.458213, 43.499133], [16.45829, 43.49927], [16.45829, 43.499394], [16.458135, 43.499637], [16.458127, 43.499693], [16.458221, 43.499736], [16.458316, 43.499705], [16.458419, 43.499637], [16.458719, 43.499463], [16.458916, 43.499326], [16.459114, 43.499307], [16.459438, 43.499268], [16.459635, 43.499277], [16.460341, 43.499369], [16.462384, 43.499699], [16.462539, 43.500017], [16.462696, 43.500558], [16.462873, 43.50048], [16.462899, 43.500521], [16.462642, 43.500645], [16.462744, 43.500888], [16.462436, 43.50105], [16.461047, 43.500658], [16.461085, 43.500475], [16.461122, 43.5002], [16.461123, 43.500191], [16.460694, 43.500153], [16.460263, 43.50011], [16.460262, 43.500119], [16.460214, 43.500411], [16.460156, 43.500711], [16.458867, 43.500593], [16.458875, 43.500546], [16.458552, 43.500514], [16.458314, 43.500499], [16.458251, 43.500445], [16.458243, 43.500442], [16.458139, 43.50041], [16.457942, 43.500372], [16.457778, 43.500333], [16.457759, 43.500326], [16.457753, 43.500303], [16.457717, 43.50031], [16.457646, 43.500312], [16.457588, 43.500307], [16.457583, 43.500332], [16.45758, 43.500346], [16.457745, 43.500386], [16.457853, 43.500419], [16.457946, 43.500458], [16.458031, 43.500512], [16.458086, 43.500586], [16.458106, 43.500649], [16.458115, 43.500704], [16.458084, 43.500814], [16.458037, 43.500879], [16.458, 43.500906], [16.457955, 43.500926], [16.457885, 43.500948], [16.457764, 43.500953], [16.457735, 43.500948], [16.45771, 43.500936], [16.4577, 43.500906], [16.457473, 43.500917], [16.457472, 43.500929], [16.457471, 43.500958], [16.457465, 43.500991], [16.457452, 43.501018], [16.457429, 43.50104], [16.45738, 43.501063], [16.457317, 43.50108], [16.45725, 43.501087], [16.457212, 43.501078], [16.457181, 43.501068], [16.457156, 43.501048], [16.457144, 43.501027], [16.457134, 43.500982], [16.457126, 43.500927], [16.457117, 43.500863], [16.45706, 43.500843], [16.456983, 43.500835], [16.456933, 43.50078], [16.456878, 43.500752], [16.456943, 43.500702], [16.456925, 43.500689], [16.456855, 43.500737], [16.456709, 43.500628], [16.456848, 43.500212], [16.456414, 43.499833], [16.456917, 43.499506], [16.45724, 43.499358], [16.457294, 43.499413], [16.457307, 43.499412], [16.457312, 43.499397], [16.457339, 43.499392], [16.457378, 43.499365], [16.457414, 43.499322], [16.457415, 43.499253], [16.457382, 43.49922], [16.457338, 43.499201], [16.457222, 43.499193], [16.457072, 43.499198], [16.456917, 43.499214], [16.456616, 43.499332], [16.456316, 43.499494], [16.456161, 43.499631], [16.455976, 43.499661], [16.455904, 43.499682], [16.455866, 43.49968], [16.455838, 43.49967], [16.455792, 43.499673], [16.455752, 43.499657], [16.455623, 43.499648], [16.455509, 43.499659], [16.455384, 43.499664], [16.4553, 43.499677], [16.455227, 43.499677], [16.455157, 43.499666], [16.45515, 43.49969], [16.455176, 43.499705], [16.455231, 43.49972], [16.455281, 43.49972], [16.455273, 43.499745], [16.45525, 43.499769], [16.455208, 43.499813], [16.455134, 43.499854], [16.455069, 43.499881], [16.455008, 43.499925], [16.454917, 43.499984], [16.454824, 43.50001], [16.454783, 43.500006], [16.454783, 43.499947], [16.454759, 43.499936], [16.454731, 43.49995], [16.454739, 43.500036], [16.454752, 43.50007], [16.454599, 43.500203], [16.454504, 43.500327], [16.454135, 43.500295], [16.454131, 43.500327], [16.454531, 43.500365], [16.454539, 43.500403], [16.454505, 43.500527], [16.454462, 43.500621], [16.454385, 43.50072], [16.454213, 43.500801], [16.454016, 43.500845], [16.453792, 43.50087], [16.453552, 43.500863], [16.453294, 43.50082], [16.452968, 43.500708], [16.452728, 43.500633], [16.452582, 43.500533], [16.45241, 43.50044], [16.452325, 43.500357], [16.452294, 43.500283], [16.45232, 43.500211], [16.452383, 43.500189], [16.452434, 43.500188], [16.452479, 43.500176], [16.452475, 43.500164], [16.452416, 43.500147], [16.452289, 43.50002], [16.45208, 43.499909], [16.451949, 43.499849], [16.451817, 43.49981], [16.451821, 43.499796], [16.451892, 43.499794], [16.451964, 43.499774], [16.451956, 43.499745], [16.4518, 43.499772], [16.451613, 43.49985], [16.451438, 43.499883], [16.451364, 43.499923], [16.45137, 43.499933], [16.451378, 43.499946], [16.451578, 43.499936], [16.451612, 43.500017], [16.451586, 43.500153], [16.451511, 43.500253], [16.451323, 43.500383], [16.451185, 43.500445], [16.451041, 43.500464], [16.450948, 43.500355], [16.450892, 43.500374], [16.450942, 43.500457], [16.450862, 43.500489], [16.450737, 43.500535], [16.450606, 43.500559], [16.450399, 43.500547], [16.450253, 43.500511], [16.450158, 43.500482], [16.450068, 43.500459], [16.450062, 43.500357], [16.450025, 43.500357], [16.450029, 43.50043], [16.449947, 43.500485], [16.449924, 43.500666], [16.449777, 43.500683], [16.449492, 43.500714], [16.449481, 43.500729], [16.449499, 43.500757], [16.4495, 43.500775], [16.449486, 43.500806], [16.449432, 43.500932], [16.449351, 43.501066], [16.449242, 43.501209], [16.448999, 43.501453], [16.44879, 43.501607], [16.44854, 43.501749], [16.448417, 43.50181], [16.448386, 43.501847], [16.44838, 43.50189], [16.448405, 43.501936], [16.448454, 43.501985], [16.448387, 43.502023], [16.448274, 43.50215], [16.448188, 43.502226], [16.4481, 43.502286], [16.448033, 43.502323], [16.447849, 43.502416], [16.447844, 43.50243], [16.447783, 43.50245], [16.447782, 43.502433], [16.447755, 43.502436], [16.447708, 43.502434], [16.447643, 43.502413], [16.447569, 43.50239], [16.447483, 43.502353], [16.447365, 43.502308], [16.447169, 43.502252], [16.446989, 43.502217], [16.446786, 43.50219], [16.446621, 43.502172], [16.446533, 43.502168], [16.446482, 43.502173], [16.446455, 43.502198], [16.44635, 43.50215], [16.446275, 43.502108], [16.446169, 43.502042], [16.445974, 43.50189], [16.445803, 43.50175], [16.445764, 43.50172], [16.445725, 43.501682], [16.445656, 43.501615], [16.445587, 43.501545], [16.445538, 43.501474], [16.445424, 43.50132], [16.445412, 43.501302], [16.445414, 43.501281], [16.445445, 43.501165], [16.445452, 43.501143], [16.44546, 43.501128], [16.445894, 43.500494], [16.446065, 43.500444], [16.446099, 43.500399], [16.446124, 43.500394], [16.446221, 43.500385], [16.446259, 43.500387], [16.446337, 43.500385], [16.446431, 43.500364], [16.446504, 43.500346], [16.446548, 43.500338], [16.446506, 43.500336], [16.446426, 43.500356], [16.446276, 43.500371], [16.446226, 43.500369], [16.446194, 43.500362], [16.446192, 43.500357], [16.446138, 43.500354], [16.446132, 43.500363], [16.446053, 43.500359], [16.445977, 43.500362], [16.44592, 43.500355], [16.445918, 43.500342], [16.445849, 43.500325], [16.445816, 43.500333], [16.445779, 43.500335], [16.445757, 43.500348], [16.44568, 43.50035], [16.445615, 43.500357], [16.445551, 43.500338], [16.445547, 43.500329], [16.445508, 43.500323], [16.445367, 43.500326], [16.445292, 43.50032], [16.445195, 43.500326], [16.444912, 43.500319], [16.444711, 43.500352], [16.444531, 43.50041], [16.444484, 43.500404], [16.444409, 43.500389], [16.444372, 43.500452], [16.444305, 43.500473], [16.444281, 43.500468], [16.444203, 43.500487], [16.444109, 43.500524], [16.443921, 43.500567], [16.443886, 43.500595], [16.443805, 43.500608], [16.443648, 43.500637], [16.443596, 43.500628], [16.443547, 43.500652], [16.443529, 43.500698], [16.443382, 43.500726], [16.443203, 43.500712], [16.443034, 43.500729], [16.442863, 43.500728], [16.44285, 43.500711], [16.442776, 43.500712], [16.442743, 43.500755], [16.442432, 43.500743], [16.442401, 43.500746], [16.442358, 43.50075], [16.442225, 43.500775], [16.442136, 43.500796], [16.442128, 43.50076], [16.442065, 43.500742], [16.441976, 43.500738], [16.44023, 43.500829], [16.440252, 43.500795], [16.440406, 43.50074], [16.441502, 43.500546], [16.441611, 43.500593], [16.441707, 43.500587], [16.441738, 43.500531], [16.441802, 43.500493], [16.443271, 43.500234], [16.443222, 43.500092], [16.441754, 43.500352], [16.440273, 43.500614], [16.440193, 43.50035], [16.439895, 43.500369], [16.439918, 43.500641], [16.438149, 43.500728], [16.436641, 43.500803], [16.436652, 43.500937], [16.436923, 43.500926], [16.436995, 43.500967], [16.435997, 43.501006], [16.436021, 43.501266], [16.436269, 43.501253], [16.437908, 43.501182], [16.437915, 43.501278], [16.437923, 43.501367], [16.439637, 43.501281], [16.43966, 43.501414], [16.439686, 43.501563], [16.441427, 43.501466], [16.441434, 43.501604], [16.44144, 43.501731], [16.441546, 43.501727], [16.441584, 43.501845], [16.441684, 43.502155], [16.441716, 43.502255], [16.441771, 43.502416], [16.441685, 43.502411], [16.441671, 43.502588], [16.441674, 43.502687], [16.439657, 43.502623], [16.439652, 43.502733], [16.439646, 43.502843], [16.437785, 43.502814], [16.437781, 43.502963], [16.439543, 43.50299], [16.439538, 43.50311], [16.439535, 43.503184], [16.441191, 43.503215], [16.441192, 43.503328], [16.44119, 43.503412], [16.442379, 43.503429], [16.442377, 43.50352], [16.442375, 43.503626], [16.442516, 43.50365], [16.442352, 43.504207], [16.442189, 43.504761], [16.442004, 43.504705], [16.441819, 43.504649], [16.441771, 43.504752], [16.441738, 43.504828], [16.440043, 43.504348], [16.44004, 43.50444], [16.440037, 43.504524], [16.438361, 43.504501], [16.438355, 43.504643], [16.439317, 43.50466], [16.440247, 43.504677], [16.441598, 43.505051], [16.441559, 43.505132], [16.441518, 43.505218], [16.441685, 43.505265], [16.441853, 43.505313], [16.441702, 43.505609], [16.441569, 43.505869], [16.441286, 43.506425], [16.44112, 43.506437], [16.4409, 43.506453], [16.440514, 43.506482], [16.440334, 43.506477], [16.439782, 43.506463], [16.439642, 43.506459], [16.439383, 43.506453], [16.438236, 43.506424], [16.438227, 43.506549], [16.438216, 43.506742], [16.43834, 43.506743], [16.438469, 43.506745], [16.438473, 43.506657], [16.438817, 43.506667], [16.439166, 43.506677], [16.4392, 43.506696], [16.439205, 43.506698], [16.439315, 43.506905], [16.439425, 43.507111], [16.439423, 43.50712], [16.439415, 43.507129], [16.438657, 43.507361], [16.437895, 43.507593], [16.43788, 43.507563], [16.437852, 43.507556], [16.437829, 43.507563], [16.437816, 43.50758], [16.437847, 43.507641], [16.437864, 43.507675], [16.437873, 43.507704], [16.437863, 43.507721], [16.437832, 43.507737], [16.436891, 43.507971], [16.436631, 43.508002], [16.436419, 43.507985], [16.436181, 43.507943], [16.435644, 43.50786], [16.434478, 43.50768], [16.434489, 43.507435], [16.43449, 43.50742], [16.435242, 43.507435], [16.435685, 43.507379], [16.435735, 43.507387], [16.435765, 43.507371], [16.43577, 43.507331], [16.435714, 43.507296], [16.43564, 43.50726], [16.435647, 43.50725], [16.435479, 43.507205], [16.435476, 43.507216], [16.435277, 43.507201], [16.435114, 43.507231], [16.434958, 43.507296], [16.434888, 43.507339], [16.434841, 43.507319], [16.434779, 43.507293], [16.434615, 43.50727], [16.434619, 43.507112], [16.434441, 43.5071], [16.434437, 43.507115], [16.434389, 43.507123], [16.434381, 43.507181], [16.43438, 43.507193], [16.434353, 43.507192], [16.434323, 43.507192], [16.434324, 43.507183], [16.434329, 43.50713], [16.434187, 43.507119], [16.434193, 43.507088], [16.433554, 43.507018], [16.433514, 43.507003], [16.43349, 43.506972], [16.433298, 43.50653], [16.433091, 43.506331], [16.431778, 43.505668], [16.431617, 43.505554], [16.431709, 43.50548], [16.431393, 43.505267], [16.431284, 43.505351], [16.43084, 43.505057], [16.430494, 43.504814], [16.43025, 43.504602], [16.429923, 43.50428], [16.428894, 43.503258], [16.428571, 43.502939], [16.428725, 43.502859], [16.428711, 43.502846], [16.428696, 43.502833], [16.428539, 43.502913], [16.428409, 43.502911], [16.428078, 43.50268], [16.428124, 43.50258], [16.428127, 43.50248], [16.428108, 43.502271], [16.428066, 43.502272], [16.428085, 43.502471], [16.427519, 43.502517], [16.427474, 43.502172], [16.427469, 43.502125], [16.42746, 43.50209], [16.427446, 43.501989], [16.427423, 43.50185], [16.427419, 43.501828], [16.427401, 43.501714], [16.42792, 43.501662], [16.427942, 43.501659], [16.427952, 43.501758], [16.427985, 43.501758], [16.427978, 43.501659], [16.428048, 43.501649], [16.42809, 43.501661], [16.428158, 43.501734], [16.428169, 43.501729], [16.428255, 43.501692], [16.428265, 43.501688], [16.428189, 43.501618], [16.428231, 43.501568], [16.428175, 43.50148], [16.428317, 43.501348], [16.428448, 43.501314], [16.428464, 43.50131], [16.428403, 43.501142], [16.42847, 43.501062], [16.428905, 43.500994], [16.429212, 43.500957], [16.429265, 43.500931], [16.429299, 43.500908], [16.429447, 43.500931], [16.429586, 43.501595], [16.429586, 43.502118], [16.429043, 43.502255], [16.428959, 43.50235], [16.42894, 43.502355], [16.428943, 43.502369], [16.428971, 43.502381], [16.428985, 43.502369], [16.428985, 43.502353], [16.42961, 43.502356], [16.429606, 43.502557], [16.429944, 43.50291], [16.429963, 43.502907], [16.42998, 43.502903], [16.429978, 43.502623], [16.42998, 43.502311], [16.429976, 43.501859], [16.429965, 43.50141], [16.429964, 43.501317], [16.429989, 43.501285], [16.430241, 43.501059], [16.430871, 43.501368], [16.431501, 43.501648], [16.431604, 43.501709], [16.431687, 43.501763], [16.431735, 43.501814], [16.431795, 43.501888], [16.431835, 43.50196], [16.432, 43.50241], [16.430651, 43.503791], [16.430637, 43.503787], [16.43061, 43.503818], [16.430679, 43.503851], [16.430705, 43.503822], [16.430694, 43.503813], [16.432038, 43.502446], [16.432472, 43.502685], [16.432479, 43.502711], [16.432546, 43.502714], [16.43261, 43.502687], [16.432631, 43.502645], [16.432623, 43.502611], [16.432575, 43.502582], [16.43252, 43.502528], [16.432339, 43.502448], [16.432174, 43.502373], [16.432147, 43.502303], [16.432081, 43.502179], [16.432009, 43.501952], [16.431929, 43.501809], [16.431831, 43.501672], [16.43168, 43.501562], [16.431486, 43.501461], [16.43121, 43.501343], [16.430972, 43.501239], [16.430698, 43.501086], [16.430497, 43.501012], [16.430255, 43.500901], [16.430285, 43.500843], [16.430308, 43.500836], [16.430315, 43.500812], [16.430296, 43.500794], [16.43027, 43.500798], [16.430249, 43.500824], [16.430268, 43.500841], [16.43023, 43.500894], [16.430145, 43.500876], [16.430124, 43.50083], [16.430098, 43.50076], [16.430013, 43.500726], [16.429887, 43.500723], [16.429746, 43.500734], [16.429654, 43.500759], [16.42959, 43.50076], [16.429587, 43.500682], [16.429709, 43.500656], [16.42971, 43.500606], [16.429589, 43.500604], [16.429572, 43.500634], [16.42949, 43.500638], [16.429474, 43.500609], [16.429388, 43.500611], [16.429296, 43.500633], [16.429247, 43.500647], [16.429169, 43.50064], [16.429131, 43.500617], [16.429096, 43.500607], [16.428904, 43.500613], [16.428801, 43.500623], [16.428698, 43.500636], [16.428543, 43.50064], [16.428397, 43.500641], [16.42831, 43.500651], [16.428296, 43.500625], [16.428245, 43.500619], [16.428144, 43.500621], [16.4281, 43.500643], [16.427984, 43.500648], [16.42785, 43.500653], [16.427792, 43.500636], [16.427679, 43.500653], [16.427487, 43.500658], [16.427406, 43.500655], [16.427345, 43.500678], [16.427291, 43.500672], [16.427166, 43.500677], [16.427088, 43.500676], [16.426928, 43.500675], [16.426814, 43.500677], [16.426749, 43.500704], [16.426662, 43.500717], [16.426462, 43.50072], [16.426314, 43.50072], [16.426181, 43.500726], [16.426127, 43.500725], [16.426045, 43.500706], [16.425944, 43.500716], [16.425804, 43.500718], [16.425707, 43.500743], [16.425618, 43.500762], [16.425536, 43.500763], [16.425438, 43.50077], [16.425358, 43.50077], [16.425155, 43.500795], [16.42509, 43.500799], [16.42504, 43.500821], [16.424932, 43.500833], [16.424858, 43.500861], [16.424772, 43.50086], [16.424706, 43.500875], [16.424649, 43.500892], [16.424508, 43.500927], [16.424492, 43.500959], [16.424417, 43.500969], [16.424342, 43.500975], [16.42427, 43.501006], [16.424186, 43.501049], [16.424094, 43.501058], [16.424026, 43.501081], [16.423921, 43.50111], [16.423827, 43.501162], [16.423714, 43.501198], [16.423632, 43.501278], [16.42351, 43.501465], [16.423496, 43.501481], [16.423664, 43.501704], [16.423785, 43.501865], [16.423523, 43.501984], [16.423254, 43.502094], [16.423196, 43.502114], [16.423122, 43.502146], [16.423071, 43.502153], [16.423016, 43.502154], [16.422969, 43.502181], [16.42296, 43.502215], [16.422905, 43.502241], [16.422844, 43.502242], [16.422805, 43.502277], [16.422789, 43.502312], [16.422835, 43.502327], [16.423185, 43.50219], [16.423211, 43.502165], [16.423937, 43.501876], [16.423975, 43.501921], [16.424045, 43.501926], [16.424121, 43.502032], [16.424145, 43.502075], [16.424254, 43.502265], [16.42356, 43.502687], [16.423359, 43.502536], [16.423348, 43.50254], [16.423523, 43.502678], [16.423492, 43.502717], [16.423474, 43.502758], [16.423453, 43.502794], [16.422912, 43.502962], [16.422457, 43.503138], [16.42232, 43.503162], [16.422182, 43.503174], [16.422067, 43.503183], [16.421923, 43.503183], [16.421761, 43.503174], [16.421688, 43.50317], [16.421657, 43.503156], [16.421633, 43.503143], [16.421584, 43.5031], [16.421557, 43.503103], [16.421537, 43.503113], [16.421488, 43.503125], [16.42146, 43.503122], [16.42144, 43.503095], [16.42143, 43.503067], [16.421408, 43.503046], [16.421384, 43.503038], [16.421354, 43.503025], [16.421306, 43.502979], [16.421271, 43.502947], [16.421263, 43.502912], [16.421263, 43.502861], [16.42131, 43.502786], [16.421313, 43.502781], [16.421356, 43.502752], [16.421383, 43.502711], [16.421381, 43.502683], [16.421362, 43.50267], [16.421402, 43.502646], [16.421411, 43.50261], [16.421431, 43.502589], [16.42143, 43.502572], [16.421472, 43.502529], [16.421475, 43.502488], [16.421442, 43.502455], [16.42134, 43.50246], [16.421263, 43.502508], [16.421182, 43.502528], [16.421088, 43.502551], [16.421036, 43.502543], [16.42092, 43.502571], [16.420841, 43.502608], [16.420762, 43.502652], [16.420703, 43.502683], [16.42066, 43.502687], [16.420559, 43.502703], [16.42051, 43.502726], [16.420451, 43.50277], [16.420363, 43.502801], [16.420288, 43.502815], [16.420216, 43.502843], [16.420144, 43.502851], [16.420083, 43.502879], [16.420024, 43.502897], [16.419981, 43.502919], [16.419956, 43.502928], [16.419887, 43.502901], [16.419865, 43.50289], [16.419786, 43.502894], [16.41972, 43.502905], [16.419684, 43.502921], [16.419654, 43.502946], [16.419664, 43.502959], [16.419699, 43.502959], [16.419725, 43.502946], [16.419756, 43.50294], [16.419831, 43.502931], [16.419854, 43.502933], [16.41989, 43.502948], [16.419915, 43.502959], [16.419941, 43.50297], [16.419907, 43.502981], [16.419844, 43.50298], [16.419763, 43.502978], [16.41971, 43.502984], [16.419695, 43.503005], [16.41971, 43.503014], [16.41971, 43.503034], [16.419645, 43.503057], [16.419656, 43.503073], [16.41959, 43.503089], [16.419543, 43.503088], [16.419361, 43.503132], [16.419162, 43.503179], [16.419094, 43.503206], [16.419051, 43.503172], [16.419003, 43.503167], [16.418954, 43.503162], [16.418896, 43.50315], [16.418813, 43.503165], [16.418812, 43.503186], [16.418837, 43.503197], [16.418905, 43.503204], [16.418934, 43.50323], [16.418733, 43.503262], [16.418714, 43.503253], [16.418679, 43.503244], [16.418638, 43.503248], [16.418627, 43.503256], [16.418638, 43.503266], [16.41864, 43.503278], [16.418501, 43.503304], [16.418499, 43.503408], [16.41858, 43.503412], [16.418582, 43.503402], [16.418517, 43.5034], [16.418519, 43.503327], [16.418622, 43.503331], [16.418606, 43.503654], [16.41856, 43.503738], [16.418514, 43.503789], [16.418441, 43.503789], [16.41841, 43.503821], [16.418368, 43.503861], [16.418278, 43.503864], [16.418195, 43.503852], [16.418036, 43.503823], [16.417801, 43.503758], [16.417707, 43.503735], [16.417663, 43.503738], [16.417608, 43.503714], [16.41759, 43.503729], [16.417593, 43.503752], [16.41751, 43.503751], [16.417394, 43.503631], [16.417325, 43.503581], [16.41728, 43.503568], [16.417237, 43.503592], [16.417242, 43.503628], [16.417113, 43.50366], [16.417001, 43.503668], [16.416798, 43.503676], [16.416576, 43.503627], [16.416423, 43.503564], [16.416223, 43.503484], [16.416086, 43.503395], [16.41602, 43.503349], [16.416068, 43.503326], [16.416128, 43.502673], [16.416065, 43.502576], [16.415934, 43.502519], [16.415902, 43.502514], [16.415828, 43.502503], [16.415716, 43.502516], [16.415627, 43.502582], [16.415586, 43.502661], [16.415554, 43.502995], [16.415517, 43.503223], [16.415385, 43.503279], [16.415212, 43.503303], [16.415048, 43.503299], [16.414846, 43.503279], [16.414564, 43.503207], [16.414463, 43.503163], [16.41438, 43.503126], [16.41432, 43.50309], [16.41431, 43.503066], [16.414357, 43.503028], [16.414358, 43.502961], [16.414314, 43.502813], [16.41426, 43.502781], [16.414171, 43.502755], [16.414068, 43.502739], [16.413908, 43.502744], [16.413805, 43.502771], [16.413777, 43.502783], [16.413674, 43.502827], [16.413555, 43.502896], [16.413473, 43.502924], [16.413443, 43.502961], [16.413449, 43.503007], [16.413432, 43.503018], [16.413392, 43.503043], [16.413358, 43.503059], [16.413329, 43.503068], [16.413293, 43.503074], [16.413236, 43.503088], [16.413187, 43.503095], [16.413162, 43.503122], [16.413148, 43.503128], [16.413106, 43.503119], [16.413055, 43.503111], [16.413016, 43.503121], [16.413003, 43.503145], [16.41291, 43.503183], [16.412889, 43.503213], [16.41286, 43.503217], [16.41285, 43.503158], [16.412814, 43.50316], [16.412801, 43.503223], [16.412748, 43.503213], [16.412669, 43.503226], [16.412557, 43.503242], [16.412457, 43.503267], [16.412277, 43.503337], [16.412183, 43.503393], [16.41217, 43.503413], [16.4121, 43.503407], [16.412017, 43.503438], [16.411963, 43.503437], [16.41193, 43.503424], [16.411723, 43.503448], [16.411498, 43.50348], [16.411441, 43.503453], [16.411411, 43.503456], [16.411394, 43.503478], [16.411288, 43.503486], [16.411212, 43.503509], [16.411112, 43.503508], [16.411009, 43.503529], [16.41095, 43.503549], [16.41091, 43.503558], [16.410898, 43.503543], [16.410821, 43.503551], [16.410772, 43.503594], [16.410765, 43.503581], [16.410716, 43.50358], [16.410699, 43.503582], [16.410689, 43.50356], [16.410663, 43.50356], [16.410639, 43.503592], [16.410608, 43.503595], [16.410583, 43.503579], [16.410545, 43.503573], [16.410497, 43.50356], [16.410489, 43.503574], [16.410487, 43.503585], [16.410504, 43.503605], [16.410498, 43.503614], [16.410467, 43.50363], [16.410427, 43.503635], [16.410349, 43.503635], [16.41029, 43.503632], [16.410203, 43.503618], [16.410148, 43.50361], [16.409992, 43.503612], [16.409966, 43.503636], [16.40993, 43.503638], [16.409929, 43.503659], [16.409899, 43.503658], [16.409789, 43.503659], [16.4097, 43.50366], [16.409634, 43.503664], [16.409596, 43.503649], [16.409552, 43.503627], [16.409552, 43.503695], [16.409489, 43.503701], [16.409437, 43.503685], [16.409396, 43.503698], [16.40936, 43.503773], [16.409413, 43.503796], [16.409382, 43.503852], [16.409371, 43.503886], [16.409344, 43.503922], [16.409323, 43.503961], [16.409236, 43.504061], [16.40918, 43.50413], [16.409123, 43.50414], [16.409057, 43.504144], [16.408929, 43.50414], [16.408752, 43.504113], [16.408597, 43.504081], [16.408603, 43.503966], [16.408548, 43.503972], [16.408541, 43.503935], [16.408568, 43.503921], [16.408584, 43.503904], [16.408628, 43.503883], [16.408655, 43.503889], [16.408696, 43.503877], [16.408752, 43.50388], [16.408777, 43.503863], [16.408828, 43.503864], [16.408867, 43.503852], [16.408866, 43.503824], [16.408828, 43.503818], [16.408772, 43.503833], [16.408721, 43.503843], [16.408687, 43.503825], [16.408682, 43.503793], [16.408652, 43.503782], [16.408594, 43.503801], [16.408541, 43.503758], [16.408474, 43.50374], [16.408427, 43.503742], [16.408331, 43.503742], [16.408273, 43.503726], [16.408228, 43.503704], [16.408185, 43.5037], [16.408177, 43.503703], [16.408133, 43.503752], [16.408079, 43.503751], [16.408074, 43.503763], [16.408037, 43.503767], [16.408004, 43.503755], [16.407984, 43.503747], [16.407961, 43.503755], [16.407946, 43.503735], [16.407922, 43.503729], [16.407892, 43.50372], [16.407879, 43.503726], [16.407871, 43.503748], [16.407849, 43.503747], [16.407832, 43.503758], [16.407798, 43.50377], [16.407785, 43.503756], [16.407781, 43.503731], [16.407751, 43.503729], [16.407724, 43.503753], [16.407658, 43.503743], [16.407637, 43.503725], [16.4076, 43.503719], [16.407561, 43.503719], [16.407527, 43.503726], [16.407505, 43.50378], [16.407412, 43.503781], [16.407357, 43.503765], [16.407298, 43.503756], [16.407274, 43.503753], [16.407234, 43.503759], [16.407226, 43.503785], [16.40711, 43.503787], [16.4071, 43.503752], [16.407077, 43.503752], [16.407055, 43.503771], [16.407045, 43.503753], [16.407024, 43.503749], [16.406987, 43.503764], [16.406977, 43.503804], [16.40692, 43.503804], [16.406902, 43.503769], [16.406858, 43.503755], [16.40683, 43.503805], [16.406775, 43.503804], [16.406748, 43.503769], [16.406633, 43.503791], [16.406569, 43.503787], [16.406528, 43.50379], [16.406506, 43.503782], [16.406448, 43.503799], [16.40641, 43.5038], [16.406363, 43.503801], [16.406268, 43.503802], [16.406189, 43.503807], [16.406164, 43.503827], [16.406084, 43.50383], [16.406008, 43.50383], [16.405969, 43.503831], [16.405868, 43.503841], [16.405747, 43.503866], [16.405578, 43.503879], [16.405407, 43.503918], [16.405051, 43.503954], [16.405016, 43.503972], [16.404987, 43.50398], [16.404933, 43.503979], [16.404875, 43.503962], [16.40477, 43.503972], [16.404725, 43.503978], [16.404711, 43.503996], [16.404661, 43.503981], [16.404611, 43.503988], [16.404585, 43.503989], [16.404555, 43.503995], [16.404334, 43.504016], [16.404014, 43.504062], [16.403512, 43.50415], [16.403078, 43.504239], [16.403047, 43.504261], [16.402947, 43.504281], [16.402922, 43.504277], [16.402556, 43.504334], [16.402542, 43.504346], [16.402495, 43.504347], [16.402309, 43.504385], [16.402157, 43.504407], [16.40199, 43.504432], [16.401974, 43.504424], [16.401907, 43.504435], [16.401781, 43.504472], [16.401706, 43.504499], [16.401446, 43.504551], [16.401421, 43.504583], [16.401435, 43.504614], [16.401457, 43.50463], [16.401456, 43.504667], [16.401467, 43.504701], [16.401514, 43.504707], [16.401513, 43.50476], [16.401449, 43.50479], [16.401394, 43.504816], [16.401312, 43.504813], [16.401233, 43.504848], [16.401104, 43.50486], [16.400976, 43.504854], [16.400852, 43.504857], [16.400684, 43.504851], [16.400519, 43.504843], [16.400345, 43.50484], [16.400174, 43.504844], [16.399911, 43.504892], [16.399739, 43.504934], [16.3994, 43.505088], [16.399369, 43.505166], [16.399411, 43.505217], [16.39948, 43.50526], [16.399548, 43.505254], [16.399585, 43.505203], [16.399653, 43.505183], [16.399736, 43.50517], [16.399808, 43.505161], [16.39992, 43.505143], [16.400127, 43.505102], [16.400305, 43.505078], [16.400461, 43.505091], [16.400553, 43.505117], [16.400606, 43.505167], [16.400648, 43.505272], [16.40065, 43.505381], [16.400652, 43.505512], [16.400638, 43.505721], [16.400582, 43.506019], [16.400519, 43.506249], [16.400517, 43.506259], [16.400495, 43.506427], [16.400494, 43.506434], [16.400449, 43.506712], [16.400335, 43.507055], [16.400163, 43.507292], [16.399798, 43.50744], [16.39976, 43.507509], [16.399743, 43.507578], [16.399638, 43.507675], [16.399493, 43.50775], [16.399288, 43.507811], [16.398832, 43.507872], [16.398472, 43.507944], [16.397847, 43.507986], [16.397213, 43.508006], [16.397025, 43.507992], [16.396969, 43.508024], [16.396807, 43.508009], [16.396344, 43.507977], [16.395934, 43.507949], [16.395494, 43.507933], [16.395391, 43.50789], [16.39521, 43.507877], [16.394852, 43.507822], [16.394614, 43.507783], [16.394437, 43.507765], [16.394307, 43.507773], [16.39425, 43.50772], [16.394185, 43.507708], [16.394054, 43.507695], [16.393923, 43.507717], [16.393837, 43.507676], [16.393641, 43.507656], [16.393515, 43.507651], [16.393436, 43.507672], [16.39337, 43.507644], [16.393233, 43.507646], [16.393168, 43.507633], [16.393104, 43.507664], [16.393044, 43.507649], [16.392974, 43.507616], [16.392871, 43.507615], [16.392737, 43.507572], [16.392711, 43.507604], [16.392619, 43.507599], [16.392566, 43.507635], [16.392544, 43.507593], [16.392471, 43.507573], [16.392359, 43.507572], [16.392275, 43.507558], [16.392188, 43.507554], [16.392131, 43.507563], [16.392065, 43.50759], [16.392003, 43.507577], [16.391846, 43.507603], [16.391803, 43.507612], [16.391727, 43.507622], [16.391703, 43.507597], [16.391741, 43.507524], [16.391685, 43.50752], [16.391558, 43.507522], [16.39155, 43.507549], [16.391456, 43.50755], [16.391366, 43.50758], [16.391302, 43.50759], [16.391239, 43.507576], [16.391196, 43.507546], [16.391116, 43.507588], [16.391108, 43.507626], [16.391026, 43.507639], [16.390943, 43.507637], [16.390884, 43.507609], [16.390768, 43.507634], [16.390676, 43.50762], [16.390629, 43.507654], [16.390512, 43.507651], [16.3905, 43.507586], [16.390436, 43.507571], [16.390415, 43.507622], [16.390387, 43.507646], [16.39031, 43.507625], [16.390266, 43.507651], [16.39023, 43.50765], [16.390197, 43.507632], [16.390127, 43.507621], [16.390072, 43.507616], [16.390024, 43.507654], [16.389961, 43.507663], [16.389944, 43.507649], [16.389886, 43.507647], [16.389851, 43.507644], [16.38983, 43.507661], [16.389802, 43.50765], [16.389826, 43.507624], [16.389812, 43.507607], [16.389768, 43.507615], [16.389733, 43.507609], [16.389683, 43.5076], [16.389662, 43.507619], [16.389674, 43.507639], [16.389629, 43.507642], [16.389537, 43.507662], [16.389475, 43.50767], [16.38944, 43.50767], [16.389378, 43.507665], [16.389291, 43.507661], [16.389239, 43.507667], [16.38916, 43.507668], [16.389027, 43.507668], [16.388492, 43.507693], [16.387929, 43.507682], [16.387929, 43.507725], [16.388499, 43.507723], [16.388498, 43.50775], [16.388617, 43.507752], [16.388623, 43.507873], [16.388298, 43.507899]]], [[[16.415, 43.522556], [16.415041, 43.522559], [16.415099, 43.522561], [16.415149, 43.522557], [16.415185, 43.522553], [16.415218, 43.522538], [16.41526, 43.52253], [16.415288, 43.522542], [16.415317, 43.522543], [16.415394, 43.522538], [16.415478, 43.522526], [16.415536, 43.5225], [16.415602, 43.522474], [16.415679, 43.522452], [16.415703, 43.522428], [16.41567, 43.522401], [16.4156, 43.522388], [16.415553, 43.522378], [16.415511, 43.522383], [16.415461, 43.522402], [16.41543, 43.522401], [16.415368, 43.522407], [16.415304, 43.522417], [16.415227, 43.522431], [16.415169, 43.522442], [16.415105, 43.522434], [16.415085, 43.522465], [16.415015, 43.522468], [16.414998, 43.522479], [16.414991, 43.522495], [16.41498, 43.522521], [16.414975, 43.522543], [16.415, 43.522556]]], [[[16.442137, 43.529987], [16.44204, 43.529946], [16.441983, 43.529949], [16.4419, 43.529935], [16.441868, 43.52994], [16.441849, 43.52991], [16.441776, 43.529906], [16.441811, 43.529944], [16.44176, 43.529971], [16.441744, 43.530004], [16.441791, 43.530029], [16.441974, 43.530008], [16.442027, 43.529986], [16.442107, 43.529998], [16.442137, 43.529987]]], [[[16.442373, 43.530087], [16.442405, 43.530058], [16.442316, 43.530039], [16.442191, 43.529979], [16.442135, 43.530036], [16.441993, 43.53005], [16.441909, 43.530076], [16.441904, 43.530094], [16.442058, 43.530163], [16.442239, 43.530148], [16.442299, 43.530126], [16.442299, 43.530097], [16.442373, 43.530087]]], [[[16.418885, 43.532268], [16.418949, 43.532243], [16.419, 43.532242], [16.419068, 43.532211], [16.419116, 43.532194], [16.419077, 43.532171], [16.419024, 43.53217], [16.418959, 43.532156], [16.418884, 43.532193], [16.418795, 43.532186], [16.418471, 43.53223], [16.418489, 43.532263], [16.418697, 43.532225], [16.41872, 43.532264], [16.418797, 43.532283], [16.418885, 43.532268]]], [[[16.471443, 43.501138], [16.471428, 43.501103], [16.471412, 43.501074], [16.471391, 43.501045], [16.471358, 43.501006], [16.471311, 43.500985], [16.471261, 43.500966], [16.471206, 43.50096], [16.471148, 43.500962], [16.471113, 43.500973], [16.471095, 43.501004], [16.471094, 43.501038], [16.471107, 43.501063], [16.471136, 43.501082], [16.471178, 43.501088], [16.471248, 43.501069], [16.471264, 43.50109], [16.471286, 43.501108], [16.471287, 43.50114], [16.471283, 43.501162], [16.471267, 43.50119], [16.471272, 43.501215], [16.4713, 43.501229], [16.471347, 43.501236], [16.471385, 43.501227], [16.471422, 43.50121], [16.471449, 43.50118], [16.471443, 43.501138]]]]}, "properties": {"id": 63, "razina": "jls", "name": "Split", "jls_name": "Split", "jls_maticni_broj": "04090", "zupanija": "Splitsko-dalmatinska", "area_km2": 23.0894, "stanovnistvo": null, "naselja_count": 27, "partial": false, "palette_idx": 0, "source": "OSM admin_level=9 (unija)"}}]}