{"type": "FeatureCollection", "features": [{"type": "Feature", "id": 1, "geometry": {"type": "Polygon", "coordinates": [[[16.340102, 45.310082], [16.341909, 45.308841], [16.343747, 45.305393], [16.347178, 45.303016], [16.348931, 45.298723], [16.347086, 45.298958], [16.346551, 45.296661], [16.345597, 45.295604], [16.345761, 45.295054], [16.344491, 45.29358], [16.34345, 45.293855], [16.342095, 45.292708], [16.342383, 45.291665], [16.341367, 45.291322], [16.342029, 45.290695], [16.34177, 45.289306], [16.340599, 45.288274], [16.339011, 45.287788], [16.339847, 45.286524], [16.338669, 45.286283], [16.337519, 45.285472], [16.336682, 45.28432], [16.335006, 45.283919], [16.336799, 45.282954], [16.33708, 45.28209], [16.336638, 45.281792], [16.334971, 45.281735], [16.334562, 45.280871], [16.334992, 45.280451], [16.335794, 45.280723], [16.336492, 45.280475], [16.337026, 45.279622], [16.33667, 45.27879], [16.333347, 45.278688], [16.333034, 45.27843], [16.334952, 45.278109], [16.335515, 45.277451], [16.334311, 45.275328], [16.335249, 45.274045], [16.336548, 45.273368], [16.335007, 45.271864], [16.334771, 45.270003], [16.333854, 45.269544], [16.333928, 45.269076], [16.332851, 45.268804], [16.332628, 45.267785], [16.331768, 45.267861], [16.332105, 45.267249], [16.334116, 45.267119], [16.334197, 45.266849], [16.33319, 45.265067], [16.33361, 45.263594], [16.333373, 45.261826], [16.332633, 45.260519], [16.331579, 45.259802], [16.331181, 45.258163], [16.330752, 45.257905], [16.330306, 45.2583], [16.329392, 45.257075], [16.330044, 45.255935], [16.329747, 45.25539], [16.330354, 45.254598], [16.329847, 45.253206], [16.330461, 45.252533], [16.328308, 45.251506], [16.327875, 45.250587], [16.328844, 45.250588], [16.329626, 45.249684], [16.329555, 45.248861], [16.328849, 45.248234], [16.329275, 45.247134], [16.328338, 45.246299], [16.327984, 45.244901], [16.327139, 45.244895], [16.326368, 45.244297], [16.32584, 45.241737], [16.324304, 45.241267], [16.323065, 45.241579], [16.318214, 45.240848], [16.317882, 45.239767], [16.317104, 45.239427], [16.316931, 45.238881], [16.316817, 45.237977], [16.317278, 45.237196], [16.316992, 45.235776], [16.316367, 45.23508], [16.315767, 45.234916], [16.314287, 45.232924], [16.313779, 45.232845], [16.313984, 45.232272], [16.313466, 45.231288], [16.312764, 45.231228], [16.312582, 45.230504], [16.311549, 45.230183], [16.310676, 45.228883], [16.309744, 45.228627], [16.307629, 45.228845], [16.305965, 45.227919], [16.305632, 45.228036], [16.304001, 45.227165], [16.303423, 45.226056], [16.302722, 45.22582], [16.302475, 45.225252], [16.301645, 45.225071], [16.301057, 45.224914], [16.301442, 45.22404], [16.297631, 45.221413], [16.296629, 45.22003], [16.29563, 45.217644], [16.296115, 45.217166], [16.294525, 45.215753], [16.295019, 45.21467], [16.294581, 45.213953], [16.292007, 45.212344], [16.291733, 45.211298], [16.290584, 45.210192], [16.285332, 45.207252], [16.284794, 45.204607], [16.283114, 45.203477], [16.286375, 45.201208], [16.288499, 45.200491], [16.289483, 45.198723], [16.28903, 45.198574], [16.28748, 45.198884], [16.28629, 45.199524], [16.283459, 45.199923], [16.279961, 45.199877], [16.279092, 45.200353], [16.278215, 45.201447], [16.278421, 45.204012], [16.279095, 45.205979], [16.281428, 45.208626], [16.283703, 45.209891], [16.285701, 45.211825], [16.286839, 45.213554], [16.28673, 45.215201], [16.287952, 45.216936], [16.289187, 45.217922], [16.28885, 45.219612], [16.290382, 45.222633], [16.293543, 45.224434], [16.294204, 45.227106], [16.295187, 45.228088], [16.295392, 45.229044], [16.29663, 45.230326], [16.298072, 45.230794], [16.298583, 45.231941], [16.300546, 45.232545], [16.300214, 45.233306], [16.300717, 45.233475], [16.301015, 45.234328], [16.301928, 45.234723], [16.303993, 45.234854], [16.304453, 45.235191], [16.304221, 45.235791], [16.30471, 45.236001], [16.303656, 45.236472], [16.30225, 45.238148], [16.304092, 45.241722], [16.304117, 45.242948], [16.304994, 45.24353], [16.303869, 45.24363], [16.302506, 45.247787], [16.301253, 45.249157], [16.301958, 45.249825], [16.304789, 45.251263], [16.304979, 45.252603], [16.304256, 45.253121], [16.304331, 45.254345], [16.305531, 45.256021], [16.307787, 45.258453], [16.309014, 45.259018], [16.310365, 45.26038], [16.311763, 45.260555], [16.312391, 45.261506], [16.31235, 45.262942], [16.31044, 45.266102], [16.310212, 45.267186], [16.311719, 45.270196], [16.312036, 45.272623], [16.311685, 45.274187], [16.312489, 45.275288], [16.314824, 45.276061], [16.314845, 45.27694], [16.315159, 45.279222], [16.315696, 45.279376], [16.317622, 45.281432], [16.318334, 45.282845], [16.319805, 45.2874], [16.319454, 45.287882], [16.319997, 45.289566], [16.319805, 45.290261], [16.318941, 45.290107], [16.314997, 45.290516], [16.315862, 45.296543], [16.314816, 45.298588], [16.316113, 45.299994], [16.315004, 45.300636], [16.315459, 45.301089], [16.314696, 45.301269], [16.315339, 45.302052], [16.314646, 45.302429], [16.316253, 45.303617], [16.318331, 45.304087], [16.317522, 45.30751], [16.316006, 45.309358], [16.316912, 45.309901], [16.316766, 45.310425], [16.317436, 45.311492], [16.321893, 45.311406], [16.322903, 45.311031], [16.324204, 45.309924], [16.326969, 45.313002], [16.331669, 45.311979], [16.333292, 45.315177], [16.334489, 45.314132], [16.33646, 45.313254], [16.337551, 45.312379], [16.338663, 45.310687], [16.340102, 45.310082]]]}, "properties": {"id": 1, "razina": "naselje", "name": "Begovići", "jls_name": "Petrinja", "jls_maticni_broj": "03280", "zupanija": "Sisačko-moslavačka", "area_km2": 18.3748, "stanovnistvo": 53, "palette_idx": 2, "source": "DGU rpj:naselje"}}, {"type": "Feature", "id": 2, "geometry": {"type": "Polygon", "coordinates": [[[16.38773, 45.356004], [16.389707, 45.354676], [16.391946, 45.350951], [16.393702, 45.350342], [16.393393, 45.349891], [16.39442, 45.347697], [16.390982, 45.345635], [16.389001, 45.345083], [16.387598, 45.345037], [16.387388, 45.344684], [16.387563, 45.34334], [16.3866, 45.342418], [16.387189, 45.339863], [16.388477, 45.33739], [16.38746, 45.337051], [16.386883, 45.336342], [16.38448, 45.335753], [16.38087, 45.336338], [16.380704, 45.336639], [16.378597, 45.336329], [16.376676, 45.337205], [16.375697, 45.336307], [16.374842, 45.336306], [16.374793, 45.336641], [16.373723, 45.33701], [16.372928, 45.336434], [16.372335, 45.336433], [16.372065, 45.335823], [16.371064, 45.335624], [16.370452, 45.335801], [16.369408, 45.337929], [16.370339, 45.338351], [16.371211, 45.339263], [16.370869, 45.340077], [16.369695, 45.341072], [16.368311, 45.340321], [16.366953, 45.341895], [16.36518, 45.341645], [16.363707, 45.341932], [16.363586, 45.342646], [16.36489, 45.344188], [16.368621, 45.345323], [16.370563, 45.347045], [16.372327, 45.347657], [16.373537, 45.348906], [16.374222, 45.34907], [16.37453, 45.34969], [16.37412, 45.35036], [16.374904, 45.351155], [16.377106, 45.352373], [16.378321, 45.353901], [16.380024, 45.354136], [16.379546, 45.354742], [16.379654, 45.355601], [16.382728, 45.357076], [16.382327, 45.358446], [16.38289, 45.358945], [16.383667, 45.359076], [16.385639, 45.358769], [16.385638, 45.358472], [16.387149, 45.357573], [16.386776, 45.35736], [16.38773, 45.356004]]]}, "properties": {"id": 2, "razina": "naselje", "name": "Bijelnik", "jls_name": "Petrinja", "jls_maticni_broj": "03280", "zupanija": "Sisačko-moslavačka", "area_km2": 3.2145, "stanovnistvo": 34, "palette_idx": 1, "source": "DGU rpj:naselje"}}, {"type": "Feature", "id": 3, "geometry": {"type": "Polygon", "coordinates": [[[16.378272, 45.363882], [16.381628, 45.36048], [16.382327, 45.358446], [16.382728, 45.357076], [16.379654, 45.355601], [16.379546, 45.354742], [16.380024, 45.354136], [16.378321, 45.353901], [16.377106, 45.352373], [16.374904, 45.351155], [16.37412, 45.35036], [16.37453, 45.34969], [16.374222, 45.34907], [16.373537, 45.348906], [16.372327, 45.347657], [16.370563, 45.347045], [16.368621, 45.345323], [16.36489, 45.344188], [16.363586, 45.342646], [16.363707, 45.341932], [16.362889, 45.341851], [16.362797, 45.342922], [16.361393, 45.34334], [16.36068, 45.343248], [16.360508, 45.344495], [16.357609, 45.345026], [16.355152, 45.346707], [16.354184, 45.347085], [16.353672, 45.346924], [16.352889, 45.346535], [16.352366, 45.345696], [16.351644, 45.346146], [16.350972, 45.34612], [16.350078, 45.346801], [16.348446, 45.347004], [16.348065, 45.348181], [16.348288, 45.348483], [16.349437, 45.348508], [16.349025, 45.34925], [16.349562, 45.350394], [16.348991, 45.351201], [16.351058, 45.35238], [16.350274, 45.352759], [16.349669, 45.352482], [16.348737, 45.352527], [16.348261, 45.354255], [16.349052, 45.35486], [16.352287, 45.355384], [16.354098, 45.356235], [16.355228, 45.357664], [16.35587, 45.360214], [16.357299, 45.360149], [16.357067, 45.359103], [16.357853, 45.359054], [16.359117, 45.358024], [16.360026, 45.35789], [16.360037, 45.358134], [16.361026, 45.358292], [16.361445, 45.358741], [16.362114, 45.358432], [16.362872, 45.360195], [16.364569, 45.361304], [16.365235, 45.361368], [16.364174, 45.361934], [16.364326, 45.364321], [16.367746, 45.364714], [16.370028, 45.364009], [16.37043, 45.363126], [16.370143, 45.361929], [16.371611, 45.361743], [16.37236, 45.362869], [16.374867, 45.36125], [16.377941, 45.362856], [16.378272, 45.363882]]]}, "properties": {"id": 3, "razina": "naselje", "name": "Blinja", "jls_name": "Petrinja", "jls_maticni_broj": "03280", "zupanija": "Sisačko-moslavačka", "area_km2": 3.7514, "stanovnistvo": 58, "palette_idx": 2, "source": "DGU rpj:naselje"}}, {"type": "Feature", "id": 4, "geometry": {"type": "Polygon", "coordinates": [[[16.22281, 45.468349], [16.227262, 45.466854], [16.232293, 45.466574], [16.235784, 45.46668], [16.239291, 45.467631], [16.243174, 45.467264], [16.248355, 45.46439], [16.248774, 45.463632], [16.252379, 45.464276], [16.251919, 45.464918], [16.25522, 45.465355], [16.255651, 45.466686], [16.256932, 45.467898], [16.260465, 45.468934], [16.263216, 45.469314], [16.267607, 45.468771], [16.268592, 45.468539], [16.270738, 45.467089], [16.270849, 45.466121], [16.271923, 45.4646], [16.272877, 45.461983], [16.271141, 45.460816], [16.271663, 45.459217], [16.277549, 45.455315], [16.278055, 45.454286], [16.277518, 45.452893], [16.27263, 45.447268], [16.270254, 45.445243], [16.268847, 45.445044], [16.266789, 45.445619], [16.261509, 45.448188], [16.255536, 45.450444], [16.252929, 45.451117], [16.251393, 45.450587], [16.245102, 45.443759], [16.243022, 45.442732], [16.240608, 45.442525], [16.23878, 45.442955], [16.236634, 45.443831], [16.23498, 45.44499], [16.228382, 45.451789], [16.227369, 45.45266], [16.225009, 45.453883], [16.22199, 45.454977], [16.218656, 45.455409], [16.215608, 45.45451], [16.214718, 45.45451], [16.21338, 45.455105], [16.212716, 45.455932], [16.209536, 45.462601], [16.208278, 45.46366], [16.204954, 45.465013], [16.204101, 45.465944], [16.203985, 45.46698], [16.204827, 45.468005], [16.207907, 45.470679], [16.209965, 45.471568], [16.211622, 45.471896], [16.214166, 45.471504], [16.216093, 45.47082], [16.217978, 45.469504], [16.220818, 45.468199], [16.22281, 45.468349]]]}, "properties": {"id": 4, "razina": "naselje", "name": "Brest Pokupski", "jls_name": "Petrinja", "jls_maticni_broj": "03280", "zupanija": "Sisačko-moslavačka", "area_km2": 10.5447, "stanovnistvo": 292, "palette_idx": 1, "source": "DGU rpj:naselje"}}, {"type": "Feature", "id": 5, "geometry": {"type": "Polygon", "coordinates": [[[16.280272, 45.410085], [16.278635, 45.407645], [16.281013, 45.406719], [16.282809, 45.405582], [16.282991, 45.404957], [16.281988, 45.404674], [16.282279, 45.403999], [16.281214, 45.403721], [16.279794, 45.403974], [16.279159, 45.404463], [16.277515, 45.403259], [16.276243, 45.403241], [16.275843, 45.402258], [16.27462, 45.402043], [16.273622, 45.402307], [16.27257, 45.401954], [16.271673, 45.402325], [16.270416, 45.402371], [16.269598, 45.40186], [16.2684, 45.402237], [16.267228, 45.401915], [16.265617, 45.402436], [16.26221, 45.402378], [16.261527, 45.403999], [16.259678, 45.404795], [16.258531, 45.406287], [16.259185, 45.407614], [16.256492, 45.408839], [16.255387, 45.408959], [16.254904, 45.408488], [16.251108, 45.407917], [16.25095, 45.408191], [16.24895, 45.408569], [16.248154, 45.409572], [16.247576, 45.409579], [16.249086, 45.411226], [16.250104, 45.411457], [16.251103, 45.412215], [16.251839, 45.414026], [16.252938, 45.415236], [16.251939, 45.418626], [16.25238, 45.42008], [16.253468, 45.420525], [16.256143, 45.420746], [16.259691, 45.42033], [16.261322, 45.420826], [16.26472, 45.423029], [16.265461, 45.421086], [16.264647, 45.419537], [16.264985, 45.418921], [16.268929, 45.417839], [16.275365, 45.415384], [16.277075, 45.413445], [16.277966, 45.413153], [16.278131, 45.412384], [16.279817, 45.411235], [16.280272, 45.410085]]]}, "properties": {"id": 5, "razina": "naselje", "name": "Cepeliš", "jls_name": "Petrinja", "jls_maticni_broj": "03280", "zupanija": "Sisačko-moslavačka", "area_km2": 3.5717, "stanovnistvo": 38, "palette_idx": 2, "source": "DGU rpj:naselje"}}, {"type": "Feature", "id": 6, "geometry": {"type": "Polygon", "coordinates": [[[16.335296, 45.345382], [16.333982, 45.345779], [16.33361, 45.345144], [16.331051, 45.345332], [16.327066, 45.347847], [16.324629, 45.34872], [16.323261, 45.349754], [16.322316, 45.351502], [16.321709, 45.355163], [16.322245, 45.356389], [16.324982, 45.358307], [16.324502, 45.359428], [16.325253, 45.358991], [16.326438, 45.358903], [16.327953, 45.359419], [16.331213, 45.359612], [16.333472, 45.360235], [16.335157, 45.360153], [16.335922, 45.359621], [16.336255, 45.358767], [16.339406, 45.358572], [16.340969, 45.357298], [16.34182, 45.357421], [16.342261, 45.35611], [16.34177, 45.354879], [16.340538, 45.354122], [16.338732, 45.351369], [16.339182, 45.349528], [16.340093, 45.348903], [16.339656, 45.346844], [16.337292, 45.346867], [16.33678, 45.346041], [16.336192, 45.346351], [16.335296, 45.345382]]]}, "properties": {"id": 6, "razina": "naselje", "name": "Deanovići", "jls_name": "Petrinja", "jls_maticni_broj": "03280", "zupanija": "Sisačko-moslavačka", "area_km2": 1.9075, "stanovnistvo": 20, "palette_idx": 3, "source": "DGU rpj:naselje"}}, {"type": "Feature", "id": 7, "geometry": {"type": "Polygon", "coordinates": [[[16.288147, 45.318742], [16.28761, 45.317606], [16.288243, 45.316983], [16.28737, 45.31548], [16.288253, 45.314145], [16.288281, 45.312073], [16.287977, 45.311548], [16.287198, 45.311557], [16.285648, 45.310556], [16.285576, 45.309815], [16.286359, 45.308264], [16.284663, 45.306645], [16.286195, 45.305538], [16.28538, 45.304663], [16.285694, 45.30295], [16.287682, 45.301925], [16.288146, 45.301097], [16.28779, 45.300206], [16.286506, 45.300053], [16.286079, 45.299448], [16.285167, 45.29949], [16.28453, 45.299121], [16.284755, 45.298127], [16.285882, 45.298065], [16.286133, 45.297266], [16.284894, 45.296296], [16.285245, 45.294907], [16.284356, 45.294506], [16.28449, 45.293877], [16.283292, 45.293753], [16.282495, 45.293089], [16.280264, 45.293085], [16.279327, 45.293694], [16.279068, 45.294473], [16.277526, 45.295002], [16.277843, 45.29568], [16.277082, 45.295741], [16.277131, 45.296228], [16.278052, 45.29619], [16.278057, 45.296433], [16.276844, 45.297059], [16.279107, 45.30733], [16.284874, 45.318803], [16.285409, 45.318827], [16.286146, 45.318226], [16.288147, 45.318742]]]}, "properties": {"id": 7, "razina": "naselje", "name": "Dodoši", "jls_name": "Petrinja", "jls_maticni_broj": "03280", "zupanija": "Sisačko-moslavačka", "area_km2": 1.4771, "stanovnistvo": 46, "palette_idx": 0, "source": "DGU rpj:naselje"}}, {"type": "Feature", "id": 8, "geometry": {"type": "Polygon", "coordinates": [[[16.275332, 45.363931], [16.272966, 45.364304], [16.27239, 45.364121], [16.271674, 45.364441], [16.270191, 45.364109], [16.269539, 45.363342], [16.270038, 45.362805], [16.267482, 45.361116], [16.26774, 45.360655], [16.269273, 45.361255], [16.270287, 45.36016], [16.272467, 45.36092], [16.272818, 45.36029], [16.267308, 45.358492], [16.267433, 45.357636], [16.268734, 45.356799], [16.268675, 45.356553], [16.268194, 45.355831], [16.267794, 45.355911], [16.267155, 45.354715], [16.266263, 45.354175], [16.266771, 45.353325], [16.27023, 45.351958], [16.268551, 45.349967], [16.266054, 45.349153], [16.261935, 45.348688], [16.262355, 45.348238], [16.263474, 45.348686], [16.265514, 45.347614], [16.266518, 45.347847], [16.266519, 45.347545], [16.267387, 45.347195], [16.267213, 45.346707], [16.268249, 45.345919], [16.268036, 45.345026], [16.273663, 45.344876], [16.273336, 45.342416], [16.273182, 45.341052], [16.272755, 45.341061], [16.270034, 45.3391], [16.269264, 45.338174], [16.269062, 45.337098], [16.267762, 45.335805], [16.267903, 45.334304], [16.266909, 45.33412], [16.265458, 45.33377], [16.262775, 45.333853], [16.261951, 45.334297], [16.261024, 45.335819], [16.25981, 45.336749], [16.257908, 45.336752], [16.253751, 45.337399], [16.251253, 45.33807], [16.24948, 45.338982], [16.246971, 45.339232], [16.246845, 45.342235], [16.244086, 45.342543], [16.242104, 45.343136], [16.24231, 45.343771], [16.240825, 45.343988], [16.240948, 45.344465], [16.23956, 45.344692], [16.239788, 45.345085], [16.240662, 45.345035], [16.240867, 45.345509], [16.240448, 45.345633], [16.240362, 45.34678], [16.240946, 45.347152], [16.242338, 45.347158], [16.239544, 45.348422], [16.23747, 45.350375], [16.233469, 45.351436], [16.226098, 45.348241], [16.225513, 45.348657], [16.224982, 45.348559], [16.225547, 45.349186], [16.225214, 45.349883], [16.224591, 45.349978], [16.224832, 45.35116], [16.224061, 45.35152], [16.224756, 45.351687], [16.224788, 45.352115], [16.225344, 45.352133], [16.225778, 45.353518], [16.226394, 45.35398], [16.227346, 45.353732], [16.227367, 45.354034], [16.227717, 45.353938], [16.229177, 45.354554], [16.229174, 45.35518], [16.228716, 45.355162], [16.229201, 45.355462], [16.228576, 45.355566], [16.229398, 45.356193], [16.228875, 45.356638], [16.22912, 45.357014], [16.228557, 45.357328], [16.228899, 45.35774], [16.228438, 45.358048], [16.227494, 45.357868], [16.227565, 45.358518], [16.228234, 45.358835], [16.22771, 45.35931], [16.228441, 45.359428], [16.227819, 45.359967], [16.228264, 45.360521], [16.227723, 45.360559], [16.227705, 45.361012], [16.228445, 45.360874], [16.228924, 45.361191], [16.229634, 45.360989], [16.230853, 45.361575], [16.230843, 45.361959], [16.230165, 45.361917], [16.230048, 45.362369], [16.230706, 45.362526], [16.23089, 45.363293], [16.232728, 45.363025], [16.232929, 45.36338], [16.23249, 45.363987], [16.233858, 45.364302], [16.232977, 45.364823], [16.233905, 45.364812], [16.234116, 45.365518], [16.235094, 45.365657], [16.23544, 45.366636], [16.236073, 45.36646], [16.23588, 45.367723], [16.2382, 45.367811], [16.238683, 45.368719], [16.244091, 45.366251], [16.251578, 45.365771], [16.255275, 45.364142], [16.257988, 45.361907], [16.260123, 45.362025], [16.26277, 45.363083], [16.267263, 45.363501], [16.272253, 45.365346], [16.274453, 45.366772], [16.27534, 45.367942], [16.279579, 45.371144], [16.278057, 45.369191], [16.278688, 45.368297], [16.276144, 45.367181], [16.275352, 45.366288], [16.275332, 45.363931]]]}, "properties": {"id": 8, "razina": "naselje", "name": "Donja Bačuga", "jls_name": "Petrinja", "jls_maticni_broj": "03280", "zupanija": "Sisačko-moslavačka", "area_km2": 8.4936, "stanovnistvo": 78, "palette_idx": 0, "source": "DGU rpj:naselje"}}, {"type": "Feature", "id": 9, "geometry": {"type": "Polygon", "coordinates": [[[16.332465, 45.387344], [16.333392, 45.386276], [16.334999, 45.385931], [16.336931, 45.384602], [16.337724, 45.383273], [16.337144, 45.381081], [16.336312, 45.380998], [16.335198, 45.379761], [16.335395, 45.379358], [16.336561, 45.378817], [16.336657, 45.378216], [16.335864, 45.376919], [16.336996, 45.374267], [16.337124, 45.372689], [16.33696, 45.371208], [16.335705, 45.369728], [16.336709, 45.368319], [16.337608, 45.367713], [16.33838, 45.366346], [16.338143, 45.365861], [16.338547, 45.36362], [16.338206, 45.361743], [16.337416, 45.360637], [16.336214, 45.360144], [16.335157, 45.360153], [16.333472, 45.360235], [16.331213, 45.359612], [16.327953, 45.359419], [16.326438, 45.358903], [16.325253, 45.358991], [16.324502, 45.359428], [16.325643, 45.361168], [16.32529, 45.361768], [16.321701, 45.364362], [16.318023, 45.365914], [16.316454, 45.36619], [16.314229, 45.365557], [16.314433, 45.367097], [16.316358, 45.368173], [16.316294, 45.368784], [16.316867, 45.369337], [16.316431, 45.369792], [16.316396, 45.37066], [16.317288, 45.371222], [16.318304, 45.37131], [16.316066, 45.37217], [16.315939, 45.374469], [16.315605, 45.37508], [16.314849, 45.375005], [16.314638, 45.375471], [16.314694, 45.376211], [16.315757, 45.376249], [16.314039, 45.377284], [16.31424, 45.377565], [16.312355, 45.377653], [16.312874, 45.378112], [16.312774, 45.378617], [16.312352, 45.378285], [16.311098, 45.378756], [16.309979, 45.378236], [16.309665, 45.378377], [16.310737, 45.379536], [16.310475, 45.37988], [16.309336, 45.379474], [16.307532, 45.379776], [16.307105, 45.380538], [16.307371, 45.380878], [16.308618, 45.380641], [16.308793, 45.380991], [16.308243, 45.381438], [16.307644, 45.381349], [16.305065, 45.382332], [16.304342, 45.383265], [16.301616, 45.383444], [16.301041, 45.38413], [16.302577, 45.38495], [16.303161, 45.385674], [16.302395, 45.386304], [16.302186, 45.387818], [16.304266, 45.388044], [16.304235, 45.388822], [16.304903, 45.389121], [16.3053, 45.388969], [16.305667, 45.387739], [16.307539, 45.385643], [16.308603, 45.385681], [16.309691, 45.386325], [16.312879, 45.386676], [16.313177, 45.387067], [16.314013, 45.3867], [16.316154, 45.386861], [16.31811, 45.386204], [16.318626, 45.386442], [16.318964, 45.386187], [16.32027, 45.38644], [16.323451, 45.386338], [16.32789, 45.385003], [16.329149, 45.386149], [16.332465, 45.387344]]]}, "properties": {"id": 9, "razina": "naselje", "name": "Donja Budičina", "jls_name": "Petrinja", "jls_maticni_broj": "03280", "zupanija": "Sisačko-moslavačka", "area_km2": 5.3159, "stanovnistvo": 196, "palette_idx": 2, "source": "DGU rpj:naselje"}}, {"type": "Feature", "id": 10, "geometry": {"type": "Polygon", "coordinates": [[[16.314305, 45.361157], [16.315268, 45.354819], [16.315621, 45.34455], [16.314528, 45.337235], [16.308191, 45.338618], [16.30608, 45.338809], [16.304685, 45.338654], [16.301492, 45.337573], [16.298276, 45.33778], [16.298152, 45.337297], [16.29548, 45.336809], [16.294094, 45.337005], [16.293603, 45.337541], [16.29557, 45.339542], [16.295573, 45.339932], [16.294285, 45.339706], [16.293393, 45.339964], [16.293615, 45.340953], [16.293053, 45.341811], [16.293466, 45.342297], [16.295067, 45.342382], [16.295089, 45.343315], [16.294402, 45.343815], [16.29244, 45.344221], [16.292328, 45.344637], [16.292965, 45.345486], [16.291631, 45.347722], [16.291865, 45.348048], [16.290821, 45.348397], [16.290286, 45.348992], [16.291519, 45.34942], [16.292933, 45.34869], [16.293932, 45.348764], [16.298767, 45.350769], [16.299716, 45.351575], [16.301128, 45.351764], [16.301774, 45.352775], [16.302573, 45.35322], [16.305062, 45.353882], [16.304551, 45.358318], [16.306005, 45.359432], [16.30539, 45.360958], [16.308121, 45.361772], [16.310459, 45.359947], [16.314305, 45.361157]]]}, "properties": {"id": 10, "razina": "naselje", "name": "Donja Mlinoga", "jls_name": "Petrinja", "jls_maticni_broj": "03280", "zupanija": "Sisačko-moslavačka", "area_km2": 3.412, "stanovnistvo": 84, "palette_idx": 2, "source": "DGU rpj:naselje"}}, {"type": "Feature", "id": 11, "geometry": {"type": "Polygon", "coordinates": [[[16.373182, 45.304915], [16.373429, 45.303527], [16.37229, 45.303101], [16.372322, 45.302861], [16.372885, 45.302465], [16.374006, 45.302319], [16.374295, 45.301836], [16.376059, 45.301074], [16.376557, 45.300104], [16.376487, 45.298742], [16.375976, 45.297793], [16.375333, 45.29778], [16.375205, 45.297229], [16.374613, 45.297169], [16.374536, 45.296688], [16.373847, 45.296323], [16.374197, 45.29594], [16.374123, 45.294643], [16.371668, 45.291914], [16.371723, 45.291364], [16.37064, 45.290182], [16.370886, 45.289762], [16.370067, 45.289131], [16.367737, 45.288686], [16.365874, 45.287379], [16.364807, 45.286029], [16.362993, 45.28618], [16.361889, 45.284545], [16.361071, 45.284355], [16.360568, 45.283832], [16.358715, 45.284011], [16.358609, 45.283531], [16.356997, 45.282952], [16.356135, 45.282244], [16.355747, 45.281144], [16.354646, 45.281251], [16.353959, 45.280986], [16.353224, 45.281427], [16.351574, 45.280179], [16.351508, 45.278944], [16.349102, 45.278585], [16.348216, 45.27748], [16.347734, 45.277436], [16.347377, 45.276789], [16.346606, 45.276496], [16.346884, 45.27551], [16.346008, 45.274873], [16.345249, 45.274736], [16.345291, 45.274008], [16.346039, 45.273384], [16.345248, 45.272871], [16.344957, 45.271814], [16.343321, 45.271008], [16.342551, 45.270246], [16.341651, 45.267798], [16.339635, 45.266165], [16.340052, 45.264666], [16.340867, 45.263836], [16.340682, 45.263262], [16.341105, 45.262334], [16.340684, 45.260507], [16.341164, 45.260155], [16.340317, 45.258556], [16.340187, 45.257172], [16.33902, 45.255836], [16.338852, 45.253825], [16.339312, 45.253172], [16.339876, 45.253031], [16.338154, 45.250398], [16.338274, 45.249486], [16.336603, 45.248519], [16.335563, 45.247429], [16.335167, 45.244945], [16.334749, 45.244602], [16.334769, 45.243016], [16.334071, 45.240565], [16.331979, 45.238842], [16.331195, 45.238325], [16.329575, 45.23523], [16.328917, 45.234658], [16.327536, 45.234184], [16.327174, 45.23078], [16.326446, 45.228995], [16.32723, 45.227842], [16.326953, 45.226722], [16.327973, 45.223845], [16.330161, 45.222705], [16.330293, 45.221951], [16.329749, 45.220822], [16.328138, 45.21873], [16.326684, 45.217744], [16.324848, 45.217105], [16.321521, 45.216853], [16.319786, 45.21348], [16.31886, 45.21298], [16.316954, 45.212952], [16.314301, 45.213685], [16.310703, 45.213225], [16.309247, 45.213344], [16.305998, 45.216028], [16.306697, 45.217098], [16.306667, 45.21882], [16.305785, 45.220331], [16.304186, 45.221455], [16.30396, 45.222499], [16.303003, 45.222751], [16.302068, 45.223437], [16.301645, 45.225071], [16.302475, 45.225252], [16.302722, 45.22582], [16.303423, 45.226056], [16.304001, 45.227165], [16.305632, 45.228036], [16.305965, 45.227919], [16.307629, 45.228845], [16.309744, 45.228627], [16.310676, 45.228883], [16.311549, 45.230183], [16.312582, 45.230504], [16.312764, 45.231228], [16.313466, 45.231288], [16.313984, 45.232272], [16.313779, 45.232845], [16.314287, 45.232924], [16.315767, 45.234916], [16.316367, 45.23508], [16.316992, 45.235776], [16.317278, 45.237196], [16.316817, 45.237977], [16.316931, 45.238881], [16.317104, 45.239427], [16.317882, 45.239767], [16.318214, 45.240848], [16.323065, 45.241579], [16.324304, 45.241267], [16.32584, 45.241737], [16.326368, 45.244297], [16.327139, 45.244895], [16.327984, 45.244901], [16.328338, 45.246299], [16.329275, 45.247134], [16.328849, 45.248234], [16.329555, 45.248861], [16.329626, 45.249684], [16.328844, 45.250588], [16.327875, 45.250587], [16.328308, 45.251506], [16.330461, 45.252533], [16.329847, 45.253206], [16.330354, 45.254598], [16.329747, 45.25539], [16.330044, 45.255935], [16.329392, 45.257075], [16.330306, 45.2583], [16.330752, 45.257905], [16.331181, 45.258163], [16.331579, 45.259802], [16.332633, 45.260519], [16.333373, 45.261826], [16.33361, 45.263594], [16.33319, 45.265067], [16.334197, 45.266849], [16.334116, 45.267119], [16.332105, 45.267249], [16.331768, 45.267861], [16.332628, 45.267785], [16.332851, 45.268804], [16.333928, 45.269076], [16.333854, 45.269544], [16.334771, 45.270003], [16.335007, 45.271864], [16.336548, 45.273368], [16.335249, 45.274045], [16.334311, 45.275328], [16.335515, 45.277451], [16.334952, 45.278109], [16.333034, 45.27843], [16.333347, 45.278688], [16.33667, 45.27879], [16.337026, 45.279622], [16.336492, 45.280475], [16.335794, 45.280723], [16.334992, 45.280451], [16.334562, 45.280871], [16.334971, 45.281735], [16.336638, 45.281792], [16.33708, 45.28209], [16.336799, 45.282954], [16.335006, 45.283919], [16.336682, 45.28432], [16.337519, 45.285472], [16.338669, 45.286283], [16.339847, 45.286524], [16.339011, 45.287788], [16.340599, 45.288274], [16.34177, 45.289306], [16.342029, 45.290695], [16.341367, 45.291322], [16.342383, 45.291665], [16.342095, 45.292708], [16.34345, 45.293855], [16.344491, 45.29358], [16.345761, 45.295054], [16.345597, 45.295604], [16.346551, 45.296661], [16.347086, 45.298958], [16.348931, 45.298723], [16.347178, 45.303016], [16.343747, 45.305393], [16.341909, 45.308841], [16.340102, 45.310082], [16.351225, 45.318827], [16.352981, 45.318226], [16.356303, 45.318511], [16.35672, 45.318827], [16.357222, 45.317352], [16.35836, 45.31681], [16.358864, 45.315957], [16.359478, 45.315835], [16.360896, 45.31613], [16.361106, 45.316741], [16.362322, 45.316639], [16.3629, 45.317093], [16.363568, 45.315957], [16.365664, 45.314033], [16.365915, 45.313346], [16.36488, 45.312729], [16.367536, 45.310753], [16.367711, 45.310076], [16.365797, 45.309478], [16.36689, 45.307233], [16.367869, 45.307096], [16.369137, 45.3052], [16.370708, 45.304794], [16.373182, 45.304915]]]}, "properties": {"id": 11, "razina": "naselje", "name": "Donja Pastuša", "jls_name": "Petrinja", "jls_maticni_broj": "03280", "zupanija": "Sisačko-moslavačka", "area_km2": 15.6743, "stanovnistvo": 6, "palette_idx": 1, "source": "DGU rpj:naselje"}}, {"type": "Feature", "id": 12, "geometry": {"type": "Polygon", "coordinates": [[[16.188669, 45.468931], [16.186895, 45.455067], [16.187163, 45.453024], [16.183292, 45.448552], [16.182938, 45.449019], [16.182562, 45.448818], [16.181478, 45.448945], [16.181294, 45.449622], [16.181645, 45.449886], [16.181262, 45.449991], [16.182112, 45.450405], [16.181369, 45.451467], [16.180304, 45.451346], [16.180047, 45.451606], [16.17984, 45.451324], [16.179104, 45.451828], [16.178542, 45.451741], [16.178163, 45.452274], [16.177845, 45.452061], [16.178165, 45.451789], [16.177772, 45.451714], [16.178203, 45.451279], [16.177358, 45.45111], [16.176804, 45.451646], [16.176362, 45.450993], [16.175574, 45.451843], [16.174652, 45.452127], [16.174032, 45.451883], [16.172729, 45.452055], [16.172986, 45.452632], [16.17191, 45.453182], [16.171832, 45.453932], [16.171155, 45.453764], [16.171193, 45.453084], [16.170504, 45.453054], [16.169468, 45.455235], [16.168779, 45.455074], [16.168855, 45.452143], [16.167855, 45.451121], [16.167025, 45.449237], [16.165799, 45.448475], [16.162049, 45.448707], [16.160054, 45.450492], [16.158242, 45.450911], [16.155127, 45.449883], [16.153989, 45.449004], [16.150477, 45.449837], [16.145921, 45.451608], [16.143582, 45.452957], [16.146715, 45.45697], [16.160679, 45.467482], [16.168037, 45.464087], [16.168944, 45.462319], [16.18708, 45.468762], [16.188669, 45.468931]]]}, "properties": {"id": 12, "razina": "naselje", "name": "Donje Mokrice", "jls_name": "Petrinja", "jls_maticni_broj": "03280", "zupanija": "Sisačko-moslavačka", "area_km2": 4.9719, "stanovnistvo": 43, "palette_idx": 0, "source": "DGU rpj:naselje"}}, {"type": "Feature", "id": 13, "geometry": {"type": "Polygon", "coordinates": [[[16.29548, 45.336809], [16.2955, 45.336215], [16.294606, 45.33541], [16.294593, 45.334787], [16.29387, 45.334341], [16.294745, 45.333349], [16.29476, 45.332536], [16.29372, 45.332957], [16.293255, 45.33268], [16.290362, 45.33317], [16.290367, 45.33402], [16.28887, 45.33483], [16.288409, 45.334769], [16.288591, 45.335469], [16.287669, 45.336059], [16.286691, 45.335636], [16.286086, 45.334224], [16.287184, 45.333031], [16.287556, 45.332045], [16.286852, 45.331614], [16.285564, 45.332113], [16.284577, 45.331213], [16.28359, 45.331905], [16.282785, 45.330948], [16.282894, 45.330526], [16.281247, 45.329959], [16.280093, 45.330305], [16.280918, 45.331059], [16.280392, 45.331707], [16.279022, 45.332079], [16.277651, 45.332964], [16.276823, 45.332769], [16.276595, 45.333096], [16.275735, 45.332786], [16.274613, 45.333476], [16.273739, 45.33354], [16.270733, 45.332838], [16.270719, 45.332187], [16.266909, 45.33412], [16.267903, 45.334304], [16.267762, 45.335805], [16.269062, 45.337098], [16.269264, 45.338174], [16.270034, 45.3391], [16.272755, 45.341061], [16.273182, 45.341052], [16.273336, 45.342416], [16.27563, 45.342565], [16.275412, 45.34361], [16.27574, 45.344388], [16.275126, 45.344635], [16.275706, 45.346287], [16.276201, 45.346686], [16.276707, 45.346372], [16.27719, 45.346584], [16.278235, 45.346373], [16.282076, 45.345035], [16.282052, 45.345577], [16.284949, 45.345556], [16.286321, 45.346116], [16.28678, 45.347919], [16.287677, 45.347989], [16.287804, 45.348813], [16.288481, 45.349051], [16.289034, 45.350043], [16.290286, 45.348992], [16.290821, 45.348397], [16.291865, 45.348048], [16.291631, 45.347722], [16.292965, 45.345486], [16.292328, 45.344637], [16.29244, 45.344221], [16.294402, 45.343815], [16.295089, 45.343315], [16.295067, 45.342382], [16.293466, 45.342297], [16.293053, 45.341811], [16.293615, 45.340953], [16.293393, 45.339964], [16.294285, 45.339706], [16.295573, 45.339932], [16.29557, 45.339542], [16.293603, 45.337541], [16.294094, 45.337005], [16.29548, 45.336809]]]}, "properties": {"id": 13, "razina": "naselje", "name": "Dragotinci", "jls_name": "Petrinja", "jls_maticni_broj": "03280", "zupanija": "Sisačko-moslavačka", "area_km2": 2.7583, "stanovnistvo": 38, "palette_idx": 1, "source": "DGU rpj:naselje"}}, {"type": "Feature", "id": 14, "geometry": {"type": "Polygon", "coordinates": [[[16.187011, 45.481682], [16.18708, 45.468762], [16.168944, 45.462319], [16.168037, 45.464087], [16.167191, 45.469917], [16.166982, 45.477904], [16.169286, 45.483912], [16.171339, 45.482529], [16.174465, 45.479288], [16.177239, 45.478309], [16.180963, 45.478356], [16.183832, 45.478884], [16.18533, 45.479828], [16.187011, 45.481682]]]}, "properties": {"id": 14, "razina": "naselje", "name": "Dumače", "jls_name": "Petrinja", "jls_maticni_broj": "03280", "zupanija": "Sisačko-moslavačka", "area_km2": 2.4919, "stanovnistvo": 240, "palette_idx": 3, "source": "DGU rpj:naselje"}}, {"type": "Feature", "id": 15, "geometry": {"type": "Polygon", "coordinates": [[[16.172939, 45.428893], [16.177802, 45.429005], [16.177608, 45.428151], [16.176918, 45.4276], [16.171265, 45.426093], [16.16936, 45.42532], [16.168229, 45.424146], [16.166371, 45.423385], [16.16548, 45.421916], [16.164498, 45.421409], [16.164203, 45.420608], [16.163128, 45.419679], [16.163463, 45.417823], [16.162701, 45.417873], [16.161626, 45.417257], [16.16182, 45.416973], [16.163281, 45.416396], [16.163717, 45.41501], [16.165151, 45.415204], [16.166244, 45.413143], [16.166962, 45.410642], [16.169637, 45.410333], [16.170633, 45.409981], [16.170593, 45.409566], [16.170063, 45.407767], [16.169075, 45.406552], [16.169709, 45.406273], [16.169466, 45.405267], [16.168587, 45.404935], [16.166276, 45.404909], [16.165221, 45.405496], [16.164255, 45.405453], [16.162817, 45.405901], [16.162153, 45.406386], [16.161096, 45.40619], [16.161412, 45.403282], [16.160417, 45.401918], [16.160208, 45.401292], [16.161336, 45.399844], [16.161864, 45.398235], [16.160008, 45.398203], [16.157767, 45.398638], [16.156702, 45.397164], [16.156116, 45.397548], [16.155366, 45.397238], [16.154243, 45.397893], [16.15291, 45.3971], [16.14971, 45.398769], [16.150229, 45.401635], [16.149514, 45.402204], [16.148112, 45.401757], [16.147126, 45.401062], [16.146811, 45.401219], [16.146248, 45.400502], [16.148414, 45.400191], [16.148352, 45.397637], [16.148963, 45.397464], [16.148595, 45.396674], [16.146836, 45.397319], [16.145994, 45.396853], [16.144652, 45.397237], [16.144021, 45.396647], [16.143198, 45.396494], [16.142757, 45.395938], [16.143109, 45.396594], [16.142685, 45.397008], [16.143773, 45.397458], [16.143687, 45.397841], [16.142793, 45.397763], [16.142345, 45.397365], [16.141918, 45.398241], [16.140314, 45.398576], [16.138668, 45.400191], [16.138467, 45.400962], [16.137753, 45.401235], [16.136702, 45.400688], [16.136323, 45.399936], [16.134868, 45.399944], [16.133737, 45.399521], [16.132938, 45.399916], [16.134141, 45.398304], [16.132887, 45.398512], [16.131163, 45.398323], [16.131571, 45.400024], [16.13073, 45.402168], [16.13098, 45.403255], [16.131819, 45.403439], [16.133239, 45.40313], [16.133549, 45.403578], [16.133027, 45.404525], [16.13045, 45.404509], [16.129509, 45.404126], [16.128887, 45.40308], [16.127508, 45.404177], [16.126147, 45.404537], [16.126557, 45.405435], [16.126447, 45.406916], [16.127171, 45.40776], [16.128376, 45.407326], [16.128609, 45.406753], [16.130143, 45.406475], [16.131565, 45.406721], [16.131785, 45.407257], [16.131389, 45.407993], [16.129953, 45.408631], [16.127811, 45.40797], [16.128327, 45.409388], [16.126506, 45.411626], [16.127862, 45.411897], [16.12853, 45.412657], [16.129452, 45.4127], [16.130416, 45.412123], [16.131127, 45.412362], [16.131334, 45.413017], [16.130843, 45.413315], [16.130777, 45.414612], [16.130293, 45.415335], [16.130617, 45.415472], [16.132201, 45.41494], [16.132718, 45.41511], [16.132953, 45.415825], [16.132081, 45.41665], [16.13372, 45.417425], [16.134396, 45.417453], [16.134584, 45.419875], [16.136616, 45.42015], [16.13694, 45.420471], [16.136297, 45.421994], [16.135384, 45.422645], [16.135234, 45.425259], [16.134087, 45.425357], [16.131176, 45.42478], [16.130271, 45.424974], [16.129526, 45.425547], [16.130176, 45.427113], [16.131064, 45.427929], [16.131015, 45.428461], [16.132267, 45.428712], [16.132951, 45.428523], [16.132307, 45.430283], [16.131319, 45.431194], [16.135911, 45.431271], [16.138579, 45.430784], [16.140337, 45.431482], [16.14637, 45.432488], [16.147874, 45.431594], [16.149796, 45.431931], [16.151064, 45.430981], [16.15338, 45.430356], [16.155809, 45.430162], [16.158014, 45.429065], [16.159143, 45.429404], [16.160819, 45.430965], [16.162343, 45.431589], [16.165467, 45.428552], [16.166943, 45.42783], [16.170372, 45.428242], [16.171754, 45.428909], [16.172939, 45.428893]]]}, "properties": {"id": 15, "razina": "naselje", "name": "Glinska Poljana", "jls_name": "Petrinja", "jls_maticni_broj": "03280", "zupanija": "Sisačko-moslavačka", "area_km2": 9.7279, "stanovnistvo": 83, "palette_idx": 3, "source": "DGU rpj:naselje"}}, {"type": "Feature", "id": 16, "geometry": {"type": "Polygon", "coordinates": [[[16.160417, 45.401918], [16.161412, 45.403282], [16.161096, 45.40619], [16.162153, 45.406386], [16.162817, 45.405901], [16.164255, 45.405453], [16.165221, 45.405496], [16.166276, 45.404909], [16.168587, 45.404935], [16.169466, 45.405267], [16.169709, 45.406273], [16.169075, 45.406552], [16.170063, 45.407767], [16.170593, 45.409566], [16.170633, 45.409981], [16.169637, 45.410333], [16.166962, 45.410642], [16.166244, 45.413143], [16.165151, 45.415204], [16.163717, 45.41501], [16.163281, 45.416396], [16.16182, 45.416973], [16.161626, 45.417257], [16.162701, 45.417873], [16.163463, 45.417823], [16.163128, 45.419679], [16.164203, 45.420608], [16.164498, 45.421409], [16.16548, 45.421916], [16.166371, 45.423385], [16.168229, 45.424146], [16.16936, 45.42532], [16.171265, 45.426093], [16.176918, 45.4276], [16.177608, 45.428151], [16.177802, 45.429005], [16.179249, 45.429445], [16.181571, 45.429068], [16.181375, 45.43025], [16.182775, 45.431162], [16.183711, 45.430451], [16.187346, 45.433389], [16.188264, 45.433156], [16.189531, 45.434061], [16.19163, 45.432927], [16.191728, 45.433921], [16.193781, 45.434224], [16.194216, 45.434911], [16.196415, 45.435408], [16.198489, 45.437246], [16.198612, 45.437985], [16.199328, 45.438749], [16.199349, 45.440334], [16.199887, 45.440001], [16.200003, 45.440302], [16.201217, 45.439891], [16.201029, 45.439379], [16.203411, 45.437826], [16.202995, 45.437225], [16.202349, 45.437161], [16.202645, 45.436718], [16.202087, 45.436659], [16.20307, 45.435607], [16.204818, 45.434786], [16.205884, 45.434691], [16.208427, 45.436047], [16.209974, 45.435952], [16.209998, 45.43558], [16.210422, 45.435912], [16.211005, 45.435407], [16.211982, 45.4356], [16.211741, 45.435197], [16.212322, 45.435162], [16.212501, 45.434547], [16.213052, 45.434522], [16.213342, 45.433965], [16.214927, 45.433352], [16.214915, 45.432659], [16.214328, 45.43258], [16.213838, 45.432103], [16.214067, 45.431804], [16.214886, 45.431268], [16.215761, 45.430944], [16.216223, 45.431194], [16.21639, 45.430829], [16.216966, 45.430698], [16.215418, 45.42771], [16.217351, 45.426372], [16.2176, 45.4258], [16.216344, 45.424701], [16.215985, 45.423637], [16.217483, 45.422766], [16.217537, 45.422086], [16.218813, 45.420647], [16.221064, 45.419059], [16.221148, 45.418564], [16.222382, 45.41767], [16.222521, 45.416197], [16.223747, 45.413321], [16.222014, 45.41242], [16.219708, 45.414185], [16.218603, 45.41436], [16.216613, 45.414015], [16.215168, 45.413365], [16.214057, 45.411944], [16.211329, 45.410917], [16.20974, 45.409838], [16.207399, 45.40911], [16.205989, 45.408307], [16.203488, 45.405669], [16.200953, 45.407859], [16.20101, 45.409363], [16.198595, 45.410248], [16.195662, 45.41038], [16.195662, 45.4107], [16.191205, 45.411642], [16.190664, 45.411466], [16.191041, 45.411131], [16.190539, 45.40875], [16.190009, 45.407777], [16.189329, 45.407775], [16.189372, 45.407391], [16.188899, 45.407202], [16.18925, 45.407094], [16.189029, 45.406092], [16.189535, 45.405934], [16.189541, 45.404856], [16.190016, 45.404582], [16.189441, 45.404276], [16.189835, 45.403784], [16.189376, 45.402905], [16.189717, 45.402681], [16.190251, 45.403023], [16.19077, 45.402227], [16.190125, 45.401667], [16.189608, 45.40197], [16.188817, 45.401555], [16.189861, 45.400963], [16.18916, 45.40089], [16.188547, 45.400149], [16.189206, 45.400006], [16.189117, 45.399505], [16.190215, 45.39816], [16.190335, 45.397007], [16.190789, 45.396834], [16.189706, 45.395318], [16.189947, 45.394499], [16.189413, 45.394294], [16.189826, 45.393998], [16.189064, 45.393982], [16.188901, 45.393742], [16.189726, 45.393512], [16.189335, 45.393359], [16.189739, 45.392947], [16.189257, 45.392684], [16.189607, 45.392598], [16.189569, 45.392033], [16.189834, 45.392548], [16.191042, 45.391978], [16.190579, 45.391786], [16.190978, 45.390781], [16.190594, 45.390381], [16.190982, 45.3899], [16.190513, 45.389803], [16.19056, 45.389386], [16.189709, 45.388527], [16.190405, 45.388407], [16.190375, 45.388], [16.190993, 45.387888], [16.190295, 45.38732], [16.190843, 45.387136], [16.190776, 45.386424], [16.191414, 45.386244], [16.190772, 45.386066], [16.191198, 45.385774], [16.190211, 45.384942], [16.191055, 45.384804], [16.190375, 45.384389], [16.190619, 45.383444], [16.19029, 45.382991], [16.185806, 45.382514], [16.182204, 45.39077], [16.181889, 45.392057], [16.182538, 45.394268], [16.182081, 45.395189], [16.18081, 45.396091], [16.176121, 45.397172], [16.175302, 45.397065], [16.175042, 45.398566], [16.171414, 45.397878], [16.16935, 45.397148], [16.168852, 45.396081], [16.16599, 45.396551], [16.166146, 45.397998], [16.167578, 45.399406], [16.167151, 45.399781], [16.165409, 45.399915], [16.161747, 45.40085], [16.160775, 45.40123], [16.160417, 45.401918]]]}, "properties": {"id": 16, "razina": "naselje", "name": "Gora", "jls_name": "Petrinja", "jls_maticni_broj": "03280", "zupanija": "Sisačko-moslavačka", "area_km2": 13.8569, "stanovnistvo": 232, "palette_idx": 0, "source": "DGU rpj:naselje"}}, {"type": "Feature", "id": 17, "geometry": {"type": "Polygon", "coordinates": [[[16.286448, 45.381448], [16.284581, 45.380535], [16.285865, 45.378819], [16.28479, 45.377092], [16.284148, 45.376566], [16.28408, 45.375796], [16.28315, 45.37583], [16.282534, 45.375528], [16.282291, 45.37392], [16.28125, 45.373265], [16.281685, 45.372564], [16.279579, 45.371144], [16.27534, 45.367942], [16.274453, 45.366772], [16.272253, 45.365346], [16.267263, 45.363501], [16.26277, 45.363083], [16.260123, 45.362025], [16.257988, 45.361907], [16.255275, 45.364142], [16.251578, 45.365771], [16.244091, 45.366251], [16.238683, 45.368719], [16.239526, 45.369289], [16.241015, 45.36851], [16.245704, 45.367346], [16.247197, 45.36783], [16.247367, 45.367546], [16.247841, 45.367643], [16.249134, 45.368531], [16.252044, 45.368822], [16.252143, 45.370564], [16.248043, 45.371051], [16.248217, 45.371319], [16.246452, 45.371658], [16.246615, 45.371911], [16.246204, 45.372], [16.245889, 45.372657], [16.245132, 45.372796], [16.243514, 45.37391], [16.243498, 45.374212], [16.244347, 45.37446], [16.244353, 45.374751], [16.243691, 45.374852], [16.243696, 45.375446], [16.244344, 45.37514], [16.244494, 45.37555], [16.244099, 45.376263], [16.242835, 45.376332], [16.242834, 45.376521], [16.24396, 45.376585], [16.243848, 45.377255], [16.244734, 45.377175], [16.244834, 45.377652], [16.246728, 45.378462], [16.247305, 45.379385], [16.248103, 45.379832], [16.248338, 45.381417], [16.250157, 45.38071], [16.250605, 45.381197], [16.251575, 45.380498], [16.252447, 45.380367], [16.252332, 45.380167], [16.253352, 45.380008], [16.255572, 45.380951], [16.256478, 45.381799], [16.25769, 45.382128], [16.259909, 45.381496], [16.260326, 45.381921], [16.264329, 45.382829], [16.264606, 45.383934], [16.268819, 45.386138], [16.267962, 45.388423], [16.26723, 45.389013], [16.268554, 45.389558], [16.269394, 45.390374], [16.270378, 45.392217], [16.273147, 45.390241], [16.276619, 45.388811], [16.280271, 45.386675], [16.282083, 45.385225], [16.282378, 45.384545], [16.286448, 45.381448]]]}, "properties": {"id": 17, "razina": "naselje", "name": "Gornja Bačuga", "jls_name": "Petrinja", "jls_maticni_broj": "03280", "zupanija": "Sisačko-moslavačka", "area_km2": 6.2114, "stanovnistvo": 49, "palette_idx": 2, "source": "DGU rpj:naselje"}}, {"type": "Feature", "id": 18, "geometry": {"type": "Polygon", "coordinates": [[[16.33361, 45.345144], [16.3345, 45.344704], [16.335658, 45.342061], [16.336071, 45.338846], [16.335673, 45.336703], [16.335949, 45.336081], [16.334846, 45.335127], [16.334823, 45.334504], [16.334032, 45.334291], [16.331632, 45.332333], [16.331108, 45.33005], [16.332045, 45.328339], [16.332558, 45.327305], [16.33224, 45.327025], [16.329054, 45.327766], [16.328733, 45.327414], [16.326709, 45.32773], [16.327147, 45.327121], [16.326939, 45.326766], [16.323737, 45.327164], [16.321792, 45.326499], [16.320954, 45.32692], [16.318022, 45.329295], [16.318694, 45.329591], [16.318969, 45.330401], [16.319668, 45.330992], [16.319394, 45.331532], [16.31902, 45.331823], [16.318547, 45.331332], [16.318139, 45.331411], [16.317853, 45.332471], [16.317162, 45.332756], [16.317659, 45.333982], [16.318407, 45.334302], [16.318985, 45.335046], [16.318831, 45.336422], [16.316924, 45.337424], [16.314528, 45.337235], [16.315621, 45.34455], [16.315268, 45.354819], [16.314305, 45.361157], [16.31459, 45.361793], [16.314541, 45.363733], [16.314031, 45.364856], [16.314229, 45.365557], [16.316454, 45.36619], [16.318023, 45.365914], [16.321701, 45.364362], [16.32529, 45.361768], [16.325643, 45.361168], [16.324502, 45.359428], [16.324982, 45.358307], [16.322245, 45.356389], [16.321709, 45.355163], [16.322316, 45.351502], [16.323261, 45.349754], [16.324629, 45.34872], [16.327066, 45.347847], [16.331051, 45.345332], [16.33361, 45.345144]]]}, "properties": {"id": 18, "razina": "naselje", "name": "Gornja Mlinoga", "jls_name": "Petrinja", "jls_maticni_broj": "03280", "zupanija": "Sisačko-moslavačka", "area_km2": 4.2758, "stanovnistvo": 21, "palette_idx": 1, "source": "DGU rpj:naselje"}}, {"type": "Feature", "id": 19, "geometry": {"type": "Polygon", "coordinates": [[[16.332045, 45.328339], [16.332976, 45.328534], [16.334739, 45.327501], [16.336896, 45.327709], [16.337782, 45.328434], [16.337796, 45.329505], [16.340032, 45.331233], [16.342033, 45.331534], [16.341997, 45.33096], [16.343267, 45.330938], [16.344209, 45.330333], [16.344701, 45.328876], [16.346878, 45.327418], [16.347679, 45.327407], [16.349616, 45.32805], [16.34977, 45.32641], [16.349199, 45.32555], [16.350936, 45.324962], [16.351694, 45.323336], [16.351591, 45.321849], [16.352457, 45.320026], [16.351225, 45.318827], [16.340102, 45.310082], [16.338663, 45.310687], [16.337551, 45.312379], [16.33646, 45.313254], [16.334489, 45.314132], [16.333292, 45.315177], [16.334262, 45.317099], [16.332871, 45.316891], [16.33101, 45.318773], [16.328143, 45.319864], [16.328299, 45.320167], [16.326775, 45.320667], [16.323351, 45.320883], [16.322405, 45.320554], [16.321966, 45.321581], [16.324722, 45.321224], [16.324721, 45.322249], [16.325806, 45.322356], [16.325122, 45.322771], [16.325277, 45.323502], [16.32619, 45.324092], [16.327026, 45.324084], [16.32745, 45.323504], [16.328712, 45.323426], [16.331594, 45.324756], [16.332162, 45.324467], [16.332982, 45.326072], [16.332782, 45.326334], [16.33337, 45.326534], [16.332558, 45.327305], [16.332045, 45.328339]]]}, "properties": {"id": 19, "razina": "naselje", "name": "Gornja Pastuša", "jls_name": "Petrinja", "jls_maticni_broj": "03280", "zupanija": "Sisačko-moslavačka", "area_km2": 2.7244, "stanovnistvo": 22, "palette_idx": 3, "source": "DGU rpj:naselje"}}, {"type": "Feature", "id": 20, "geometry": {"type": "Polygon", "coordinates": [[[16.216966, 45.430698], [16.21639, 45.430829], [16.216223, 45.431194], [16.215761, 45.430944], [16.214886, 45.431268], [16.214067, 45.431804], [16.213838, 45.432103], [16.214328, 45.43258], [16.214915, 45.432659], [16.214927, 45.433352], [16.213342, 45.433965], [16.213052, 45.434522], [16.212501, 45.434547], [16.212322, 45.435162], [16.211741, 45.435197], [16.211982, 45.4356], [16.211005, 45.435407], [16.210422, 45.435912], [16.209998, 45.43558], [16.209974, 45.435952], [16.208427, 45.436047], [16.205884, 45.434691], [16.204818, 45.434786], [16.20307, 45.435607], [16.202087, 45.436659], [16.202645, 45.436718], [16.202349, 45.437161], [16.202995, 45.437225], [16.203411, 45.437826], [16.201029, 45.439379], [16.201217, 45.439891], [16.200003, 45.440302], [16.199887, 45.440001], [16.199349, 45.440334], [16.198624, 45.44103], [16.199354, 45.441163], [16.199003, 45.441663], [16.201338, 45.444167], [16.208681, 45.448581], [16.210434, 45.450477], [16.212241, 45.451475], [16.214718, 45.45451], [16.215608, 45.45451], [16.218656, 45.455409], [16.22199, 45.454977], [16.225009, 45.453883], [16.227369, 45.45266], [16.228382, 45.451789], [16.23498, 45.44499], [16.231559, 45.443313], [16.231064, 45.442813], [16.231285, 45.442335], [16.230664, 45.440855], [16.238178, 45.438885], [16.237039, 45.437841], [16.231036, 45.435862], [16.224784, 45.435934], [16.225258, 45.432624], [16.225665, 45.43266], [16.225869, 45.431785], [16.225556, 45.431659], [16.225646, 45.43116], [16.225282, 45.430912], [16.224697, 45.431014], [16.223082, 45.429888], [16.221613, 45.429792], [16.22102, 45.430089], [16.220611, 45.429913], [16.218626, 45.430994], [16.217948, 45.430488], [16.216966, 45.430698]]]}, "properties": {"id": 20, "razina": "naselje", "name": "Gornje Mokrice", "jls_name": "Petrinja", "jls_maticni_broj": "03280", "zupanija": "Sisačko-moslavačka", "area_km2": 4.9058, "stanovnistvo": 84, "palette_idx": 2, "source": "DGU rpj:naselje"}}, {"type": "Feature", "id": 21, "geometry": {"type": "Polygon", "coordinates": [[[16.185806, 45.382514], [16.186502, 45.381726], [16.186724, 45.379597], [16.187932, 45.377333], [16.188188, 45.375927], [16.18622, 45.375768], [16.186074, 45.375178], [16.18552, 45.374978], [16.183283, 45.374919], [16.179451, 45.376323], [16.176517, 45.376402], [16.174294, 45.37684], [16.173277, 45.376545], [16.17191, 45.376696], [16.169713, 45.375837], [16.16877, 45.376259], [16.167212, 45.375926], [16.16575, 45.376345], [16.164927, 45.377024], [16.164866, 45.37756], [16.16022, 45.377048], [16.159213, 45.377655], [16.157953, 45.377927], [16.156959, 45.376543], [16.157443, 45.374861], [16.158201, 45.374612], [16.156693, 45.372979], [16.155267, 45.374071], [16.1538, 45.375987], [16.153295, 45.37583], [16.153503, 45.376263], [16.150659, 45.378085], [16.151704, 45.378799], [16.151291, 45.379843], [16.152829, 45.379855], [16.151791, 45.381563], [16.152481, 45.381684], [16.152365, 45.385461], [16.150268, 45.386126], [16.151963, 45.387508], [16.149631, 45.389318], [16.155175, 45.390547], [16.15496, 45.391728], [16.153394, 45.391806], [16.152492, 45.391099], [16.151328, 45.392053], [16.152123, 45.392648], [16.151476, 45.39377], [16.151962, 45.395361], [16.153243, 45.395702], [16.155366, 45.397238], [16.156116, 45.397548], [16.156702, 45.397164], [16.157767, 45.398638], [16.160008, 45.398203], [16.161864, 45.398235], [16.161336, 45.399844], [16.160208, 45.401292], [16.160417, 45.401918], [16.160775, 45.40123], [16.161747, 45.40085], [16.165409, 45.399915], [16.167151, 45.399781], [16.167578, 45.399406], [16.166146, 45.397998], [16.16599, 45.396551], [16.168852, 45.396081], [16.16935, 45.397148], [16.171414, 45.397878], [16.175042, 45.398566], [16.175302, 45.397065], [16.176121, 45.397172], [16.18081, 45.396091], [16.182081, 45.395189], [16.182538, 45.394268], [16.181889, 45.392057], [16.182204, 45.39077], [16.185806, 45.382514]]]}, "properties": {"id": 21, "razina": "naselje", "name": "Graberje", "jls_name": "Petrinja", "jls_maticni_broj": "03280", "zupanija": "Sisačko-moslavačka", "area_km2": 6.0609, "stanovnistvo": 107, "palette_idx": 1, "source": "DGU rpj:naselje"}}, {"type": "Feature", "id": 22, "geometry": {"type": "Polygon", "coordinates": [[[16.266909, 45.33412], [16.266097, 45.332526], [16.267039, 45.33162], [16.267102, 45.33098], [16.26657, 45.328632], [16.266196, 45.328728], [16.266112, 45.326822], [16.264051, 45.325755], [16.261603, 45.327485], [16.261035, 45.327683], [16.258812, 45.327444], [16.258632, 45.327651], [16.25543, 45.326679], [16.250562, 45.326817], [16.248361, 45.32596], [16.246973, 45.326264], [16.24602, 45.325899], [16.24597, 45.325529], [16.244459, 45.324777], [16.243568, 45.323924], [16.241675, 45.323705], [16.241333, 45.323006], [16.239285, 45.3215], [16.238237, 45.321497], [16.236309, 45.320531], [16.235438, 45.320764], [16.234056, 45.319787], [16.23311, 45.319898], [16.232562, 45.31964], [16.23024, 45.319948], [16.227271, 45.321697], [16.226838, 45.322537], [16.225914, 45.323204], [16.226419, 45.323715], [16.224406, 45.324399], [16.222919, 45.324608], [16.217792, 45.324291], [16.215284, 45.325279], [16.212945, 45.327097], [16.215112, 45.329127], [16.21648, 45.333782], [16.218208, 45.334082], [16.218895, 45.334939], [16.219623, 45.33516], [16.220738, 45.336382], [16.220373, 45.336519], [16.220472, 45.337019], [16.221118, 45.337435], [16.223834, 45.337992], [16.224081, 45.338602], [16.224992, 45.338743], [16.225064, 45.339295], [16.225767, 45.339164], [16.22666, 45.340626], [16.226426, 45.341559], [16.227405, 45.341528], [16.227114, 45.341756], [16.227436, 45.342354], [16.22885, 45.343196], [16.22903, 45.343677], [16.228398, 45.344618], [16.227187, 45.344854], [16.227658, 45.345278], [16.227483, 45.346087], [16.226759, 45.346208], [16.226445, 45.347185], [16.225518, 45.347738], [16.226098, 45.348241], [16.233469, 45.351436], [16.23747, 45.350375], [16.239544, 45.348422], [16.242338, 45.347158], [16.240946, 45.347152], [16.240362, 45.34678], [16.240448, 45.345633], [16.240867, 45.345509], [16.240662, 45.345035], [16.239788, 45.345085], [16.23956, 45.344692], [16.240948, 45.344465], [16.240825, 45.343988], [16.24231, 45.343771], [16.242104, 45.343136], [16.244086, 45.342543], [16.246845, 45.342235], [16.246971, 45.339232], [16.24948, 45.338982], [16.251253, 45.33807], [16.253751, 45.337399], [16.257908, 45.336752], [16.25981, 45.336749], [16.261024, 45.335819], [16.261951, 45.334297], [16.262775, 45.333853], [16.265458, 45.33377], [16.266909, 45.33412]]]}, "properties": {"id": 22, "razina": "naselje", "name": "Grabovac Banski", "jls_name": "Petrinja", "jls_maticni_broj": "03280", "zupanija": "Sisačko-moslavačka", "area_km2": 7.4414, "stanovnistvo": 127, "palette_idx": 3, "source": "DGU rpj:naselje"}}, {"type": "Feature", "id": 23, "geometry": {"type": "Polygon", "coordinates": [[[16.294051, 45.407956], [16.293689, 45.407715], [16.293456, 45.405972], [16.294666, 45.405124], [16.296771, 45.405715], [16.297902, 45.40505], [16.298622, 45.405744], [16.29897, 45.405653], [16.299257, 45.404258], [16.298797, 45.403458], [16.298815, 45.402298], [16.300323, 45.401553], [16.301003, 45.40064], [16.300874, 45.39932], [16.300567, 45.398906], [16.299814, 45.39905], [16.2996, 45.398564], [16.30046, 45.397515], [16.299053, 45.39676], [16.299519, 45.396258], [16.3015, 45.396583], [16.301258, 45.394617], [16.30476, 45.394279], [16.304821, 45.393463], [16.303349, 45.392882], [16.303184, 45.392315], [16.305657, 45.390722], [16.307292, 45.390657], [16.307597, 45.389828], [16.307257, 45.389487], [16.305834, 45.389377], [16.3053, 45.388969], [16.304903, 45.389121], [16.304235, 45.388822], [16.304266, 45.388044], [16.302186, 45.387818], [16.302395, 45.386304], [16.303161, 45.385674], [16.302577, 45.38495], [16.301041, 45.38413], [16.299255, 45.382856], [16.296679, 45.382181], [16.294181, 45.382196], [16.292667, 45.381752], [16.291774, 45.382277], [16.289353, 45.382842], [16.288243, 45.382549], [16.286448, 45.381448], [16.282378, 45.384545], [16.282083, 45.385225], [16.280271, 45.386675], [16.276619, 45.388811], [16.273147, 45.390241], [16.270378, 45.392217], [16.270157, 45.392504], [16.270539, 45.392577], [16.270589, 45.393869], [16.270296, 45.394386], [16.267508, 45.395245], [16.261535, 45.394479], [16.261153, 45.394128], [16.260099, 45.394327], [16.258834, 45.392736], [16.25527, 45.39232], [16.254603, 45.39179], [16.252155, 45.391681], [16.250832, 45.392426], [16.249076, 45.392704], [16.246883, 45.394119], [16.245258, 45.396818], [16.243784, 45.396827], [16.243756, 45.397833], [16.244386, 45.398554], [16.243812, 45.398633], [16.243768, 45.399222], [16.24497, 45.400291], [16.245051, 45.401101], [16.245904, 45.401355], [16.245919, 45.402167], [16.246466, 45.40261], [16.245719, 45.404226], [16.247079, 45.405965], [16.246527, 45.406477], [16.246443, 45.407616], [16.246921, 45.408251], [16.246817, 45.408906], [16.247576, 45.409579], [16.248154, 45.409572], [16.24895, 45.408569], [16.25095, 45.408191], [16.251108, 45.407917], [16.254904, 45.408488], [16.255387, 45.408959], [16.256492, 45.408839], [16.259185, 45.407614], [16.258531, 45.406287], [16.259678, 45.404795], [16.261527, 45.403999], [16.26221, 45.402378], [16.265617, 45.402436], [16.267228, 45.401915], [16.2684, 45.402237], [16.269598, 45.40186], [16.270416, 45.402371], [16.271673, 45.402325], [16.27257, 45.401954], [16.273622, 45.402307], [16.27462, 45.402043], [16.275843, 45.402258], [16.276243, 45.403241], [16.277515, 45.403259], [16.279159, 45.404463], [16.279794, 45.403974], [16.281214, 45.403721], [16.282279, 45.403999], [16.281988, 45.404674], [16.282991, 45.404957], [16.282809, 45.405582], [16.281013, 45.406719], [16.278635, 45.407645], [16.280272, 45.410085], [16.280867, 45.410783], [16.28205, 45.410923], [16.283305, 45.410638], [16.283371, 45.411127], [16.284558, 45.411722], [16.285887, 45.413164], [16.285894, 45.414551], [16.287635, 45.415984], [16.28878, 45.415154], [16.290726, 45.414927], [16.291318, 45.412794], [16.29112, 45.412247], [16.292227, 45.410924], [16.293989, 45.410383], [16.294051, 45.407956]]]}, "properties": {"id": 23, "razina": "naselje", "name": "Hrastovica", "jls_name": "Petrinja", "jls_maticni_broj": "03280", "zupanija": "Sisačko-moslavačka", "area_km2": 8.8977, "stanovnistvo": 402, "palette_idx": 1, "source": "DGU rpj:naselje"}}, {"type": "Feature", "id": 24, "geometry": {"type": "Polygon", "coordinates": [[[16.294694, 45.365234], [16.291468, 45.359738], [16.282857, 45.352632], [16.282034, 45.352769], [16.281795, 45.353315], [16.280388, 45.353559], [16.279204, 45.35428], [16.280696, 45.355947], [16.281091, 45.356932], [16.279478, 45.358039], [16.27805, 45.35956], [16.278465, 45.361168], [16.279073, 45.361922], [16.275332, 45.363931], [16.275352, 45.366288], [16.276144, 45.367181], [16.278688, 45.368297], [16.278057, 45.369191], [16.279579, 45.371144], [16.281685, 45.372564], [16.28125, 45.373265], [16.282291, 45.37392], [16.282534, 45.375528], [16.28315, 45.37583], [16.28408, 45.375796], [16.284148, 45.376566], [16.28479, 45.377092], [16.28638, 45.376004], [16.28688, 45.375165], [16.288235, 45.374774], [16.288622, 45.37321], [16.291278, 45.372491], [16.291072, 45.372076], [16.291821, 45.371763], [16.291845, 45.370897], [16.291162, 45.370876], [16.291445, 45.37038], [16.290384, 45.369446], [16.291495, 45.368554], [16.292313, 45.36696], [16.294332, 45.365988], [16.294694, 45.365234]]]}, "properties": {"id": 24, "razina": "naselje", "name": "Hrvatski Čuntić", "jls_name": "Petrinja", "jls_maticni_broj": "03280", "zupanija": "Sisačko-moslavačka", "area_km2": 2.2743, "stanovnistvo": 42, "palette_idx": 1, "source": "DGU rpj:naselje"}}, {"type": "Feature", "id": 25, "geometry": {"type": "Polygon", "coordinates": [[[16.29476, 45.332536], [16.294745, 45.333349], [16.29387, 45.334341], [16.294593, 45.334787], [16.294606, 45.33541], [16.2955, 45.336215], [16.29548, 45.336809], [16.298152, 45.337297], [16.298276, 45.33778], [16.301492, 45.337573], [16.304685, 45.338654], [16.30608, 45.338809], [16.308191, 45.338618], [16.314528, 45.337235], [16.316924, 45.337424], [16.318831, 45.336422], [16.318985, 45.335046], [16.318407, 45.334302], [16.317659, 45.333982], [16.317162, 45.332756], [16.317853, 45.332471], [16.318139, 45.331411], [16.318547, 45.331332], [16.31902, 45.331823], [16.319394, 45.331532], [16.319668, 45.330992], [16.318969, 45.330401], [16.318694, 45.329591], [16.318022, 45.329295], [16.320954, 45.32692], [16.321792, 45.326499], [16.323737, 45.327164], [16.326939, 45.326766], [16.327147, 45.327121], [16.326709, 45.32773], [16.328733, 45.327414], [16.329054, 45.327766], [16.33224, 45.327025], [16.332558, 45.327305], [16.33337, 45.326534], [16.332782, 45.326334], [16.332982, 45.326072], [16.332162, 45.324467], [16.331594, 45.324756], [16.328712, 45.323426], [16.32745, 45.323504], [16.327026, 45.324084], [16.32619, 45.324092], [16.325277, 45.323502], [16.325122, 45.322771], [16.325806, 45.322356], [16.324721, 45.322249], [16.324722, 45.321224], [16.321966, 45.321581], [16.322405, 45.320554], [16.323351, 45.320883], [16.326775, 45.320667], [16.328299, 45.320167], [16.328143, 45.319864], [16.33101, 45.318773], [16.332871, 45.316891], [16.334262, 45.317099], [16.333292, 45.315177], [16.331669, 45.311979], [16.326969, 45.313002], [16.324204, 45.309924], [16.322903, 45.311031], [16.321893, 45.311406], [16.317436, 45.311492], [16.316242, 45.311221], [16.315887, 45.311571], [16.314424, 45.311626], [16.312489, 45.310709], [16.310972, 45.311589], [16.310372, 45.311485], [16.310525, 45.311851], [16.31001, 45.311909], [16.308997, 45.31297], [16.307031, 45.314026], [16.303027, 45.314414], [16.303422, 45.316602], [16.302916, 45.316861], [16.302099, 45.318815], [16.299967, 45.317707], [16.297333, 45.318048], [16.2966, 45.318526], [16.296865, 45.320294], [16.294627, 45.321503], [16.294155, 45.322745], [16.29297, 45.323037], [16.292868, 45.322847], [16.289878, 45.323893], [16.290645, 45.325166], [16.291264, 45.325569], [16.292254, 45.325624], [16.293314, 45.327034], [16.292479, 45.331115], [16.29476, 45.332536]]]}, "properties": {"id": 25, "razina": "naselje", "name": "Jabukovac", "jls_name": "Petrinja", "jls_maticni_broj": "03280", "zupanija": "Sisačko-moslavačka", "area_km2": 6.6203, "stanovnistvo": 110, "palette_idx": 0, "source": "DGU rpj:naselje"}}, {"type": "Feature", "id": 26, "geometry": {"type": "Polygon", "coordinates": [[[16.363707, 45.341932], [16.36518, 45.341645], [16.366953, 45.341895], [16.368311, 45.340321], [16.369695, 45.341072], [16.370869, 45.340077], [16.371211, 45.339263], [16.370339, 45.338351], [16.369408, 45.337929], [16.370452, 45.335801], [16.371064, 45.335624], [16.372065, 45.335823], [16.372335, 45.336433], [16.372928, 45.336434], [16.373723, 45.33701], [16.374793, 45.336641], [16.374842, 45.336306], [16.375697, 45.336307], [16.376676, 45.337205], [16.378597, 45.336329], [16.380704, 45.336639], [16.38087, 45.336338], [16.38448, 45.335753], [16.383977, 45.335343], [16.384033, 45.333388], [16.383429, 45.332819], [16.382499, 45.332067], [16.381653, 45.332533], [16.37985, 45.331529], [16.379584, 45.329441], [16.380316, 45.329013], [16.379963, 45.327855], [16.379072, 45.326913], [16.379379, 45.326697], [16.379139, 45.326294], [16.377959, 45.326062], [16.375707, 45.323362], [16.374489, 45.32261], [16.377432, 45.320967], [16.376233, 45.319595], [16.376828, 45.318456], [16.375725, 45.315328], [16.376049, 45.314189], [16.374408, 45.313146], [16.373359, 45.313288], [16.374088, 45.310615], [16.372859, 45.309435], [16.373652, 45.305156], [16.373182, 45.304915], [16.370708, 45.304794], [16.369137, 45.3052], [16.367869, 45.307096], [16.36689, 45.307233], [16.365797, 45.309478], [16.367711, 45.310076], [16.367536, 45.310753], [16.36488, 45.312729], [16.365915, 45.313346], [16.365664, 45.314033], [16.363568, 45.315957], [16.3629, 45.317093], [16.362322, 45.316639], [16.361106, 45.316741], [16.360896, 45.31613], [16.359478, 45.315835], [16.358864, 45.315957], [16.35836, 45.31681], [16.357222, 45.317352], [16.35672, 45.318827], [16.356303, 45.318511], [16.352981, 45.318226], [16.351225, 45.318827], [16.352457, 45.320026], [16.351591, 45.321849], [16.351694, 45.323336], [16.350936, 45.324962], [16.349199, 45.32555], [16.34977, 45.32641], [16.349616, 45.32805], [16.347679, 45.327407], [16.346878, 45.327418], [16.344701, 45.328876], [16.344209, 45.330333], [16.343267, 45.330938], [16.341997, 45.33096], [16.342033, 45.331534], [16.340032, 45.331233], [16.337796, 45.329505], [16.337782, 45.328434], [16.336896, 45.327709], [16.334739, 45.327501], [16.332976, 45.328534], [16.332045, 45.328339], [16.331108, 45.33005], [16.331632, 45.332333], [16.334032, 45.334291], [16.334823, 45.334504], [16.334846, 45.335127], [16.335949, 45.336081], [16.335673, 45.336703], [16.336071, 45.338846], [16.335658, 45.342061], [16.3345, 45.344704], [16.33361, 45.345144], [16.333982, 45.345779], [16.335296, 45.345382], [16.336457, 45.345019], [16.343868, 45.345594], [16.344312, 45.346764], [16.346178, 45.346313], [16.347236, 45.348016], [16.347617, 45.348325], [16.348065, 45.348181], [16.348446, 45.347004], [16.350078, 45.346801], [16.350972, 45.34612], [16.351644, 45.346146], [16.352366, 45.345696], [16.352889, 45.346535], [16.353672, 45.346924], [16.354184, 45.347085], [16.355152, 45.346707], [16.357609, 45.345026], [16.360508, 45.344495], [16.36068, 45.343248], [16.361393, 45.34334], [16.362797, 45.342922], [16.362889, 45.341851], [16.363707, 45.341932]]]}, "properties": {"id": 26, "razina": "naselje", "name": "Jošavica", "jls_name": "Petrinja", "jls_maticni_broj": "03280", "zupanija": "Sisačko-moslavačka", "area_km2": 9.2651, "stanovnistvo": 62, "palette_idx": 0, "source": "DGU rpj:naselje"}}, {"type": "Feature", "id": 27, "geometry": {"type": "Polygon", "coordinates": [[[16.314229, 45.365557], [16.314031, 45.364856], [16.314541, 45.363733], [16.31459, 45.361793], [16.314305, 45.361157], [16.310459, 45.359947], [16.308121, 45.361772], [16.307077, 45.362211], [16.305669, 45.362148], [16.302078, 45.361913], [16.300427, 45.361318], [16.297543, 45.365479], [16.296866, 45.364802], [16.295537, 45.364556], [16.294694, 45.365234], [16.294332, 45.365988], [16.292313, 45.36696], [16.291495, 45.368554], [16.290384, 45.369446], [16.291445, 45.37038], [16.291162, 45.370876], [16.291845, 45.370897], [16.291821, 45.371763], [16.291072, 45.372076], [16.291278, 45.372491], [16.288622, 45.37321], [16.288235, 45.374774], [16.28688, 45.375165], [16.28638, 45.376004], [16.28479, 45.377092], [16.285865, 45.378819], [16.284581, 45.380535], [16.286448, 45.381448], [16.288243, 45.382549], [16.289353, 45.382842], [16.291774, 45.382277], [16.292667, 45.381752], [16.294181, 45.382196], [16.296679, 45.382181], [16.299255, 45.382856], [16.301041, 45.38413], [16.301616, 45.383444], [16.304342, 45.383265], [16.305065, 45.382332], [16.307644, 45.381349], [16.308243, 45.381438], [16.308793, 45.380991], [16.308618, 45.380641], [16.307371, 45.380878], [16.307105, 45.380538], [16.307532, 45.379776], [16.309336, 45.379474], [16.310475, 45.37988], [16.310737, 45.379536], [16.309665, 45.378377], [16.309979, 45.378236], [16.311098, 45.378756], [16.312352, 45.378285], [16.312774, 45.378617], [16.312874, 45.378112], [16.312355, 45.377653], [16.31424, 45.377565], [16.314039, 45.377284], [16.315757, 45.376249], [16.314694, 45.376211], [16.314638, 45.375471], [16.314849, 45.375005], [16.315605, 45.37508], [16.315939, 45.374469], [16.316066, 45.37217], [16.318304, 45.37131], [16.317288, 45.371222], [16.316396, 45.37066], [16.316431, 45.369792], [16.316867, 45.369337], [16.316294, 45.368784], [16.316358, 45.368173], [16.314433, 45.367097], [16.314229, 45.365557]]]}, "properties": {"id": 27, "razina": "naselje", "name": "Klinac", "jls_name": "Petrinja", "jls_maticni_broj": "03280", "zupanija": "Sisačko-moslavačka", "area_km2": 4.2915, "stanovnistvo": 16, "palette_idx": 0, "source": "DGU rpj:naselje"}}, {"type": "Feature", "id": 28, "geometry": {"type": "Polygon", "coordinates": [[[16.394813, 45.335989], [16.395985, 45.333665], [16.394242, 45.332713], [16.395122, 45.331565], [16.399643, 45.328531], [16.401145, 45.327954], [16.399062, 45.325787], [16.398992, 45.326134], [16.397474, 45.326467], [16.395744, 45.325743], [16.396452, 45.325109], [16.393909, 45.323874], [16.394112, 45.32343], [16.392568, 45.32233], [16.394376, 45.322005], [16.394543, 45.321762], [16.393632, 45.319869], [16.394418, 45.31956], [16.393552, 45.318561], [16.393303, 45.317189], [16.391782, 45.31692], [16.391762, 45.314597], [16.39218, 45.313629], [16.393132, 45.313253], [16.395168, 45.311653], [16.397836, 45.310495], [16.396757, 45.308792], [16.396926, 45.307552], [16.397705, 45.306831], [16.398426, 45.305291], [16.397305, 45.302273], [16.394891, 45.302433], [16.394448, 45.302151], [16.388328, 45.295588], [16.386565, 45.296021], [16.385543, 45.295484], [16.3817, 45.294492], [16.381883, 45.293596], [16.379811, 45.291835], [16.379626, 45.289982], [16.375141, 45.287827], [16.374494, 45.287128], [16.372871, 45.286845], [16.372618, 45.28554], [16.370574, 45.283931], [16.370154, 45.282124], [16.36882, 45.280136], [16.367835, 45.279492], [16.366349, 45.279155], [16.364056, 45.276839], [16.362745, 45.276591], [16.360621, 45.276888], [16.357721, 45.278021], [16.355264, 45.276784], [16.354488, 45.275246], [16.352704, 45.274741], [16.350102, 45.271592], [16.350129, 45.270781], [16.349134, 45.269952], [16.347799, 45.267493], [16.346111, 45.265643], [16.345223, 45.264077], [16.346857, 45.26252], [16.347157, 45.261456], [16.34962, 45.258385], [16.348942, 45.256761], [16.349077, 45.255868], [16.348419, 45.254973], [16.347563, 45.254001], [16.346166, 45.253937], [16.346234, 45.253368], [16.345569, 45.252442], [16.345601, 45.25074], [16.34403, 45.248751], [16.342468, 45.245343], [16.342426, 45.244266], [16.340776, 45.2437], [16.336958, 45.24382], [16.335167, 45.244945], [16.335563, 45.247429], [16.336603, 45.248519], [16.338274, 45.249486], [16.338154, 45.250398], [16.339876, 45.253031], [16.339312, 45.253172], [16.338852, 45.253825], [16.33902, 45.255836], [16.340187, 45.257172], [16.340317, 45.258556], [16.341164, 45.260155], [16.340684, 45.260507], [16.341105, 45.262334], [16.340682, 45.263262], [16.340867, 45.263836], [16.340052, 45.264666], [16.339635, 45.266165], [16.341651, 45.267798], [16.342551, 45.270246], [16.343321, 45.271008], [16.344957, 45.271814], [16.345248, 45.272871], [16.346039, 45.273384], [16.345291, 45.274008], [16.345249, 45.274736], [16.346008, 45.274873], [16.346884, 45.27551], [16.346606, 45.276496], [16.347377, 45.276789], [16.347734, 45.277436], [16.348216, 45.27748], [16.349102, 45.278585], [16.351508, 45.278944], [16.351574, 45.280179], [16.353224, 45.281427], [16.353959, 45.280986], [16.354646, 45.281251], [16.355747, 45.281144], [16.356135, 45.282244], [16.356997, 45.282952], [16.358609, 45.283531], [16.358715, 45.284011], [16.360568, 45.283832], [16.361071, 45.284355], [16.361889, 45.284545], [16.362993, 45.28618], [16.364807, 45.286029], [16.365874, 45.287379], [16.367737, 45.288686], [16.370067, 45.289131], [16.370886, 45.289762], [16.37064, 45.290182], [16.371723, 45.291364], [16.371668, 45.291914], [16.374123, 45.294643], [16.374197, 45.29594], [16.373847, 45.296323], [16.374536, 45.296688], [16.374613, 45.297169], [16.375205, 45.297229], [16.375333, 45.29778], [16.375976, 45.297793], [16.376487, 45.298742], [16.376557, 45.300104], [16.376059, 45.301074], [16.374295, 45.301836], [16.374006, 45.302319], [16.372885, 45.302465], [16.372322, 45.302861], [16.37229, 45.303101], [16.373429, 45.303527], [16.373182, 45.304915], [16.373652, 45.305156], [16.372859, 45.309435], [16.374088, 45.310615], [16.373359, 45.313288], [16.374408, 45.313146], [16.376049, 45.314189], [16.375725, 45.315328], [16.376828, 45.318456], [16.376233, 45.319595], [16.377432, 45.320967], [16.374489, 45.32261], [16.375707, 45.323362], [16.377959, 45.326062], [16.379139, 45.326294], [16.379379, 45.326697], [16.379072, 45.326913], [16.379963, 45.327855], [16.380316, 45.329013], [16.379584, 45.329441], [16.37985, 45.331529], [16.381653, 45.332533], [16.382499, 45.332067], [16.383429, 45.332819], [16.384033, 45.333388], [16.383977, 45.335343], [16.38448, 45.335753], [16.386883, 45.336342], [16.38746, 45.337051], [16.388477, 45.33739], [16.389683, 45.336635], [16.392529, 45.335909], [16.394813, 45.335989]]]}, "properties": {"id": 28, "razina": "naselje", "name": "Komogovina", "jls_name": "Petrinja", "jls_maticni_broj": "03280", "zupanija": "Sisačko-moslavačka", "area_km2": 10.3507, "stanovnistvo": 76, "palette_idx": 2, "source": "DGU rpj:naselje"}}, {"type": "Feature", "id": 29, "geometry": {"type": "Polygon", "coordinates": [[[16.29476, 45.332536], [16.292479, 45.331115], [16.293314, 45.327034], [16.292254, 45.325624], [16.291264, 45.325569], [16.290645, 45.325166], [16.289878, 45.323893], [16.290117, 45.323548], [16.289274, 45.323214], [16.289202, 45.322871], [16.289401, 45.321172], [16.28781, 45.319753], [16.288147, 45.318742], [16.286146, 45.318226], [16.285409, 45.318827], [16.284874, 45.318803], [16.281924, 45.319716], [16.281036, 45.320699], [16.276854, 45.322156], [16.276363, 45.321503], [16.273453, 45.321695], [16.270336, 45.321107], [16.269941, 45.321491], [16.26832, 45.321563], [16.266422, 45.320901], [16.264299, 45.320625], [16.263877, 45.323052], [16.26603, 45.324174], [16.2669, 45.326103], [16.266112, 45.326822], [16.266196, 45.328728], [16.26657, 45.328632], [16.267102, 45.33098], [16.267039, 45.33162], [16.266097, 45.332526], [16.266909, 45.33412], [16.270719, 45.332187], [16.270733, 45.332838], [16.273739, 45.33354], [16.274613, 45.333476], [16.275735, 45.332786], [16.276595, 45.333096], [16.276823, 45.332769], [16.277651, 45.332964], [16.279022, 45.332079], [16.280392, 45.331707], [16.280918, 45.331059], [16.280093, 45.330305], [16.281247, 45.329959], [16.282894, 45.330526], [16.282785, 45.330948], [16.28359, 45.331905], [16.284577, 45.331213], [16.285564, 45.332113], [16.286852, 45.331614], [16.287556, 45.332045], [16.287184, 45.333031], [16.286086, 45.334224], [16.286691, 45.335636], [16.287669, 45.336059], [16.288591, 45.335469], [16.288409, 45.334769], [16.28887, 45.33483], [16.290367, 45.33402], [16.290362, 45.33317], [16.293255, 45.33268], [16.29372, 45.332957], [16.29476, 45.332536]]]}, "properties": {"id": 29, "razina": "naselje", "name": "Kraljevčani", "jls_name": "Petrinja", "jls_maticni_broj": "03280", "zupanija": "Sisačko-moslavačka", "area_km2": 2.7297, "stanovnistvo": 56, "palette_idx": 2, "source": "DGU rpj:naselje"}}, {"type": "Feature", "id": 30, "geometry": {"type": "Polygon", "coordinates": [[[16.23673, 45.432213], [16.239487, 45.431464], [16.241277, 45.43169], [16.241796, 45.431194], [16.240716, 45.430267], [16.241286, 45.430228], [16.242173, 45.429501], [16.244398, 45.428859], [16.245018, 45.428009], [16.244355, 45.427099], [16.245604, 45.42716], [16.248207, 45.425844], [16.250103, 45.425434], [16.2531, 45.425353], [16.253773, 45.426243], [16.254324, 45.426244], [16.256305, 45.430876], [16.25973, 45.429039], [16.26244, 45.426992], [16.263032, 45.426239], [16.262765, 45.424875], [16.263678, 45.4245], [16.26472, 45.423029], [16.261322, 45.420826], [16.259691, 45.42033], [16.256143, 45.420746], [16.253468, 45.420525], [16.25238, 45.42008], [16.251939, 45.418626], [16.252938, 45.415236], [16.251839, 45.414026], [16.251103, 45.412215], [16.250104, 45.411457], [16.249086, 45.411226], [16.247576, 45.409579], [16.246817, 45.408906], [16.246921, 45.408251], [16.246443, 45.407616], [16.246147, 45.409303], [16.246537, 45.410064], [16.247749, 45.411144], [16.25017, 45.412497], [16.250245, 45.414998], [16.248166, 45.417044], [16.246369, 45.417888], [16.242581, 45.417893], [16.240448, 45.418854], [16.239703, 45.418699], [16.239261, 45.419059], [16.237452, 45.419198], [16.237332, 45.418915], [16.236831, 45.419183], [16.236349, 45.418558], [16.231989, 45.418734], [16.231003, 45.418354], [16.23042, 45.417096], [16.230075, 45.417107], [16.229972, 45.417899], [16.229056, 45.418292], [16.228865, 45.419566], [16.229295, 45.42041], [16.228432, 45.421036], [16.228608, 45.421586], [16.228194, 45.421818], [16.228767, 45.422281], [16.228602, 45.422787], [16.229102, 45.423951], [16.231826, 45.424809], [16.23673, 45.432213]]]}, "properties": {"id": 30, "razina": "naselje", "name": "Križ Hrastovački", "jls_name": "Petrinja", "jls_maticni_broj": "03280", "zupanija": "Sisačko-moslavačka", "area_km2": 2.8695, "stanovnistvo": 139, "palette_idx": 3, "source": "DGU rpj:naselje"}}, {"type": "Feature", "id": 31, "geometry": {"type": "Polygon", "coordinates": [[[16.222564, 45.383446], [16.223103, 45.3828], [16.224487, 45.38354], [16.224168, 45.380827], [16.225497, 45.379818], [16.225813, 45.380292], [16.227432, 45.379997], [16.227363, 45.379261], [16.228726, 45.378948], [16.228843, 45.376704], [16.228536, 45.376015], [16.228879, 45.375057], [16.230348, 45.373512], [16.230214, 45.372546], [16.232459, 45.371557], [16.233516, 45.369946], [16.234193, 45.369654], [16.234909, 45.368193], [16.235709, 45.368053], [16.23588, 45.367723], [16.236073, 45.36646], [16.23544, 45.366636], [16.235094, 45.365657], [16.234116, 45.365518], [16.233905, 45.364812], [16.232977, 45.364823], [16.233858, 45.364302], [16.23249, 45.363987], [16.232929, 45.36338], [16.232728, 45.363025], [16.23089, 45.363293], [16.230706, 45.362526], [16.230048, 45.362369], [16.230165, 45.361917], [16.230843, 45.361959], [16.230853, 45.361575], [16.229634, 45.360989], [16.228924, 45.361191], [16.228445, 45.360874], [16.227705, 45.361012], [16.227723, 45.360559], [16.228264, 45.360521], [16.227819, 45.359967], [16.228441, 45.359428], [16.22771, 45.35931], [16.228234, 45.358835], [16.227565, 45.358518], [16.227494, 45.357868], [16.228438, 45.358048], [16.228899, 45.35774], [16.228557, 45.357328], [16.22912, 45.357014], [16.228875, 45.356638], [16.229398, 45.356193], [16.228576, 45.355566], [16.229201, 45.355462], [16.228716, 45.355162], [16.229174, 45.35518], [16.229177, 45.354554], [16.227717, 45.353938], [16.227367, 45.354034], [16.227346, 45.353732], [16.226394, 45.35398], [16.225778, 45.353518], [16.225344, 45.352133], [16.224788, 45.352115], [16.224756, 45.351687], [16.224061, 45.35152], [16.224832, 45.35116], [16.224591, 45.349978], [16.225214, 45.349883], [16.225547, 45.349186], [16.224982, 45.348559], [16.225513, 45.348657], [16.226098, 45.348241], [16.225518, 45.347738], [16.226445, 45.347185], [16.226759, 45.346208], [16.227483, 45.346087], [16.227658, 45.345278], [16.227187, 45.344854], [16.228398, 45.344618], [16.22903, 45.343677], [16.22885, 45.343196], [16.227436, 45.342354], [16.227114, 45.341756], [16.227405, 45.341528], [16.226426, 45.341559], [16.22666, 45.340626], [16.225767, 45.339164], [16.225064, 45.339295], [16.224992, 45.338743], [16.224081, 45.338602], [16.223834, 45.337992], [16.221118, 45.337435], [16.220472, 45.337019], [16.220373, 45.336519], [16.220738, 45.336382], [16.219623, 45.33516], [16.218895, 45.334939], [16.218208, 45.334082], [16.21648, 45.333782], [16.215112, 45.329127], [16.212945, 45.327097], [16.211508, 45.328185], [16.20853, 45.332251], [16.208242, 45.33383], [16.209305, 45.336978], [16.207073, 45.338888], [16.206163, 45.340387], [16.206196, 45.341734], [16.205, 45.342434], [16.204, 45.344382], [16.202843, 45.345087], [16.201679, 45.347371], [16.20184, 45.348662], [16.198092, 45.35119], [16.199866, 45.351686], [16.198984, 45.352667], [16.198004, 45.352345], [16.19758, 45.352812], [16.196231, 45.353243], [16.196859, 45.354029], [16.195828, 45.354936], [16.195436, 45.356595], [16.198953, 45.356536], [16.199684, 45.357717], [16.201296, 45.358391], [16.202294, 45.35788], [16.203564, 45.358034], [16.201958, 45.36031], [16.201064, 45.364], [16.199888, 45.364801], [16.197293, 45.365729], [16.19657, 45.366454], [16.196703, 45.366985], [16.196789, 45.367979], [16.196187, 45.368677], [16.191423, 45.372446], [16.194827, 45.372583], [16.196828, 45.37209], [16.197064, 45.372725], [16.198326, 45.373726], [16.199472, 45.375683], [16.199096, 45.376802], [16.197998, 45.377432], [16.198572, 45.377706], [16.198431, 45.379419], [16.198977, 45.379697], [16.19898, 45.380167], [16.197028, 45.380932], [16.20136, 45.38274], [16.203379, 45.384033], [16.205938, 45.384642], [16.207287, 45.38364], [16.209228, 45.383243], [16.210181, 45.383516], [16.213075, 45.385351], [16.214936, 45.385842], [16.216505, 45.385693], [16.21931, 45.381237], [16.222564, 45.383446]]]}, "properties": {"id": 31, "razina": "naselje", "name": "Luščani", "jls_name": "Petrinja", "jls_maticni_broj": "03280", "zupanija": "Sisačko-moslavačka", "area_km2": 12.2003, "stanovnistvo": 87, "palette_idx": 1, "source": "DGU rpj:naselje"}}, {"type": "Feature", "id": 32, "geometry": {"type": "Polygon", "coordinates": [[[16.273204, 45.481611], [16.271583, 45.469511], [16.270738, 45.467089], [16.268592, 45.468539], [16.267607, 45.468771], [16.263216, 45.469314], [16.260465, 45.468934], [16.256932, 45.467898], [16.255651, 45.466686], [16.25522, 45.465355], [16.251919, 45.464918], [16.252379, 45.464276], [16.248774, 45.463632], [16.248355, 45.46439], [16.243174, 45.467264], [16.239291, 45.467631], [16.235784, 45.46668], [16.232293, 45.466574], [16.227262, 45.466854], [16.22281, 45.468349], [16.223773, 45.469438], [16.221894, 45.472777], [16.221714, 45.474316], [16.221995, 45.476249], [16.222647, 45.477247], [16.224669, 45.478459], [16.225705, 45.478583], [16.229823, 45.477678], [16.235088, 45.475512], [16.238156, 45.475577], [16.239728, 45.476296], [16.240104, 45.47677], [16.239998, 45.478258], [16.236324, 45.480205], [16.238599, 45.483604], [16.240971, 45.48296], [16.242134, 45.484587], [16.243987, 45.484808], [16.245968, 45.487452], [16.246538, 45.487431], [16.246993, 45.488031], [16.247117, 45.489742], [16.246699, 45.490906], [16.247273, 45.492911], [16.248543, 45.494411], [16.249358, 45.494992], [16.251505, 45.495114], [16.252743, 45.495724], [16.255346, 45.497897], [16.257187, 45.497883], [16.25858, 45.497825], [16.263882, 45.495621], [16.266177, 45.494396], [16.268134, 45.492552], [16.270249, 45.489216], [16.270581, 45.486485], [16.269916, 45.484705], [16.272225, 45.483587], [16.274044, 45.482054], [16.273204, 45.481611]]]}, "properties": {"id": 32, "razina": "naselje", "name": "Mala Gorica", "jls_name": "Petrinja", "jls_maticni_broj": "03280", "zupanija": "Sisačko-moslavačka", "area_km2": 8.7499, "stanovnistvo": 296, "palette_idx": 0, "source": "DGU rpj:naselje"}}, {"type": "Feature", "id": 33, "geometry": {"type": "Polygon", "coordinates": [[[16.313308, 45.279104], [16.30737, 45.278239], [16.284162, 45.283469], [16.282795, 45.285581], [16.283456, 45.286592], [16.281825, 45.28669], [16.281225, 45.287522], [16.280688, 45.288149], [16.280974, 45.288542], [16.281791, 45.288778], [16.283, 45.288456], [16.283292, 45.289641], [16.285256, 45.290745], [16.284794, 45.291426], [16.285072, 45.292115], [16.28449, 45.293877], [16.284356, 45.294506], [16.285245, 45.294907], [16.284894, 45.296296], [16.286133, 45.297266], [16.285882, 45.298065], [16.284755, 45.298127], [16.28453, 45.299121], [16.285167, 45.29949], [16.286079, 45.299448], [16.286506, 45.300053], [16.28779, 45.300206], [16.288146, 45.301097], [16.289087, 45.301215], [16.289927, 45.300879], [16.290928, 45.301449], [16.291575, 45.301321], [16.291892, 45.300852], [16.292922, 45.301185], [16.293162, 45.300839], [16.295181, 45.30054], [16.295315, 45.300283], [16.295862, 45.300586], [16.296298, 45.300116], [16.2981, 45.299404], [16.298644, 45.296537], [16.299824, 45.296157], [16.30039, 45.295335], [16.301491, 45.295515], [16.302883, 45.294621], [16.303683, 45.293115], [16.305535, 45.292116], [16.306508, 45.292012], [16.307218, 45.291067], [16.309067, 45.290323], [16.309552, 45.289491], [16.3124, 45.288252], [16.313193, 45.286672], [16.312694, 45.286085], [16.311899, 45.285856], [16.309824, 45.280382], [16.311569, 45.279754], [16.312409, 45.280102], [16.313308, 45.279104]]]}, "properties": {"id": 33, "razina": "naselje", "name": "Mačkovo Selo", "jls_name": "Petrinja", "jls_maticni_broj": "03280", "zupanija": "Sisačko-moslavačka", "area_km2": 3.8788, "stanovnistvo": 18, "palette_idx": 2, "source": "DGU rpj:naselje"}}, {"type": "Feature", "id": 34, "geometry": {"type": "Polygon", "coordinates": [[[16.183292, 45.448552], [16.184181, 45.448443], [16.18411, 45.447782], [16.184955, 45.447391], [16.184743, 45.446954], [16.185381, 45.446911], [16.185852, 45.445854], [16.186718, 45.445367], [16.18732, 45.445397], [16.187328, 45.44607], [16.187909, 45.446185], [16.189435, 45.445692], [16.190954, 45.445663], [16.190662, 45.444912], [16.190984, 45.444359], [16.191575, 45.444515], [16.191819, 45.443796], [16.192393, 45.443736], [16.192499, 45.443313], [16.192963, 45.443249], [16.193974, 45.442157], [16.194815, 45.441947], [16.195312, 45.442258], [16.196247, 45.441983], [16.196979, 45.442544], [16.197426, 45.442533], [16.198378, 45.441486], [16.199003, 45.441663], [16.199354, 45.441163], [16.198624, 45.44103], [16.199349, 45.440334], [16.199328, 45.438749], [16.198612, 45.437985], [16.198489, 45.437246], [16.196415, 45.435408], [16.194216, 45.434911], [16.193781, 45.434224], [16.191728, 45.433921], [16.19163, 45.432927], [16.189531, 45.434061], [16.188264, 45.433156], [16.187346, 45.433389], [16.183711, 45.430451], [16.182775, 45.431162], [16.181375, 45.43025], [16.181571, 45.429068], [16.179249, 45.429445], [16.177802, 45.429005], [16.172939, 45.428893], [16.172043, 45.429668], [16.171142, 45.431761], [16.170166, 45.432188], [16.170581, 45.433126], [16.169895, 45.433597], [16.169662, 45.434508], [16.164227, 45.435428], [16.164087, 45.436303], [16.163734, 45.436469], [16.163979, 45.437082], [16.163178, 45.437656], [16.163156, 45.437954], [16.163591, 45.437905], [16.163287, 45.438301], [16.162935, 45.438271], [16.162932, 45.43881], [16.163211, 45.438826], [16.162646, 45.43975], [16.162975, 45.440203], [16.161775, 45.441722], [16.160006, 45.442594], [16.159014, 45.442249], [16.156701, 45.442745], [16.15635, 45.443419], [16.155403, 45.443811], [16.153989, 45.449004], [16.155127, 45.449883], [16.158242, 45.450911], [16.160054, 45.450492], [16.162049, 45.448707], [16.165799, 45.448475], [16.167025, 45.449237], [16.167855, 45.451121], [16.168855, 45.452143], [16.168779, 45.455074], [16.169468, 45.455235], [16.170504, 45.453054], [16.171193, 45.453084], [16.171155, 45.453764], [16.171832, 45.453932], [16.17191, 45.453182], [16.172986, 45.452632], [16.172729, 45.452055], [16.174032, 45.451883], [16.174652, 45.452127], [16.175574, 45.451843], [16.176362, 45.450993], [16.176804, 45.451646], [16.177358, 45.45111], [16.178203, 45.451279], [16.177772, 45.451714], [16.178165, 45.451789], [16.177845, 45.452061], [16.178163, 45.452274], [16.178542, 45.451741], [16.179104, 45.451828], [16.17984, 45.451324], [16.180047, 45.451606], [16.180304, 45.451346], [16.181369, 45.451467], [16.182112, 45.450405], [16.181262, 45.449991], [16.181645, 45.449886], [16.181294, 45.449622], [16.181478, 45.448945], [16.182562, 45.448818], [16.182938, 45.449019], [16.183292, 45.448552]]]}, "properties": {"id": 34, "razina": "naselje", "name": "Međurače", "jls_name": "Petrinja", "jls_maticni_broj": "03280", "zupanija": "Sisačko-moslavačka", "area_km2": 5.43, "stanovnistvo": 21, "palette_idx": 1, "source": "DGU rpj:naselje"}}, {"type": "Feature", "id": 35, "geometry": {"type": "Polygon", "coordinates": [[[16.284162, 45.283469], [16.30737, 45.278239], [16.313308, 45.279104], [16.314845, 45.27694], [16.314824, 45.276061], [16.312489, 45.275288], [16.311685, 45.274187], [16.312036, 45.272623], [16.311719, 45.270196], [16.310212, 45.267186], [16.31044, 45.266102], [16.31235, 45.262942], [16.312391, 45.261506], [16.311763, 45.260555], [16.310365, 45.26038], [16.309014, 45.259018], [16.307787, 45.258453], [16.305531, 45.256021], [16.304331, 45.254345], [16.304256, 45.253121], [16.304979, 45.252603], [16.304789, 45.251263], [16.301958, 45.249825], [16.301253, 45.249157], [16.302506, 45.247787], [16.303869, 45.24363], [16.304994, 45.24353], [16.304117, 45.242948], [16.304092, 45.241722], [16.30225, 45.238148], [16.303656, 45.236472], [16.30471, 45.236001], [16.304221, 45.235791], [16.304453, 45.235191], [16.303993, 45.234854], [16.301928, 45.234723], [16.301015, 45.234328], [16.300717, 45.233475], [16.300214, 45.233306], [16.300546, 45.232545], [16.298583, 45.231941], [16.298072, 45.230794], [16.29663, 45.230326], [16.295392, 45.229044], [16.295187, 45.228088], [16.294204, 45.227106], [16.293543, 45.224434], [16.290382, 45.222633], [16.28885, 45.219612], [16.289187, 45.217922], [16.287952, 45.216936], [16.28673, 45.215201], [16.286839, 45.213554], [16.285701, 45.211825], [16.283703, 45.209891], [16.281428, 45.208626], [16.279095, 45.205979], [16.278421, 45.204012], [16.278215, 45.201447], [16.277622, 45.201439], [16.276892, 45.200605], [16.275512, 45.200051], [16.275561, 45.199239], [16.274848, 45.198145], [16.272379, 45.19597], [16.270467, 45.194771], [16.262497, 45.193197], [16.261939, 45.193062], [16.262538, 45.193988], [16.262502, 45.19556], [16.263795, 45.195834], [16.264609, 45.197049], [16.26446, 45.197955], [16.265843, 45.19919], [16.264925, 45.200589], [16.265733, 45.203623], [16.26485, 45.206031], [16.265969, 45.209131], [16.265503, 45.209994], [16.26604, 45.210083], [16.266044, 45.211011], [16.266969, 45.211495], [16.267604, 45.211666], [16.268053, 45.212945], [16.268565, 45.213162], [16.268306, 45.213856], [16.268617, 45.214534], [16.27003, 45.215335], [16.269979, 45.215702], [16.270995, 45.215827], [16.271835, 45.216547], [16.271997, 45.217364], [16.273307, 45.218737], [16.273799, 45.219684], [16.273464, 45.220728], [16.274799, 45.222159], [16.274579, 45.223483], [16.275378, 45.224038], [16.275239, 45.225643], [16.275808, 45.226006], [16.275574, 45.226595], [16.27473, 45.226914], [16.274485, 45.228432], [16.275167, 45.228851], [16.274805, 45.229319], [16.275346, 45.230265], [16.27513, 45.231295], [16.274565, 45.231613], [16.274201, 45.232617], [16.274482, 45.233985], [16.273523, 45.235999], [16.274657, 45.23649], [16.274728, 45.237604], [16.276254, 45.239447], [16.275799, 45.240026], [16.276212, 45.24066], [16.276913, 45.240889], [16.276145, 45.24221], [16.276393, 45.242824], [16.275378, 45.243324], [16.275479, 45.244411], [16.276595, 45.244989], [16.276291, 45.24523], [16.276391, 45.246269], [16.276649, 45.24702], [16.278522, 45.248018], [16.279043, 45.249311], [16.280662, 45.24958], [16.281469, 45.250353], [16.283145, 45.250436], [16.283027, 45.251633], [16.283778, 45.252392], [16.283495, 45.252591], [16.285784, 45.254963], [16.285593, 45.255574], [16.286634, 45.25745], [16.285476, 45.258895], [16.285045, 45.260751], [16.285456, 45.262312], [16.286503, 45.263079], [16.284298, 45.264516], [16.284828, 45.265846], [16.284187, 45.267256], [16.285114, 45.268582], [16.284493, 45.268698], [16.28465, 45.269123], [16.284047, 45.269495], [16.28501, 45.269963], [16.285258, 45.270993], [16.28599, 45.271419], [16.285717, 45.272114], [16.286691, 45.272818], [16.285843, 45.274131], [16.286963, 45.274923], [16.286153, 45.275061], [16.286193, 45.275429], [16.285285, 45.276174], [16.285237, 45.276869], [16.284163, 45.276926], [16.285997, 45.278098], [16.286166, 45.279466], [16.285788, 45.280083], [16.28572, 45.281993], [16.284162, 45.283469]]]}, "properties": {"id": 35, "razina": "naselje", "name": "Miočinovići", "jls_name": "Petrinja", "jls_maticni_broj": "03280", "zupanija": "Sisačko-moslavačka", "area_km2": 15.9301, "stanovnistvo": 26, "palette_idx": 0, "source": "DGU rpj:naselje"}}, {"type": "Feature", "id": 36, "geometry": {"type": "Polygon", "coordinates": [[[16.395684, 45.393855], [16.394893, 45.393024], [16.395309, 45.39273], [16.395279, 45.392199], [16.394688, 45.391074], [16.394044, 45.390423], [16.390558, 45.388679], [16.388791, 45.387279], [16.387925, 45.384696], [16.385764, 45.383236], [16.384222, 45.380846], [16.382969, 45.38005], [16.382006, 45.385059], [16.382456, 45.38573], [16.382323, 45.387191], [16.380176, 45.389373], [16.36863, 45.384402], [16.361711, 45.384133], [16.359976, 45.381167], [16.353747, 45.384717], [16.352627, 45.383912], [16.352866, 45.383495], [16.351837, 45.383031], [16.351754, 45.382682], [16.350235, 45.382789], [16.349503, 45.382058], [16.349928, 45.381635], [16.349394, 45.381534], [16.349716, 45.381376], [16.349712, 45.380596], [16.349077, 45.379717], [16.349207, 45.379195], [16.350304, 45.378453], [16.350176, 45.378226], [16.350955, 45.378055], [16.350758, 45.376628], [16.349872, 45.375657], [16.349993, 45.374257], [16.351179, 45.373524], [16.351688, 45.373571], [16.351695, 45.373317], [16.352711, 45.373658], [16.353169, 45.373445], [16.354511, 45.371832], [16.355522, 45.371836], [16.355614, 45.371533], [16.355211, 45.368524], [16.355663, 45.367845], [16.35489, 45.367033], [16.354603, 45.364748], [16.355055, 45.363974], [16.355495, 45.364004], [16.356094, 45.362825], [16.354849, 45.362639], [16.356274, 45.361086], [16.35587, 45.360214], [16.355228, 45.357664], [16.354098, 45.356235], [16.352287, 45.355384], [16.349052, 45.35486], [16.348261, 45.354255], [16.348737, 45.352527], [16.349669, 45.352482], [16.350274, 45.352759], [16.351058, 45.35238], [16.348991, 45.351201], [16.349562, 45.350394], [16.349025, 45.34925], [16.349437, 45.348508], [16.348288, 45.348483], [16.348065, 45.348181], [16.347617, 45.348325], [16.347236, 45.348016], [16.346178, 45.346313], [16.344312, 45.346764], [16.343868, 45.345594], [16.336457, 45.345019], [16.335296, 45.345382], [16.336192, 45.346351], [16.33678, 45.346041], [16.337292, 45.346867], [16.339656, 45.346844], [16.340093, 45.348903], [16.339182, 45.349528], [16.338732, 45.351369], [16.340538, 45.354122], [16.34177, 45.354879], [16.342261, 45.35611], [16.34182, 45.357421], [16.340969, 45.357298], [16.339406, 45.358572], [16.336255, 45.358767], [16.335922, 45.359621], [16.335157, 45.360153], [16.336214, 45.360144], [16.337416, 45.360637], [16.338206, 45.361743], [16.338547, 45.36362], [16.338143, 45.365861], [16.33838, 45.366346], [16.337608, 45.367713], [16.336709, 45.368319], [16.335705, 45.369728], [16.33696, 45.371208], [16.337124, 45.372689], [16.336996, 45.374267], [16.335864, 45.376919], [16.336657, 45.378216], [16.336561, 45.378817], [16.335395, 45.379358], [16.335198, 45.379761], [16.336312, 45.380998], [16.337144, 45.381081], [16.337724, 45.383273], [16.336931, 45.384602], [16.337609, 45.385018], [16.346578, 45.38506], [16.353074, 45.385834], [16.354375, 45.386758], [16.35453, 45.38788], [16.35392, 45.388712], [16.35436, 45.389446], [16.355599, 45.389862], [16.355949, 45.389645], [16.356985, 45.390378], [16.357679, 45.389748], [16.357823, 45.390236], [16.358824, 45.390339], [16.358933, 45.390778], [16.360092, 45.390603], [16.359998, 45.390964], [16.361173, 45.391145], [16.361758, 45.390954], [16.361508, 45.391635], [16.362096, 45.391439], [16.362532, 45.39162], [16.362866, 45.392151], [16.362562, 45.39258], [16.363218, 45.392759], [16.363216, 45.393103], [16.36362, 45.393021], [16.363839, 45.39362], [16.363434, 45.394328], [16.364183, 45.39419], [16.364233, 45.394738], [16.36523, 45.394832], [16.36543, 45.393891], [16.368145, 45.39412], [16.374437, 45.395599], [16.375914, 45.393333], [16.377199, 45.392565], [16.378394, 45.390994], [16.379458, 45.391928], [16.381359, 45.39492], [16.382936, 45.396035], [16.383749, 45.397354], [16.38498, 45.398027], [16.385792, 45.399157], [16.387026, 45.39923], [16.392053, 45.397208], [16.390866, 45.395154], [16.395684, 45.393855]]]}, "properties": {"id": 36, "razina": "naselje", "name": "Moštanica", "jls_name": "Petrinja", "jls_maticni_broj": "03280", "zupanija": "Sisačko-moslavačka", "area_km2": 7.9874, "stanovnistvo": 67, "palette_idx": 1, "source": "DGU rpj:naselje"}}, {"type": "Feature", "id": 37, "geometry": {"type": "Polygon", "coordinates": [[[16.347733, 45.450564], [16.348197, 45.448587], [16.349482, 45.446773], [16.351418, 45.445736], [16.354114, 45.445015], [16.356814, 45.444882], [16.360587, 45.445296], [16.365091, 45.446924], [16.365488, 45.446369], [16.365196, 45.4459], [16.366271, 45.445146], [16.366413, 45.443801], [16.367391, 45.442366], [16.362792, 45.440807], [16.36418, 45.435743], [16.366465, 45.433521], [16.366241, 45.430922], [16.366582, 45.427504], [16.365879, 45.426889], [16.36588, 45.426193], [16.365551, 45.425152], [16.361047, 45.423956], [16.359296, 45.426913], [16.355832, 45.42568], [16.354477, 45.426843], [16.353536, 45.42633], [16.353601, 45.42596], [16.352237, 45.425854], [16.35163, 45.425438], [16.350883, 45.425509], [16.350323, 45.424638], [16.350692, 45.42458], [16.350702, 45.424133], [16.350123, 45.42349], [16.350389, 45.423077], [16.350104, 45.422863], [16.347389, 45.424482], [16.347637, 45.424949], [16.345862, 45.425334], [16.346954, 45.42725], [16.345951, 45.429641], [16.345814, 45.432567], [16.342718, 45.435027], [16.336805, 45.437237], [16.336584, 45.439615], [16.335987, 45.441137], [16.335576, 45.441194], [16.334632, 45.442285], [16.33374, 45.44437], [16.334055, 45.444828], [16.334503, 45.44501], [16.334738, 45.446249], [16.334254, 45.446695], [16.334447, 45.447074], [16.333791, 45.447363], [16.335106, 45.447866], [16.335041, 45.448704], [16.335606, 45.448614], [16.336255, 45.44898], [16.335937, 45.450035], [16.336358, 45.450945], [16.337365, 45.450387], [16.338014, 45.450503], [16.338269, 45.450125], [16.338664, 45.450301], [16.338936, 45.44994], [16.339787, 45.450064], [16.339675, 45.449595], [16.340647, 45.449445], [16.341053, 45.449696], [16.341551, 45.449586], [16.342001, 45.449976], [16.344289, 45.449963], [16.344881, 45.450262], [16.345163, 45.449977], [16.345595, 45.450286], [16.346388, 45.450082], [16.347733, 45.450564]]]}, "properties": {"id": 37, "razina": "naselje", "name": "Mošćenica", "jls_name": "Petrinja", "jls_maticni_broj": "03280", "zupanija": "Sisačko-moslavačka", "area_km2": 4.8715, "stanovnistvo": 2096, "palette_idx": 1, "source": "DGU rpj:naselje"}}, {"type": "Feature", "id": 38, "geometry": {"type": "Polygon", "coordinates": [[[16.236886, 45.502207], [16.239334, 45.502692], [16.240067, 45.502038], [16.240241, 45.50051], [16.239603, 45.498853], [16.237225, 45.496019], [16.23554, 45.493289], [16.235525, 45.491281], [16.236184, 45.488521], [16.233836, 45.483243], [16.234687, 45.481227], [16.236324, 45.480205], [16.239998, 45.478258], [16.240104, 45.47677], [16.239728, 45.476296], [16.238156, 45.475577], [16.235088, 45.475512], [16.229823, 45.477678], [16.225705, 45.478583], [16.224669, 45.478459], [16.222647, 45.477247], [16.221995, 45.476249], [16.221714, 45.474316], [16.221894, 45.472777], [16.223773, 45.469438], [16.22281, 45.468349], [16.220818, 45.468199], [16.217978, 45.469504], [16.216093, 45.47082], [16.214166, 45.471504], [16.211622, 45.471896], [16.209965, 45.471568], [16.207907, 45.470679], [16.204827, 45.468005], [16.202577, 45.468765], [16.198817, 45.469167], [16.192073, 45.469293], [16.188669, 45.468931], [16.18708, 45.468762], [16.187011, 45.481682], [16.188519, 45.484064], [16.189436, 45.487355], [16.190474, 45.49034], [16.192774, 45.492674], [16.200154, 45.49537], [16.202131, 45.497352], [16.202437, 45.498519], [16.202283, 45.50161], [16.199696, 45.506794], [16.199907, 45.507533], [16.200901, 45.508142], [16.20292, 45.508621], [16.204647, 45.508571], [16.211916, 45.507769], [16.21401, 45.506882], [16.216266, 45.504322], [16.223143, 45.503228], [16.228045, 45.501435], [16.232075, 45.501353], [16.236886, 45.502207]]]}, "properties": {"id": 38, "razina": "naselje", "name": "Nebojan", "jls_name": "Petrinja", "jls_maticni_broj": "03280", "zupanija": "Sisačko-moslavačka", "area_km2": 12.6395, "stanovnistvo": 141, "palette_idx": 2, "source": "DGU rpj:naselje"}}, {"type": "Feature", "id": 39, "geometry": {"type": "Polygon", "coordinates": [[[16.347733, 45.450564], [16.346388, 45.450082], [16.345595, 45.450286], [16.345163, 45.449977], [16.344881, 45.450262], [16.344289, 45.449963], [16.342001, 45.449976], [16.341551, 45.449586], [16.341053, 45.449696], [16.340647, 45.449445], [16.339675, 45.449595], [16.339787, 45.450064], [16.338936, 45.44994], [16.338664, 45.450301], [16.338269, 45.450125], [16.338014, 45.450503], [16.337365, 45.450387], [16.336358, 45.450945], [16.335937, 45.450035], [16.336255, 45.44898], [16.335606, 45.448614], [16.335041, 45.448704], [16.335106, 45.447866], [16.333791, 45.447363], [16.334447, 45.447074], [16.334254, 45.446695], [16.334738, 45.446249], [16.334503, 45.44501], [16.334055, 45.444828], [16.325318, 45.446359], [16.313509, 45.44701], [16.307806, 45.446883], [16.30638, 45.44734], [16.306723, 45.455811], [16.299979, 45.456093], [16.300504, 45.465558], [16.303766, 45.46521], [16.310039, 45.463753], [16.312502, 45.46401], [16.314086, 45.464444], [16.316714, 45.466075], [16.319848, 45.469659], [16.323621, 45.472651], [16.325622, 45.473231], [16.327752, 45.473008], [16.330412, 45.471581], [16.331793, 45.469512], [16.335994, 45.457819], [16.33775, 45.456718], [16.344048, 45.454649], [16.345091, 45.454065], [16.346384, 45.452792], [16.347733, 45.450564]]]}, "properties": {"id": 39, "razina": "naselje", "name": "Nova Drenčina", "jls_name": "Petrinja", "jls_maticni_broj": "03280", "zupanija": "Sisačko-moslavačka", "area_km2": 6.4514, "stanovnistvo": 315, "palette_idx": 2, "source": "DGU rpj:naselje"}}, {"type": "Feature", "id": 40, "geometry": {"type": "Polygon", "coordinates": [[[16.169286, 45.483912], [16.166982, 45.477904], [16.167191, 45.469917], [16.168037, 45.464087], [16.160679, 45.467482], [16.146715, 45.45697], [16.143582, 45.452957], [16.138798, 45.455688], [16.136599, 45.456045], [16.135798, 45.456473], [16.133723, 45.4562], [16.132799, 45.458093], [16.132544, 45.459404], [16.132986, 45.460395], [16.132452, 45.462155], [16.130583, 45.463212], [16.127126, 45.463422], [16.125267, 45.463979], [16.125571, 45.463608], [16.123656, 45.46293], [16.122722, 45.463873], [16.121592, 45.463693], [16.121792, 45.462911], [16.121496, 45.462838], [16.12099, 45.463561], [16.1207, 45.462555], [16.119888, 45.461926], [16.119176, 45.463118], [16.118718, 45.46217], [16.118168, 45.462638], [16.117438, 45.462238], [16.118024, 45.463316], [16.117294, 45.463216], [16.11665, 45.462616], [16.115713, 45.462755], [16.115767, 45.463206], [16.11519, 45.463371], [16.115525, 45.463894], [16.115019, 45.464156], [16.115267, 45.464724], [16.114849, 45.464768], [16.113516, 45.463691], [16.113043, 45.464333], [16.112025, 45.464648], [16.111778, 45.465098], [16.112111, 45.465859], [16.111548, 45.466075], [16.111518, 45.466497], [16.110849, 45.466697], [16.109958, 45.466535], [16.110043, 45.467581], [16.109376, 45.467637], [16.1092, 45.467917], [16.10985, 45.469237], [16.10959, 45.469791], [16.110295, 45.470183], [16.110524, 45.469693], [16.111702, 45.469856], [16.112456, 45.470587], [16.112438, 45.471677], [16.113599, 45.47145], [16.113091, 45.472404], [16.114463, 45.472712], [16.11442, 45.473036], [16.113205, 45.473768], [16.113906, 45.474708], [16.114934, 45.474452], [16.115033, 45.47495], [16.115991, 45.475342], [16.115226, 45.475355], [16.114829, 45.475968], [16.11573, 45.476242], [16.114854, 45.476269], [16.115036, 45.477006], [16.113805, 45.476594], [16.113234, 45.476803], [16.113747, 45.477541], [16.114999, 45.477808], [16.115235, 45.478187], [16.115931, 45.478066], [16.114264, 45.47943], [16.115636, 45.48033], [16.117006, 45.480563], [16.120079, 45.480081], [16.123161, 45.478845], [16.12544, 45.478324], [16.127735, 45.478274], [16.133228, 45.479037], [16.136392, 45.478773], [16.139978, 45.477635], [16.146256, 45.473841], [16.147162, 45.473466], [16.14854, 45.473471], [16.14947, 45.474017], [16.149627, 45.474855], [16.148354, 45.478499], [16.144718, 45.480799], [16.141841, 45.482024], [16.140325, 45.483425], [16.139981, 45.484236], [16.140827, 45.485616], [16.142905, 45.486124], [16.144517, 45.485891], [16.148263, 45.484338], [16.150467, 45.483275], [16.155986, 45.482635], [16.158895, 45.482819], [16.166619, 45.484456], [16.169286, 45.483912]]]}, "properties": {"id": 40, "razina": "naselje", "name": "Novi Farkašić", "jls_name": "Petrinja", "jls_maticni_broj": "03280", "zupanija": "Sisačko-moslavačka", "area_km2": 9.2083, "stanovnistvo": 67, "palette_idx": 1, "source": "DGU rpj:naselje"}}, {"type": "Feature", "id": 41, "geometry": {"type": "Polygon", "coordinates": [[[16.256305, 45.430876], [16.254324, 45.426244], [16.253773, 45.426243], [16.2531, 45.425353], [16.250103, 45.425434], [16.248207, 45.425844], [16.245604, 45.42716], [16.244355, 45.427099], [16.245018, 45.428009], [16.244398, 45.428859], [16.242173, 45.429501], [16.241286, 45.430228], [16.240716, 45.430267], [16.241796, 45.431194], [16.241277, 45.43169], [16.239487, 45.431464], [16.23673, 45.432213], [16.234947, 45.432243], [16.233337, 45.433976], [16.231046, 45.43444], [16.230267, 45.433584], [16.230112, 45.431919], [16.227654, 45.430965], [16.227307, 45.431445], [16.225869, 45.431785], [16.225665, 45.43266], [16.225258, 45.432624], [16.224784, 45.435934], [16.231036, 45.435862], [16.237039, 45.437841], [16.238178, 45.438885], [16.230664, 45.440855], [16.231285, 45.442335], [16.231064, 45.442813], [16.231559, 45.443313], [16.23498, 45.44499], [16.236634, 45.443831], [16.23878, 45.442955], [16.240608, 45.442525], [16.243022, 45.442732], [16.245102, 45.443759], [16.251393, 45.450587], [16.252929, 45.451117], [16.255536, 45.450444], [16.255084, 45.449926], [16.254584, 45.446497], [16.255246, 45.446284], [16.256532, 45.444894], [16.256402, 45.44454], [16.256957, 45.4443], [16.25638, 45.443463], [16.255851, 45.443564], [16.25511, 45.443242], [16.254797, 45.441874], [16.255117, 45.441815], [16.254537, 45.440222], [16.25681, 45.439765], [16.257427, 45.439477], [16.257656, 45.438882], [16.255657, 45.437353], [16.254711, 45.437908], [16.253253, 45.43642], [16.2535, 45.436069], [16.251016, 45.4336], [16.25196, 45.432872], [16.256305, 45.430876]]]}, "properties": {"id": 41, "razina": "naselje", "name": "Novo Selište", "jls_name": "Petrinja", "jls_maticni_broj": "03280", "zupanija": "Sisačko-moslavačka", "area_km2": 3.3826, "stanovnistvo": 279, "palette_idx": 4, "source": "DGU rpj:naselje"}}, {"type": "Feature", "id": 42, "geometry": {"type": "Polygon", "coordinates": [[[16.270378, 45.392217], [16.269394, 45.390374], [16.268554, 45.389558], [16.26723, 45.389013], [16.267962, 45.388423], [16.268819, 45.386138], [16.264606, 45.383934], [16.264329, 45.382829], [16.260326, 45.381921], [16.259909, 45.381496], [16.25769, 45.382128], [16.256478, 45.381799], [16.255572, 45.380951], [16.253352, 45.380008], [16.252332, 45.380167], [16.252447, 45.380367], [16.251575, 45.380498], [16.250605, 45.381197], [16.250157, 45.38071], [16.248338, 45.381417], [16.248103, 45.379832], [16.247305, 45.379385], [16.246728, 45.378462], [16.244834, 45.377652], [16.244734, 45.377175], [16.243848, 45.377255], [16.24396, 45.376585], [16.242834, 45.376521], [16.242835, 45.376332], [16.244099, 45.376263], [16.244494, 45.37555], [16.244344, 45.37514], [16.243696, 45.375446], [16.243691, 45.374852], [16.244353, 45.374751], [16.244347, 45.37446], [16.243498, 45.374212], [16.243514, 45.37391], [16.245132, 45.372796], [16.245889, 45.372657], [16.246204, 45.372], [16.246615, 45.371911], [16.246452, 45.371658], [16.248217, 45.371319], [16.248043, 45.371051], [16.252143, 45.370564], [16.252044, 45.368822], [16.249134, 45.368531], [16.247841, 45.367643], [16.247367, 45.367546], [16.247197, 45.36783], [16.245704, 45.367346], [16.241015, 45.36851], [16.239526, 45.369289], [16.238683, 45.368719], [16.2382, 45.367811], [16.23588, 45.367723], [16.235709, 45.368053], [16.234909, 45.368193], [16.234193, 45.369654], [16.233516, 45.369946], [16.232459, 45.371557], [16.230214, 45.372546], [16.230348, 45.373512], [16.228879, 45.375057], [16.228536, 45.376015], [16.228843, 45.376704], [16.228726, 45.378948], [16.227363, 45.379261], [16.227432, 45.379997], [16.225813, 45.380292], [16.225497, 45.379818], [16.224168, 45.380827], [16.224487, 45.38354], [16.223103, 45.3828], [16.222564, 45.383446], [16.226201, 45.386536], [16.226739, 45.386372], [16.22768, 45.387545], [16.226822, 45.388832], [16.229287, 45.3895], [16.231592, 45.388845], [16.23185, 45.388291], [16.233388, 45.388008], [16.235519, 45.385493], [16.236706, 45.385099], [16.238583, 45.385639], [16.238908, 45.385115], [16.240075, 45.385069], [16.24074, 45.385277], [16.241158, 45.386143], [16.242609, 45.384567], [16.243514, 45.384439], [16.244703, 45.385338], [16.244915, 45.386474], [16.247363, 45.386], [16.247509, 45.38669], [16.246966, 45.387483], [16.244844, 45.388609], [16.242423, 45.38895], [16.241623, 45.389995], [16.242647, 45.391323], [16.241886, 45.392522], [16.237987, 45.39515], [16.237336, 45.395198], [16.238436, 45.396583], [16.240302, 45.396698], [16.241142, 45.396381], [16.242527, 45.395031], [16.243567, 45.394839], [16.243784, 45.396827], [16.245258, 45.396818], [16.246883, 45.394119], [16.249076, 45.392704], [16.250832, 45.392426], [16.252155, 45.391681], [16.254603, 45.39179], [16.25527, 45.39232], [16.258834, 45.392736], [16.260099, 45.394327], [16.261153, 45.394128], [16.261535, 45.394479], [16.267508, 45.395245], [16.270296, 45.394386], [16.270589, 45.393869], [16.270539, 45.392577], [16.270157, 45.392504], [16.270378, 45.392217]]]}, "properties": {"id": 42, "razina": "naselje", "name": "Pecki", "jls_name": "Petrinja", "jls_maticni_broj": "03280", "zupanija": "Sisačko-moslavačka", "area_km2": 5.5882, "stanovnistvo": 50, "palette_idx": 3, "source": "DGU rpj:naselje"}}, {"type": "Feature", "id": 43, "geometry": {"type": "Polygon", "coordinates": [[[16.36863, 45.384402], [16.369984, 45.382293], [16.369855, 45.38165], [16.368994, 45.380032], [16.367317, 45.379047], [16.3659, 45.377326], [16.365829, 45.376768], [16.366944, 45.375334], [16.368369, 45.374547], [16.370145, 45.372192], [16.366266, 45.371202], [16.366431, 45.369434], [16.367078, 45.367902], [16.366416, 45.366534], [16.367746, 45.364714], [16.364326, 45.364321], [16.364174, 45.361934], [16.365235, 45.361368], [16.364569, 45.361304], [16.362872, 45.360195], [16.362114, 45.358432], [16.361445, 45.358741], [16.361026, 45.358292], [16.360037, 45.358134], [16.360026, 45.35789], [16.359117, 45.358024], [16.357853, 45.359054], [16.357067, 45.359103], [16.357299, 45.360149], [16.35587, 45.360214], [16.356274, 45.361086], [16.354849, 45.362639], [16.356094, 45.362825], [16.355495, 45.364004], [16.355055, 45.363974], [16.354603, 45.364748], [16.35489, 45.367033], [16.355663, 45.367845], [16.355211, 45.368524], [16.355614, 45.371533], [16.355522, 45.371836], [16.354511, 45.371832], [16.353169, 45.373445], [16.352711, 45.373658], [16.351695, 45.373317], [16.351688, 45.373571], [16.351179, 45.373524], [16.349993, 45.374257], [16.349872, 45.375657], [16.350758, 45.376628], [16.350955, 45.378055], [16.350176, 45.378226], [16.350304, 45.378453], [16.349207, 45.379195], [16.349077, 45.379717], [16.349712, 45.380596], [16.349716, 45.381376], [16.349394, 45.381534], [16.349928, 45.381635], [16.349503, 45.382058], [16.350235, 45.382789], [16.351754, 45.382682], [16.351837, 45.383031], [16.352866, 45.383495], [16.352627, 45.383912], [16.353747, 45.384717], [16.359976, 45.381167], [16.361711, 45.384133], [16.36863, 45.384402]]]}, "properties": {"id": 43, "razina": "naselje", "name": "Petkovac", "jls_name": "Petrinja", "jls_maticni_broj": "03280", "zupanija": "Sisačko-moslavačka", "area_km2": 2.9339, "stanovnistvo": 8, "palette_idx": 0, "source": "DGU rpj:naselje"}}, {"type": "Feature", "id": 44, "geometry": {"type": "Polygon", "coordinates": [[[16.334055, 45.444828], [16.33374, 45.44437], [16.334632, 45.442285], [16.335576, 45.441194], [16.335987, 45.441137], [16.336584, 45.439615], [16.336805, 45.437237], [16.342718, 45.435027], [16.345814, 45.432567], [16.345951, 45.429641], [16.346954, 45.42725], [16.345862, 45.425334], [16.347637, 45.424949], [16.347389, 45.424482], [16.350104, 45.422863], [16.350389, 45.423077], [16.350123, 45.42349], [16.350702, 45.424133], [16.350692, 45.42458], [16.350323, 45.424638], [16.350883, 45.425509], [16.35163, 45.425438], [16.352237, 45.425854], [16.353601, 45.42596], [16.353536, 45.42633], [16.354477, 45.426843], [16.355832, 45.42568], [16.359296, 45.426913], [16.361047, 45.423956], [16.361128, 45.420032], [16.360497, 45.419369], [16.361161, 45.419407], [16.361223, 45.418695], [16.360098, 45.418596], [16.361291, 45.417713], [16.361226, 45.416975], [16.362068, 45.416925], [16.362208, 45.41621], [16.361576, 45.415934], [16.362095, 45.415627], [16.361532, 45.415323], [16.362733, 45.414951], [16.362361, 45.414431], [16.363301, 45.414066], [16.36299, 45.413629], [16.363722, 45.413539], [16.364385, 45.412768], [16.364146, 45.411731], [16.365178, 45.411882], [16.365559, 45.411689], [16.364889, 45.411391], [16.365462, 45.411228], [16.365606, 45.410811], [16.364687, 45.41023], [16.366327, 45.409005], [16.366198, 45.408709], [16.364983, 45.408445], [16.365977, 45.407961], [16.365006, 45.40758], [16.36545, 45.407273], [16.364957, 45.407071], [16.365126, 45.406254], [16.363842, 45.406004], [16.364497, 45.405351], [16.363563, 45.405088], [16.363937, 45.404737], [16.363461, 45.404332], [16.36494, 45.403874], [16.36458, 45.402976], [16.365193, 45.401569], [16.364369, 45.401429], [16.364111, 45.401072], [16.364297, 45.400827], [16.364811, 45.401083], [16.36551, 45.400946], [16.365504, 45.400623], [16.364463, 45.399984], [16.365088, 45.398534], [16.364721, 45.398166], [16.365297, 45.398068], [16.365515, 45.397636], [16.364757, 45.397345], [16.365295, 45.397063], [16.365401, 45.396534], [16.364493, 45.395808], [16.36523, 45.394832], [16.364233, 45.394738], [16.364183, 45.39419], [16.363434, 45.394328], [16.363839, 45.39362], [16.36362, 45.393021], [16.363216, 45.393103], [16.363218, 45.392759], [16.362562, 45.39258], [16.362866, 45.392151], [16.362532, 45.39162], [16.362096, 45.391439], [16.361508, 45.391635], [16.361758, 45.390954], [16.361173, 45.391145], [16.359998, 45.390964], [16.360092, 45.390603], [16.358933, 45.390778], [16.358824, 45.390339], [16.357823, 45.390236], [16.357679, 45.389748], [16.356985, 45.390378], [16.355949, 45.389645], [16.355599, 45.389862], [16.35436, 45.389446], [16.35392, 45.388712], [16.35453, 45.38788], [16.354375, 45.386758], [16.353074, 45.385834], [16.346578, 45.38506], [16.337609, 45.385018], [16.336931, 45.384602], [16.334999, 45.385931], [16.333392, 45.386276], [16.332465, 45.387344], [16.330461, 45.390371], [16.329932, 45.391656], [16.330045, 45.392597], [16.328936, 45.394495], [16.329586, 45.397338], [16.33027, 45.398536], [16.329596, 45.400519], [16.324902, 45.402171], [16.323864, 45.402831], [16.322929, 45.403794], [16.322567, 45.404987], [16.321353, 45.406307], [16.321087, 45.407176], [16.320584, 45.407107], [16.320064, 45.409383], [16.317523, 45.410008], [16.315759, 45.410919], [16.313919, 45.410868], [16.31264, 45.41135], [16.30956, 45.409988], [16.305084, 45.409394], [16.304842, 45.409162], [16.303641, 45.40946], [16.302659, 45.410712], [16.301932, 45.411017], [16.301109, 45.410866], [16.300382, 45.411199], [16.297285, 45.410846], [16.297155, 45.411144], [16.296154, 45.410714], [16.295071, 45.409312], [16.294976, 45.408803], [16.29541, 45.408293], [16.294051, 45.407956], [16.293989, 45.410383], [16.292227, 45.410924], [16.29112, 45.412247], [16.291318, 45.412794], [16.290726, 45.414927], [16.28878, 45.415154], [16.287635, 45.415984], [16.285894, 45.414551], [16.285887, 45.413164], [16.284558, 45.411722], [16.283371, 45.411127], [16.283305, 45.410638], [16.28205, 45.410923], [16.280867, 45.410783], [16.280272, 45.410085], [16.279817, 45.411235], [16.278131, 45.412384], [16.277966, 45.413153], [16.277075, 45.413445], [16.275365, 45.415384], [16.268929, 45.417839], [16.264985, 45.418921], [16.264647, 45.419537], [16.265461, 45.421086], [16.26472, 45.423029], [16.263678, 45.4245], [16.262765, 45.424875], [16.263032, 45.426239], [16.26244, 45.426992], [16.25973, 45.429039], [16.256305, 45.430876], [16.25196, 45.432872], [16.251016, 45.4336], [16.2535, 45.436069], [16.253253, 45.43642], [16.254711, 45.437908], [16.255657, 45.437353], [16.257656, 45.438882], [16.257427, 45.439477], [16.25681, 45.439765], [16.254537, 45.440222], [16.255117, 45.441815], [16.254797, 45.441874], [16.25511, 45.443242], [16.255851, 45.443564], [16.25638, 45.443463], [16.256957, 45.4443], [16.256402, 45.44454], [16.256532, 45.444894], [16.255246, 45.446284], [16.254584, 45.446497], [16.255084, 45.449926], [16.255536, 45.450444], [16.261509, 45.448188], [16.266789, 45.445619], [16.268847, 45.445044], [16.270254, 45.445243], [16.27263, 45.447268], [16.277518, 45.452893], [16.278055, 45.454286], [16.277549, 45.455315], [16.271663, 45.459217], [16.271141, 45.460816], [16.272877, 45.461983], [16.288076, 45.464606], [16.296663, 45.465403], [16.300504, 45.465558], [16.299979, 45.456093], [16.306723, 45.455811], [16.30638, 45.44734], [16.307806, 45.446883], [16.313509, 45.44701], [16.325318, 45.446359], [16.334055, 45.444828]]]}, "properties": {"id": 44, "razina": "naselje", "name": "Petrinja", "jls_name": "Petrinja", "jls_maticni_broj": "03280", "zupanija": "Sisačko-moslavačka", "area_km2": 39.4244, "stanovnistvo": 12963, "palette_idx": 0, "source": "DGU rpj:naselje"}}, {"type": "Feature", "id": 45, "geometry": {"type": "Polygon", "coordinates": [[[16.275332, 45.363931], [16.279073, 45.361922], [16.278465, 45.361168], [16.27805, 45.35956], [16.279478, 45.358039], [16.281091, 45.356932], [16.280696, 45.355947], [16.279204, 45.35428], [16.280388, 45.353559], [16.281795, 45.353315], [16.282034, 45.352769], [16.282857, 45.352632], [16.282485, 45.351752], [16.28268, 45.350402], [16.283638, 45.349804], [16.286199, 45.349231], [16.288155, 45.350314], [16.289034, 45.350043], [16.288481, 45.349051], [16.287804, 45.348813], [16.287677, 45.347989], [16.28678, 45.347919], [16.286321, 45.346116], [16.284949, 45.345556], [16.282052, 45.345577], [16.282076, 45.345035], [16.278235, 45.346373], [16.27719, 45.346584], [16.276707, 45.346372], [16.276201, 45.346686], [16.275706, 45.346287], [16.275126, 45.344635], [16.27574, 45.344388], [16.275412, 45.34361], [16.27563, 45.342565], [16.273336, 45.342416], [16.273663, 45.344876], [16.268036, 45.345026], [16.268249, 45.345919], [16.267213, 45.346707], [16.267387, 45.347195], [16.266519, 45.347545], [16.266518, 45.347847], [16.265514, 45.347614], [16.263474, 45.348686], [16.262355, 45.348238], [16.261935, 45.348688], [16.266054, 45.349153], [16.268551, 45.349967], [16.27023, 45.351958], [16.266771, 45.353325], [16.266263, 45.354175], [16.267155, 45.354715], [16.267794, 45.355911], [16.268194, 45.355831], [16.268675, 45.356553], [16.268734, 45.356799], [16.267433, 45.357636], [16.267308, 45.358492], [16.272818, 45.36029], [16.272467, 45.36092], [16.270287, 45.36016], [16.269273, 45.361255], [16.26774, 45.360655], [16.267482, 45.361116], [16.270038, 45.362805], [16.269539, 45.363342], [16.270191, 45.364109], [16.271674, 45.364441], [16.27239, 45.364121], [16.272966, 45.364304], [16.275332, 45.363931]]]}, "properties": {"id": 45, "razina": "naselje", "name": "Prnjavor Čuntićki", "jls_name": "Petrinja", "jls_maticni_broj": "03280", "zupanija": "Sisačko-moslavačka", "area_km2": 2.2289, "stanovnistvo": 48, "palette_idx": 2, "source": "DGU rpj:naselje"}}, {"type": "Feature", "id": 46, "geometry": {"type": "Polygon", "coordinates": [[[16.205938, 45.384642], [16.203379, 45.384033], [16.20136, 45.38274], [16.197028, 45.380932], [16.195726, 45.381069], [16.195241, 45.381316], [16.195387, 45.381614], [16.19442, 45.381137], [16.194312, 45.38141], [16.193695, 45.381265], [16.19377, 45.382275], [16.193357, 45.382251], [16.193659, 45.382658], [16.192915, 45.383261], [16.192335, 45.382991], [16.192293, 45.383728], [16.190619, 45.383444], [16.190375, 45.384389], [16.191055, 45.384804], [16.190211, 45.384942], [16.191198, 45.385774], [16.190772, 45.386066], [16.191414, 45.386244], [16.190776, 45.386424], [16.190843, 45.387136], [16.190295, 45.38732], [16.190993, 45.387888], [16.190375, 45.388], [16.190405, 45.388407], [16.189709, 45.388527], [16.19056, 45.389386], [16.190513, 45.389803], [16.190982, 45.3899], [16.190594, 45.390381], [16.190978, 45.390781], [16.190579, 45.391786], [16.191042, 45.391978], [16.189834, 45.392548], [16.189569, 45.392033], [16.189607, 45.392598], [16.189257, 45.392684], [16.189739, 45.392947], [16.189335, 45.393359], [16.189726, 45.393512], [16.188901, 45.393742], [16.189064, 45.393982], [16.189826, 45.393998], [16.189413, 45.394294], [16.189947, 45.394499], [16.189706, 45.395318], [16.190789, 45.396834], [16.190335, 45.397007], [16.190215, 45.39816], [16.189117, 45.399505], [16.189206, 45.400006], [16.188547, 45.400149], [16.18916, 45.40089], [16.189861, 45.400963], [16.188817, 45.401555], [16.189608, 45.40197], [16.190125, 45.401667], [16.19077, 45.402227], [16.190251, 45.403023], [16.189717, 45.402681], [16.189376, 45.402905], [16.189835, 45.403784], [16.189441, 45.404276], [16.190016, 45.404582], [16.189541, 45.404856], [16.189535, 45.405934], [16.189029, 45.406092], [16.18925, 45.407094], [16.188899, 45.407202], [16.189372, 45.407391], [16.189329, 45.407775], [16.190009, 45.407777], [16.190539, 45.40875], [16.191041, 45.411131], [16.190664, 45.411466], [16.191205, 45.411642], [16.195662, 45.4107], [16.195662, 45.41038], [16.198595, 45.410248], [16.20101, 45.409363], [16.200953, 45.407859], [16.203488, 45.405669], [16.205989, 45.408307], [16.207399, 45.40911], [16.209758, 45.406994], [16.211882, 45.405605], [16.210622, 45.403643], [16.210085, 45.40182], [16.208308, 45.400932], [16.208461, 45.400543], [16.208097, 45.400482], [16.207662, 45.399509], [16.205922, 45.39887], [16.205227, 45.397917], [16.204288, 45.397942], [16.203524, 45.39689], [16.203555, 45.396398], [16.203939, 45.396318], [16.203484, 45.395446], [16.20226, 45.395107], [16.202196, 45.394331], [16.202667, 45.394027], [16.202082, 45.393873], [16.202302, 45.393239], [16.201629, 45.39274], [16.201101, 45.392734], [16.201559, 45.392082], [16.201436, 45.391264], [16.201828, 45.391092], [16.201242, 45.390024], [16.201507, 45.389424], [16.201713, 45.38908], [16.203212, 45.388775], [16.20372, 45.389414], [16.205938, 45.384642]]]}, "properties": {"id": 46, "razina": "naselje", "name": "Sibić", "jls_name": "Petrinja", "jls_maticni_broj": "03280", "zupanija": "Sisačko-moslavačka", "area_km2": 3.6946, "stanovnistvo": 49, "palette_idx": 3, "source": "DGU rpj:naselje"}}, {"type": "Feature", "id": 47, "geometry": {"type": "Polygon", "coordinates": [[[16.133723, 45.4562], [16.135798, 45.456473], [16.136599, 45.456045], [16.138798, 45.455688], [16.143582, 45.452957], [16.145921, 45.451608], [16.150477, 45.449837], [16.153989, 45.449004], [16.155403, 45.443811], [16.15635, 45.443419], [16.156701, 45.442745], [16.159014, 45.442249], [16.160006, 45.442594], [16.161775, 45.441722], [16.162975, 45.440203], [16.162646, 45.43975], [16.163211, 45.438826], [16.162932, 45.43881], [16.162935, 45.438271], [16.163287, 45.438301], [16.163591, 45.437905], [16.163156, 45.437954], [16.163178, 45.437656], [16.163979, 45.437082], [16.163734, 45.436469], [16.164087, 45.436303], [16.164227, 45.435428], [16.169662, 45.434508], [16.169895, 45.433597], [16.170581, 45.433126], [16.170166, 45.432188], [16.171142, 45.431761], [16.172043, 45.429668], [16.172939, 45.428893], [16.171754, 45.428909], [16.170372, 45.428242], [16.166943, 45.42783], [16.165467, 45.428552], [16.162343, 45.431589], [16.160819, 45.430965], [16.159143, 45.429404], [16.158014, 45.429065], [16.155809, 45.430162], [16.15338, 45.430356], [16.151064, 45.430981], [16.149796, 45.431931], [16.147874, 45.431594], [16.14637, 45.432488], [16.140337, 45.431482], [16.138579, 45.430784], [16.135911, 45.431271], [16.131319, 45.431194], [16.132307, 45.430283], [16.132951, 45.428523], [16.132267, 45.428712], [16.131015, 45.428461], [16.131064, 45.427929], [16.130176, 45.427113], [16.129526, 45.425547], [16.127877, 45.426376], [16.125465, 45.426803], [16.123745, 45.427479], [16.12145, 45.426928], [16.120719, 45.427053], [16.121214, 45.429306], [16.122029, 45.430163], [16.124927, 45.431421], [16.127791, 45.431965], [16.1285, 45.43269], [16.128473, 45.433054], [16.127839, 45.433346], [16.124497, 45.434076], [16.121451, 45.435293], [16.120101, 45.438915], [16.119079, 45.439902], [16.117016, 45.440765], [16.112127, 45.44168], [16.109989, 45.442531], [16.109638, 45.444129], [16.110594, 45.449058], [16.110515, 45.451275], [16.109705, 45.453032], [16.106999, 45.455078], [16.11111, 45.455815], [16.112109, 45.455736], [16.113901, 45.45488], [16.114522, 45.454229], [16.119061, 45.45222], [16.121492, 45.452952], [16.122387, 45.453601], [16.122964, 45.453738], [16.123801, 45.453437], [16.124528, 45.454518], [16.125498, 45.454999], [16.126869, 45.454371], [16.126919, 45.455378], [16.127755, 45.455445], [16.129826, 45.456647], [16.130636, 45.456733], [16.132915, 45.455995], [16.133723, 45.4562]]]}, "properties": {"id": 47, "razina": "naselje", "name": "Slana", "jls_name": "Petrinja", "jls_maticni_broj": "03280", "zupanija": "Sisačko-moslavačka", "area_km2": 9.3849, "stanovnistvo": 54, "palette_idx": 2, "source": "DGU rpj:naselje"}}, {"type": "Feature", "id": 48, "geometry": {"type": "Polygon", "coordinates": [[[16.204827, 45.468005], [16.203985, 45.46698], [16.204101, 45.465944], [16.204954, 45.465013], [16.208278, 45.46366], [16.209536, 45.462601], [16.212716, 45.455932], [16.21338, 45.455105], [16.214718, 45.45451], [16.212241, 45.451475], [16.210434, 45.450477], [16.208681, 45.448581], [16.201338, 45.444167], [16.199003, 45.441663], [16.198378, 45.441486], [16.197426, 45.442533], [16.196979, 45.442544], [16.196247, 45.441983], [16.195312, 45.442258], [16.194815, 45.441947], [16.193974, 45.442157], [16.192963, 45.443249], [16.192499, 45.443313], [16.192393, 45.443736], [16.191819, 45.443796], [16.191575, 45.444515], [16.190984, 45.444359], [16.190662, 45.444912], [16.190954, 45.445663], [16.189435, 45.445692], [16.187909, 45.446185], [16.187328, 45.44607], [16.18732, 45.445397], [16.186718, 45.445367], [16.185852, 45.445854], [16.185381, 45.446911], [16.184743, 45.446954], [16.184955, 45.447391], [16.18411, 45.447782], [16.184181, 45.448443], [16.183292, 45.448552], [16.187163, 45.453024], [16.186895, 45.455067], [16.188669, 45.468931], [16.192073, 45.469293], [16.198817, 45.469167], [16.202577, 45.468765], [16.204827, 45.468005]]]}, "properties": {"id": 48, "razina": "naselje", "name": "Srednje Mokrice", "jls_name": "Petrinja", "jls_maticni_broj": "03280", "zupanija": "Sisačko-moslavačka", "area_km2": 4.8502, "stanovnistvo": 23, "palette_idx": 3, "source": "DGU rpj:naselje"}}, {"type": "Feature", "id": 49, "geometry": {"type": "Polygon", "coordinates": [[[16.228865, 45.419566], [16.229056, 45.418292], [16.229972, 45.417899], [16.230075, 45.417107], [16.23042, 45.417096], [16.231003, 45.418354], [16.231989, 45.418734], [16.236349, 45.418558], [16.236831, 45.419183], [16.237332, 45.418915], [16.237452, 45.419198], [16.239261, 45.419059], [16.239703, 45.418699], [16.240448, 45.418854], [16.242581, 45.417893], [16.246369, 45.417888], [16.248166, 45.417044], [16.250245, 45.414998], [16.25017, 45.412497], [16.247749, 45.411144], [16.246537, 45.410064], [16.246147, 45.409303], [16.246443, 45.407616], [16.246527, 45.406477], [16.247079, 45.405965], [16.245719, 45.404226], [16.246466, 45.40261], [16.245919, 45.402167], [16.245904, 45.401355], [16.245051, 45.401101], [16.24497, 45.400291], [16.243768, 45.399222], [16.243812, 45.398633], [16.244386, 45.398554], [16.243756, 45.397833], [16.243784, 45.396827], [16.243567, 45.394839], [16.242527, 45.395031], [16.241142, 45.396381], [16.240302, 45.396698], [16.238436, 45.396583], [16.237336, 45.395198], [16.237987, 45.39515], [16.241886, 45.392522], [16.242647, 45.391323], [16.241623, 45.389995], [16.242423, 45.38895], [16.244844, 45.388609], [16.246966, 45.387483], [16.247509, 45.38669], [16.247363, 45.386], [16.244915, 45.386474], [16.244703, 45.385338], [16.243514, 45.384439], [16.242609, 45.384567], [16.241158, 45.386143], [16.24074, 45.385277], [16.240075, 45.385069], [16.238908, 45.385115], [16.238583, 45.385639], [16.236706, 45.385099], [16.235519, 45.385493], [16.233388, 45.388008], [16.23185, 45.388291], [16.231592, 45.388845], [16.229287, 45.3895], [16.226822, 45.388832], [16.22768, 45.387545], [16.226739, 45.386372], [16.226201, 45.386536], [16.222564, 45.383446], [16.21931, 45.381237], [16.216505, 45.385693], [16.214936, 45.385842], [16.213075, 45.385351], [16.210181, 45.383516], [16.209228, 45.383243], [16.207287, 45.38364], [16.205938, 45.384642], [16.20372, 45.389414], [16.203212, 45.388775], [16.201713, 45.38908], [16.201507, 45.389424], [16.201242, 45.390024], [16.201828, 45.391092], [16.201436, 45.391264], [16.201559, 45.392082], [16.201101, 45.392734], [16.201629, 45.39274], [16.202302, 45.393239], [16.202082, 45.393873], [16.202667, 45.394027], [16.202196, 45.394331], [16.20226, 45.395107], [16.203484, 45.395446], [16.203939, 45.396318], [16.203555, 45.396398], [16.203524, 45.39689], [16.204288, 45.397942], [16.205227, 45.397917], [16.205922, 45.39887], [16.207662, 45.399509], [16.208097, 45.400482], [16.208461, 45.400543], [16.208308, 45.400932], [16.210085, 45.40182], [16.210622, 45.403643], [16.211882, 45.405605], [16.209758, 45.406994], [16.207399, 45.40911], [16.20974, 45.409838], [16.211329, 45.410917], [16.214057, 45.411944], [16.215168, 45.413365], [16.216613, 45.414015], [16.218603, 45.41436], [16.219708, 45.414185], [16.222014, 45.41242], [16.223747, 45.413321], [16.224429, 45.413597], [16.225313, 45.413156], [16.225228, 45.412019], [16.224747, 45.411535], [16.226727, 45.41156], [16.227393, 45.413794], [16.227523, 45.416427], [16.22854, 45.416914], [16.227453, 45.41882], [16.225727, 45.420382], [16.226587, 45.420941], [16.227889, 45.420187], [16.228293, 45.420266], [16.228865, 45.419566]]]}, "properties": {"id": 49, "razina": "naselje", "name": "Strašnik", "jls_name": "Petrinja", "jls_maticni_broj": "03280", "zupanija": "Sisačko-moslavačka", "area_km2": 10.1789, "stanovnistvo": 163, "palette_idx": 2, "source": "DGU rpj:naselje"}}, {"type": "Feature", "id": 50, "geometry": {"type": "Polygon", "coordinates": [[[16.387425, 45.372947], [16.385865, 45.372877], [16.385949, 45.372354], [16.384185, 45.371893], [16.384507, 45.371473], [16.382097, 45.370831], [16.38227, 45.370052], [16.381611, 45.369518], [16.3806, 45.369536], [16.380164, 45.369869], [16.379512, 45.369735], [16.37974, 45.369238], [16.378912, 45.367977], [16.378577, 45.36819], [16.378436, 45.367716], [16.377485, 45.368005], [16.376477, 45.366751], [16.375364, 45.36691], [16.377117, 45.364739], [16.378272, 45.363882], [16.377941, 45.362856], [16.374867, 45.36125], [16.37236, 45.362869], [16.371611, 45.361743], [16.370143, 45.361929], [16.37043, 45.363126], [16.370028, 45.364009], [16.367746, 45.364714], [16.366416, 45.366534], [16.367078, 45.367902], [16.366431, 45.369434], [16.366266, 45.371202], [16.370145, 45.372192], [16.368369, 45.374547], [16.366944, 45.375334], [16.365829, 45.376768], [16.3659, 45.377326], [16.367317, 45.379047], [16.368994, 45.380032], [16.369855, 45.38165], [16.369984, 45.382293], [16.36863, 45.384402], [16.380176, 45.389373], [16.382323, 45.387191], [16.382456, 45.38573], [16.382006, 45.385059], [16.382969, 45.38005], [16.385116, 45.376555], [16.385714, 45.376071], [16.386408, 45.375973], [16.386226, 45.374925], [16.38708, 45.375172], [16.387425, 45.372947]]]}, "properties": {"id": 50, "razina": "naselje", "name": "Stražbenica", "jls_name": "Petrinja", "jls_maticni_broj": "03280", "zupanija": "Sisačko-moslavačka", "area_km2": 3.04, "stanovnistvo": 6, "palette_idx": 3, "source": "DGU rpj:naselje"}}, {"type": "Feature", "id": 51, "geometry": {"type": "Polygon", "coordinates": [[[16.332465, 45.387344], [16.329149, 45.386149], [16.32789, 45.385003], [16.323451, 45.386338], [16.32027, 45.38644], [16.318964, 45.386187], [16.318626, 45.386442], [16.31811, 45.386204], [16.316154, 45.386861], [16.314013, 45.3867], [16.313177, 45.387067], [16.312879, 45.386676], [16.309691, 45.386325], [16.308603, 45.385681], [16.307539, 45.385643], [16.305667, 45.387739], [16.3053, 45.388969], [16.305834, 45.389377], [16.307257, 45.389487], [16.307597, 45.389828], [16.307292, 45.390657], [16.305657, 45.390722], [16.303184, 45.392315], [16.303349, 45.392882], [16.304821, 45.393463], [16.30476, 45.394279], [16.301258, 45.394617], [16.3015, 45.396583], [16.299519, 45.396258], [16.299053, 45.39676], [16.30046, 45.397515], [16.2996, 45.398564], [16.299814, 45.39905], [16.300567, 45.398906], [16.300874, 45.39932], [16.301003, 45.40064], [16.300323, 45.401553], [16.298815, 45.402298], [16.298797, 45.403458], [16.299257, 45.404258], [16.29897, 45.405653], [16.298622, 45.405744], [16.297902, 45.40505], [16.296771, 45.405715], [16.294666, 45.405124], [16.293456, 45.405972], [16.293689, 45.407715], [16.294051, 45.407956], [16.29541, 45.408293], [16.294976, 45.408803], [16.295071, 45.409312], [16.296154, 45.410714], [16.297155, 45.411144], [16.297285, 45.410846], [16.300382, 45.411199], [16.301109, 45.410866], [16.301932, 45.411017], [16.302659, 45.410712], [16.303641, 45.40946], [16.304842, 45.409162], [16.305084, 45.409394], [16.30956, 45.409988], [16.31264, 45.41135], [16.313919, 45.410868], [16.315759, 45.410919], [16.317523, 45.410008], [16.320064, 45.409383], [16.320584, 45.407107], [16.321087, 45.407176], [16.321353, 45.406307], [16.322567, 45.404987], [16.322929, 45.403794], [16.323864, 45.402831], [16.324902, 45.402171], [16.329596, 45.400519], [16.33027, 45.398536], [16.329586, 45.397338], [16.328936, 45.394495], [16.330045, 45.392597], [16.329932, 45.391656], [16.330461, 45.390371], [16.332465, 45.387344]]]}, "properties": {"id": 51, "razina": "naselje", "name": "Taborište", "jls_name": "Petrinja", "jls_maticni_broj": "03280", "zupanija": "Sisačko-moslavačka", "area_km2": 5.5491, "stanovnistvo": 186, "palette_idx": 3, "source": "DGU rpj:naselje"}}, {"type": "Feature", "id": 52, "geometry": {"type": "Polygon", "coordinates": [[[16.317436, 45.311492], [16.316766, 45.310425], [16.316912, 45.309901], [16.316006, 45.309358], [16.317522, 45.30751], [16.318331, 45.304087], [16.316253, 45.303617], [16.314646, 45.302429], [16.315339, 45.302052], [16.314696, 45.301269], [16.315459, 45.301089], [16.315004, 45.300636], [16.316113, 45.299994], [16.314816, 45.298588], [16.315862, 45.296543], [16.314997, 45.290516], [16.318941, 45.290107], [16.319805, 45.290261], [16.319997, 45.289566], [16.319454, 45.287882], [16.319805, 45.2874], [16.318334, 45.282845], [16.317622, 45.281432], [16.315696, 45.279376], [16.315159, 45.279222], [16.314845, 45.27694], [16.313308, 45.279104], [16.312409, 45.280102], [16.311569, 45.279754], [16.309824, 45.280382], [16.311899, 45.285856], [16.312694, 45.286085], [16.313193, 45.286672], [16.3124, 45.288252], [16.309552, 45.289491], [16.309067, 45.290323], [16.307218, 45.291067], [16.306508, 45.292012], [16.305535, 45.292116], [16.303683, 45.293115], [16.302883, 45.294621], [16.301491, 45.295515], [16.30039, 45.295335], [16.299824, 45.296157], [16.298644, 45.296537], [16.2981, 45.299404], [16.296298, 45.300116], [16.295862, 45.300586], [16.295315, 45.300283], [16.295181, 45.30054], [16.293162, 45.300839], [16.292922, 45.301185], [16.291892, 45.300852], [16.291575, 45.301321], [16.290928, 45.301449], [16.289927, 45.300879], [16.289087, 45.301215], [16.288146, 45.301097], [16.287682, 45.301925], [16.285694, 45.30295], [16.28538, 45.304663], [16.286195, 45.305538], [16.284663, 45.306645], [16.286359, 45.308264], [16.285576, 45.309815], [16.285648, 45.310556], [16.287198, 45.311557], [16.287977, 45.311548], [16.288281, 45.312073], [16.288253, 45.314145], [16.28737, 45.31548], [16.288243, 45.316983], [16.28761, 45.317606], [16.288147, 45.318742], [16.28781, 45.319753], [16.289401, 45.321172], [16.289202, 45.322871], [16.289274, 45.323214], [16.290117, 45.323548], [16.289878, 45.323893], [16.292868, 45.322847], [16.29297, 45.323037], [16.294155, 45.322745], [16.294627, 45.321503], [16.296865, 45.320294], [16.2966, 45.318526], [16.297333, 45.318048], [16.299967, 45.317707], [16.302099, 45.318815], [16.302916, 45.316861], [16.303422, 45.316602], [16.303027, 45.314414], [16.307031, 45.314026], [16.308997, 45.31297], [16.31001, 45.311909], [16.310525, 45.311851], [16.310372, 45.311485], [16.310972, 45.311589], [16.312489, 45.310709], [16.314424, 45.311626], [16.315887, 45.311571], [16.316242, 45.311221], [16.317436, 45.311492]]]}, "properties": {"id": 52, "razina": "naselje", "name": "Tremušnjak", "jls_name": "Petrinja", "jls_maticni_broj": "03280", "zupanija": "Sisačko-moslavačka", "area_km2": 6.1661, "stanovnistvo": 16, "palette_idx": 1, "source": "DGU rpj:naselje"}}, {"type": "Feature", "id": 53, "geometry": {"type": "Polygon", "coordinates": [[[16.266112, 45.326822], [16.2669, 45.326103], [16.26603, 45.324174], [16.263877, 45.323052], [16.264299, 45.320625], [16.266422, 45.320901], [16.26832, 45.321563], [16.269941, 45.321491], [16.270336, 45.321107], [16.273453, 45.321695], [16.276363, 45.321503], [16.276854, 45.322156], [16.281036, 45.320699], [16.281924, 45.319716], [16.284874, 45.318803], [16.279107, 45.30733], [16.276844, 45.297059], [16.275493, 45.297559], [16.271652, 45.29818], [16.270772, 45.299008], [16.269703, 45.299425], [16.263481, 45.301309], [16.261608, 45.302843], [16.258896, 45.303269], [16.257794, 45.303997], [16.256308, 45.305802], [16.254613, 45.306908], [16.253113, 45.306866], [16.250689, 45.308244], [16.250411, 45.308197], [16.250539, 45.307703], [16.251383, 45.307118], [16.251604, 45.306454], [16.250906, 45.306106], [16.249307, 45.306778], [16.249549, 45.306971], [16.249231, 45.307103], [16.247733, 45.305815], [16.24625, 45.305343], [16.245546, 45.304058], [16.244866, 45.30358], [16.243278, 45.303356], [16.241445, 45.303537], [16.239343, 45.301819], [16.238106, 45.301865], [16.238148, 45.302808], [16.237444, 45.304085], [16.236971, 45.304496], [16.236287, 45.304137], [16.236133, 45.304703], [16.235461, 45.305138], [16.235644, 45.30586], [16.234515, 45.306316], [16.234593, 45.307738], [16.232116, 45.308052], [16.232474, 45.308462], [16.231711, 45.308916], [16.230712, 45.308803], [16.231347, 45.309636], [16.23103, 45.309917], [16.231271, 45.310561], [16.230329, 45.310821], [16.230368, 45.311149], [16.228878, 45.311889], [16.227679, 45.311819], [16.226867, 45.312533], [16.226686, 45.313156], [16.227995, 45.313509], [16.22718, 45.314707], [16.228279, 45.314627], [16.228454, 45.315357], [16.226985, 45.315885], [16.226764, 45.316557], [16.225586, 45.316849], [16.225633, 45.317424], [16.224388, 45.317262], [16.223547, 45.316807], [16.22245, 45.317075], [16.221754, 45.31762], [16.219399, 45.31757], [16.219453, 45.318729], [16.220266, 45.319875], [16.221246, 45.319639], [16.222911, 45.321027], [16.224528, 45.321755], [16.226005, 45.321821], [16.226838, 45.322537], [16.227271, 45.321697], [16.23024, 45.319948], [16.232562, 45.31964], [16.23311, 45.319898], [16.234056, 45.319787], [16.235438, 45.320764], [16.236309, 45.320531], [16.238237, 45.321497], [16.239285, 45.3215], [16.241333, 45.323006], [16.241675, 45.323705], [16.243568, 45.323924], [16.244459, 45.324777], [16.24597, 45.325529], [16.24602, 45.325899], [16.246973, 45.326264], [16.248361, 45.32596], [16.250562, 45.326817], [16.25543, 45.326679], [16.258632, 45.327651], [16.258812, 45.327444], [16.261035, 45.327683], [16.261603, 45.327485], [16.264051, 45.325755], [16.266112, 45.326822]]]}, "properties": {"id": 53, "razina": "naselje", "name": "Veliki Šušnjar", "jls_name": "Petrinja", "jls_maticni_broj": "03280", "zupanija": "Sisačko-moslavačka", "area_km2": 9.4723, "stanovnistvo": 65, "palette_idx": 1, "source": "DGU rpj:naselje"}}, {"type": "Feature", "id": 54, "geometry": {"type": "Polygon", "coordinates": [[[16.133723, 45.4562], [16.132915, 45.455995], [16.130636, 45.456733], [16.129826, 45.456647], [16.127755, 45.455445], [16.126919, 45.455378], [16.126869, 45.454371], [16.125498, 45.454999], [16.124528, 45.454518], [16.123801, 45.453437], [16.122964, 45.453738], [16.122387, 45.453601], [16.121492, 45.452952], [16.119061, 45.45222], [16.114522, 45.454229], [16.113901, 45.45488], [16.112109, 45.455736], [16.11111, 45.455815], [16.106999, 45.455078], [16.105037, 45.456467], [16.102472, 45.459224], [16.098391, 45.462498], [16.092557, 45.46437], [16.091641, 45.465081], [16.091478, 45.466109], [16.093277, 45.46926], [16.097104, 45.472093], [16.102733, 45.474174], [16.106273, 45.474889], [16.10948, 45.476086], [16.114264, 45.47943], [16.115931, 45.478066], [16.115235, 45.478187], [16.114999, 45.477808], [16.113747, 45.477541], [16.113234, 45.476803], [16.113805, 45.476594], [16.115036, 45.477006], [16.114854, 45.476269], [16.11573, 45.476242], [16.114829, 45.475968], [16.115226, 45.475355], [16.115991, 45.475342], [16.115033, 45.47495], [16.114934, 45.474452], [16.113906, 45.474708], [16.113205, 45.473768], [16.11442, 45.473036], [16.114463, 45.472712], [16.113091, 45.472404], [16.113599, 45.47145], [16.112438, 45.471677], [16.112456, 45.470587], [16.111702, 45.469856], [16.110524, 45.469693], [16.110295, 45.470183], [16.10959, 45.469791], [16.10985, 45.469237], [16.1092, 45.467917], [16.109376, 45.467637], [16.110043, 45.467581], [16.109958, 45.466535], [16.110849, 45.466697], [16.111518, 45.466497], [16.111548, 45.466075], [16.112111, 45.465859], [16.111778, 45.465098], [16.112025, 45.464648], [16.113043, 45.464333], [16.113516, 45.463691], [16.114849, 45.464768], [16.115267, 45.464724], [16.115019, 45.464156], [16.115525, 45.463894], [16.11519, 45.463371], [16.115767, 45.463206], [16.115713, 45.462755], [16.11665, 45.462616], [16.117294, 45.463216], [16.118024, 45.463316], [16.117438, 45.462238], [16.118168, 45.462638], [16.118718, 45.46217], [16.119176, 45.463118], [16.119888, 45.461926], [16.1207, 45.462555], [16.12099, 45.463561], [16.121496, 45.462838], [16.121792, 45.462911], [16.121592, 45.463693], [16.122722, 45.463873], [16.123656, 45.46293], [16.125571, 45.463608], [16.125267, 45.463979], [16.127126, 45.463422], [16.130583, 45.463212], [16.132452, 45.462155], [16.132986, 45.460395], [16.132544, 45.459404], [16.132799, 45.458093], [16.133723, 45.4562]]]}, "properties": {"id": 54, "razina": "naselje", "name": "Vratečko", "jls_name": "Petrinja", "jls_maticni_broj": "03280", "zupanija": "Sisačko-moslavačka", "area_km2": 4.1213, "stanovnistvo": 38, "palette_idx": 0, "source": "DGU rpj:naselje"}}, {"type": "Feature", "id": 55, "geometry": {"type": "Polygon", "coordinates": [[[16.308121, 45.361772], [16.30539, 45.360958], [16.306005, 45.359432], [16.304551, 45.358318], [16.305062, 45.353882], [16.302573, 45.35322], [16.301774, 45.352775], [16.301128, 45.351764], [16.299716, 45.351575], [16.298767, 45.350769], [16.293932, 45.348764], [16.292933, 45.34869], [16.291519, 45.34942], [16.290286, 45.348992], [16.289034, 45.350043], [16.288155, 45.350314], [16.286199, 45.349231], [16.283638, 45.349804], [16.28268, 45.350402], [16.282485, 45.351752], [16.282857, 45.352632], [16.291468, 45.359738], [16.294694, 45.365234], [16.295537, 45.364556], [16.296866, 45.364802], [16.297543, 45.365479], [16.300427, 45.361318], [16.302078, 45.361913], [16.305669, 45.362148], [16.307077, 45.362211], [16.308121, 45.361772]]]}, "properties": {"id": 55, "razina": "naselje", "name": "Čuntić", "jls_name": "Petrinja", "jls_maticni_broj": "03280", "zupanija": "Sisačko-moslavačka", "area_km2": 1.9392, "stanovnistvo": 16, "palette_idx": 3, "source": "DGU rpj:naselje"}}, {"type": "Feature", "id": 56, "geometry": {"type": "Polygon", "coordinates": [[[16.23673, 45.432213], [16.231826, 45.424809], [16.229102, 45.423951], [16.228602, 45.422787], [16.228767, 45.422281], [16.228194, 45.421818], [16.228608, 45.421586], [16.228432, 45.421036], [16.229295, 45.42041], [16.228865, 45.419566], [16.228293, 45.420266], [16.227889, 45.420187], [16.226587, 45.420941], [16.225727, 45.420382], [16.227453, 45.41882], [16.22854, 45.416914], [16.227523, 45.416427], [16.227393, 45.413794], [16.226727, 45.41156], [16.224747, 45.411535], [16.225228, 45.412019], [16.225313, 45.413156], [16.224429, 45.413597], [16.223747, 45.413321], [16.222521, 45.416197], [16.222382, 45.41767], [16.221148, 45.418564], [16.221064, 45.419059], [16.218813, 45.420647], [16.217537, 45.422086], [16.217483, 45.422766], [16.215985, 45.423637], [16.216344, 45.424701], [16.2176, 45.4258], [16.217351, 45.426372], [16.215418, 45.42771], [16.216966, 45.430698], [16.217948, 45.430488], [16.218626, 45.430994], [16.220611, 45.429913], [16.22102, 45.430089], [16.221613, 45.429792], [16.223082, 45.429888], [16.224697, 45.431014], [16.225282, 45.430912], [16.225646, 45.43116], [16.225556, 45.431659], [16.225869, 45.431785], [16.227307, 45.431445], [16.227654, 45.430965], [16.230112, 45.431919], [16.230267, 45.433584], [16.231046, 45.43444], [16.233337, 45.433976], [16.234947, 45.432243], [16.23673, 45.432213]]]}, "properties": {"id": 56, "razina": "naselje", "name": "Župić", "jls_name": "Petrinja", "jls_maticni_broj": "03280", "zupanija": "Sisačko-moslavačka", "area_km2": 1.8424, "stanovnistvo": 74, "palette_idx": 1, "source": "DGU rpj:naselje"}}, {"type": "Feature", "id": 57, "geometry": {"type": "Polygon", "coordinates": [[[16.604046, 43.498835], [16.600965, 43.499649], [16.600269, 43.500624], [16.59721, 43.502157], [16.594884, 43.500802], [16.592006, 43.500749], [16.588238, 43.499747], [16.585813, 43.499505], [16.585505, 43.499165], [16.580953, 43.502098], [16.574783, 43.511769], [16.57017, 43.515509], [16.571246, 43.520139], [16.572467, 43.520173], [16.572379, 43.5206], [16.573696, 43.520892], [16.57383, 43.522261], [16.574622, 43.522667], [16.574946, 43.523659], [16.605267, 43.51034], [16.606051, 43.507643], [16.604454, 43.50588], [16.605707, 43.504526], [16.605134, 43.50395], [16.605125, 43.503289], [16.605344, 43.501269], [16.60577, 43.500548], [16.604046, 43.498835]]]}, "properties": {"id": 57, "razina": "naselje", "name": "Donje Sitno", "jls_name": "Split", "jls_maticni_broj": "04090", "zupanija": "Splitsko-dalmatinska", "area_km2": 4.5041, "stanovnistvo": 289, "palette_idx": 1, "source": "DGU rpj:naselje"}}, {"type": "Feature", "id": 58, "geometry": {"type": "Polygon", "coordinates": [[[16.640473, 43.535924], [16.640152, 43.525919], [16.631617, 43.51512], [16.621983, 43.506876], [16.618291, 43.50202], [16.612865, 43.496232], [16.613628, 43.495386], [16.610482, 43.496782], [16.609367, 43.497688], [16.608575, 43.497254], [16.607396, 43.497824], [16.607157, 43.497626], [16.606545, 43.497831], [16.606118, 43.497383], [16.604046, 43.498835], [16.60577, 43.500548], [16.605344, 43.501269], [16.605125, 43.503289], [16.605134, 43.50395], [16.605707, 43.504526], [16.604454, 43.50588], [16.606051, 43.507643], [16.605267, 43.51034], [16.574946, 43.523659], [16.577626, 43.526033], [16.580633, 43.528028], [16.581138, 43.529859], [16.582239, 43.530536], [16.585556, 43.534923], [16.591105, 43.54626], [16.602813, 43.543063], [16.603801, 43.539799], [16.609177, 43.538408], [16.627979, 43.53161], [16.631305, 43.529625], [16.634086, 43.528725], [16.640473, 43.535924]]]}, "properties": {"id": 58, "razina": "naselje", "name": "Gornje Sitno", "jls_name": "Split", "jls_maticni_broj": "04090", "zupanija": "Splitsko-dalmatinska", "area_km2": 13.9783, "stanovnistvo": 356, "palette_idx": 2, "source": "DGU rpj:naselje"}}, {"type": "Feature", "id": 59, "geometry": {"type": "Polygon", "coordinates": [[[16.520029, 43.521469], [16.527067, 43.520768], [16.526846, 43.520065], [16.527547, 43.520068], [16.527795, 43.519503], [16.532749, 43.517943], [16.53327, 43.51704], [16.532703, 43.51573], [16.533046, 43.515699], [16.532827, 43.51465], [16.534568, 43.514232], [16.533847, 43.511937], [16.532951, 43.511356], [16.531813, 43.511181], [16.531442, 43.510625], [16.530541, 43.51074], [16.530254, 43.510328], [16.529773, 43.510453], [16.530375, 43.511623], [16.529161, 43.512131], [16.527423, 43.511978], [16.524996, 43.513078], [16.524835, 43.510328], [16.524, 43.510608], [16.523499, 43.509651], [16.522727, 43.509719], [16.522385, 43.509244], [16.521639, 43.50904], [16.521645, 43.508556], [16.519911, 43.508549], [16.516442, 43.510202], [16.50732, 43.511963], [16.506508, 43.513201], [16.508293, 43.514529], [16.507976, 43.514638], [16.508199, 43.51574], [16.508991, 43.515743], [16.50723, 43.517336], [16.506577, 43.519236], [16.506875, 43.520647], [16.506338, 43.520826], [16.505839, 43.522819], [16.508264, 43.524384], [16.510184, 43.524129], [16.511754, 43.523228], [16.516319, 43.522209], [16.516633, 43.522569], [16.520029, 43.521469]]]}, "properties": {"id": 59, "razina": "naselje", "name": "Kamen", "jls_name": "Split", "jls_maticni_broj": "04090", "zupanija": "Splitsko-dalmatinska", "area_km2": 2.5362, "stanovnistvo": 1821, "palette_idx": 1, "source": "DGU rpj:naselje"}}, {"type": "Feature", "id": 60, "geometry": {"type": "Polygon", "coordinates": [[[16.305803, 43.499531], [16.307236, 43.505129], [16.308426, 43.507997], [16.308242, 43.508476], [16.308737, 43.508585], [16.309682, 43.511532], [16.311248, 43.510673], [16.312841, 43.51058], [16.315538, 43.509136], [16.319213, 43.508077], [16.320898, 43.507159], [16.322083, 43.505396], [16.324304, 43.504473], [16.326154, 43.503136], [16.329394, 43.502871], [16.330005, 43.502498], [16.329991, 43.501938], [16.330376, 43.501687], [16.33291, 43.501953], [16.335561, 43.501853], [16.338484, 43.501098], [16.339024, 43.499844], [16.339749, 43.499556], [16.338718, 43.499786], [16.338457, 43.499467], [16.338834, 43.499282], [16.339102, 43.499535], [16.339719, 43.498941], [16.340289, 43.499305], [16.340254, 43.499638], [16.340342, 43.499298], [16.339779, 43.498933], [16.341464, 43.49699], [16.345161, 43.495806], [16.348875, 43.493725], [16.351586, 43.493143], [16.352443, 43.492599], [16.35804, 43.49167], [16.359492, 43.49218], [16.360954, 43.492202], [16.362995, 43.49133], [16.364268, 43.491603], [16.364666, 43.492692], [16.365065, 43.49284], [16.366211, 43.492269], [16.366754, 43.490835], [16.368308, 43.48985], [16.370362, 43.490147], [16.371468, 43.489962], [16.373108, 43.488643], [16.375435, 43.488141], [16.378116, 43.487983], [16.381123, 43.488998], [16.382803, 43.489038], [16.384812, 43.489664], [16.387405, 43.490031], [16.391899, 43.489435], [16.392134, 43.488318], [16.389718, 43.486467], [16.387696, 43.485589], [16.381093, 43.484408], [16.378549, 43.484172], [16.376512, 43.484332], [16.374598, 43.484005], [16.370828, 43.484377], [16.368857, 43.483911], [16.35902, 43.483633], [16.358815, 43.483338], [16.358353, 43.483431], [16.357234, 43.483017], [16.356278, 43.483289], [16.350064, 43.482284], [16.345383, 43.482568], [16.343032, 43.482141], [16.340015, 43.482025], [16.328927, 43.482883], [16.325835, 43.482454], [16.323939, 43.482838], [16.320114, 43.482812], [16.318821, 43.482255], [16.316815, 43.482608], [16.314566, 43.482499], [16.306872, 43.484049], [16.306564, 43.48377], [16.305544, 43.483735], [16.304543, 43.484048], [16.303234, 43.485401], [16.302103, 43.485527], [16.302377, 43.486095], [16.303823, 43.485838], [16.304274, 43.486624], [16.305193, 43.486724], [16.30469, 43.493187], [16.305714, 43.495424], [16.305803, 43.499531]]]}, "properties": {"id": 60, "razina": "naselje", "name": "Slatine", "jls_name": "Split", "jls_maticni_broj": "04090", "zupanija": "Splitsko-dalmatinska", "area_km2": 10.5698, "stanovnistvo": 924, "palette_idx": 0, "source": "DGU rpj:naselje"}}, {"type": "Feature", "id": 61, "geometry": {"type": "MultiPolygon", "coordinates": [[[[16.473108, 43.527428], [16.473166, 43.527178], [16.474917, 43.527164], [16.483362, 43.529431], [16.484005, 43.529248], [16.489803, 43.52928], [16.490428, 43.528615], [16.490607, 43.529294], [16.493478, 43.529369], [16.504222, 43.528167], [16.507531, 43.526629], [16.507851, 43.526315], [16.50763, 43.525996], [16.510184, 43.524129], [16.508264, 43.524384], [16.505839, 43.522819], [16.506338, 43.520826], [16.506875, 43.520647], [16.506577, 43.519236], [16.50723, 43.517336], [16.508991, 43.515743], [16.508199, 43.51574], [16.507976, 43.514638], [16.508293, 43.514529], [16.506508, 43.513201], [16.50732, 43.511963], [16.516442, 43.510202], [16.519911, 43.508549], [16.521645, 43.508556], [16.521639, 43.50904], [16.522385, 43.509244], [16.522727, 43.509719], [16.523499, 43.509651], [16.524, 43.510608], [16.524835, 43.510328], [16.524996, 43.513078], [16.527423, 43.511978], [16.529161, 43.512131], [16.530375, 43.511623], [16.529773, 43.510453], [16.527307, 43.506307], [16.52446, 43.50665], [16.512971, 43.50507], [16.50856, 43.505877], [16.508779, 43.505502], [16.508436, 43.504473], [16.508901, 43.504285], [16.508621, 43.503517], [16.507432, 43.503988], [16.506473, 43.503938], [16.505516, 43.501442], [16.500209, 43.501786], [16.497125, 43.502352], [16.495271, 43.502097], [16.495171, 43.501853], [16.49508, 43.502062], [16.494494, 43.501953], [16.49459, 43.501693], [16.493482, 43.501333], [16.493345, 43.501539], [16.488485, 43.501402], [16.487715, 43.501087], [16.484016, 43.501068], [16.483316, 43.500784], [16.482138, 43.501585], [16.480868, 43.501879], [16.479945, 43.501488], [16.479744, 43.502188], [16.47808, 43.502456], [16.477531, 43.50226], [16.477415, 43.501856], [16.476881, 43.502368], [16.474852, 43.501966], [16.474445, 43.501515], [16.475015, 43.50113], [16.474258, 43.50113], [16.473211, 43.500263], [16.472808, 43.500472], [16.473074, 43.501106], [16.472763, 43.501354], [16.471614, 43.50149], [16.471211, 43.500992], [16.471528, 43.501621], [16.471254, 43.502117], [16.470272, 43.501593], [16.469183, 43.501722], [16.467396, 43.501134], [16.466783, 43.502026], [16.465294, 43.502322], [16.463501, 43.50151], [16.462462, 43.499422], [16.458194, 43.498859], [16.458207, 43.499712], [16.459463, 43.499267], [16.46235, 43.499696], [16.462752, 43.500881], [16.462441, 43.501068], [16.461059, 43.500652], [16.462316, 43.500574], [16.461097, 43.500463], [16.461139, 43.500197], [16.46223, 43.500286], [16.460718, 43.500143], [16.460767, 43.499877], [16.462004, 43.499975], [16.459101, 43.499706], [16.460744, 43.499878], [16.460694, 43.50014], [16.458783, 43.49996], [16.460271, 43.500121], [16.460223, 43.500397], [16.458999, 43.50028], [16.460219, 43.500409], [16.46017, 43.500702], [16.456952, 43.500098], [16.458132, 43.500683], [16.457162, 43.500485], [16.458126, 43.500695], [16.457248, 43.501075], [16.456444, 43.499854], [16.457351, 43.499223], [16.4562, 43.499687], [16.45535, 43.499665], [16.454666, 43.500309], [16.454153, 43.500292], [16.454548, 43.500386], [16.454071, 43.500899], [16.452664, 43.500604], [16.451838, 43.499787], [16.451382, 43.499907], [16.451625, 43.500091], [16.451322, 43.500371], [16.450556, 43.500567], [16.450047, 43.500375], [16.44947, 43.500703], [16.449317, 43.501352], [16.447629, 43.502499], [16.446487, 43.502227], [16.445425, 43.50129], [16.445905, 43.500484], [16.446409, 43.500348], [16.436164, 43.501089], [16.441369, 43.501322], [16.44188, 43.502682], [16.439675, 43.502615], [16.439629, 43.503179], [16.442623, 43.503222], [16.442152, 43.504915], [16.440288, 43.504403], [16.44017, 43.504639], [16.442019, 43.505166], [16.44138, 43.506411], [16.438259, 43.506421], [16.438223, 43.506733], [16.439181, 43.506674], [16.439438, 43.507122], [16.436887, 43.50797], [16.434491, 43.507678], [16.434498, 43.507418], [16.435709, 43.507367], [16.435536, 43.507228], [16.433458, 43.507109], [16.433169, 43.506498], [16.431673, 43.505888], [16.431644, 43.50544], [16.431026, 43.505457], [16.43011, 43.504815], [16.428103, 43.50272], [16.428116, 43.502259], [16.427542, 43.502506], [16.427455, 43.501997], [16.427908, 43.501929], [16.427448, 43.501965], [16.427416, 43.501704], [16.428235, 43.501809], [16.428428, 43.501318], [16.42862, 43.501768], [16.428399, 43.501147], [16.428869, 43.500994], [16.429041, 43.501625], [16.428908, 43.500989], [16.429306, 43.500893], [16.429586, 43.502111], [16.42892, 43.502374], [16.429503, 43.502377], [16.43037, 43.503379], [16.429969, 43.502643], [16.430728, 43.50313], [16.429969, 43.502331], [16.431106, 43.502823], [16.42997, 43.502297], [16.429963, 43.501885], [16.431356, 43.502488], [16.429965, 43.501848], [16.429961, 43.501433], [16.431354, 43.502039], [16.429961, 43.501319], [16.430231, 43.501057], [16.431804, 43.501882], [16.432002, 43.502411], [16.4306, 43.503819], [16.430674, 43.503859], [16.432038, 43.50245], [16.432638, 43.502689], [16.431701, 43.501592], [16.429672, 43.500616], [16.424509, 43.500932], [16.423653, 43.501275], [16.423787, 43.501886], [16.422816, 43.502332], [16.424055, 43.501939], [16.423311, 43.502383], [16.424147, 43.502061], [16.424261, 43.502289], [16.423578, 43.502708], [16.423366, 43.502549], [16.423439, 43.502835], [16.421762, 43.503227], [16.421316, 43.502912], [16.421471, 43.502529], [16.421037, 43.502553], [16.418529, 43.503291], [16.41839, 43.503863], [16.417346, 43.503631], [16.41786, 43.503237], [16.417057, 43.503717], [16.416386, 43.503614], [16.415954, 43.503283], [16.415847, 43.502547], [16.415634, 43.503176], [16.415181, 43.503353], [16.414076, 43.502801], [16.41213, 43.503428], [16.409123, 43.5038], [16.409416, 43.50392], [16.409059, 43.504154], [16.407598, 43.503726], [16.401459, 43.504565], [16.401345, 43.504852], [16.39977, 43.505035], [16.400647, 43.505176], [16.400373, 43.507077], [16.399608, 43.507744], [16.398676, 43.507958], [16.396497, 43.50805], [16.391668, 43.507582], [16.387932, 43.507704], [16.38872, 43.507761], [16.388303, 43.507926], [16.38823, 43.508477], [16.387843, 43.508006], [16.38783, 43.508261], [16.389251, 43.509699], [16.390604, 43.510021], [16.390572, 43.510342], [16.390629, 43.510033], [16.390936, 43.510087], [16.39309, 43.510914], [16.397496, 43.513179], [16.401637, 43.514113], [16.401037, 43.514829], [16.402567, 43.515758], [16.4047, 43.515773], [16.404852, 43.515152], [16.40687, 43.514342], [16.407033, 43.514755], [16.40775, 43.51501], [16.409647, 43.514734], [16.413928, 43.514752], [16.415235, 43.516279], [16.41999, 43.516453], [16.420574, 43.516277], [16.415329, 43.515979], [16.41529, 43.515042], [16.415573, 43.515047], [16.415642, 43.515667], [16.415609, 43.514944], [16.415892, 43.51494], [16.415964, 43.515714], [16.415927, 43.514939], [16.416207, 43.514935], [16.416288, 43.515704], [16.416248, 43.514923], [16.416528, 43.514919], [16.416601, 43.515695], [16.416566, 43.514914], [16.416844, 43.514911], [16.416926, 43.515758], [16.416882, 43.51491], [16.417162, 43.514899], [16.417244, 43.51575], [16.417203, 43.514902], [16.417586, 43.514893], [16.417661, 43.515753], [16.417619, 43.514893], [16.417996, 43.514884], [16.418077, 43.51574], [16.418036, 43.514881], [16.418412, 43.51487], [16.418496, 43.515732], [16.418451, 43.514867], [16.418827, 43.514855], [16.418918, 43.515803], [16.418873, 43.514952], [16.419354, 43.514935], [16.419431, 43.515789], [16.419386, 43.514934], [16.419872, 43.51492], [16.419912, 43.515574], [16.419901, 43.514753], [16.420394, 43.514759], [16.420354, 43.515695], [16.421107, 43.515836], [16.420439, 43.515645], [16.42046, 43.515063], [16.42147, 43.515198], [16.420463, 43.515037], [16.420475, 43.514652], [16.421881, 43.514893], [16.421738, 43.515221], [16.422191, 43.514942], [16.423347, 43.515713], [16.423126, 43.515895], [16.422102, 43.515474], [16.421714, 43.515438], [16.423104, 43.515914], [16.422864, 43.516109], [16.421489, 43.515824], [16.42289, 43.516145], [16.423408, 43.515727], [16.426068, 43.516326], [16.425446, 43.517751], [16.425961, 43.516953], [16.426314, 43.51757], [16.426127, 43.516745], [16.426726, 43.517508], [16.426285, 43.516595], [16.427259, 43.517635], [16.426774, 43.517909], [16.426371, 43.51776], [16.426581, 43.518504], [16.427074, 43.518494], [16.427178, 43.517739], [16.427685, 43.518148], [16.427511, 43.518269], [16.427525, 43.518509], [16.427706, 43.518226], [16.428103, 43.518603], [16.427714, 43.518562], [16.427675, 43.518863], [16.427474, 43.518618], [16.427788, 43.519194], [16.427417, 43.519237], [16.427293, 43.518918], [16.427385, 43.519241], [16.427026, 43.519283], [16.426801, 43.518954], [16.427016, 43.519325], [16.427812, 43.519279], [16.427991, 43.520039], [16.427562, 43.520089], [16.427487, 43.519858], [16.427583, 43.520267], [16.427796, 43.520299], [16.427164, 43.520355], [16.426923, 43.519977], [16.427136, 43.520359], [16.426824, 43.520379], [16.426565, 43.519868], [16.426599, 43.520782], [16.427242, 43.520377], [16.427115, 43.520762], [16.427347, 43.520368], [16.427523, 43.520733], [16.427828, 43.520355], [16.427897, 43.520704], [16.428052, 43.520339], [16.42824, 43.520743], [16.426703, 43.521223], [16.426384, 43.520998], [16.426421, 43.521247], [16.425993, 43.521284], [16.425893, 43.520914], [16.425954, 43.52129], [16.425528, 43.521329], [16.425406, 43.520831], [16.42549, 43.521333], [16.424415, 43.521384], [16.424116, 43.520059], [16.424365, 43.521424], [16.42281, 43.52188], [16.422177, 43.521792], [16.420854, 43.522527], [16.421668, 43.522864], [16.42174, 43.523975], [16.424117, 43.524527], [16.424012, 43.526414], [16.42435, 43.524796], [16.430269, 43.524513], [16.430247, 43.524282], [16.43097, 43.524251], [16.431634, 43.525205], [16.431179, 43.525286], [16.43093, 43.52495], [16.43162, 43.526722], [16.432105, 43.526625], [16.432797, 43.527474], [16.427837, 43.52842], [16.426735, 43.52838], [16.423299, 43.526938], [16.427125, 43.528597], [16.432923, 43.527543], [16.433401, 43.527844], [16.434462, 43.527748], [16.436155, 43.528225], [16.437862, 43.529896], [16.439299, 43.530296], [16.441403, 43.530062], [16.441963, 43.529796], [16.441507, 43.529773], [16.440912, 43.52863], [16.441472, 43.52832], [16.440993, 43.52741], [16.440594, 43.527521], [16.440015, 43.525764], [16.440449, 43.525471], [16.441071, 43.525991], [16.441014, 43.525651], [16.442044, 43.525567], [16.442693, 43.525694], [16.44276, 43.526334], [16.442836, 43.52588], [16.443509, 43.525838], [16.4437, 43.526208], [16.443519, 43.52492], [16.444082, 43.524813], [16.443578, 43.523804], [16.444161, 43.523649], [16.445778, 43.52688], [16.445349, 43.527248], [16.446807, 43.530155], [16.446648, 43.530448], [16.447324, 43.530055], [16.448599, 43.529883], [16.449168, 43.528632], [16.448729, 43.527977], [16.449061, 43.528148], [16.44888, 43.527875], [16.449239, 43.527601], [16.450005, 43.527815], [16.450737, 43.528488], [16.450473, 43.528928], [16.451939, 43.529065], [16.453093, 43.528731], [16.454533, 43.528878], [16.455426, 43.52803], [16.456134, 43.527828], [16.458428, 43.527854], [16.459213, 43.528253], [16.45969, 43.528166], [16.460867, 43.527179], [16.464509, 43.528454], [16.473108, 43.527428]], [[16.426959, 43.518384], [16.42667, 43.518445], [16.426502, 43.518015], [16.426792, 43.51796], [16.426959, 43.518384]]], [[[16.453036, 43.499523], [16.452997, 43.499504], [16.452933, 43.499524], [16.45296, 43.499551], [16.453036, 43.499523]]], [[[16.452765, 43.499597], [16.452561, 43.499582], [16.452472, 43.499625], [16.45251, 43.499661], [16.452765, 43.499597]]], [[[16.45215, 43.499722], [16.452118, 43.499702], [16.452072, 43.499707], [16.452084, 43.499732], [16.45215, 43.499722]]]]}, "properties": {"id": 61, "razina": "naselje", "name": "Split", "jls_name": "Split", "jls_maticni_broj": "04090", "zupanija": "Splitsko-dalmatinska", "area_km2": 23.0667, "stanovnistvo": 149830, "palette_idx": 0, "source": "DGU rpj:naselje"}}, {"type": "Feature", "id": 62, "geometry": {"type": "Polygon", "coordinates": [[[16.604046, 43.498835], [16.606118, 43.497383], [16.606545, 43.497831], [16.607157, 43.497626], [16.607396, 43.497824], [16.608575, 43.497254], [16.609367, 43.497688], [16.610482, 43.496782], [16.613628, 43.495386], [16.614461, 43.494821], [16.615936, 43.492281], [16.61797, 43.489549], [16.616706, 43.488687], [16.617855, 43.487562], [16.617185, 43.487058], [16.618453, 43.485935], [16.618753, 43.485121], [16.619805, 43.484666], [16.619157, 43.484075], [16.620042, 43.483939], [16.620777, 43.483364], [16.61985, 43.481835], [16.620997, 43.480768], [16.620685, 43.480356], [16.620115, 43.480729], [16.619435, 43.480691], [16.6151, 43.479121], [16.613418, 43.478166], [16.612995, 43.477373], [16.605434, 43.472317], [16.590176, 43.476805], [16.581217, 43.487844], [16.573099, 43.492882], [16.56558, 43.499649], [16.554574, 43.51043], [16.563468, 43.509889], [16.5652, 43.510784], [16.565859, 43.510601], [16.567314, 43.510987], [16.568832, 43.512443], [16.57017, 43.515509], [16.574783, 43.511769], [16.580953, 43.502098], [16.585505, 43.499165], [16.585813, 43.499505], [16.588238, 43.499747], [16.592006, 43.500749], [16.594884, 43.500802], [16.59721, 43.502157], [16.600269, 43.500624], [16.600965, 43.499649], [16.604046, 43.498835]]]}, "properties": {"id": 62, "razina": "naselje", "name": "Srinjine", "jls_name": "Split", "jls_maticni_broj": "04090", "zupanija": "Splitsko-dalmatinska", "area_km2": 10.0964, "stanovnistvo": 1199, "palette_idx": 3, "source": "DGU rpj:naselje"}}, {"type": "Feature", "id": 63, "geometry": {"type": "Polygon", "coordinates": [[[16.529773, 43.510453], [16.530254, 43.510328], [16.530541, 43.51074], [16.531442, 43.510625], [16.531813, 43.511181], [16.532951, 43.511356], [16.533847, 43.511937], [16.534535, 43.512004], [16.535267, 43.511117], [16.537091, 43.511081], [16.537014, 43.509957], [16.536404, 43.508936], [16.536882, 43.508803], [16.536697, 43.508522], [16.536122, 43.508541], [16.534789, 43.507914], [16.534872, 43.506721], [16.532999, 43.506388], [16.530919, 43.50551], [16.530889, 43.504905], [16.528686, 43.503821], [16.528517, 43.502131], [16.527725, 43.502793], [16.526521, 43.502968], [16.523031, 43.50087], [16.523177, 43.499642], [16.525919, 43.499312], [16.5251, 43.498323], [16.52384, 43.497704], [16.520195, 43.499726], [16.518302, 43.500364], [16.514527, 43.50082], [16.511632, 43.500669], [16.510176, 43.501083], [16.50773, 43.501055], [16.505516, 43.501442], [16.506473, 43.503938], [16.507432, 43.503988], [16.508621, 43.503517], [16.508901, 43.504285], [16.508436, 43.504473], [16.508779, 43.505502], [16.50856, 43.505877], [16.512971, 43.50507], [16.52446, 43.50665], [16.527307, 43.506307], [16.529773, 43.510453]]]}, "properties": {"id": 63, "razina": "naselje", "name": "Stobreč", "jls_name": "Split", "jls_maticni_broj": "04090", "zupanija": "Splitsko-dalmatinska", "area_km2": 1.3587, "stanovnistvo": 2879, "palette_idx": 2, "source": "DGU rpj:naselje"}}, {"type": "Feature", "id": 64, "geometry": {"type": "Polygon", "coordinates": [[[16.554666, 43.546754], [16.569801, 43.551896], [16.591105, 43.54626], [16.585556, 43.534923], [16.582239, 43.530536], [16.581138, 43.529859], [16.580633, 43.528028], [16.577626, 43.526033], [16.574946, 43.523659], [16.574622, 43.522667], [16.57383, 43.522261], [16.573696, 43.520892], [16.572379, 43.5206], [16.572467, 43.520173], [16.571246, 43.520139], [16.57017, 43.515509], [16.568832, 43.512443], [16.567314, 43.510987], [16.565859, 43.510601], [16.5652, 43.510784], [16.563468, 43.509889], [16.554574, 43.51043], [16.544567, 43.517894], [16.54371, 43.518689], [16.544445, 43.518943], [16.543375, 43.518851], [16.543167, 43.517701], [16.542059, 43.516313], [16.540049, 43.513895], [16.53737, 43.512722], [16.537091, 43.511081], [16.535267, 43.511117], [16.534535, 43.512004], [16.533847, 43.511937], [16.534568, 43.514232], [16.532827, 43.51465], [16.533046, 43.515699], [16.532703, 43.51573], [16.53327, 43.51704], [16.532749, 43.517943], [16.527795, 43.519503], [16.527547, 43.520068], [16.526846, 43.520065], [16.527067, 43.520768], [16.530337, 43.520107], [16.53041, 43.520397], [16.531518, 43.520832], [16.531689, 43.522118], [16.531295, 43.522453], [16.531768, 43.523847], [16.540198, 43.531868], [16.554666, 43.546754]]]}, "properties": {"id": 64, "razina": "naselje", "name": "Žrnovnica", "jls_name": "Split", "jls_maticni_broj": "04090", "zupanija": "Splitsko-dalmatinska", "area_km2": 13.2844, "stanovnistvo": 3279, "palette_idx": 0, "source": "DGU rpj:naselje"}}, {"type": "Feature", "id": 65, "geometry": {"type": "Polygon", "coordinates": [[[18.68123, 45.518369], [18.671959, 45.516218], [18.671657, 45.525773], [18.676536, 45.526252], [18.678815, 45.525915], [18.67993, 45.526047], [18.680608, 45.525702], [18.682728, 45.525859], [18.682713, 45.525516], [18.68676, 45.525341], [18.686219, 45.523], [18.685154, 45.521216], [18.683093, 45.519442], [18.68123, 45.518369]]]}, "properties": {"id": 65, "razina": "naselje", "name": "Brijest", "jls_name": "Osijek", "jls_maticni_broj": "03123", "zupanija": "Osječko-baranjska", "area_km2": 0.9512, "stanovnistvo": 1005, "palette_idx": 1, "source": "DGU rpj:naselje"}}, {"type": "Feature", "id": 66, "geometry": {"type": "Polygon", "coordinates": [[[18.664759, 45.516016], [18.644172, 45.510724], [18.642229, 45.51159], [18.631313, 45.509962], [18.628122, 45.510735], [18.626978, 45.510318], [18.621675, 45.509654], [18.621358, 45.50962], [18.622796, 45.511401], [18.620075, 45.520055], [18.622138, 45.520348], [18.619529, 45.528644], [18.621847, 45.529026], [18.621731, 45.529328], [18.621714, 45.529378], [18.62988, 45.53075], [18.630068, 45.52882], [18.632339, 45.523173], [18.63386, 45.521258], [18.635845, 45.515474], [18.644001, 45.517995], [18.656847, 45.520144], [18.658907, 45.518385], [18.662552, 45.517544], [18.664284, 45.51651], [18.665916, 45.516324], [18.664759, 45.516016]]]}, "properties": {"id": 66, "razina": "naselje", "name": "Briješće", "jls_name": "Osijek", "jls_maticni_broj": "03123", "zupanija": "Osječko-baranjska", "area_km2": 3.4952, "stanovnistvo": 1153, "palette_idx": 1, "source": "DGU rpj:naselje"}}, {"type": "Feature", "id": 67, "geometry": {"type": "Polygon", "coordinates": [[[18.632507, 45.57983], [18.631653, 45.578982], [18.625983, 45.575914], [18.62466, 45.575932], [18.624025, 45.576455], [18.622023, 45.576353], [18.618172, 45.576933], [18.617085, 45.576736], [18.614397, 45.574804], [18.614138, 45.57348], [18.612285, 45.572214], [18.609234, 45.571675], [18.608571, 45.570702], [18.608127, 45.570882], [18.605785, 45.57048], [18.604828, 45.569158], [18.604442, 45.567835], [18.60512, 45.567012], [18.601915, 45.568521], [18.597112, 45.560166], [18.59054, 45.56211], [18.587027, 45.555372], [18.586803, 45.554101], [18.588917, 45.55125], [18.58548, 45.550562], [18.582642, 45.549939], [18.580586, 45.549077], [18.579496, 45.547895], [18.578403, 45.545637], [18.578562, 45.544827], [18.575737, 45.544887], [18.575022, 45.547296], [18.57115, 45.552972], [18.563656, 45.550712], [18.56269, 45.550857], [18.561626, 45.553128], [18.562041, 45.555347], [18.560969, 45.557734], [18.561612, 45.558118], [18.556712, 45.5644], [18.558726, 45.565176], [18.56276, 45.58473], [18.556869, 45.585357], [18.568934, 45.593065], [18.569552, 45.592589], [18.575451, 45.596278], [18.576514, 45.595978], [18.578132, 45.594788], [18.580475, 45.590773], [18.581192, 45.588672], [18.582385, 45.587517], [18.582718, 45.585703], [18.583835, 45.584974], [18.584436, 45.585301], [18.584689, 45.586069], [18.600333, 45.586369], [18.601707, 45.586529], [18.604075, 45.589614], [18.603938, 45.591209], [18.606561, 45.595508], [18.607668, 45.596398], [18.608829, 45.596149], [18.608317, 45.595743], [18.609837, 45.594688], [18.615104, 45.588707], [18.617092, 45.58709], [18.624137, 45.582738], [18.632507, 45.57983]]]}, "properties": {"id": 67, "razina": "naselje", "name": "Josipovac", "jls_name": "Osijek", "jls_maticni_broj": "03123", "zupanija": "Osječko-baranjska", "area_km2": 16.1748, "stanovnistvo": 3602, "palette_idx": 1, "source": "DGU rpj:naselje"}}, {"type": "Feature", "id": 68, "geometry": {"type": "Polygon", "coordinates": [[[18.848307, 45.481656], [18.848959, 45.478793], [18.849461, 45.478856], [18.851824, 45.475581], [18.84958, 45.47138], [18.848315, 45.47064], [18.843899, 45.466482], [18.842898, 45.464798], [18.842883, 45.463961], [18.835401, 45.468341], [18.830295, 45.464486], [18.816384, 45.457833], [18.802442, 45.464186], [18.809252, 45.469688], [18.814722, 45.472425], [18.820396, 45.473879], [18.822718, 45.47639], [18.823407, 45.477623], [18.824877, 45.482255], [18.826218, 45.481104], [18.828473, 45.482256], [18.831482, 45.478855], [18.848307, 45.481656]]]}, "properties": {"id": 68, "razina": "naselje", "name": "Klisa", "jls_name": "Osijek", "jls_maticni_broj": "03123", "zupanija": "Osječko-baranjska", "area_km2": 5.2619, "stanovnistvo": 242, "palette_idx": 0, "source": "DGU rpj:naselje"}}, {"type": "Feature", "id": 69, "geometry": {"type": "Polygon", "coordinates": [[[18.790198, 45.511935], [18.78141, 45.519304], [18.778382, 45.522714], [18.766895, 45.538654], [18.765559, 45.539261], [18.766069, 45.539376], [18.765821, 45.540074], [18.766968, 45.539969], [18.769218, 45.541368], [18.769247, 45.542375], [18.775644, 45.543626], [18.782101, 45.544182], [18.786601, 45.544946], [18.79035, 45.54586], [18.794962, 45.547597], [18.806541, 45.550558], [18.810154, 45.551016], [18.812844, 45.550904], [18.812497, 45.549895], [18.803206, 45.540484], [18.802926, 45.539891], [18.803275, 45.537479], [18.802659, 45.537592], [18.799056, 45.529566], [18.796558, 45.530131], [18.793091, 45.522417], [18.79629, 45.521731], [18.7936, 45.513939], [18.792386, 45.513762], [18.791124, 45.512338], [18.790198, 45.511935]]]}, "properties": {"id": 69, "razina": "naselje", "name": "Nemetin", "jls_name": "Osijek", "jls_maticni_broj": "03123", "zupanija": "Osječko-baranjska", "area_km2": 7.0496, "stanovnistvo": 77, "palette_idx": 2, "source": "DGU rpj:naselje"}}, {"type": "Feature", "id": 70, "geometry": {"type": "Polygon", "coordinates": [[[18.648831, 45.573499], [18.657531, 45.570588], [18.659206, 45.569641], [18.666086, 45.567495], [18.676005, 45.564892], [18.683371, 45.56363], [18.684156, 45.566164], [18.691845, 45.567366], [18.697394, 45.566918], [18.697912, 45.568287], [18.700193, 45.570765], [18.699859, 45.571044], [18.701057, 45.572869], [18.703817, 45.57323], [18.70413, 45.572893], [18.707745, 45.573835], [18.709981, 45.574064], [18.713957, 45.57346], [18.714655, 45.574011], [18.714885, 45.57386], [18.706851, 45.567604], [18.705817, 45.562855], [18.70462, 45.560512], [18.709202, 45.560099], [18.7106, 45.560215], [18.719054, 45.562081], [18.730199, 45.562994], [18.734494, 45.563054], [18.736815, 45.562774], [18.743474, 45.560913], [18.750705, 45.557789], [18.751962, 45.556907], [18.756842, 45.54981], [18.758974, 45.547468], [18.765109, 45.543314], [18.769247, 45.542375], [18.769218, 45.541368], [18.766968, 45.539969], [18.765821, 45.540074], [18.766069, 45.539376], [18.765559, 45.539261], [18.766895, 45.538654], [18.778382, 45.522714], [18.78141, 45.519304], [18.777555, 45.519553], [18.773417, 45.51799], [18.772998, 45.518371], [18.765388, 45.515882], [18.764437, 45.516879], [18.762791, 45.51782], [18.76239, 45.518591], [18.762524, 45.520886], [18.760594, 45.520586], [18.75991, 45.52151], [18.759185, 45.521311], [18.758949, 45.52225], [18.755808, 45.52302], [18.746397, 45.523521], [18.745758, 45.523214], [18.740389, 45.522386], [18.727258, 45.521128], [18.724727, 45.524386], [18.718811, 45.521998], [18.716677, 45.520718], [18.71271, 45.519057], [18.703533, 45.516949], [18.697091, 45.521255], [18.696095, 45.521078], [18.691863, 45.518871], [18.691752, 45.517803], [18.684064, 45.517946], [18.681211, 45.51701], [18.68123, 45.518369], [18.683093, 45.519442], [18.685154, 45.521216], [18.686219, 45.523], [18.68676, 45.525341], [18.682713, 45.525516], [18.682728, 45.525859], [18.680608, 45.525702], [18.67993, 45.526047], [18.678815, 45.525915], [18.676536, 45.526252], [18.671657, 45.525773], [18.671959, 45.516218], [18.666368, 45.514047], [18.664759, 45.516016], [18.665916, 45.516324], [18.664284, 45.51651], [18.662552, 45.517544], [18.658907, 45.518385], [18.656847, 45.520144], [18.644001, 45.517995], [18.635845, 45.515474], [18.63386, 45.521258], [18.632339, 45.523173], [18.630068, 45.52882], [18.62988, 45.53075], [18.621714, 45.529378], [18.6198, 45.533369], [18.61901, 45.535515], [18.610434, 45.535846], [18.605024, 45.537524], [18.604462, 45.539244], [18.597986, 45.538234], [18.596074, 45.543285], [18.600866, 45.544429], [18.602575, 45.546004], [18.603191, 45.547633], [18.608032, 45.546839], [18.613581, 45.545119], [18.621243, 45.546882], [18.625814, 45.555891], [18.630691, 45.557722], [18.629876, 45.559598], [18.629873, 45.565599], [18.627428, 45.565357], [18.626725, 45.566117], [18.624724, 45.566953], [18.623147, 45.569436], [18.622621, 45.569264], [18.621783, 45.570233], [18.622602, 45.572826], [18.617907, 45.573676], [18.616919, 45.57265], [18.614138, 45.57348], [18.614397, 45.574804], [18.617085, 45.576736], [18.618172, 45.576933], [18.622023, 45.576353], [18.624025, 45.576455], [18.62466, 45.575932], [18.625983, 45.575914], [18.631653, 45.578982], [18.632507, 45.57983], [18.632699, 45.580003], [18.640223, 45.576248], [18.648831, 45.573499]]]}, "properties": {"id": 70, "razina": "naselje", "name": "Osijek", "jls_name": "Osijek", "jls_maticni_broj": "03123", "zupanija": "Osječko-baranjska", "area_km2": 59.1136, "stanovnistvo": 75535, "palette_idx": 0, "source": "DGU rpj:naselje"}}, {"type": "Feature", "id": 71, "geometry": {"type": "Polygon", "coordinates": [[[18.737369, 45.567749], [18.734779, 45.564622], [18.734494, 45.563054], [18.730199, 45.562994], [18.719054, 45.562081], [18.7106, 45.560215], [18.709202, 45.560099], [18.70462, 45.560512], [18.705817, 45.562855], [18.706851, 45.567604], [18.714885, 45.57386], [18.715461, 45.574337], [18.72218, 45.575938], [18.7224, 45.576667], [18.727237, 45.575697], [18.725835, 45.569783], [18.728255, 45.569449], [18.730354, 45.569751], [18.733426, 45.569399], [18.737117, 45.568316], [18.737369, 45.567749]]]}, "properties": {"id": 71, "razina": "naselje", "name": "Podravlje", "jls_name": "Osijek", "jls_maticni_broj": "03123", "zupanija": "Osječko-baranjska", "area_km2": 2.6646, "stanovnistvo": 348, "palette_idx": 1, "source": "DGU rpj:naselje"}}, {"type": "Feature", "id": 72, "geometry": {"type": "Polygon", "coordinates": [[[18.85886, 45.551105], [18.859067, 45.550414], [18.858129, 45.549723], [18.85788, 45.547732], [18.859821, 45.545222], [18.860889, 45.544792], [18.861243, 45.543675], [18.862225, 45.54288], [18.862805, 45.541327], [18.863754, 45.540248], [18.863337, 45.539477], [18.862633, 45.539114], [18.86166, 45.535978], [18.860033, 45.534737], [18.86313, 45.531033], [18.854075, 45.520916], [18.853688, 45.519898], [18.849702, 45.520254], [18.848899, 45.516261], [18.840348, 45.518952], [18.837219, 45.51763], [18.831302, 45.517091], [18.820762, 45.514357], [18.81808, 45.513957], [18.810202, 45.509744], [18.802735, 45.508255], [18.800904, 45.505123], [18.798487, 45.504881], [18.790198, 45.511935], [18.791124, 45.512338], [18.792386, 45.513762], [18.7936, 45.513939], [18.79629, 45.521731], [18.793091, 45.522417], [18.796558, 45.530131], [18.799056, 45.529566], [18.802659, 45.537592], [18.803275, 45.537479], [18.802926, 45.539891], [18.803206, 45.540484], [18.812497, 45.549895], [18.812844, 45.550904], [18.813178, 45.551833], [18.8223, 45.550392], [18.826885, 45.55284], [18.832112, 45.557819], [18.834757, 45.559033], [18.838458, 45.553815], [18.837826, 45.549537], [18.851243, 45.550938], [18.856721, 45.550638], [18.85886, 45.551105]]]}, "properties": {"id": 72, "razina": "naselje", "name": "Sarvaš", "jls_name": "Osijek", "jls_maticni_broj": "03123", "zupanija": "Osječko-baranjska", "area_km2": 19.4391, "stanovnistvo": 1658, "palette_idx": 0, "source": "DGU rpj:naselje"}}, {"type": "Feature", "id": 73, "geometry": {"type": "Polygon", "coordinates": [[[18.78141, 45.519304], [18.790198, 45.511935], [18.798487, 45.504881], [18.824877, 45.482255], [18.823407, 45.477623], [18.822718, 45.47639], [18.820396, 45.473879], [18.814722, 45.472425], [18.809252, 45.469688], [18.802442, 45.464186], [18.798652, 45.461332], [18.794692, 45.456607], [18.786267, 45.446562], [18.760867, 45.444816], [18.750944, 45.454336], [18.753065, 45.455424], [18.747293, 45.460949], [18.745178, 45.459847], [18.732096, 45.472386], [18.733827, 45.473277], [18.730783, 45.476301], [18.729005, 45.475382], [18.722908, 45.481196], [18.724436, 45.481965], [18.71904, 45.487065], [18.717604, 45.486318], [18.715429, 45.488366], [18.725867, 45.493741], [18.706558, 45.512645], [18.705542, 45.51293], [18.704243, 45.514225], [18.703533, 45.516949], [18.71271, 45.519057], [18.716677, 45.520718], [18.718811, 45.521998], [18.724727, 45.524386], [18.727258, 45.521128], [18.740389, 45.522386], [18.745758, 45.523214], [18.746397, 45.523521], [18.755808, 45.52302], [18.758949, 45.52225], [18.759185, 45.521311], [18.75991, 45.52151], [18.760594, 45.520586], [18.762524, 45.520886], [18.76239, 45.518591], [18.762791, 45.51782], [18.764437, 45.516879], [18.765388, 45.515882], [18.772998, 45.518371], [18.773417, 45.51799], [18.777555, 45.519553], [18.78141, 45.519304]]]}, "properties": {"id": 73, "razina": "naselje", "name": "Tenja", "jls_name": "Osijek", "jls_maticni_broj": "03123", "zupanija": "Osječko-baranjska", "area_km2": 49.2685, "stanovnistvo": 6260, "palette_idx": 1, "source": "DGU rpj:naselje"}}, {"type": "Feature", "id": 74, "geometry": {"type": "Polygon", "coordinates": [[[18.701057, 45.572869], [18.699859, 45.571044], [18.700193, 45.570765], [18.697912, 45.568287], [18.697394, 45.566918], [18.691845, 45.567366], [18.684156, 45.566164], [18.683371, 45.56363], [18.676005, 45.564892], [18.666086, 45.567495], [18.659206, 45.569641], [18.657531, 45.570588], [18.648831, 45.573499], [18.649695, 45.574789], [18.653299, 45.575617], [18.657732, 45.577108], [18.665492, 45.576175], [18.666208, 45.574651], [18.675856, 45.575954], [18.677723, 45.57669], [18.679068, 45.576828], [18.683816, 45.578782], [18.684839, 45.580268], [18.687313, 45.578612], [18.689263, 45.576688], [18.690745, 45.576517], [18.692692, 45.576702], [18.697888, 45.579262], [18.697967, 45.578236], [18.699813, 45.577907], [18.697474, 45.575363], [18.696987, 45.573683], [18.698079, 45.573412], [18.69833, 45.573637], [18.699205, 45.573541], [18.701057, 45.572869]]]}, "properties": {"id": 74, "razina": "naselje", "name": "Tvrđavica", "jls_name": "Osijek", "jls_maticni_broj": "03123", "zupanija": "Osječko-baranjska", "area_km2": 3.961, "stanovnistvo": 563, "palette_idx": 1, "source": "DGU rpj:naselje"}}, {"type": "Feature", "id": 75, "geometry": {"type": "Polygon", "coordinates": [[[18.596074, 45.543285], [18.595826, 45.54394], [18.585032, 45.546416], [18.586613, 45.54898], [18.58548, 45.550562], [18.588917, 45.55125], [18.586803, 45.554101], [18.587027, 45.555372], [18.59054, 45.56211], [18.597112, 45.560166], [18.601915, 45.568521], [18.60512, 45.567012], [18.604442, 45.567835], [18.604828, 45.569158], [18.605785, 45.57048], [18.608127, 45.570882], [18.608571, 45.570702], [18.609234, 45.571675], [18.612285, 45.572214], [18.614138, 45.57348], [18.616919, 45.57265], [18.617907, 45.573676], [18.622602, 45.572826], [18.621783, 45.570233], [18.622621, 45.569264], [18.623147, 45.569436], [18.624724, 45.566953], [18.626725, 45.566117], [18.627428, 45.565357], [18.629873, 45.565599], [18.629876, 45.559598], [18.630691, 45.557722], [18.625814, 45.555891], [18.621243, 45.546882], [18.613581, 45.545119], [18.608032, 45.546839], [18.603191, 45.547633], [18.602575, 45.546004], [18.600866, 45.544429], [18.596074, 45.543285]]]}, "properties": {"id": 75, "razina": "naselje", "name": "Višnjevac", "jls_name": "Osijek", "jls_maticni_broj": "03123", "zupanija": "Osječko-baranjska", "area_km2": 7.4823, "stanovnistvo": 5870, "palette_idx": 2, "source": "DGU rpj:naselje"}}, {"type": "Feature", "id": 76, "geometry": {"type": "Polygon", "coordinates": [[[16.39886, 46.270429], [16.397794, 46.27117], [16.398283, 46.272932], [16.396502, 46.273404], [16.39685, 46.274816], [16.391499, 46.275248], [16.390455, 46.276435], [16.389899, 46.276465], [16.390052, 46.276888], [16.389378, 46.277954], [16.389932, 46.278294], [16.385893, 46.281399], [16.385009, 46.282708], [16.382056, 46.283668], [16.377812, 46.284268], [16.375554, 46.285934], [16.374689, 46.285989], [16.374772, 46.286752], [16.376773, 46.286195], [16.377168, 46.287945], [16.378522, 46.288195], [16.377989, 46.28862], [16.379037, 46.288977], [16.379621, 46.288672], [16.379953, 46.289533], [16.386792, 46.286289], [16.386746, 46.286747], [16.387945, 46.286134], [16.388341, 46.287085], [16.3862, 46.291164], [16.387062, 46.292088], [16.387982, 46.291564], [16.391263, 46.289061], [16.392458, 46.286948], [16.393517, 46.286838], [16.394328, 46.286192], [16.39375, 46.28483], [16.392218, 46.284173], [16.393048, 46.283736], [16.392444, 46.281353], [16.393251, 46.2811], [16.393449, 46.280709], [16.395461, 46.280511], [16.396504, 46.280971], [16.400875, 46.280669], [16.401732, 46.27962], [16.40193, 46.276826], [16.402466, 46.276126], [16.403413, 46.275729], [16.404229, 46.27552], [16.405492, 46.27599], [16.40705, 46.275957], [16.408255, 46.277179], [16.409238, 46.277155], [16.409048, 46.278092], [16.410888, 46.278326], [16.411888, 46.279085], [16.413214, 46.279163], [16.413808, 46.278607], [16.415138, 46.278873], [16.415434, 46.278659], [16.415408, 46.278009], [16.416123, 46.277325], [16.415702, 46.276371], [16.416244, 46.275136], [16.417552, 46.274902], [16.421445, 46.275295], [16.420124, 46.27439], [16.419178, 46.273151], [16.419049, 46.271769], [16.416486, 46.271252], [16.411001, 46.272478], [16.409664, 46.27257], [16.408604, 46.271731], [16.407358, 46.272327], [16.405136, 46.272593], [16.403763, 46.272214], [16.403616, 46.271517], [16.40216, 46.270735], [16.399828, 46.270716], [16.39886, 46.270429]]]}, "properties": {"id": 76, "razina": "naselje", "name": "Donji Kućan", "jls_name": "Varaždin", "jls_maticni_broj": "04723", "zupanija": "Varaždinska", "area_km2": 2.4171, "stanovnistvo": 694, "palette_idx": 1, "source": "DGU rpj:naselje"}}, {"type": "Feature", "id": 77, "geometry": {"type": "Polygon", "coordinates": [[[16.303027, 46.274079], [16.302743, 46.272793], [16.301484, 46.273016], [16.300256, 46.273702], [16.299244, 46.27536], [16.29902, 46.276341], [16.300056, 46.278113], [16.299632, 46.281357], [16.296331, 46.281903], [16.295994, 46.283392], [16.296204, 46.288531], [16.298695, 46.288528], [16.298841, 46.289375], [16.299715, 46.289363], [16.299733, 46.289987], [16.300844, 46.290103], [16.300896, 46.290586], [16.304746, 46.291289], [16.304708, 46.292366], [16.303277, 46.292403], [16.300529, 46.29352], [16.299502, 46.294768], [16.29939, 46.295979], [16.30391, 46.294141], [16.309235, 46.290884], [16.310681, 46.288663], [16.310831, 46.285227], [16.308549, 46.281586], [16.304157, 46.276284], [16.303027, 46.274079]]]}, "properties": {"id": 77, "razina": "naselje", "name": "Gojanec", "jls_name": "Varaždin", "jls_maticni_broj": "04723", "zupanija": "Varaždinska", "area_km2": 1.5966, "stanovnistvo": 611, "palette_idx": 2, "source": "DGU rpj:naselje"}}, {"type": "Feature", "id": 78, "geometry": {"type": "Polygon", "coordinates": [[[16.39886, 46.270429], [16.395001, 46.269486], [16.393652, 46.269439], [16.390086, 46.270364], [16.389446, 46.270978], [16.388162, 46.270869], [16.386863, 46.271712], [16.38585, 46.271395], [16.384193, 46.26826], [16.381025, 46.268466], [16.381057, 46.268824], [16.36441, 46.28107], [16.365486, 46.281713], [16.365682, 46.283127], [16.364701, 46.285421], [16.365408, 46.285667], [16.364138, 46.288015], [16.365866, 46.288514], [16.366225, 46.288392], [16.366912, 46.28846], [16.368885, 46.285212], [16.371988, 46.284923], [16.372195, 46.286006], [16.374689, 46.285989], [16.375554, 46.285934], [16.377812, 46.284268], [16.382056, 46.283668], [16.385009, 46.282708], [16.385893, 46.281399], [16.389932, 46.278294], [16.389378, 46.277954], [16.390052, 46.276888], [16.389899, 46.276465], [16.390455, 46.276435], [16.391499, 46.275248], [16.39685, 46.274816], [16.396502, 46.273404], [16.398283, 46.272932], [16.397794, 46.27117], [16.39886, 46.270429]]]}, "properties": {"id": 78, "razina": "naselje", "name": "Gornji Kućan", "jls_name": "Varaždin", "jls_maticni_broj": "04723", "zupanija": "Varaždinska", "area_km2": 2.7435, "stanovnistvo": 1013, "palette_idx": 2, "source": "DGU rpj:naselje"}}, {"type": "Feature", "id": 79, "geometry": {"type": "Polygon", "coordinates": [[[16.290011, 46.314497], [16.286711, 46.31486], [16.286974, 46.315698], [16.285515, 46.316389], [16.286726, 46.317988], [16.286459, 46.32167], [16.287358, 46.323061], [16.288884, 46.32432], [16.29099, 46.32417], [16.291703, 46.325322], [16.289707, 46.325965], [16.289188, 46.32675], [16.289866, 46.327041], [16.29101, 46.326133], [16.29167, 46.326764], [16.291311, 46.32701], [16.291658, 46.328033], [16.290353, 46.328077], [16.2905, 46.329613], [16.292306, 46.329879], [16.293264, 46.33082], [16.29759, 46.330675], [16.297414, 46.330276], [16.298214, 46.329572], [16.298466, 46.32856], [16.299024, 46.328653], [16.299819, 46.32944], [16.300815, 46.328723], [16.30147, 46.32886], [16.301536, 46.329157], [16.301768, 46.324787], [16.299325, 46.320977], [16.298245, 46.320101], [16.292434, 46.317007], [16.290011, 46.314497]]]}, "properties": {"id": 79, "razina": "naselje", "name": "Hrašćica", "jls_name": "Varaždin", "jls_maticni_broj": "04723", "zupanija": "Varaždinska", "area_km2": 1.3244, "stanovnistvo": 1270, "palette_idx": 1, "source": "DGU rpj:naselje"}}, {"type": "Feature", "id": 80, "geometry": {"type": "Polygon", "coordinates": [[[16.323995, 46.269223], [16.3218, 46.268995], [16.321424, 46.269357], [16.320588, 46.269187], [16.320581, 46.269603], [16.319992, 46.269756], [16.317929, 46.269669], [16.316516, 46.271105], [16.315477, 46.270619], [16.315289, 46.270137], [16.314673, 46.270489], [16.314807, 46.269884], [16.314328, 46.270101], [16.314085, 46.269553], [16.313621, 46.26977], [16.313067, 46.269343], [16.310984, 46.26956], [16.309711, 46.269203], [16.308124, 46.269517], [16.306447, 46.269106], [16.305861, 46.269394], [16.307566, 46.272008], [16.307625, 46.273245], [16.305666, 46.27322], [16.304621, 46.273904], [16.303027, 46.274079], [16.304157, 46.276284], [16.308549, 46.281586], [16.310831, 46.285227], [16.323663, 46.29004], [16.327683, 46.288476], [16.32906, 46.287595], [16.329704, 46.286875], [16.331321, 46.283027], [16.331073, 46.281274], [16.329574, 46.279458], [16.329353, 46.27852], [16.329579, 46.278047], [16.331453, 46.277029], [16.332616, 46.275091], [16.332113, 46.274529], [16.332452, 46.273943], [16.330311, 46.272094], [16.329982, 46.270125], [16.32919, 46.269781], [16.328903, 46.270391], [16.327492, 46.269973], [16.327298, 46.269126], [16.325954, 46.268975], [16.323995, 46.269223]]]}, "properties": {"id": 80, "razina": "naselje", "name": "Jalkovec", "jls_name": "Varaždin", "jls_maticni_broj": "04723", "zupanija": "Varaždinska", "area_km2": 3.677, "stanovnistvo": 1259, "palette_idx": 1, "source": "DGU rpj:naselje"}}, {"type": "Feature", "id": 81, "geometry": {"type": "Polygon", "coordinates": [[[16.366225, 46.288392], [16.364888, 46.290326], [16.365106, 46.290539], [16.364187, 46.291844], [16.364458, 46.292203], [16.36285, 46.292383], [16.362474, 46.292837], [16.363012, 46.297859], [16.363658, 46.299039], [16.364581, 46.298622], [16.365148, 46.298979], [16.367597, 46.297705], [16.3691, 46.297796], [16.369173, 46.29847], [16.369934, 46.298318], [16.369995, 46.298825], [16.370278, 46.298805], [16.370498, 46.299915], [16.371724, 46.300294], [16.376415, 46.300676], [16.378624, 46.301393], [16.386061, 46.286958], [16.386746, 46.286747], [16.386792, 46.286289], [16.379953, 46.289533], [16.379621, 46.288672], [16.379037, 46.288977], [16.377989, 46.28862], [16.378522, 46.288195], [16.377168, 46.287945], [16.376773, 46.286195], [16.374772, 46.286752], [16.374689, 46.285989], [16.372195, 46.286006], [16.371988, 46.284923], [16.368885, 46.285212], [16.366912, 46.28846], [16.366225, 46.288392]]]}, "properties": {"id": 81, "razina": "naselje", "name": "Kućan Marof", "jls_name": "Varaždin", "jls_maticni_broj": "04723", "zupanija": "Varaždinska", "area_km2": 2.0135, "stanovnistvo": 1280, "palette_idx": 3, "source": "DGU rpj:naselje"}}, {"type": "Feature", "id": 82, "geometry": {"type": "Polygon", "coordinates": [[[16.321942, 46.259508], [16.31318, 46.262605], [16.313932, 46.264356], [16.310971, 46.264942], [16.307303, 46.263177], [16.304479, 46.262695], [16.302643, 46.261859], [16.299898, 46.259232], [16.296636, 46.259333], [16.29549, 46.257763], [16.294175, 46.257221], [16.290589, 46.257188], [16.289403, 46.257761], [16.289252, 46.260966], [16.288755, 46.261175], [16.288492, 46.260957], [16.287427, 46.263939], [16.28747, 46.265318], [16.286254, 46.266751], [16.285907, 46.266646], [16.285512, 46.267077], [16.285102, 46.267062], [16.286121, 46.270864], [16.286833, 46.270984], [16.28743, 46.272564], [16.2881, 46.272862], [16.289761, 46.273088], [16.2918, 46.272605], [16.292287, 46.271969], [16.293608, 46.272647], [16.294137, 46.272372], [16.294893, 46.272569], [16.29508, 46.271679], [16.295593, 46.271388], [16.296246, 46.271666], [16.296249, 46.272264], [16.297285, 46.272602], [16.297151, 46.271297], [16.29765, 46.271342], [16.298967, 46.272346], [16.30202, 46.271512], [16.302286, 46.272133], [16.302711, 46.272022], [16.302743, 46.272793], [16.303027, 46.274079], [16.304621, 46.273904], [16.305666, 46.27322], [16.307625, 46.273245], [16.307566, 46.272008], [16.305861, 46.269394], [16.306447, 46.269106], [16.308124, 46.269517], [16.309711, 46.269203], [16.310984, 46.26956], [16.313067, 46.269343], [16.313621, 46.26977], [16.314085, 46.269553], [16.314328, 46.270101], [16.314807, 46.269884], [16.314673, 46.270489], [16.315289, 46.270137], [16.315477, 46.270619], [16.316516, 46.271105], [16.317929, 46.269669], [16.319992, 46.269756], [16.320581, 46.269603], [16.320588, 46.269187], [16.321424, 46.269357], [16.3218, 46.268995], [16.323995, 46.269223], [16.323991, 46.266338], [16.324624, 46.26497], [16.323382, 46.263246], [16.322802, 46.260731], [16.321942, 46.259508]]]}, "properties": {"id": 82, "razina": "naselje", "name": "Poljana Biškupečka", "jls_name": "Varaždin", "jls_maticni_broj": "04723", "zupanija": "Varaždinska", "area_km2": 3.2916, "stanovnistvo": 421, "palette_idx": 0, "source": "DGU rpj:naselje"}}, {"type": "Feature", "id": 83, "geometry": {"type": "Polygon", "coordinates": [[[16.29939, 46.295979], [16.299391, 46.297994], [16.300625, 46.3], [16.30041, 46.30119], [16.298659, 46.302818], [16.299086, 46.303307], [16.299214, 46.309053], [16.299596, 46.310616], [16.294991, 46.310813], [16.290283, 46.311746], [16.290785, 46.313584], [16.290188, 46.313728], [16.290011, 46.314497], [16.292434, 46.317007], [16.298245, 46.320101], [16.299325, 46.320977], [16.301768, 46.324787], [16.301536, 46.329157], [16.301663, 46.329517], [16.304222, 46.330049], [16.306557, 46.331519], [16.308855, 46.334596], [16.317033, 46.331967], [16.317688, 46.33295], [16.317515, 46.338659], [16.31691, 46.339657], [16.315882, 46.339725], [16.312939, 46.338809], [16.312808, 46.340513], [16.310916, 46.342613], [16.309839, 46.345807], [16.310194, 46.345864], [16.309874, 46.347287], [16.308942, 46.34737], [16.307601, 46.348104], [16.30602, 46.349713], [16.305283, 46.351126], [16.304314, 46.351812], [16.316665, 46.351871], [16.316659, 46.353527], [16.328418, 46.357363], [16.329571, 46.354719], [16.335639, 46.348182], [16.340818, 46.34487], [16.346595, 46.341128], [16.347292, 46.341238], [16.349546, 46.339699], [16.352726, 46.329364], [16.353189, 46.327321], [16.354177, 46.325851], [16.353558, 46.325173], [16.365946, 46.31767], [16.366905, 46.314772], [16.367959, 46.313726], [16.36967, 46.313205], [16.372332, 46.313299], [16.374845, 46.314929], [16.382458, 46.313584], [16.385254, 46.317147], [16.389162, 46.316537], [16.393255, 46.317018], [16.39513, 46.311407], [16.394625, 46.310539], [16.385937, 46.31158], [16.377042, 46.31184], [16.376729, 46.305405], [16.377781, 46.305629], [16.378255, 46.305237], [16.377771, 46.304573], [16.380832, 46.304109], [16.379995, 46.30187], [16.385355, 46.291446], [16.385722, 46.29111], [16.3862, 46.291164], [16.388341, 46.287085], [16.387945, 46.286134], [16.386746, 46.286747], [16.386061, 46.286958], [16.378624, 46.301393], [16.376415, 46.300676], [16.371724, 46.300294], [16.370498, 46.299915], [16.370278, 46.298805], [16.369995, 46.298825], [16.369934, 46.298318], [16.369173, 46.29847], [16.3691, 46.297796], [16.367597, 46.297705], [16.365148, 46.298979], [16.364581, 46.298622], [16.363658, 46.299039], [16.363012, 46.297859], [16.362474, 46.292837], [16.36285, 46.292383], [16.364458, 46.292203], [16.364187, 46.291844], [16.365106, 46.290539], [16.364888, 46.290326], [16.366225, 46.288392], [16.365866, 46.288514], [16.364138, 46.288015], [16.365408, 46.285667], [16.364701, 46.285421], [16.365682, 46.283127], [16.365486, 46.281713], [16.36441, 46.28107], [16.381057, 46.268824], [16.381025, 46.268466], [16.377441, 46.269909], [16.376726, 46.270471], [16.374813, 46.270939], [16.372015, 46.270355], [16.371172, 46.269811], [16.370172, 46.269754], [16.368385, 46.269578], [16.36695, 46.269883], [16.365516, 46.269164], [16.362615, 46.269023], [16.360143, 46.268997], [16.355777, 46.269682], [16.351264, 46.269474], [16.34857, 46.268265], [16.347392, 46.268418], [16.346249, 46.26915], [16.344157, 46.269778], [16.342648, 46.270024], [16.34224, 46.270533], [16.340003, 46.269703], [16.339223, 46.270224], [16.335092, 46.269836], [16.334809, 46.270204], [16.33291, 46.269493], [16.331903, 46.270272], [16.329982, 46.270125], [16.330311, 46.272094], [16.332452, 46.273943], [16.332113, 46.274529], [16.332616, 46.275091], [16.331453, 46.277029], [16.329579, 46.278047], [16.329353, 46.27852], [16.329574, 46.279458], [16.331073, 46.281274], [16.331321, 46.283027], [16.329704, 46.286875], [16.32906, 46.287595], [16.327683, 46.288476], [16.323663, 46.29004], [16.310831, 46.285227], [16.310681, 46.288663], [16.309235, 46.290884], [16.30391, 46.294141], [16.29939, 46.295979]]]}, "properties": {"id": 83, "razina": "naselje", "name": "Varaždin", "jls_name": "Varaždin", "jls_maticni_broj": "04723", "zupanija": "Varaždinska", "area_km2": 37.84, "stanovnistvo": 36187, "palette_idx": 0, "source": "DGU rpj:naselje"}}, {"type": "Feature", "id": 84, "geometry": {"type": "Polygon", "coordinates": [[[16.431505, 46.282861], [16.432477, 46.283454], [16.433266, 46.284486], [16.437205, 46.284222], [16.438949, 46.283593], [16.441027, 46.283475], [16.441314, 46.282399], [16.442634, 46.281618], [16.444242, 46.281223], [16.440917, 46.279502], [16.440357, 46.2783], [16.438389, 46.276884], [16.434692, 46.277145], [16.431122, 46.276724], [16.426076, 46.276983], [16.425261, 46.276523], [16.424684, 46.276034], [16.422189, 46.275659], [16.421445, 46.275295], [16.417552, 46.274902], [16.416244, 46.275136], [16.415702, 46.276371], [16.416123, 46.277325], [16.415408, 46.278009], [16.415434, 46.278659], [16.415138, 46.278873], [16.413808, 46.278607], [16.413214, 46.279163], [16.411888, 46.279085], [16.410888, 46.278326], [16.409048, 46.278092], [16.409238, 46.277155], [16.408255, 46.277179], [16.40705, 46.275957], [16.405492, 46.27599], [16.404229, 46.27552], [16.403413, 46.275729], [16.402466, 46.276126], [16.40193, 46.276826], [16.401732, 46.27962], [16.400875, 46.280669], [16.396504, 46.280971], [16.395461, 46.280511], [16.393449, 46.280709], [16.393251, 46.2811], [16.392444, 46.281353], [16.393048, 46.283736], [16.392218, 46.284173], [16.39375, 46.28483], [16.394328, 46.286192], [16.395031, 46.286509], [16.395302, 46.286369], [16.396102, 46.287085], [16.397917, 46.286594], [16.398225, 46.285953], [16.398984, 46.285521], [16.399514, 46.284443], [16.399351, 46.28399], [16.400095, 46.283278], [16.40109, 46.283104], [16.401713, 46.28376], [16.402796, 46.283617], [16.40371, 46.28306], [16.403356, 46.282379], [16.40372, 46.282121], [16.405265, 46.28261], [16.40608, 46.284422], [16.40829, 46.284865], [16.409178, 46.284588], [16.410014, 46.283544], [16.412982, 46.283185], [16.414738, 46.282583], [16.415728, 46.282787], [16.417233, 46.283744], [16.419553, 46.283654], [16.420123, 46.283503], [16.421726, 46.281697], [16.422263, 46.281508], [16.424324, 46.28167], [16.425901, 46.282504], [16.426681, 46.282378], [16.428613, 46.282931], [16.431505, 46.282861]]]}, "properties": {"id": 84, "razina": "naselje", "name": "Zbelava", "jls_name": "Varaždin", "jls_maticni_broj": "04723", "zupanija": "Varaždinska", "area_km2": 2.5823, "stanovnistvo": 435, "palette_idx": 0, "source": "DGU rpj:naselje"}}, {"type": "Feature", "id": 85, "geometry": {"type": "Polygon", "coordinates": [[[16.321042, 46.258111], [16.321942, 46.259508], [16.322802, 46.260731], [16.323382, 46.263246], [16.324624, 46.26497], [16.323991, 46.266338], [16.323995, 46.269223], [16.325954, 46.268975], [16.327298, 46.269126], [16.327492, 46.269973], [16.328903, 46.270391], [16.32919, 46.269781], [16.329982, 46.270125], [16.331903, 46.270272], [16.33291, 46.269493], [16.334809, 46.270204], [16.335092, 46.269836], [16.339223, 46.270224], [16.340003, 46.269703], [16.34224, 46.270533], [16.342648, 46.270024], [16.344157, 46.269778], [16.346249, 46.26915], [16.347392, 46.268418], [16.34857, 46.268265], [16.351264, 46.269474], [16.355777, 46.269682], [16.357253, 46.265612], [16.35374, 46.263068], [16.354103, 46.26249], [16.35233, 46.262549], [16.352399, 46.263204], [16.35005, 46.263302], [16.349921, 46.262946], [16.349101, 46.263084], [16.349122, 46.263308], [16.346239, 46.260948], [16.344331, 46.260884], [16.342189, 46.260343], [16.341522, 46.260627], [16.340791, 46.260198], [16.340101, 46.260478], [16.338826, 46.260106], [16.339225, 46.261047], [16.338353, 46.26124], [16.337819, 46.260722], [16.33749, 46.261317], [16.336212, 46.261535], [16.336481, 46.260316], [16.335433, 46.259276], [16.336253, 46.259095], [16.336594, 46.25853], [16.335379, 46.258461], [16.335282, 46.257924], [16.334394, 46.25778], [16.3341, 46.258205], [16.332454, 46.258428], [16.332716, 46.259157], [16.331314, 46.259293], [16.330555, 46.260257], [16.331251, 46.260899], [16.331122, 46.261363], [16.329994, 46.261334], [16.329168, 46.261875], [16.327018, 46.261409], [16.326037, 46.260287], [16.324655, 46.26024], [16.324736, 46.259617], [16.322178, 46.259121], [16.322631, 46.258597], [16.321577, 46.25797], [16.321042, 46.258111]]]}, "properties": {"id": 85, "razina": "naselje", "name": "Črnec Biškupečki", "jls_name": "Varaždin", "jls_maticni_broj": "04723", "zupanija": "Varaždinska", "area_km2": 2.3962, "stanovnistvo": 612, "palette_idx": 2, "source": "DGU rpj:naselje"}}, {"type": "Feature", "id": 86, "geometry": {"type": "Polygon", "coordinates": [[[18.129629, 42.654098], [18.130249, 42.653771], [18.130304, 42.653351], [18.131598, 42.652101], [18.131518, 42.651451], [18.131953, 42.651327], [18.134506, 42.648133], [18.137787, 42.644163], [18.136836, 42.64137], [18.137068, 42.639176], [18.138182, 42.636835], [18.139079, 42.636729], [18.139739, 42.636226], [18.139729, 42.635774], [18.139059, 42.63554], [18.138657, 42.636065], [18.137824, 42.636214], [18.137779, 42.636826], [18.13563, 42.638047], [18.13378, 42.638927], [18.131216, 42.639406], [18.127446, 42.641836], [18.125652, 42.642555], [18.126439, 42.64297], [18.126554, 42.643361], [18.123686, 42.644363], [18.121518, 42.644362], [18.116808, 42.647083], [18.121911, 42.65087], [18.120441, 42.651979], [18.121349, 42.65291], [18.122554, 42.652286], [18.122873, 42.652512], [18.124145, 42.654692], [18.125045, 42.654886], [18.127836, 42.652944], [18.128862, 42.653138], [18.129629, 42.654098]]]}, "properties": {"id": 86, "razina": "naselje", "name": "Bosanka", "jls_name": "Dubrovnik", "jls_maticni_broj": "00981", "zupanija": "Dubrovačko-neretvanska", "area_km2": 1.6875, "stanovnistvo": 169, "palette_idx": 2, "source": "DGU rpj:naselje"}}, {"type": "Feature", "id": 87, "geometry": {"type": "Polygon", "coordinates": [[[17.964176, 42.736082], [17.964535, 42.736049], [17.964739, 42.734515], [17.967336, 42.731991], [17.967044, 42.730027], [17.973661, 42.726971], [17.973951, 42.726588], [17.970186, 42.723266], [17.966969, 42.721548], [17.964207, 42.720559], [17.963201, 42.720921], [17.960838, 42.720701], [17.959554, 42.722773], [17.957367, 42.721325], [17.956385, 42.721267], [17.955703, 42.721797], [17.955473, 42.722475], [17.956323, 42.724083], [17.957219, 42.724708], [17.957236, 42.725691], [17.956431, 42.726712], [17.955538, 42.72707], [17.954266, 42.727018], [17.954396, 42.728521], [17.953231, 42.728724], [17.952883, 42.728354], [17.95329, 42.728083], [17.952746, 42.728337], [17.949251, 42.726584], [17.946967, 42.728477], [17.946364, 42.729746], [17.945124, 42.730104], [17.944475, 42.729596], [17.944863, 42.729023], [17.943987, 42.728999], [17.944337, 42.729666], [17.944115, 42.73018], [17.939851, 42.731331], [17.939068, 42.733092], [17.939869, 42.734103], [17.943519, 42.736032], [17.944552, 42.737232], [17.946237, 42.738075], [17.948056, 42.741454], [17.957379, 42.737526], [17.964176, 42.736082]]]}, "properties": {"id": 87, "razina": "naselje", "name": "Brsečine", "jls_name": "Dubrovnik", "jls_maticni_broj": "00981", "zupanija": "Dubrovačko-neretvanska", "area_km2": 3.1757, "stanovnistvo": 84, "palette_idx": 0, "source": "DGU rpj:naselje"}}, {"type": "Feature", "id": 88, "geometry": {"type": "MultiPolygon", "coordinates": [[[[18.114568, 42.674329], [18.114567, 42.673135], [18.112082, 42.673323], [18.110709, 42.674019], [18.109647, 42.673775], [18.105502, 42.6739], [18.104698, 42.673462], [18.104393, 42.673732], [18.102495, 42.6739], [18.101781, 42.673573], [18.102102, 42.674738], [18.104186, 42.674529], [18.110461, 42.674869], [18.114568, 42.674329]]], [[[18.110254, 42.672143], [18.109976, 42.666697], [18.111712, 42.664426], [18.104614, 42.664101], [18.103727, 42.671677], [18.104624, 42.672062], [18.110254, 42.672143]]]]}, "properties": {"id": 88, "razina": "naselje", "name": "Donje Obuljeno", "jls_name": "Dubrovnik", "jls_maticni_broj": "00981", "zupanija": "Dubrovačko-neretvanska", "area_km2": 0.5601, "stanovnistvo": 243, "palette_idx": 1, "source": "DGU rpj:naselje"}}, {"type": "Feature", "id": 89, "geometry": {"type": "Polygon", "coordinates": [[[17.948056, 42.741454], [17.946237, 42.738075], [17.944552, 42.737232], [17.943519, 42.736032], [17.939869, 42.734103], [17.939068, 42.733092], [17.937161, 42.733619], [17.936464, 42.734681], [17.935891, 42.734784], [17.934745, 42.734427], [17.934276, 42.73498], [17.932238, 42.735124], [17.930589, 42.736037], [17.929255, 42.73721], [17.92809, 42.740257], [17.925716, 42.740554], [17.921185, 42.742884], [17.920314, 42.74274], [17.922729, 42.743899], [17.923727, 42.744767], [17.926998, 42.749118], [17.929295, 42.751109], [17.936031, 42.751702], [17.936731, 42.751304], [17.939808, 42.74735], [17.941872, 42.746361], [17.94698, 42.742634], [17.948056, 42.741454]]]}, "properties": {"id": 89, "razina": "naselje", "name": "Dubravica", "jls_name": "Dubrovnik", "jls_maticni_broj": "00981", "zupanija": "Dubrovačko-neretvanska", "area_km2": 2.5734, "stanovnistvo": 33, "palette_idx": 1, "source": "DGU rpj:naselje"}}, {"type": "Feature", "id": 90, "geometry": {"type": "MultiPolygon", "coordinates": [[[[18.12372, 42.659581], [18.125301, 42.658029], [18.12606, 42.657919], [18.127661, 42.656759], [18.128384, 42.656206], [18.128421, 42.655663], [18.129979, 42.654552], [18.129629, 42.654098], [18.128862, 42.653138], [18.127836, 42.652944], [18.125045, 42.654886], [18.124145, 42.654692], [18.122873, 42.652512], [18.122554, 42.652286], [18.121349, 42.65291], [18.120441, 42.651979], [18.121911, 42.65087], [18.116808, 42.647083], [18.121518, 42.644362], [18.123686, 42.644363], [18.126554, 42.643361], [18.126439, 42.64297], [18.125652, 42.642555], [18.127446, 42.641836], [18.131216, 42.639406], [18.13378, 42.638927], [18.13563, 42.638047], [18.137779, 42.636826], [18.137824, 42.636214], [18.138657, 42.636065], [18.139059, 42.63554], [18.139729, 42.635774], [18.141527, 42.635371], [18.141823, 42.631572], [18.138131, 42.631677], [18.137769, 42.630631], [18.136843, 42.630485], [18.135631, 42.631169], [18.135019, 42.631938], [18.133965, 42.632014], [18.133795, 42.631807], [18.131163, 42.632699], [18.130408, 42.633398], [18.130549, 42.635631], [18.12951, 42.636849], [18.128288, 42.636967], [18.127457, 42.637839], [18.126591, 42.63803], [18.126787, 42.638588], [18.126165, 42.638363], [18.124399, 42.639723], [18.123819, 42.63981], [18.123534, 42.639572], [18.123017, 42.639843], [18.122729, 42.639566], [18.120684, 42.63994], [18.119596, 42.640763], [18.117575, 42.64144], [18.115802, 42.641414], [18.115602, 42.641174], [18.112941, 42.641685], [18.111933, 42.641328], [18.111338, 42.641421], [18.111271, 42.641039], [18.111765, 42.640924], [18.111272, 42.640905], [18.111248, 42.640342], [18.111578, 42.640329], [18.111275, 42.640046], [18.112263, 42.640014], [18.112429, 42.640337], [18.113297, 42.639764], [18.112765, 42.6398], [18.111827, 42.639169], [18.110406, 42.638785], [18.109826, 42.639003], [18.109472, 42.638702], [18.107749, 42.639095], [18.107301, 42.638964], [18.106412, 42.640627], [18.105812, 42.640868], [18.106236, 42.641013], [18.106119, 42.641421], [18.105094, 42.641558], [18.105067, 42.641235], [18.104772, 42.641462], [18.104644, 42.641007], [18.10501, 42.640659], [18.104309, 42.640366], [18.103956, 42.640438], [18.103643, 42.641696], [18.103043, 42.641089], [18.103171, 42.640616], [18.102697, 42.640343], [18.101171, 42.640208], [18.100426, 42.640425], [18.101138, 42.641018], [18.100982, 42.641904], [18.100211, 42.642376], [18.099629, 42.64235], [18.098538, 42.643102], [18.098462, 42.64334], [18.098908, 42.64349], [18.098076, 42.644068], [18.098425, 42.644064], [18.098283, 42.644828], [18.097071, 42.645253], [18.09679, 42.645088], [18.096184, 42.645417], [18.09609, 42.645834], [18.094924, 42.645794], [18.093819, 42.646522], [18.09316, 42.646296], [18.092777, 42.646557], [18.092217, 42.646128], [18.092128, 42.645841], [18.093037, 42.645351], [18.091896, 42.644764], [18.091496, 42.643597], [18.087841, 42.643372], [18.084628, 42.643859], [18.08119, 42.645347], [18.079976, 42.644939], [18.079637, 42.645319], [18.079011, 42.645386], [18.078075, 42.644606], [18.076723, 42.644775], [18.075977, 42.646109], [18.074568, 42.646403], [18.074158, 42.647174], [18.072984, 42.648094], [18.072116, 42.647921], [18.071705, 42.648314], [18.071128, 42.648296], [18.070264, 42.649149], [18.069005, 42.649632], [18.067862, 42.649597], [18.06648, 42.648936], [18.06267, 42.649719], [18.061044, 42.648984], [18.060381, 42.64973], [18.059675, 42.649637], [18.059995, 42.651176], [18.061921, 42.653004], [18.065669, 42.654241], [18.066529, 42.654042], [18.06686, 42.653538], [18.067588, 42.653516], [18.069132, 42.654074], [18.07001, 42.654824], [18.070159, 42.655528], [18.069847, 42.655815], [18.060883, 42.657757], [18.060798, 42.658234], [18.057986, 42.658753], [18.057237, 42.65941], [18.056691, 42.660566], [18.057196, 42.660915], [18.056926, 42.661828], [18.057751, 42.661844], [18.058106, 42.662735], [18.059724, 42.663761], [18.061946, 42.664154], [18.06388, 42.664147], [18.064351, 42.664546], [18.065069, 42.663704], [18.06578, 42.6639], [18.065722, 42.664164], [18.069335, 42.663996], [18.070893, 42.664622], [18.071785, 42.664398], [18.071064, 42.664416], [18.071498, 42.663996], [18.072271, 42.664462], [18.072217, 42.66415], [18.073278, 42.663412], [18.075183, 42.663789], [18.077033, 42.663443], [18.078164, 42.662308], [18.07924, 42.661756], [18.079909, 42.66003], [18.080289, 42.660298], [18.080043, 42.660004], [18.08053, 42.659127], [18.080012, 42.660002], [18.079557, 42.660015], [18.079603, 42.658729], [18.080674, 42.657864], [18.084934, 42.656134], [18.085844, 42.655249], [18.08528, 42.653752], [18.086933, 42.653127], [18.088245, 42.653312], [18.087577, 42.656352], [18.08677, 42.657904], [18.085763, 42.657606], [18.084488, 42.660503], [18.084786, 42.660653], [18.082104, 42.66349], [18.078779, 42.666254], [18.078948, 42.66669], [18.080345, 42.66699], [18.080615, 42.666215], [18.082319, 42.666014], [18.082796, 42.66634], [18.08362, 42.666298], [18.083929, 42.665774], [18.087338, 42.664786], [18.088732, 42.664678], [18.090109, 42.66536], [18.09131, 42.664271], [18.092549, 42.663891], [18.095039, 42.661337], [18.097212, 42.659695], [18.099714, 42.658883], [18.104614, 42.664101], [18.111712, 42.664426], [18.114224, 42.662862], [18.117984, 42.662872], [18.119445, 42.662502], [18.12372, 42.659581]]], [[[18.117817, 42.633481], [18.11893, 42.633332], [18.119696, 42.632774], [18.119178, 42.631212], [18.120216, 42.629806], [18.123305, 42.62857], [18.124185, 42.627808], [18.125135, 42.626089], [18.122956, 42.625869], [18.122722, 42.625578], [18.123007, 42.625712], [18.123126, 42.625607], [18.122874, 42.625593], [18.123199, 42.624883], [18.123841, 42.624347], [18.124931, 42.624265], [18.126128, 42.623426], [18.126556, 42.622212], [18.125928, 42.621558], [18.125572, 42.621502], [18.125291, 42.622128], [18.125169, 42.621347], [18.124425, 42.62178], [18.124444, 42.621134], [18.121895, 42.620838], [18.120425, 42.621767], [18.12039, 42.622131], [18.119987, 42.621771], [18.11885, 42.622168], [18.118367, 42.622913], [18.119483, 42.623731], [18.11953, 42.624227], [18.118891, 42.626886], [18.115974, 42.627981], [18.114917, 42.628937], [18.11386, 42.629389], [18.114653, 42.629151], [18.113483, 42.630543], [18.113962, 42.631125], [18.113683, 42.631396], [18.113897, 42.631873], [18.113428, 42.632282], [18.11352, 42.633006], [18.114412, 42.633222], [18.114427, 42.633718], [18.116136, 42.634366], [18.116931, 42.634194], [18.117817, 42.633481]]], [[[18.113438, 42.641158], [18.113075, 42.640599], [18.11289, 42.640602], [18.113299, 42.641289], [18.113438, 42.641158]]], [[[18.056025, 42.670395], [18.056865, 42.669994], [18.05903, 42.66782], [18.058023, 42.666803], [18.056549, 42.666162], [18.055643, 42.666436], [18.055668, 42.667005], [18.056616, 42.667481], [18.05687, 42.667947], [18.05673, 42.668776], [18.055583, 42.669634], [18.055479, 42.670261], [18.056025, 42.670395]]], [[[18.055353, 42.660812], [18.054745, 42.660753], [18.054573, 42.660845], [18.055183, 42.661076], [18.055353, 42.660812]]], [[[18.054267, 42.651082], [18.054079, 42.651119], [18.054073, 42.651209], [18.054244, 42.651218], [18.054267, 42.651082]]], [[[18.052766, 42.651839], [18.053532, 42.651566], [18.053848, 42.651376], [18.053209, 42.651303], [18.052766, 42.651839]]], [[[18.052335, 42.651902], [18.05274, 42.651703], [18.052659, 42.651542], [18.052253, 42.651739], [18.052335, 42.651902]]], [[[18.050575, 42.652191], [18.051855, 42.652047], [18.051254, 42.651595], [18.050263, 42.652011], [18.048599, 42.651779], [18.049064, 42.652153], [18.050575, 42.652191]]], [[[18.048417, 42.651847], [18.047905, 42.651373], [18.046284, 42.650988], [18.047258, 42.651653], [18.048417, 42.651847]]]]}, "properties": {"id": 90, "razina": "naselje", "name": "Dubrovnik", "jls_name": "Dubrovnik", "jls_maticni_broj": "00981", "zupanija": "Dubrovačko-neretvanska", "area_km2": 12.1327, "stanovnistvo": 26922, "palette_idx": 0, "source": "DGU rpj:naselje"}}, {"type": "Feature", "id": 91, "geometry": {"type": "Polygon", "coordinates": [[[18.102855, 42.677784], [18.104772, 42.686491], [18.109496, 42.68596], [18.114043, 42.686366], [18.118052, 42.684197], [18.114571, 42.678153], [18.109877, 42.678198], [18.109731, 42.677882], [18.109149, 42.678017], [18.107988, 42.677654], [18.102855, 42.677784]]]}, "properties": {"id": 91, "razina": "naselje", "name": "Gornje Obuljeno", "jls_name": "Dubrovnik", "jls_maticni_broj": "00981", "zupanija": "Dubrovačko-neretvanska", "area_km2": 0.9418, "stanovnistvo": 141, "palette_idx": 1, "source": "DGU rpj:naselje"}}, {"type": "Feature", "id": 92, "geometry": {"type": "Polygon", "coordinates": [[[18.03074, 42.729067], [18.023791, 42.728406], [18.022937, 42.726693], [18.022637, 42.724713], [18.020753, 42.721671], [18.01881, 42.713631], [18.018076, 42.712387], [18.016381, 42.71097], [18.013581, 42.712194], [18.012631, 42.712279], [18.012413, 42.712818], [18.011688, 42.712932], [18.010921, 42.713675], [18.008368, 42.714603], [18.004309, 42.716639], [18.003317, 42.716754], [18.002062, 42.720366], [18.002013, 42.721303], [18.002814, 42.721761], [18.001873, 42.723098], [18.002916, 42.725161], [18.003472, 42.725293], [18.003305, 42.72675], [18.004694, 42.727786], [18.003301, 42.728074], [18.003962, 42.729918], [18.003545, 42.730273], [18.003612, 42.730768], [18.004333, 42.731038], [18.004168, 42.731263], [18.002975, 42.731176], [18.004224, 42.732832], [18.003159, 42.736045], [18.001917, 42.73698], [18.001689, 42.738186], [18.002492, 42.738361], [18.002161, 42.741942], [17.998983, 42.74585], [17.999212, 42.74917], [18.000129, 42.750408], [17.999109, 42.75248], [18.000817, 42.754965], [17.999499, 42.756231], [17.998869, 42.758371], [17.997766, 42.759345], [17.998135, 42.7612], [17.999013, 42.762885], [18.003179, 42.757933], [18.00816, 42.755219], [18.010316, 42.752573], [18.025292, 42.752235], [18.041721, 42.74814], [18.03829, 42.743295], [18.037902, 42.741808], [18.035595, 42.738508], [18.036106, 42.736942], [18.035035, 42.733524], [18.031683, 42.731183], [18.03074, 42.729067]]]}, "properties": {"id": 92, "razina": "naselje", "name": "Gromača", "jls_name": "Dubrovnik", "jls_maticni_broj": "00981", "zupanija": "Dubrovačko-neretvanska", "area_km2": 10.3314, "stanovnistvo": 149, "palette_idx": 1, "source": "DGU rpj:naselje"}}, {"type": "Feature", "id": 93, "geometry": {"type": "Polygon", "coordinates": [[[18.003317, 42.716754], [18.002944, 42.716417], [18.000221, 42.716091], [17.999463, 42.716595], [17.998335, 42.716677], [17.99853, 42.716425], [17.99696, 42.715804], [17.99629, 42.716947], [17.987759, 42.723639], [17.980513, 42.72629], [17.981745, 42.728327], [17.983082, 42.728425], [17.98405, 42.728904], [17.98611, 42.729961], [17.988059, 42.73153], [17.989322, 42.731134], [17.989534, 42.731837], [17.989155, 42.733081], [17.99035, 42.732435], [17.992451, 42.734404], [17.992442, 42.736233], [17.99169, 42.736926], [17.991985, 42.737715], [17.989087, 42.739558], [17.99244, 42.741078], [17.99388, 42.741328], [17.993998, 42.74465], [17.992122, 42.747978], [17.989543, 42.749725], [17.988188, 42.752558], [17.988864, 42.753213], [17.988905, 42.754536], [17.990021, 42.755184], [17.989156, 42.758582], [17.993307, 42.761636], [17.992237, 42.763346], [17.992735, 42.764799], [17.993955, 42.765766], [17.996781, 42.765992], [17.996978, 42.765043], [17.998847, 42.763484], [17.999013, 42.762885], [17.998135, 42.7612], [17.997766, 42.759345], [17.998869, 42.758371], [17.999499, 42.756231], [18.000817, 42.754965], [17.999109, 42.75248], [18.000129, 42.750408], [17.999212, 42.74917], [17.998983, 42.74585], [18.002161, 42.741942], [18.002492, 42.738361], [18.001689, 42.738186], [18.001917, 42.73698], [18.003159, 42.736045], [18.004224, 42.732832], [18.002975, 42.731176], [18.004168, 42.731263], [18.004333, 42.731038], [18.003612, 42.730768], [18.003545, 42.730273], [18.003962, 42.729918], [18.003301, 42.728074], [18.004694, 42.727786], [18.003305, 42.72675], [18.003472, 42.725293], [18.002916, 42.725161], [18.001873, 42.723098], [18.002814, 42.721761], [18.002013, 42.721303], [18.002062, 42.720366], [18.003317, 42.716754]]]}, "properties": {"id": 93, "razina": "naselje", "name": "Kliševo", "jls_name": "Dubrovnik", "jls_maticni_broj": "00981", "zupanija": "Dubrovačko-neretvanska", "area_km2": 4.903, "stanovnistvo": 52, "palette_idx": 2, "source": "DGU rpj:naselje"}}, {"type": "Feature", "id": 94, "geometry": {"type": "Polygon", "coordinates": [[[18.153407, 42.663214], [18.155075, 42.659809], [18.15506, 42.657181], [18.151002, 42.656566], [18.150723, 42.656188], [18.146726, 42.655419], [18.141671, 42.653764], [18.134506, 42.648133], [18.131953, 42.651327], [18.131518, 42.651451], [18.131598, 42.652101], [18.130304, 42.653351], [18.130249, 42.653771], [18.129629, 42.654098], [18.129979, 42.654552], [18.128421, 42.655663], [18.128384, 42.656206], [18.127661, 42.656759], [18.133517, 42.661224], [18.13492, 42.661716], [18.136957, 42.662188], [18.138401, 42.662152], [18.140207, 42.66164], [18.144796, 42.661766], [18.147155, 42.662371], [18.153407, 42.663214]]]}, "properties": {"id": 94, "razina": "naselje", "name": "Knežica", "jls_name": "Dubrovnik", "jls_maticni_broj": "00981", "zupanija": "Dubrovačko-neretvanska", "area_km2": 1.9302, "stanovnistvo": 148, "palette_idx": 1, "source": "DGU rpj:naselje"}}, {"type": "Feature", "id": 95, "geometry": {"type": "Polygon", "coordinates": [[[18.004371, 42.683379], [18.005981, 42.683022], [18.007641, 42.681824], [18.01037, 42.681264], [18.011411, 42.680726], [18.012025, 42.680848], [18.012814, 42.68058], [18.013922, 42.679876], [18.013835, 42.679306], [18.015126, 42.678897], [18.013792, 42.677198], [18.014697, 42.676785], [18.015368, 42.674778], [18.017631, 42.672663], [18.016184, 42.671277], [18.016487, 42.671261], [18.016263, 42.670754], [18.017488, 42.670405], [18.017771, 42.670897], [18.018422, 42.670421], [18.01861, 42.669354], [18.018943, 42.669219], [18.021319, 42.670835], [18.021951, 42.6708], [18.022659, 42.670173], [18.023108, 42.669148], [18.021739, 42.668589], [18.023163, 42.66804], [18.023207, 42.66755], [18.023958, 42.667063], [18.02341, 42.66689], [18.02279, 42.665981], [18.021862, 42.665498], [18.020856, 42.664407], [18.02188, 42.664344], [18.021704, 42.663964], [18.020561, 42.664024], [18.020316, 42.663411], [18.019127, 42.662895], [18.019329, 42.661838], [18.020479, 42.661449], [18.020367, 42.661093], [18.018674, 42.661038], [18.018169, 42.661281], [18.017389, 42.661072], [18.015859, 42.661944], [18.015453, 42.662885], [18.015735, 42.663296], [18.016251, 42.663343], [18.016664, 42.66405], [18.016363, 42.665232], [18.015789, 42.665306], [18.016266, 42.665495], [18.016259, 42.666238], [18.01574, 42.666451], [18.016336, 42.66713], [18.014933, 42.666835], [18.016002, 42.66734], [18.014397, 42.668584], [18.014183, 42.669392], [18.011749, 42.669927], [18.008716, 42.669996], [18.006527, 42.670751], [18.005891, 42.670706], [18.005945, 42.671166], [18.005441, 42.670875], [18.004988, 42.670997], [18.005068, 42.671247], [18.003446, 42.671259], [18.002973, 42.671769], [18.0001, 42.672627], [17.997736, 42.672388], [17.997479, 42.67178], [17.996683, 42.672006], [17.996123, 42.671343], [17.995022, 42.6715], [17.99408, 42.672092], [17.99458, 42.672603], [17.993604, 42.672523], [17.990827, 42.673334], [17.986164, 42.67548], [17.986206, 42.676008], [17.986891, 42.676664], [17.990158, 42.677535], [17.995787, 42.677185], [17.998625, 42.677401], [17.9993, 42.678631], [17.998928, 42.679316], [17.9996, 42.679696], [18.00122, 42.679212], [18.001406, 42.678647], [18.003596, 42.677083], [18.005318, 42.677601], [18.006006, 42.678378], [18.005363, 42.67989], [18.004933, 42.679882], [18.005437, 42.679965], [18.005457, 42.681084], [18.001679, 42.683077], [18.004371, 42.683379]]]}, "properties": {"id": 95, "razina": "naselje", "name": "Koločep", "jls_name": "Dubrovnik", "jls_maticni_broj": "00981", "zupanija": "Dubrovačko-neretvanska", "area_km2": 2.4339, "stanovnistvo": 231, "palette_idx": 0, "source": "DGU rpj:naselje"}}, {"type": "Feature", "id": 96, "geometry": {"type": "Polygon", "coordinates": [[[18.114224, 42.662862], [18.121101, 42.668298], [18.121706, 42.669813], [18.122813, 42.66967], [18.122588, 42.670057], [18.122874, 42.669672], [18.12359, 42.669569], [18.122971, 42.670476], [18.123646, 42.669552], [18.124282, 42.669393], [18.12358, 42.670422], [18.124573, 42.669433], [18.124148, 42.67037], [18.124812, 42.669518], [18.125158, 42.669798], [18.124771, 42.670331], [18.125187, 42.669822], [18.125604, 42.670001], [18.125401, 42.670329], [18.126042, 42.669916], [18.126935, 42.670336], [18.126522, 42.670887], [18.125358, 42.670567], [18.122525, 42.670869], [18.122248, 42.670387], [18.122502, 42.670898], [18.12461, 42.670809], [18.128332, 42.671561], [18.127218, 42.670174], [18.128702, 42.671509], [18.129287, 42.671325], [18.129274, 42.670911], [18.129757, 42.671374], [18.129942, 42.670716], [18.130941, 42.670426], [18.13272, 42.670446], [18.134283, 42.671112], [18.135246, 42.671941], [18.137019, 42.675183], [18.136647, 42.675555], [18.136738, 42.676154], [18.137148, 42.676062], [18.137649, 42.67987], [18.141561, 42.680203], [18.143583, 42.679012], [18.14605, 42.671456], [18.143253, 42.67031], [18.141818, 42.670061], [18.142492, 42.669095], [18.140444, 42.668534], [18.140832, 42.66795], [18.138117, 42.667307], [18.137774, 42.666597], [18.138016, 42.666418], [18.136113, 42.666499], [18.1353, 42.665949], [18.135694, 42.665776], [18.134713, 42.664933], [18.134007, 42.665441], [18.131448, 42.66324], [18.12372, 42.659581], [18.119445, 42.662502], [18.117984, 42.662872], [18.114224, 42.662862]]]}, "properties": {"id": 96, "razina": "naselje", "name": "Komolac", "jls_name": "Dubrovnik", "jls_maticni_broj": "00981", "zupanija": "Dubrovačko-neretvanska", "area_km2": 2.1686, "stanovnistvo": 355, "palette_idx": 1, "source": "DGU rpj:naselje"}}, {"type": "Feature", "id": 97, "geometry": {"type": "Polygon", "coordinates": [[[18.040873, 42.707803], [18.038019, 42.706123], [18.035639, 42.706425], [18.033468, 42.705818], [18.032086, 42.704704], [18.028271, 42.706962], [18.025714, 42.707572], [18.022359, 42.705906], [18.020652, 42.706473], [18.019243, 42.705391], [18.016452, 42.707823], [18.017015, 42.709194], [18.016825, 42.709658], [18.016243, 42.709856], [18.016381, 42.71097], [18.018076, 42.712387], [18.01881, 42.713631], [18.020753, 42.721671], [18.022637, 42.724713], [18.022937, 42.726693], [18.023791, 42.728406], [18.03074, 42.729067], [18.032897, 42.728491], [18.037147, 42.725933], [18.041507, 42.724098], [18.039837, 42.722339], [18.036419, 42.719857], [18.035638, 42.719643], [18.035511, 42.719081], [18.036142, 42.716794], [18.035442, 42.715878], [18.036198, 42.713797], [18.035664, 42.712514], [18.035972, 42.712059], [18.03732, 42.711479], [18.03805, 42.710485], [18.039507, 42.709714], [18.039695, 42.708811], [18.040873, 42.707803]]]}, "properties": {"id": 97, "razina": "naselje", "name": "Ljubač", "jls_name": "Dubrovnik", "jls_maticni_broj": "00981", "zupanija": "Dubrovačko-neretvanska", "area_km2": 3.6113, "stanovnistvo": 73, "palette_idx": 3, "source": "DGU rpj:naselje"}}, {"type": "Feature", "id": 98, "geometry": {"type": "MultiPolygon", "coordinates": [[[[17.944941, 42.697875], [17.946614, 42.697493], [17.947713, 42.697562], [17.950094, 42.696769], [17.951381, 42.695126], [17.951276, 42.694193], [17.952034, 42.693106], [17.955137, 42.691685], [17.956339, 42.691728], [17.956763, 42.691216], [17.956313, 42.690916], [17.956425, 42.690638], [17.963078, 42.685933], [17.96937, 42.682372], [17.970563, 42.681161], [17.97404, 42.679175], [17.975057, 42.678252], [17.972389, 42.677635], [17.970032, 42.677812], [17.966644, 42.678762], [17.962392, 42.680679], [17.960588, 42.680487], [17.961339, 42.680425], [17.961935, 42.679985], [17.961439, 42.679747], [17.95976, 42.680181], [17.959512, 42.681025], [17.95895, 42.680184], [17.957948, 42.679998], [17.956011, 42.680685], [17.954594, 42.680701], [17.953564, 42.681299], [17.952118, 42.680221], [17.951427, 42.67888], [17.952936, 42.677642], [17.956225, 42.675721], [17.955323, 42.675349], [17.955478, 42.675065], [17.953753, 42.674879], [17.953387, 42.675136], [17.952722, 42.675063], [17.95254, 42.67464], [17.951394, 42.674541], [17.948243, 42.675187], [17.947895, 42.674873], [17.948353, 42.674532], [17.947675, 42.674344], [17.94773, 42.67389], [17.943744, 42.674797], [17.94053, 42.674948], [17.939007, 42.675321], [17.938325, 42.676747], [17.937406, 42.677418], [17.937589, 42.677886], [17.935992, 42.67913], [17.9362, 42.679696], [17.935166, 42.68044], [17.935052, 42.681999], [17.932488, 42.684387], [17.930628, 42.685026], [17.930178, 42.686053], [17.92914, 42.686021], [17.927704, 42.686566], [17.925743, 42.688249], [17.924078, 42.688366], [17.923578, 42.689362], [17.926522, 42.689599], [17.927675, 42.689441], [17.929486, 42.688667], [17.931648, 42.687194], [17.933698, 42.686643], [17.934518, 42.685916], [17.935632, 42.686288], [17.935831, 42.685964], [17.936688, 42.685809], [17.936925, 42.686013], [17.936976, 42.685763], [17.937597, 42.685744], [17.939076, 42.686147], [17.940712, 42.687473], [17.942219, 42.689634], [17.942149, 42.690499], [17.941719, 42.69046], [17.942116, 42.690735], [17.94164, 42.691042], [17.941297, 42.690315], [17.941519, 42.691156], [17.940585, 42.69191], [17.941447, 42.692837], [17.941319, 42.694987], [17.941975, 42.695517], [17.942391, 42.696888], [17.943899, 42.697747], [17.944941, 42.697875]]], [[[17.957723, 42.674853], [17.957533, 42.674884], [17.957537, 42.675141], [17.957887, 42.674938], [17.957723, 42.674853]]], [[[17.957404, 42.675054], [17.957296, 42.675054], [17.95678, 42.675516], [17.957253, 42.675333], [17.957404, 42.675054]]], [[[17.950592, 42.647478], [17.952072, 42.646705], [17.953339, 42.645023], [17.95358, 42.644629], [17.952953, 42.644167], [17.952298, 42.64437], [17.951845, 42.645647], [17.949407, 42.64717], [17.949961, 42.647568], [17.950592, 42.647478]]]]}, "properties": {"id": 98, "razina": "naselje", "name": "Lopud", "jls_name": "Dubrovnik", "jls_maticni_broj": "00981", "zupanija": "Dubrovačko-neretvanska", "area_km2": 4.421, "stanovnistvo": 278, "palette_idx": 0, "source": "DGU rpj:naselje"}}, {"type": "Feature", "id": 99, "geometry": {"type": "Polygon", "coordinates": [[[18.079611, 42.671689], [18.080853, 42.669881], [18.078515, 42.66913], [18.07556, 42.669277], [18.074129, 42.668881], [18.072806, 42.669032], [18.069517, 42.670358], [18.067952, 42.672706], [18.065492, 42.673477], [18.062782, 42.675285], [18.056147, 42.677732], [18.05929, 42.679046], [18.06407, 42.68269], [18.066166, 42.683434], [18.069554, 42.683426], [18.067828, 42.682586], [18.067168, 42.681644], [18.067475, 42.678675], [18.067862, 42.678332], [18.069411, 42.678331], [18.071269, 42.677302], [18.071036, 42.676788], [18.074995, 42.673354], [18.077017, 42.673055], [18.078139, 42.671804], [18.079611, 42.671689]]]}, "properties": {"id": 99, "razina": "naselje", "name": "Lozica", "jls_name": "Dubrovnik", "jls_maticni_broj": "00981", "zupanija": "Dubrovačko-neretvanska", "area_km2": 1.1618, "stanovnistvo": 142, "palette_idx": 3, "source": "DGU rpj:naselje"}}, {"type": "Feature", "id": 100, "geometry": {"type": "Polygon", "coordinates": [[[18.102102, 42.674738], [18.101781, 42.673573], [18.100506, 42.674396], [18.097325, 42.673948], [18.096172, 42.674073], [18.095548, 42.673616], [18.095678, 42.673302], [18.095353, 42.673573], [18.094503, 42.673433], [18.094613, 42.67309], [18.094015, 42.672828], [18.094682, 42.672604], [18.094176, 42.67244], [18.093831, 42.672477], [18.093748, 42.672885], [18.093584, 42.672437], [18.093182, 42.67307], [18.09218, 42.673353], [18.089915, 42.673204], [18.088453, 42.672287], [18.086373, 42.671885], [18.080853, 42.669881], [18.079611, 42.671689], [18.081145, 42.671914], [18.083229, 42.672808], [18.082442, 42.676163], [18.081411, 42.676767], [18.088033, 42.678452], [18.087795, 42.679306], [18.087304, 42.679269], [18.087178, 42.67977], [18.08631, 42.679613], [18.087182, 42.681455], [18.087912, 42.681297], [18.08936, 42.681546], [18.093047, 42.681014], [18.093619, 42.680571], [18.095847, 42.68081], [18.096252, 42.682044], [18.097096, 42.682173], [18.097096, 42.68247], [18.102842, 42.686698], [18.104772, 42.686491], [18.102855, 42.677784], [18.102102, 42.674738]]]}, "properties": {"id": 100, "razina": "naselje", "name": "Mokošica", "jls_name": "Dubrovnik", "jls_maticni_broj": "00981", "zupanija": "Dubrovačko-neretvanska", "area_km2": 1.6448, "stanovnistvo": 2193, "palette_idx": 0, "source": "DGU rpj:naselje"}}, {"type": "Feature", "id": 101, "geometry": {"type": "Polygon", "coordinates": [[[17.97456, 42.780422], [17.980759, 42.778204], [17.983372, 42.778424], [17.992249, 42.777459], [17.99629, 42.776171], [17.996772, 42.773198], [17.996746, 42.768584], [17.991181, 42.766534], [17.987173, 42.765889], [17.985492, 42.762925], [17.984339, 42.762276], [17.984339, 42.761912], [17.982518, 42.76014], [17.980015, 42.75995], [17.979147, 42.759068], [17.978732, 42.757886], [17.97399, 42.752045], [17.973474, 42.750066], [17.970923, 42.748383], [17.968814, 42.746385], [17.969219, 42.745393], [17.968916, 42.744724], [17.967553, 42.743759], [17.967194, 42.743841], [17.965879, 42.741224], [17.964859, 42.740124], [17.96505, 42.738532], [17.964176, 42.736082], [17.957379, 42.737526], [17.948056, 42.741454], [17.94698, 42.742634], [17.941872, 42.746361], [17.939808, 42.74735], [17.936731, 42.751304], [17.936031, 42.751702], [17.929295, 42.751109], [17.931285, 42.755196], [17.939406, 42.760841], [17.942027, 42.76337], [17.950054, 42.76819], [17.957812, 42.770342], [17.967372, 42.774595], [17.97456, 42.780422]]]}, "properties": {"id": 101, "razina": "naselje", "name": "Mravinjac", "jls_name": "Dubrovnik", "jls_maticni_broj": "00981", "zupanija": "Dubrovačko-neretvanska", "area_km2": 12.7228, "stanovnistvo": 67, "palette_idx": 2, "source": "DGU rpj:naselje"}}, {"type": "Feature", "id": 102, "geometry": {"type": "Polygon", "coordinates": [[[17.980513, 42.72629], [17.976758, 42.7239], [17.973951, 42.726588], [17.973661, 42.726971], [17.967044, 42.730027], [17.967336, 42.731991], [17.964739, 42.734515], [17.964535, 42.736049], [17.964176, 42.736082], [17.96505, 42.738532], [17.964859, 42.740124], [17.965879, 42.741224], [17.967194, 42.743841], [17.967553, 42.743759], [17.968916, 42.744724], [17.969219, 42.745393], [17.968814, 42.746385], [17.970923, 42.748383], [17.973474, 42.750066], [17.97399, 42.752045], [17.978732, 42.757886], [17.979147, 42.759068], [17.980015, 42.75995], [17.982518, 42.76014], [17.984339, 42.761912], [17.984339, 42.762276], [17.985492, 42.762925], [17.987173, 42.765889], [17.991181, 42.766534], [17.996746, 42.768584], [17.996781, 42.765992], [17.993955, 42.765766], [17.992735, 42.764799], [17.992237, 42.763346], [17.993307, 42.761636], [17.989156, 42.758582], [17.990021, 42.755184], [17.988905, 42.754536], [17.988864, 42.753213], [17.988188, 42.752558], [17.989543, 42.749725], [17.992122, 42.747978], [17.993998, 42.74465], [17.99388, 42.741328], [17.99244, 42.741078], [17.989087, 42.739558], [17.991985, 42.737715], [17.99169, 42.736926], [17.992442, 42.736233], [17.992451, 42.734404], [17.99035, 42.732435], [17.989155, 42.733081], [17.989534, 42.731837], [17.989322, 42.731134], [17.988059, 42.73153], [17.98611, 42.729961], [17.98405, 42.728904], [17.983082, 42.728425], [17.981745, 42.728327], [17.980513, 42.72629]]]}, "properties": {"id": 102, "razina": "naselje", "name": "Mrčevo", "jls_name": "Dubrovnik", "jls_maticni_broj": "00981", "zupanija": "Dubrovačko-neretvanska", "area_km2": 6.6153, "stanovnistvo": 76, "palette_idx": 1, "source": "DGU rpj:naselje"}}, {"type": "Feature", "id": 103, "geometry": {"type": "Polygon", "coordinates": [[[18.102855, 42.677784], [18.107988, 42.677654], [18.109149, 42.678017], [18.109731, 42.677882], [18.109877, 42.678198], [18.114571, 42.678153], [18.113927, 42.675862], [18.116806, 42.675185], [18.116796, 42.674846], [18.117206, 42.674812], [18.117028, 42.673776], [18.114568, 42.674329], [18.110461, 42.674869], [18.104186, 42.674529], [18.102102, 42.674738], [18.102855, 42.677784]]]}, "properties": {"id": 103, "razina": "naselje", "name": "Nova Mokošica", "jls_name": "Dubrovnik", "jls_maticni_broj": "00981", "zupanija": "Dubrovačko-neretvanska", "area_km2": 0.3776, "stanovnistvo": 5682, "palette_idx": 2, "source": "DGU rpj:naselje"}}, {"type": "Feature", "id": 104, "geometry": {"type": "Polygon", "coordinates": [[[18.016381, 42.71097], [18.016243, 42.709856], [18.016825, 42.709658], [18.017015, 42.709194], [18.016452, 42.707823], [18.019243, 42.705391], [18.020652, 42.706473], [18.022359, 42.705906], [18.025714, 42.707572], [18.028271, 42.706962], [18.032086, 42.704704], [18.033468, 42.705818], [18.035639, 42.706425], [18.038019, 42.706123], [18.03611, 42.705621], [18.034165, 42.704402], [18.033851, 42.704039], [18.033979, 42.701872], [18.031098, 42.700514], [18.028417, 42.698147], [18.029794, 42.695615], [18.029604, 42.695077], [18.030283, 42.694882], [18.030349, 42.693839], [18.028066, 42.691992], [18.029983, 42.691148], [18.030008, 42.690849], [18.027458, 42.6899], [18.026867, 42.689418], [18.026935, 42.688203], [18.022825, 42.690254], [18.019351, 42.693376], [18.018101, 42.693982], [18.018542, 42.69395], [18.018668, 42.694392], [18.015161, 42.694635], [18.014418, 42.695251], [18.012584, 42.695639], [18.010898, 42.69498], [18.007739, 42.694885], [18.006064, 42.69531], [18.005377, 42.695829], [18.003115, 42.69652], [18.003418, 42.69687], [18.001661, 42.697956], [17.99957, 42.698359], [17.998423, 42.699873], [17.997583, 42.700339], [17.995141, 42.701009], [17.994146, 42.701866], [17.993216, 42.701669], [17.990918, 42.702308], [17.990723, 42.702695], [17.990463, 42.702582], [17.990317, 42.702879], [17.988162, 42.703574], [17.987352, 42.704404], [17.988472, 42.704807], [17.9916, 42.707005], [17.993939, 42.709978], [17.993216, 42.710285], [17.996899, 42.712722], [17.998765, 42.714338], [17.99696, 42.715804], [17.99853, 42.716425], [17.998335, 42.716677], [17.999463, 42.716595], [18.000221, 42.716091], [18.002944, 42.716417], [18.003317, 42.716754], [18.004309, 42.716639], [18.008368, 42.714603], [18.010921, 42.713675], [18.011688, 42.712932], [18.012413, 42.712818], [18.012631, 42.712279], [18.013581, 42.712194], [18.016381, 42.71097]]]}, "properties": {"id": 104, "razina": "naselje", "name": "Orašac", "jls_name": "Dubrovnik", "jls_maticni_broj": "00981", "zupanija": "Dubrovačko-neretvanska", "area_km2": 5.8337, "stanovnistvo": 742, "palette_idx": 0, "source": "DGU rpj:naselje"}}, {"type": "Feature", "id": 105, "geometry": {"type": "Polygon", "coordinates": [[[18.104063, 42.692494], [18.100965, 42.694124], [18.092187, 42.697394], [18.091401, 42.695358], [18.09008, 42.693407], [18.087077, 42.692113], [18.085308, 42.689807], [18.083822, 42.689165], [18.079545, 42.688351], [18.078946, 42.687128], [18.080045, 42.685078], [18.076654, 42.684939], [18.075655, 42.683575], [18.075091, 42.683315], [18.07377, 42.68336], [18.071885, 42.68382], [18.069554, 42.683426], [18.067865, 42.68609], [18.070814, 42.689448], [18.066322, 42.692181], [18.060699, 42.69356], [18.058448, 42.695827], [18.056952, 42.696287], [18.054394, 42.698068], [18.052911, 42.698712], [18.052825, 42.699723], [18.052135, 42.700576], [18.051548, 42.70256], [18.049442, 42.705379], [18.048349, 42.705888], [18.045342, 42.70562], [18.044248, 42.707248], [18.042017, 42.707238], [18.040873, 42.707803], [18.039695, 42.708811], [18.039507, 42.709714], [18.03805, 42.710485], [18.03732, 42.711479], [18.035972, 42.712059], [18.035664, 42.712514], [18.036198, 42.713797], [18.035442, 42.715878], [18.036142, 42.716794], [18.035511, 42.719081], [18.035638, 42.719643], [18.036419, 42.719857], [18.039837, 42.722339], [18.041507, 42.724098], [18.037147, 42.725933], [18.032897, 42.728491], [18.03074, 42.729067], [18.031683, 42.731183], [18.035035, 42.733524], [18.036106, 42.736942], [18.035595, 42.738508], [18.037902, 42.741808], [18.03829, 42.743295], [18.041721, 42.74814], [18.050065, 42.741935], [18.052282, 42.741667], [18.057493, 42.739421], [18.062204, 42.736453], [18.064839, 42.733994], [18.073566, 42.728072], [18.073189, 42.727722], [18.074046, 42.724997], [18.075926, 42.723918], [18.079273, 42.724447], [18.082284, 42.72292], [18.098356, 42.717153], [18.101402, 42.715461], [18.105628, 42.712161], [18.107265, 42.708887], [18.108829, 42.704325], [18.106883, 42.702008], [18.107409, 42.699994], [18.105487, 42.697291], [18.104877, 42.694185], [18.104063, 42.692494]]]}, "properties": {"id": 105, "razina": "naselje", "name": "Osojnik", "jls_name": "Dubrovnik", "jls_maticni_broj": "00981", "zupanija": "Dubrovačko-neretvanska", "area_km2": 22.4055, "stanovnistvo": 335, "palette_idx": 0, "source": "DGU rpj:naselje"}}, {"type": "Feature", "id": 106, "geometry": {"type": "Polygon", "coordinates": [[[18.104063, 42.692494], [18.102427, 42.689834], [18.102842, 42.686698], [18.097096, 42.68247], [18.097096, 42.682173], [18.096252, 42.682044], [18.095847, 42.68081], [18.093619, 42.680571], [18.093047, 42.681014], [18.08936, 42.681546], [18.087912, 42.681297], [18.087182, 42.681455], [18.08631, 42.679613], [18.087178, 42.67977], [18.087304, 42.679269], [18.087795, 42.679306], [18.088033, 42.678452], [18.081411, 42.676767], [18.080034, 42.676945], [18.079106, 42.678221], [18.078547, 42.679514], [18.07871, 42.681586], [18.075773, 42.683154], [18.075655, 42.683575], [18.076654, 42.684939], [18.080045, 42.685078], [18.078946, 42.687128], [18.079545, 42.688351], [18.083822, 42.689165], [18.085308, 42.689807], [18.087077, 42.692113], [18.09008, 42.693407], [18.091401, 42.695358], [18.092187, 42.697394], [18.100965, 42.694124], [18.104063, 42.692494]]]}, "properties": {"id": 106, "razina": "naselje", "name": "Petrovo Selo", "jls_name": "Dubrovnik", "jls_maticni_broj": "00981", "zupanija": "Dubrovačko-neretvanska", "area_km2": 2.7416, "stanovnistvo": 24, "palette_idx": 2, "source": "DGU rpj:naselje"}}, {"type": "Feature", "id": 107, "geometry": {"type": "Polygon", "coordinates": [[[18.075655, 42.683575], [18.075773, 42.683154], [18.07871, 42.681586], [18.078547, 42.679514], [18.079106, 42.678221], [18.080034, 42.676945], [18.081411, 42.676767], [18.082442, 42.676163], [18.083229, 42.672808], [18.081145, 42.671914], [18.079611, 42.671689], [18.078139, 42.671804], [18.077017, 42.673055], [18.074995, 42.673354], [18.071036, 42.676788], [18.071269, 42.677302], [18.069411, 42.678331], [18.067862, 42.678332], [18.067475, 42.678675], [18.067168, 42.681644], [18.067828, 42.682586], [18.069554, 42.683426], [18.071885, 42.68382], [18.07377, 42.68336], [18.075091, 42.683315], [18.075655, 42.683575]]]}, "properties": {"id": 107, "razina": "naselje", "name": "Pobrežje", "jls_name": "Dubrovnik", "jls_maticni_broj": "00981", "zupanija": "Dubrovačko-neretvanska", "area_km2": 0.998, "stanovnistvo": 169, "palette_idx": 1, "source": "DGU rpj:naselje"}}, {"type": "Feature", "id": 108, "geometry": {"type": "Polygon", "coordinates": [[[18.118052, 42.684197], [18.128057, 42.682291], [18.127289, 42.674431], [18.126965, 42.6737], [18.125188, 42.673977], [18.125313, 42.672621], [18.125823, 42.671734], [18.124745, 42.671596], [18.123459, 42.672073], [18.118928, 42.672346], [18.116397, 42.673032], [18.114567, 42.673135], [18.114568, 42.674329], [18.117028, 42.673776], [18.117206, 42.674812], [18.116796, 42.674846], [18.116806, 42.675185], [18.113927, 42.675862], [18.114571, 42.678153], [18.118052, 42.684197]]]}, "properties": {"id": 108, "razina": "naselje", "name": "Prijevor", "jls_name": "Dubrovnik", "jls_maticni_broj": "00981", "zupanija": "Dubrovačko-neretvanska", "area_km2": 1.1865, "stanovnistvo": 460, "palette_idx": 0, "source": "DGU rpj:naselje"}}, {"type": "Feature", "id": 109, "geometry": {"type": "MultiPolygon", "coordinates": [[[[18.137649, 42.67987], [18.137148, 42.676062], [18.136738, 42.676154], [18.136647, 42.675555], [18.134761, 42.672814], [18.133327, 42.672581], [18.132378, 42.671965], [18.131422, 42.672166], [18.130507, 42.671643], [18.127714, 42.672049], [18.125823, 42.671734], [18.125313, 42.672621], [18.125188, 42.673977], [18.126965, 42.6737], [18.127289, 42.674431], [18.128057, 42.682291], [18.132222, 42.682283], [18.137649, 42.67987]]], [[[18.13454, 42.672475], [18.133865, 42.671324], [18.132033, 42.670723], [18.131106, 42.670824], [18.130906, 42.671363], [18.131272, 42.671921], [18.132398, 42.671764], [18.133446, 42.672458], [18.13454, 42.672475]]]]}, "properties": {"id": 109, "razina": "naselje", "name": "Rožat", "jls_name": "Dubrovnik", "jls_maticni_broj": "00981", "zupanija": "Dubrovačko-neretvanska", "area_km2": 0.8518, "stanovnistvo": 395, "palette_idx": 2, "source": "DGU rpj:naselje"}}, {"type": "Feature", "id": 110, "geometry": {"type": "Polygon", "coordinates": [[[18.103727, 42.671677], [18.104614, 42.664101], [18.099714, 42.658883], [18.097212, 42.659695], [18.095039, 42.661337], [18.092549, 42.663891], [18.09131, 42.664271], [18.090109, 42.66536], [18.088732, 42.664678], [18.087338, 42.664786], [18.083929, 42.665774], [18.08362, 42.666298], [18.082796, 42.66634], [18.082319, 42.666014], [18.080615, 42.666215], [18.080345, 42.66699], [18.085703, 42.668464], [18.086241, 42.669076], [18.088801, 42.669224], [18.09472, 42.670366], [18.095561, 42.670813], [18.098239, 42.670955], [18.099314, 42.670741], [18.103727, 42.671677]]]}, "properties": {"id": 110, "razina": "naselje", "name": "Sustjepan", "jls_name": "Dubrovnik", "jls_maticni_broj": "00981", "zupanija": "Dubrovačko-neretvanska", "area_km2": 1.4247, "stanovnistvo": 301, "palette_idx": 2, "source": "DGU rpj:naselje"}}, {"type": "Feature", "id": 111, "geometry": {"type": "MultiPolygon", "coordinates": [[[[17.93, 42.71013], [17.930972, 42.709578], [17.932315, 42.709957], [17.93343, 42.709411], [17.934379, 42.708475], [17.933896, 42.707798], [17.933609, 42.707853], [17.933641, 42.707444], [17.930373, 42.706441], [17.930011, 42.706058], [17.930251, 42.705086], [17.929712, 42.704877], [17.927844, 42.705014], [17.925579, 42.70587], [17.925682, 42.706285], [17.925178, 42.706449], [17.925155, 42.706828], [17.925405, 42.707215], [17.926288, 42.707424], [17.925706, 42.709051], [17.926012, 42.709738], [17.928307, 42.710127], [17.929028, 42.71073], [17.93, 42.71013]]], [[[17.928423, 42.711836], [17.92823, 42.711845], [17.92817, 42.712041], [17.928468, 42.712054], [17.928423, 42.711836]]], [[[17.879214, 42.715194], [17.881584, 42.718059], [17.882106, 42.717855], [17.88242, 42.718027], [17.88527, 42.722651], [17.884989, 42.725275], [17.885462, 42.727473], [17.886635, 42.72974], [17.886144, 42.729832], [17.88659, 42.731246], [17.888156, 42.733794], [17.890061, 42.735856], [17.891657, 42.734906], [17.891525, 42.734167], [17.892648, 42.733682], [17.894798, 42.732962], [17.896505, 42.73336], [17.897486, 42.73305], [17.897876, 42.730899], [17.900357, 42.73057], [17.902862, 42.729473], [17.903351, 42.72881], [17.904723, 42.728106], [17.905215, 42.727108], [17.90638, 42.726471], [17.907016, 42.724633], [17.910725, 42.722919], [17.912266, 42.722805], [17.912877, 42.722114], [17.912601, 42.72104], [17.913006, 42.72048], [17.914103, 42.720904], [17.915265, 42.720751], [17.916125, 42.720313], [17.916671, 42.7193], [17.917808, 42.718608], [17.91814, 42.717514], [17.9191, 42.716598], [17.919714, 42.714845], [17.918619, 42.712783], [17.917434, 42.712953], [17.917308, 42.712308], [17.91687, 42.712157], [17.914882, 42.711983], [17.914199, 42.712269], [17.912997, 42.711953], [17.912904, 42.712139], [17.910874, 42.710903], [17.910002, 42.710963], [17.909918, 42.710606], [17.910789, 42.710409], [17.910936, 42.710711], [17.911102, 42.710671], [17.910884, 42.710378], [17.911307, 42.709892], [17.911793, 42.710018], [17.911348, 42.709704], [17.912789, 42.708418], [17.912836, 42.707941], [17.915888, 42.707808], [17.916957, 42.706655], [17.914352, 42.706267], [17.914939, 42.705393], [17.913723, 42.705587], [17.912307, 42.70465], [17.910928, 42.705322], [17.909809, 42.704751], [17.909566, 42.704196], [17.908099, 42.703707], [17.908439, 42.702843], [17.908035, 42.702299], [17.907709, 42.702345], [17.907725, 42.701266], [17.907159, 42.700832], [17.909609, 42.698905], [17.908654, 42.698899], [17.906581, 42.700228], [17.904436, 42.700601], [17.902627, 42.70141], [17.897486, 42.702841], [17.896522, 42.703947], [17.897443, 42.704615], [17.897091, 42.705327], [17.895731, 42.705283], [17.895021, 42.705594], [17.889026, 42.70979], [17.888112, 42.711264], [17.886436, 42.712542], [17.884703, 42.713376], [17.88484, 42.713579], [17.882301, 42.714607], [17.879214, 42.715194]]], [[[17.915719, 42.710839], [17.915609, 42.71084], [17.915615, 42.710966], [17.915724, 42.710943], [17.915719, 42.710839]]], [[[17.915371, 42.711244], [17.915155, 42.711248], [17.915067, 42.711358], [17.915303, 42.711431], [17.915371, 42.711244]]], [[[17.914203, 42.710781], [17.914459, 42.710733], [17.914417, 42.710635], [17.91413, 42.710634], [17.914203, 42.710781]]]]}, "properties": {"id": 111, "razina": "naselje", "name": "Suđurađ", "jls_name": "Dubrovnik", "jls_maticni_broj": "00981", "zupanija": "Dubrovačko-neretvanska", "area_km2": 7.1929, "stanovnistvo": 222, "palette_idx": 0, "source": "DGU rpj:naselje"}}, {"type": "Feature", "id": 112, "geometry": {"type": "Polygon", "coordinates": [[[17.973951, 42.726588], [17.976758, 42.7239], [17.980513, 42.72629], [17.987759, 42.723639], [17.99629, 42.716947], [17.99696, 42.715804], [17.998765, 42.714338], [17.996899, 42.712722], [17.993216, 42.710285], [17.993939, 42.709978], [17.9916, 42.707005], [17.988472, 42.704807], [17.987352, 42.704404], [17.984853, 42.704732], [17.983313, 42.705457], [17.982696, 42.706086], [17.980498, 42.706998], [17.979175, 42.708449], [17.977629, 42.709371], [17.976334, 42.709656], [17.975556, 42.710284], [17.976037, 42.710207], [17.976183, 42.710727], [17.974742, 42.711296], [17.97411, 42.711931], [17.971431, 42.711086], [17.970202, 42.711884], [17.967462, 42.712607], [17.96482, 42.716098], [17.962819, 42.717387], [17.964207, 42.720559], [17.966969, 42.721548], [17.970186, 42.723266], [17.973951, 42.726588]]]}, "properties": {"id": 112, "razina": "naselje", "name": "Trsteno", "jls_name": "Dubrovnik", "jls_maticni_broj": "00981", "zupanija": "Dubrovačko-neretvanska", "area_km2": 4.1425, "stanovnistvo": 215, "palette_idx": 3, "source": "DGU rpj:naselje"}}, {"type": "Feature", "id": 113, "geometry": {"type": "MultiPolygon", "coordinates": [[[[18.069554, 42.683426], [18.066166, 42.683434], [18.06407, 42.68269], [18.05929, 42.679046], [18.056147, 42.677732], [18.055212, 42.678873], [18.056456, 42.68001], [18.056442, 42.6806], [18.055449, 42.680922], [18.055611, 42.681117], [18.054158, 42.68192], [18.053661, 42.682717], [18.051228, 42.683622], [18.051524, 42.683763], [18.050252, 42.684743], [18.050516, 42.684988], [18.049706, 42.685545], [18.049169, 42.686979], [18.049481, 42.687209], [18.049052, 42.68764], [18.049819, 42.688098], [18.049682, 42.688736], [18.04833, 42.690095], [18.046831, 42.690608], [18.046961, 42.69279], [18.04553, 42.693814], [18.04513, 42.694803], [18.045115, 42.695296], [18.046088, 42.69671], [18.045268, 42.6982], [18.045886, 42.699793], [18.044694, 42.701798], [18.040909, 42.700111], [18.040707, 42.698909], [18.042185, 42.697951], [18.040952, 42.696947], [18.039205, 42.696429], [18.039214, 42.696097], [18.039603, 42.695507], [18.042119, 42.695027], [18.042841, 42.694634], [18.041796, 42.694331], [18.041746, 42.692907], [18.040066, 42.691825], [18.040107, 42.69064], [18.040721, 42.690621], [18.04012, 42.690566], [18.040128, 42.690193], [18.040542, 42.690153], [18.040552, 42.69042], [18.040697, 42.688938], [18.041289, 42.688768], [18.043262, 42.688997], [18.043956, 42.688546], [18.044217, 42.687912], [18.04393, 42.687082], [18.045174, 42.686563], [18.045621, 42.685902], [18.045498, 42.68455], [18.044754, 42.684543], [18.044825, 42.684892], [18.043651, 42.685231], [18.041586, 42.68554], [18.041157, 42.686138], [18.040338, 42.685474], [18.038935, 42.686096], [18.038684, 42.686569], [18.036425, 42.686825], [18.035692, 42.687167], [18.035114, 42.687052], [18.034595, 42.687871], [18.033682, 42.687932], [18.032894, 42.687627], [18.032766, 42.687243], [18.031678, 42.687845], [18.029219, 42.688202], [18.02883, 42.6885], [18.026935, 42.688203], [18.026867, 42.689418], [18.027458, 42.6899], [18.030008, 42.690849], [18.029983, 42.691148], [18.028066, 42.691992], [18.030349, 42.693839], [18.030283, 42.694882], [18.029604, 42.695077], [18.029794, 42.695615], [18.028417, 42.698147], [18.031098, 42.700514], [18.033979, 42.701872], [18.033851, 42.704039], [18.034165, 42.704402], [18.03611, 42.705621], [18.038019, 42.706123], [18.040873, 42.707803], [18.042017, 42.707238], [18.044248, 42.707248], [18.045342, 42.70562], [18.048349, 42.705888], [18.049442, 42.705379], [18.051548, 42.70256], [18.052135, 42.700576], [18.052825, 42.699723], [18.052911, 42.698712], [18.054394, 42.698068], [18.056952, 42.696287], [18.058448, 42.695827], [18.060699, 42.69356], [18.066322, 42.692181], [18.070814, 42.689448], [18.067865, 42.68609], [18.069554, 42.683426]]], [[[18.04923, 42.687161], [18.049084, 42.687198], [18.049121, 42.687281], [18.0493, 42.687209], [18.04923, 42.687161]]], [[[18.046891, 42.686657], [18.046421, 42.686681], [18.046365, 42.68688], [18.046884, 42.686878], [18.046891, 42.686657]]]]}, "properties": {"id": 113, "razina": "naselje", "name": "Zaton", "jls_name": "Dubrovnik", "jls_maticni_broj": "00981", "zupanija": "Dubrovačko-neretvanska", "area_km2": 5.2026, "stanovnistvo": 1024, "palette_idx": 2, "source": "DGU rpj:naselje"}}, {"type": "Feature", "id": 114, "geometry": {"type": "Polygon", "coordinates": [[[18.153407, 42.663214], [18.147155, 42.662371], [18.144796, 42.661766], [18.140207, 42.66164], [18.138401, 42.662152], [18.136957, 42.662188], [18.13492, 42.661716], [18.133517, 42.661224], [18.127661, 42.656759], [18.12606, 42.657919], [18.125301, 42.658029], [18.12372, 42.659581], [18.131448, 42.66324], [18.134007, 42.665441], [18.134713, 42.664933], [18.135694, 42.665776], [18.1353, 42.665949], [18.136113, 42.666499], [18.138016, 42.666418], [18.137774, 42.666597], [18.138117, 42.667307], [18.140832, 42.66795], [18.140444, 42.668534], [18.142492, 42.669095], [18.141818, 42.670061], [18.143253, 42.67031], [18.14605, 42.671456], [18.14722, 42.669756], [18.150007, 42.667484], [18.153407, 42.663214]]]}, "properties": {"id": 114, "razina": "naselje", "name": "Čajkovica", "jls_name": "Dubrovnik", "jls_maticni_broj": "00981", "zupanija": "Dubrovačko-neretvanska", "area_km2": 1.3341, "stanovnistvo": 192, "palette_idx": 2, "source": "DGU rpj:naselje"}}, {"type": "Feature", "id": 115, "geometry": {"type": "Polygon", "coordinates": [[[18.121706, 42.669813], [18.121101, 42.668298], [18.114224, 42.662862], [18.111712, 42.664426], [18.109976, 42.666697], [18.110254, 42.672143], [18.11334, 42.671164], [18.117491, 42.670745], [18.121706, 42.669813]]]}, "properties": {"id": 115, "razina": "naselje", "name": "Čajkovići", "jls_name": "Dubrovnik", "jls_maticni_broj": "00981", "zupanija": "Dubrovačko-neretvanska", "area_km2": 0.5867, "stanovnistvo": 23, "palette_idx": 2, "source": "DGU rpj:naselje"}}, {"type": "Feature", "id": 116, "geometry": {"type": "MultiPolygon", "coordinates": [[[[17.890061, 42.735856], [17.888156, 42.733794], [17.88659, 42.731246], [17.886144, 42.729832], [17.886635, 42.72974], [17.885462, 42.727473], [17.884989, 42.725275], [17.88527, 42.722651], [17.88242, 42.718027], [17.882106, 42.717855], [17.881584, 42.718059], [17.879214, 42.715194], [17.876606, 42.717236], [17.875563, 42.717568], [17.875882, 42.717739], [17.875417, 42.717933], [17.875692, 42.718176], [17.875268, 42.71856], [17.874558, 42.718496], [17.874138, 42.717992], [17.873589, 42.718157], [17.873336, 42.718772], [17.872861, 42.71875], [17.87274, 42.718389], [17.869288, 42.719397], [17.864537, 42.720038], [17.863654, 42.720402], [17.861662, 42.722053], [17.860516, 42.723812], [17.855711, 42.726406], [17.854449, 42.726791], [17.85303, 42.728303], [17.853158, 42.728646], [17.852397, 42.728969], [17.851897, 42.728629], [17.850636, 42.728851], [17.846725, 42.730846], [17.843885, 42.731655], [17.841837, 42.733074], [17.841041, 42.734213], [17.841528, 42.73489], [17.842557, 42.734758], [17.843825, 42.733687], [17.845575, 42.73375], [17.85145, 42.73082], [17.852902, 42.729098], [17.853679, 42.729041], [17.854565, 42.729462], [17.856317, 42.729165], [17.86113, 42.726963], [17.861744, 42.726986], [17.862469, 42.727602], [17.861863, 42.728701], [17.860826, 42.729303], [17.860587, 42.729094], [17.860707, 42.729296], [17.859225, 42.730216], [17.85574, 42.733535], [17.855409, 42.734328], [17.854564, 42.734617], [17.853561, 42.735567], [17.851939, 42.735776], [17.850073, 42.738226], [17.847744, 42.740245], [17.847626, 42.740796], [17.845972, 42.74194], [17.846452, 42.742597], [17.845134, 42.743394], [17.844646, 42.745181], [17.843506, 42.745914], [17.842414, 42.747525], [17.840452, 42.748667], [17.839207, 42.748698], [17.837575, 42.749515], [17.830519, 42.754424], [17.828727, 42.756169], [17.830397, 42.756046], [17.832817, 42.75524], [17.833115, 42.756554], [17.833691, 42.756641], [17.839424, 42.75392], [17.840753, 42.75408], [17.84214, 42.754896], [17.843474, 42.754861], [17.844425, 42.75516], [17.845787, 42.754195], [17.848796, 42.753123], [17.849854, 42.753147], [17.848854, 42.754062], [17.848692, 42.755156], [17.850451, 42.755301], [17.852127, 42.754997], [17.858674, 42.752098], [17.860044, 42.751006], [17.863947, 42.749205], [17.864372, 42.748273], [17.863751, 42.74579], [17.865957, 42.745918], [17.865906, 42.744501], [17.867675, 42.744444], [17.876174, 42.741059], [17.877934, 42.739852], [17.878236, 42.738944], [17.880703, 42.739891], [17.885658, 42.737518], [17.887854, 42.73607], [17.888767, 42.735891], [17.889427, 42.736214], [17.890061, 42.735856]]], [[[17.79294, 42.754568], [17.796304, 42.752896], [17.798329, 42.750878], [17.800236, 42.750201], [17.803131, 42.748481], [17.805758, 42.748075], [17.806693, 42.748841], [17.806989, 42.749785], [17.808394, 42.749703], [17.809021, 42.748122], [17.810489, 42.747763], [17.81111, 42.746738], [17.812881, 42.747097], [17.813569, 42.746392], [17.814532, 42.746482], [17.815723, 42.745708], [17.81601, 42.745327], [17.815664, 42.743328], [17.817745, 42.743254], [17.818638, 42.743879], [17.820611, 42.743695], [17.822533, 42.742072], [17.82294, 42.739842], [17.828381, 42.736985], [17.828489, 42.737225], [17.828674, 42.736933], [17.829678, 42.737307], [17.83044, 42.738382], [17.829355, 42.73887], [17.829733, 42.739782], [17.828079, 42.742833], [17.828253, 42.743307], [17.830537, 42.742665], [17.83207, 42.741148], [17.832964, 42.740765], [17.833869, 42.74059], [17.834581, 42.741023], [17.840374, 42.738298], [17.840971, 42.73731], [17.839661, 42.735909], [17.837649, 42.7354], [17.835793, 42.735732], [17.83505, 42.735584], [17.835882, 42.734919], [17.83596, 42.73438], [17.835321, 42.733844], [17.835702, 42.733439], [17.834953, 42.733368], [17.835573, 42.732811], [17.835382, 42.732663], [17.836134, 42.732234], [17.83701, 42.732165], [17.837004, 42.731748], [17.839678, 42.729292], [17.839883, 42.728536], [17.837919, 42.728001], [17.836214, 42.7279], [17.833395, 42.73058], [17.832238, 42.730892], [17.830401, 42.730854], [17.827961, 42.730223], [17.827377, 42.730748], [17.827754, 42.730925], [17.827449, 42.73208], [17.826557, 42.733538], [17.822862, 42.736115], [17.818053, 42.738822], [17.816395, 42.739061], [17.813938, 42.740061], [17.813112, 42.740002], [17.812249, 42.74034], [17.810629, 42.740398], [17.809254, 42.740056], [17.808049, 42.740475], [17.806496, 42.740356], [17.805975, 42.740501], [17.805998, 42.740754], [17.805133, 42.740591], [17.80484, 42.74094], [17.804398, 42.740915], [17.804478, 42.741284], [17.802324, 42.74243], [17.799793, 42.745247], [17.79728, 42.74688], [17.797144, 42.74729], [17.796206, 42.747574], [17.794581, 42.749404], [17.792767, 42.750212], [17.787706, 42.753841], [17.789908, 42.754966], [17.79294, 42.754568]]], [[[17.831202, 42.75769], [17.83029, 42.758037], [17.8301, 42.758516], [17.831888, 42.759676], [17.832554, 42.759371], [17.831202, 42.75769]]], [[[17.823765, 42.745306], [17.822812, 42.745468], [17.822648, 42.746953], [17.823733, 42.746883], [17.824435, 42.74641], [17.824534, 42.745816], [17.823765, 42.745306]]], [[[17.818482, 42.749768], [17.817629, 42.7502], [17.817407, 42.750444], [17.818253, 42.750016], [17.818482, 42.749768]]], [[[17.80914, 42.753527], [17.811545, 42.753299], [17.812609, 42.75259], [17.812047, 42.75156], [17.809535, 42.750385], [17.808834, 42.750515], [17.807532, 42.75216], [17.808557, 42.752364], [17.807881, 42.754059], [17.808117, 42.754556], [17.80914, 42.753527]]], [[[17.7973, 42.759342], [17.799618, 42.758773], [17.801874, 42.757486], [17.799424, 42.757019], [17.798992, 42.756467], [17.798294, 42.756843], [17.797564, 42.756595], [17.796349, 42.756833], [17.795585, 42.757753], [17.79535, 42.758988], [17.7973, 42.759342]]], [[[17.778224, 42.769472], [17.779337, 42.768834], [17.780153, 42.767802], [17.777806, 42.767153], [17.777248, 42.766096], [17.77632, 42.7659], [17.776117, 42.765573], [17.776468, 42.764926], [17.778543, 42.764013], [17.781261, 42.760299], [17.781051, 42.759102], [17.778506, 42.758119], [17.776465, 42.757768], [17.773611, 42.7594], [17.769584, 42.760384], [17.768695, 42.761083], [17.766424, 42.7614], [17.766543, 42.762329], [17.765628, 42.76354], [17.766667, 42.76427], [17.766829, 42.764953], [17.769834, 42.767184], [17.771558, 42.767136], [17.773308, 42.766251], [17.774979, 42.765932], [17.77546, 42.766615], [17.774937, 42.767048], [17.774771, 42.767902], [17.775171, 42.768058], [17.775953, 42.767691], [17.776792, 42.767717], [17.777609, 42.769267], [17.778224, 42.769472]]]]}, "properties": {"id": 116, "razina": "naselje", "name": "Šipanska Luka", "jls_name": "Dubrovnik", "jls_maticni_broj": "00981", "zupanija": "Dubrovačko-neretvanska", "area_km2": 13.3408, "stanovnistvo": 254, "palette_idx": 1, "source": "DGU rpj:naselje"}}, {"type": "Feature", "id": 117, "geometry": {"type": "Polygon", "coordinates": [[[18.137787, 42.644163], [18.134506, 42.648133], [18.141671, 42.653764], [18.146726, 42.655419], [18.150723, 42.656188], [18.151002, 42.656566], [18.15506, 42.657181], [18.157295, 42.653856], [18.157513, 42.652699], [18.158091, 42.652138], [18.157749, 42.647644], [18.156972, 42.646746], [18.155753, 42.646434], [18.154572, 42.646582], [18.153488, 42.646147], [18.153478, 42.645799], [18.152107, 42.645418], [18.152531, 42.645069], [18.151812, 42.644679], [18.151678, 42.644058], [18.150222, 42.643412], [18.137787, 42.644163]]]}, "properties": {"id": 117, "razina": "naselje", "name": "Šumet", "jls_name": "Dubrovnik", "jls_maticni_broj": "00981", "zupanija": "Dubrovačko-neretvanska", "area_km2": 2.0034, "stanovnistvo": 168, "palette_idx": 0, "source": "DGU rpj:naselje"}}, {"type": "Feature", "id": 118, "geometry": {"type": "Polygon", "coordinates": [[[16.226419, 45.323715], [16.224406, 45.324399], [16.222919, 45.324608], [16.217792, 45.324291], [16.215284, 45.325279], [16.212945, 45.327097], [16.211508, 45.328185], [16.20853, 45.332251], [16.208242, 45.33383], [16.209305, 45.336978], [16.207073, 45.338888], [16.206163, 45.340387], [16.206196, 45.341734], [16.205, 45.342434], [16.204, 45.344382], [16.202843, 45.345087], [16.201679, 45.347371], [16.20184, 45.348662], [16.198092, 45.35119], [16.199866, 45.351686], [16.198984, 45.352667], [16.198004, 45.352345], [16.19758, 45.352812], [16.196231, 45.353243], [16.196859, 45.354029], [16.195828, 45.354936], [16.195436, 45.356595], [16.198953, 45.356536], [16.199684, 45.357717], [16.201296, 45.358391], [16.202294, 45.35788], [16.203564, 45.358034], [16.201958, 45.36031], [16.201064, 45.364], [16.199888, 45.364801], [16.197293, 45.365729], [16.19657, 45.366454], [16.196703, 45.366985], [16.196789, 45.367979], [16.196187, 45.368677], [16.191423, 45.372446], [16.194827, 45.372583], [16.196828, 45.37209], [16.197064, 45.372725], [16.198326, 45.373726], [16.199472, 45.375683], [16.199096, 45.376802], [16.197998, 45.377432], [16.198572, 45.377706], [16.198431, 45.379419], [16.198977, 45.379697], [16.19898, 45.380167], [16.197028, 45.380932], [16.195726, 45.381069], [16.195241, 45.381316], [16.195387, 45.381614], [16.19442, 45.381137], [16.194312, 45.38141], [16.193695, 45.381265], [16.19377, 45.382275], [16.193357, 45.382251], [16.193659, 45.382658], [16.192915, 45.383261], [16.192335, 45.382991], [16.192293, 45.383728], [16.190619, 45.383444], [16.19029, 45.382991], [16.185806, 45.382514], [16.186502, 45.381726], [16.186724, 45.379597], [16.187932, 45.377333], [16.188188, 45.375927], [16.18622, 45.375768], [16.186074, 45.375178], [16.18552, 45.374978], [16.183283, 45.374919], [16.179451, 45.376323], [16.176517, 45.376402], [16.174294, 45.37684], [16.173277, 45.376545], [16.17191, 45.376696], [16.169713, 45.375837], [16.16877, 45.376259], [16.167212, 45.375926], [16.16575, 45.376345], [16.164927, 45.377024], [16.164866, 45.37756], [16.16022, 45.377048], [16.159213, 45.377655], [16.157953, 45.377927], [16.156959, 45.376543], [16.157443, 45.374861], [16.158201, 45.374612], [16.156693, 45.372979], [16.155267, 45.374071], [16.1538, 45.375987], [16.153295, 45.37583], [16.153503, 45.376263], [16.150659, 45.378085], [16.151704, 45.378799], [16.151291, 45.379843], [16.152829, 45.379855], [16.151791, 45.381563], [16.152481, 45.381684], [16.152365, 45.385461], [16.150268, 45.386126], [16.151963, 45.387508], [16.149631, 45.389318], [16.155175, 45.390547], [16.15496, 45.391728], [16.153394, 45.391806], [16.152492, 45.391099], [16.151328, 45.392053], [16.152123, 45.392648], [16.151476, 45.39377], [16.151962, 45.395361], [16.153243, 45.395702], [16.155366, 45.397238], [16.154243, 45.397893], [16.15291, 45.3971], [16.14971, 45.398769], [16.150229, 45.401635], [16.149514, 45.402204], [16.148112, 45.401757], [16.147126, 45.401062], [16.146811, 45.401219], [16.146248, 45.400502], [16.148414, 45.400191], [16.148352, 45.397637], [16.148963, 45.397464], [16.148595, 45.396674], [16.146836, 45.397319], [16.145994, 45.396853], [16.144652, 45.397237], [16.144021, 45.396647], [16.143198, 45.396494], [16.142757, 45.395938], [16.143109, 45.396594], [16.142685, 45.397008], [16.143773, 45.397458], [16.143687, 45.397841], [16.142793, 45.397763], [16.142345, 45.397365], [16.141918, 45.398241], [16.140314, 45.398576], [16.138668, 45.400191], [16.138467, 45.400962], [16.137753, 45.401235], [16.136702, 45.400688], [16.136323, 45.399936], [16.134868, 45.399944], [16.133737, 45.399521], [16.132938, 45.399916], [16.134141, 45.398304], [16.132887, 45.398512], [16.131163, 45.398323], [16.131571, 45.400024], [16.13073, 45.402168], [16.13098, 45.403255], [16.131819, 45.403439], [16.133239, 45.40313], [16.133549, 45.403578], [16.133027, 45.404525], [16.13045, 45.404509], [16.129509, 45.404126], [16.128887, 45.40308], [16.127508, 45.404177], [16.126147, 45.404537], [16.126557, 45.405435], [16.126447, 45.406916], [16.127171, 45.40776], [16.128376, 45.407326], [16.128609, 45.406753], [16.130143, 45.406475], [16.131565, 45.406721], [16.131785, 45.407257], [16.131389, 45.407993], [16.129953, 45.408631], [16.127811, 45.40797], [16.128327, 45.409388], [16.126506, 45.411626], [16.127862, 45.411897], [16.12853, 45.412657], [16.129452, 45.4127], [16.130416, 45.412123], [16.131127, 45.412362], [16.131334, 45.413017], [16.130843, 45.413315], [16.130777, 45.414612], [16.130293, 45.415335], [16.130617, 45.415472], [16.132201, 45.41494], [16.132718, 45.41511], [16.132953, 45.415825], [16.132081, 45.41665], [16.13372, 45.417425], [16.134396, 45.417453], [16.134584, 45.419875], [16.136616, 45.42015], [16.13694, 45.420471], [16.136297, 45.421994], [16.135384, 45.422645], [16.135234, 45.425259], [16.134087, 45.425357], [16.131176, 45.42478], [16.130271, 45.424974], [16.129526, 45.425547], [16.127877, 45.426376], [16.125465, 45.426803], [16.123745, 45.427479], [16.12145, 45.426928], [16.120719, 45.427053], [16.121214, 45.429306], [16.122029, 45.430163], [16.124927, 45.431421], [16.127791, 45.431965], [16.1285, 45.43269], [16.128473, 45.433054], [16.127839, 45.433346], [16.124497, 45.434076], [16.121451, 45.435293], [16.120101, 45.438915], [16.119079, 45.439902], [16.117016, 45.440765], [16.112127, 45.44168], [16.109989, 45.442531], [16.109638, 45.444129], [16.110594, 45.449058], [16.110515, 45.451275], [16.109705, 45.453032], [16.106999, 45.455078], [16.105037, 45.456467], [16.102472, 45.459224], [16.098391, 45.462498], [16.092557, 45.46437], [16.091641, 45.465081], [16.091478, 45.466109], [16.093277, 45.46926], [16.097104, 45.472093], [16.102733, 45.474174], [16.106273, 45.474889], [16.10948, 45.476086], [16.114264, 45.47943], [16.115636, 45.48033], [16.117006, 45.480563], [16.120079, 45.480081], [16.123161, 45.478845], [16.12544, 45.478324], [16.127735, 45.478274], [16.133228, 45.479037], [16.136392, 45.478773], [16.139978, 45.477635], [16.146256, 45.473841], [16.147162, 45.473466], [16.14854, 45.473471], [16.14947, 45.474017], [16.149627, 45.474855], [16.148354, 45.478499], [16.144718, 45.480799], [16.141841, 45.482024], [16.140325, 45.483425], [16.139981, 45.484236], [16.140827, 45.485616], [16.142905, 45.486124], [16.144517, 45.485891], [16.148263, 45.484338], [16.150467, 45.483275], [16.155986, 45.482635], [16.158895, 45.482819], [16.166619, 45.484456], [16.169286, 45.483912], [16.171339, 45.482529], [16.174465, 45.479288], [16.177239, 45.478309], [16.180963, 45.478356], [16.183832, 45.478884], [16.18533, 45.479828], [16.187011, 45.481682], [16.188519, 45.484064], [16.189436, 45.487355], [16.190474, 45.49034], [16.192774, 45.492674], [16.200154, 45.49537], [16.202131, 45.497352], [16.202437, 45.498519], [16.202283, 45.50161], [16.199696, 45.506794], [16.199907, 45.507533], [16.200901, 45.508142], [16.20292, 45.508621], [16.204647, 45.508571], [16.211916, 45.507769], [16.21401, 45.506882], [16.216266, 45.504322], [16.223143, 45.503228], [16.228045, 45.501435], [16.232075, 45.501353], [16.236886, 45.502207], [16.239334, 45.502692], [16.240067, 45.502038], [16.240241, 45.50051], [16.239603, 45.498853], [16.237225, 45.496019], [16.23554, 45.493289], [16.235525, 45.491281], [16.236184, 45.488521], [16.233836, 45.483243], [16.234687, 45.481227], [16.236324, 45.480205], [16.238599, 45.483604], [16.240971, 45.48296], [16.242134, 45.484587], [16.243987, 45.484808], [16.245968, 45.487452], [16.246538, 45.487431], [16.246993, 45.488031], [16.247117, 45.489742], [16.246699, 45.490906], [16.247273, 45.492911], [16.248543, 45.494411], [16.249358, 45.494992], [16.251505, 45.495114], [16.252743, 45.495724], [16.255346, 45.497897], [16.257187, 45.497883], [16.25858, 45.497825], [16.263882, 45.495621], [16.266177, 45.494396], [16.268134, 45.492552], [16.270249, 45.489216], [16.270581, 45.486485], [16.269916, 45.484705], [16.272225, 45.483587], [16.274044, 45.482054], [16.273204, 45.481611], [16.271583, 45.469511], [16.270738, 45.467089], [16.270849, 45.466121], [16.271923, 45.4646], [16.272877, 45.461983], [16.288076, 45.464606], [16.296663, 45.465403], [16.300504, 45.465558], [16.303766, 45.46521], [16.310039, 45.463753], [16.312502, 45.46401], [16.314086, 45.464444], [16.316714, 45.466075], [16.319848, 45.469659], [16.323621, 45.472651], [16.325622, 45.473231], [16.327752, 45.473008], [16.330412, 45.471581], [16.331793, 45.469512], [16.335994, 45.457819], [16.33775, 45.456718], [16.344048, 45.454649], [16.345091, 45.454065], [16.346384, 45.452792], [16.347733, 45.450564], [16.348197, 45.448587], [16.349482, 45.446773], [16.351418, 45.445736], [16.354114, 45.445015], [16.356814, 45.444882], [16.360587, 45.445296], [16.365091, 45.446924], [16.365488, 45.446369], [16.365196, 45.4459], [16.366271, 45.445146], [16.366413, 45.443801], [16.367391, 45.442366], [16.362792, 45.440807], [16.36418, 45.435743], [16.366465, 45.433521], [16.366241, 45.430922], [16.366582, 45.427504], [16.365879, 45.426889], [16.36588, 45.426193], [16.365551, 45.425152], [16.361047, 45.423956], [16.361128, 45.420032], [16.360497, 45.419369], [16.361161, 45.419407], [16.361223, 45.418695], [16.360098, 45.418596], [16.361291, 45.417713], [16.361226, 45.416975], [16.362068, 45.416925], [16.362208, 45.41621], [16.361576, 45.415934], [16.362095, 45.415627], [16.361532, 45.415323], [16.362733, 45.414951], [16.362361, 45.414431], [16.363301, 45.414066], [16.36299, 45.413629], [16.363722, 45.413539], [16.364385, 45.412768], [16.364146, 45.411731], [16.365178, 45.411882], [16.365559, 45.411689], [16.364889, 45.411391], [16.365462, 45.411228], [16.365606, 45.410811], [16.364687, 45.41023], [16.366327, 45.409005], [16.366198, 45.408709], [16.364983, 45.408445], [16.365977, 45.407961], [16.365006, 45.40758], [16.36545, 45.407273], [16.364957, 45.407071], [16.365126, 45.406254], [16.363842, 45.406004], [16.364497, 45.405351], [16.363563, 45.405088], [16.363937, 45.404737], [16.363461, 45.404332], [16.36494, 45.403874], [16.36458, 45.402976], [16.365193, 45.401569], [16.364369, 45.401429], [16.364111, 45.401072], [16.364297, 45.400827], [16.364811, 45.401083], [16.36551, 45.400946], [16.365504, 45.400623], [16.364463, 45.399984], [16.365088, 45.398534], [16.364721, 45.398166], [16.365297, 45.398068], [16.365515, 45.397636], [16.364757, 45.397345], [16.365295, 45.397063], [16.365401, 45.396534], [16.364493, 45.395808], [16.36523, 45.394832], [16.36543, 45.393891], [16.368145, 45.39412], [16.374437, 45.395599], [16.375914, 45.393333], [16.377199, 45.392565], [16.378394, 45.390994], [16.379458, 45.391928], [16.381359, 45.39492], [16.382936, 45.396035], [16.383749, 45.397354], [16.38498, 45.398027], [16.385792, 45.399157], [16.387026, 45.39923], [16.392053, 45.397208], [16.390866, 45.395154], [16.395684, 45.393855], [16.394893, 45.393024], [16.395309, 45.39273], [16.395279, 45.392199], [16.394688, 45.391074], [16.394044, 45.390423], [16.390558, 45.388679], [16.388791, 45.387279], [16.387925, 45.384696], [16.385764, 45.383236], [16.384222, 45.380846], [16.382969, 45.38005], [16.385116, 45.376555], [16.385714, 45.376071], [16.386408, 45.375973], [16.386226, 45.374925], [16.38708, 45.375172], [16.387425, 45.372947], [16.385865, 45.372877], [16.385949, 45.372354], [16.384185, 45.371893], [16.384507, 45.371473], [16.382097, 45.370831], [16.38227, 45.370052], [16.381611, 45.369518], [16.3806, 45.369536], [16.380164, 45.369869], [16.379512, 45.369735], [16.37974, 45.369238], [16.378912, 45.367977], [16.378577, 45.36819], [16.378436, 45.367716], [16.377485, 45.368005], [16.376477, 45.366751], [16.375364, 45.36691], [16.377117, 45.364739], [16.378272, 45.363882], [16.381628, 45.36048], [16.382327, 45.358446], [16.38289, 45.358945], [16.383667, 45.359076], [16.385639, 45.358769], [16.385638, 45.358472], [16.387149, 45.357573], [16.386776, 45.35736], [16.38773, 45.356004], [16.389707, 45.354676], [16.391946, 45.350951], [16.393702, 45.350342], [16.393393, 45.349891], [16.39442, 45.347697], [16.390982, 45.345635], [16.389001, 45.345083], [16.387598, 45.345037], [16.387388, 45.344684], [16.387563, 45.34334], [16.3866, 45.342418], [16.387189, 45.339863], [16.388477, 45.33739], [16.389683, 45.336635], [16.392529, 45.335909], [16.394813, 45.335989], [16.395985, 45.333665], [16.394242, 45.332713], [16.395122, 45.331565], [16.399643, 45.328531], [16.401145, 45.327954], [16.399062, 45.325787], [16.398992, 45.326134], [16.397474, 45.326467], [16.395744, 45.325743], [16.396452, 45.325109], [16.393909, 45.323874], [16.394112, 45.32343], [16.392568, 45.32233], [16.394376, 45.322005], [16.394543, 45.321762], [16.393632, 45.319869], [16.394418, 45.31956], [16.393552, 45.318561], [16.393303, 45.317189], [16.391782, 45.31692], [16.391762, 45.314597], [16.39218, 45.313629], [16.393132, 45.313253], [16.395168, 45.311653], [16.397836, 45.310495], [16.396757, 45.308792], [16.396926, 45.307552], [16.397705, 45.306831], [16.398426, 45.305291], [16.397305, 45.302273], [16.394891, 45.302433], [16.394448, 45.302151], [16.388328, 45.295588], [16.386565, 45.296021], [16.385543, 45.295484], [16.3817, 45.294492], [16.381883, 45.293596], [16.379811, 45.291835], [16.379626, 45.289982], [16.375141, 45.287827], [16.374494, 45.287128], [16.372871, 45.286845], [16.372618, 45.28554], [16.370574, 45.283931], [16.370154, 45.282124], [16.36882, 45.280136], [16.367835, 45.279492], [16.366349, 45.279155], [16.364056, 45.276839], [16.362745, 45.276591], [16.360621, 45.276888], [16.357721, 45.278021], [16.355264, 45.276784], [16.354488, 45.275246], [16.352704, 45.274741], [16.350102, 45.271592], [16.350129, 45.270781], [16.349134, 45.269952], [16.347799, 45.267493], [16.346111, 45.265643], [16.345223, 45.264077], [16.346857, 45.26252], [16.347157, 45.261456], [16.34962, 45.258385], [16.348942, 45.256761], [16.349077, 45.255868], [16.348419, 45.254973], [16.347563, 45.254001], [16.346166, 45.253937], [16.346234, 45.253368], [16.345569, 45.252442], [16.345601, 45.25074], [16.34403, 45.248751], [16.342468, 45.245343], [16.342426, 45.244266], [16.340776, 45.2437], [16.336958, 45.24382], [16.335167, 45.244945], [16.334749, 45.244602], [16.334769, 45.243016], [16.334071, 45.240565], [16.331979, 45.238842], [16.331195, 45.238325], [16.329575, 45.23523], [16.328917, 45.234658], [16.327536, 45.234184], [16.327174, 45.23078], [16.326446, 45.228995], [16.32723, 45.227842], [16.326953, 45.226722], [16.327973, 45.223845], [16.330161, 45.222705], [16.330293, 45.221951], [16.329749, 45.220822], [16.328138, 45.21873], [16.326684, 45.217744], [16.324848, 45.217105], [16.321521, 45.216853], [16.319786, 45.21348], [16.31886, 45.21298], [16.316954, 45.212952], [16.314301, 45.213685], [16.310703, 45.213225], [16.309247, 45.213344], [16.305998, 45.216028], [16.306697, 45.217098], [16.306667, 45.21882], [16.305785, 45.220331], [16.304186, 45.221455], [16.30396, 45.222499], [16.303003, 45.222751], [16.302068, 45.223437], [16.301645, 45.225071], [16.301057, 45.224914], [16.301442, 45.22404], [16.297631, 45.221413], [16.296629, 45.22003], [16.29563, 45.217644], [16.296115, 45.217166], [16.294525, 45.215753], [16.295019, 45.21467], [16.294581, 45.213953], [16.292007, 45.212344], [16.291733, 45.211298], [16.290584, 45.210192], [16.285332, 45.207252], [16.284794, 45.204607], [16.283114, 45.203477], [16.286375, 45.201208], [16.288499, 45.200491], [16.289483, 45.198723], [16.28903, 45.198574], [16.28748, 45.198884], [16.28629, 45.199524], [16.283459, 45.199923], [16.279961, 45.199877], [16.279092, 45.200353], [16.278215, 45.201447], [16.277622, 45.201439], [16.276892, 45.200605], [16.275512, 45.200051], [16.275561, 45.199239], [16.274848, 45.198145], [16.272379, 45.19597], [16.270467, 45.194771], [16.262497, 45.193197], [16.261939, 45.193062], [16.262538, 45.193988], [16.262502, 45.19556], [16.263795, 45.195834], [16.264609, 45.197049], [16.26446, 45.197955], [16.265843, 45.19919], [16.264925, 45.200589], [16.265733, 45.203623], [16.26485, 45.206031], [16.265969, 45.209131], [16.265503, 45.209994], [16.26604, 45.210083], [16.266044, 45.211011], [16.266969, 45.211495], [16.267604, 45.211666], [16.268053, 45.212945], [16.268565, 45.213162], [16.268306, 45.213856], [16.268617, 45.214534], [16.27003, 45.215335], [16.269979, 45.215702], [16.270995, 45.215827], [16.271835, 45.216547], [16.271997, 45.217364], [16.273307, 45.218737], [16.273799, 45.219684], [16.273464, 45.220728], [16.274799, 45.222159], [16.274579, 45.223483], [16.275378, 45.224038], [16.275239, 45.225643], [16.275808, 45.226006], [16.275574, 45.226595], [16.27473, 45.226914], [16.274485, 45.228432], [16.275167, 45.228851], [16.274805, 45.229319], [16.275346, 45.230265], [16.27513, 45.231295], [16.274565, 45.231613], [16.274201, 45.232617], [16.274482, 45.233985], [16.273523, 45.235999], [16.274657, 45.23649], [16.274728, 45.237604], [16.276254, 45.239447], [16.275799, 45.240026], [16.276212, 45.24066], [16.276913, 45.240889], [16.276145, 45.24221], [16.276393, 45.242824], [16.275378, 45.243324], [16.275479, 45.244411], [16.276595, 45.244989], [16.276291, 45.24523], [16.276391, 45.246269], [16.276649, 45.24702], [16.278522, 45.248018], [16.279043, 45.249311], [16.280662, 45.24958], [16.281469, 45.250353], [16.283145, 45.250436], [16.283027, 45.251633], [16.283778, 45.252392], [16.283495, 45.252591], [16.285784, 45.254963], [16.285593, 45.255574], [16.286634, 45.25745], [16.285476, 45.258895], [16.285045, 45.260751], [16.285456, 45.262312], [16.286503, 45.263079], [16.284298, 45.264516], [16.284828, 45.265846], [16.284187, 45.267256], [16.285114, 45.268582], [16.284493, 45.268698], [16.28465, 45.269123], [16.284047, 45.269495], [16.28501, 45.269963], [16.285258, 45.270993], [16.28599, 45.271419], [16.285717, 45.272114], [16.286691, 45.272818], [16.285843, 45.274131], [16.286963, 45.274923], [16.286153, 45.275061], [16.286193, 45.275429], [16.285285, 45.276174], [16.285237, 45.276869], [16.284163, 45.276926], [16.285997, 45.278098], [16.286166, 45.279466], [16.285788, 45.280083], [16.28572, 45.281993], [16.284162, 45.283469], [16.282795, 45.285581], [16.283456, 45.286592], [16.281825, 45.28669], [16.281225, 45.287522], [16.280688, 45.288149], [16.280974, 45.288542], [16.281791, 45.288778], [16.283, 45.288456], [16.283292, 45.289641], [16.285256, 45.290745], [16.284794, 45.291426], [16.285072, 45.292115], [16.28449, 45.293877], [16.283292, 45.293753], [16.282495, 45.293089], [16.280264, 45.293085], [16.279327, 45.293694], [16.279068, 45.294473], [16.277526, 45.295002], [16.277843, 45.29568], [16.277082, 45.295741], [16.277131, 45.296228], [16.278052, 45.29619], [16.278057, 45.296433], [16.276844, 45.297059], [16.275493, 45.297559], [16.271652, 45.29818], [16.270772, 45.299008], [16.269703, 45.299425], [16.263481, 45.301309], [16.261608, 45.302843], [16.258896, 45.303269], [16.257794, 45.303997], [16.256308, 45.305802], [16.254613, 45.306908], [16.253113, 45.306866], [16.250689, 45.308244], [16.250411, 45.308197], [16.250539, 45.307703], [16.251383, 45.307118], [16.251604, 45.306454], [16.250906, 45.306106], [16.249307, 45.306778], [16.249549, 45.306971], [16.249231, 45.307103], [16.247733, 45.305815], [16.24625, 45.305343], [16.245546, 45.304058], [16.244866, 45.30358], [16.243278, 45.303356], [16.241445, 45.303537], [16.239343, 45.301819], [16.238106, 45.301865], [16.238148, 45.302808], [16.237444, 45.304085], [16.236971, 45.304496], [16.236287, 45.304137], [16.236133, 45.304703], [16.235461, 45.305138], [16.235644, 45.30586], [16.234515, 45.306316], [16.234593, 45.307738], [16.232116, 45.308052], [16.232474, 45.308462], [16.231711, 45.308916], [16.230712, 45.308803], [16.231347, 45.309636], [16.23103, 45.309917], [16.231271, 45.310561], [16.230329, 45.310821], [16.230368, 45.311149], [16.228878, 45.311889], [16.227679, 45.311819], [16.226867, 45.312533], [16.226686, 45.313156], [16.227995, 45.313509], [16.22718, 45.314707], [16.228279, 45.314627], [16.228454, 45.315357], [16.226985, 45.315885], [16.226764, 45.316557], [16.225586, 45.316849], [16.225633, 45.317424], [16.224388, 45.317262], [16.223547, 45.316807], [16.22245, 45.317075], [16.221754, 45.31762], [16.219399, 45.31757], [16.219453, 45.318729], [16.220266, 45.319875], [16.221246, 45.319639], [16.222911, 45.321027], [16.224528, 45.321755], [16.226005, 45.321821], [16.226838, 45.322537], [16.225914, 45.323204], [16.226419, 45.323715]]]}, "properties": {"id": 118, "razina": "jls", "name": "Petrinja", "jls_name": "Petrinja", "jls_maticni_broj": "03280", "zupanija": "Sisačko-moslavačka", "area_km2": 389.6071, "stanovnistvo": 20026, "naselja_count": 56, "partial": false, "palette_idx": 0, "source": "DGU rpj:naselje (unija naselja)"}}, {"type": "Feature", "id": 119, "geometry": {"type": "MultiPolygon", "coordinates": [[[[16.308242, 43.508476], [16.308737, 43.508585], [16.309682, 43.511532], [16.311248, 43.510673], [16.312841, 43.51058], [16.315538, 43.509136], [16.319213, 43.508077], [16.320898, 43.507159], [16.322083, 43.505396], [16.324304, 43.504473], [16.326154, 43.503136], [16.329394, 43.502871], [16.330005, 43.502498], [16.329991, 43.501938], [16.330376, 43.501687], [16.33291, 43.501953], [16.335561, 43.501853], [16.338484, 43.501098], [16.339024, 43.499844], [16.339749, 43.499556], [16.338718, 43.499786], [16.338457, 43.499467], [16.338834, 43.499282], [16.339102, 43.499535], [16.339719, 43.498941], [16.340289, 43.499305], [16.340254, 43.499638], [16.340342, 43.499298], [16.339779, 43.498933], [16.341464, 43.49699], [16.345161, 43.495806], [16.348875, 43.493725], [16.351586, 43.493143], [16.352443, 43.492599], [16.35804, 43.49167], [16.359492, 43.49218], [16.360954, 43.492202], [16.362995, 43.49133], [16.364268, 43.491603], [16.364666, 43.492692], [16.365065, 43.49284], [16.366211, 43.492269], [16.366754, 43.490835], [16.368308, 43.48985], [16.370362, 43.490147], [16.371468, 43.489962], [16.373108, 43.488643], [16.375435, 43.488141], [16.378116, 43.487983], [16.381123, 43.488998], [16.382803, 43.489038], [16.384812, 43.489664], [16.387405, 43.490031], [16.391899, 43.489435], [16.392134, 43.488318], [16.389718, 43.486467], [16.387696, 43.485589], [16.381093, 43.484408], [16.378549, 43.484172], [16.376512, 43.484332], [16.374598, 43.484005], [16.370828, 43.484377], [16.368857, 43.483911], [16.35902, 43.483633], [16.358815, 43.483338], [16.358353, 43.483431], [16.357234, 43.483017], [16.356278, 43.483289], [16.350064, 43.482284], [16.345383, 43.482568], [16.343032, 43.482141], [16.340015, 43.482025], [16.328927, 43.482883], [16.325835, 43.482454], [16.323939, 43.482838], [16.320114, 43.482812], [16.318821, 43.482255], [16.316815, 43.482608], [16.314566, 43.482499], [16.306872, 43.484049], [16.306564, 43.48377], [16.305544, 43.483735], [16.304543, 43.484048], [16.303234, 43.485401], [16.302103, 43.485527], [16.302377, 43.486095], [16.303823, 43.485838], [16.304274, 43.486624], [16.305193, 43.486724], [16.30469, 43.493187], [16.305714, 43.495424], [16.305803, 43.499531], [16.307236, 43.505129], [16.308426, 43.507997], [16.308242, 43.508476]]], [[[16.45296, 43.499551], [16.453036, 43.499523], [16.452997, 43.499504], [16.452933, 43.499524], [16.45296, 43.499551]]], [[[16.45251, 43.499661], [16.452765, 43.499597], [16.452561, 43.499582], [16.452472, 43.499625], [16.45251, 43.499661]]], [[[16.45215, 43.499722], [16.452118, 43.499702], [16.452072, 43.499707], [16.452084, 43.499732], [16.45215, 43.499722]]], [[[16.484005, 43.529248], [16.489803, 43.52928], [16.490428, 43.528615], [16.490607, 43.529294], [16.493478, 43.529369], [16.504222, 43.528167], [16.507531, 43.526629], [16.507851, 43.526315], [16.50763, 43.525996], [16.510184, 43.524129], [16.511754, 43.523228], [16.516319, 43.522209], [16.516633, 43.522569], [16.520029, 43.521469], [16.527067, 43.520768], [16.530337, 43.520107], [16.53041, 43.520397], [16.531518, 43.520832], [16.531689, 43.522118], [16.531295, 43.522453], [16.531768, 43.523847], [16.540198, 43.531868], [16.554666, 43.546754], [16.569801, 43.551896], [16.591105, 43.54626], [16.602813, 43.543063], [16.603801, 43.539799], [16.609177, 43.538408], [16.627979, 43.53161], [16.631305, 43.529625], [16.634086, 43.528725], [16.640473, 43.535924], [16.640152, 43.525919], [16.631617, 43.51512], [16.621983, 43.506876], [16.618291, 43.50202], [16.612865, 43.496232], [16.613628, 43.495386], [16.614461, 43.494821], [16.615936, 43.492281], [16.61797, 43.489549], [16.616706, 43.488687], [16.617855, 43.487562], [16.617185, 43.487058], [16.618453, 43.485935], [16.618753, 43.485121], [16.619805, 43.484666], [16.619157, 43.484075], [16.620042, 43.483939], [16.620777, 43.483364], [16.61985, 43.481835], [16.620997, 43.480768], [16.620685, 43.480356], [16.620115, 43.480729], [16.619435, 43.480691], [16.6151, 43.479121], [16.613418, 43.478166], [16.612995, 43.477373], [16.605434, 43.472317], [16.590176, 43.476805], [16.581217, 43.487844], [16.573099, 43.492882], [16.56558, 43.499649], [16.554574, 43.51043], [16.544567, 43.517894], [16.54371, 43.518689], [16.544445, 43.518943], [16.543375, 43.518851], [16.543167, 43.517701], [16.542059, 43.516313], [16.540049, 43.513895], [16.53737, 43.512722], [16.537091, 43.511081], [16.537014, 43.509957], [16.536404, 43.508936], [16.536882, 43.508803], [16.536697, 43.508522], [16.536122, 43.508541], [16.534789, 43.507914], [16.534872, 43.506721], [16.532999, 43.506388], [16.530919, 43.50551], [16.530889, 43.504905], [16.528686, 43.503821], [16.528517, 43.502131], [16.527725, 43.502793], [16.526521, 43.502968], [16.523031, 43.50087], [16.523177, 43.499642], [16.525919, 43.499312], [16.5251, 43.498323], [16.52384, 43.497704], [16.520195, 43.499726], [16.518302, 43.500364], [16.514527, 43.50082], [16.511632, 43.500669], [16.510176, 43.501083], [16.50773, 43.501055], [16.505516, 43.501442], [16.500209, 43.501786], [16.497125, 43.502352], [16.495271, 43.502097], [16.495171, 43.501853], [16.49508, 43.502062], [16.494494, 43.501953], [16.49459, 43.501693], [16.493482, 43.501333], [16.493345, 43.501539], [16.488485, 43.501402], [16.487715, 43.501087], [16.484016, 43.501068], [16.483316, 43.500784], [16.482138, 43.501585], [16.480868, 43.501879], [16.479945, 43.501488], [16.479744, 43.502188], [16.47808, 43.502456], [16.477531, 43.50226], [16.477415, 43.501856], [16.476881, 43.502368], [16.474852, 43.501966], [16.474445, 43.501515], [16.475015, 43.50113], [16.474258, 43.50113], [16.473211, 43.500263], [16.472808, 43.500472], [16.473074, 43.501106], [16.472763, 43.501354], [16.471614, 43.50149], [16.471211, 43.500992], [16.471528, 43.501621], [16.471254, 43.502117], [16.470272, 43.501593], [16.469183, 43.501722], [16.467396, 43.501134], [16.466783, 43.502026], [16.465294, 43.502322], [16.463501, 43.50151], [16.462462, 43.499422], [16.458194, 43.498859], [16.458207, 43.499712], [16.459463, 43.499267], [16.46235, 43.499696], [16.462752, 43.500881], [16.462441, 43.501068], [16.461059, 43.500652], [16.462316, 43.500574], [16.461097, 43.500463], [16.461139, 43.500197], [16.46223, 43.500286], [16.460718, 43.500143], [16.460767, 43.499877], [16.462004, 43.499975], [16.459101, 43.499706], [16.460744, 43.499878], [16.460694, 43.50014], [16.458783, 43.49996], [16.460271, 43.500121], [16.460223, 43.500397], [16.458999, 43.50028], [16.460219, 43.500409], [16.46017, 43.500702], [16.456952, 43.500098], [16.458132, 43.500683], [16.457162, 43.500485], [16.458126, 43.500695], [16.457248, 43.501075], [16.456444, 43.499854], [16.457351, 43.499223], [16.4562, 43.499687], [16.45535, 43.499665], [16.454666, 43.500309], [16.454153, 43.500292], [16.454548, 43.500386], [16.454071, 43.500899], [16.452664, 43.500604], [16.451838, 43.499787], [16.451382, 43.499907], [16.451625, 43.500091], [16.451322, 43.500371], [16.450556, 43.500567], [16.450047, 43.500375], [16.44947, 43.500703], [16.449317, 43.501352], [16.447629, 43.502499], [16.446487, 43.502227], [16.445425, 43.50129], [16.445905, 43.500484], [16.446409, 43.500348], [16.436164, 43.501089], [16.441369, 43.501322], [16.44188, 43.502682], [16.439675, 43.502615], [16.439629, 43.503179], [16.442623, 43.503222], [16.442152, 43.504915], [16.440288, 43.504403], [16.44017, 43.504639], [16.442019, 43.505166], [16.44138, 43.506411], [16.438259, 43.506421], [16.438223, 43.506733], [16.439181, 43.506674], [16.439438, 43.507122], [16.436887, 43.50797], [16.434491, 43.507678], [16.434498, 43.507418], [16.435709, 43.507367], [16.435536, 43.507228], [16.433458, 43.507109], [16.433169, 43.506498], [16.431673, 43.505888], [16.431644, 43.50544], [16.431026, 43.505457], [16.43011, 43.504815], [16.428103, 43.50272], [16.428116, 43.502259], [16.427542, 43.502506], [16.427455, 43.501997], [16.427908, 43.501929], [16.427448, 43.501965], [16.427416, 43.501704], [16.428235, 43.501809], [16.428428, 43.501318], [16.42862, 43.501768], [16.428399, 43.501147], [16.428869, 43.500994], [16.429041, 43.501625], [16.428908, 43.500989], [16.429306, 43.500893], [16.429586, 43.502111], [16.42892, 43.502374], [16.429503, 43.502377], [16.43037, 43.503379], [16.429969, 43.502643], [16.430728, 43.50313], [16.429969, 43.502331], [16.431106, 43.502823], [16.42997, 43.502297], [16.429963, 43.501885], [16.431356, 43.502488], [16.429965, 43.501848], [16.429961, 43.501433], [16.431354, 43.502039], [16.429961, 43.501319], [16.430231, 43.501057], [16.431804, 43.501882], [16.432002, 43.502411], [16.4306, 43.503819], [16.430674, 43.503859], [16.432038, 43.50245], [16.432638, 43.502689], [16.431701, 43.501592], [16.429672, 43.500616], [16.424509, 43.500932], [16.423653, 43.501275], [16.423787, 43.501886], [16.422816, 43.502332], [16.424055, 43.501939], [16.423311, 43.502383], [16.424147, 43.502061], [16.424261, 43.502289], [16.423578, 43.502708], [16.423366, 43.502549], [16.423439, 43.502835], [16.421762, 43.503227], [16.421316, 43.502912], [16.421471, 43.502529], [16.421037, 43.502553], [16.418529, 43.503291], [16.41839, 43.503863], [16.417346, 43.503631], [16.41786, 43.503237], [16.417057, 43.503717], [16.416386, 43.503614], [16.415954, 43.503283], [16.415847, 43.502547], [16.415634, 43.503176], [16.415181, 43.503353], [16.414076, 43.502801], [16.41213, 43.503428], [16.409123, 43.5038], [16.409416, 43.50392], [16.409059, 43.504154], [16.407598, 43.503726], [16.401459, 43.504565], [16.401345, 43.504852], [16.39977, 43.505035], [16.400647, 43.505176], [16.400373, 43.507077], [16.399608, 43.507744], [16.398676, 43.507958], [16.396497, 43.50805], [16.391668, 43.507582], [16.387932, 43.507704], [16.38872, 43.507761], [16.388303, 43.507926], [16.38823, 43.508477], [16.387843, 43.508006], [16.38783, 43.508261], [16.389251, 43.509699], [16.390604, 43.510021], [16.390572, 43.510342], [16.390629, 43.510033], [16.390936, 43.510087], [16.39309, 43.510914], [16.397496, 43.513179], [16.401637, 43.514113], [16.401037, 43.514829], [16.402567, 43.515758], [16.4047, 43.515773], [16.404852, 43.515152], [16.40687, 43.514342], [16.407033, 43.514755], [16.40775, 43.51501], [16.409647, 43.514734], [16.413928, 43.514752], [16.415235, 43.516279], [16.41999, 43.516453], [16.420574, 43.516277], [16.415329, 43.515979], [16.41529, 43.515042], [16.415573, 43.515047], [16.415642, 43.515667], [16.415609, 43.514944], [16.415892, 43.51494], [16.415964, 43.515714], [16.415927, 43.514939], [16.416207, 43.514935], [16.416288, 43.515704], [16.416248, 43.514923], [16.416528, 43.514919], [16.416601, 43.515695], [16.416566, 43.514914], [16.416844, 43.514911], [16.416926, 43.515758], [16.416882, 43.51491], [16.417162, 43.514899], [16.417244, 43.51575], [16.417203, 43.514902], [16.417586, 43.514893], [16.417661, 43.515753], [16.417619, 43.514893], [16.417996, 43.514884], [16.418077, 43.51574], [16.418036, 43.514881], [16.418412, 43.51487], [16.418496, 43.515732], [16.418451, 43.514867], [16.418827, 43.514855], [16.418918, 43.515803], [16.418873, 43.514952], [16.419354, 43.514935], [16.419431, 43.515789], [16.419386, 43.514934], [16.419872, 43.51492], [16.419912, 43.515574], [16.419901, 43.514753], [16.420394, 43.514759], [16.420354, 43.515695], [16.421107, 43.515836], [16.420439, 43.515645], [16.42046, 43.515063], [16.42147, 43.515198], [16.420463, 43.515037], [16.420475, 43.514652], [16.421881, 43.514893], [16.421738, 43.515221], [16.422191, 43.514942], [16.423347, 43.515713], [16.423126, 43.515895], [16.422102, 43.515474], [16.421714, 43.515438], [16.423104, 43.515914], [16.422864, 43.516109], [16.421489, 43.515824], [16.42289, 43.516145], [16.423408, 43.515727], [16.426068, 43.516326], [16.425446, 43.517751], [16.425961, 43.516953], [16.426314, 43.51757], [16.426127, 43.516745], [16.426726, 43.517508], [16.426285, 43.516595], [16.427259, 43.517635], [16.426774, 43.517909], [16.426371, 43.51776], [16.426581, 43.518504], [16.427074, 43.518494], [16.427178, 43.517739], [16.427685, 43.518148], [16.427511, 43.518269], [16.427525, 43.518509], [16.427706, 43.518226], [16.428103, 43.518603], [16.427714, 43.518562], [16.427675, 43.518863], [16.427474, 43.518618], [16.427788, 43.519194], [16.427417, 43.519237], [16.427293, 43.518918], [16.427385, 43.519241], [16.427026, 43.519283], [16.426801, 43.518954], [16.427016, 43.519325], [16.427812, 43.519279], [16.427991, 43.520039], [16.427562, 43.520089], [16.427487, 43.519858], [16.427583, 43.520267], [16.427796, 43.520299], [16.427164, 43.520355], [16.426923, 43.519977], [16.427136, 43.520359], [16.426824, 43.520379], [16.426565, 43.519868], [16.426599, 43.520782], [16.427242, 43.520377], [16.427115, 43.520762], [16.427347, 43.520368], [16.427523, 43.520733], [16.427828, 43.520355], [16.427897, 43.520704], [16.428052, 43.520339], [16.42824, 43.520743], [16.426703, 43.521223], [16.426384, 43.520998], [16.426421, 43.521247], [16.425993, 43.521284], [16.425893, 43.520914], [16.425954, 43.52129], [16.425528, 43.521329], [16.425406, 43.520831], [16.42549, 43.521333], [16.424415, 43.521384], [16.424116, 43.520059], [16.424365, 43.521424], [16.42281, 43.52188], [16.422177, 43.521792], [16.420854, 43.522527], [16.421668, 43.522864], [16.42174, 43.523975], [16.424117, 43.524527], [16.424012, 43.526414], [16.42435, 43.524796], [16.430269, 43.524513], [16.430247, 43.524282], [16.43097, 43.524251], [16.431634, 43.525205], [16.431179, 43.525286], [16.43093, 43.52495], [16.43162, 43.526722], [16.432105, 43.526625], [16.432797, 43.527474], [16.427837, 43.52842], [16.426735, 43.52838], [16.423299, 43.526938], [16.427125, 43.528597], [16.432923, 43.527543], [16.433401, 43.527844], [16.434462, 43.527748], [16.436155, 43.528225], [16.437862, 43.529896], [16.439299, 43.530296], [16.441403, 43.530062], [16.441963, 43.529796], [16.441507, 43.529773], [16.440912, 43.52863], [16.441472, 43.52832], [16.440993, 43.52741], [16.440594, 43.527521], [16.440015, 43.525764], [16.440449, 43.525471], [16.441071, 43.525991], [16.441014, 43.525651], [16.442044, 43.525567], [16.442693, 43.525694], [16.44276, 43.526334], [16.442836, 43.52588], [16.443509, 43.525838], [16.4437, 43.526208], [16.443519, 43.52492], [16.444082, 43.524813], [16.443578, 43.523804], [16.444161, 43.523649], [16.445778, 43.52688], [16.445349, 43.527248], [16.446807, 43.530155], [16.446648, 43.530448], [16.447324, 43.530055], [16.448599, 43.529883], [16.449168, 43.528632], [16.448729, 43.527977], [16.449061, 43.528148], [16.44888, 43.527875], [16.449239, 43.527601], [16.450005, 43.527815], [16.450737, 43.528488], [16.450473, 43.528928], [16.451939, 43.529065], [16.453093, 43.528731], [16.454533, 43.528878], [16.455426, 43.52803], [16.456134, 43.527828], [16.458428, 43.527854], [16.459213, 43.528253], [16.45969, 43.528166], [16.460867, 43.527179], [16.464509, 43.528454], [16.473108, 43.527428], [16.473166, 43.527178], [16.474917, 43.527164], [16.483362, 43.529431], [16.484005, 43.529248]], [[16.426959, 43.518384], [16.42667, 43.518445], [16.426502, 43.518015], [16.426792, 43.51796], [16.426959, 43.518384]]]]}, "properties": {"id": 119, "razina": "jls", "name": "Split", "jls_name": "Split", "jls_maticni_broj": "04090", "zupanija": "Splitsko-dalmatinska", "area_km2": 79.3946, "stanovnistvo": 160577, "naselja_count": 8, "partial": false, "palette_idx": 0, "source": "DGU rpj:naselje (unija naselja)"}}, {"type": "Feature", "id": 120, "geometry": {"type": "Polygon", "coordinates": [[[18.631313, 45.509962], [18.628122, 45.510735], [18.626978, 45.510318], [18.621675, 45.509654], [18.621358, 45.50962], [18.622796, 45.511401], [18.620075, 45.520055], [18.622138, 45.520348], [18.619529, 45.528644], [18.621847, 45.529026], [18.621731, 45.529328], [18.621714, 45.529378], [18.6198, 45.533369], [18.61901, 45.535515], [18.610434, 45.535846], [18.605024, 45.537524], [18.604462, 45.539244], [18.597986, 45.538234], [18.596074, 45.543285], [18.595826, 45.54394], [18.585032, 45.546416], [18.586613, 45.54898], [18.58548, 45.550562], [18.582642, 45.549939], [18.580586, 45.549077], [18.579496, 45.547895], [18.578403, 45.545637], [18.578562, 45.544827], [18.575737, 45.544887], [18.575022, 45.547296], [18.57115, 45.552972], [18.563656, 45.550712], [18.56269, 45.550857], [18.561626, 45.553128], [18.562041, 45.555347], [18.560969, 45.557734], [18.561612, 45.558118], [18.556712, 45.5644], [18.558726, 45.565176], [18.56276, 45.58473], [18.556869, 45.585357], [18.568934, 45.593065], [18.569552, 45.592589], [18.575451, 45.596278], [18.576514, 45.595978], [18.578132, 45.594788], [18.580475, 45.590773], [18.581192, 45.588672], [18.582385, 45.587517], [18.582718, 45.585703], [18.583835, 45.584974], [18.584436, 45.585301], [18.584689, 45.586069], [18.600333, 45.586369], [18.601707, 45.586529], [18.604075, 45.589614], [18.603938, 45.591209], [18.606561, 45.595508], [18.607668, 45.596398], [18.608829, 45.596149], [18.608317, 45.595743], [18.609837, 45.594688], [18.615104, 45.588707], [18.617092, 45.58709], [18.624137, 45.582738], [18.632507, 45.57983], [18.632699, 45.580003], [18.640223, 45.576248], [18.648831, 45.573499], [18.649695, 45.574789], [18.653299, 45.575617], [18.657732, 45.577108], [18.665492, 45.576175], [18.666208, 45.574651], [18.675856, 45.575954], [18.677723, 45.57669], [18.679068, 45.576828], [18.683816, 45.578782], [18.684839, 45.580268], [18.687313, 45.578612], [18.689263, 45.576688], [18.690745, 45.576517], [18.692692, 45.576702], [18.697888, 45.579262], [18.697967, 45.578236], [18.699813, 45.577907], [18.697474, 45.575363], [18.696987, 45.573683], [18.698079, 45.573412], [18.69833, 45.573637], [18.699205, 45.573541], [18.701057, 45.572869], [18.703817, 45.57323], [18.70413, 45.572893], [18.707745, 45.573835], [18.709981, 45.574064], [18.713957, 45.57346], [18.714655, 45.574011], [18.714885, 45.57386], [18.715461, 45.574337], [18.72218, 45.575938], [18.7224, 45.576667], [18.727237, 45.575697], [18.725835, 45.569783], [18.728255, 45.569449], [18.730354, 45.569751], [18.733426, 45.569399], [18.737117, 45.568316], [18.737369, 45.567749], [18.734779, 45.564622], [18.734494, 45.563054], [18.736815, 45.562774], [18.743474, 45.560913], [18.750705, 45.557789], [18.751962, 45.556907], [18.756842, 45.54981], [18.758974, 45.547468], [18.765109, 45.543314], [18.769247, 45.542375], [18.775644, 45.543626], [18.782101, 45.544182], [18.786601, 45.544946], [18.79035, 45.54586], [18.794962, 45.547597], [18.806541, 45.550558], [18.810154, 45.551016], [18.812844, 45.550904], [18.813178, 45.551833], [18.8223, 45.550392], [18.826885, 45.55284], [18.832112, 45.557819], [18.834757, 45.559033], [18.838458, 45.553815], [18.837826, 45.549537], [18.851243, 45.550938], [18.856721, 45.550638], [18.85886, 45.551105], [18.859067, 45.550414], [18.858129, 45.549723], [18.85788, 45.547732], [18.859821, 45.545222], [18.860889, 45.544792], [18.861243, 45.543675], [18.862225, 45.54288], [18.862805, 45.541327], [18.863754, 45.540248], [18.863337, 45.539477], [18.862633, 45.539114], [18.86166, 45.535978], [18.860033, 45.534737], [18.86313, 45.531033], [18.854075, 45.520916], [18.853688, 45.519898], [18.849702, 45.520254], [18.848899, 45.516261], [18.840348, 45.518952], [18.837219, 45.51763], [18.831302, 45.517091], [18.820762, 45.514357], [18.81808, 45.513957], [18.810202, 45.509744], [18.802735, 45.508255], [18.800904, 45.505123], [18.798487, 45.504881], [18.824877, 45.482255], [18.826218, 45.481104], [18.828473, 45.482256], [18.831482, 45.478855], [18.848307, 45.481656], [18.848959, 45.478793], [18.849461, 45.478856], [18.851824, 45.475581], [18.84958, 45.47138], [18.848315, 45.47064], [18.843899, 45.466482], [18.842898, 45.464798], [18.842883, 45.463961], [18.835401, 45.468341], [18.830295, 45.464486], [18.816384, 45.457833], [18.802442, 45.464186], [18.798652, 45.461332], [18.794692, 45.456607], [18.786267, 45.446562], [18.760867, 45.444816], [18.750944, 45.454336], [18.753065, 45.455424], [18.747293, 45.460949], [18.745178, 45.459847], [18.732096, 45.472386], [18.733827, 45.473277], [18.730783, 45.476301], [18.729005, 45.475382], [18.722908, 45.481196], [18.724436, 45.481965], [18.71904, 45.487065], [18.717604, 45.486318], [18.715429, 45.488366], [18.725867, 45.493741], [18.706558, 45.512645], [18.705542, 45.51293], [18.704243, 45.514225], [18.703533, 45.516949], [18.697091, 45.521255], [18.696095, 45.521078], [18.691863, 45.518871], [18.691752, 45.517803], [18.684064, 45.517946], [18.681211, 45.51701], [18.68123, 45.518369], [18.671959, 45.516218], [18.666368, 45.514047], [18.664759, 45.516016], [18.644172, 45.510724], [18.642229, 45.51159], [18.631313, 45.509962]]]}, "properties": {"id": 120, "razina": "jls", "name": "Osijek", "jls_name": "Osijek", "jls_maticni_broj": "03123", "zupanija": "Osječko-baranjska", "area_km2": 174.8618, "stanovnistvo": 96313, "naselja_count": 11, "partial": false, "palette_idx": 0, "source": "DGU rpj:naselje (unija naselja)"}}, {"type": "Feature", "id": 121, "geometry": {"type": "Polygon", "coordinates": [[[16.313932, 46.264356], [16.310971, 46.264942], [16.307303, 46.263177], [16.304479, 46.262695], [16.302643, 46.261859], [16.299898, 46.259232], [16.296636, 46.259333], [16.29549, 46.257763], [16.294175, 46.257221], [16.290589, 46.257188], [16.289403, 46.257761], [16.289252, 46.260966], [16.288755, 46.261175], [16.288492, 46.260957], [16.287427, 46.263939], [16.28747, 46.265318], [16.286254, 46.266751], [16.285907, 46.266646], [16.285512, 46.267077], [16.285102, 46.267062], [16.286121, 46.270864], [16.286833, 46.270984], [16.28743, 46.272564], [16.2881, 46.272862], [16.289761, 46.273088], [16.2918, 46.272605], [16.292287, 46.271969], [16.293608, 46.272647], [16.294137, 46.272372], [16.294893, 46.272569], [16.29508, 46.271679], [16.295593, 46.271388], [16.296246, 46.271666], [16.296249, 46.272264], [16.297285, 46.272602], [16.297151, 46.271297], [16.29765, 46.271342], [16.298967, 46.272346], [16.30202, 46.271512], [16.302286, 46.272133], [16.302711, 46.272022], [16.302743, 46.272793], [16.301484, 46.273016], [16.300256, 46.273702], [16.299244, 46.27536], [16.29902, 46.276341], [16.300056, 46.278113], [16.299632, 46.281357], [16.296331, 46.281903], [16.295994, 46.283392], [16.296204, 46.288531], [16.298695, 46.288528], [16.298841, 46.289375], [16.299715, 46.289363], [16.299733, 46.289987], [16.300844, 46.290103], [16.300896, 46.290586], [16.304746, 46.291289], [16.304708, 46.292366], [16.303277, 46.292403], [16.300529, 46.29352], [16.299502, 46.294768], [16.29939, 46.295979], [16.299391, 46.297994], [16.300625, 46.3], [16.30041, 46.30119], [16.298659, 46.302818], [16.299086, 46.303307], [16.299214, 46.309053], [16.299596, 46.310616], [16.294991, 46.310813], [16.290283, 46.311746], [16.290785, 46.313584], [16.290188, 46.313728], [16.290011, 46.314497], [16.286711, 46.31486], [16.286974, 46.315698], [16.285515, 46.316389], [16.286726, 46.317988], [16.286459, 46.32167], [16.287358, 46.323061], [16.288884, 46.32432], [16.29099, 46.32417], [16.291703, 46.325322], [16.289707, 46.325965], [16.289188, 46.32675], [16.289866, 46.327041], [16.29101, 46.326133], [16.29167, 46.326764], [16.291311, 46.32701], [16.291658, 46.328033], [16.290353, 46.328077], [16.2905, 46.329613], [16.292306, 46.329879], [16.293264, 46.33082], [16.29759, 46.330675], [16.297414, 46.330276], [16.298214, 46.329572], [16.298466, 46.32856], [16.299024, 46.328653], [16.299819, 46.32944], [16.300815, 46.328723], [16.30147, 46.32886], [16.301536, 46.329157], [16.301663, 46.329517], [16.304222, 46.330049], [16.306557, 46.331519], [16.308855, 46.334596], [16.317033, 46.331967], [16.317688, 46.33295], [16.317515, 46.338659], [16.31691, 46.339657], [16.315882, 46.339725], [16.312939, 46.338809], [16.312808, 46.340513], [16.310916, 46.342613], [16.309839, 46.345807], [16.310194, 46.345864], [16.309874, 46.347287], [16.308942, 46.34737], [16.307601, 46.348104], [16.30602, 46.349713], [16.305283, 46.351126], [16.304314, 46.351812], [16.316665, 46.351871], [16.316659, 46.353527], [16.328418, 46.357363], [16.329571, 46.354719], [16.335639, 46.348182], [16.340818, 46.34487], [16.346595, 46.341128], [16.347292, 46.341238], [16.349546, 46.339699], [16.352726, 46.329364], [16.353189, 46.327321], [16.354177, 46.325851], [16.353558, 46.325173], [16.365946, 46.31767], [16.366905, 46.314772], [16.367959, 46.313726], [16.36967, 46.313205], [16.372332, 46.313299], [16.374845, 46.314929], [16.382458, 46.313584], [16.385254, 46.317147], [16.389162, 46.316537], [16.393255, 46.317018], [16.39513, 46.311407], [16.394625, 46.310539], [16.385937, 46.31158], [16.377042, 46.31184], [16.376729, 46.305405], [16.377781, 46.305629], [16.378255, 46.305237], [16.377771, 46.304573], [16.380832, 46.304109], [16.379995, 46.30187], [16.385355, 46.291446], [16.385722, 46.29111], [16.3862, 46.291164], [16.387062, 46.292088], [16.387982, 46.291564], [16.391263, 46.289061], [16.392458, 46.286948], [16.393517, 46.286838], [16.394328, 46.286192], [16.395031, 46.286509], [16.395302, 46.286369], [16.396102, 46.287085], [16.397917, 46.286594], [16.398225, 46.285953], [16.398984, 46.285521], [16.399514, 46.284443], [16.399351, 46.28399], [16.400095, 46.283278], [16.40109, 46.283104], [16.401713, 46.28376], [16.402796, 46.283617], [16.40371, 46.28306], [16.403356, 46.282379], [16.40372, 46.282121], [16.405265, 46.28261], [16.40608, 46.284422], [16.40829, 46.284865], [16.409178, 46.284588], [16.410014, 46.283544], [16.412982, 46.283185], [16.414738, 46.282583], [16.415728, 46.282787], [16.417233, 46.283744], [16.419553, 46.283654], [16.420123, 46.283503], [16.421726, 46.281697], [16.422263, 46.281508], [16.424324, 46.28167], [16.425901, 46.282504], [16.426681, 46.282378], [16.428613, 46.282931], [16.431505, 46.282861], [16.432477, 46.283454], [16.433266, 46.284486], [16.437205, 46.284222], [16.438949, 46.283593], [16.441027, 46.283475], [16.441314, 46.282399], [16.442634, 46.281618], [16.444242, 46.281223], [16.440917, 46.279502], [16.440357, 46.2783], [16.438389, 46.276884], [16.434692, 46.277145], [16.431122, 46.276724], [16.426076, 46.276983], [16.425261, 46.276523], [16.424684, 46.276034], [16.422189, 46.275659], [16.421445, 46.275295], [16.420124, 46.27439], [16.419178, 46.273151], [16.419049, 46.271769], [16.416486, 46.271252], [16.411001, 46.272478], [16.409664, 46.27257], [16.408604, 46.271731], [16.407358, 46.272327], [16.405136, 46.272593], [16.403763, 46.272214], [16.403616, 46.271517], [16.40216, 46.270735], [16.399828, 46.270716], [16.39886, 46.270429], [16.395001, 46.269486], [16.393652, 46.269439], [16.390086, 46.270364], [16.389446, 46.270978], [16.388162, 46.270869], [16.386863, 46.271712], [16.38585, 46.271395], [16.384193, 46.26826], [16.381025, 46.268466], [16.377441, 46.269909], [16.376726, 46.270471], [16.374813, 46.270939], [16.372015, 46.270355], [16.371172, 46.269811], [16.370172, 46.269754], [16.368385, 46.269578], [16.36695, 46.269883], [16.365516, 46.269164], [16.362615, 46.269023], [16.360143, 46.268997], [16.355777, 46.269682], [16.357253, 46.265612], [16.35374, 46.263068], [16.354103, 46.26249], [16.35233, 46.262549], [16.352399, 46.263204], [16.35005, 46.263302], [16.349921, 46.262946], [16.349101, 46.263084], [16.349122, 46.263308], [16.346239, 46.260948], [16.344331, 46.260884], [16.342189, 46.260343], [16.341522, 46.260627], [16.340791, 46.260198], [16.340101, 46.260478], [16.338826, 46.260106], [16.339225, 46.261047], [16.338353, 46.26124], [16.337819, 46.260722], [16.33749, 46.261317], [16.336212, 46.261535], [16.336481, 46.260316], [16.335433, 46.259276], [16.336253, 46.259095], [16.336594, 46.25853], [16.335379, 46.258461], [16.335282, 46.257924], [16.334394, 46.25778], [16.3341, 46.258205], [16.332454, 46.258428], [16.332716, 46.259157], [16.331314, 46.259293], [16.330555, 46.260257], [16.331251, 46.260899], [16.331122, 46.261363], [16.329994, 46.261334], [16.329168, 46.261875], [16.327018, 46.261409], [16.326037, 46.260287], [16.324655, 46.26024], [16.324736, 46.259617], [16.322178, 46.259121], [16.322631, 46.258597], [16.321577, 46.25797], [16.321042, 46.258111], [16.321942, 46.259508], [16.31318, 46.262605], [16.313932, 46.264356]]]}, "properties": {"id": 121, "razina": "jls", "name": "Varazdin", "jls_name": "Varazdin", "jls_maticni_broj": "04723", "zupanija": "Varaždinska", "area_km2": 59.8822, "stanovnistvo": 43782, "naselja_count": 10, "partial": false, "palette_idx": 0, "source": "DGU rpj:naselje (unija naselja)"}}, {"type": "Feature", "id": 122, "geometry": {"type": "MultiPolygon", "coordinates": [[[[17.952298, 42.64437], [17.951845, 42.645647], [17.949407, 42.64717], [17.949961, 42.647568], [17.950592, 42.647478], [17.952072, 42.646705], [17.953339, 42.645023], [17.95358, 42.644629], [17.952953, 42.644167], [17.952298, 42.64437]]], [[[17.957537, 42.675141], [17.957887, 42.674938], [17.957723, 42.674853], [17.957533, 42.674884], [17.957537, 42.675141]]], [[[17.95678, 42.675516], [17.957253, 42.675333], [17.957404, 42.675054], [17.957296, 42.675054], [17.95678, 42.675516]]], [[[17.952034, 42.693106], [17.955137, 42.691685], [17.956339, 42.691728], [17.956763, 42.691216], [17.956313, 42.690916], [17.956425, 42.690638], [17.963078, 42.685933], [17.96937, 42.682372], [17.970563, 42.681161], [17.97404, 42.679175], [17.975057, 42.678252], [17.972389, 42.677635], [17.970032, 42.677812], [17.966644, 42.678762], [17.962392, 42.680679], [17.960588, 42.680487], [17.961339, 42.680425], [17.961935, 42.679985], [17.961439, 42.679747], [17.95976, 42.680181], [17.959512, 42.681025], [17.95895, 42.680184], [17.957948, 42.679998], [17.956011, 42.680685], [17.954594, 42.680701], [17.953564, 42.681299], [17.952118, 42.680221], [17.951427, 42.67888], [17.952936, 42.677642], [17.956225, 42.675721], [17.955323, 42.675349], [17.955478, 42.675065], [17.953753, 42.674879], [17.953387, 42.675136], [17.952722, 42.675063], [17.95254, 42.67464], [17.951394, 42.674541], [17.948243, 42.675187], [17.947895, 42.674873], [17.948353, 42.674532], [17.947675, 42.674344], [17.94773, 42.67389], [17.943744, 42.674797], [17.94053, 42.674948], [17.939007, 42.675321], [17.938325, 42.676747], [17.937406, 42.677418], [17.937589, 42.677886], [17.935992, 42.67913], [17.9362, 42.679696], [17.935166, 42.68044], [17.935052, 42.681999], [17.932488, 42.684387], [17.930628, 42.685026], [17.930178, 42.686053], [17.92914, 42.686021], [17.927704, 42.686566], [17.925743, 42.688249], [17.924078, 42.688366], [17.923578, 42.689362], [17.926522, 42.689599], [17.927675, 42.689441], [17.929486, 42.688667], [17.931648, 42.687194], [17.933698, 42.686643], [17.934518, 42.685916], [17.935632, 42.686288], [17.935831, 42.685964], [17.936688, 42.685809], [17.936925, 42.686013], [17.936976, 42.685763], [17.937597, 42.685744], [17.939076, 42.686147], [17.940712, 42.687473], [17.942219, 42.689634], [17.942149, 42.690499], [17.941719, 42.69046], [17.942116, 42.690735], [17.94164, 42.691042], [17.941297, 42.690315], [17.941519, 42.691156], [17.940585, 42.69191], [17.941447, 42.692837], [17.941319, 42.694987], [17.941975, 42.695517], [17.942391, 42.696888], [17.943899, 42.697747], [17.944941, 42.697875], [17.946614, 42.697493], [17.947713, 42.697562], [17.950094, 42.696769], [17.951381, 42.695126], [17.951276, 42.694193], [17.952034, 42.693106]]], [[[17.933609, 42.707853], [17.933641, 42.707444], [17.930373, 42.706441], [17.930011, 42.706058], [17.930251, 42.705086], [17.929712, 42.704877], [17.927844, 42.705014], [17.925579, 42.70587], [17.925682, 42.706285], [17.925178, 42.706449], [17.925155, 42.706828], [17.925405, 42.707215], [17.926288, 42.707424], [17.925706, 42.709051], [17.926012, 42.709738], [17.928307, 42.710127], [17.929028, 42.71073], [17.93, 42.71013], [17.930972, 42.709578], [17.932315, 42.709957], [17.93343, 42.709411], [17.934379, 42.708475], [17.933896, 42.707798], [17.933609, 42.707853]]], [[[17.914417, 42.710635], [17.91413, 42.710634], [17.914203, 42.710781], [17.914459, 42.710733], [17.914417, 42.710635]]], [[[17.915615, 42.710966], [17.915724, 42.710943], [17.915719, 42.710839], [17.915609, 42.71084], [17.915615, 42.710966]]], [[[17.915067, 42.711358], [17.915303, 42.711431], [17.915371, 42.711244], [17.915155, 42.711248], [17.915067, 42.711358]]], [[[17.92817, 42.712041], [17.928468, 42.712054], [17.928423, 42.711836], [17.92823, 42.711845], [17.92817, 42.712041]]], [[[17.894798, 42.732962], [17.896505, 42.73336], [17.897486, 42.73305], [17.897876, 42.730899], [17.900357, 42.73057], [17.902862, 42.729473], [17.903351, 42.72881], [17.904723, 42.728106], [17.905215, 42.727108], [17.90638, 42.726471], [17.907016, 42.724633], [17.910725, 42.722919], [17.912266, 42.722805], [17.912877, 42.722114], [17.912601, 42.72104], [17.913006, 42.72048], [17.914103, 42.720904], [17.915265, 42.720751], [17.916125, 42.720313], [17.916671, 42.7193], [17.917808, 42.718608], [17.91814, 42.717514], [17.9191, 42.716598], [17.919714, 42.714845], [17.918619, 42.712783], [17.917434, 42.712953], [17.917308, 42.712308], [17.91687, 42.712157], [17.914882, 42.711983], [17.914199, 42.712269], [17.912997, 42.711953], [17.912904, 42.712139], [17.910874, 42.710903], [17.910002, 42.710963], [17.909918, 42.710606], [17.910789, 42.710409], [17.910936, 42.710711], [17.911102, 42.710671], [17.910884, 42.710378], [17.911307, 42.709892], [17.911793, 42.710018], [17.911348, 42.709704], [17.912789, 42.708418], [17.912836, 42.707941], [17.915888, 42.707808], [17.916957, 42.706655], [17.914352, 42.706267], [17.914939, 42.705393], [17.913723, 42.705587], [17.912307, 42.70465], [17.910928, 42.705322], [17.909809, 42.704751], [17.909566, 42.704196], [17.908099, 42.703707], [17.908439, 42.702843], [17.908035, 42.702299], [17.907709, 42.702345], [17.907725, 42.701266], [17.907159, 42.700832], [17.909609, 42.698905], [17.908654, 42.698899], [17.906581, 42.700228], [17.904436, 42.700601], [17.902627, 42.70141], [17.897486, 42.702841], [17.896522, 42.703947], [17.897443, 42.704615], [17.897091, 42.705327], [17.895731, 42.705283], [17.895021, 42.705594], [17.889026, 42.70979], [17.888112, 42.711264], [17.886436, 42.712542], [17.884703, 42.713376], [17.88484, 42.713579], [17.882301, 42.714607], [17.879214, 42.715194], [17.876606, 42.717236], [17.875563, 42.717568], [17.875882, 42.717739], [17.875417, 42.717933], [17.875692, 42.718176], [17.875268, 42.71856], [17.874558, 42.718496], [17.874138, 42.717992], [17.873589, 42.718157], [17.873336, 42.718772], [17.872861, 42.71875], [17.87274, 42.718389], [17.869288, 42.719397], [17.864537, 42.720038], [17.863654, 42.720402], [17.861662, 42.722053], [17.860516, 42.723812], [17.855711, 42.726406], [17.854449, 42.726791], [17.85303, 42.728303], [17.853158, 42.728646], [17.852397, 42.728969], [17.851897, 42.728629], [17.850636, 42.728851], [17.846725, 42.730846], [17.843885, 42.731655], [17.841837, 42.733074], [17.841041, 42.734213], [17.841528, 42.73489], [17.842557, 42.734758], [17.843825, 42.733687], [17.845575, 42.73375], [17.85145, 42.73082], [17.852902, 42.729098], [17.853679, 42.729041], [17.854565, 42.729462], [17.856317, 42.729165], [17.86113, 42.726963], [17.861744, 42.726986], [17.862469, 42.727602], [17.861863, 42.728701], [17.860826, 42.729303], [17.860587, 42.729094], [17.860707, 42.729296], [17.859225, 42.730216], [17.85574, 42.733535], [17.855409, 42.734328], [17.854564, 42.734617], [17.853561, 42.735567], [17.851939, 42.735776], [17.850073, 42.738226], [17.847744, 42.740245], [17.847626, 42.740796], [17.845972, 42.74194], [17.846452, 42.742597], [17.845134, 42.743394], [17.844646, 42.745181], [17.843506, 42.745914], [17.842414, 42.747525], [17.840452, 42.748667], [17.839207, 42.748698], [17.837575, 42.749515], [17.830519, 42.754424], [17.828727, 42.756169], [17.830397, 42.756046], [17.832817, 42.75524], [17.833115, 42.756554], [17.833691, 42.756641], [17.839424, 42.75392], [17.840753, 42.75408], [17.84214, 42.754896], [17.843474, 42.754861], [17.844425, 42.75516], [17.845787, 42.754195], [17.848796, 42.753123], [17.849854, 42.753147], [17.848854, 42.754062], [17.848692, 42.755156], [17.850451, 42.755301], [17.852127, 42.754997], [17.858674, 42.752098], [17.860044, 42.751006], [17.863947, 42.749205], [17.864372, 42.748273], [17.863751, 42.74579], [17.865957, 42.745918], [17.865906, 42.744501], [17.867675, 42.744444], [17.876174, 42.741059], [17.877934, 42.739852], [17.878236, 42.738944], [17.880703, 42.739891], [17.885658, 42.737518], [17.887854, 42.73607], [17.888767, 42.735891], [17.889427, 42.736214], [17.890061, 42.735856], [17.891657, 42.734906], [17.891525, 42.734167], [17.892648, 42.733682], [17.894798, 42.732962]]], [[[17.963201, 42.720921], [17.960838, 42.720701], [17.959554, 42.722773], [17.957367, 42.721325], [17.956385, 42.721267], [17.955703, 42.721797], [17.955473, 42.722475], [17.956323, 42.724083], [17.957219, 42.724708], [17.957236, 42.725691], [17.956431, 42.726712], [17.955538, 42.72707], [17.954266, 42.727018], [17.954396, 42.728521], [17.953231, 42.728724], [17.952883, 42.728354], [17.95329, 42.728083], [17.952746, 42.728337], [17.949251, 42.726584], [17.946967, 42.728477], [17.946364, 42.729746], [17.945124, 42.730104], [17.944475, 42.729596], [17.944863, 42.729023], [17.943987, 42.728999], [17.944337, 42.729666], [17.944115, 42.73018], [17.939851, 42.731331], [17.939068, 42.733092], [17.937161, 42.733619], [17.936464, 42.734681], [17.935891, 42.734784], [17.934745, 42.734427], [17.934276, 42.73498], [17.932238, 42.735124], [17.930589, 42.736037], [17.929255, 42.73721], [17.92809, 42.740257], [17.925716, 42.740554], [17.921185, 42.742884], [17.920314, 42.74274], [17.922729, 42.743899], [17.923727, 42.744767], [17.926998, 42.749118], [17.929295, 42.751109], [17.931285, 42.755196], [17.939406, 42.760841], [17.942027, 42.76337], [17.950054, 42.76819], [17.957812, 42.770342], [17.967372, 42.774595], [17.97456, 42.780422], [17.980759, 42.778204], [17.983372, 42.778424], [17.992249, 42.777459], [17.99629, 42.776171], [17.996772, 42.773198], [17.996746, 42.768584], [17.996781, 42.765992], [17.996978, 42.765043], [17.998847, 42.763484], [17.999013, 42.762885], [18.003179, 42.757933], [18.00816, 42.755219], [18.010316, 42.752573], [18.025292, 42.752235], [18.041721, 42.74814], [18.050065, 42.741935], [18.052282, 42.741667], [18.057493, 42.739421], [18.062204, 42.736453], [18.064839, 42.733994], [18.073566, 42.728072], [18.073189, 42.727722], [18.074046, 42.724997], [18.075926, 42.723918], [18.079273, 42.724447], [18.082284, 42.72292], [18.098356, 42.717153], [18.101402, 42.715461], [18.105628, 42.712161], [18.107265, 42.708887], [18.108829, 42.704325], [18.106883, 42.702008], [18.107409, 42.699994], [18.105487, 42.697291], [18.104877, 42.694185], [18.104063, 42.692494], [18.102427, 42.689834], [18.102842, 42.686698], [18.104772, 42.686491], [18.109496, 42.68596], [18.114043, 42.686366], [18.118052, 42.684197], [18.128057, 42.682291], [18.132222, 42.682283], [18.137649, 42.67987], [18.141561, 42.680203], [18.143583, 42.679012], [18.14605, 42.671456], [18.14722, 42.669756], [18.150007, 42.667484], [18.153407, 42.663214], [18.155075, 42.659809], [18.15506, 42.657181], [18.157295, 42.653856], [18.157513, 42.652699], [18.158091, 42.652138], [18.157749, 42.647644], [18.156972, 42.646746], [18.155753, 42.646434], [18.154572, 42.646582], [18.153488, 42.646147], [18.153478, 42.645799], [18.152107, 42.645418], [18.152531, 42.645069], [18.151812, 42.644679], [18.151678, 42.644058], [18.150222, 42.643412], [18.137787, 42.644163], [18.136836, 42.64137], [18.137068, 42.639176], [18.138182, 42.636835], [18.139079, 42.636729], [18.139739, 42.636226], [18.139729, 42.635774], [18.141527, 42.635371], [18.141823, 42.631572], [18.138131, 42.631677], [18.137769, 42.630631], [18.136843, 42.630485], [18.135631, 42.631169], [18.135019, 42.631938], [18.133965, 42.632014], [18.133795, 42.631807], [18.131163, 42.632699], [18.130408, 42.633398], [18.130549, 42.635631], [18.12951, 42.636849], [18.128288, 42.636967], [18.127457, 42.637839], [18.126591, 42.63803], [18.126787, 42.638588], [18.126165, 42.638363], [18.124399, 42.639723], [18.123819, 42.63981], [18.123534, 42.639572], [18.123017, 42.639843], [18.122729, 42.639566], [18.120684, 42.63994], [18.119596, 42.640763], [18.117575, 42.64144], [18.115802, 42.641414], [18.115602, 42.641174], [18.112941, 42.641685], [18.111933, 42.641328], [18.111338, 42.641421], [18.111271, 42.641039], [18.111765, 42.640924], [18.111272, 42.640905], [18.111248, 42.640342], [18.111578, 42.640329], [18.111275, 42.640046], [18.112263, 42.640014], [18.112429, 42.640337], [18.113297, 42.639764], [18.112765, 42.6398], [18.111827, 42.639169], [18.110406, 42.638785], [18.109826, 42.639003], [18.109472, 42.638702], [18.107749, 42.639095], [18.107301, 42.638964], [18.106412, 42.640627], [18.105812, 42.640868], [18.106236, 42.641013], [18.106119, 42.641421], [18.105094, 42.641558], [18.105067, 42.641235], [18.104772, 42.641462], [18.104644, 42.641007], [18.10501, 42.640659], [18.104309, 42.640366], [18.103956, 42.640438], [18.103643, 42.641696], [18.103043, 42.641089], [18.103171, 42.640616], [18.102697, 42.640343], [18.101171, 42.640208], [18.100426, 42.640425], [18.101138, 42.641018], [18.100982, 42.641904], [18.100211, 42.642376], [18.099629, 42.64235], [18.098538, 42.643102], [18.098462, 42.64334], [18.098908, 42.64349], [18.098076, 42.644068], [18.098425, 42.644064], [18.098283, 42.644828], [18.097071, 42.645253], [18.09679, 42.645088], [18.096184, 42.645417], [18.09609, 42.645834], [18.094924, 42.645794], [18.093819, 42.646522], [18.09316, 42.646296], [18.092777, 42.646557], [18.092217, 42.646128], [18.092128, 42.645841], [18.093037, 42.645351], [18.091896, 42.644764], [18.091496, 42.643597], [18.087841, 42.643372], [18.084628, 42.643859], [18.08119, 42.645347], [18.079976, 42.644939], [18.079637, 42.645319], [18.079011, 42.645386], [18.078075, 42.644606], [18.076723, 42.644775], [18.075977, 42.646109], [18.074568, 42.646403], [18.074158, 42.647174], [18.072984, 42.648094], [18.072116, 42.647921], [18.071705, 42.648314], [18.071128, 42.648296], [18.070264, 42.649149], [18.069005, 42.649632], [18.067862, 42.649597], [18.06648, 42.648936], [18.06267, 42.649719], [18.061044, 42.648984], [18.060381, 42.64973], [18.059675, 42.649637], [18.059995, 42.651176], [18.061921, 42.653004], [18.065669, 42.654241], [18.066529, 42.654042], [18.06686, 42.653538], [18.067588, 42.653516], [18.069132, 42.654074], [18.07001, 42.654824], [18.070159, 42.655528], [18.069847, 42.655815], [18.060883, 42.657757], [18.060798, 42.658234], [18.057986, 42.658753], [18.057237, 42.65941], [18.056691, 42.660566], [18.057196, 42.660915], [18.056926, 42.661828], [18.057751, 42.661844], [18.058106, 42.662735], [18.059724, 42.663761], [18.061946, 42.664154], [18.06388, 42.664147], [18.064351, 42.664546], [18.065069, 42.663704], [18.06578, 42.6639], [18.065722, 42.664164], [18.069335, 42.663996], [18.070893, 42.664622], [18.071785, 42.664398], [18.071064, 42.664416], [18.071498, 42.663996], [18.072271, 42.664462], [18.072217, 42.66415], [18.073278, 42.663412], [18.075183, 42.663789], [18.077033, 42.663443], [18.078164, 42.662308], [18.07924, 42.661756], [18.079909, 42.66003], [18.080289, 42.660298], [18.080043, 42.660004], [18.08053, 42.659127], [18.080012, 42.660002], [18.079557, 42.660015], [18.079603, 42.658729], [18.080674, 42.657864], [18.084934, 42.656134], [18.085844, 42.655249], [18.08528, 42.653752], [18.086933, 42.653127], [18.088245, 42.653312], [18.087577, 42.656352], [18.08677, 42.657904], [18.085763, 42.657606], [18.084488, 42.660503], [18.084786, 42.660653], [18.082104, 42.66349], [18.078779, 42.666254], [18.078948, 42.66669], [18.080345, 42.66699], [18.085703, 42.668464], [18.086241, 42.669076], [18.088801, 42.669224], [18.09472, 42.670366], [18.095561, 42.670813], [18.098239, 42.670955], [18.099314, 42.670741], [18.103727, 42.671677], [18.104624, 42.672062], [18.110254, 42.672143], [18.11334, 42.671164], [18.117491, 42.670745], [18.121706, 42.669813], [18.122813, 42.66967], [18.122588, 42.670057], [18.122874, 42.669672], [18.12359, 42.669569], [18.122971, 42.670476], [18.123646, 42.669552], [18.124282, 42.669393], [18.12358, 42.670422], [18.124573, 42.669433], [18.124148, 42.67037], [18.124812, 42.669518], [18.125158, 42.669798], [18.124771, 42.670331], [18.125187, 42.669822], [18.125604, 42.670001], [18.125401, 42.670329], [18.126042, 42.669916], [18.126935, 42.670336], [18.126522, 42.670887], [18.125358, 42.670567], [18.122525, 42.670869], [18.122248, 42.670387], [18.122502, 42.670898], [18.12461, 42.670809], [18.128332, 42.671561], [18.127218, 42.670174], [18.128702, 42.671509], [18.129287, 42.671325], [18.129274, 42.670911], [18.129757, 42.671374], [18.129942, 42.670716], [18.130941, 42.670426], [18.13272, 42.670446], [18.134283, 42.671112], [18.135246, 42.671941], [18.137019, 42.675183], [18.136647, 42.675555], [18.134761, 42.672814], [18.133327, 42.672581], [18.132378, 42.671965], [18.131422, 42.672166], [18.130507, 42.671643], [18.127714, 42.672049], [18.125823, 42.671734], [18.124745, 42.671596], [18.123459, 42.672073], [18.118928, 42.672346], [18.116397, 42.673032], [18.114567, 42.673135], [18.112082, 42.673323], [18.110709, 42.674019], [18.109647, 42.673775], [18.105502, 42.6739], [18.104698, 42.673462], [18.104393, 42.673732], [18.102495, 42.6739], [18.101781, 42.673573], [18.100506, 42.674396], [18.097325, 42.673948], [18.096172, 42.674073], [18.095548, 42.673616], [18.095678, 42.673302], [18.095353, 42.673573], [18.094503, 42.673433], [18.094613, 42.67309], [18.094015, 42.672828], [18.094682, 42.672604], [18.094176, 42.67244], [18.093831, 42.672477], [18.093748, 42.672885], [18.093584, 42.672437], [18.093182, 42.67307], [18.09218, 42.673353], [18.089915, 42.673204], [18.088453, 42.672287], [18.086373, 42.671885], [18.080853, 42.669881], [18.078515, 42.66913], [18.07556, 42.669277], [18.074129, 42.668881], [18.072806, 42.669032], [18.069517, 42.670358], [18.067952, 42.672706], [18.065492, 42.673477], [18.062782, 42.675285], [18.056147, 42.677732], [18.055212, 42.678873], [18.056456, 42.68001], [18.056442, 42.6806], [18.055449, 42.680922], [18.055611, 42.681117], [18.054158, 42.68192], [18.053661, 42.682717], [18.051228, 42.683622], [18.051524, 42.683763], [18.050252, 42.684743], [18.050516, 42.684988], [18.049706, 42.685545], [18.049169, 42.686979], [18.049481, 42.687209], [18.049052, 42.68764], [18.049819, 42.688098], [18.049682, 42.688736], [18.04833, 42.690095], [18.046831, 42.690608], [18.046961, 42.69279], [18.04553, 42.693814], [18.04513, 42.694803], [18.045115, 42.695296], [18.046088, 42.69671], [18.045268, 42.6982], [18.045886, 42.699793], [18.044694, 42.701798], [18.040909, 42.700111], [18.040707, 42.698909], [18.042185, 42.697951], [18.040952, 42.696947], [18.039205, 42.696429], [18.039214, 42.696097], [18.039603, 42.695507], [18.042119, 42.695027], [18.042841, 42.694634], [18.041796, 42.694331], [18.041746, 42.692907], [18.040066, 42.691825], [18.040107, 42.69064], [18.040721, 42.690621], [18.04012, 42.690566], [18.040128, 42.690193], [18.040542, 42.690153], [18.040552, 42.69042], [18.040697, 42.688938], [18.041289, 42.688768], [18.043262, 42.688997], [18.043956, 42.688546], [18.044217, 42.687912], [18.04393, 42.687082], [18.045174, 42.686563], [18.045621, 42.685902], [18.045498, 42.68455], [18.044754, 42.684543], [18.044825, 42.684892], [18.043651, 42.685231], [18.041586, 42.68554], [18.041157, 42.686138], [18.040338, 42.685474], [18.038935, 42.686096], [18.038684, 42.686569], [18.036425, 42.686825], [18.035692, 42.687167], [18.035114, 42.687052], [18.034595, 42.687871], [18.033682, 42.687932], [18.032894, 42.687627], [18.032766, 42.687243], [18.031678, 42.687845], [18.029219, 42.688202], [18.02883, 42.6885], [18.026935, 42.688203], [18.022825, 42.690254], [18.019351, 42.693376], [18.018101, 42.693982], [18.018542, 42.69395], [18.018668, 42.694392], [18.015161, 42.694635], [18.014418, 42.695251], [18.012584, 42.695639], [18.010898, 42.69498], [18.007739, 42.694885], [18.006064, 42.69531], [18.005377, 42.695829], [18.003115, 42.69652], [18.003418, 42.69687], [18.001661, 42.697956], [17.99957, 42.698359], [17.998423, 42.699873], [17.997583, 42.700339], [17.995141, 42.701009], [17.994146, 42.701866], [17.993216, 42.701669], [17.990918, 42.702308], [17.990723, 42.702695], [17.990463, 42.702582], [17.990317, 42.702879], [17.988162, 42.703574], [17.987352, 42.704404], [17.984853, 42.704732], [17.983313, 42.705457], [17.982696, 42.706086], [17.980498, 42.706998], [17.979175, 42.708449], [17.977629, 42.709371], [17.976334, 42.709656], [17.975556, 42.710284], [17.976037, 42.710207], [17.976183, 42.710727], [17.974742, 42.711296], [17.97411, 42.711931], [17.971431, 42.711086], [17.970202, 42.711884], [17.967462, 42.712607], [17.96482, 42.716098], [17.962819, 42.717387], [17.964207, 42.720559], [17.963201, 42.720921]]], [[[17.806693, 42.748841], [17.806989, 42.749785], [17.808394, 42.749703], [17.809021, 42.748122], [17.810489, 42.747763], [17.81111, 42.746738], [17.812881, 42.747097], [17.813569, 42.746392], [17.814532, 42.746482], [17.815723, 42.745708], [17.81601, 42.745327], [17.815664, 42.743328], [17.817745, 42.743254], [17.818638, 42.743879], [17.820611, 42.743695], [17.822533, 42.742072], [17.82294, 42.739842], [17.828381, 42.736985], [17.828489, 42.737225], [17.828674, 42.736933], [17.829678, 42.737307], [17.83044, 42.738382], [17.829355, 42.73887], [17.829733, 42.739782], [17.828079, 42.742833], [17.828253, 42.743307], [17.830537, 42.742665], [17.83207, 42.741148], [17.832964, 42.740765], [17.833869, 42.74059], [17.834581, 42.741023], [17.840374, 42.738298], [17.840971, 42.73731], [17.839661, 42.735909], [17.837649, 42.7354], [17.835793, 42.735732], [17.83505, 42.735584], [17.835882, 42.734919], [17.83596, 42.73438], [17.835321, 42.733844], [17.835702, 42.733439], [17.834953, 42.733368], [17.835573, 42.732811], [17.835382, 42.732663], [17.836134, 42.732234], [17.83701, 42.732165], [17.837004, 42.731748], [17.839678, 42.729292], [17.839883, 42.728536], [17.837919, 42.728001], [17.836214, 42.7279], [17.833395, 42.73058], [17.832238, 42.730892], [17.830401, 42.730854], [17.827961, 42.730223], [17.827377, 42.730748], [17.827754, 42.730925], [17.827449, 42.73208], [17.826557, 42.733538], [17.822862, 42.736115], [17.818053, 42.738822], [17.816395, 42.739061], [17.813938, 42.740061], [17.813112, 42.740002], [17.812249, 42.74034], [17.810629, 42.740398], [17.809254, 42.740056], [17.808049, 42.740475], [17.806496, 42.740356], [17.805975, 42.740501], [17.805998, 42.740754], [17.805133, 42.740591], [17.80484, 42.74094], [17.804398, 42.740915], [17.804478, 42.741284], [17.802324, 42.74243], [17.799793, 42.745247], [17.79728, 42.74688], [17.797144, 42.74729], [17.796206, 42.747574], [17.794581, 42.749404], [17.792767, 42.750212], [17.787706, 42.753841], [17.789908, 42.754966], [17.79294, 42.754568], [17.796304, 42.752896], [17.798329, 42.750878], [17.800236, 42.750201], [17.803131, 42.748481], [17.805758, 42.748075], [17.806693, 42.748841]]], [[[17.823765, 42.745306], [17.822812, 42.745468], [17.822648, 42.746953], [17.823733, 42.746883], [17.824435, 42.74641], [17.824534, 42.745816], [17.823765, 42.745306]]], [[[17.817629, 42.7502], [17.817407, 42.750444], [17.818253, 42.750016], [17.818482, 42.749768], [17.817629, 42.7502]]], [[[17.807532, 42.75216], [17.808557, 42.752364], [17.807881, 42.754059], [17.808117, 42.754556], [17.80914, 42.753527], [17.811545, 42.753299], [17.812609, 42.75259], [17.812047, 42.75156], [17.809535, 42.750385], [17.808834, 42.750515], [17.807532, 42.75216]]], [[[17.797564, 42.756595], [17.796349, 42.756833], [17.795585, 42.757753], [17.79535, 42.758988], [17.7973, 42.759342], [17.799618, 42.758773], [17.801874, 42.757486], [17.799424, 42.757019], [17.798992, 42.756467], [17.798294, 42.756843], [17.797564, 42.756595]]], [[[17.83029, 42.758037], [17.8301, 42.758516], [17.831888, 42.759676], [17.832554, 42.759371], [17.831202, 42.75769], [17.83029, 42.758037]]], [[[17.776117, 42.765573], [17.776468, 42.764926], [17.778543, 42.764013], [17.781261, 42.760299], [17.781051, 42.759102], [17.778506, 42.758119], [17.776465, 42.757768], [17.773611, 42.7594], [17.769584, 42.760384], [17.768695, 42.761083], [17.766424, 42.7614], [17.766543, 42.762329], [17.765628, 42.76354], [17.766667, 42.76427], [17.766829, 42.764953], [17.769834, 42.767184], [17.771558, 42.767136], [17.773308, 42.766251], [17.774979, 42.765932], [17.77546, 42.766615], [17.774937, 42.767048], [17.774771, 42.767902], [17.775171, 42.768058], [17.775953, 42.767691], [17.776792, 42.767717], [17.777609, 42.769267], [17.778224, 42.769472], [17.779337, 42.768834], [17.780153, 42.767802], [17.777806, 42.767153], [17.777248, 42.766096], [17.77632, 42.7659], [17.776117, 42.765573]]], [[[18.054073, 42.651209], [18.054244, 42.651218], [18.054267, 42.651082], [18.054079, 42.651119], [18.054073, 42.651209]]], [[[18.046284, 42.650988], [18.047258, 42.651653], [18.048417, 42.651847], [18.047905, 42.651373], [18.046284, 42.650988]]], [[[18.053848, 42.651376], [18.053209, 42.651303], [18.052766, 42.651839], [18.053532, 42.651566], [18.053848, 42.651376]]], [[[18.052659, 42.651542], [18.052253, 42.651739], [18.052335, 42.651902], [18.05274, 42.651703], [18.052659, 42.651542]]], [[[18.050575, 42.652191], [18.051855, 42.652047], [18.051254, 42.651595], [18.050263, 42.652011], [18.048599, 42.651779], [18.049064, 42.652153], [18.050575, 42.652191]]], [[[18.054573, 42.660845], [18.055183, 42.661076], [18.055353, 42.660812], [18.054745, 42.660753], [18.054573, 42.660845]]], [[[18.055668, 42.667005], [18.056616, 42.667481], [18.05687, 42.667947], [18.05673, 42.668776], [18.055583, 42.669634], [18.055479, 42.670261], [18.056025, 42.670395], [18.056865, 42.669994], [18.05903, 42.66782], [18.058023, 42.666803], [18.056549, 42.666162], [18.055643, 42.666436], [18.055668, 42.667005]]], [[[18.012814, 42.68058], [18.013922, 42.679876], [18.013835, 42.679306], [18.015126, 42.678897], [18.013792, 42.677198], [18.014697, 42.676785], [18.015368, 42.674778], [18.017631, 42.672663], [18.016184, 42.671277], [18.016487, 42.671261], [18.016263, 42.670754], [18.017488, 42.670405], [18.017771, 42.670897], [18.018422, 42.670421], [18.01861, 42.669354], [18.018943, 42.669219], [18.021319, 42.670835], [18.021951, 42.6708], [18.022659, 42.670173], [18.023108, 42.669148], [18.021739, 42.668589], [18.023163, 42.66804], [18.023207, 42.66755], [18.023958, 42.667063], [18.02341, 42.66689], [18.02279, 42.665981], [18.021862, 42.665498], [18.020856, 42.664407], [18.02188, 42.664344], [18.021704, 42.663964], [18.020561, 42.664024], [18.020316, 42.663411], [18.019127, 42.662895], [18.019329, 42.661838], [18.020479, 42.661449], [18.020367, 42.661093], [18.018674, 42.661038], [18.018169, 42.661281], [18.017389, 42.661072], [18.015859, 42.661944], [18.015453, 42.662885], [18.015735, 42.663296], [18.016251, 42.663343], [18.016664, 42.66405], [18.016363, 42.665232], [18.015789, 42.665306], [18.016266, 42.665495], [18.016259, 42.666238], [18.01574, 42.666451], [18.016336, 42.66713], [18.014933, 42.666835], [18.016002, 42.66734], [18.014397, 42.668584], [18.014183, 42.669392], [18.011749, 42.669927], [18.008716, 42.669996], [18.006527, 42.670751], [18.005891, 42.670706], [18.005945, 42.671166], [18.005441, 42.670875], [18.004988, 42.670997], [18.005068, 42.671247], [18.003446, 42.671259], [18.002973, 42.671769], [18.0001, 42.672627], [17.997736, 42.672388], [17.997479, 42.67178], [17.996683, 42.672006], [17.996123, 42.671343], [17.995022, 42.6715], [17.99408, 42.672092], [17.99458, 42.672603], [17.993604, 42.672523], [17.990827, 42.673334], [17.986164, 42.67548], [17.986206, 42.676008], [17.986891, 42.676664], [17.990158, 42.677535], [17.995787, 42.677185], [17.998625, 42.677401], [17.9993, 42.678631], [17.998928, 42.679316], [17.9996, 42.679696], [18.00122, 42.679212], [18.001406, 42.678647], [18.003596, 42.677083], [18.005318, 42.677601], [18.006006, 42.678378], [18.005363, 42.67989], [18.004933, 42.679882], [18.005437, 42.679965], [18.005457, 42.681084], [18.001679, 42.683077], [18.004371, 42.683379], [18.005981, 42.683022], [18.007641, 42.681824], [18.01037, 42.681264], [18.011411, 42.680726], [18.012025, 42.680848], [18.012814, 42.68058]]], [[[18.046365, 42.68688], [18.046884, 42.686878], [18.046891, 42.686657], [18.046421, 42.686681], [18.046365, 42.68688]]], [[[18.049084, 42.687198], [18.049121, 42.687281], [18.0493, 42.687209], [18.04923, 42.687161], [18.049084, 42.687198]]], [[[18.124185, 42.627808], [18.125135, 42.626089], [18.122956, 42.625869], [18.122722, 42.625578], [18.123007, 42.625712], [18.123126, 42.625607], [18.122874, 42.625593], [18.123199, 42.624883], [18.123841, 42.624347], [18.124931, 42.624265], [18.126128, 42.623426], [18.126556, 42.622212], [18.125928, 42.621558], [18.125572, 42.621502], [18.125291, 42.622128], [18.125169, 42.621347], [18.124425, 42.62178], [18.124444, 42.621134], [18.121895, 42.620838], [18.120425, 42.621767], [18.12039, 42.622131], [18.119987, 42.621771], [18.11885, 42.622168], [18.118367, 42.622913], [18.119483, 42.623731], [18.11953, 42.624227], [18.118891, 42.626886], [18.115974, 42.627981], [18.114917, 42.628937], [18.11386, 42.629389], [18.114653, 42.629151], [18.113483, 42.630543], [18.113962, 42.631125], [18.113683, 42.631396], [18.113897, 42.631873], [18.113428, 42.632282], [18.11352, 42.633006], [18.114412, 42.633222], [18.114427, 42.633718], [18.116136, 42.634366], [18.116931, 42.634194], [18.117817, 42.633481], [18.11893, 42.633332], [18.119696, 42.632774], [18.119178, 42.631212], [18.120216, 42.629806], [18.123305, 42.62857], [18.124185, 42.627808]]], [[[18.11289, 42.640602], [18.113299, 42.641289], [18.113438, 42.641158], [18.113075, 42.640599], [18.11289, 42.640602]]], [[[18.132398, 42.671764], [18.133446, 42.672458], [18.13454, 42.672475], [18.133865, 42.671324], [18.132033, 42.670723], [18.131106, 42.670824], [18.130906, 42.671363], [18.131272, 42.671921], [18.132398, 42.671764]]]]}, "properties": {"id": 122, "razina": "jls", "name": "Dubrovnik", "jls_name": "Dubrovnik", "jls_maticni_broj": "00981", "zupanija": "Dubrovačko-neretvanska", "area_km2": 142.6377, "stanovnistvo": 41562, "naselja_count": 32, "partial": false, "palette_idx": 0, "source": "DGU rpj:naselje (unija naselja)"}}]}