{"type": "FeatureCollection", "features": [{"type": "Feature", "id": 1, "geometry": {"type": "Polygon", "coordinates": [[[16.156246, 45.891192], [16.156045, 45.891249], [16.156087, 45.891316], [16.155968, 45.891443], [16.15584, 45.891456], [16.155211, 45.891925], [16.154816, 45.892044], [16.154695, 45.892277], [16.154025, 45.892885], [16.15323, 45.893236], [16.152502, 45.893251], [16.1523, 45.893491], [16.151525, 45.893588], [16.150443, 45.894591], [16.149741, 45.894936], [16.149262, 45.89503], [16.148686, 45.895283], [16.148307, 45.896355], [16.147369, 45.897439], [16.146463, 45.898], [16.145799, 45.898655], [16.145384, 45.899237], [16.145337, 45.899707], [16.145654, 45.9002], [16.14582, 45.900951], [16.145683, 45.901489], [16.145345, 45.902026], [16.144845, 45.902298], [16.144538, 45.902704], [16.143699, 45.903491], [16.143725, 45.903958], [16.144185, 45.904784], [16.144072, 45.905911], [16.145222, 45.906928], [16.14694, 45.907215], [16.147393, 45.90717], [16.148186, 45.90691], [16.149298, 45.907], [16.150542, 45.906133], [16.151471, 45.905866], [16.152328, 45.905969], [16.152915, 45.906158], [16.153307, 45.906053], [16.154507, 45.906259], [16.155964, 45.906302], [16.157256, 45.906547], [16.157735, 45.907588], [16.158305, 45.90803], [16.158058, 45.909276], [16.157978, 45.91112], [16.158434, 45.912041], [16.158484, 45.912999], [16.158379, 45.913463], [16.158179, 45.913777], [16.157077, 45.914585], [16.156684, 45.915019], [16.155926, 45.915368], [16.155745, 45.915551], [16.155874, 45.916028], [16.155803, 45.916801], [16.155885, 45.917198], [16.155496, 45.917614], [16.154919, 45.918724], [16.154572, 45.919106], [16.154442, 45.919714], [16.154561, 45.920113], [16.154338, 45.920774], [16.15384, 45.921221], [16.153232, 45.922064], [16.152689, 45.922479], [16.15282, 45.923265], [16.152732, 45.923671], [16.152251, 45.923977], [16.151955, 45.924575], [16.152621, 45.924889], [16.152755, 45.92484], [16.153156, 45.925049], [16.153119, 45.925098], [16.154021, 45.925223], [16.154365, 45.924384], [16.154947, 45.924606], [16.155688, 45.924367], [16.155755, 45.923971], [16.155668, 45.923667], [16.156561, 45.923739], [16.15701, 45.923451], [16.157364, 45.923526], [16.15822, 45.924039], [16.15854, 45.924143], [16.158978, 45.924583], [16.159645, 45.924931], [16.161924, 45.925231], [16.162203, 45.925212], [16.162744, 45.925137], [16.163316, 45.924815], [16.163202, 45.924287], [16.162317, 45.923023], [16.16227, 45.922712], [16.16252, 45.921868], [16.16234, 45.920662], [16.16242, 45.920422], [16.163354, 45.91948], [16.163562, 45.919156], [16.163614, 45.918448], [16.164032, 45.917574], [16.164215, 45.916697], [16.164729, 45.916862], [16.165015, 45.916716], [16.165473, 45.916627], [16.165893, 45.916338], [16.165995, 45.916158], [16.166255, 45.916252], [16.167291, 45.915588], [16.1673, 45.915479], [16.167667, 45.915118], [16.169482, 45.914757], [16.169902, 45.914773], [16.170442, 45.914973], [16.17145, 45.914529], [16.171996, 45.914766], [16.172344, 45.914583], [16.172676, 45.91452], [16.173202, 45.9141], [16.173463, 45.913736], [16.174227, 45.91341], [16.175102, 45.912679], [16.174972, 45.911975], [16.175071, 45.911888], [16.175909, 45.911836], [16.176642, 45.91145], [16.177132, 45.910501], [16.177469, 45.91043], [16.17799, 45.910787], [16.178709, 45.911118], [16.178851, 45.911777], [16.179122, 45.911759], [16.180961, 45.910848], [16.181303, 45.910404], [16.181442, 45.910003], [16.182179, 45.909452], [16.182496, 45.909275], [16.18357, 45.909145], [16.184166, 45.908665], [16.18444, 45.908275], [16.184023, 45.907484], [16.184314, 45.907094], [16.184323, 45.906887], [16.183761, 45.906046], [16.18346, 45.905046], [16.183448, 45.903746], [16.183652, 45.903115], [16.183573, 45.902621], [16.183775, 45.901651], [16.183698, 45.90062], [16.183558, 45.900144], [16.183831, 45.89883], [16.183145, 45.897422], [16.182093, 45.896272], [16.180683, 45.895512], [16.180484, 45.895295], [16.179693, 45.894781], [16.178574, 45.893212], [16.178384, 45.892289], [16.177967, 45.892227], [16.177591, 45.89241], [16.176855, 45.892313], [16.176341, 45.892783], [16.17403, 45.892815], [16.173067, 45.892709], [16.173262, 45.892307], [16.171842, 45.89184], [16.170937, 45.89171], [16.172251, 45.889646], [16.172862, 45.888964], [16.172698, 45.888934], [16.172722, 45.888822], [16.171737, 45.888682], [16.170836, 45.888368], [16.169669, 45.888506], [16.169638, 45.888316], [16.168699, 45.88814], [16.16844, 45.887963], [16.168928, 45.887089], [16.167596, 45.887189], [16.1676, 45.886699], [16.165602, 45.886702], [16.166204, 45.885378], [16.158351, 45.885352], [16.158227, 45.885862], [16.157947, 45.886013], [16.158041, 45.8866], [16.157895, 45.886822], [16.158095, 45.887145], [16.157981, 45.887246], [16.158015, 45.887371], [16.158442, 45.888085], [16.158461, 45.88866], [16.158757, 45.888858], [16.158304, 45.889637], [16.157829, 45.889756], [16.15722, 45.89011], [16.156845, 45.890688], [16.156246, 45.891192]]]}, "properties": {"id": 1, "razina": "kvart", "name": "Adamovec", "color": "#d34545", "area_km2": 7.39, "mo_count": 1, "source": "derivirano: MO (data.zagreb.hr) + OSM imena", "jls_name": "Grad Zagreb", "jls_maticni_broj": "01333", "zupanija": "Grad Zagreb", "palette_idx": 0}}, {"type": "Feature", "id": 2, "geometry": {"type": "Polygon", "coordinates": [[[15.969694, 45.811614], [15.969662, 45.811318], [15.969831, 45.811304], [15.969845, 45.811207], [15.969798, 45.811106], [15.969629, 45.811122], [15.969561, 45.81073], [15.969713, 45.810603], [15.969635, 45.810351], [15.969026, 45.810381], [15.968771, 45.810179], [15.968503, 45.810114], [15.968387, 45.809919], [15.967552, 45.809965], [15.967547, 45.809607], [15.967341, 45.809626], [15.967242, 45.809261], [15.966867, 45.80927], [15.966857, 45.809179], [15.966663, 45.809185], [15.966428, 45.809323], [15.966467, 45.809694], [15.96566, 45.809681], [15.965631, 45.809781], [15.965203, 45.809802], [15.965211, 45.809873], [15.964892, 45.809889], [15.964901, 45.809974], [15.964476, 45.809984], [15.964481, 45.810032], [15.964407, 45.810036], [15.964346, 45.809368], [15.964189, 45.80938], [15.964042, 45.809273], [15.963804, 45.809283], [15.963572, 45.809536], [15.963405, 45.809543], [15.963409, 45.809732], [15.963548, 45.809725], [15.963581, 45.810255], [15.963696, 45.810247], [15.963763, 45.810377], [15.963931, 45.810439], [15.963956, 45.810751], [15.963562, 45.810876], [15.963641, 45.81203], [15.963921, 45.812039], [15.963862, 45.812368], [15.966783, 45.813089], [15.966831, 45.812984], [15.968388, 45.813179], [15.969833, 45.813233], [15.969792, 45.813103], [15.970199, 45.813082], [15.970165, 45.812075], [15.970276, 45.811675], [15.969694, 45.811614]]]}, "properties": {"id": 2, "razina": "kvart", "name": "Andrija Medulić", "color": "#45d36f", "area_km2": 0.17, "mo_count": 1, "source": "derivirano: MO (data.zagreb.hr) + OSM imena", "jls_name": "Grad Zagreb", "jls_maticni_broj": "01333", "zupanija": "Grad Zagreb", "palette_idx": 3}}, {"type": "Feature", "id": 3, "geometry": {"type": "Polygon", "coordinates": [[[15.978926, 45.804005], [15.977372, 45.804098], [15.97734, 45.804744], [15.97766, 45.804713], [15.977651, 45.804917], [15.977973, 45.804901], [15.977905, 45.805794], [15.977758, 45.805941], [15.977534, 45.805977], [15.977439, 45.80611], [15.977391, 45.806671], [15.977285, 45.806669], [15.977315, 45.807074], [15.977658, 45.807132], [15.977629, 45.807346], [15.977727, 45.807462], [15.977526, 45.807659], [15.977512, 45.807869], [15.97732, 45.807864], [15.97728, 45.808039], [15.977474, 45.808055], [15.977455, 45.808153], [15.977636, 45.808183], [15.977676, 45.80828], [15.977535, 45.808608], [15.977287, 45.80859], [15.977249, 45.808738], [15.977493, 45.808756], [15.977388, 45.809051], [15.977631, 45.809238], [15.979337, 45.809389], [15.979329, 45.809252], [15.979595, 45.809193], [15.97999, 45.809394], [15.98018, 45.809409], [15.980187, 45.809314], [15.981524, 45.80928], [15.981503, 45.809403], [15.981698, 45.80941], [15.981667, 45.809595], [15.982198, 45.80964], [15.982239, 45.809455], [15.982463, 45.809471], [15.982495, 45.809324], [15.983079, 45.809399], [15.983199, 45.808701], [15.982939, 45.808689], [15.983001, 45.80798], [15.983467, 45.807998], [15.983732, 45.807773], [15.98368, 45.807488], [15.983466, 45.807448], [15.983468, 45.80739], [15.983207, 45.807384], [15.983274, 45.806759], [15.98372, 45.806775], [15.983732, 45.806555], [15.983823, 45.806584], [15.983744, 45.806335], [15.98357, 45.806328], [15.983534, 45.806146], [15.983356, 45.806139], [15.983363, 45.805817], [15.98388, 45.805841], [15.983901, 45.805395], [15.983495, 45.805373], [15.983467, 45.805284], [15.983582, 45.80411], [15.98259, 45.804056], [15.982615, 45.803857], [15.984054, 45.803938], [15.98407, 45.803836], [15.984191, 45.803844], [15.984219, 45.803661], [15.982389, 45.803572], [15.981001, 45.803703], [15.980875, 45.80352], [15.980247, 45.803795], [15.978926, 45.804005]]]}, "properties": {"id": 3, "razina": "kvart", "name": "August Šenoa", "color": "#9845d3", "area_km2": 0.28, "mo_count": 1, "source": "derivirano: MO (data.zagreb.hr) + OSM imena", "jls_name": "Grad Zagreb", "jls_maticni_broj": "01333", "zupanija": "Grad Zagreb", "palette_idx": 1}}, {"type": "Feature", "id": 4, "geometry": {"type": "Polygon", "coordinates": [[[16.181067, 45.865444], [16.181391, 45.865718], [16.181456, 45.865906], [16.181283, 45.866], [16.180945, 45.865892], [16.180773, 45.866015], [16.180985, 45.866563], [16.180769, 45.867007], [16.18046, 45.866893], [16.180645, 45.866502], [16.180364, 45.866314], [16.180311, 45.866622], [16.180082, 45.866568], [16.179665, 45.866732], [16.179383, 45.867083], [16.179621, 45.867203], [16.180291, 45.868054], [16.181356, 45.870437], [16.180715, 45.871875], [16.180483, 45.872045], [16.179792, 45.872202], [16.178901, 45.872267], [16.17692, 45.872878], [16.175798, 45.873336], [16.175275, 45.873867], [16.173557, 45.87254], [16.171991, 45.873872], [16.168659, 45.878646], [16.168683, 45.878819], [16.168457, 45.878876], [16.16821, 45.879165], [16.16721, 45.879049], [16.167055, 45.879141], [16.167148, 45.879481], [16.167062, 45.880176], [16.166722, 45.88074], [16.165585, 45.881083], [16.164661, 45.880715], [16.160823, 45.87992], [16.159223, 45.879693], [16.157576, 45.879242], [16.157662, 45.879755], [16.157582, 45.880211], [16.158384, 45.88053], [16.158997, 45.881679], [16.158708, 45.881875], [16.159054, 45.882238], [16.158753, 45.882195], [16.158557, 45.882999], [16.15846, 45.884184], [16.158685, 45.884342], [16.158481, 45.884765], [16.158513, 45.88525], [16.158351, 45.885352], [16.166204, 45.885378], [16.165602, 45.886702], [16.1676, 45.886699], [16.167596, 45.887189], [16.168928, 45.887089], [16.16844, 45.887963], [16.168699, 45.88814], [16.169638, 45.888316], [16.169669, 45.888506], [16.170836, 45.888368], [16.171737, 45.888682], [16.172722, 45.888822], [16.172698, 45.888934], [16.172862, 45.888964], [16.172251, 45.889646], [16.170937, 45.89171], [16.171842, 45.89184], [16.173262, 45.892307], [16.173067, 45.892709], [16.17403, 45.892815], [16.176341, 45.892783], [16.176855, 45.892313], [16.177591, 45.89241], [16.177967, 45.892227], [16.178978, 45.892415], [16.179629, 45.892405], [16.186935, 45.891411], [16.18111, 45.88841], [16.182915, 45.886244], [16.183135, 45.886171], [16.184282, 45.885358], [16.183557, 45.884841], [16.1836, 45.884401], [16.183375, 45.88396], [16.183515, 45.883565], [16.183376, 45.883464], [16.184731, 45.882786], [16.184969, 45.88287], [16.18656, 45.881737], [16.186609, 45.881551], [16.185166, 45.881433], [16.185482, 45.879757], [16.18595, 45.878469], [16.185547, 45.878194], [16.185815, 45.876205], [16.185212, 45.876161], [16.186804, 45.87366], [16.187104, 45.873535], [16.187098, 45.871564], [16.190506, 45.870592], [16.189743, 45.869358], [16.188711, 45.869599], [16.188295, 45.868837], [16.188341, 45.868776], [16.187529, 45.867894], [16.181057, 45.865334], [16.181067, 45.865444]]]}, "properties": {"id": 4, "razina": "kvart", "name": "Belovar", "color": "#d3c245", "area_km2": 3.4, "mo_count": 1, "source": "derivirano: MO (data.zagreb.hr) + OSM imena", "jls_name": "Grad Zagreb", "jls_maticni_broj": "01333", "zupanija": "Grad Zagreb", "palette_idx": 2}}, {"type": "Feature", "id": 5, "geometry": {"type": "Polygon", "coordinates": [[[16.134862, 45.904291], [16.135118, 45.907051], [16.135465, 45.907317], [16.136053, 45.908545], [16.135886, 45.908939], [16.135498, 45.909282], [16.13558, 45.909321], [16.13521, 45.909817], [16.134915, 45.911462], [16.134378, 45.911549], [16.133653, 45.911526], [16.133215, 45.911632], [16.132953, 45.91275], [16.133032, 45.913788], [16.132915, 45.914014], [16.132972, 45.914394], [16.132882, 45.914697], [16.13206, 45.91507], [16.131461, 45.915204], [16.130324, 45.915228], [16.130321, 45.915301], [16.129699, 45.914829], [16.128912, 45.914643], [16.128603, 45.915501], [16.12809, 45.91596], [16.127544, 45.9162], [16.127344, 45.916377], [16.127309, 45.916641], [16.127801, 45.91726], [16.127927, 45.917872], [16.127894, 45.918438], [16.127689, 45.918932], [16.126812, 45.919435], [16.126523, 45.919751], [16.126702, 45.921613], [16.125621, 45.922351], [16.125463, 45.922628], [16.12541, 45.924888], [16.125506, 45.925223], [16.126048, 45.925947], [16.126074, 45.92624], [16.125544, 45.927121], [16.12515, 45.9281], [16.125144, 45.928564], [16.125254, 45.928839], [16.125183, 45.929421], [16.125067, 45.929629], [16.124142, 45.930317], [16.124055, 45.93055], [16.124441, 45.931119], [16.124434, 45.931411], [16.124314, 45.931512], [16.123887, 45.931603], [16.122797, 45.93169], [16.122516, 45.931794], [16.122325, 45.932164], [16.122323, 45.932542], [16.12218, 45.932753], [16.120374, 45.933642], [16.119937, 45.934222], [16.119885, 45.934437], [16.119981, 45.934687], [16.12066, 45.93553], [16.120788, 45.935812], [16.120813, 45.936169], [16.120601, 45.93708], [16.120723, 45.937516], [16.120414, 45.937959], [16.119475, 45.93818], [16.11871, 45.938677], [16.117713, 45.939129], [16.117161, 45.939676], [16.116014, 45.940297], [16.115637, 45.940932], [16.115305, 45.941062], [16.114162, 45.941135], [16.113912, 45.941337], [16.11364, 45.942267], [16.113121, 45.942834], [16.112982, 45.943553], [16.112663, 45.944062], [16.112694, 45.944595], [16.112461, 45.944966], [16.112158, 45.945866], [16.111968, 45.946081], [16.111859, 45.946574], [16.111059, 45.947057], [16.110842, 45.947504], [16.110759, 45.948329], [16.110417, 45.949317], [16.109055, 45.950735], [16.108774, 45.951325], [16.107898, 45.952494], [16.108006, 45.953323], [16.108277, 45.953893], [16.108329, 45.954577], [16.10806, 45.95497], [16.107912, 45.955754], [16.107809, 45.955865], [16.107854, 45.956243], [16.108287, 45.957077], [16.108542, 45.957266], [16.108946, 45.957367], [16.109761, 45.95732], [16.110131, 45.957396], [16.110736, 45.957565], [16.111281, 45.957853], [16.111979, 45.958783], [16.112029, 45.959708], [16.111726, 45.960552], [16.112421, 45.961419], [16.113275, 45.961705], [16.113595, 45.961955], [16.113551, 45.962797], [16.11334, 45.963261], [16.113949, 45.964763], [16.113873, 45.965897], [16.113963, 45.96657], [16.113893, 45.966807], [16.113983, 45.967661], [16.113938, 45.968438], [16.116841, 45.96855], [16.116889, 45.968166], [16.116543, 45.967469], [16.11663, 45.966297], [16.116907, 45.96589], [16.116952, 45.964826], [16.116767, 45.963716], [16.11713, 45.962551], [16.117664, 45.961395], [16.117562, 45.960996], [16.117643, 45.96072], [16.117976, 45.960464], [16.118812, 45.96019], [16.119264, 45.959925], [16.119564, 45.959595], [16.119807, 45.959133], [16.120287, 45.958747], [16.120551, 45.958235], [16.122229, 45.957507], [16.122633, 45.957224], [16.122924, 45.956787], [16.123316, 45.956678], [16.124066, 45.956098], [16.124392, 45.954984], [16.124354, 45.954362], [16.124085, 45.953912], [16.124061, 45.953515], [16.124407, 45.952349], [16.124333, 45.951657], [16.124965, 45.951103], [16.126265, 45.950202], [16.126844, 45.949903], [16.12744, 45.949806], [16.127831, 45.949389], [16.127815, 45.948966], [16.127404, 45.948112], [16.127498, 45.947728], [16.128046, 45.946936], [16.128823, 45.946698], [16.128992, 45.946557], [16.129012, 45.946188], [16.128861, 45.945817], [16.129074, 45.944748], [16.129003, 45.943842], [16.129588, 45.943605], [16.12985, 45.9428], [16.129676, 45.942059], [16.129718, 45.941785], [16.130563, 45.940793], [16.131781, 45.940182], [16.132418, 45.939655], [16.132588, 45.938792], [16.13325, 45.938128], [16.1335, 45.937724], [16.134036, 45.937327], [16.134129, 45.936785], [16.134336, 45.93634], [16.134023, 45.935719], [16.1362, 45.934528], [16.136323, 45.93431], [16.136183, 45.932991], [16.136001, 45.932606], [16.136308, 45.93166], [16.13595, 45.930555], [16.135539, 45.929832], [16.13551, 45.928822], [16.135403, 45.928427], [16.135748, 45.928003], [16.137115, 45.92724], [16.136836, 45.926802], [16.136472, 45.926517], [16.136265, 45.925695], [16.135707, 45.925164], [16.135557, 45.924753], [16.13569, 45.924358], [16.136035, 45.923902], [16.136177, 45.92335], [16.136201, 45.922347], [16.136406, 45.921967], [16.136715, 45.921677], [16.136261, 45.920696], [16.135696, 45.920132], [16.135311, 45.919523], [16.135331, 45.918335], [16.135979, 45.917528], [16.136288, 45.917354], [16.136827, 45.91722], [16.136871, 45.917104], [16.136643, 45.916939], [16.137071, 45.916214], [16.138575, 45.914679], [16.138921, 45.913957], [16.138883, 45.9131], [16.139916, 45.912713], [16.141001, 45.912063], [16.141308, 45.911803], [16.141268, 45.91175], [16.14155, 45.911606], [16.141721, 45.910975], [16.141638, 45.910506], [16.142226, 45.909763], [16.142282, 45.908562], [16.142177, 45.908398], [16.141758, 45.908413], [16.140938, 45.908092], [16.1404, 45.907571], [16.140276, 45.907275], [16.138167, 45.905983], [16.137024, 45.905513], [16.136811, 45.905583], [16.135771, 45.905499], [16.135519, 45.905163], [16.135668, 45.905102], [16.135542, 45.90499], [16.135604, 45.90487], [16.135528, 45.904827], [16.135411, 45.904888], [16.135302, 45.90482], [16.135171, 45.904352], [16.134938, 45.904394], [16.134862, 45.904291]]]}, "properties": {"id": 5, "razina": "kvart", "name": "Blaguša", "color": "#45bcd3", "area_km2": 5.86, "mo_count": 1, "source": "derivirano: MO (data.zagreb.hr) + OSM imena", "jls_name": "Grad Zagreb", "jls_maticni_broj": "01333", "zupanija": "Grad Zagreb", "palette_idx": 0}}, {"type": "Feature", "id": 6, "geometry": {"type": "Polygon", "coordinates": [[[15.915925, 45.749157], [15.912648, 45.750172], [15.909632, 45.751418], [15.905507, 45.753588], [15.902332, 45.755657], [15.901246, 45.756211], [15.899984, 45.756647], [15.899891, 45.756809], [15.900733, 45.757745], [15.900716, 45.758043], [15.900521, 45.758387], [15.900958, 45.759136], [15.905715, 45.760764], [15.902328, 45.762951], [15.897521, 45.765533], [15.897992, 45.768333], [15.898451, 45.768933], [15.89865, 45.769487], [15.898242, 45.770405], [15.898414, 45.770484], [15.898859, 45.770419], [15.899255, 45.770503], [15.900566, 45.771201], [15.900927, 45.771533], [15.901207, 45.772548], [15.901552, 45.7729], [15.901745, 45.773389], [15.902133, 45.773777], [15.903023, 45.774301], [15.902431, 45.775189], [15.901487, 45.776222], [15.901421, 45.77651], [15.901686, 45.776858], [15.902268, 45.776796], [15.902372, 45.776618], [15.903795, 45.777287], [15.906155, 45.777941], [15.907757, 45.777415], [15.90969, 45.776921], [15.914967, 45.775925], [15.915907, 45.775689], [15.916533, 45.775437], [15.917877, 45.775264], [15.919608, 45.774688], [15.926417, 45.772675], [15.928163, 45.772401], [15.930454, 45.772309], [15.933667, 45.772766], [15.934535, 45.769933], [15.93379, 45.769631], [15.93439, 45.768934], [15.934366, 45.768797], [15.934174, 45.768672], [15.934312, 45.768457], [15.934119, 45.76841], [15.934568, 45.767898], [15.934619, 45.76772], [15.934297, 45.766782], [15.934527, 45.766678], [15.93436, 45.766617], [15.933528, 45.765758], [15.933529, 45.765647], [15.933994, 45.765286], [15.932953, 45.765077], [15.932951, 45.76457], [15.934044, 45.764654], [15.934137, 45.764484], [15.934429, 45.764486], [15.93576, 45.762134], [15.935315, 45.761965], [15.935128, 45.761347], [15.934732, 45.760593], [15.935674, 45.760312], [15.933534, 45.759077], [15.932629, 45.757415], [15.932378, 45.756575], [15.931783, 45.755943], [15.931417, 45.755677], [15.929894, 45.755086], [15.92941, 45.754792], [15.928446, 45.754158], [15.92696, 45.752965], [15.925431, 45.75158], [15.924615, 45.750494], [15.9231, 45.749073], [15.922119, 45.747962], [15.919582, 45.74601], [15.917281, 45.748859], [15.915925, 45.749157]]]}, "properties": {"id": 6, "razina": "kvart", "name": "Blato", "color": "#d34592", "area_km2": 6.7, "mo_count": 1, "source": "derivirano: MO (data.zagreb.hr) + OSM imena", "jls_name": "Grad Zagreb", "jls_maticni_broj": "01333", "zupanija": "Grad Zagreb", "palette_idx": 1}}, {"type": "Feature", "id": 7, "geometry": {"type": "Polygon", "coordinates": [[[16.045876, 45.806682], [16.04623, 45.806442], [16.047213, 45.806157], [16.048895, 45.805909], [16.048418, 45.805103], [16.048201, 45.803966], [16.047521, 45.803388], [16.0475, 45.802977], [16.046704, 45.80047], [16.046612, 45.799851], [16.03921, 45.798518], [16.036672, 45.798165], [16.027171, 45.802976], [16.030123, 45.805443], [16.030109, 45.807209], [16.029788, 45.807325], [16.034253, 45.815986], [16.045769, 45.817978], [16.045941, 45.817864], [16.046235, 45.816949], [16.04654, 45.816905], [16.047041, 45.816965], [16.047627, 45.816789], [16.047932, 45.81649], [16.047866, 45.81609], [16.048404, 45.815668], [16.048362, 45.815147], [16.048232, 45.815064], [16.048182, 45.814807], [16.048486, 45.814489], [16.04872, 45.813193], [16.048723, 45.812449], [16.049021, 45.812238], [16.04614, 45.812], [16.04601, 45.811782], [16.046058, 45.811371], [16.044883, 45.811143], [16.044816, 45.809277], [16.0446, 45.809099], [16.044726, 45.809095], [16.044566, 45.808694], [16.045078, 45.808589], [16.044939, 45.808246], [16.045235, 45.808188], [16.045066, 45.807776], [16.045295, 45.807662], [16.046031, 45.80675], [16.045876, 45.806682]]]}, "properties": {"id": 7, "razina": "kvart", "name": "Borongaj", "color": "#69d345", "area_km2": 2.45, "mo_count": 1, "source": "derivirano: MO (data.zagreb.hr) + OSM imena", "jls_name": "Grad Zagreb", "jls_maticni_broj": "01333", "zupanija": "Grad Zagreb", "palette_idx": 1}}, {"type": "Feature", "id": 8, "geometry": {"type": "Polygon", "coordinates": [[[16.005368, 45.783034], [16.002741, 45.784365], [16.003586, 45.785831], [16.00381, 45.785745], [16.003916, 45.785934], [16.003701, 45.786025], [16.004188, 45.786917], [16.004256, 45.786904], [16.004404, 45.787312], [16.004572, 45.788332], [16.004489, 45.789106], [16.004285, 45.789791], [16.004639, 45.789366], [16.005464, 45.789355], [16.006184, 45.789485], [16.006733, 45.789925], [16.008835, 45.789799], [16.00899, 45.78984], [16.009405, 45.791045], [16.00947, 45.791965], [16.009829, 45.792837], [16.010061, 45.793095], [16.010456, 45.793376], [16.011702, 45.793886], [16.013985, 45.794199], [16.014435, 45.794159], [16.014155, 45.796319], [16.016999, 45.796467], [16.01678, 45.796836], [16.016947, 45.796765], [16.018011, 45.796822], [16.01808, 45.796949], [16.026438, 45.792691], [16.0267, 45.792657], [16.028748, 45.791596], [16.029451, 45.791323], [16.030366, 45.790754], [16.032657, 45.789613], [16.031566, 45.7883], [16.029333, 45.779759], [16.029221, 45.779807], [16.029236, 45.779444], [16.028954, 45.778111], [16.028929, 45.777345], [16.029044, 45.776504], [16.029753, 45.77518], [16.031929, 45.772663], [16.032779, 45.771966], [16.033123, 45.771412], [16.033347, 45.76999], [16.033178, 45.768197], [16.033248, 45.767598], [16.032962, 45.767454], [16.032894, 45.767203], [16.032786, 45.765316], [16.025565, 45.769618], [16.023189, 45.771193], [16.019327, 45.773995], [16.011419, 45.779359], [16.010192, 45.780018], [16.009359, 45.780634], [16.00893, 45.780797], [16.007106, 45.782043], [16.005368, 45.783034]]]}, "properties": {"id": 8, "razina": "kvart", "name": "Borovje", "color": "#4b45d3", "area_km2": 4.26, "mo_count": 1, "source": "derivirano: MO (data.zagreb.hr) + OSM imena", "jls_name": "Grad Zagreb", "jls_maticni_broj": "01333", "zupanija": "Grad Zagreb", "palette_idx": 0}}, {"type": "Feature", "id": 9, "geometry": {"type": "Polygon", "coordinates": [[[15.938432, 45.744123], [15.939904, 45.743653], [15.942638, 45.743469], [15.94251, 45.743002], [15.942551, 45.742516], [15.942851, 45.742135], [15.943282, 45.740981], [15.94308, 45.740806], [15.944564, 45.739588], [15.944261, 45.739422], [15.944547, 45.738516], [15.945303, 45.737616], [15.945142, 45.73753], [15.94572, 45.737101], [15.946805, 45.736477], [15.947398, 45.736862], [15.947984, 45.735998], [15.948736, 45.735272], [15.948969, 45.734673], [15.94913, 45.733736], [15.948555, 45.733121], [15.949092, 45.732278], [15.948507, 45.731197], [15.947135, 45.72772], [15.945995, 45.725899], [15.945285, 45.725141], [15.943044, 45.723291], [15.93969, 45.725349], [15.937049, 45.727188], [15.934347, 45.729311], [15.931928, 45.731455], [15.929745, 45.733652], [15.928331, 45.735238], [15.919582, 45.74601], [15.922119, 45.747962], [15.9231, 45.749073], [15.924615, 45.750494], [15.925431, 45.75158], [15.92696, 45.752965], [15.928446, 45.754158], [15.92941, 45.754792], [15.929894, 45.755086], [15.931417, 45.755677], [15.931783, 45.755943], [15.932378, 45.756575], [15.932629, 45.757415], [15.933534, 45.759077], [15.935764, 45.76042], [15.936943, 45.758428], [15.937202, 45.758157], [15.939862, 45.759002], [15.940172, 45.758792], [15.939911, 45.758499], [15.937858, 45.757859], [15.937952, 45.757819], [15.937909, 45.757768], [15.938117, 45.757698], [15.938267, 45.75791], [15.940252, 45.757219], [15.940747, 45.757593], [15.941522, 45.757738], [15.944484, 45.75767], [15.944529, 45.757988], [15.944787, 45.757984], [15.944847, 45.757655], [15.945299, 45.757617], [15.946081, 45.75776], [15.950497, 45.753945], [15.951214, 45.753707], [15.951267, 45.753827], [15.9543, 45.752889], [15.953988, 45.751917], [15.954191, 45.750648], [15.941885, 45.749183], [15.941092, 45.74809], [15.939919, 45.74688], [15.939465, 45.746268], [15.93911, 45.745693], [15.938721, 45.744574], [15.938432, 45.744123]]]}, "properties": {"id": 9, "razina": "kvart", "name": "Botinec", "color": "#d37545", "area_km2": 5.33, "mo_count": 1, "source": "derivirano: MO (data.zagreb.hr) + OSM imena", "jls_name": "Grad Zagreb", "jls_maticni_broj": "01333", "zupanija": "Grad Zagreb", "palette_idx": 3}}, {"type": "Feature", "id": 10, "geometry": {"type": "Polygon", "coordinates": [[[16.095834, 45.869852], [16.094948, 45.869677], [16.092569, 45.869375], [16.092261, 45.869185], [16.09151, 45.869301], [16.090413, 45.86933], [16.088789, 45.868942], [16.087356, 45.869142], [16.085636, 45.86866], [16.084587, 45.868685], [16.08382, 45.868417], [16.083114, 45.867907], [16.08261, 45.867236], [16.082152, 45.86633], [16.081804, 45.865933], [16.081602, 45.86614], [16.081229, 45.866048], [16.080851, 45.866797], [16.080275, 45.866836], [16.080067, 45.866488], [16.079817, 45.866294], [16.079643, 45.866275], [16.079826, 45.865998], [16.078636, 45.866214], [16.078618, 45.866022], [16.078363, 45.865861], [16.078451, 45.86572], [16.078379, 45.865529], [16.077967, 45.865257], [16.077763, 45.864724], [16.078499, 45.864574], [16.078582, 45.864678], [16.078777, 45.864636], [16.078975, 45.864516], [16.078919, 45.864443], [16.079609, 45.864206], [16.079382, 45.863983], [16.07915, 45.864075], [16.077886, 45.863778], [16.077589, 45.863625], [16.077542, 45.863517], [16.077373, 45.863549], [16.07751, 45.863167], [16.077825, 45.863134], [16.077863, 45.863073], [16.077608, 45.862664], [16.076907, 45.862128], [16.077545, 45.861347], [16.077931, 45.86142], [16.077944, 45.860958], [16.078539, 45.861015], [16.078131, 45.86061], [16.077934, 45.860118], [16.078061, 45.860089], [16.078133, 45.860185], [16.078398, 45.860071], [16.078529, 45.860182], [16.078896, 45.860025], [16.077452, 45.858946], [16.077048, 45.858915], [16.077115, 45.858684], [16.0762, 45.858611], [16.075748, 45.858466], [16.076252, 45.857757], [16.076142, 45.857187], [16.076438, 45.857173], [16.076257, 45.856517], [16.077024, 45.856725], [16.077668, 45.856798], [16.076694, 45.856313], [16.076639, 45.856119], [16.076373, 45.855861], [16.075781, 45.855627], [16.076465, 45.854814], [16.076462, 45.854702], [16.076321, 45.854555], [16.075624, 45.854391], [16.075627, 45.854263], [16.07522, 45.854297], [16.07506, 45.853522], [16.075462, 45.853473], [16.074846, 45.851665], [16.074875, 45.851333], [16.074574, 45.850496], [16.073568, 45.849964], [16.072967, 45.849471], [16.072926, 45.849013], [16.073028, 45.848888], [16.07279, 45.848741], [16.07116, 45.849204], [16.071016, 45.849481], [16.071237, 45.849536], [16.071513, 45.849863], [16.070607, 45.850135], [16.070243, 45.85034], [16.070412, 45.850779], [16.070246, 45.850956], [16.069793, 45.850706], [16.069669, 45.850887], [16.069336, 45.851095], [16.069079, 45.851392], [16.069109, 45.851866], [16.069304, 45.852211], [16.069031, 45.85244], [16.067806, 45.852742], [16.067657, 45.853378], [16.067269, 45.854287], [16.067393, 45.854576], [16.067308, 45.854763], [16.067073, 45.854774], [16.066944, 45.855647], [16.066267, 45.855743], [16.066385, 45.855857], [16.0662, 45.856284], [16.066719, 45.857353], [16.067387, 45.857646], [16.067629, 45.858662], [16.067633, 45.859141], [16.068319, 45.859696], [16.068809, 45.860651], [16.068939, 45.861437], [16.070076, 45.861327], [16.070221, 45.861635], [16.070286, 45.86161], [16.0713, 45.862116], [16.071622, 45.862464], [16.071618, 45.863133], [16.071192, 45.863671], [16.070674, 45.863687], [16.070682, 45.86386], [16.070417, 45.864329], [16.07028, 45.865052], [16.070036, 45.865327], [16.07056, 45.865643], [16.07134, 45.865655], [16.071355, 45.865964], [16.071563, 45.866391], [16.073109, 45.865731], [16.073529, 45.866], [16.073974, 45.866162], [16.074155, 45.866437], [16.074566, 45.866586], [16.074662, 45.866796], [16.074896, 45.866878], [16.07528, 45.866708], [16.075536, 45.867143], [16.075558, 45.867351], [16.075125, 45.867644], [16.075418, 45.867792], [16.075213, 45.86818], [16.074878, 45.868287], [16.075012, 45.868931], [16.073678, 45.869259], [16.07344, 45.869377], [16.073175, 45.869575], [16.072633, 45.87043], [16.071344, 45.870931], [16.071761, 45.871319], [16.071799, 45.871474], [16.07128, 45.871596], [16.070224, 45.871524], [16.068245, 45.871896], [16.067945, 45.872223], [16.06809, 45.872702], [16.067898, 45.873037], [16.067244, 45.873469], [16.067024, 45.874405], [16.0672, 45.874797], [16.067213, 45.875178], [16.067865, 45.875752], [16.068385, 45.876508], [16.069374, 45.877099], [16.070126, 45.877777], [16.070709, 45.878032], [16.071336, 45.8781], [16.071923, 45.878023], [16.072621, 45.877779], [16.072771, 45.877631], [16.073273, 45.877859], [16.074017, 45.87806], [16.074331, 45.878279], [16.074491, 45.878707], [16.074428, 45.878966], [16.073896, 45.879773], [16.073903, 45.879893], [16.073587, 45.879918], [16.072441, 45.88036], [16.072651, 45.880554], [16.073212, 45.880709], [16.072835, 45.880959], [16.072678, 45.881186], [16.073534, 45.881442], [16.073843, 45.882304], [16.074143, 45.88266], [16.073993, 45.883008], [16.075494, 45.883762], [16.080246, 45.883734], [16.082924, 45.883539], [16.082909, 45.883075], [16.082984, 45.882938], [16.083269, 45.882765], [16.083468, 45.882402], [16.083265, 45.882124], [16.083255, 45.881951], [16.083523, 45.881679], [16.084216, 45.881262], [16.084665, 45.88069], [16.085113, 45.880497], [16.085345, 45.880297], [16.085316, 45.879656], [16.087239, 45.877844], [16.088213, 45.877227], [16.089463, 45.87692], [16.090138, 45.87684], [16.091542, 45.876286], [16.092465, 45.875434], [16.092975, 45.874773], [16.093183, 45.87422], [16.093389, 45.874074], [16.093589, 45.874019], [16.093838, 45.874054], [16.09422, 45.873905], [16.094875, 45.873028], [16.095134, 45.872401], [16.095251, 45.872485], [16.095666, 45.872317], [16.095761, 45.871665], [16.095719, 45.871072], [16.09604, 45.870081], [16.095834, 45.869852]]]}, "properties": {"id": 10, "razina": "kvart", "name": "Branovec", "color": "#45d39e", "area_km2": 3.68, "mo_count": 1, "source": "derivirano: MO (data.zagreb.hr) + OSM imena", "jls_name": "Grad Zagreb", "jls_maticni_broj": "01333", "zupanija": "Grad Zagreb", "palette_idx": 3}}, {"type": "Feature", "id": 11, "geometry": {"type": "Polygon", "coordinates": [[[15.889636, 45.695826], [15.887369, 45.696999], [15.887004, 45.696967], [15.887826, 45.698274], [15.889106, 45.69884], [15.889004, 45.699942], [15.889268, 45.700091], [15.888045, 45.701032], [15.886762, 45.701635], [15.885631, 45.702014], [15.885552, 45.701884], [15.885333, 45.701901], [15.881125, 45.702625], [15.880378, 45.702693], [15.878742, 45.703227], [15.878814, 45.703396], [15.877043, 45.703997], [15.876628, 45.704094], [15.875776, 45.704106], [15.875069, 45.704213], [15.874976, 45.704374], [15.875082, 45.704653], [15.875633, 45.7048], [15.875766, 45.705006], [15.876269, 45.705219], [15.876414, 45.705489], [15.875789, 45.705599], [15.875574, 45.7055], [15.875121, 45.705691], [15.874812, 45.705637], [15.874711, 45.705696], [15.874669, 45.705775], [15.875235, 45.706369], [15.875329, 45.706313], [15.875344, 45.706448], [15.875181, 45.70659], [15.87508, 45.706614], [15.87482, 45.706479], [15.874249, 45.706707], [15.87363, 45.706582], [15.873454, 45.706735], [15.875069, 45.707839], [15.87671, 45.709092], [15.878079, 45.711081], [15.878487, 45.711521], [15.880664, 45.713108], [15.882004, 45.713853], [15.883536, 45.714175], [15.884122, 45.714835], [15.885434, 45.715497], [15.885441, 45.715634], [15.888656, 45.716919], [15.890792, 45.717625], [15.89124, 45.71788], [15.89126, 45.718493], [15.891484, 45.71926], [15.891278, 45.719327], [15.891968, 45.719913], [15.892184, 45.720821], [15.891993, 45.721492], [15.891987, 45.722016], [15.893012, 45.724232], [15.893278, 45.725378], [15.893443, 45.725692], [15.893766, 45.729395], [15.893993, 45.730412], [15.894127, 45.731653], [15.894464, 45.732836], [15.894746, 45.733519], [15.895025, 45.733757], [15.896118, 45.735879], [15.896037, 45.735897], [15.896189, 45.736159], [15.896266, 45.736802], [15.8962, 45.737542], [15.897823, 45.737319], [15.897559, 45.737888], [15.897667, 45.737934], [15.897806, 45.73842], [15.898175, 45.738561], [15.897886, 45.73896], [15.898002, 45.739025], [15.897938, 45.739121], [15.896571, 45.740639], [15.896252, 45.741155], [15.895733, 45.741067], [15.89483, 45.741111], [15.894608, 45.741849], [15.894599, 45.742299], [15.894799, 45.742977], [15.896385, 45.7435], [15.896458, 45.743618], [15.89635, 45.743757], [15.897106, 45.744037], [15.897668, 45.743583], [15.897829, 45.743678], [15.898076, 45.744047], [15.899285, 45.743326], [15.899401, 45.74335], [15.90041, 45.744633], [15.90025, 45.744695], [15.900354, 45.744825], [15.900701, 45.744716], [15.901237, 45.745565], [15.901432, 45.745502], [15.901741, 45.746935], [15.902204, 45.747734], [15.902392, 45.747683], [15.903201, 45.748685], [15.903054, 45.748717], [15.904291, 45.749229], [15.90506, 45.749414], [15.905542, 45.749244], [15.905528, 45.749432], [15.906042, 45.749639], [15.905806, 45.749905], [15.906026, 45.750525], [15.907108, 45.750863], [15.907861, 45.751206], [15.907794, 45.751273], [15.907969, 45.751283], [15.909074, 45.751724], [15.909632, 45.751418], [15.912648, 45.750172], [15.916507, 45.748985], [15.917281, 45.748859], [15.927645, 45.736068], [15.929685, 45.733718], [15.925261, 45.724986], [15.924609, 45.724261], [15.92463, 45.724143], [15.922074, 45.723874], [15.922172, 45.723801], [15.921953, 45.723795], [15.921656, 45.723621], [15.921192, 45.722947], [15.920031, 45.721942], [15.920146, 45.721877], [15.919795, 45.721688], [15.919072, 45.721449], [15.916655, 45.721201], [15.916073, 45.720934], [15.915734, 45.720597], [15.915546, 45.720214], [15.915291, 45.718381], [15.91539, 45.718028], [15.916021, 45.717257], [15.916058, 45.71699], [15.915588, 45.71619], [15.915601, 45.715349], [15.914076, 45.71372], [15.911774, 45.710387], [15.9112, 45.710017], [15.909121, 45.709443], [15.908375, 45.70906], [15.907919, 45.708624], [15.907054, 45.70694], [15.906507, 45.706447], [15.906042, 45.706182], [15.905299, 45.70589], [15.900951, 45.704896], [15.899839, 45.704432], [15.8981, 45.703185], [15.897104, 45.702865], [15.896455, 45.702545], [15.89602, 45.701884], [15.895866, 45.701208], [15.895583, 45.700882], [15.896411, 45.700427], [15.896466, 45.700068], [15.896911, 45.699407], [15.896958, 45.699176], [15.897226, 45.699027], [15.897137, 45.698788], [15.897241, 45.698675], [15.897115, 45.69852], [15.897132, 45.698372], [15.89675, 45.69836], [15.896711, 45.697755], [15.895652, 45.697637], [15.895418, 45.697263], [15.894991, 45.697036], [15.894187, 45.69689], [15.894239, 45.696532], [15.894135, 45.696324], [15.894295, 45.695579], [15.89422, 45.695515], [15.892208, 45.695685], [15.890269, 45.696422], [15.889636, 45.695826]]]}, "properties": {"id": 11, "razina": "kvart", "name": "Brezovica", "color": "#c845d3", "area_km2": 12.08, "mo_count": 1, "source": "derivirano: MO (data.zagreb.hr) + OSM imena", "jls_name": "Grad Zagreb", "jls_maticni_broj": "01333", "zupanija": "Grad Zagreb", "palette_idx": 2}}, {"type": "Feature", "id": 12, "geometry": {"type": "Polygon", "coordinates": [[[16.168721, 45.841869], [16.168293, 45.843211], [16.171155, 45.842561], [16.172048, 45.84342], [16.172686, 45.843342], [16.174331, 45.844909], [16.178161, 45.843762], [16.185598, 45.841154], [16.192005, 45.839994], [16.191396, 45.836384], [16.19187, 45.835358], [16.18684, 45.834536], [16.186627, 45.834674], [16.185901, 45.833811], [16.185488, 45.833979], [16.184243, 45.83256], [16.183445, 45.831311], [16.183732, 45.83113], [16.182715, 45.829525], [16.184293, 45.829322], [16.183926, 45.828471], [16.184232, 45.8285], [16.184303, 45.827435], [16.182238, 45.827011], [16.18119, 45.826989], [16.181191, 45.826881], [16.181064, 45.826832], [16.178178, 45.826727], [16.175516, 45.826045], [16.1719, 45.824978], [16.17045, 45.82465], [16.169503, 45.824541], [16.168292, 45.824238], [16.166904, 45.823869], [16.166313, 45.823585], [16.165353, 45.823429], [16.165278, 45.823565], [16.165128, 45.823507], [16.164864, 45.823546], [16.164505, 45.823212], [16.164001, 45.823122], [16.163896, 45.822988], [16.163618, 45.823578], [16.165238, 45.825583], [16.167238, 45.830222], [16.168844, 45.833279], [16.170652, 45.83514], [16.168663, 45.83592], [16.16972, 45.839035], [16.169029, 45.839283], [16.16904, 45.839377], [16.168058, 45.839778], [16.168439, 45.840304], [16.168542, 45.841838], [16.168721, 45.841869]]]}, "properties": {"id": 12, "razina": "kvart", "name": "Budenec", "color": "#b6d345", "area_km2": 2.85, "mo_count": 1, "source": "derivirano: MO (data.zagreb.hr) + OSM imena", "jls_name": "Grad Zagreb", "jls_maticni_broj": "01333", "zupanija": "Grad Zagreb", "palette_idx": 2}}, {"type": "Feature", "id": 13, "geometry": {"type": "Polygon", "coordinates": [[[16.013002, 45.835154], [16.013564, 45.834311], [16.01338, 45.834247], [16.013933, 45.833833], [16.014431, 45.833112], [16.014604, 45.83233], [16.014459, 45.831634], [16.014749, 45.831006], [16.0148, 45.830573], [16.01483, 45.830019], [16.01461, 45.829155], [16.014734, 45.828405], [16.013848, 45.828543], [16.01372, 45.826952], [16.013574, 45.826961], [16.013478, 45.827434], [16.012655, 45.827366], [16.0125, 45.827447], [16.012252, 45.828559], [16.012078, 45.82851], [16.011621, 45.829075], [16.011026, 45.829279], [16.008081, 45.831554], [16.006614, 45.833135], [16.006064, 45.832946], [16.005932, 45.833013], [16.005859, 45.833559], [16.005963, 45.833747], [16.005949, 45.8343], [16.00609, 45.834415], [16.006082, 45.835625], [16.006322, 45.837417], [16.005917, 45.838118], [16.005778, 45.839352], [16.006126, 45.84013], [16.006108, 45.840571], [16.006789, 45.841591], [16.006918, 45.841988], [16.006499, 45.84239], [16.005639, 45.842873], [16.005428, 45.842941], [16.004578, 45.842941], [16.002745, 45.843397], [16.00231, 45.843618], [16.000929, 45.843116], [16.000535, 45.843798], [16.00071, 45.843899], [16.000819, 45.843839], [16.001047, 45.843945], [15.999978, 45.845055], [16.000212, 45.845175], [15.999573, 45.845548], [15.999033, 45.84621], [15.999096, 45.846356], [15.998614, 45.847152], [15.998263, 45.847046], [15.998084, 45.847515], [15.99836, 45.847568], [15.99881, 45.849044], [15.999691, 45.848987], [16.001316, 45.848487], [16.004138, 45.848316], [16.005435, 45.848316], [16.005635, 45.848335], [16.005674, 45.848553], [16.004812, 45.849564], [16.004024, 45.850081], [16.004576, 45.850313], [16.00469, 45.850551], [16.005122, 45.849929], [16.005364, 45.849725], [16.006365, 45.849331], [16.006848, 45.848898], [16.008013, 45.848959], [16.008016, 45.849037], [16.008961, 45.849677], [16.010244, 45.848266], [16.010921, 45.847923], [16.011321, 45.847373], [16.011764, 45.846986], [16.012096, 45.84634], [16.011677, 45.846053], [16.01251, 45.845524], [16.013361, 45.845137], [16.013601, 45.844863], [16.013823, 45.844771], [16.014332, 45.844184], [16.014541, 45.844117], [16.014582, 45.843921], [16.0148, 45.843811], [16.014816, 45.843706], [16.015231, 45.843605], [16.015504, 45.842903], [16.016001, 45.842915], [16.016385, 45.842533], [16.016407, 45.842323], [16.016577, 45.842085], [16.016789, 45.841982], [16.017538, 45.841989], [16.018134, 45.842092], [16.018628, 45.842011], [16.019285, 45.841379], [16.019549, 45.841289], [16.019683, 45.84103], [16.018986, 45.840518], [16.019526, 45.84017], [16.019529, 45.839974], [16.019756, 45.83979], [16.019795, 45.839647], [16.019583, 45.839449], [16.019608, 45.839378], [16.018968, 45.839067], [16.018717, 45.838831], [16.018618, 45.838487], [16.018684, 45.838078], [16.018349, 45.8375], [16.017877, 45.837028], [16.017442, 45.836769], [16.017113, 45.836687], [16.017529, 45.836178], [16.016185, 45.835727], [16.015939, 45.836076], [16.014951, 45.835417], [16.014487, 45.835723], [16.013209, 45.835305], [16.013253, 45.835229], [16.013002, 45.835154]]]}, "properties": {"id": 13, "razina": "kvart", "name": "Bukovac", "color": "#458cd3", "area_km2": 1.82, "mo_count": 1, "source": "derivirano: MO (data.zagreb.hr) + OSM imena", "jls_name": "Grad Zagreb", "jls_maticni_broj": "01333", "zupanija": "Grad Zagreb", "palette_idx": 1}}, {"type": "Feature", "id": 14, "geometry": {"type": "Polygon", "coordinates": [[[15.999703, 45.741571], [15.999299, 45.740685], [15.998119, 45.7389], [15.979642, 45.744847], [15.984556, 45.748529], [15.984977, 45.74868], [15.988084, 45.750986], [15.98435, 45.753662], [15.985015, 45.75365], [15.985053, 45.753724], [15.984378, 45.754267], [15.984275, 45.755], [15.984517, 45.755804], [15.985104, 45.756514], [15.985911, 45.757025], [15.986902, 45.757353], [15.988056, 45.757461], [15.989455, 45.757369], [15.989488, 45.757259], [15.992912, 45.757086], [15.996299, 45.756699], [15.997229, 45.756699], [15.998362, 45.756981], [15.998526, 45.756778], [15.998705, 45.756188], [16.002597, 45.755883], [16.003602, 45.755683], [16.004673, 45.755349], [16.005592, 45.754877], [16.006898, 45.754044], [16.007402, 45.753619], [16.006972, 45.753091], [16.007852, 45.752737], [16.008171, 45.75314], [16.009591, 45.752555], [16.010376, 45.752357], [16.011224, 45.752241], [16.011382, 45.751785], [16.011824, 45.752085], [16.013583, 45.752184], [16.014926, 45.752464], [16.018275, 45.753746], [16.01881, 45.753876], [16.022406, 45.753644], [16.022453, 45.753702], [16.022606, 45.753623], [16.025349, 45.753429], [16.024886, 45.752708], [16.024283, 45.752009], [16.023706, 45.751524], [16.023032, 45.751123], [16.021851, 45.750246], [16.020228, 45.748747], [16.012959, 45.749891], [16.012987, 45.749983], [16.012453, 45.750064], [16.012435, 45.749975], [16.005364, 45.75109], [16.004247, 45.749754], [16.003017, 45.748574], [16.007637, 45.74673], [16.007445, 45.746493], [16.011834, 45.744567], [16.01091, 45.743734], [16.010543, 45.742554], [16.010101, 45.741559], [16.008552, 45.742048], [16.002331, 45.743204], [16.002531, 45.741947], [16.002337, 45.741487], [16.001686, 45.740814], [16.000733, 45.741499], [15.999703, 45.741571]]]}, "properties": {"id": 14, "razina": "kvart", "name": "Buzin", "color": "#d34563", "area_km2": 3.48, "mo_count": 1, "source": "derivirano: MO (data.zagreb.hr) + OSM imena", "jls_name": "Grad Zagreb", "jls_maticni_broj": "01333", "zupanija": "Grad Zagreb", "palette_idx": 1}}, {"type": "Feature", "id": 15, "geometry": {"type": "Polygon", "coordinates": [[[16.122657, 45.824095], [16.122927, 45.822821], [16.122555, 45.821717], [16.115618, 45.823372], [16.115442, 45.823359], [16.115184, 45.823488], [16.113071, 45.823978], [16.112033, 45.82412], [16.112047, 45.824204], [16.107787, 45.825191], [16.106221, 45.825636], [16.105954, 45.825611], [16.105899, 45.825735], [16.104871, 45.825931], [16.104801, 45.825996], [16.103626, 45.826242], [16.102624, 45.826361], [16.102656, 45.826598], [16.102776, 45.826675], [16.103481, 45.826742], [16.103974, 45.826935], [16.104884, 45.827561], [16.104953, 45.827849], [16.105343, 45.827763], [16.107043, 45.827727], [16.107108, 45.827663], [16.109062, 45.827546], [16.110866, 45.82719], [16.111459, 45.827356], [16.111709, 45.827323], [16.111683, 45.827037], [16.112697, 45.826764], [16.112725, 45.826806], [16.113559, 45.826494], [16.115598, 45.82543], [16.11698, 45.824923], [16.119301, 45.824519], [16.122657, 45.824095]]]}, "properties": {"id": 15, "razina": "kvart", "name": "Centar", "color": "#45d351", "area_km2": 0.37, "mo_count": 1, "source": "derivirano: MO (data.zagreb.hr) + OSM imena", "jls_name": "Grad Zagreb", "jls_maticni_broj": "01333", "zupanija": "Grad Zagreb", "palette_idx": 0}}, {"type": "Feature", "id": 16, "geometry": {"type": "Polygon", "coordinates": [[[16.188569, 45.825561], [16.187636, 45.824177], [16.186904, 45.823824], [16.187032, 45.823391], [16.186781, 45.822439], [16.18472, 45.822629], [16.184857, 45.823967], [16.180727, 45.825171], [16.181507, 45.827001], [16.182238, 45.827011], [16.184303, 45.827435], [16.184232, 45.8285], [16.183926, 45.828471], [16.184293, 45.829322], [16.182715, 45.829525], [16.183732, 45.83113], [16.183445, 45.831311], [16.184243, 45.83256], [16.185488, 45.833979], [16.185901, 45.833811], [16.186627, 45.834674], [16.18684, 45.834536], [16.19187, 45.835358], [16.192446, 45.834071], [16.192025, 45.833882], [16.191774, 45.833663], [16.191124, 45.832639], [16.192124, 45.832304], [16.192434, 45.832269], [16.1926, 45.831668], [16.197516, 45.831103], [16.197527, 45.832431], [16.201325, 45.83221], [16.201417, 45.829478], [16.204577, 45.82924], [16.204423, 45.827704], [16.20447, 45.826757], [16.203142, 45.82625], [16.202429, 45.826116], [16.202415, 45.826345], [16.19765, 45.826906], [16.197571, 45.826827], [16.195511, 45.827068], [16.194997, 45.825638], [16.195051, 45.825223], [16.194903, 45.824483], [16.192356, 45.824882], [16.188891, 45.82577], [16.188569, 45.825561]]]}, "properties": {"id": 16, "razina": "kvart", "name": "Cerje - Sesvete", "color": "#7b45d3", "area_km2": 1.31, "mo_count": 1, "source": "derivirano: MO (data.zagreb.hr) + OSM imena", "jls_name": "Grad Zagreb", "jls_maticni_broj": "01333", "zupanija": "Grad Zagreb", "palette_idx": 0}}, {"type": "Feature", "id": 17, "geometry": {"type": "Polygon", "coordinates": [[[15.955841, 45.80044], [15.95355, 45.799963], [15.95112, 45.801723], [15.949085, 45.802668], [15.946206, 45.804154], [15.945382, 45.804487], [15.945362, 45.80469], [15.943265, 45.80483], [15.943086, 45.80474], [15.94313, 45.804214], [15.940442, 45.804145], [15.939234, 45.803785], [15.93747, 45.803486], [15.937257, 45.804487], [15.935508, 45.804357], [15.935426, 45.807972], [15.935242, 45.809447], [15.935236, 45.810416], [15.935326, 45.810255], [15.942103, 45.80988], [15.944234, 45.809816], [15.944968, 45.809944], [15.944901, 45.809728], [15.957875, 45.808971], [15.959272, 45.808711], [15.961112, 45.808036], [15.962898, 45.806866], [15.962303, 45.80669], [15.962723, 45.806138], [15.963071, 45.80515], [15.963166, 45.804444], [15.963069, 45.803601], [15.962804, 45.803517], [15.962299, 45.803577], [15.962121, 45.803373], [15.962167, 45.803215], [15.957319, 45.800904], [15.955841, 45.80044]]]}, "properties": {"id": 17, "razina": "kvart", "name": "Ciglenica", "color": "#d3a445", "area_km2": 1.57, "mo_count": 3, "source": "derivirano: MO (data.zagreb.hr) + OSM imena", "jls_name": "Grad Zagreb", "jls_maticni_broj": "01333", "zupanija": "Grad Zagreb", "palette_idx": 0}}, {"type": "Feature", "id": 18, "geometry": {"type": "Polygon", "coordinates": [[[15.973283, 45.809503], [15.972592, 45.809495], [15.972602, 45.809309], [15.972274, 45.809096], [15.972018, 45.809095], [15.972075, 45.809385], [15.971529, 45.809355], [15.971509, 45.809878], [15.971234, 45.809873], [15.971231, 45.810077], [15.970953, 45.810117], [15.97094, 45.810529], [15.970523, 45.810525], [15.970532, 45.810822], [15.969594, 45.81091], [15.969629, 45.811122], [15.969798, 45.811106], [15.969845, 45.811207], [15.969831, 45.811304], [15.969662, 45.811318], [15.969694, 45.811614], [15.970276, 45.811675], [15.970165, 45.812075], [15.970199, 45.813082], [15.969792, 45.813103], [15.969833, 45.813233], [15.976004, 45.812954], [15.976891, 45.812756], [15.976733, 45.812063], [15.976938, 45.812048], [15.976878, 45.811713], [15.977088, 45.811709], [15.977094, 45.81158], [15.977297, 45.811437], [15.977331, 45.811134], [15.976996, 45.811133], [15.977164, 45.810973], [15.977119, 45.810828], [15.977203, 45.810834], [15.977259, 45.810441], [15.977052, 45.810427], [15.977072, 45.809779], [15.976979, 45.809506], [15.976593, 45.809465], [15.97651, 45.80933], [15.976182, 45.809299], [15.975919, 45.809453], [15.974752, 45.809348], [15.974768, 45.809262], [15.974627, 45.809159], [15.974467, 45.809152], [15.974247, 45.809243], [15.974241, 45.809371], [15.97332, 45.809342], [15.973283, 45.809503]]]}, "properties": {"id": 18, "razina": "kvart", "name": "Cvjetni trg", "color": "#45d3ce", "area_km2": 0.21, "mo_count": 1, "source": "derivirano: MO (data.zagreb.hr) + OSM imena", "jls_name": "Grad Zagreb", "jls_maticni_broj": "01333", "zupanija": "Grad Zagreb", "palette_idx": 1}}, {"type": "Feature", "id": 19, "geometry": {"type": "Polygon", "coordinates": [[[15.962352, 45.794536], [15.965887, 45.794569], [15.966007, 45.794635], [15.966672, 45.79437], [15.971013, 45.794571], [15.970963, 45.794991], [15.971229, 45.795077], [15.970901, 45.795586], [15.970519, 45.799566], [15.973573, 45.799653], [15.974222, 45.799763], [15.974907, 45.799718], [15.976762, 45.799802], [15.976883, 45.79981], [15.976935, 45.799903], [15.978724, 45.8], [15.97903, 45.795286], [15.978982, 45.794464], [15.978537, 45.794397], [15.978784, 45.794224], [15.979061, 45.793558], [15.979264, 45.791128], [15.979302, 45.790943], [15.979399, 45.790927], [15.979492, 45.78893], [15.977793, 45.788933], [15.973982, 45.788745], [15.970608, 45.788339], [15.967159, 45.787752], [15.965211, 45.787316], [15.959278, 45.785755], [15.95755, 45.785223], [15.954075, 45.783775], [15.95296, 45.784738], [15.953129, 45.784891], [15.952872, 45.785249], [15.952905, 45.785506], [15.953265, 45.78589], [15.954082, 45.787152], [15.954, 45.787178], [15.954864, 45.78823], [15.95485, 45.788385], [15.955655, 45.789566], [15.95573, 45.789542], [15.957551, 45.792357], [15.957748, 45.792532], [15.958136, 45.793106], [15.958073, 45.793128], [15.958152, 45.793239], [15.958213, 45.793215], [15.958376, 45.793455], [15.958313, 45.793474], [15.959181, 45.794662], [15.959259, 45.794745], [15.95969, 45.794625], [15.960832, 45.794612], [15.961195, 45.794447], [15.961716, 45.794421], [15.962052, 45.794415], [15.962143, 45.794506], [15.962352, 45.794536]]]}, "properties": {"id": 19, "razina": "kvart", "name": "Cvjetno naselje", "color": "#d345af", "area_km2": 1.81, "mo_count": 4, "source": "derivirano: MO (data.zagreb.hr) + OSM imena", "jls_name": "Grad Zagreb", "jls_maticni_broj": "01333", "zupanija": "Grad Zagreb", "palette_idx": 2}}, {"type": "Feature", "id": 20, "geometry": {"type": "Polygon", "coordinates": [[[16.063651, 45.867576], [16.063732, 45.867417], [16.063519, 45.867358], [16.063334, 45.867183], [16.063063, 45.866708], [16.062708, 45.866665], [16.061921, 45.866358], [16.062124, 45.866006], [16.061919, 45.865905], [16.061737, 45.865265], [16.061165, 45.864892], [16.060839, 45.864842], [16.056541, 45.862963], [16.056575, 45.862691], [16.056113, 45.862716], [16.056226, 45.861511], [16.056429, 45.86065], [16.055774, 45.86059], [16.055758, 45.860902], [16.055134, 45.860813], [16.05512, 45.860692], [16.054726, 45.860595], [16.054433, 45.860581], [16.054417, 45.860658], [16.053706, 45.860637], [16.053631, 45.862024], [16.05238, 45.86264], [16.052276, 45.862396], [16.052045, 45.862245], [16.051519, 45.862608], [16.050986, 45.862857], [16.05044, 45.862988], [16.048874, 45.863788], [16.048659, 45.86396], [16.048926, 45.864329], [16.048463, 45.864554], [16.047976, 45.864621], [16.047778, 45.864917], [16.04731, 45.865188], [16.047109, 45.865853], [16.046697, 45.866096], [16.046258, 45.866151], [16.046051, 45.866258], [16.045629, 45.866748], [16.045266, 45.867387], [16.045035, 45.86758], [16.044623, 45.867706], [16.044293, 45.868035], [16.044444, 45.868764], [16.044301, 45.869021], [16.044236, 45.869723], [16.044065, 45.870051], [16.044192, 45.870704], [16.043775, 45.870865], [16.043487, 45.87118], [16.043382, 45.871537], [16.043466, 45.872263], [16.043262, 45.872733], [16.043065, 45.87375], [16.042774, 45.874247], [16.042165, 45.874667], [16.041463, 45.876006], [16.040749, 45.876817], [16.040777, 45.877032], [16.040258, 45.876923], [16.040276, 45.876849], [16.039645, 45.876685], [16.038723, 45.876664], [16.038704, 45.877317], [16.038526, 45.877584], [16.037314, 45.877436], [16.037118, 45.877332], [16.036755, 45.877847], [16.036427, 45.877789], [16.036176, 45.878309], [16.03673, 45.879541], [16.037136, 45.879407], [16.037369, 45.879671], [16.03794, 45.87953], [16.038063, 45.880044], [16.038073, 45.881613], [16.038172, 45.882123], [16.038518, 45.882676], [16.039232, 45.883375], [16.039414, 45.883688], [16.039478, 45.884085], [16.045434, 45.883443], [16.046371, 45.882817], [16.047639, 45.882941], [16.047832, 45.882655], [16.048129, 45.882509], [16.048371, 45.882563], [16.048579, 45.882751], [16.04903, 45.882852], [16.049685, 45.882874], [16.050975, 45.882734], [16.051254, 45.882781], [16.051875, 45.88345], [16.053206, 45.883274], [16.053207, 45.883404], [16.053351, 45.883433], [16.053668, 45.883341], [16.054933, 45.883379], [16.054911, 45.882505], [16.055274, 45.882522], [16.05526, 45.882631], [16.05542, 45.882793], [16.055371, 45.883394], [16.056237, 45.883149], [16.056803, 45.883785], [16.057075, 45.884728], [16.058389, 45.884411], [16.059161, 45.884057], [16.059168, 45.883977], [16.060909, 45.884884], [16.062082, 45.885272], [16.063065, 45.885712], [16.064854, 45.886275], [16.066835, 45.886647], [16.068371, 45.887762], [16.068612, 45.887891], [16.068816, 45.88777], [16.069429, 45.888117], [16.069167, 45.888491], [16.069363, 45.888563], [16.068603, 45.889163], [16.067964, 45.889364], [16.06794, 45.889637], [16.067238, 45.889388], [16.066965, 45.889179], [16.066143, 45.889695], [16.065509, 45.890989], [16.065212, 45.891345], [16.065891, 45.89203], [16.0653, 45.89252], [16.065993, 45.892583], [16.066612, 45.892834], [16.066925, 45.893403], [16.066968, 45.893881], [16.0668, 45.894268], [16.066434, 45.894505], [16.066427, 45.894698], [16.066568, 45.894844], [16.066562, 45.895159], [16.069499, 45.896207], [16.069867, 45.895725], [16.06996, 45.89522], [16.070908, 45.893901], [16.071378, 45.892478], [16.071691, 45.892225], [16.07194, 45.891751], [16.072278, 45.891547], [16.073373, 45.891172], [16.075083, 45.890892], [16.076786, 45.89045], [16.077404, 45.889965], [16.07901, 45.889606], [16.08055, 45.889009], [16.081402, 45.888292], [16.082013, 45.888106], [16.082159, 45.887993], [16.082428, 45.887718], [16.082427, 45.886934], [16.082708, 45.886383], [16.083015, 45.886189], [16.083108, 45.885808], [16.083125, 45.885652], [16.08291, 45.885197], [16.083086, 45.88466], [16.083046, 45.883893], [16.082859, 45.883517], [16.080246, 45.883734], [16.075494, 45.883762], [16.073993, 45.883008], [16.074143, 45.88266], [16.073843, 45.882304], [16.073534, 45.881442], [16.072678, 45.881186], [16.072835, 45.880959], [16.073212, 45.880709], [16.072651, 45.880554], [16.072441, 45.88036], [16.073587, 45.879918], [16.073903, 45.879893], [16.073896, 45.879773], [16.074428, 45.878966], [16.074491, 45.878707], [16.074331, 45.878279], [16.074017, 45.87806], [16.073273, 45.877859], [16.072771, 45.877631], [16.072621, 45.877779], [16.071923, 45.878023], [16.071336, 45.8781], [16.070709, 45.878032], [16.070126, 45.877777], [16.069374, 45.877099], [16.068385, 45.876508], [16.067865, 45.875752], [16.067213, 45.875178], [16.0672, 45.874797], [16.067024, 45.874405], [16.067244, 45.873469], [16.067898, 45.873037], [16.06809, 45.872702], [16.067945, 45.872223], [16.068245, 45.871896], [16.070224, 45.871524], [16.07128, 45.871596], [16.071799, 45.871474], [16.071761, 45.871319], [16.071387, 45.870988], [16.071014, 45.871111], [16.07092, 45.870976], [16.070559, 45.871114], [16.070015, 45.870823], [16.069006, 45.869574], [16.068713, 45.869062], [16.068542, 45.869066], [16.068302, 45.868278], [16.067714, 45.868465], [16.067218, 45.868386], [16.067155, 45.868214], [16.067032, 45.86818], [16.06714, 45.868049], [16.067115, 45.867578], [16.066915, 45.86735], [16.066387, 45.86715], [16.066418, 45.866949], [16.065232, 45.867204], [16.064683, 45.867481], [16.063797, 45.86774], [16.063651, 45.867576]]]}, "properties": {"id": 20, "razina": "kvart", "name": "Dankovec", "color": "#86d345", "area_km2": 5.86, "mo_count": 1, "source": "derivirano: MO (data.zagreb.hr) + OSM imena", "jls_name": "Grad Zagreb", "jls_maticni_broj": "01333", "zupanija": "Grad Zagreb", "palette_idx": 0}}, {"type": "Feature", "id": 21, "geometry": {"type": "Polygon", "coordinates": [[[15.884122, 45.714835], [15.883466, 45.714146], [15.882256, 45.713946], [15.881884, 45.7138], [15.880664, 45.713108], [15.878632, 45.71163], [15.878079, 45.711081], [15.87671, 45.709092], [15.875069, 45.707839], [15.873454, 45.706735], [15.87363, 45.706582], [15.874249, 45.706707], [15.87482, 45.706479], [15.87508, 45.706614], [15.875181, 45.70659], [15.875344, 45.706448], [15.875329, 45.706313], [15.875235, 45.706369], [15.874669, 45.705775], [15.874711, 45.705696], [15.874812, 45.705637], [15.875121, 45.705691], [15.875574, 45.7055], [15.875789, 45.705599], [15.876414, 45.705489], [15.876269, 45.705219], [15.875766, 45.705006], [15.875633, 45.7048], [15.875082, 45.704653], [15.874976, 45.704374], [15.875069, 45.704213], [15.87497, 45.704196], [15.867959, 45.704914], [15.847717, 45.702544], [15.844985, 45.702014], [15.843994, 45.701454], [15.843352, 45.701644], [15.842442, 45.701522], [15.842033, 45.701864], [15.84112, 45.701356], [15.840967, 45.701427], [15.840715, 45.701336], [15.840653, 45.701402], [15.840503, 45.701372], [15.840433, 45.701461], [15.840217, 45.701361], [15.840024, 45.70147], [15.839982, 45.701319], [15.839715, 45.701274], [15.839548, 45.701356], [15.839087, 45.701404], [15.839096, 45.701276], [15.838785, 45.701333], [15.838876, 45.701456], [15.838654, 45.701553], [15.83857, 45.701488], [15.838532, 45.701588], [15.838251, 45.701719], [15.838146, 45.701711], [15.838257, 45.701626], [15.838213, 45.701559], [15.83802, 45.701702], [15.837878, 45.701531], [15.837451, 45.701538], [15.837363, 45.701456], [15.837076, 45.701647], [15.836701, 45.701494], [15.836483, 45.701619], [15.836425, 45.701504], [15.836224, 45.701603], [15.836102, 45.701515], [15.835946, 45.701687], [15.835828, 45.701612], [15.835707, 45.701795], [15.835685, 45.701686], [15.835537, 45.701644], [15.835481, 45.701807], [15.835437, 45.701701], [15.835239, 45.701686], [15.835137, 45.701883], [15.835085, 45.70174], [15.834946, 45.701825], [15.834923, 45.701764], [15.834732, 45.701762], [15.834661, 45.701821], [15.834759, 45.701987], [15.834593, 45.70196], [15.834579, 45.701863], [15.834337, 45.701888], [15.834307, 45.701773], [15.834187, 45.701753], [15.833258, 45.702868], [15.829889, 45.706061], [15.829483, 45.706274], [15.829433, 45.706423], [15.829711, 45.706569], [15.829559, 45.706852], [15.829669, 45.706843], [15.829763, 45.706983], [15.829903, 45.706997], [15.829949, 45.707181], [15.82978, 45.707225], [15.830008, 45.707242], [15.830026, 45.70734], [15.829926, 45.707389], [15.830185, 45.707532], [15.830221, 45.707668], [15.830135, 45.707763], [15.830245, 45.707791], [15.830242, 45.707944], [15.830061, 45.707904], [15.830066, 45.708111], [15.829929, 45.708132], [15.829987, 45.708238], [15.829763, 45.708299], [15.82982, 45.708378], [15.829743, 45.70843], [15.829899, 45.708599], [15.830076, 45.708421], [15.83031, 45.708541], [15.830288, 45.708704], [15.830418, 45.708871], [15.830351, 45.709069], [15.830575, 45.708909], [15.830684, 45.708675], [15.830942, 45.708761], [15.831049, 45.708982], [15.831312, 45.709155], [15.8315, 45.709118], [15.831365, 45.709022], [15.831563, 45.708947], [15.831368, 45.708794], [15.831483, 45.708706], [15.831749, 45.708837], [15.831823, 45.708967], [15.832008, 45.708838], [15.83209, 45.708858], [15.832138, 45.708961], [15.831929, 45.709105], [15.832118, 45.709185], [15.832186, 45.709309], [15.832344, 45.709338], [15.832346, 45.709446], [15.832165, 45.709559], [15.832018, 45.709463], [15.831895, 45.709495], [15.831993, 45.709672], [15.832218, 45.709715], [15.83241, 45.709616], [15.832568, 45.709713], [15.8326, 45.710027], [15.832713, 45.710173], [15.83252, 45.71033], [15.832159, 45.710343], [15.832235, 45.710546], [15.832443, 45.710668], [15.832558, 45.71068], [15.832948, 45.710495], [15.833152, 45.710562], [15.833216, 45.71028], [15.833513, 45.710524], [15.833679, 45.710421], [15.833781, 45.710594], [15.83407, 45.710542], [15.834331, 45.710643], [15.834341, 45.710528], [15.834527, 45.710582], [15.834529, 45.710392], [15.834861, 45.710475], [15.834851, 45.710579], [15.834689, 45.710652], [15.834768, 45.710782], [15.834965, 45.710864], [15.83489, 45.710986], [15.835249, 45.710881], [15.835343, 45.710953], [15.835547, 45.710931], [15.835522, 45.711062], [15.83565, 45.711089], [15.835846, 45.71086], [15.835941, 45.711036], [15.836133, 45.711099], [15.836016, 45.711219], [15.836039, 45.711357], [15.836194, 45.711348], [15.836385, 45.711505], [15.836863, 45.711496], [15.836962, 45.711621], [15.837311, 45.711694], [15.837538, 45.711615], [15.837449, 45.711404], [15.837649, 45.711349], [15.837608, 45.711268], [15.837399, 45.711268], [15.837472, 45.711151], [15.837941, 45.711218], [15.837966, 45.7113], [15.837785, 45.711355], [15.837872, 45.711436], [15.838188, 45.711288], [15.838446, 45.711287], [15.838172, 45.711049], [15.838905, 45.711108], [15.838839, 45.711395], [15.839189, 45.711397], [15.8391, 45.711534], [15.838926, 45.711554], [15.839171, 45.711657], [15.839055, 45.711775], [15.839598, 45.711673], [15.83986, 45.71194], [15.839571, 45.712131], [15.839929, 45.712197], [15.84005, 45.712289], [15.8399, 45.712429], [15.839901, 45.712604], [15.8396, 45.712558], [15.839565, 45.712623], [15.839814, 45.712739], [15.840181, 45.712675], [15.840297, 45.712545], [15.840375, 45.712571], [15.840365, 45.712838], [15.840563, 45.712936], [15.840344, 45.713326], [15.840766, 45.713664], [15.841046, 45.713426], [15.841369, 45.713435], [15.841284, 45.713609], [15.841601, 45.71372], [15.841525, 45.713861], [15.841583, 45.713992], [15.842148, 45.713903], [15.842221, 45.714022], [15.842498, 45.714116], [15.842572, 45.714063], [15.842469, 45.713765], [15.842881, 45.713738], [15.842728, 45.714051], [15.842882, 45.71411], [15.843046, 45.71397], [15.843039, 45.713746], [15.843131, 45.713752], [15.843345, 45.714046], [15.843287, 45.714153], [15.843377, 45.714254], [15.843195, 45.714371], [15.843299, 45.71446], [15.843487, 45.714435], [15.843545, 45.714231], [15.843857, 45.714074], [15.843905, 45.714158], [15.843757, 45.714277], [15.843839, 45.714449], [15.844018, 45.714265], [15.844412, 45.714163], [15.844467, 45.714225], [15.844282, 45.714456], [15.844876, 45.714581], [15.845229, 45.714502], [15.845214, 45.714372], [15.845359, 45.714242], [15.845143, 45.714157], [15.845257, 45.713974], [15.845767, 45.71412], [15.845942, 45.714558], [15.846176, 45.714383], [15.846199, 45.714256], [15.846011, 45.714093], [15.846183, 45.71401], [15.846573, 45.714009], [15.846688, 45.714257], [15.846977, 45.714245], [15.847104, 45.71431], [15.846949, 45.714464], [15.846604, 45.714586], [15.846398, 45.714578], [15.846482, 45.714672], [15.846866, 45.714827], [15.847181, 45.714654], [15.847291, 45.71499], [15.847663, 45.714907], [15.847845, 45.715046], [15.84784, 45.715126], [15.847606, 45.715257], [15.847689, 45.715327], [15.848156, 45.715288], [15.84816, 45.715458], [15.848239, 45.715477], [15.848313, 45.715327], [15.848515, 45.715289], [15.848812, 45.715538], [15.849066, 45.715484], [15.849113, 45.715582], [15.848893, 45.715794], [15.848949, 45.715839], [15.849287, 45.715847], [15.849458, 45.715654], [15.84958, 45.715671], [15.849547, 45.716168], [15.849986, 45.71647], [15.850481, 45.71661], [15.850836, 45.7169], [15.851328, 45.717055], [15.851456, 45.716891], [15.851634, 45.716877], [15.851799, 45.717146], [15.852248, 45.717195], [15.852661, 45.717531], [15.852637, 45.717606], [15.853111, 45.717451], [15.853366, 45.717486], [15.853627, 45.717318], [15.855137, 45.717705], [15.855758, 45.71846], [15.856067, 45.718585], [15.856794, 45.719079], [15.857097, 45.719818], [15.857424, 45.72004], [15.857992, 45.720775], [15.859042, 45.721538], [15.859705, 45.722522], [15.860427, 45.722832], [15.861828, 45.723819], [15.862489, 45.724179], [15.863784, 45.724483], [15.864386, 45.72501], [15.865493, 45.726216], [15.866042, 45.727126], [15.866951, 45.728048], [15.867656, 45.728283], [15.868809, 45.728923], [15.869845, 45.729229], [15.871196, 45.730989], [15.871454, 45.731206], [15.870348, 45.731904], [15.869822, 45.731964], [15.869616, 45.731811], [15.869344, 45.731324], [15.868557, 45.732001], [15.866885, 45.73178], [15.866527, 45.731904], [15.866198, 45.732112], [15.865891, 45.732524], [15.865898, 45.732773], [15.866305, 45.733619], [15.868865, 45.734732], [15.869127, 45.734589], [15.869396, 45.734951], [15.87205, 45.736146], [15.872121, 45.736122], [15.876935, 45.738089], [15.876511, 45.738435], [15.876683, 45.738421], [15.876949, 45.738261], [15.877349, 45.738427], [15.877215, 45.738593], [15.880278, 45.739793], [15.880648, 45.739562], [15.882235, 45.738949], [15.883224, 45.738453], [15.885133, 45.737954], [15.886246, 45.739658], [15.887065, 45.740565], [15.891387, 45.738933], [15.89236, 45.738443], [15.896266, 45.736802], [15.896239, 45.736367], [15.896037, 45.735897], [15.896118, 45.735879], [15.895144, 45.733964], [15.894887, 45.733569], [15.894746, 45.733519], [15.894274, 45.732221], [15.893766, 45.729395], [15.893443, 45.725692], [15.893278, 45.725378], [15.893012, 45.724232], [15.891987, 45.722016], [15.891993, 45.721492], [15.892184, 45.720821], [15.891968, 45.719913], [15.891278, 45.719327], [15.891484, 45.71926], [15.89126, 45.718493], [15.89124, 45.71788], [15.890792, 45.717625], [15.888656, 45.716919], [15.885441, 45.715634], [15.885434, 45.715497], [15.884122, 45.714835]]]}, "properties": {"id": 21, "razina": "kvart", "name": "Demerje", "color": "#455cd3", "area_km2": 10.36, "mo_count": 1, "source": "derivirano: MO (data.zagreb.hr) + OSM imena", "jls_name": "Grad Zagreb", "jls_maticni_broj": "01333", "zupanija": "Grad Zagreb", "palette_idx": 1}}, {"type": "Feature", "id": 22, "geometry": {"type": "Polygon", "coordinates": [[[16.117363, 45.843388], [16.115334, 45.840634], [16.115421, 45.84058], [16.114287, 45.839738], [16.114066, 45.839881], [16.113926, 45.839644], [16.111657, 45.839717], [16.11162, 45.838913], [16.108536, 45.838947], [16.108533, 45.839028], [16.108316, 45.839035], [16.108301, 45.838939], [16.107019, 45.838939], [16.106998, 45.838737], [16.106564, 45.838751], [16.106581, 45.838933], [16.105661, 45.839061], [16.105909, 45.839536], [16.106708, 45.839896], [16.107061, 45.840292], [16.107248, 45.840375], [16.107486, 45.840807], [16.107255, 45.841046], [16.107304, 45.841188], [16.107478, 45.8413], [16.107517, 45.841527], [16.107251, 45.841737], [16.107046, 45.841747], [16.106863, 45.841864], [16.106947, 45.842165], [16.106881, 45.842568], [16.1066, 45.842652], [16.106587, 45.842885], [16.106285, 45.843071], [16.106483, 45.843288], [16.106, 45.844254], [16.106068, 45.844431], [16.104795, 45.844385], [16.10503, 45.844998], [16.098711, 45.844868], [16.09857, 45.845125], [16.09875, 45.845158], [16.098751, 45.84535], [16.098645, 45.845372], [16.098546, 45.845247], [16.098458, 45.845489], [16.098225, 45.845487], [16.097777, 45.845857], [16.098262, 45.846489], [16.09986, 45.847471], [16.099996, 45.847786], [16.099899, 45.847889], [16.099466, 45.847999], [16.098714, 45.848441], [16.098563, 45.848774], [16.098038, 45.849269], [16.097992, 45.84951], [16.097733, 45.849793], [16.09785, 45.850141], [16.097427, 45.850902], [16.097439, 45.852054], [16.097351, 45.852318], [16.096734, 45.852557], [16.097314, 45.853753], [16.097362, 45.854514], [16.09747, 45.854772], [16.097367, 45.855472], [16.096896, 45.856342], [16.096833, 45.857265], [16.096407, 45.858017], [16.095166, 45.859004], [16.095055, 45.859369], [16.094108, 45.859963], [16.093741, 45.860547], [16.093326, 45.860729], [16.093063, 45.860771], [16.091898, 45.860674], [16.091054, 45.860857], [16.090482, 45.860838], [16.089532, 45.860929], [16.088214, 45.860848], [16.087426, 45.860565], [16.085715, 45.86101], [16.085209, 45.861282], [16.084273, 45.862717], [16.083608, 45.863012], [16.083494, 45.863131], [16.083569, 45.863722], [16.083504, 45.863867], [16.082989, 45.864302], [16.082085, 45.864638], [16.081716, 45.86491], [16.081637, 45.865408], [16.081795, 45.86592], [16.082152, 45.86633], [16.082847, 45.867573], [16.083215, 45.867999], [16.083766, 45.868386], [16.084587, 45.868685], [16.085863, 45.868701], [16.087275, 45.869136], [16.088789, 45.868942], [16.090413, 45.86933], [16.09151, 45.869301], [16.092261, 45.869185], [16.092569, 45.869375], [16.094948, 45.869677], [16.095869, 45.869879], [16.096167, 45.869831], [16.096566, 45.869548], [16.096951, 45.869469], [16.09738, 45.868752], [16.097501, 45.86836], [16.097437, 45.86792], [16.097727, 45.867362], [16.097368, 45.8669], [16.097141, 45.866148], [16.097025, 45.866136], [16.097044, 45.866079], [16.099057, 45.864209], [16.099468, 45.863932], [16.100224, 45.863642], [16.10202, 45.864518], [16.102734, 45.865206], [16.102646, 45.865269], [16.10282, 45.866431], [16.103277, 45.867512], [16.103189, 45.867804], [16.103834, 45.867598], [16.104672, 45.867156], [16.105271, 45.866979], [16.105493, 45.866839], [16.105717, 45.866553], [16.105925, 45.865919], [16.106371, 45.865105], [16.106476, 45.86436], [16.106967, 45.863989], [16.10709, 45.86379], [16.106996, 45.8628], [16.107735, 45.862107], [16.107981, 45.861629], [16.107751, 45.860784], [16.107373, 45.860438], [16.107588, 45.860173], [16.108803, 45.860303], [16.110372, 45.860225], [16.112179, 45.859788], [16.112668, 45.859607], [16.112769, 45.859683], [16.112744, 45.859981], [16.113917, 45.859842], [16.114086, 45.859907], [16.116709, 45.859724], [16.116983, 45.859278], [16.117284, 45.859061], [16.117833, 45.859142], [16.119415, 45.85844], [16.125561, 45.857694], [16.128047, 45.857267], [16.12649, 45.853209], [16.12484, 45.848422], [16.12381, 45.849469], [16.122527, 45.850556], [16.11726, 45.843446], [16.117363, 45.843388]]]}, "properties": {"id": 22, "razina": "kvart", "name": "Dobrodol", "color": "#d35745", "area_km2": 5.38, "mo_count": 1, "source": "derivirano: MO (data.zagreb.hr) + OSM imena", "jls_name": "Grad Zagreb", "jls_maticni_broj": "01333", "zupanija": "Grad Zagreb", "palette_idx": 0}}, {"type": "Feature", "id": 23, "geometry": {"type": "Polygon", "coordinates": [[[16.04672, 45.818137], [16.038763, 45.816767], [16.038034, 45.81869], [16.038211, 45.818737], [16.038172, 45.818846], [16.038044, 45.818823], [16.037923, 45.819075], [16.037353, 45.820839], [16.037483, 45.820864], [16.03748, 45.821035], [16.037432, 45.821165], [16.037302, 45.821142], [16.036811, 45.822672], [16.03675, 45.823087], [16.03692, 45.823113], [16.036872, 45.82325], [16.036656, 45.82327], [16.036474, 45.823848], [16.036533, 45.823992], [16.03782, 45.824275], [16.038124, 45.824111], [16.03817, 45.824004], [16.038698, 45.82413], [16.038604, 45.824334], [16.039178, 45.824464], [16.039124, 45.824538], [16.039236, 45.824575], [16.043321, 45.825645], [16.050047, 45.827994], [16.052419, 45.828752], [16.054019, 45.829151], [16.054156, 45.828887], [16.054014, 45.828854], [16.053988, 45.828602], [16.05408, 45.828379], [16.054218, 45.828404], [16.054198, 45.828148], [16.053713, 45.828082], [16.053846, 45.82736], [16.053475, 45.827325], [16.053496, 45.827189], [16.053897, 45.827228], [16.053927, 45.826907], [16.054129, 45.826925], [16.054191, 45.826516], [16.05385, 45.826482], [16.053892, 45.826286], [16.053737, 45.82627], [16.05377, 45.826125], [16.053873, 45.826134], [16.053988, 45.82572], [16.054091, 45.825729], [16.053983, 45.825164], [16.053628, 45.825129], [16.053654, 45.825017], [16.053957, 45.825054], [16.053932, 45.824993], [16.053389, 45.824933], [16.053443, 45.824703], [16.053357, 45.824693], [16.053357, 45.824354], [16.053253, 45.824342], [16.053406, 45.823747], [16.05367, 45.823776], [16.053769, 45.823632], [16.053368, 45.823586], [16.053388, 45.823482], [16.053541, 45.823498], [16.053575, 45.823365], [16.053651, 45.823374], [16.053716, 45.822947], [16.053854, 45.822962], [16.053997, 45.822417], [16.054197, 45.822559], [16.054297, 45.822348], [16.054026, 45.822266], [16.054342, 45.82068], [16.05474, 45.820619], [16.054731, 45.820155], [16.054404, 45.820136], [16.054421, 45.819899], [16.054574, 45.819909], [16.054628, 45.819466], [16.048799, 45.818481], [16.048669, 45.818391], [16.046868, 45.818066], [16.04672, 45.818137]]]}, "properties": {"id": 23, "razina": "kvart", "name": "Donja Dubrava", "color": "#45d381", "area_km2": 1.22, "mo_count": 2, "source": "derivirano: MO (data.zagreb.hr) + OSM imena", "jls_name": "Grad Zagreb", "jls_maticni_broj": "01333", "zupanija": "Grad Zagreb", "palette_idx": 3}}, {"type": "Feature", "id": 24, "geometry": {"type": "Polygon", "coordinates": [[[16.011502, 45.81113], [16.013278, 45.811649], [16.013455, 45.811522], [16.013807, 45.811619], [16.013935, 45.811832], [16.014636, 45.811599], [16.014507, 45.811541], [16.014587, 45.811478], [16.014535, 45.811403], [16.014309, 45.811306], [16.014773, 45.811171], [16.014704, 45.810768], [16.015044, 45.80964], [16.016296, 45.809724], [16.016475, 45.809803], [16.016533, 45.809677], [16.016415, 45.809616], [16.016409, 45.809485], [16.019233, 45.806088], [16.019681, 45.805409], [16.0201, 45.804225], [16.020079, 45.803845], [16.015018, 45.802989], [16.0146, 45.802782], [16.011786, 45.802329], [16.01099, 45.802031], [16.00872, 45.804055], [16.008538, 45.804071], [16.008373, 45.804188], [16.00793, 45.804606], [16.007958, 45.804734], [16.00675, 45.805815], [16.006371, 45.806122], [16.00621, 45.806035], [16.005498, 45.806664], [16.005275, 45.806863], [16.005441, 45.806956], [16.003274, 45.808897], [16.003789, 45.809075], [16.003929, 45.808967], [16.003959, 45.809063], [16.004945, 45.809415], [16.011476, 45.811175], [16.011502, 45.81113]]]}, "properties": {"id": 24, "razina": "kvart", "name": "Donje Svetice", "color": "#aa45d3", "area_km2": 0.81, "mo_count": 1, "source": "derivirano: MO (data.zagreb.hr) + OSM imena", "jls_name": "Grad Zagreb", "jls_maticni_broj": "01333", "zupanija": "Grad Zagreb", "palette_idx": 1}}, {"type": "Feature", "id": 25, "geometry": {"type": "Polygon", "coordinates": [[[15.934475, 45.635017], [15.933731, 45.636042], [15.933702, 45.636276], [15.93408, 45.636805], [15.934099, 45.637801], [15.934221, 45.638196], [15.932609, 45.637784], [15.932053, 45.637718], [15.93177, 45.637225], [15.930457, 45.637458], [15.930256, 45.637667], [15.928096, 45.639098], [15.927034, 45.639668], [15.925384, 45.639805], [15.925801, 45.640001], [15.926715, 45.640978], [15.926938, 45.641803], [15.926891, 45.64204], [15.927206, 45.64353], [15.928483, 45.643805], [15.929959, 45.644501], [15.930983, 45.645701], [15.931363, 45.645837], [15.932183, 45.646363], [15.933181, 45.647521], [15.934059, 45.64958], [15.934196, 45.649631], [15.934243, 45.64951], [15.934689, 45.649314], [15.935595, 45.649145], [15.938195, 45.652724], [15.94001, 45.654164], [15.940469, 45.654864], [15.939789, 45.654852], [15.940068, 45.656066], [15.939191, 45.658039], [15.939016, 45.659421], [15.939119, 45.659663], [15.938945, 45.659807], [15.938972, 45.65991], [15.93871, 45.659785], [15.93852, 45.659793], [15.938205, 45.660083], [15.938385, 45.660293], [15.93831, 45.660429], [15.93846, 45.66054], [15.938758, 45.660502], [15.938862, 45.660577], [15.938803, 45.660729], [15.938996, 45.660879], [15.939331, 45.660891], [15.939686, 45.660561], [15.939973, 45.660464], [15.939942, 45.660627], [15.940075, 45.66088], [15.939956, 45.661032], [15.94005, 45.661359], [15.939982, 45.661565], [15.940249, 45.661759], [15.940461, 45.661762], [15.940297, 45.66197], [15.940484, 45.662141], [15.940315, 45.662244], [15.940951, 45.662534], [15.940658, 45.662887], [15.940671, 45.663115], [15.940334, 45.662833], [15.940182, 45.663025], [15.940001, 45.663058], [15.939953, 45.66293], [15.939464, 45.66305], [15.939336, 45.663163], [15.939452, 45.663452], [15.939196, 45.663613], [15.939243, 45.663786], [15.938929, 45.663953], [15.938987, 45.664171], [15.93883, 45.664277], [15.938932, 45.664424], [15.939214, 45.664497], [15.939128, 45.664624], [15.939174, 45.664911], [15.939269, 45.665132], [15.939524, 45.665286], [15.939428, 45.665464], [15.939719, 45.66568], [15.940061, 45.665729], [15.94021, 45.665959], [15.940434, 45.665975], [15.940175, 45.666361], [15.93999, 45.666365], [15.939702, 45.666521], [15.939846, 45.666881], [15.940411, 45.666866], [15.940566, 45.666756], [15.940657, 45.666798], [15.94078, 45.66705], [15.94064, 45.667213], [15.940729, 45.667334], [15.940941, 45.667269], [15.941499, 45.667575], [15.941358, 45.667624], [15.941246, 45.667839], [15.9413, 45.667908], [15.941646, 45.667956], [15.941642, 45.668038], [15.941589, 45.668138], [15.941389, 45.668066], [15.941352, 45.668208], [15.941674, 45.668356], [15.941992, 45.668154], [15.942063, 45.668334], [15.941904, 45.668492], [15.941968, 45.668594], [15.942101, 45.668611], [15.942444, 45.668367], [15.942542, 45.668907], [15.942755, 45.668854], [15.94276, 45.668997], [15.942857, 45.669019], [15.943118, 45.669007], [15.943222, 45.668893], [15.943381, 45.669127], [15.943351, 45.669246], [15.943592, 45.669256], [15.943167, 45.669426], [15.94323, 45.669529], [15.943474, 45.669532], [15.943578, 45.669665], [15.943428, 45.669871], [15.943569, 45.669992], [15.943493, 45.670075], [15.943646, 45.670172], [15.943449, 45.670212], [15.943311, 45.670388], [15.943476, 45.670479], [15.943321, 45.670714], [15.943018, 45.670667], [15.942939, 45.670741], [15.943059, 45.671215], [15.943302, 45.671262], [15.943185, 45.671404], [15.943225, 45.671631], [15.943128, 45.671771], [15.942698, 45.671822], [15.942433, 45.671656], [15.942202, 45.671686], [15.942229, 45.671821], [15.94258, 45.67208], [15.942431, 45.672112], [15.942213, 45.671943], [15.942073, 45.671957], [15.942185, 45.672251], [15.942364, 45.672277], [15.942313, 45.672336], [15.941766, 45.67245], [15.941842, 45.672299], [15.941777, 45.672217], [15.94159, 45.672222], [15.941421, 45.672504], [15.94108, 45.672431], [15.941415, 45.67225], [15.941389, 45.672081], [15.940865, 45.672037], [15.940541, 45.672352], [15.940619, 45.672639], [15.940839, 45.672646], [15.94059, 45.672768], [15.940494, 45.672663], [15.940333, 45.672642], [15.940203, 45.672831], [15.939998, 45.672715], [15.93982, 45.672773], [15.939722, 45.672908], [15.939505, 45.672966], [15.939262, 45.673174], [15.93932, 45.673253], [15.939665, 45.673285], [15.939657, 45.673383], [15.939381, 45.673405], [15.939265, 45.673572], [15.939118, 45.673374], [15.938979, 45.673382], [15.938871, 45.673769], [15.938639, 45.673736], [15.938544, 45.673596], [15.938514, 45.673413], [15.938692, 45.673212], [15.938586, 45.673143], [15.938363, 45.6733], [15.938177, 45.673262], [15.937952, 45.673479], [15.938006, 45.673597], [15.937779, 45.673542], [15.937659, 45.673697], [15.937568, 45.673562], [15.937424, 45.673654], [15.937493, 45.673941], [15.937187, 45.673897], [15.937002, 45.67398], [15.937054, 45.674154], [15.936797, 45.674331], [15.936757, 45.674451], [15.936886, 45.674536], [15.936681, 45.674594], [15.936288, 45.674461], [15.936139, 45.674731], [15.936007, 45.674604], [15.935707, 45.674619], [15.935636, 45.674782], [15.936037, 45.674879], [15.93571, 45.675171], [15.935752, 45.675281], [15.935404, 45.675184], [15.935241, 45.675292], [15.93543, 45.675369], [15.934996, 45.675288], [15.934698, 45.675502], [15.934729, 45.675366], [15.934456, 45.675191], [15.934005, 45.675404], [15.93427, 45.675577], [15.934473, 45.675842], [15.934427, 45.675952], [15.934304, 45.675965], [15.934323, 45.676097], [15.93475, 45.676223], [15.93448, 45.676352], [15.934171, 45.676278], [15.934071, 45.676541], [15.933846, 45.67654], [15.933468, 45.676757], [15.933453, 45.676691], [15.933343, 45.676693], [15.93334, 45.676889], [15.933645, 45.677047], [15.933881, 45.677], [15.933911, 45.67708], [15.932972, 45.677217], [15.932975, 45.677358], [15.933132, 45.677414], [15.933057, 45.677542], [15.932838, 45.677568], [15.932487, 45.677465], [15.932364, 45.67748], [15.932273, 45.677637], [15.932052, 45.677519], [15.932165, 45.677338], [15.93206, 45.677203], [15.931625, 45.677321], [15.931675, 45.677444], [15.931548, 45.677531], [15.931424, 45.677483], [15.931294, 45.677527], [15.931274, 45.677642], [15.931569, 45.677761], [15.93191, 45.677678], [15.932032, 45.677876], [15.931878, 45.677987], [15.932046, 45.678102], [15.931702, 45.678223], [15.931183, 45.677943], [15.931056, 45.677952], [15.931081, 45.678143], [15.931364, 45.678379], [15.931122, 45.678595], [15.931441, 45.678699], [15.931786, 45.678554], [15.932016, 45.678559], [15.932421, 45.678802], [15.932425, 45.678915], [15.932196, 45.679052], [15.93194, 45.678923], [15.93167, 45.679027], [15.931784, 45.679207], [15.9318, 45.679552], [15.931857, 45.679626], [15.931994, 45.679613], [15.931921, 45.679748], [15.931564, 45.679776], [15.931584, 45.679371], [15.931412, 45.6793], [15.931252, 45.679342], [15.931128, 45.679499], [15.931353, 45.679662], [15.931225, 45.679924], [15.931079, 45.679756], [15.930839, 45.679705], [15.930777, 45.680049], [15.931049, 45.680145], [15.931235, 45.680131], [15.931342, 45.68056], [15.931101, 45.680547], [15.930461, 45.680715], [15.930039, 45.681043], [15.93033, 45.681418], [15.930626, 45.681381], [15.931094, 45.68107], [15.93124, 45.681243], [15.930988, 45.681931], [15.931284, 45.682069], [15.931334, 45.682275], [15.93182, 45.68217], [15.931759, 45.682253], [15.931297, 45.682371], [15.931253, 45.682493], [15.931377, 45.682609], [15.931899, 45.682751], [15.932304, 45.682752], [15.932899, 45.682492], [15.932783, 45.68316], [15.93294, 45.683276], [15.933127, 45.683299], [15.933377, 45.683148], [15.933445, 45.683383], [15.933567, 45.683468], [15.933762, 45.683332], [15.933837, 45.683119], [15.933907, 45.683359], [15.933793, 45.683498], [15.933812, 45.683635], [15.933936, 45.6837], [15.934115, 45.6837], [15.934339, 45.683423], [15.934324, 45.683284], [15.93408, 45.683061], [15.934058, 45.682843], [15.934568, 45.682689], [15.934747, 45.682699], [15.934831, 45.683072], [15.934788, 45.683219], [15.934469, 45.683469], [15.934539, 45.683708], [15.934923, 45.683767], [15.935916, 45.683716], [15.935965, 45.683776], [15.935801, 45.683966], [15.93584, 45.684116], [15.935579, 45.683981], [15.935396, 45.684028], [15.935418, 45.684332], [15.934819, 45.684691], [15.934904, 45.684807], [15.935351, 45.68482], [15.93507, 45.68488], [15.935, 45.685046], [15.934778, 45.684931], [15.934694, 45.685007], [15.934781, 45.685161], [15.935004, 45.685297], [15.93535, 45.68572], [15.935498, 45.685725], [15.936149, 45.685198], [15.936374, 45.68542], [15.936528, 45.685897], [15.936832, 45.686074], [15.937078, 45.685924], [15.93717, 45.685567], [15.937408, 45.685567], [15.937574, 45.685807], [15.937375, 45.686108], [15.937191, 45.68606], [15.937109, 45.686126], [15.93717, 45.686266], [15.937839, 45.686248], [15.938461, 45.685736], [15.938756, 45.68584], [15.938822, 45.686026], [15.938592, 45.686138], [15.93805, 45.686189], [15.937844, 45.686424], [15.93787, 45.686518], [15.938604, 45.686859], [15.938871, 45.686841], [15.939096, 45.686508], [15.939318, 45.686464], [15.939459, 45.686511], [15.939311, 45.687072], [15.939033, 45.687289], [15.939079, 45.68739], [15.93937, 45.687415], [15.939541, 45.687331], [15.940209, 45.686734], [15.940275, 45.686618], [15.940165, 45.686446], [15.940405, 45.686385], [15.940705, 45.686565], [15.94084, 45.686736], [15.940853, 45.686967], [15.940975, 45.687046], [15.94128, 45.68707], [15.941668, 45.686788], [15.941792, 45.686807], [15.941597, 45.687083], [15.94127, 45.687098], [15.94109, 45.687623], [15.941318, 45.68779], [15.941768, 45.687797], [15.941967, 45.687579], [15.941922, 45.687181], [15.942101, 45.686953], [15.94257, 45.687073], [15.942938, 45.687314], [15.942943, 45.68747], [15.943068, 45.687513], [15.943448, 45.687356], [15.94367, 45.687098], [15.943686, 45.686874], [15.943853, 45.686962], [15.944013, 45.687286], [15.944166, 45.687326], [15.944528, 45.687046], [15.944741, 45.687025], [15.944876, 45.687313], [15.944683, 45.687394], [15.944886, 45.687666], [15.945053, 45.68772], [15.946038, 45.686064], [15.946239, 45.686095], [15.946432, 45.686336], [15.946603, 45.686398], [15.947151, 45.686359], [15.947809, 45.686459], [15.947741, 45.687122], [15.948473, 45.686786], [15.948464, 45.686245], [15.948918, 45.686033], [15.949943, 45.686382], [15.954146, 45.686228], [15.956859, 45.686211], [15.959401, 45.690229], [15.963731, 45.690156], [15.96386, 45.690081], [15.964045, 45.690242], [15.964229, 45.690229], [15.96464, 45.689826], [15.965102, 45.689745], [15.965228, 45.689566], [15.964882, 45.689445], [15.964507, 45.689685], [15.964141, 45.689628], [15.963994, 45.689484], [15.964068, 45.689342], [15.964528, 45.689351], [15.964376, 45.689182], [15.964547, 45.689142], [15.964752, 45.688782], [15.964648, 45.688523], [15.964903, 45.688337], [15.964868, 45.688189], [15.964434, 45.687715], [15.964555, 45.687662], [15.964464, 45.687452], [15.964632, 45.687307], [15.964475, 45.687113], [15.964779, 45.687045], [15.964949, 45.687077], [15.964758, 45.686818], [15.964805, 45.686686], [15.964653, 45.686648], [15.96462, 45.686546], [15.964844, 45.686471], [15.964798, 45.686254], [15.965081, 45.686091], [15.964907, 45.686015], [15.964782, 45.68581], [15.965081, 45.685715], [15.965245, 45.685374], [15.965474, 45.68533], [15.965586, 45.685212], [15.965457, 45.684995], [15.965905, 45.684327], [15.965607, 45.683998], [15.965973, 45.683797], [15.965827, 45.683574], [15.966422, 45.682592], [15.966782, 45.682442], [15.967123, 45.682518], [15.967322, 45.682464], [15.967313, 45.682168], [15.967591, 45.682023], [15.96758, 45.681851], [15.967752, 45.681685], [15.967675, 45.681522], [15.967883, 45.681298], [15.967837, 45.681178], [15.967508, 45.681036], [15.967619, 45.680871], [15.967503, 45.680716], [15.967604, 45.680504], [15.967401, 45.680517], [15.967267, 45.680423], [15.96661, 45.680553], [15.966538, 45.680405], [15.966312, 45.680278], [15.966673, 45.679949], [15.966616, 45.679865], [15.966735, 45.679758], [15.966583, 45.679631], [15.966627, 45.679518], [15.966851, 45.679461], [15.966689, 45.679334], [15.966822, 45.679109], [15.966711, 45.679069], [15.966859, 45.678866], [15.966726, 45.678762], [15.966971, 45.678345], [15.966699, 45.678391], [15.96651, 45.678303], [15.966546, 45.67814], [15.966802, 45.678155], [15.966943, 45.678007], [15.966914, 45.677942], [15.96676, 45.677974], [15.966679, 45.677913], [15.966852, 45.677827], [15.966762, 45.677724], [15.966955, 45.677568], [15.966635, 45.677426], [15.966633, 45.677281], [15.96646, 45.677192], [15.966567, 45.677054], [15.966384, 45.676991], [15.966361, 45.676888], [15.965966, 45.676873], [15.96611, 45.676764], [15.965993, 45.676577], [15.966238, 45.676604], [15.966319, 45.676548], [15.966142, 45.676485], [15.966161, 45.676369], [15.966005, 45.676223], [15.965787, 45.676241], [15.96574, 45.676051], [15.966037, 45.676046], [15.966386, 45.675713], [15.966072, 45.675708], [15.965886, 45.675823], [15.965755, 45.675694], [15.965974, 45.675282], [15.965502, 45.675329], [15.965395, 45.675185], [15.965565, 45.675066], [15.965359, 45.674872], [15.965613, 45.674713], [15.965434, 45.674651], [15.965548, 45.674452], [15.965399, 45.67438], [15.965203, 45.67447], [15.96506, 45.674401], [15.965394, 45.673996], [15.964924, 45.673947], [15.964986, 45.673582], [15.964663, 45.673314], [15.964847, 45.673253], [15.964897, 45.673133], [15.965009, 45.673114], [15.964978, 45.673043], [15.965173, 45.672943], [15.965298, 45.672557], [15.965202, 45.672196], [15.965433, 45.672108], [15.965275, 45.67191], [15.965532, 45.671758], [15.965698, 45.671274], [15.966033, 45.671193], [15.966064, 45.671074], [15.966246, 45.670965], [15.966231, 45.670834], [15.96579, 45.670271], [15.96526, 45.670285], [15.96503, 45.669947], [15.963722, 45.669012], [15.962785, 45.668561], [15.962627, 45.668231], [15.962913, 45.667462], [15.96277, 45.66724], [15.962226, 45.666917], [15.961938, 45.666601], [15.961866, 45.666296], [15.961118, 45.665844], [15.960198, 45.665844], [15.959804, 45.665703], [15.958908, 45.664881], [15.958688, 45.664405], [15.958667, 45.663872], [15.958787, 45.663255], [15.957162, 45.660223], [15.957178, 45.65978], [15.957449, 45.659171], [15.957727, 45.659013], [15.957732, 45.658193], [15.957064, 45.656953], [15.956958, 45.656963], [15.956657, 45.656102], [15.954973, 45.655845], [15.954738, 45.655749], [15.954493, 45.655456], [15.953929, 45.655345], [15.9532, 45.655071], [15.952166, 45.654936], [15.951824, 45.654572], [15.951717, 45.654199], [15.95138, 45.653652], [15.951047, 45.653409], [15.950978, 45.65314], [15.950711, 45.652902], [15.949333, 45.652272], [15.94917, 45.652106], [15.949083, 45.65179], [15.948864, 45.651811], [15.948843, 45.651613], [15.948456, 45.651658], [15.948752, 45.651254], [15.948718, 45.650093], [15.949105, 45.649137], [15.949133, 45.648448], [15.949401, 45.647474], [15.949456, 45.64661], [15.949177, 45.646048], [15.950015, 45.642842], [15.950161, 45.641869], [15.94979, 45.640751], [15.950126, 45.639585], [15.95022, 45.638043], [15.950535, 45.637457], [15.950109, 45.636813], [15.949246, 45.635859], [15.948816, 45.634895], [15.948075, 45.634432], [15.947931, 45.634245], [15.947188, 45.632548], [15.946797, 45.631917], [15.946793, 45.631404], [15.947262, 45.630034], [15.947034, 45.629831], [15.94702, 45.629553], [15.946863, 45.62958], [15.946736, 45.629764], [15.945057, 45.630328], [15.944388, 45.630657], [15.941797, 45.631627], [15.940487, 45.632327], [15.939633, 45.633362], [15.939187, 45.633522], [15.938884, 45.633745], [15.938737, 45.634107], [15.938449, 45.634179], [15.937462, 45.633989], [15.935842, 45.634089], [15.934359, 45.634936], [15.934475, 45.635017]]]}, "properties": {"id": 25, "razina": "kvart", "name": "Dragonožec", "color": "#d3d345", "area_km2": 10.36, "mo_count": 1, "source": "derivirano: MO (data.zagreb.hr) + OSM imena", "jls_name": "Grad Zagreb", "jls_maticni_broj": "01333", "zupanija": "Grad Zagreb", "palette_idx": 2}}, {"type": "Feature", "id": 26, "geometry": {"type": "Polygon", "coordinates": [[[16.217469, 45.838547], [16.217104, 45.838607], [16.216288, 45.838499], [16.216137, 45.837766], [16.215362, 45.837388], [16.215017, 45.837368], [16.214209, 45.835042], [16.213253, 45.835356], [16.212766, 45.834601], [16.211938, 45.834402], [16.211596, 45.834214], [16.21131, 45.834236], [16.211168, 45.833834], [16.211148, 45.833361], [16.209647, 45.831205], [16.209279, 45.830877], [16.208714, 45.830528], [16.208048, 45.830374], [16.207557, 45.829835], [16.206845, 45.82972], [16.205659, 45.829324], [16.205189, 45.829055], [16.204577, 45.82924], [16.201417, 45.829478], [16.201325, 45.83221], [16.197527, 45.832431], [16.197516, 45.831103], [16.1926, 45.831668], [16.192434, 45.832269], [16.192124, 45.832304], [16.191124, 45.832639], [16.191774, 45.833663], [16.192025, 45.833882], [16.192446, 45.834071], [16.191396, 45.836384], [16.192005, 45.839994], [16.193881, 45.839651], [16.194402, 45.83965], [16.199105, 45.841027], [16.20026, 45.841097], [16.20044, 45.841171], [16.201586, 45.843998], [16.205973, 45.843207], [16.208335, 45.842633], [16.2096, 45.842542], [16.210398, 45.842316], [16.212171, 45.842103], [16.212752, 45.841877], [16.213745, 45.841746], [16.214736, 45.841509], [16.215379, 45.841454], [16.215619, 45.841327], [16.216255, 45.840463], [16.217511, 45.83862], [16.217469, 45.838547]]]}, "properties": {"id": 26, "razina": "kvart", "name": "Drenčec", "color": "#45a9d3", "area_km2": 2.1, "mo_count": 1, "source": "derivirano: MO (data.zagreb.hr) + OSM imena", "jls_name": "Grad Zagreb", "jls_maticni_broj": "01333", "zupanija": "Grad Zagreb", "palette_idx": 1}}, {"type": "Feature", "id": 27, "geometry": {"type": "Polygon", "coordinates": [[[16.08275, 45.829601], [16.083051, 45.829075], [16.082402, 45.828697], [16.08236, 45.828775], [16.082208, 45.828734], [16.081911, 45.829079], [16.081492, 45.8293], [16.08142, 45.829241], [16.081183, 45.827031], [16.079902, 45.827258], [16.079779, 45.827208], [16.078834, 45.827351], [16.076434, 45.827894], [16.074883, 45.829681], [16.074406, 45.83006], [16.073776, 45.830759], [16.073367, 45.831624], [16.073571, 45.832218], [16.073236, 45.833463], [16.073936, 45.833304], [16.073935, 45.83363], [16.074041, 45.833697], [16.075959, 45.834523], [16.076813, 45.835091], [16.077006, 45.835258], [16.077022, 45.835455], [16.077526, 45.836152], [16.07731, 45.836713], [16.077583, 45.836684], [16.078251, 45.83636], [16.079213, 45.836091], [16.079787, 45.835656], [16.080092, 45.835597], [16.080525, 45.835342], [16.081046, 45.835308], [16.081059, 45.835172], [16.081289, 45.835152], [16.081567, 45.834962], [16.082837, 45.834797], [16.08324, 45.834278], [16.083786, 45.834047], [16.084477, 45.834043], [16.084106, 45.833181], [16.084245, 45.833145], [16.084205, 45.832855], [16.08312, 45.830054], [16.082933, 45.829588], [16.08275, 45.829601]]]}, "properties": {"id": 27, "razina": "kvart", "name": "Dubec", "color": "#d34580", "area_km2": 0.59, "mo_count": 1, "source": "derivirano: MO (data.zagreb.hr) + OSM imena", "jls_name": "Grad Zagreb", "jls_maticni_broj": "01333", "zupanija": "Grad Zagreb", "palette_idx": 2}}, {"type": "Feature", "id": 28, "geometry": {"type": "Polygon", "coordinates": [[[16.006529, 45.766168], [16.007512, 45.763068], [16.006402, 45.763034], [16.005598, 45.763159], [16.005184, 45.763332], [16.005468, 45.763733], [16.005462, 45.764636], [16.002263, 45.764588], [16.002122, 45.764289], [16.00168, 45.763952], [15.999009, 45.762382], [15.998687, 45.762269], [15.998882, 45.762028], [15.998915, 45.759689], [15.998675, 45.759655], [15.996597, 45.759815], [15.996454, 45.75988], [15.98989, 45.760401], [15.990045, 45.760815], [15.990045, 45.761461], [15.99062, 45.765489], [15.990493, 45.767557], [16.00334, 45.767968], [16.005729, 45.768307], [16.006529, 45.766168]]]}, "properties": {"id": 28, "razina": "kvart", "name": "Dugave", "color": "#56d345", "area_km2": 0.85, "mo_count": 1, "source": "derivirano: MO (data.zagreb.hr) + OSM imena", "jls_name": "Grad Zagreb", "jls_maticni_broj": "01333", "zupanija": "Grad Zagreb", "palette_idx": 0}}, {"type": "Feature", "id": 29, "geometry": {"type": "Polygon", "coordinates": [[[16.158408, 45.794494], [16.154285, 45.795582], [16.148364, 45.79696], [16.146284, 45.797379], [16.146396, 45.79764], [16.146285, 45.797663], [16.146168, 45.797392], [16.1448, 45.7977], [16.14394, 45.798042], [16.144347, 45.799236], [16.145681, 45.798937], [16.150466, 45.807055], [16.149595, 45.807423], [16.150898, 45.80947], [16.150251, 45.809589], [16.150417, 45.810412], [16.149857, 45.810489], [16.150576, 45.811705], [16.15047, 45.811724], [16.151185, 45.813047], [16.150973, 45.813092], [16.151772, 45.814541], [16.15194, 45.815194], [16.155032, 45.814371], [16.158386, 45.813716], [16.158671, 45.813613], [16.158857, 45.813438], [16.158738, 45.813274], [16.159146, 45.813133], [16.164264, 45.811891], [16.164121, 45.811648], [16.164447, 45.810104], [16.162869, 45.81056], [16.162266, 45.810021], [16.16114, 45.808458], [16.161283, 45.807484], [16.161208, 45.807407], [16.16165, 45.806741], [16.163382, 45.80543], [16.164054, 45.804568], [16.164237, 45.804616], [16.164959, 45.803375], [16.165384, 45.80304], [16.173872, 45.799848], [16.173789, 45.799305], [16.174004, 45.792225], [16.174182, 45.79216], [16.174216, 45.791994], [16.174286, 45.789544], [16.173953, 45.789273], [16.165683, 45.792216], [16.164177, 45.7929], [16.159698, 45.794286], [16.158408, 45.794494]]]}, "properties": {"id": 29, "razina": "kvart", "name": "Dumovec", "color": "#5d45d3", "area_km2": 3.3, "mo_count": 1, "source": "derivirano: MO (data.zagreb.hr) + OSM imena", "jls_name": "Grad Zagreb", "jls_maticni_broj": "01333", "zupanija": "Grad Zagreb", "palette_idx": 0}}, {"type": "Feature", "id": 30, "geometry": {"type": "Polygon", "coordinates": [[[16.027248, 45.802937], [16.036672, 45.798165], [16.033468, 45.797798], [16.031231, 45.797624], [16.018487, 45.797006], [16.018301, 45.796889], [16.01808, 45.796949], [16.018011, 45.796822], [16.016947, 45.796765], [16.01678, 45.796836], [16.016932, 45.796967], [16.016874, 45.797145], [16.014881, 45.798527], [16.012546, 45.800706], [16.01099, 45.802031], [16.011786, 45.802329], [16.0146, 45.802782], [16.015018, 45.802989], [16.016691, 45.803309], [16.02241, 45.804231], [16.023493, 45.804287], [16.0235, 45.804346], [16.023814, 45.804365], [16.024546, 45.804158], [16.027124, 45.802833], [16.027248, 45.802937]]]}, "properties": {"id": 30, "razina": "kvart", "name": "Ferenščica", "color": "#d38745", "area_km2": 0.99, "mo_count": 1, "source": "derivirano: MO (data.zagreb.hr) + OSM imena", "jls_name": "Grad Zagreb", "jls_maticni_broj": "01333", "zupanija": "Grad Zagreb", "palette_idx": 2}}, {"type": "Feature", "id": 31, "geometry": {"type": "Polygon", "coordinates": [[[16.004639, 45.789366], [16.002035, 45.792777], [16.000926, 45.794099], [15.999893, 45.795702], [16.006016, 45.796001], [16.00627, 45.795953], [16.00824, 45.796012], [16.014155, 45.796319], [16.014435, 45.794159], [16.013985, 45.794199], [16.011702, 45.793886], [16.010456, 45.793376], [16.010061, 45.793095], [16.009829, 45.792837], [16.00947, 45.791965], [16.009388, 45.790971], [16.008963, 45.789825], [16.006733, 45.789925], [16.006184, 45.789485], [16.005464, 45.789355], [16.004639, 45.789366]]]}, "properties": {"id": 31, "razina": "kvart", "name": "Folnegovićevo naselje", "color": "#45d3b0", "area_km2": 0.5, "mo_count": 2, "source": "derivirano: MO (data.zagreb.hr) + OSM imena", "jls_name": "Grad Zagreb", "jls_maticni_broj": "01333", "zupanija": "Grad Zagreb", "palette_idx": 3}}, {"type": "Feature", "id": 32, "geometry": {"type": "Polygon", "coordinates": [[[16.156724, 45.890781], [16.15722, 45.89011], [16.157829, 45.889756], [16.158304, 45.889637], [16.158757, 45.888858], [16.158461, 45.88866], [16.158442, 45.888085], [16.158015, 45.887371], [16.157981, 45.887246], [16.158095, 45.887145], [16.157895, 45.886822], [16.158041, 45.8866], [16.157947, 45.886013], [16.158227, 45.885862], [16.158351, 45.885352], [16.158513, 45.88525], [16.158481, 45.884765], [16.158685, 45.884342], [16.15846, 45.884184], [16.158557, 45.882999], [16.158753, 45.882195], [16.159054, 45.882238], [16.158708, 45.881875], [16.158997, 45.881679], [16.158384, 45.88053], [16.157582, 45.880211], [16.157662, 45.879755], [16.157576, 45.879242], [16.157253, 45.878972], [16.156459, 45.878855], [16.155663, 45.878869], [16.152109, 45.878099], [16.150042, 45.877715], [16.14891, 45.877588], [16.149188, 45.877042], [16.149084, 45.876874], [16.149216, 45.876377], [16.147986, 45.876282], [16.147404, 45.876136], [16.145796, 45.87568], [16.144871, 45.875168], [16.144859, 45.875218], [16.142341, 45.875611], [16.141805, 45.87639], [16.140777, 45.875838], [16.140829, 45.875344], [16.140595, 45.875295], [16.140657, 45.87558], [16.140423, 45.875902], [16.140048, 45.876105], [16.13984, 45.876501], [16.139009, 45.876829], [16.138651, 45.877244], [16.137959, 45.877613], [16.137499, 45.877993], [16.137384, 45.878226], [16.13664, 45.878684], [16.136013, 45.879263], [16.13556, 45.879405], [16.135103, 45.879951], [16.134772, 45.879964], [16.134623, 45.880143], [16.134619, 45.880639], [16.134417, 45.880996], [16.134169, 45.881067], [16.133315, 45.881077], [16.132978, 45.881375], [16.133042, 45.882311], [16.133441, 45.88244], [16.134223, 45.882511], [16.133739, 45.884582], [16.137711, 45.884877], [16.137556, 45.885638], [16.139559, 45.885812], [16.139797, 45.886337], [16.139088, 45.886401], [16.139306, 45.887659], [16.139627, 45.887688], [16.139746, 45.887297], [16.14158, 45.887346], [16.141349, 45.888342], [16.144032, 45.888711], [16.143773, 45.890259], [16.146201, 45.890502], [16.146164, 45.890689], [16.149471, 45.89096], [16.149628, 45.890154], [16.156724, 45.890781]]]}, "properties": {"id": 32, "razina": "kvart", "name": "Gajec", "color": "#d345cd", "area_km2": 2.4, "mo_count": 1, "source": "derivirano: MO (data.zagreb.hr) + OSM imena", "jls_name": "Grad Zagreb", "jls_maticni_broj": "01333", "zupanija": "Grad Zagreb", "palette_idx": 1}}, {"type": "Feature", "id": 33, "geometry": {"type": "Polygon", "coordinates": [[[15.935531, 45.783354], [15.932764, 45.784662], [15.930356, 45.786163], [15.929259, 45.787463], [15.929893, 45.788185], [15.930192, 45.788899], [15.930217, 45.789324], [15.930178, 45.78954], [15.930065, 45.789533], [15.929374, 45.789898], [15.929185, 45.790245], [15.929242, 45.791483], [15.92909, 45.791908], [15.929171, 45.792019], [15.929117, 45.792363], [15.929178, 45.79245], [15.929411, 45.792471], [15.929578, 45.792815], [15.929973, 45.793185], [15.931282, 45.793855], [15.931185, 45.794502], [15.934047, 45.794252], [15.936319, 45.794169], [15.936392, 45.794071], [15.936778, 45.794151], [15.936851, 45.792115], [15.93734, 45.791352], [15.937651, 45.789947], [15.937546, 45.787796], [15.93792, 45.787121], [15.938531, 45.786303], [15.938582, 45.786083], [15.938462, 45.784657], [15.938254, 45.784168], [15.937902, 45.783859], [15.937949, 45.783625], [15.937612, 45.783186], [15.937888, 45.782562], [15.938192, 45.782336], [15.936919, 45.78292], [15.935531, 45.783354]]]}, "properties": {"id": 33, "razina": "kvart", "name": "Gajevo", "color": "#a3d345", "area_km2": 0.68, "mo_count": 1, "source": "derivirano: MO (data.zagreb.hr) + OSM imena", "jls_name": "Grad Zagreb", "jls_maticni_broj": "01333", "zupanija": "Grad Zagreb", "palette_idx": 5}}, {"type": "Feature", "id": 34, "geometry": {"type": "Polygon", "coordinates": [[[16.123412, 45.831735], [16.124648, 45.827828], [16.123113, 45.827683], [16.123113, 45.827486], [16.123276, 45.827417], [16.123173, 45.827318], [16.123397, 45.827141], [16.123515, 45.826794], [16.123125, 45.82637], [16.122905, 45.82628], [16.122816, 45.826031], [16.122674, 45.826025], [16.122641, 45.825876], [16.122365, 45.825701], [16.12236, 45.825537], [16.122204, 45.825424], [16.122291, 45.825204], [16.122399, 45.825182], [16.122363, 45.824918], [16.122506, 45.824713], [16.122474, 45.824573], [16.122623, 45.824362], [16.122657, 45.824095], [16.119301, 45.824519], [16.11698, 45.824923], [16.115598, 45.82543], [16.113559, 45.826494], [16.112725, 45.826806], [16.112697, 45.826764], [16.111683, 45.827037], [16.111709, 45.827323], [16.111459, 45.827356], [16.11144, 45.827843], [16.110525, 45.829576], [16.10905, 45.835231], [16.109057, 45.836068], [16.109476, 45.837769], [16.109441, 45.838946], [16.11162, 45.838913], [16.111657, 45.839717], [16.113926, 45.839644], [16.114066, 45.839881], [16.114287, 45.839738], [16.115421, 45.84058], [16.115334, 45.840634], [16.117363, 45.843388], [16.11726, 45.843446], [16.122527, 45.850556], [16.124431, 45.848852], [16.125304, 45.847905], [16.126303, 45.846621], [16.126578, 45.846409], [16.128564, 45.84541], [16.12875, 45.845245], [16.128826, 45.84496], [16.129803, 45.843746], [16.130906, 45.842999], [16.124234, 45.837887], [16.124515, 45.837587], [16.124605, 45.837588], [16.124533, 45.837364], [16.124766, 45.837364], [16.124895, 45.837235], [16.12483, 45.837182], [16.125022, 45.837115], [16.124954, 45.836797], [16.125262, 45.836778], [16.125172, 45.836694], [16.125241, 45.836494], [16.125421, 45.836502], [16.12533, 45.836411], [16.125515, 45.836286], [16.125419, 45.836189], [16.125727, 45.835922], [16.125784, 45.835668], [16.126237, 45.835635], [16.126202, 45.835492], [16.126507, 45.835348], [16.126621, 45.835134], [16.126762, 45.835115], [16.126622, 45.83504], [16.126723, 45.834916], [16.126833, 45.834938], [16.127315, 45.834715], [16.127533, 45.834772], [16.127559, 45.834614], [16.127757, 45.834652], [16.127624, 45.834512], [16.127747, 45.834426], [16.127421, 45.834343], [16.127373, 45.834246], [16.127472, 45.834119], [16.127636, 45.834136], [16.127585, 45.833918], [16.127776, 45.833839], [16.127958, 45.833884], [16.127824, 45.83378], [16.127847, 45.833663], [16.128052, 45.833572], [16.127718, 45.833356], [16.127839, 45.833185], [16.128011, 45.833165], [16.127973, 45.833064], [16.127892, 45.833108], [16.127731, 45.833029], [16.127726, 45.83292], [16.127927, 45.832934], [16.127923, 45.832779], [16.128113, 45.832736], [16.12808, 45.83258], [16.128313, 45.832448], [16.126601, 45.832118], [16.126507, 45.832182], [16.123412, 45.831735]]]}, "properties": {"id": 34, "razina": "kvart", "name": "Gajišće", "color": "#457ad3", "area_km2": 2.66, "mo_count": 1, "source": "derivirano: MO (data.zagreb.hr) + OSM imena", "jls_name": "Grad Zagreb", "jls_maticni_broj": "01333", "zupanija": "Grad Zagreb", "palette_idx": 3}}, {"type": "Feature", "id": 35, "geometry": {"type": "Polygon", "coordinates": [[[15.872813, 45.813315], [15.86944, 45.81362], [15.869301, 45.813696], [15.869291, 45.816552], [15.869778, 45.817337], [15.870338, 45.818945], [15.872424, 45.819071], [15.873561, 45.819056], [15.875327, 45.819291], [15.878358, 45.819439], [15.880379, 45.819076], [15.878906, 45.816684], [15.878436, 45.814968], [15.878227, 45.813666], [15.878025, 45.813335], [15.875391, 45.813527], [15.872798, 45.813623], [15.872813, 45.813315]]]}, "properties": {"id": 35, "razina": "kvart", "name": "Gajnice", "color": "#d34550", "area_km2": 0.47, "mo_count": 1, "source": "derivirano: MO (data.zagreb.hr) + OSM imena", "jls_name": "Grad Zagreb", "jls_maticni_broj": "01333", "zupanija": "Grad Zagreb", "palette_idx": 3}}, {"type": "Feature", "id": 36, "geometry": {"type": "Polygon", "coordinates": [[[16.155668, 45.923667], [16.155755, 45.923971], [16.155688, 45.924367], [16.155834, 45.924453], [16.155825, 45.924609], [16.155658, 45.925097], [16.155461, 45.925175], [16.155504, 45.925293], [16.155267, 45.926137], [16.154897, 45.926682], [16.154187, 45.926837], [16.154356, 45.92746], [16.154161, 45.927808], [16.154046, 45.927848], [16.153862, 45.927782], [16.153588, 45.927859], [16.153572, 45.928158], [16.153447, 45.928223], [16.153497, 45.92841], [16.153149, 45.928548], [16.153141, 45.928654], [16.153045, 45.928677], [16.152491, 45.928633], [16.152292, 45.928885], [16.152288, 45.929115], [16.151823, 45.92905], [16.151752, 45.929174], [16.150804, 45.929079], [16.150328, 45.929388], [16.149823, 45.929471], [16.149721, 45.929656], [16.150219, 45.929665], [16.150251, 45.930036], [16.14957, 45.930143], [16.149363, 45.930021], [16.148052, 45.93], [16.147624, 45.930059], [16.147304, 45.929525], [16.146588, 45.929575], [16.146425, 45.929768], [16.146384, 45.93002], [16.146718, 45.930611], [16.147174, 45.930465], [16.147172, 45.930554], [16.14834, 45.931194], [16.148324, 45.931255], [16.148128, 45.93128], [16.147357, 45.931244], [16.147373, 45.931455], [16.147212, 45.931484], [16.147467, 45.931984], [16.147119, 45.932863], [16.146901, 45.932806], [16.146851, 45.932884], [16.146496, 45.932843], [16.146184, 45.932595], [16.145632, 45.932891], [16.145971, 45.933041], [16.145942, 45.933587], [16.145531, 45.933594], [16.144979, 45.933826], [16.144897, 45.934139], [16.144448, 45.934526], [16.144068, 45.934726], [16.144186, 45.934829], [16.143393, 45.934885], [16.143682, 45.935558], [16.143564, 45.935849], [16.143459, 45.935803], [16.143338, 45.936225], [16.142589, 45.936209], [16.141885, 45.936608], [16.141645, 45.936489], [16.141275, 45.936828], [16.14093, 45.936857], [16.140888, 45.937354], [16.140803, 45.937332], [16.140484, 45.937838], [16.140336, 45.937854], [16.140037, 45.937684], [16.13972, 45.937703], [16.139223, 45.937432], [16.138976, 45.937662], [16.139081, 45.937902], [16.138785, 45.937902], [16.138697, 45.938095], [16.138355, 45.938103], [16.138535, 45.938826], [16.13782, 45.939017], [16.138155, 45.939037], [16.138091, 45.939473], [16.137275, 45.939585], [16.137326, 45.939713], [16.137123, 45.939839], [16.137044, 45.940303], [16.137631, 45.941512], [16.137024, 45.94152], [16.136885, 45.941798], [16.136576, 45.941796], [16.136642, 45.942175], [16.135895, 45.942364], [16.136407, 45.943688], [16.136274, 45.943825], [16.136553, 45.943946], [16.136086, 45.944423], [16.135882, 45.944773], [16.135718, 45.944834], [16.13568, 45.945255], [16.13498, 45.94557], [16.134683, 45.945896], [16.134506, 45.945963], [16.134097, 45.946651], [16.133866, 45.946581], [16.133672, 45.946693], [16.133795, 45.947211], [16.133602, 45.947564], [16.133235, 45.947728], [16.133375, 45.94803], [16.133336, 45.948433], [16.133478, 45.949106], [16.133278, 45.949532], [16.133324, 45.950025], [16.133059, 45.95018], [16.132925, 45.950836], [16.132709, 45.951111], [16.132531, 45.951813], [16.132196, 45.951917], [16.131648, 45.952262], [16.130899, 45.952872], [16.130615, 45.953291], [16.130575, 45.954288], [16.130175, 45.954792], [16.128699, 45.95573], [16.128337, 45.956132], [16.127801, 45.95621], [16.126423, 45.958071], [16.126702, 45.958378], [16.126508, 45.959202], [16.125938, 45.959731], [16.12592, 45.959847], [16.125207, 45.9606], [16.124916, 45.961344], [16.124113, 45.961638], [16.124057, 45.962015], [16.123862, 45.96212], [16.123582, 45.962648], [16.122742, 45.963242], [16.121933, 45.963421], [16.121983, 45.963558], [16.121585, 45.963647], [16.121224, 45.963995], [16.12115, 45.964202], [16.120985, 45.964318], [16.120977, 45.96451], [16.120797, 45.964616], [16.120922, 45.964806], [16.120903, 45.964972], [16.120224, 45.965859], [16.120186, 45.966184], [16.119955, 45.96648], [16.119286, 45.9669], [16.119184, 45.967443], [16.119291, 45.9677], [16.118299, 45.967661], [16.117772, 45.96828], [16.118508, 45.96864], [16.118159, 45.968969], [16.118429, 45.969078], [16.119198, 45.969053], [16.119405, 45.968987], [16.11973, 45.968451], [16.120786, 45.967552], [16.121744, 45.967294], [16.122062, 45.967277], [16.122639, 45.967037], [16.123844, 45.966976], [16.124562, 45.967216], [16.12567, 45.967345], [16.126565, 45.967136], [16.126759, 45.966954], [16.12709, 45.966837], [16.127377, 45.966439], [16.128946, 45.965568], [16.129598, 45.964974], [16.129804, 45.96492], [16.131482, 45.964745], [16.132446, 45.964795], [16.133002, 45.964899], [16.133958, 45.964774], [16.136758, 45.965102], [16.137423, 45.965459], [16.13725, 45.965171], [16.137264, 45.965], [16.138319, 45.963636], [16.138248, 45.96329], [16.138326, 45.963139], [16.13975, 45.962093], [16.141618, 45.961296], [16.142189, 45.960817], [16.142413, 45.960018], [16.142125, 45.959181], [16.142217, 45.958724], [16.142493, 45.95833], [16.142885, 45.958156], [16.143384, 45.95779], [16.143844, 45.957272], [16.144655, 45.957224], [16.145741, 45.956358], [16.146263, 45.95583], [16.146506, 45.955357], [16.147007, 45.954739], [16.147184, 45.954315], [16.147822, 45.953797], [16.148013, 45.953498], [16.148273, 45.952661], [16.149558, 45.951565], [16.149764, 45.951191], [16.1499, 45.950824], [16.149781, 45.950527], [16.149853, 45.949864], [16.149629, 45.949538], [16.149726, 45.94864], [16.149393, 45.947999], [16.14949, 45.947661], [16.14976, 45.947478], [16.149909, 45.947257], [16.150353, 45.945906], [16.150477, 45.945044], [16.151176, 45.944177], [16.152007, 45.943371], [16.152375, 45.943158], [16.153428, 45.941752], [16.153001, 45.940635], [16.153322, 45.939565], [16.153121, 45.939172], [16.152637, 45.938942], [16.153038, 45.938934], [16.153444, 45.938638], [16.153611, 45.938394], [16.153747, 45.938353], [16.15369, 45.938029], [16.153442, 45.937728], [16.153622, 45.937206], [16.153127, 45.936913], [16.153356, 45.936851], [16.153908, 45.936963], [16.154226, 45.936268], [16.154583, 45.935966], [16.155093, 45.936189], [16.155326, 45.935917], [16.155569, 45.936047], [16.155613, 45.936002], [16.155973, 45.936094], [16.155707, 45.93651], [16.155402, 45.936769], [16.155607, 45.936994], [16.156436, 45.937141], [16.157872, 45.936938], [16.15809, 45.93677], [16.158143, 45.936147], [16.158351, 45.935731], [16.159176, 45.935195], [16.159574, 45.934619], [16.160248, 45.934465], [16.160967, 45.93442], [16.161665, 45.934198], [16.161839, 45.9341], [16.162019, 45.933701], [16.162234, 45.933577], [16.162765, 45.933539], [16.16307, 45.933238], [16.163067, 45.932576], [16.16357, 45.931809], [16.163685, 45.931471], [16.162924, 45.930642], [16.162759, 45.930238], [16.162793, 45.93003], [16.163331, 45.929468], [16.163618, 45.928677], [16.163482, 45.928154], [16.163724, 45.926714], [16.163172, 45.926121], [16.163133, 45.925753], [16.162254, 45.925315], [16.162203, 45.925212], [16.161924, 45.925231], [16.159645, 45.924931], [16.158978, 45.924583], [16.15854, 45.924143], [16.15822, 45.924039], [16.157231, 45.92347], [16.15701, 45.923451], [16.156561, 45.923739], [16.156275, 45.923683], [16.155668, 45.923667]]]}, "properties": {"id": 36, "razina": "kvart", "name": "Glavnica Donja", "color": "#45d363", "area_km2": 5.49, "mo_count": 1, "source": "derivirano: MO (data.zagreb.hr) + OSM imena", "jls_name": "Grad Zagreb", "jls_maticni_broj": "01333", "zupanija": "Grad Zagreb", "palette_idx": 2}}, {"type": "Feature", "id": 37, "geometry": {"type": "Polygon", "coordinates": [[[16.154947, 45.924606], [16.154365, 45.924384], [16.154021, 45.925223], [16.153119, 45.925098], [16.153156, 45.925049], [16.152755, 45.92484], [16.152621, 45.924889], [16.151955, 45.924575], [16.151708, 45.924822], [16.151385, 45.925406], [16.150827, 45.92459], [16.150221, 45.924224], [16.148269, 45.924046], [16.147869, 45.923719], [16.147359, 45.92359], [16.146722, 45.923704], [16.146378, 45.923871], [16.14604, 45.923935], [16.145121, 45.923869], [16.144929, 45.924063], [16.143223, 45.924332], [16.143226, 45.924526], [16.142512, 45.924543], [16.142557, 45.924899], [16.141697, 45.925046], [16.141286, 45.925232], [16.140446, 45.92532], [16.140411, 45.92542], [16.139752, 45.925352], [16.139784, 45.925561], [16.13927, 45.925941], [16.13894, 45.926108], [16.138525, 45.926116], [16.13804, 45.926302], [16.137528, 45.926745], [16.137374, 45.927081], [16.135541, 45.928171], [16.135403, 45.928427], [16.13551, 45.928822], [16.135518, 45.929749], [16.13595, 45.930555], [16.136308, 45.93166], [16.136001, 45.932606], [16.136183, 45.932991], [16.136323, 45.93431], [16.1362, 45.934528], [16.134023, 45.935719], [16.134336, 45.93634], [16.134129, 45.936785], [16.134036, 45.937327], [16.1335, 45.937724], [16.13325, 45.938128], [16.132588, 45.938792], [16.132418, 45.939655], [16.131781, 45.940182], [16.130563, 45.940793], [16.129718, 45.941785], [16.129676, 45.942059], [16.12985, 45.9428], [16.129588, 45.943605], [16.129003, 45.943842], [16.129074, 45.944748], [16.128861, 45.945817], [16.129012, 45.946188], [16.128992, 45.946557], [16.128823, 45.946698], [16.128046, 45.946936], [16.127498, 45.947728], [16.127404, 45.948112], [16.127815, 45.948966], [16.127831, 45.949389], [16.12744, 45.949806], [16.126844, 45.949903], [16.126265, 45.950202], [16.124965, 45.951103], [16.124333, 45.951657], [16.124407, 45.952349], [16.124061, 45.953515], [16.124085, 45.953912], [16.124354, 45.954362], [16.124392, 45.954984], [16.124066, 45.956098], [16.123316, 45.956678], [16.122924, 45.956787], [16.122633, 45.957224], [16.122229, 45.957507], [16.120551, 45.958235], [16.120287, 45.958747], [16.119807, 45.959133], [16.119564, 45.959595], [16.119264, 45.959925], [16.118812, 45.96019], [16.117976, 45.960464], [16.117643, 45.96072], [16.117562, 45.960996], [16.117664, 45.961395], [16.11713, 45.962551], [16.116767, 45.963716], [16.116952, 45.964826], [16.116907, 45.96589], [16.11663, 45.966297], [16.116543, 45.967469], [16.116889, 45.968166], [16.116815, 45.968568], [16.117422, 45.968831], [16.117895, 45.968862], [16.118159, 45.968969], [16.118508, 45.96864], [16.117772, 45.96828], [16.118299, 45.967661], [16.119291, 45.9677], [16.119184, 45.967443], [16.119286, 45.9669], [16.119955, 45.96648], [16.120186, 45.966184], [16.120224, 45.965859], [16.120903, 45.964972], [16.120922, 45.964806], [16.120797, 45.964616], [16.120977, 45.96451], [16.120985, 45.964318], [16.12115, 45.964202], [16.121224, 45.963995], [16.121585, 45.963647], [16.121983, 45.963558], [16.121933, 45.963421], [16.122742, 45.963242], [16.123582, 45.962648], [16.123862, 45.96212], [16.124057, 45.962015], [16.124113, 45.961638], [16.124916, 45.961344], [16.125207, 45.9606], [16.12592, 45.959847], [16.125938, 45.959731], [16.126508, 45.959202], [16.126702, 45.958378], [16.126423, 45.958071], [16.127801, 45.95621], [16.128337, 45.956132], [16.128699, 45.95573], [16.130175, 45.954792], [16.130575, 45.954288], [16.130615, 45.953291], [16.130899, 45.952872], [16.131648, 45.952262], [16.132196, 45.951917], [16.132531, 45.951813], [16.132709, 45.951111], [16.132925, 45.950836], [16.133059, 45.95018], [16.133324, 45.950025], [16.133278, 45.949532], [16.133478, 45.949106], [16.133336, 45.948433], [16.133375, 45.94803], [16.133235, 45.947728], [16.133602, 45.947564], [16.133795, 45.947211], [16.133672, 45.946693], [16.133866, 45.946581], [16.134097, 45.946651], [16.134506, 45.945963], [16.134683, 45.945896], [16.13498, 45.94557], [16.13568, 45.945255], [16.135718, 45.944834], [16.135882, 45.944773], [16.136086, 45.944423], [16.136553, 45.943946], [16.136274, 45.943825], [16.136407, 45.943688], [16.135895, 45.942364], [16.136642, 45.942175], [16.136576, 45.941796], [16.136885, 45.941798], [16.137024, 45.94152], [16.137631, 45.941512], [16.137044, 45.940303], [16.137123, 45.939839], [16.137326, 45.939713], [16.137275, 45.939585], [16.138091, 45.939473], [16.138155, 45.939037], [16.13782, 45.939017], [16.138535, 45.938826], [16.138355, 45.938103], [16.138697, 45.938095], [16.138785, 45.937902], [16.139081, 45.937902], [16.138976, 45.937662], [16.139223, 45.937432], [16.13972, 45.937703], [16.140037, 45.937684], [16.140336, 45.937854], [16.140484, 45.937838], [16.140803, 45.937332], [16.140888, 45.937354], [16.14093, 45.936857], [16.141275, 45.936828], [16.141645, 45.936489], [16.141885, 45.936608], [16.142589, 45.936209], [16.143338, 45.936225], [16.143459, 45.935803], [16.143564, 45.935849], [16.143682, 45.935558], [16.143393, 45.934885], [16.144186, 45.934829], [16.144068, 45.934726], [16.144448, 45.934526], [16.144897, 45.934139], [16.144979, 45.933826], [16.145531, 45.933594], [16.145942, 45.933587], [16.145971, 45.933041], [16.145632, 45.932891], [16.146184, 45.932595], [16.146496, 45.932843], [16.146851, 45.932884], [16.146901, 45.932806], [16.147119, 45.932863], [16.147467, 45.931984], [16.147212, 45.931484], [16.147373, 45.931455], [16.147357, 45.931244], [16.148128, 45.93128], [16.148324, 45.931255], [16.14834, 45.931194], [16.147172, 45.930554], [16.147174, 45.930465], [16.146718, 45.930611], [16.146384, 45.93002], [16.146425, 45.929768], [16.146588, 45.929575], [16.147304, 45.929525], [16.147624, 45.930059], [16.148052, 45.93], [16.149363, 45.930021], [16.14957, 45.930143], [16.150251, 45.930036], [16.150219, 45.929665], [16.149721, 45.929656], [16.149823, 45.929471], [16.150328, 45.929388], [16.150804, 45.929079], [16.151752, 45.929174], [16.151823, 45.92905], [16.152288, 45.929115], [16.152292, 45.928885], [16.152491, 45.928633], [16.153045, 45.928677], [16.153141, 45.928654], [16.153149, 45.928548], [16.153497, 45.92841], [16.153447, 45.928223], [16.153572, 45.928158], [16.153588, 45.927859], [16.153862, 45.927782], [16.154046, 45.927848], [16.154161, 45.927808], [16.154356, 45.92746], [16.154187, 45.926837], [16.154897, 45.926682], [16.155267, 45.926137], [16.155504, 45.925293], [16.155461, 45.925175], [16.155658, 45.925097], [16.155785, 45.924821], [16.155836, 45.92446], [16.155688, 45.924367], [16.154947, 45.924606]]]}, "properties": {"id": 37, "razina": "kvart", "name": "Glavnica Gornja", "color": "#8d45d3", "area_km2": 2.92, "mo_count": 1, "source": "derivirano: MO (data.zagreb.hr) + OSM imena", "jls_name": "Grad Zagreb", "jls_maticni_broj": "01333", "zupanija": "Grad Zagreb", "palette_idx": 1}}, {"type": "Feature", "id": 38, "geometry": {"type": "Polygon", "coordinates": [[[16.220311, 45.853715], [16.220554, 45.853531], [16.220514, 45.853456], [16.221501, 45.8532], [16.221579, 45.853047], [16.222222, 45.852663], [16.221994, 45.852572], [16.222043, 45.851728], [16.222879, 45.849763], [16.222443, 45.8497], [16.222997, 45.848686], [16.224453, 45.849026], [16.224651, 45.848949], [16.22478, 45.848769], [16.226471, 45.848683], [16.226663, 45.848155], [16.226577, 45.846954], [16.226893, 45.846956], [16.227183, 45.846657], [16.227471, 45.846577], [16.228843, 45.846376], [16.227943, 45.841424], [16.228856, 45.84113], [16.229278, 45.841305], [16.229662, 45.840866], [16.230143, 45.840948], [16.230354, 45.840755], [16.230863, 45.840666], [16.231022, 45.840541], [16.231277, 45.84004], [16.231536, 45.840339], [16.231768, 45.840315], [16.231857, 45.840197], [16.231838, 45.83973], [16.23199, 45.839584], [16.23208, 45.839577], [16.232265, 45.839771], [16.232882, 45.839959], [16.233271, 45.839874], [16.233659, 45.839961], [16.233866, 45.83903], [16.234462, 45.839148], [16.234751, 45.838883], [16.234833, 45.838893], [16.235338, 45.839498], [16.235505, 45.839541], [16.23574, 45.83943], [16.235913, 45.8389], [16.236145, 45.838664], [16.236463, 45.838714], [16.237355, 45.83859], [16.237707, 45.838249], [16.237848, 45.838379], [16.237896, 45.838644], [16.238146, 45.838741], [16.238319, 45.838668], [16.238513, 45.837965], [16.238947, 45.837845], [16.239129, 45.837666], [16.239589, 45.837454], [16.239376, 45.83684], [16.239131, 45.836992], [16.238911, 45.836653], [16.238626, 45.836509], [16.238087, 45.836504], [16.237614, 45.836413], [16.237491, 45.83634], [16.23729, 45.835807], [16.237089, 45.835775], [16.236629, 45.835898], [16.236299, 45.836251], [16.235606, 45.836148], [16.235424, 45.835983], [16.234816, 45.835972], [16.234621, 45.836128], [16.234825, 45.836549], [16.234477, 45.836672], [16.233949, 45.83706], [16.232982, 45.83722], [16.232779, 45.837203], [16.232357, 45.836921], [16.231874, 45.836961], [16.231785, 45.836596], [16.231578, 45.83647], [16.231306, 45.836481], [16.22996, 45.836873], [16.228718, 45.837016], [16.228402, 45.837126], [16.22807, 45.837421], [16.227757, 45.837373], [16.227653, 45.837091], [16.226888, 45.836761], [16.226037, 45.836719], [16.225834, 45.836823], [16.225709, 45.837015], [16.225725, 45.837302], [16.225313, 45.837149], [16.224939, 45.837178], [16.224435, 45.837469], [16.22423, 45.837365], [16.223992, 45.837395], [16.223498, 45.837721], [16.222581, 45.838126], [16.220458, 45.838517], [16.220157, 45.838657], [16.219782, 45.838601], [16.218887, 45.838625], [16.218191, 45.838243], [16.217943, 45.838256], [16.217469, 45.838547], [16.217511, 45.83862], [16.216255, 45.840463], [16.215619, 45.841327], [16.215379, 45.841454], [16.214736, 45.841509], [16.213745, 45.841746], [16.212752, 45.841877], [16.212171, 45.842103], [16.210398, 45.842316], [16.2096, 45.842542], [16.208335, 45.842633], [16.205973, 45.843207], [16.19867, 45.844537], [16.199237, 45.846028], [16.199791, 45.845923], [16.200295, 45.847281], [16.200179, 45.847379], [16.199508, 45.847514], [16.199653, 45.849469], [16.199425, 45.850381], [16.199861, 45.850399], [16.199969, 45.85033], [16.201005, 45.850852], [16.200764, 45.850963], [16.200483, 45.851551], [16.200069, 45.851962], [16.199623, 45.851936], [16.199221, 45.852], [16.19896, 45.851834], [16.198824, 45.851852], [16.19866, 45.852186], [16.198343, 45.852318], [16.198226, 45.852796], [16.198314, 45.85302], [16.198561, 45.853041], [16.198488, 45.853431], [16.198669, 45.853497], [16.19876, 45.853706], [16.199078, 45.853709], [16.198983, 45.853864], [16.198626, 45.853777], [16.198318, 45.853882], [16.198051, 45.853837], [16.197796, 45.853894], [16.197937, 45.854209], [16.197521, 45.854751], [16.197369, 45.854731], [16.197233, 45.854552], [16.196975, 45.854444], [16.196807, 45.854452], [16.196662, 45.854578], [16.196786, 45.8547], [16.196947, 45.8552], [16.19663, 45.855098], [16.196234, 45.855097], [16.203616, 45.864287], [16.207322, 45.86251], [16.207836, 45.863145], [16.211474, 45.861439], [16.208949, 45.858257], [16.209767, 45.857662], [16.210397, 45.857762], [16.211643, 45.857709], [16.213292, 45.857385], [16.21336, 45.857633], [16.21408, 45.857776], [16.215041, 45.858294], [16.215515, 45.858399], [16.215985, 45.858412], [16.215867, 45.857209], [16.215959, 45.856595], [16.215695, 45.85643], [16.215799, 45.855178], [16.215919, 45.854858], [16.216772, 45.854232], [16.218504, 45.854075], [16.220041, 45.853633], [16.220311, 45.853715]]]}, "properties": {"id": 38, "razina": "kvart", "name": "Glavničica", "color": "#d3b645", "area_km2": 4.32, "mo_count": 1, "source": "derivirano: MO (data.zagreb.hr) + OSM imena", "jls_name": "Grad Zagreb", "jls_maticni_broj": "01333", "zupanija": "Grad Zagreb", "palette_idx": 2}}, {"type": "Feature", "id": 39, "geometry": {"type": "Polygon", "coordinates": [[[16.089693, 45.901451], [16.089913, 45.901402], [16.089982, 45.900906], [16.090592, 45.899925], [16.090817, 45.898867], [16.091148, 45.898005], [16.091558, 45.897747], [16.091692, 45.897542], [16.091737, 45.897009], [16.091993, 45.896742], [16.092873, 45.896197], [16.09274, 45.89605], [16.092684, 45.895749], [16.092749, 45.89539], [16.092663, 45.894781], [16.092412, 45.894541], [16.092208, 45.894017], [16.091432, 45.893366], [16.091325, 45.893066], [16.090814, 45.89269], [16.090713, 45.892372], [16.090084, 45.891746], [16.088899, 45.89152], [16.088421, 45.891116], [16.088185, 45.89107], [16.087952, 45.890706], [16.087293, 45.890604], [16.087223, 45.890143], [16.087309, 45.889804], [16.08764, 45.889331], [16.087433, 45.888923], [16.087417, 45.888751], [16.087529, 45.888619], [16.086808, 45.888789], [16.086426, 45.888802], [16.084536, 45.888344], [16.084323, 45.888028], [16.083807, 45.887553], [16.083244, 45.887327], [16.083149, 45.887179], [16.083262, 45.886571], [16.082986, 45.886185], [16.082708, 45.886383], [16.082427, 45.886934], [16.082428, 45.887718], [16.082013, 45.888106], [16.081294, 45.888362], [16.08055, 45.889009], [16.07901, 45.889606], [16.077404, 45.889965], [16.076786, 45.89045], [16.075083, 45.890892], [16.073373, 45.891172], [16.072278, 45.891547], [16.07194, 45.891751], [16.071691, 45.892225], [16.071378, 45.892478], [16.070908, 45.893901], [16.06996, 45.89522], [16.069867, 45.895725], [16.069499, 45.896207], [16.070116, 45.896467], [16.070787, 45.896949], [16.070804, 45.89713], [16.071051, 45.897234], [16.07149, 45.898573], [16.071893, 45.899217], [16.072167, 45.899246], [16.072111, 45.900087], [16.072918, 45.900398], [16.072908, 45.900543], [16.072164, 45.900694], [16.070746, 45.901499], [16.070371, 45.902017], [16.069961, 45.903141], [16.070424, 45.90379], [16.071202, 45.904258], [16.071791, 45.904773], [16.072071, 45.905114], [16.072168, 45.905681], [16.072374, 45.906039], [16.073089, 45.906858], [16.07319, 45.911028], [16.073329, 45.912212], [16.07352, 45.912595], [16.073345, 45.913535], [16.073606, 45.913727], [16.074385, 45.913099], [16.075156, 45.913696], [16.075974, 45.913589], [16.076105, 45.913821], [16.077374, 45.913196], [16.078121, 45.913059], [16.078116, 45.913216], [16.079843, 45.912851], [16.080088, 45.912304], [16.0809, 45.911644], [16.08102, 45.910914], [16.081338, 45.910509], [16.081981, 45.910178], [16.08204, 45.909591], [16.082396, 45.909251], [16.082493, 45.908938], [16.082695, 45.908767], [16.082822, 45.90822], [16.082836, 45.907773], [16.082103, 45.906851], [16.08213, 45.906463], [16.081829, 45.906208], [16.081917, 45.905883], [16.081172, 45.905651], [16.081103, 45.905382], [16.080954, 45.905334], [16.080721, 45.905085], [16.080377, 45.905025], [16.080245, 45.904887], [16.080789, 45.90496], [16.08105, 45.905134], [16.082481, 45.905655], [16.083609, 45.906391], [16.084114, 45.906203], [16.084726, 45.906215], [16.08473, 45.905679], [16.08531, 45.905029], [16.085561, 45.904461], [16.085843, 45.904203], [16.086577, 45.9039], [16.087091, 45.903402], [16.087141, 45.903284], [16.086841, 45.902247], [16.08693, 45.902056], [16.088442, 45.901406], [16.089693, 45.901451]]]}, "properties": {"id": 39, "razina": "kvart", "name": "Goranec", "color": "#45c7d3", "area_km2": 3.15, "mo_count": 1, "source": "derivirano: MO (data.zagreb.hr) + OSM imena", "jls_name": "Grad Zagreb", "jls_maticni_broj": "01333", "zupanija": "Grad Zagreb", "palette_idx": 2}}, {"type": "Feature", "id": 40, "geometry": {"type": "Polygon", "coordinates": [[[16.047323, 45.82709], [16.042982, 45.825543], [16.039236, 45.824575], [16.039124, 45.824538], [16.039178, 45.824464], [16.038604, 45.824334], [16.038698, 45.82413], [16.038542, 45.824086], [16.03817, 45.824004], [16.038124, 45.824111], [16.03782, 45.824275], [16.035471, 45.823761], [16.035389, 45.823941], [16.035336, 45.825522], [16.034805, 45.828024], [16.033286, 45.832026], [16.032976, 45.833208], [16.032585, 45.836897], [16.032426, 45.837476], [16.031824, 45.838504], [16.031005, 45.839287], [16.030172, 45.839804], [16.030301, 45.839907], [16.029862, 45.840098], [16.029571, 45.839973], [16.029416, 45.840048], [16.029433, 45.840258], [16.029173, 45.840386], [16.028898, 45.840294], [16.028888, 45.840609], [16.028448, 45.841617], [16.028852, 45.844207], [16.028796, 45.844572], [16.02842, 45.845301], [16.02869, 45.845369], [16.028775, 45.845303], [16.029237, 45.845367], [16.029604, 45.844593], [16.029796, 45.844538], [16.030132, 45.843062], [16.030736, 45.84316], [16.031005, 45.843403], [16.031353, 45.843561], [16.033454, 45.843891], [16.033472, 45.844558], [16.033754, 45.84494], [16.034044, 45.843742], [16.034497, 45.843767], [16.03455, 45.84362], [16.034906, 45.843624], [16.034963, 45.84455], [16.034896, 45.844731], [16.035026, 45.844808], [16.034938, 45.844932], [16.035338, 45.844927], [16.035564, 45.844795], [16.035698, 45.844362], [16.036031, 45.843928], [16.036622, 45.843418], [16.038773, 45.843425], [16.038875, 45.843375], [16.038478, 45.845575], [16.038933, 45.846063], [16.038661, 45.846672], [16.038834, 45.847007], [16.038673, 45.84712], [16.038825, 45.847242], [16.038681, 45.847313], [16.038811, 45.847409], [16.038607, 45.847841], [16.038309, 45.847995], [16.040031, 45.848871], [16.041015, 45.84911], [16.041349, 45.849071], [16.041783, 45.849197], [16.042126, 45.849217], [16.04231, 45.849105], [16.043533, 45.847976], [16.043815, 45.847297], [16.043806, 45.846335], [16.045111, 45.844691], [16.045563, 45.843808], [16.047018, 45.842098], [16.04585, 45.841736], [16.045966, 45.841588], [16.0449, 45.841419], [16.045153, 45.840929], [16.04537, 45.840899], [16.045665, 45.840685], [16.046149, 45.83913], [16.046383, 45.838774], [16.046818, 45.838421], [16.046309, 45.838046], [16.046679, 45.837429], [16.046943, 45.837244], [16.047539, 45.83636], [16.048196, 45.83515], [16.048852, 45.833619], [16.049318, 45.832841], [16.051625, 45.829427], [16.051686, 45.829339], [16.052178, 45.829514], [16.05266, 45.828818], [16.047323, 45.82709]]]}, "properties": {"id": 40, "razina": "kvart", "name": "Gornja Dubrava", "color": "#d3459d", "area_km2": 2.77, "mo_count": 2, "source": "derivirano: MO (data.zagreb.hr) + OSM imena", "jls_name": "Grad Zagreb", "jls_maticni_broj": "01333", "zupanija": "Grad Zagreb", "palette_idx": 2}}, {"type": "Feature", "id": 41, "geometry": {"type": "MultiPolygon", "coordinates": [[[[15.934613, 45.819153], [15.935187, 45.81861], [15.935387, 45.817804], [15.936, 45.817818], [15.935975, 45.817625], [15.935572, 45.816935], [15.935764, 45.816924], [15.935766, 45.816562], [15.935585, 45.81656], [15.935539, 45.816354], [15.934992, 45.816307], [15.935005, 45.816119], [15.933056, 45.815664], [15.933067, 45.814921], [15.932979, 45.814842], [15.932291, 45.814709], [15.931722, 45.814724], [15.93166, 45.814842], [15.930858, 45.814705], [15.928668, 45.814652], [15.927961, 45.814542], [15.928094, 45.814216], [15.927869, 45.814186], [15.927919, 45.813991], [15.927011, 45.813861], [15.926939, 45.814068], [15.926318, 45.814093], [15.926297, 45.813797], [15.925967, 45.813756], [15.925982, 45.814496], [15.925759, 45.814543], [15.925783, 45.814639], [15.925552, 45.814678], [15.92554, 45.814783], [15.925394, 45.81477], [15.925438, 45.815023], [15.92554, 45.815005], [15.925546, 45.815113], [15.925118, 45.815183], [15.925442, 45.815646], [15.925356, 45.815639], [15.925405, 45.816057], [15.92426, 45.815998], [15.924145, 45.816237], [15.923679, 45.816154], [15.923104, 45.816443], [15.9224, 45.816584], [15.922126, 45.816847], [15.922022, 45.817189], [15.921746, 45.817433], [15.921523, 45.817515], [15.921003, 45.817498], [15.920607, 45.817662], [15.919388, 45.817954], [15.91895, 45.818158], [15.918126, 45.818826], [15.916521, 45.819528], [15.915734, 45.819764], [15.914231, 45.820033], [15.913109, 45.819917], [15.912252, 45.820193], [15.912211, 45.820356], [15.912654, 45.820769], [15.91225, 45.820983], [15.912703, 45.821602], [15.912872, 45.82235], [15.913353, 45.822674], [15.913468, 45.824056], [15.914093, 45.825693], [15.914022, 45.826689], [15.9141, 45.826842], [15.913258, 45.827534], [15.912287, 45.828154], [15.91176, 45.828678], [15.911381, 45.828879], [15.911169, 45.828892], [15.911111, 45.829242], [15.910528, 45.829723], [15.910344, 45.830112], [15.910662, 45.830644], [15.910872, 45.831448], [15.911159, 45.831787], [15.911409, 45.832811], [15.911855, 45.83308], [15.912041, 45.83363], [15.912267, 45.833839], [15.912116, 45.834175], [15.912144, 45.834627], [15.911112, 45.835982], [15.91108, 45.836166], [15.910997, 45.836113], [15.910943, 45.836158], [15.911265, 45.836338], [15.911523, 45.836683], [15.911849, 45.837611], [15.911452, 45.83964], [15.911611, 45.839888], [15.911656, 45.840277], [15.912097, 45.840923], [15.912632, 45.841104], [15.912511, 45.841217], [15.912505, 45.841499], [15.912099, 45.841759], [15.912219, 45.841827], [15.918399, 45.841857], [15.920759, 45.842067], [15.922304, 45.842993], [15.921668, 45.843712], [15.921899, 45.843601], [15.922272, 45.843608], [15.923008, 45.843781], [15.923541, 45.843648], [15.924057, 45.843766], [15.925136, 45.843757], [15.92579, 45.843596], [15.926863, 45.843508], [15.927078, 45.843405], [15.926906, 45.843243], [15.927195, 45.842863], [15.926785, 45.84274], [15.92671, 45.842624], [15.926828, 45.841903], [15.926729, 45.841902], [15.926751, 45.84166], [15.92651, 45.841031], [15.926293, 45.841061], [15.924753, 45.840558], [15.92481, 45.840115], [15.925105, 45.84015], [15.925133, 45.838882], [15.924522, 45.837795], [15.925417, 45.837404], [15.925071, 45.836694], [15.925565, 45.83652], [15.925514, 45.836476], [15.925829, 45.836298], [15.925778, 45.83625], [15.926128, 45.836053], [15.925571, 45.835898], [15.925819, 45.835554], [15.927072, 45.832249], [15.926466, 45.832146], [15.926411, 45.831885], [15.926603, 45.831603], [15.926419, 45.831377], [15.926184, 45.831395], [15.926055, 45.830642], [15.925473, 45.830882], [15.92499, 45.83084], [15.924863, 45.830344], [15.925013, 45.830143], [15.924966, 45.829798], [15.925655, 45.829556], [15.925533, 45.829454], [15.925635, 45.829], [15.925261, 45.828762], [15.925451, 45.828687], [15.925234, 45.828496], [15.924974, 45.827885], [15.924752, 45.827773], [15.924946, 45.827714], [15.925019, 45.827495], [15.925127, 45.827467], [15.925363, 45.827752], [15.925775, 45.827505], [15.926413, 45.827796], [15.926712, 45.828287], [15.927243, 45.828248], [15.927035, 45.827684], [15.927236, 45.827623], [15.926978, 45.827252], [15.926931, 45.826737], [15.926845, 45.826561], [15.926591, 45.826623], [15.926537, 45.826523], [15.927001, 45.826455], [15.926858, 45.826067], [15.927069, 45.825297], [15.928167, 45.825394], [15.928195, 45.825476], [15.928703, 45.825581], [15.928859, 45.825323], [15.928977, 45.825373], [15.929689, 45.824775], [15.929772, 45.824333], [15.930094, 45.824286], [15.930297, 45.824058], [15.931306, 45.823397], [15.93234, 45.823965], [15.933153, 45.823155], [15.93341, 45.822701], [15.933849, 45.820596], [15.934613, 45.819153]]], [[[15.920559, 45.845111], [15.920806, 45.845071], [15.92081, 45.844664], [15.920459, 45.845056], [15.920559, 45.845111]]]]}, "properties": {"id": 41, "razina": "kvart", "name": "Gornja Kustošija", "color": "#74d345", "area_km2": 3.61, "mo_count": 1, "source": "derivirano: MO (data.zagreb.hr) + OSM imena", "jls_name": "Grad Zagreb", "jls_maticni_broj": "01333", "zupanija": "Grad Zagreb", "palette_idx": 1}}, {"type": "Feature", "id": 42, "geometry": {"type": "Polygon", "coordinates": [[[15.906215, 45.824113], [15.90536, 45.824402], [15.904903, 45.824722], [15.904861, 45.825082], [15.904642, 45.82542], [15.902468, 45.825417], [15.902354, 45.825023], [15.899379, 45.825144], [15.899058, 45.825107], [15.898892, 45.824986], [15.898406, 45.825304], [15.897972, 45.825459], [15.897639, 45.825952], [15.89752, 45.825976], [15.897666, 45.826503], [15.896452, 45.826485], [15.896349, 45.827168], [15.89573, 45.827892], [15.895251, 45.828627], [15.894756, 45.829534], [15.894512, 45.830274], [15.894102, 45.830594], [15.893857, 45.831718], [15.892665, 45.833485], [15.892251, 45.834419], [15.892661, 45.834726], [15.892385, 45.83509], [15.892236, 45.835585], [15.89187, 45.836031], [15.891626, 45.836676], [15.891201, 45.837392], [15.890714, 45.837911], [15.890661, 45.838778], [15.890117, 45.839495], [15.88991, 45.840595], [15.890068, 45.840617], [15.889944, 45.840906], [15.890593, 45.840974], [15.890648, 45.84108], [15.890491, 45.841813], [15.892049, 45.841767], [15.896244, 45.840692], [15.899001, 45.83824], [15.899945, 45.837821], [15.903293, 45.837552], [15.90561, 45.838808], [15.908099, 45.839495], [15.912099, 45.841759], [15.912505, 45.841499], [15.912511, 45.841217], [15.912632, 45.841104], [15.912097, 45.840923], [15.911656, 45.840277], [15.911611, 45.839888], [15.911452, 45.83964], [15.911849, 45.837611], [15.911523, 45.836683], [15.911265, 45.836338], [15.910943, 45.836158], [15.910997, 45.836113], [15.91108, 45.836166], [15.911112, 45.835982], [15.912144, 45.834627], [15.912116, 45.834175], [15.912267, 45.833839], [15.912041, 45.83363], [15.911855, 45.83308], [15.911409, 45.832811], [15.911159, 45.831787], [15.910872, 45.831448], [15.910662, 45.830644], [15.910347, 45.830158], [15.910528, 45.829723], [15.911111, 45.829242], [15.911169, 45.828892], [15.910729, 45.828392], [15.910343, 45.828361], [15.909737, 45.827938], [15.909099, 45.827368], [15.909113, 45.827073], [15.908988, 45.827004], [15.908805, 45.826967], [15.907946, 45.827165], [15.906895, 45.826383], [15.905468, 45.826161], [15.905402, 45.824959], [15.905578, 45.824652], [15.906215, 45.824113]]]}, "properties": {"id": 42, "razina": "kvart", "name": "Gornje Vrapče", "color": "#454ad3", "area_km2": 2.13, "mo_count": 1, "source": "derivirano: MO (data.zagreb.hr) + OSM imena", "jls_name": "Grad Zagreb", "jls_maticni_broj": "01333", "zupanija": "Grad Zagreb", "palette_idx": 2}}, {"type": "Feature", "id": 43, "geometry": {"type": "MultiPolygon", "coordinates": [[[[15.880429, 45.819067], [15.878505, 45.819438], [15.877191, 45.819413], [15.876331, 45.819296], [15.875327, 45.819291], [15.873561, 45.819056], [15.872424, 45.819071], [15.870338, 45.818945], [15.869778, 45.817337], [15.869291, 45.816552], [15.869302, 45.813624], [15.869136, 45.813624], [15.869134, 45.813694], [15.864471, 45.813943], [15.864458, 45.813792], [15.861375, 45.813908], [15.861366, 45.814844], [15.861194, 45.814895], [15.860727, 45.815289], [15.860602, 45.815698], [15.860334, 45.815967], [15.861328, 45.816017], [15.861193, 45.816046], [15.861265, 45.816827], [15.861949, 45.81699], [15.861612, 45.817504], [15.862075, 45.817714], [15.861419, 45.818291], [15.861343, 45.818638], [15.861144, 45.818482], [15.860414, 45.818919], [15.860499, 45.819081], [15.860973, 45.819297], [15.860315, 45.819498], [15.859909, 45.82018], [15.859315, 45.82065], [15.858536, 45.820984], [15.857877, 45.820948], [15.857827, 45.821019], [15.858093, 45.821641], [15.857429, 45.822011], [15.857232, 45.822288], [15.857369, 45.822853], [15.857648, 45.823281], [15.857653, 45.823522], [15.85759, 45.823691], [15.856713, 45.823534], [15.856507, 45.823824], [15.856527, 45.825448], [15.856766, 45.825429], [15.85685, 45.825786], [15.856979, 45.825774], [15.857038, 45.826046], [15.857217, 45.826136], [15.857233, 45.826291], [15.857521, 45.826277], [15.857473, 45.82647], [15.857616, 45.826503], [15.857578, 45.826346], [15.857825, 45.826329], [15.857765, 45.826088], [15.858665, 45.8262], [15.858688, 45.82613], [15.859469, 45.826189], [15.85961, 45.825864], [15.860884, 45.826026], [15.861764, 45.826051], [15.861876, 45.82613], [15.861975, 45.826052], [15.862107, 45.826424], [15.862071, 45.826748], [15.861542, 45.827599], [15.861027, 45.828701], [15.861964, 45.828726], [15.862395, 45.829738], [15.8622, 45.82986], [15.862299, 45.829932], [15.862528, 45.829674], [15.862801, 45.829835], [15.863059, 45.829594], [15.863617, 45.829806], [15.863078, 45.830309], [15.863123, 45.830384], [15.863598, 45.830299], [15.864468, 45.83056], [15.864, 45.830852], [15.864128, 45.830954], [15.864329, 45.831042], [15.864893, 45.830777], [15.865576, 45.830994], [15.865279, 45.831167], [15.865563, 45.831577], [15.865567, 45.831724], [15.865354, 45.83189], [15.865634, 45.832066], [15.865796, 45.831955], [15.865874, 45.832015], [15.865623, 45.832205], [15.865909, 45.832348], [15.866207, 45.832117], [15.866863, 45.832459], [15.86659, 45.832609], [15.86663, 45.832982], [15.865979, 45.833399], [15.866075, 45.833689], [15.866371, 45.833991], [15.86733, 45.833545], [15.868102, 45.834083], [15.870119, 45.836834], [15.87145, 45.836595], [15.871922, 45.835848], [15.87175, 45.8351], [15.873853, 45.837373], [15.876256, 45.83673], [15.876599, 45.835309], [15.874454, 45.832618], [15.875134, 45.832085], [15.875099, 45.832025], [15.875489, 45.831944], [15.875134, 45.831648], [15.874829, 45.831213], [15.874812, 45.830926], [15.875132, 45.83006], [15.875454, 45.829508], [15.875444, 45.829139], [15.875214, 45.828699], [15.874525, 45.827919], [15.872761, 45.826449], [15.872612, 45.825956], [15.872793, 45.825563], [15.874001, 45.824316], [15.874171, 45.823962], [15.874169, 45.823679], [15.874521, 45.82365], [15.874929, 45.823469], [15.874732, 45.823334], [15.875433, 45.822987], [15.876226, 45.823987], [15.876597, 45.823835], [15.876554, 45.823779], [15.876879, 45.823709], [15.876888, 45.823773], [15.876848, 45.823488], [15.877096, 45.823335], [15.876787, 45.823094], [15.876954, 45.823009], [15.876316, 45.822549], [15.87646, 45.822414], [15.876006, 45.82216], [15.875277, 45.822029], [15.875307, 45.821815], [15.875589, 45.821432], [15.876004, 45.82156], [15.876184, 45.821341], [15.876731, 45.821416], [15.876838, 45.821298], [15.876683, 45.821271], [15.876726, 45.820874], [15.876966, 45.820339], [15.87756, 45.82048], [15.877642, 45.820074], [15.878259, 45.820225], [15.878521, 45.819894], [15.879314, 45.820163], [15.879492, 45.819896], [15.878714, 45.819604], [15.879216, 45.819606], [15.879203, 45.819546], [15.880889, 45.819412], [15.880722, 45.819163], [15.880429, 45.819067]]], [[[15.865893, 45.834198], [15.865914, 45.834203], [15.866176, 45.834081], [15.865893, 45.834198]]]]}, "properties": {"id": 43, "razina": "kvart", "name": "Gornji Stenjevec", "color": "#d36945", "area_km2": 2.37, "mo_count": 1, "source": "derivirano: MO (data.zagreb.hr) + OSM imena", "jls_name": "Grad Zagreb", "jls_maticni_broj": "01333", "zupanija": "Grad Zagreb", "palette_idx": 1}}, {"type": "Feature", "id": 44, "geometry": {"type": "Polygon", "coordinates": [[[15.969833, 45.813233], [15.969572, 45.814172], [15.969285, 45.81413], [15.969226, 45.814416], [15.969343, 45.814429], [15.969241, 45.814786], [15.969559, 45.814817], [15.969676, 45.815149], [15.96991, 45.815249], [15.96982, 45.815509], [15.970012, 45.816308], [15.97083, 45.817324], [15.970894, 45.817382], [15.970975, 45.817318], [15.971328, 45.817519], [15.970978, 45.817849], [15.97155, 45.817888], [15.971962, 45.818013], [15.972199, 45.818177], [15.971429, 45.818921], [15.971266, 45.820547], [15.971582, 45.82058], [15.971114, 45.821081], [15.970765, 45.82178], [15.970928, 45.82182], [15.971356, 45.821171], [15.97173, 45.820937], [15.972556, 45.821341], [15.971923, 45.822035], [15.972376, 45.822052], [15.973106, 45.821604], [15.973717, 45.82142], [15.973922, 45.82157], [15.973939, 45.821986], [15.973809, 45.82254], [15.973422, 45.822508], [15.973268, 45.822787], [15.972683, 45.823321], [15.972714, 45.823614], [15.973147, 45.823768], [15.97317, 45.823844], [15.972866, 45.824556], [15.972466, 45.824852], [15.972303, 45.825389], [15.972985, 45.825175], [15.973356, 45.825158], [15.973457, 45.825237], [15.973577, 45.825853], [15.973828, 45.825937], [15.973624, 45.827491], [15.973681, 45.828255], [15.973344, 45.828752], [15.971947, 45.829439], [15.971556, 45.829458], [15.971731, 45.829509], [15.97181, 45.829727], [15.971925, 45.829774], [15.971877, 45.829863], [15.973296, 45.829411], [15.973281, 45.831095], [15.973069, 45.831563], [15.973155, 45.831633], [15.973589, 45.831567], [15.973701, 45.831764], [15.973587, 45.83202], [15.973234, 45.832285], [15.973099, 45.832716], [15.974109, 45.832775], [15.974122, 45.833362], [15.973733, 45.833341], [15.97323, 45.83505], [15.971361, 45.835048], [15.971361, 45.835485], [15.971568, 45.83577], [15.971298, 45.835921], [15.971183, 45.836385], [15.971788, 45.836532], [15.971728, 45.83708], [15.972001, 45.837089], [15.971969, 45.83731], [15.971904, 45.837306], [15.971638, 45.838327], [15.971455, 45.838537], [15.971274, 45.838437], [15.970457, 45.839139], [15.969437, 45.840378], [15.969415, 45.840473], [15.969599, 45.840547], [15.970167, 45.841458], [15.969842, 45.841606], [15.969516, 45.842101], [15.969958, 45.842338], [15.969554, 45.842568], [15.969253, 45.84286], [15.96963, 45.843042], [15.970412, 45.842582], [15.971107, 45.842386], [15.971732, 45.84268], [15.971889, 45.842551], [15.972813, 45.842982], [15.972691, 45.843127], [15.97295, 45.84324], [15.973331, 45.842844], [15.973397, 45.842994], [15.973446, 45.842953], [15.973971, 45.8425], [15.974181, 45.842199], [15.974201, 45.842407], [15.974389, 45.842519], [15.974761, 45.842571], [15.974856, 45.842519], [15.975123, 45.842653], [15.975309, 45.842643], [15.975516, 45.842619], [15.975618, 45.842397], [15.975529, 45.842083], [15.975787, 45.842092], [15.976558, 45.843527], [15.976704, 45.84399], [15.977166, 45.847294], [15.976852, 45.848439], [15.980356, 45.849059], [15.979625, 45.849933], [15.979255, 45.850524], [15.980084, 45.850574], [15.979911, 45.851169], [15.980214, 45.851774], [15.979979, 45.852351], [15.979987, 45.852941], [15.98042, 45.852596], [15.981784, 45.852339], [15.983478, 45.852242], [15.983503, 45.852179], [15.984508, 45.852297], [15.984539, 45.852162], [15.985408, 45.852029], [15.985379, 45.851379], [15.984952, 45.851147], [15.985061, 45.850838], [15.984891, 45.84998], [15.984965, 45.84964], [15.985435, 45.849406], [15.985553, 45.849201], [15.984741, 45.847517], [15.984829, 45.846971], [15.983794, 45.846331], [15.98389, 45.845905], [15.983831, 45.845837], [15.983874, 45.845773], [15.983995, 45.845828], [15.98438, 45.845772], [15.984529, 45.845601], [15.984887, 45.845554], [15.985074, 45.845451], [15.985256, 45.845485], [15.985226, 45.845385], [15.985542, 45.845248], [15.985719, 45.845031], [15.985601, 45.844964], [15.986234, 45.844562], [15.986375, 45.844324], [15.986798, 45.844019], [15.98664, 45.843978], [15.986788, 45.84389], [15.986703, 45.843824], [15.986952, 45.843721], [15.986861, 45.843564], [15.987231, 45.843371], [15.987426, 45.843036], [15.987732, 45.842853], [15.988196, 45.842185], [15.988153, 45.841859], [15.98853, 45.841631], [15.988427, 45.841474], [15.988491, 45.841395], [15.988675, 45.841377], [15.988712, 45.841182], [15.988573, 45.840756], [15.988692, 45.840445], [15.988566, 45.840448], [15.988601, 45.840272], [15.988389, 45.840054], [15.988658, 45.839926], [15.988659, 45.83984], [15.988531, 45.839699], [15.988573, 45.839358], [15.988436, 45.839111], [15.98855, 45.838564], [15.988436, 45.838568], [15.988325, 45.838368], [15.98835, 45.838263], [15.988465, 45.83824], [15.988349, 45.838044], [15.988382, 45.83799], [15.988603, 45.83803], [15.988669, 45.83787], [15.988878, 45.837951], [15.989086, 45.83744], [15.989376, 45.837131], [15.989402, 45.837046], [15.989216, 45.836962], [15.98935, 45.83693], [15.989594, 45.836602], [15.989475, 45.836166], [15.989897, 45.835979], [15.989957, 45.835847], [15.990767, 45.835489], [15.991468, 45.834985], [15.991512, 45.83481], [15.991775, 45.83456], [15.992007, 45.834553], [15.99252, 45.834303], [15.993809, 45.83339], [15.994298, 45.833192], [15.994034, 45.833016], [15.99349, 45.832389], [15.991746, 45.832672], [15.990829, 45.832668], [15.990892, 45.832814], [15.99009, 45.833015], [15.990069, 45.832814], [15.989369, 45.833089], [15.988016, 45.832349], [15.984423, 45.831347], [15.984011, 45.8322], [15.983814, 45.832294], [15.9834, 45.832128], [15.983291, 45.831864], [15.98346, 45.831488], [15.983231, 45.831385], [15.982869, 45.830672], [15.982467, 45.830422], [15.982373, 45.830076], [15.981725, 45.829998], [15.980295, 45.829323], [15.980135, 45.829381], [15.979889, 45.828304], [15.980281, 45.828284], [15.980294, 45.827897], [15.980789, 45.827926], [15.980808, 45.827754], [15.980296, 45.827714], [15.980319, 45.827562], [15.979885, 45.827498], [15.979781, 45.827669], [15.979341, 45.827585], [15.978682, 45.827609], [15.978611, 45.828114], [15.978395, 45.828489], [15.978125, 45.828714], [15.978191, 45.828804], [15.977689, 45.829259], [15.977546, 45.829581], [15.977788, 45.82963], [15.977596, 45.830236], [15.977428, 45.83024], [15.977646, 45.830874], [15.977524, 45.830937], [15.977594, 45.831044], [15.977234, 45.831053], [15.977176, 45.831379], [15.976471, 45.831331], [15.976501, 45.830935], [15.977068, 45.830952], [15.976762, 45.830484], [15.97692, 45.830492], [15.976851, 45.830162], [15.976935, 45.829869], [15.976763, 45.829856], [15.976817, 45.829651], [15.976503, 45.829668], [15.976302, 45.829261], [15.976163, 45.829305], [15.975742, 45.828507], [15.975711, 45.828117], [15.975824, 45.82765], [15.976562, 45.827657], [15.97657, 45.82714], [15.976309, 45.826802], [15.976518, 45.825754], [15.97644, 45.825605], [15.976503, 45.825285], [15.976125, 45.82528], [15.976121, 45.823723], [15.976201, 45.823722], [15.976254, 45.823188], [15.976182, 45.822942], [15.975772, 45.822686], [15.975784, 45.822434], [15.97608, 45.822334], [15.975972, 45.822177], [15.97641, 45.822084], [15.976091, 45.821439], [15.976291, 45.821402], [15.97619, 45.821103], [15.975696, 45.821127], [15.975688, 45.820657], [15.975607, 45.820658], [15.975569, 45.820359], [15.975487, 45.820345], [15.975457, 45.819878], [15.975553, 45.819572], [15.976036, 45.819593], [15.976132, 45.818926], [15.976048, 45.818435], [15.976103, 45.818186], [15.97593, 45.817686], [15.976076, 45.816793], [15.975896, 45.816652], [15.975975, 45.816475], [15.976046, 45.816506], [15.97617, 45.81634], [15.976012, 45.816311], [15.976014, 45.816224], [15.976108, 45.816228], [15.976101, 45.816052], [15.976295, 45.816044], [15.976245, 45.815788], [15.976126, 45.815792], [15.976079, 45.815155], [15.976012, 45.815168], [15.976167, 45.815094], [15.976153, 45.814945], [15.975911, 45.814954], [15.975656, 45.814784], [15.975883, 45.814518], [15.975932, 45.814183], [15.976183, 45.813738], [15.976086, 45.813705], [15.976229, 45.813531], [15.976101, 45.813501], [15.97603, 45.813619], [15.975574, 45.813487], [15.975667, 45.813315], [15.975972, 45.813371], [15.976004, 45.812954], [15.969833, 45.813233]]]}, "properties": {"id": 44, "razina": "kvart", "name": "Gornji grad", "color": "#45d393", "area_km2": 3.11, "mo_count": 2, "source": "derivirano: MO (data.zagreb.hr) + OSM imena", "jls_name": "Grad Zagreb", "jls_maticni_broj": "01333", "zupanija": "Grad Zagreb", "palette_idx": 0}}, {"type": "Feature", "id": 45, "geometry": {"type": "Polygon", "coordinates": [[[16.057302, 45.847286], [16.058172, 45.847595], [16.058508, 45.847264], [16.059128, 45.845725], [16.06032, 45.843896], [16.060892, 45.842574], [16.061546, 45.841435], [16.059662, 45.841623], [16.059148, 45.841788], [16.058553, 45.842208], [16.058121, 45.842908], [16.057579, 45.843215], [16.056226, 45.843398], [16.055153, 45.843302], [16.054108, 45.843054], [16.053823, 45.843573], [16.053371, 45.843876], [16.053267, 45.843881], [16.052793, 45.843546], [16.052612, 45.843547], [16.051383, 45.844423], [16.051007, 45.845277], [16.050239, 45.845675], [16.050124, 45.846003], [16.049936, 45.845883], [16.049825, 45.845893], [16.049727, 45.846251], [16.049541, 45.846395], [16.049359, 45.846391], [16.049176, 45.846744], [16.048641, 45.846973], [16.048358, 45.847528], [16.04858, 45.847591], [16.048011, 45.848327], [16.047612, 45.848509], [16.047252, 45.849031], [16.046422, 45.849696], [16.045917, 45.85074], [16.045624, 45.851074], [16.045331, 45.851267], [16.045222, 45.851217], [16.045097, 45.851259], [16.044936, 45.85149], [16.04445, 45.851762], [16.044942, 45.851937], [16.04502, 45.852036], [16.044938, 45.852334], [16.045091, 45.852385], [16.045103, 45.852563], [16.045278, 45.852644], [16.045086, 45.853178], [16.045081, 45.853888], [16.045618, 45.855118], [16.045928, 45.855524], [16.04585, 45.855891], [16.045517, 45.856547], [16.045646, 45.857032], [16.045639, 45.857845], [16.046335, 45.85872], [16.046341, 45.858947], [16.046785, 45.859512], [16.047268, 45.85999], [16.047822, 45.860078], [16.047707, 45.860116], [16.047599, 45.860457], [16.047756, 45.8611], [16.047542, 45.861517], [16.048372, 45.861809], [16.048029, 45.863131], [16.048136, 45.863557], [16.047976, 45.864621], [16.048463, 45.864554], [16.048926, 45.864329], [16.048659, 45.86396], [16.048874, 45.863788], [16.05044, 45.862988], [16.050986, 45.862857], [16.051519, 45.862608], [16.052045, 45.862245], [16.052276, 45.862396], [16.05238, 45.86264], [16.053631, 45.862024], [16.053706, 45.860637], [16.054417, 45.860658], [16.054433, 45.860581], [16.054558, 45.860607], [16.054636, 45.860543], [16.054632, 45.860388], [16.055045, 45.860145], [16.055422, 45.859633], [16.055487, 45.859062], [16.055911, 45.858772], [16.056136, 45.858436], [16.055982, 45.858061], [16.055258, 45.8572], [16.055109, 45.856784], [16.055425, 45.855216], [16.055817, 45.854765], [16.055954, 45.854355], [16.055943, 45.853311], [16.055447, 45.851944], [16.05565, 45.851778], [16.056026, 45.85069], [16.05603, 45.85029], [16.055881, 45.849841], [16.056333, 45.849657], [16.056046, 45.84746], [16.057302, 45.847286]]]}, "properties": {"id": 45, "razina": "kvart", "name": "Granešina", "color": "#bd45d3", "area_km2": 1.56, "mo_count": 1, "source": "derivirano: MO (data.zagreb.hr) + OSM imena", "jls_name": "Grad Zagreb", "jls_maticni_broj": "01333", "zupanija": "Grad Zagreb", "palette_idx": 1}}, {"type": "Feature", "id": 46, "geometry": {"type": "Polygon", "coordinates": [[[16.038661, 45.846672], [16.038933, 45.846063], [16.038478, 45.845575], [16.038875, 45.843375], [16.038773, 45.843425], [16.036622, 45.843418], [16.036031, 45.843928], [16.035698, 45.844362], [16.035564, 45.844795], [16.035338, 45.844927], [16.034938, 45.844932], [16.035026, 45.844808], [16.034896, 45.844731], [16.034963, 45.84455], [16.034906, 45.843624], [16.03455, 45.84362], [16.034497, 45.843767], [16.034044, 45.843742], [16.033754, 45.84494], [16.033472, 45.844558], [16.033454, 45.843891], [16.031353, 45.843561], [16.031005, 45.843403], [16.030736, 45.84316], [16.030132, 45.843062], [16.029796, 45.844538], [16.029604, 45.844593], [16.029315, 45.845271], [16.029098, 45.845456], [16.029023, 45.845908], [16.029125, 45.846871], [16.029637, 45.847456], [16.029761, 45.848675], [16.029126, 45.849674], [16.029063, 45.849987], [16.028785, 45.850101], [16.028571, 45.850318], [16.027805, 45.851344], [16.029145, 45.851985], [16.029595, 45.852123], [16.029708, 45.852014], [16.030286, 45.852176], [16.030267, 45.852641], [16.030188, 45.85295], [16.03009, 45.852964], [16.030035, 45.853574], [16.029527, 45.853533], [16.029442, 45.853923], [16.028654, 45.853792], [16.028464, 45.853998], [16.028136, 45.853879], [16.028066, 45.853916], [16.028734, 45.854149], [16.03142, 45.855803], [16.032579, 45.856251], [16.033277, 45.856735], [16.033682, 45.856887], [16.034088, 45.856909], [16.034576, 45.857194], [16.03495, 45.857297], [16.03498, 45.857253], [16.035621, 45.857472], [16.035715, 45.857213], [16.035901, 45.857234], [16.03612, 45.857012], [16.036938, 45.856959], [16.039114, 45.857069], [16.039301, 45.856492], [16.039256, 45.856343], [16.038984, 45.856136], [16.039612, 45.855626], [16.039749, 45.85516], [16.040589, 45.855368], [16.040914, 45.854728], [16.041615, 45.854225], [16.042457, 45.8545], [16.045091, 45.852385], [16.044938, 45.852334], [16.04502, 45.852036], [16.044942, 45.851937], [16.04445, 45.851762], [16.044936, 45.85149], [16.045097, 45.851259], [16.045222, 45.851217], [16.045331, 45.851267], [16.045624, 45.851074], [16.045917, 45.85074], [16.046422, 45.849696], [16.047252, 45.849031], [16.047612, 45.848509], [16.048011, 45.848327], [16.04858, 45.847591], [16.048358, 45.847528], [16.048641, 45.846973], [16.047539, 45.846507], [16.046758, 45.846664], [16.046082, 45.846525], [16.045393, 45.847044], [16.043809, 45.846775], [16.043815, 45.847297], [16.043478, 45.848046], [16.04231, 45.849105], [16.042126, 45.849217], [16.041783, 45.849197], [16.041349, 45.849071], [16.041015, 45.84911], [16.040177, 45.84892], [16.038404, 45.848084], [16.038309, 45.847995], [16.038607, 45.847841], [16.038811, 45.847409], [16.038681, 45.847313], [16.038825, 45.847242], [16.038673, 45.84712], [16.038834, 45.847007], [16.038661, 45.846672]]]}, "properties": {"id": 46, "razina": "kvart", "name": "Granešinski Novaki", "color": "#c1d345", "area_km2": 1.45, "mo_count": 1, "source": "derivirano: MO (data.zagreb.hr) + OSM imena", "jls_name": "Grad Zagreb", "jls_maticni_broj": "01333", "zupanija": "Grad Zagreb", "palette_idx": 0}}, {"type": "Feature", "id": 47, "geometry": {"type": "Polygon", "coordinates": [[[15.973402, 45.843013], [15.973728, 45.843199], [15.973393, 45.843314], [15.973321, 45.843625], [15.972982, 45.843856], [15.972747, 45.844305], [15.97203, 45.844761], [15.972052, 45.845012], [15.971782, 45.845236], [15.971615, 45.845517], [15.970644, 45.846346], [15.970368, 45.846352], [15.970467, 45.846559], [15.970153, 45.846963], [15.9698, 45.847299], [15.96947, 45.847462], [15.969635, 45.847756], [15.969182, 45.848078], [15.968857, 45.848449], [15.968628, 45.848393], [15.967671, 45.849315], [15.967385, 45.849983], [15.966795, 45.850943], [15.966767, 45.851418], [15.966844, 45.851436], [15.966063, 45.85368], [15.966078, 45.854132], [15.965551, 45.854847], [15.965666, 45.854905], [15.965575, 45.855091], [15.965253, 45.855106], [15.9651, 45.855255], [15.964446, 45.856198], [15.963742, 45.856512], [15.963319, 45.856593], [15.963288, 45.856904], [15.963118, 45.857095], [15.963194, 45.85715], [15.963163, 45.857442], [15.963394, 45.857734], [15.963232, 45.858139], [15.962869, 45.858453], [15.962824, 45.858632], [15.963021, 45.858632], [15.963592, 45.858434], [15.963979, 45.858475], [15.962837, 45.860371], [15.963598, 45.860852], [15.963603, 45.861124], [15.964133, 45.861095], [15.963712, 45.861382], [15.9625, 45.861835], [15.963868, 45.861608], [15.966786, 45.860771], [15.968545, 45.860652], [15.971593, 45.861399], [15.97421, 45.863042], [15.982665, 45.863909], [15.982064, 45.865553], [15.983008, 45.866569], [15.985712, 45.868033], [15.987943, 45.867137], [15.989402, 45.866867], [15.990706, 45.867414], [15.990907, 45.866975], [15.990827, 45.866931], [15.991312, 45.866857], [15.991342, 45.866548], [15.992217, 45.866167], [15.992467, 45.866171], [15.992329, 45.865807], [15.992648, 45.865543], [15.99251, 45.865477], [15.992948, 45.865156], [15.993026, 45.865128], [15.993546, 45.865364], [15.995395, 45.86453], [15.996106, 45.864412], [15.996368, 45.864437], [15.997445, 45.864741], [15.998087, 45.864429], [15.998542, 45.86457], [15.999439, 45.864516], [15.9998, 45.864415], [16.00011, 45.864499], [16.000154, 45.863894], [15.999905, 45.863145], [16.000159, 45.862671], [16.001324, 45.86187], [16.001803, 45.861396], [16.002107, 45.860053], [16.002728, 45.859124], [16.00152, 45.858593], [16.000017, 45.858083], [15.999318, 45.857988], [15.998918, 45.85804], [15.998567, 45.857903], [15.998013, 45.85865], [15.996913, 45.85955], [15.995996, 45.860539], [15.995856, 45.86049], [15.995772, 45.860561], [15.994932, 45.860308], [15.994791, 45.860331], [15.993946, 45.859627], [15.993568, 45.859811], [15.993559, 45.859621], [15.993282, 45.859213], [15.99327, 45.858927], [15.993152, 45.858875], [15.99331, 45.858448], [15.99303, 45.858242], [15.992885, 45.857784], [15.992765, 45.857757], [15.992396, 45.857781], [15.991769, 45.858001], [15.990733, 45.858516], [15.988717, 45.858109], [15.987912, 45.857822], [15.987675, 45.857908], [15.986919, 45.857884], [15.987045, 45.85832], [15.98688, 45.858819], [15.985745, 45.858676], [15.985612, 45.8589], [15.984257, 45.858522], [15.983979, 45.858694], [15.98407, 45.858609], [15.984086, 45.858241], [15.983904, 45.858268], [15.983596, 45.858113], [15.983654, 45.85807], [15.983435, 45.857925], [15.982397, 45.857397], [15.981132, 45.855964], [15.981075, 45.855711], [15.980811, 45.855611], [15.980439, 45.855801], [15.979859, 45.853796], [15.979989, 45.853043], [15.979979, 45.852351], [15.980214, 45.851774], [15.979911, 45.851169], [15.980084, 45.850574], [15.979255, 45.850524], [15.979625, 45.849933], [15.980356, 45.849059], [15.976852, 45.848439], [15.977166, 45.847294], [15.976704, 45.84399], [15.976558, 45.843527], [15.975787, 45.842092], [15.975529, 45.842083], [15.975618, 45.842397], [15.975516, 45.842619], [15.975309, 45.842643], [15.975123, 45.842653], [15.974856, 45.842519], [15.974761, 45.842571], [15.974389, 45.842519], [15.974201, 45.842407], [15.974181, 45.842199], [15.973971, 45.8425], [15.973751, 45.842622], [15.973402, 45.843013]]]}, "properties": {"id": 47, "razina": "kvart", "name": "Gračani", "color": "#4597d3", "area_km2": 3.36, "mo_count": 1, "source": "derivirano: MO (data.zagreb.hr) + OSM imena", "jls_name": "Grad Zagreb", "jls_maticni_broj": "01333", "zupanija": "Grad Zagreb", "palette_idx": 2}}, {"type": "Feature", "id": 48, "geometry": {"type": "Polygon", "coordinates": [[[15.919944, 45.614238], [15.919893, 45.614298], [15.919237, 45.613989], [15.918763, 45.61437], [15.918649, 45.614527], [15.91863, 45.614859], [15.918382, 45.615132], [15.917724, 45.61547], [15.91751, 45.615765], [15.91724, 45.61589], [15.916839, 45.615861], [15.916547, 45.615754], [15.916044, 45.615915], [15.915641, 45.615916], [15.915426, 45.615749], [15.915419, 45.615625], [15.915557, 45.615554], [15.915214, 45.615243], [15.91468, 45.616014], [15.914072, 45.616401], [15.91384, 45.616409], [15.91292, 45.616702], [15.912178, 45.61702], [15.911077, 45.616882], [15.909807, 45.616568], [15.909547, 45.616424], [15.909503, 45.616556], [15.908386, 45.617475], [15.908201, 45.617526], [15.907807, 45.618122], [15.907956, 45.618136], [15.90776, 45.618232], [15.907753, 45.618393], [15.90877, 45.618925], [15.908776, 45.619192], [15.909267, 45.619662], [15.909228, 45.620409], [15.910872, 45.620871], [15.911343, 45.621328], [15.912315, 45.621822], [15.913062, 45.622512], [15.913661, 45.622756], [15.915176, 45.622569], [15.915642, 45.622981], [15.915596, 45.623096], [15.916184, 45.624527], [15.917289, 45.624722], [15.917674, 45.624632], [15.91846, 45.624843], [15.919904, 45.625614], [15.920584, 45.62551], [15.921208, 45.625084], [15.922497, 45.624686], [15.924921, 45.623683], [15.924809, 45.624315], [15.926094, 45.624742], [15.927087, 45.624371], [15.928057, 45.624745], [15.929662, 45.625961], [15.930582, 45.630244], [15.932194, 45.630525], [15.932139, 45.6316], [15.93437, 45.633463], [15.933787, 45.634116], [15.933102, 45.634055], [15.93224, 45.634458], [15.932798, 45.634426], [15.93338, 45.634771], [15.933865, 45.634924], [15.934474, 45.634874], [15.935842, 45.634089], [15.937462, 45.633989], [15.938449, 45.634179], [15.938737, 45.634107], [15.938884, 45.633745], [15.939187, 45.633522], [15.939633, 45.633362], [15.940487, 45.632327], [15.942043, 45.631538], [15.941272, 45.630537], [15.940818, 45.630211], [15.940674, 45.630312], [15.940069, 45.630249], [15.939591, 45.629922], [15.939277, 45.629887], [15.938926, 45.629957], [15.938611, 45.629709], [15.938488, 45.629168], [15.938303, 45.628966], [15.938267, 45.628738], [15.938368, 45.627964], [15.93866, 45.627755], [15.938553, 45.627596], [15.938078, 45.627433], [15.938122, 45.627042], [15.937992, 45.626811], [15.938029, 45.626679], [15.937432, 45.626154], [15.937261, 45.626093], [15.937047, 45.625663], [15.937133, 45.625565], [15.937072, 45.625343], [15.936926, 45.625331], [15.93671, 45.625153], [15.936667, 45.624779], [15.936427, 45.624712], [15.936516, 45.624619], [15.936458, 45.624576], [15.936093, 45.624443], [15.935849, 45.624094], [15.935591, 45.623979], [15.935106, 45.623483], [15.935014, 45.623527], [15.93477, 45.623477], [15.934323, 45.62326], [15.934352, 45.623136], [15.934076, 45.622818], [15.933458, 45.622824], [15.932627, 45.622108], [15.932252, 45.621924], [15.932003, 45.621866], [15.93148, 45.622034], [15.929549, 45.621551], [15.929335, 45.621639], [15.928624, 45.621638], [15.928046, 45.621086], [15.927679, 45.620866], [15.92722, 45.620728], [15.926877, 45.620483], [15.926643, 45.620155], [15.925759, 45.619999], [15.925098, 45.619755], [15.924022, 45.618954], [15.923206, 45.617573], [15.922883, 45.617302], [15.922311, 45.616508], [15.921979, 45.616319], [15.921134, 45.615143], [15.920843, 45.614916], [15.920615, 45.61459], [15.919944, 45.614238]]]}, "properties": {"id": 48, "razina": "kvart", "name": "Havidići", "color": "#d3456e", "area_km2": 1.95, "mo_count": 1, "source": "derivirano: MO (data.zagreb.hr) + OSM imena", "jls_name": "Grad Zagreb", "jls_maticni_broj": "01333", "zupanija": "Grad Zagreb", "palette_idx": 1}}, {"type": "Feature", "id": 49, "geometry": {"type": "Polygon", "coordinates": [[[15.80233, 45.682613], [15.800524, 45.682375], [15.799305, 45.682683], [15.798414, 45.682704], [15.79778, 45.682674], [15.796496, 45.682398], [15.795291, 45.682343], [15.794931, 45.682452], [15.794153, 45.682887], [15.792838, 45.683041], [15.791933, 45.683254], [15.791406, 45.683658], [15.790584, 45.683808], [15.789344, 45.684455], [15.788337, 45.684657], [15.788081, 45.684768], [15.786817, 45.685497], [15.785717, 45.686269], [15.785301, 45.686307], [15.784836, 45.686099], [15.784464, 45.686432], [15.783442, 45.686855], [15.782507, 45.687585], [15.781805, 45.6877], [15.78072, 45.688409], [15.77986, 45.688865], [15.77883, 45.689232], [15.777736, 45.689809], [15.777089, 45.689984], [15.777292, 45.690335], [15.777261, 45.690968], [15.777543, 45.69218], [15.776702, 45.694027], [15.776497, 45.695106], [15.776444, 45.696551], [15.776749, 45.697561], [15.776865, 45.698494], [15.7769, 45.700147], [15.776759, 45.701839], [15.776556, 45.702012], [15.776314, 45.702456], [15.775898, 45.702833], [15.775786, 45.703506], [15.775523, 45.703973], [15.775278, 45.704764], [15.775339, 45.705035], [15.775502, 45.705189], [15.775233, 45.705743], [15.773952, 45.707016], [15.773308, 45.708092], [15.773213, 45.708123], [15.774963, 45.710005], [15.77736, 45.71207], [15.777824, 45.712613], [15.778244, 45.713492], [15.779226, 45.716514], [15.780617, 45.720154], [15.781276, 45.72144], [15.783156, 45.72394], [15.783788, 45.725417], [15.7845, 45.727705], [15.784986, 45.728732], [15.786508, 45.730202], [15.788595, 45.732766], [15.789251, 45.73378], [15.79092, 45.732973], [15.791434, 45.732783], [15.791848, 45.732744], [15.794031, 45.731747], [15.796102, 45.733579], [15.796601, 45.733419], [15.797137, 45.733815], [15.798845, 45.73471], [15.798512, 45.735035], [15.802681, 45.735852], [15.802471, 45.736329], [15.806404, 45.737111], [15.806127, 45.737858], [15.807795, 45.738247], [15.808646, 45.737959], [15.80878, 45.737813], [15.808592, 45.737699], [15.808689, 45.737637], [15.808982, 45.737753], [15.809038, 45.737642], [15.809316, 45.737623], [15.809462, 45.737161], [15.809764, 45.737143], [15.809875, 45.737051], [15.809666, 45.736901], [15.809347, 45.736912], [15.809309, 45.736699], [15.809096, 45.73662], [15.809167, 45.736479], [15.808823, 45.736412], [15.808985, 45.736265], [15.809679, 45.736338], [15.809676, 45.736266], [15.809277, 45.736039], [15.80907, 45.736006], [15.809654, 45.735897], [15.809678, 45.735812], [15.809386, 45.735731], [15.809361, 45.735598], [15.80963, 45.735436], [15.809415, 45.735188], [15.809708, 45.735094], [15.809628, 45.735023], [15.809031, 45.73506], [15.809049, 45.734955], [15.809255, 45.734823], [15.809051, 45.734743], [15.809103, 45.734557], [15.808953, 45.734506], [15.808861, 45.7346], [15.808674, 45.7346], [15.809326, 45.734173], [15.809301, 45.734094], [15.809042, 45.734123], [15.809218, 45.733954], [15.809166, 45.733847], [15.808729, 45.733856], [15.808744, 45.733664], [15.808891, 45.733595], [15.808746, 45.733463], [15.809033, 45.733249], [15.808651, 45.733064], [15.808638, 45.732896], [15.808984, 45.732904], [15.809152, 45.732797], [15.809266, 45.73295], [15.809394, 45.732984], [15.809528, 45.732902], [15.809568, 45.73272], [15.809477, 45.732645], [15.809045, 45.732545], [15.809261, 45.732341], [15.809117, 45.732195], [15.809486, 45.732101], [15.809185, 45.731856], [15.809456, 45.731786], [15.809715, 45.731862], [15.809804, 45.731728], [15.809553, 45.731577], [15.809489, 45.731353], [15.810143, 45.731174], [15.810165, 45.731107], [15.8098, 45.73094], [15.809816, 45.730885], [15.810373, 45.730811], [15.810291, 45.730597], [15.80999, 45.730555], [15.810017, 45.730391], [15.810264, 45.730338], [15.810671, 45.730557], [15.810877, 45.730456], [15.811235, 45.730446], [15.811295, 45.730113], [15.81144, 45.730051], [15.811808, 45.730145], [15.811787, 45.729784], [15.812038, 45.729498], [15.811986, 45.729309], [15.812617, 45.728813], [15.812576, 45.728668], [15.813112, 45.728656], [15.813194, 45.728469], [15.813595, 45.72826], [15.813705, 45.728054], [15.814049, 45.727872], [15.813922, 45.727671], [15.813978, 45.727564], [15.814589, 45.727397], [15.81482, 45.726949], [15.815097, 45.72689], [15.815466, 45.726978], [15.815748, 45.725983], [15.816563, 45.726003], [15.816619, 45.725521], [15.817686, 45.72517], [15.818096, 45.725175], [15.818773, 45.72536], [15.819031, 45.725305], [15.819082, 45.724887], [15.819301, 45.724746], [15.81984, 45.724779], [15.819898, 45.72446], [15.820024, 45.724384], [15.820942, 45.724218], [15.821862, 45.723892], [15.821908, 45.723477], [15.822256, 45.723279], [15.822513, 45.723235], [15.82277, 45.723408], [15.823045, 45.723373], [15.82331, 45.723143], [15.82375, 45.723517], [15.824236, 45.723658], [15.824474, 45.723825], [15.82531, 45.723957], [15.825604, 45.724135], [15.826243, 45.724354], [15.826612, 45.724347], [15.826719, 45.724462], [15.827422, 45.724609], [15.827818, 45.724818], [15.828265, 45.72494], [15.828827, 45.72492], [15.829199, 45.724743], [15.829493, 45.724721], [15.82967, 45.725244], [15.830162, 45.725517], [15.830221, 45.725889], [15.830527, 45.726386], [15.831267, 45.726685], [15.831291, 45.726974], [15.830335, 45.727584], [15.830571, 45.727709], [15.831014, 45.727769], [15.83186, 45.727425], [15.832184, 45.728021], [15.832, 45.728243], [15.832134, 45.728422], [15.832571, 45.728224], [15.833252, 45.728164], [15.833429, 45.727905], [15.833644, 45.72784], [15.833965, 45.728101], [15.833741, 45.728516], [15.833953, 45.728678], [15.834331, 45.728688], [15.834865, 45.728231], [15.83532, 45.728514], [15.835489, 45.728505], [15.835669, 45.728377], [15.835774, 45.72802], [15.835675, 45.727701], [15.835777, 45.727524], [15.836064, 45.727451], [15.836746, 45.72747], [15.836875, 45.72732], [15.837257, 45.727238], [15.837441, 45.727077], [15.837424, 45.726949], [15.837077, 45.726577], [15.837096, 45.72628], [15.837627, 45.726051], [15.837856, 45.725758], [15.838464, 45.725871], [15.838636, 45.725729], [15.838597, 45.725028], [15.838415, 45.724727], [15.839633, 45.72427], [15.840548, 45.724217], [15.840788, 45.724005], [15.840856, 45.723836], [15.840355, 45.72345], [15.84034, 45.723359], [15.840452, 45.723212], [15.840911, 45.723329], [15.841412, 45.723186], [15.841089, 45.722677], [15.841173, 45.722251], [15.841039, 45.722061], [15.841063, 45.721895], [15.841237, 45.721879], [15.841764, 45.722025], [15.842281, 45.722277], [15.842715, 45.722238], [15.842711, 45.722433], [15.842532, 45.722644], [15.842627, 45.722736], [15.842844, 45.722755], [15.843517, 45.722408], [15.843978, 45.722456], [15.844249, 45.72274], [15.84445, 45.722752], [15.844704, 45.722454], [15.844602, 45.722203], [15.844676, 45.721776], [15.844943, 45.721772], [15.845601, 45.721974], [15.845765, 45.721832], [15.845799, 45.721681], [15.845603, 45.721299], [15.845646, 45.721123], [15.846206, 45.721108], [15.8467, 45.721335], [15.847076, 45.721192], [15.84701, 45.720821], [15.846503, 45.720301], [15.846662, 45.720089], [15.847463, 45.719974], [15.847695, 45.719598], [15.848322, 45.719828], [15.84867, 45.719613], [15.848758, 45.719442], [15.8495, 45.719084], [15.849717, 45.71909], [15.85024, 45.719372], [15.85042, 45.719267], [15.850683, 45.718906], [15.851283, 45.718645], [15.851512, 45.718232], [15.85199, 45.717974], [15.852367, 45.717628], [15.852637, 45.717606], [15.852661, 45.717531], [15.852248, 45.717195], [15.851799, 45.717146], [15.851634, 45.716877], [15.851456, 45.716891], [15.851328, 45.717055], [15.851228, 45.717039], [15.851022, 45.716913], [15.850836, 45.7169], [15.850481, 45.71661], [15.849986, 45.71647], [15.849547, 45.716168], [15.84958, 45.715671], [15.849458, 45.715654], [15.849287, 45.715847], [15.848949, 45.715839], [15.848893, 45.715794], [15.849113, 45.715582], [15.849066, 45.715484], [15.848812, 45.715538], [15.848515, 45.715289], [15.848313, 45.715327], [15.848239, 45.715477], [15.84816, 45.715458], [15.848156, 45.715288], [15.847689, 45.715327], [15.847606, 45.715257], [15.84784, 45.715126], [15.847845, 45.715046], [15.847663, 45.714907], [15.847291, 45.71499], [15.847181, 45.714654], [15.846866, 45.714827], [15.846482, 45.714672], [15.846398, 45.714578], [15.846604, 45.714586], [15.846949, 45.714464], [15.847104, 45.71431], [15.846977, 45.714245], [15.846688, 45.714257], [15.846573, 45.714009], [15.846183, 45.71401], [15.846011, 45.714093], [15.846199, 45.714256], [15.846176, 45.714383], [15.845942, 45.714558], [15.845767, 45.71412], [15.845257, 45.713974], [15.845143, 45.714157], [15.845359, 45.714242], [15.845214, 45.714372], [15.845229, 45.714502], [15.844876, 45.714581], [15.844282, 45.714456], [15.844467, 45.714225], [15.844412, 45.714163], [15.844018, 45.714265], [15.843839, 45.714449], [15.843757, 45.714277], [15.843905, 45.714158], [15.843857, 45.714074], [15.843545, 45.714231], [15.843487, 45.714435], [15.843299, 45.71446], [15.843195, 45.714371], [15.843377, 45.714254], [15.843287, 45.714153], [15.843345, 45.714046], [15.843131, 45.713752], [15.843039, 45.713746], [15.843046, 45.71397], [15.842882, 45.71411], [15.842728, 45.714051], [15.842881, 45.713738], [15.842469, 45.713765], [15.842572, 45.714063], [15.842498, 45.714116], [15.842221, 45.714022], [15.842148, 45.713903], [15.841583, 45.713992], [15.841525, 45.713861], [15.841601, 45.71372], [15.841284, 45.713609], [15.841369, 45.713435], [15.841046, 45.713426], [15.840766, 45.713664], [15.840344, 45.713326], [15.840563, 45.712936], [15.840365, 45.712838], [15.840375, 45.712571], [15.840297, 45.712545], [15.840181, 45.712675], [15.839814, 45.712739], [15.839565, 45.712623], [15.8396, 45.712558], [15.839901, 45.712604], [15.8399, 45.712429], [15.84005, 45.712289], [15.839929, 45.712197], [15.839571, 45.712131], [15.83986, 45.71194], [15.839598, 45.711673], [15.839055, 45.711775], [15.839171, 45.711657], [15.838926, 45.711554], [15.8391, 45.711534], [15.839189, 45.711397], [15.838839, 45.711395], [15.838905, 45.711108], [15.838172, 45.711049], [15.838446, 45.711287], [15.838188, 45.711288], [15.837872, 45.711436], [15.837785, 45.711355], [15.837966, 45.7113], [15.837941, 45.711218], [15.837472, 45.711151], [15.837399, 45.711268], [15.837608, 45.711268], [15.837649, 45.711349], [15.837449, 45.711404], [15.837538, 45.711615], [15.837311, 45.711694], [15.836962, 45.711621], [15.836863, 45.711496], [15.836385, 45.711505], [15.836194, 45.711348], [15.836039, 45.711357], [15.836016, 45.711219], [15.836133, 45.711099], [15.835941, 45.711036], [15.835846, 45.71086], [15.83565, 45.711089], [15.835522, 45.711062], [15.835547, 45.710931], [15.835343, 45.710953], [15.835249, 45.710881], [15.83489, 45.710986], [15.834965, 45.710864], [15.834768, 45.710782], [15.834689, 45.710652], [15.834851, 45.710579], [15.834861, 45.710475], [15.834529, 45.710392], [15.834527, 45.710582], [15.834341, 45.710528], [15.834331, 45.710643], [15.83407, 45.710542], [15.833781, 45.710594], [15.833679, 45.710421], [15.833513, 45.710524], [15.833262, 45.710279], [15.833185, 45.710294], [15.833227, 45.710499], [15.833152, 45.710562], [15.832948, 45.710495], [15.832501, 45.710681], [15.832235, 45.710546], [15.832159, 45.710343], [15.83252, 45.71033], [15.832713, 45.710173], [15.8326, 45.710027], [15.832568, 45.709713], [15.83241, 45.709616], [15.832218, 45.709715], [15.831993, 45.709672], [15.831895, 45.709495], [15.832018, 45.709463], [15.832165, 45.709559], [15.832346, 45.709446], [15.832344, 45.709338], [15.832186, 45.709309], [15.832118, 45.709185], [15.831929, 45.709105], [15.832138, 45.708961], [15.83209, 45.708858], [15.832008, 45.708838], [15.831823, 45.708967], [15.831749, 45.708837], [15.831483, 45.708706], [15.831368, 45.708794], [15.831563, 45.708947], [15.831365, 45.709022], [15.8315, 45.709118], [15.831312, 45.709155], [15.831049, 45.708982], [15.830942, 45.708761], [15.830684, 45.708675], [15.830575, 45.708909], [15.830351, 45.709069], [15.830418, 45.708871], [15.830288, 45.708704], [15.83031, 45.708541], [15.830076, 45.708421], [15.829899, 45.708599], [15.829743, 45.70843], [15.82982, 45.708378], [15.829763, 45.708299], [15.829987, 45.708238], [15.829929, 45.708132], [15.830066, 45.708111], [15.830061, 45.707904], [15.830257, 45.707909], [15.830245, 45.707791], [15.830135, 45.707763], [15.830221, 45.707668], [15.830185, 45.707532], [15.829926, 45.707389], [15.830026, 45.70734], [15.830008, 45.707242], [15.82978, 45.707225], [15.829949, 45.707181], [15.829926, 45.707029], [15.829763, 45.706983], [15.829669, 45.706843], [15.829559, 45.706852], [15.829711, 45.706569], [15.829433, 45.706423], [15.829711, 45.705875], [15.828402, 45.704514], [15.828168, 45.703977], [15.827738, 45.703547], [15.827309, 45.701416], [15.827029, 45.700594], [15.826771, 45.700308], [15.826125, 45.699843], [15.824692, 45.698089], [15.823484, 45.695625], [15.823132, 45.695251], [15.823006, 45.694782], [15.822559, 45.694055], [15.822575, 45.693667], [15.822815, 45.693287], [15.822927, 45.692695], [15.816389, 45.690239], [15.81687, 45.68989], [15.816217, 45.689415], [15.815762, 45.689258], [15.814772, 45.688591], [15.812589, 45.688072], [15.812383, 45.688176], [15.811518, 45.687772], [15.810578, 45.687692], [15.808792, 45.687226], [15.805826, 45.686257], [15.805185, 45.686148], [15.802985, 45.685551], [15.802645, 45.685289], [15.802569, 45.685107], [15.80266, 45.685013], [15.802669, 45.684692], [15.803035, 45.68453], [15.802962, 45.684351], [15.802807, 45.684252], [15.802956, 45.6841], [15.80279, 45.684097], [15.802764, 45.683868], [15.802899, 45.683743], [15.802662, 45.683505], [15.802841, 45.683453], [15.80234, 45.683297], [15.802238, 45.682818], [15.80233, 45.682613]]]}, "properties": {"id": 49, "razina": "kvart", "name": "Horvati", "color": "#45d346", "area_km2": 20.76, "mo_count": 1, "source": "derivirano: MO (data.zagreb.hr) + OSM imena", "jls_name": "Grad Zagreb", "jls_maticni_broj": "01333", "zupanija": "Grad Zagreb", "palette_idx": 0}}, {"type": "Feature", "id": 50, "geometry": {"type": "Polygon", "coordinates": [[[16.009501, 45.719684], [16.006402, 45.71926], [16.005548, 45.719084], [16.004939, 45.719078], [16.003532, 45.719245], [16.003433, 45.719374], [16.003389, 45.71926], [16.001484, 45.719777], [16.001048, 45.719834], [16.000562, 45.719703], [16.000075, 45.719354], [15.999804, 45.719612], [15.999505, 45.719487], [15.998918, 45.719458], [15.99863, 45.719341], [15.997341, 45.718331], [15.996801, 45.717737], [15.996633, 45.717686], [15.996097, 45.717765], [15.995613, 45.717966], [15.995344, 45.718281], [15.99489, 45.718296], [15.994705, 45.718125], [15.994725, 45.717973], [15.994503, 45.717776], [15.993486, 45.717484], [15.993187, 45.71705], [15.992862, 45.716893], [15.991441, 45.716483], [15.9903, 45.716638], [15.989871, 45.716789], [15.989023, 45.716671], [15.988834, 45.716624], [15.988403, 45.716234], [15.988175, 45.716161], [15.987964, 45.716243], [15.986969, 45.717295], [15.986633, 45.717932], [15.986256, 45.718061], [15.988332, 45.721225], [15.990783, 45.72045], [15.991666, 45.721786], [15.993905, 45.721106], [15.994973, 45.722736], [15.995045, 45.722706], [15.99813, 45.725979], [15.997951, 45.726043], [15.998629, 45.727929], [16.000142, 45.727615], [16.000406, 45.729338], [16.000588, 45.730182], [16.000699, 45.730204], [16.000621, 45.730696], [16.000814, 45.730715], [16.000709, 45.731465], [16.001865, 45.731308], [16.002937, 45.733422], [16.00417, 45.734881], [16.004455, 45.734788], [16.005738, 45.736295], [16.005807, 45.736272], [16.006525, 45.737373], [16.009035, 45.735534], [16.008935, 45.735406], [16.00927, 45.735162], [16.011358, 45.734498], [16.013315, 45.733675], [16.016359, 45.732718], [16.016088, 45.731623], [16.016018, 45.730884], [16.01609, 45.730568], [16.017462, 45.729536], [16.016282, 45.728717], [16.015076, 45.727504], [16.016757, 45.726783], [16.016852, 45.726255], [16.017019, 45.725956], [16.018723, 45.725147], [16.018955, 45.724606], [16.018857, 45.724165], [16.018658, 45.723923], [16.01746, 45.724044], [16.017107, 45.723035], [16.017017, 45.722993], [16.017165, 45.722383], [16.017666, 45.72171], [16.01776, 45.721066], [16.018135, 45.720774], [16.0176, 45.720547], [16.016083, 45.720375], [16.016063, 45.720181], [16.01489, 45.720234], [16.014446, 45.718899], [16.01358, 45.719022], [16.012659, 45.719056], [16.012457, 45.718967], [16.012188, 45.719061], [16.011526, 45.719092], [16.009501, 45.719684]]]}, "properties": {"id": 50, "razina": "kvart", "name": "Hrašće", "color": "#7045d3", "area_km2": 2.75, "mo_count": 1, "source": "derivirano: MO (data.zagreb.hr) + OSM imena", "jls_name": "Grad Zagreb", "jls_maticni_broj": "01333", "zupanija": "Grad Zagreb", "palette_idx": 1}}, {"type": "Feature", "id": 51, "geometry": {"type": "Polygon", "coordinates": [[[16.027574, 45.755129], [16.026439, 45.753849], [16.025338, 45.754513], [16.025181, 45.754482], [16.025333, 45.754304], [16.025438, 45.753676], [16.025349, 45.753429], [16.022606, 45.753623], [16.022453, 45.753702], [16.022406, 45.753644], [16.01881, 45.753876], [16.018275, 45.753746], [16.014926, 45.752464], [16.013583, 45.752184], [16.011824, 45.752085], [16.011382, 45.751785], [16.011224, 45.752241], [16.010376, 45.752357], [16.009591, 45.752555], [16.008171, 45.75314], [16.007852, 45.752737], [16.006972, 45.753091], [16.007402, 45.753619], [16.006898, 45.754044], [16.005592, 45.754877], [16.004747, 45.755316], [16.003602, 45.755683], [16.002232, 45.755933], [15.998705, 45.756188], [15.998526, 45.756778], [15.998362, 45.756981], [15.997636, 45.756768], [15.996796, 45.756679], [15.992912, 45.757086], [15.989467, 45.757261], [15.989575, 45.757694], [15.989323, 45.758064], [15.989464, 45.758052], [15.989596, 45.758811], [15.98957, 45.759304], [15.989151, 45.759928], [15.988812, 45.760141], [15.98829, 45.76033], [15.9884, 45.760492], [15.9889, 45.760385], [15.98989, 45.760401], [15.996454, 45.75988], [15.996597, 45.759815], [15.998675, 45.759655], [15.998915, 45.759689], [15.998882, 45.762028], [15.998687, 45.762269], [15.999009, 45.762382], [16.00168, 45.763952], [16.002122, 45.764289], [16.002263, 45.764588], [16.005462, 45.764636], [16.005468, 45.763733], [16.005192, 45.763322], [16.005541, 45.763173], [16.006312, 45.763043], [16.007512, 45.763068], [16.009131, 45.758367], [16.0108, 45.75835], [16.013278, 45.75816], [16.014858, 45.757964], [16.0161, 45.757693], [16.01969, 45.756664], [16.023582, 45.755708], [16.024298, 45.755587], [16.024364, 45.755779], [16.025507, 45.755699], [16.025605, 45.755861], [16.026985, 45.755647], [16.027218, 45.755358], [16.027574, 45.755129]]]}, "properties": {"id": 51, "razina": "kvart", "name": "Hrelić", "color": "#d39945", "area_km2": 1.59, "mo_count": 1, "source": "derivirano: MO (data.zagreb.hr) + OSM imena", "jls_name": "Grad Zagreb", "jls_maticni_broj": "01333", "zupanija": "Grad Zagreb", "palette_idx": 2}}, {"type": "Feature", "id": 52, "geometry": {"type": "Polygon", "coordinates": [[[15.891387, 45.738933], [15.887065, 45.740565], [15.886246, 45.739658], [15.885133, 45.737954], [15.883224, 45.738453], [15.882235, 45.738949], [15.880648, 45.739562], [15.880278, 45.739793], [15.877714, 45.73879], [15.878584, 45.739773], [15.879821, 45.74294], [15.88052, 45.744376], [15.882313, 45.747138], [15.882732, 45.748037], [15.883514, 45.748986], [15.883426, 45.749237], [15.884952, 45.750873], [15.885317, 45.750662], [15.887201, 45.752374], [15.88988, 45.754531], [15.890542, 45.754175], [15.891472, 45.754773], [15.892269, 45.755116], [15.894662, 45.755751], [15.896263, 45.756512], [15.897142, 45.756785], [15.897939, 45.756865], [15.899255, 45.756814], [15.899984, 45.756647], [15.901246, 45.756211], [15.902332, 45.755657], [15.905507, 45.753588], [15.909074, 45.751724], [15.907969, 45.751283], [15.907794, 45.751273], [15.907861, 45.751206], [15.907108, 45.750863], [15.906026, 45.750525], [15.905806, 45.749905], [15.906042, 45.749639], [15.905528, 45.749432], [15.905542, 45.749244], [15.90506, 45.749414], [15.904291, 45.749229], [15.903054, 45.748717], [15.903201, 45.748685], [15.902392, 45.747683], [15.902204, 45.747734], [15.901741, 45.746935], [15.901432, 45.745502], [15.901237, 45.745565], [15.900701, 45.744716], [15.900354, 45.744825], [15.90025, 45.744695], [15.90041, 45.744633], [15.899401, 45.74335], [15.899285, 45.743326], [15.898076, 45.744047], [15.897829, 45.743678], [15.897668, 45.743583], [15.897106, 45.744037], [15.89635, 45.743757], [15.896458, 45.743618], [15.896385, 45.7435], [15.894799, 45.742977], [15.894599, 45.742299], [15.894608, 45.741849], [15.89483, 45.741111], [15.895733, 45.741067], [15.896252, 45.741155], [15.896571, 45.740639], [15.898002, 45.739025], [15.897886, 45.73896], [15.898175, 45.738561], [15.897806, 45.73842], [15.897667, 45.737934], [15.897559, 45.737888], [15.897823, 45.737319], [15.8962, 45.737542], [15.896266, 45.736802], [15.89236, 45.738443], [15.891387, 45.738933]]]}, "properties": {"id": 52, "razina": "kvart", "name": "Hrvatski Leskovac", "color": "#45d3c3", "area_km2": 2.74, "mo_count": 1, "source": "derivirano: MO (data.zagreb.hr) + OSM imena", "jls_name": "Grad Zagreb", "jls_maticni_broj": "01333", "zupanija": "Grad Zagreb", "palette_idx": 0}}, {"type": "Feature", "id": 53, "geometry": {"type": "Polygon", "coordinates": [[[15.986567, 45.808945], [15.986556, 45.809123], [15.986244, 45.809448], [15.986216, 45.809874], [15.983576, 45.809761], [15.983556, 45.809957], [15.983355, 45.810079], [15.983413, 45.810145], [15.98298, 45.810128], [15.982956, 45.810481], [15.983392, 45.810495], [15.983328, 45.810554], [15.983505, 45.81068], [15.983493, 45.810831], [15.983231, 45.810821], [15.983213, 45.811027], [15.982503, 45.811017], [15.982465, 45.811561], [15.982984, 45.811589], [15.982983, 45.811973], [15.983228, 45.811964], [15.983393, 45.812106], [15.983242, 45.813911], [15.983121, 45.814052], [15.983462, 45.814054], [15.984027, 45.813845], [15.984511, 45.813786], [15.987226, 45.813856], [15.987392, 45.812571], [15.987798, 45.812589], [15.987826, 45.812381], [15.987203, 45.812355], [15.987166, 45.811911], [15.986935, 45.811901], [15.987021, 45.810973], [15.987385, 45.810984], [15.987399, 45.810793], [15.987829, 45.810808], [15.987939, 45.811007], [15.988162, 45.811015], [15.988282, 45.810902], [15.988526, 45.81094], [15.988555, 45.810585], [15.9887, 45.810516], [15.988706, 45.810366], [15.989572, 45.81039], [15.98959, 45.810182], [15.988197, 45.81015], [15.988234, 45.809655], [15.988623, 45.809666], [15.988626, 45.809604], [15.988373, 45.8094], [15.988252, 45.809479], [15.987976, 45.809289], [15.987825, 45.809163], [15.987834, 45.808994], [15.987617, 45.808987], [15.987613, 45.809075], [15.986888, 45.809049], [15.986896, 45.808941], [15.986567, 45.808945]]]}, "properties": {"id": 53, "razina": "kvart", "name": "Hrvatski narodni vladari", "color": "#d345bb", "area_km2": 0.17, "mo_count": 1, "source": "derivirano: MO (data.zagreb.hr) + OSM imena", "jls_name": "Grad Zagreb", "jls_maticni_broj": "01333", "zupanija": "Grad Zagreb", "palette_idx": 0}}, {"type": "Feature", "id": 54, "geometry": {"type": "Polygon", "coordinates": [[[16.1105, 45.788304], [16.108959, 45.788447], [16.107126, 45.7884], [16.104376, 45.787519], [16.10331, 45.786937], [16.102339, 45.786261], [16.102087, 45.78622], [16.100553, 45.787698], [16.100446, 45.787946], [16.102273, 45.790711], [16.10262, 45.791094], [16.102959, 45.792079], [16.103794, 45.792742], [16.103037, 45.793512], [16.102144, 45.794169], [16.102017, 45.795082], [16.101658, 45.795857], [16.101606, 45.796323], [16.101221, 45.796633], [16.100721, 45.797501], [16.100778, 45.800494], [16.10085, 45.800644], [16.101091, 45.800698], [16.101044, 45.801567], [16.101967, 45.80175], [16.102947, 45.801643], [16.102856, 45.801744], [16.102927, 45.802085], [16.103699, 45.80247], [16.103486, 45.802704], [16.103515, 45.802898], [16.103742, 45.803016], [16.104329, 45.803143], [16.104295, 45.803594], [16.104889, 45.803982], [16.105646, 45.804222], [16.105819, 45.80441], [16.106394, 45.804658], [16.106833, 45.805145], [16.107008, 45.805648], [16.106543, 45.805796], [16.110108, 45.805106], [16.110051, 45.805054], [16.118945, 45.803022], [16.125849, 45.801611], [16.125587, 45.800973], [16.126643, 45.800558], [16.127732, 45.799869], [16.128306, 45.799253], [16.1288, 45.798228], [16.128855, 45.797029], [16.128521, 45.794704], [16.127989, 45.793228], [16.12734, 45.792445], [16.127567, 45.792271], [16.127192, 45.791831], [16.126975, 45.791807], [16.126877, 45.791723], [16.125984, 45.790629], [16.125893, 45.790469], [16.126008, 45.790365], [16.125464, 45.789619], [16.123613, 45.78754], [16.122437, 45.787429], [16.119998, 45.787042], [16.117807, 45.787103], [16.1105, 45.788304]]]}, "properties": {"id": 54, "razina": "kvart", "name": "Ivanja Reka", "color": "#91d345", "area_km2": 3.51, "mo_count": 1, "source": "derivirano: MO (data.zagreb.hr) + OSM imena", "jls_name": "Grad Zagreb", "jls_maticni_broj": "01333", "zupanija": "Grad Zagreb", "palette_idx": 1}}, {"type": "Feature", "id": 55, "geometry": {"type": "Polygon", "coordinates": [[[16.024298, 45.755587], [16.022735, 45.755877], [16.0161, 45.757693], [16.014858, 45.757964], [16.013278, 45.75816], [16.0108, 45.75835], [16.009131, 45.758367], [16.003844, 45.773827], [16.003984, 45.773859], [16.003766, 45.774447], [16.003678, 45.774443], [16.003537, 45.774973], [16.003192, 45.776593], [16.003254, 45.776795], [16.003014, 45.777524], [16.003185, 45.77816], [16.003122, 45.77843], [16.002288, 45.778989], [16.002247, 45.779125], [16.002172, 45.779112], [16.001887, 45.779927], [16.002109, 45.780219], [16.002517, 45.780452], [16.002297, 45.780614], [16.002085, 45.780511], [16.001855, 45.780601], [16.001835, 45.78105], [16.001633, 45.781123], [16.001675, 45.78185], [16.002032, 45.783177], [16.002288, 45.783121], [16.002382, 45.783275], [16.002161, 45.783372], [16.002741, 45.784365], [16.005368, 45.783034], [16.007106, 45.782043], [16.00893, 45.780797], [16.009359, 45.780634], [16.010192, 45.780018], [16.011419, 45.779359], [16.019327, 45.773995], [16.023189, 45.771193], [16.026106, 45.769272], [16.032581, 45.765427], [16.03497, 45.764074], [16.036353, 45.763406], [16.038803, 45.761961], [16.038281, 45.761339], [16.038255, 45.760834], [16.037573, 45.760366], [16.037054, 45.75979], [16.037082, 45.759369], [16.036626, 45.757872], [16.036678, 45.757618], [16.037829, 45.755776], [16.038029, 45.755026], [16.036339, 45.754731], [16.0351, 45.754819], [16.034875, 45.754748], [16.034123, 45.754887], [16.034219, 45.755382], [16.033599, 45.755499], [16.03255, 45.755452], [16.032172, 45.755173], [16.031708, 45.755041], [16.029238, 45.754823], [16.028569, 45.755056], [16.027574, 45.755129], [16.027218, 45.755358], [16.026985, 45.755647], [16.025605, 45.755861], [16.025507, 45.755699], [16.024364, 45.755779], [16.024298, 45.755587]]]}, "properties": {"id": 55, "razina": "kvart", "name": "Jakuševec", "color": "#4568d3", "area_km2": 4.55, "mo_count": 1, "source": "derivirano: MO (data.zagreb.hr) + OSM imena", "jls_name": "Grad Zagreb", "jls_maticni_broj": "01333", "zupanija": "Grad Zagreb", "palette_idx": 1}}, {"type": "Feature", "id": 56, "geometry": {"type": "Polygon", "coordinates": [[[15.88795, 45.790174], [15.887871, 45.789888], [15.887613, 45.789604], [15.88685, 45.789555], [15.887384, 45.78862], [15.888794, 45.786956], [15.887618, 45.786832], [15.886099, 45.78655], [15.885886, 45.786248], [15.884198, 45.785871], [15.882731, 45.785141], [15.881697, 45.784768], [15.88044, 45.784539], [15.873548, 45.78364], [15.869687, 45.783431], [15.867396, 45.784008], [15.86546, 45.784749], [15.864579, 45.785248], [15.859226, 45.789059], [15.856631, 45.790368], [15.853437, 45.79168], [15.852926, 45.791961], [15.8512, 45.793224], [15.849192, 45.795357], [15.847645, 45.797294], [15.851936, 45.799051], [15.852213, 45.799371], [15.852131, 45.799807], [15.852309, 45.800185], [15.853092, 45.800834], [15.853499, 45.800993], [15.852958, 45.80151], [15.853666, 45.801923], [15.854741, 45.802081], [15.854964, 45.802286], [15.857101, 45.801831], [15.857334, 45.801916], [15.859845, 45.811354], [15.859916, 45.81135], [15.860284, 45.81228], [15.860254, 45.812393], [15.86006, 45.812493], [15.860336, 45.812601], [15.860556, 45.812576], [15.861005, 45.812848], [15.86159, 45.813049], [15.862659, 45.813167], [15.863134, 45.813495], [15.86329, 45.813853], [15.864458, 45.813792], [15.864471, 45.813943], [15.869134, 45.813694], [15.869136, 45.813624], [15.869302, 45.813624], [15.869301, 45.813696], [15.86944, 45.81362], [15.872792, 45.813316], [15.872798, 45.813623], [15.874087, 45.813597], [15.892875, 45.812553], [15.892841, 45.810194], [15.892917, 45.809782], [15.893091, 45.809112], [15.893843, 45.807741], [15.894138, 45.806516], [15.889654, 45.806779], [15.889524, 45.806732], [15.889589, 45.805862], [15.889113, 45.804313], [15.887408, 45.804584], [15.885943, 45.804566], [15.885895, 45.804648], [15.885555, 45.804628], [15.88612, 45.79979], [15.886551, 45.798888], [15.886546, 45.798695], [15.887078, 45.798419], [15.887237, 45.798119], [15.88717, 45.797637], [15.888692, 45.797612], [15.889118, 45.797475], [15.890066, 45.797356], [15.891965, 45.797305], [15.891971, 45.796676], [15.89179, 45.795462], [15.891015, 45.79503], [15.89062, 45.794613], [15.89053, 45.793936], [15.890507, 45.791417], [15.889735, 45.791251], [15.888975, 45.790517], [15.88795, 45.790174]]]}, "properties": {"id": 56, "razina": "kvart", "name": "Jankomir", "color": "#d34c45", "area_km2": 8.24, "mo_count": 1, "source": "derivirano: MO (data.zagreb.hr) + OSM imena", "jls_name": "Grad Zagreb", "jls_maticni_broj": "01333", "zupanija": "Grad Zagreb", "palette_idx": 0}}, {"type": "Feature", "id": 57, "geometry": {"type": "Polygon", "coordinates": [[[15.934433, 45.772897], [15.930454, 45.772309], [15.928163, 45.772401], [15.926417, 45.772675], [15.919608, 45.774688], [15.917877, 45.775264], [15.916533, 45.775437], [15.915907, 45.775689], [15.914967, 45.775925], [15.90969, 45.776921], [15.907757, 45.777415], [15.906155, 45.777941], [15.907828, 45.780343], [15.908866, 45.781369], [15.909126, 45.781772], [15.909213, 45.782679], [15.908922, 45.784407], [15.909255, 45.785144], [15.910077, 45.786141], [15.910193, 45.78698], [15.910438, 45.787389], [15.911123, 45.787749], [15.911607, 45.787804], [15.912213, 45.787725], [15.912967, 45.78751], [15.917906, 45.785312], [15.917886, 45.785379], [15.921075, 45.789041], [15.923025, 45.793873], [15.923248, 45.795192], [15.931185, 45.794502], [15.931282, 45.793855], [15.929973, 45.793185], [15.929578, 45.792815], [15.929411, 45.792471], [15.929178, 45.79245], [15.929117, 45.792363], [15.929171, 45.792019], [15.92909, 45.791908], [15.929242, 45.791483], [15.929185, 45.790245], [15.929374, 45.789898], [15.930065, 45.789533], [15.930178, 45.78954], [15.930217, 45.789324], [15.930192, 45.788899], [15.929893, 45.788185], [15.929259, 45.787463], [15.930356, 45.786163], [15.932764, 45.784662], [15.935385, 45.783416], [15.936919, 45.78292], [15.939215, 45.781842], [15.944087, 45.781146], [15.945374, 45.781158], [15.946484, 45.781353], [15.946515, 45.781297], [15.947083, 45.779751], [15.94192, 45.775929], [15.939568, 45.774566], [15.937868, 45.77385], [15.934433, 45.772897]]]}, "properties": {"id": 57, "razina": "kvart", "name": "Jarun", "color": "#45d376", "area_km2": 3.98, "mo_count": 1, "source": "derivirano: MO (data.zagreb.hr) + OSM imena", "jls_name": "Grad Zagreb", "jls_maticni_broj": "01333", "zupanija": "Grad Zagreb", "palette_idx": 0}}, {"type": "Feature", "id": 58, "geometry": {"type": "Polygon", "coordinates": [[[16.028898, 45.840294], [16.02912, 45.840391], [16.029349, 45.84031], [16.029477, 45.840191], [16.029416, 45.840048], [16.029571, 45.839973], [16.029862, 45.840098], [16.030157, 45.84001], [16.030301, 45.839907], [16.030172, 45.839804], [16.031005, 45.839287], [16.031824, 45.838504], [16.032158, 45.838041], [16.032458, 45.837393], [16.032696, 45.83579], [16.028953, 45.834855], [16.028599, 45.834709], [16.027534, 45.835653], [16.027349, 45.835693], [16.026512, 45.836357], [16.025738, 45.836599], [16.025516, 45.836797], [16.025278, 45.836756], [16.02448, 45.837313], [16.02427, 45.8377], [16.024085, 45.837677], [16.024157, 45.837894], [16.023764, 45.837974], [16.023672, 45.838145], [16.023433, 45.838229], [16.023644, 45.838372], [16.023537, 45.838622], [16.023363, 45.838853], [16.022809, 45.83921], [16.022567, 45.839314], [16.02207, 45.838872], [16.019529, 45.839974], [16.019526, 45.84017], [16.018986, 45.840518], [16.019708, 45.841096], [16.019549, 45.841289], [16.019285, 45.841379], [16.018866, 45.841739], [16.018692, 45.84199], [16.018134, 45.842092], [16.017538, 45.841989], [16.016789, 45.841982], [16.016577, 45.842085], [16.016407, 45.842323], [16.016385, 45.842533], [16.016001, 45.842915], [16.015504, 45.842903], [16.015231, 45.843605], [16.014816, 45.843706], [16.0148, 45.843811], [16.014582, 45.843921], [16.014541, 45.844117], [16.014332, 45.844184], [16.013823, 45.844771], [16.013601, 45.844863], [16.013361, 45.845137], [16.01251, 45.845524], [16.011677, 45.846053], [16.012096, 45.84634], [16.011764, 45.846986], [16.011321, 45.847373], [16.010921, 45.847923], [16.010244, 45.848266], [16.009059, 45.849636], [16.00833, 45.850144], [16.00821, 45.850083], [16.008043, 45.850168], [16.008036, 45.850287], [16.007767, 45.850349], [16.007652, 45.850288], [16.007391, 45.850343], [16.00727, 45.850457], [16.007024, 45.850479], [16.006725, 45.850768], [16.006332, 45.851441], [16.00635, 45.851608], [16.006597, 45.851716], [16.006609, 45.851882], [16.006457, 45.851911], [16.005892, 45.852457], [16.005524, 45.852586], [16.004999, 45.852535], [16.004157, 45.852575], [16.003885, 45.852984], [16.004099, 45.853164], [16.003945, 45.853377], [16.004218, 45.853522], [16.003443, 45.854064], [16.003441, 45.854294], [16.003217, 45.854491], [16.002976, 45.854392], [16.002076, 45.854374], [16.001941, 45.854595], [16.001733, 45.854652], [16.001351, 45.855], [16.001096, 45.855041], [16.000858, 45.855248], [16.000837, 45.855161], [16.000158, 45.855128], [15.999955, 45.855195], [15.999262, 45.855103], [15.998778, 45.854879], [15.998733, 45.854737], [15.99822, 45.854675], [15.997911, 45.854705], [15.997935, 45.854815], [15.997781, 45.854871], [15.997319, 45.854805], [15.997151, 45.854922], [15.996614, 45.855021], [15.996216, 45.854945], [15.995984, 45.855002], [15.996001, 45.85517], [15.995865, 45.855231], [15.995804, 45.855452], [15.995634, 45.855407], [15.995615, 45.855564], [15.995487, 45.855543], [15.995348, 45.855637], [15.995438, 45.855827], [15.994851, 45.856266], [15.99498, 45.856441], [15.99423, 45.856991], [15.994382, 45.85718], [15.993581, 45.858022], [15.993551, 45.858504], [15.993193, 45.858322], [15.99331, 45.858448], [15.993152, 45.858875], [15.99327, 45.858927], [15.993282, 45.859213], [15.993559, 45.859621], [15.993568, 45.859811], [15.993946, 45.859627], [15.994791, 45.860331], [15.994932, 45.860308], [15.995772, 45.860561], [15.995856, 45.86049], [15.995996, 45.860539], [15.996913, 45.85955], [15.998117, 45.858544], [15.998567, 45.857903], [15.998918, 45.85804], [15.999318, 45.857988], [16.000233, 45.85815], [16.001782, 45.858703], [16.003932, 45.8597], [16.004382, 45.859479], [16.005178, 45.858898], [16.006172, 45.857889], [16.008413, 45.858636], [16.008493, 45.858365], [16.009129, 45.858374], [16.009023, 45.858238], [16.009362, 45.858214], [16.009665, 45.857912], [16.009636, 45.857856], [16.009476, 45.857902], [16.009576, 45.857683], [16.009834, 45.857612], [16.009981, 45.857322], [16.010169, 45.857224], [16.009993, 45.857108], [16.010028, 45.857001], [16.010507, 45.856787], [16.010808, 45.856407], [16.01142, 45.856113], [16.011614, 45.856252], [16.011617, 45.856154], [16.01183, 45.85611], [16.011815, 45.855958], [16.011908, 45.85591], [16.01195, 45.856011], [16.012024, 45.855755], [16.012215, 45.855647], [16.012093, 45.855441], [16.012517, 45.855567], [16.012607, 45.855442], [16.012814, 45.855492], [16.013009, 45.855427], [16.012958, 45.855308], [16.01318, 45.855273], [16.013291, 45.85512], [16.01324, 45.855054], [16.013382, 45.854981], [16.013285, 45.854952], [16.013432, 45.8548], [16.013376, 45.854662], [16.013508, 45.854653], [16.013492, 45.854459], [16.013626, 45.854424], [16.013634, 45.854344], [16.013763, 45.854359], [16.013751, 45.854238], [16.013929, 45.854332], [16.013995, 45.854113], [16.014052, 45.854102], [16.014003, 45.854224], [16.014195, 45.854331], [16.014273, 45.854281], [16.014199, 45.854149], [16.014598, 45.854063], [16.014629, 45.85387], [16.014744, 45.85393], [16.014935, 45.853839], [16.014898, 45.853995], [16.015191, 45.853937], [16.015076, 45.853843], [16.015269, 45.853662], [16.015179, 45.853531], [16.015507, 45.853382], [16.015641, 45.8534], [16.015686, 45.853103], [16.015941, 45.852913], [16.015909, 45.85283], [16.01619, 45.852785], [16.016358, 45.852674], [16.016164, 45.852643], [16.016445, 45.852501], [16.017008, 45.852376], [16.017149, 45.852127], [16.017454, 45.852141], [16.017668, 45.852292], [16.017752, 45.852278], [16.017642, 45.852093], [16.017779, 45.852168], [16.01795, 45.852118], [16.017939, 45.851871], [16.018132, 45.851864], [16.018545, 45.851525], [16.01845, 45.851369], [16.01834, 45.851383], [16.018448, 45.851177], [16.018207, 45.851045], [16.018579, 45.850915], [16.018448, 45.850878], [16.018413, 45.850749], [16.018499, 45.850712], [16.018652, 45.850833], [16.018729, 45.850808], [16.018633, 45.850643], [16.018802, 45.850642], [16.018588, 45.850502], [16.018445, 45.850196], [16.018799, 45.849869], [16.018941, 45.849561], [16.01913, 45.849603], [16.019343, 45.849337], [16.019526, 45.848614], [16.019712, 45.848312], [16.019644, 45.848239], [16.019818, 45.848011], [16.019695, 45.847969], [16.019969, 45.847775], [16.019893, 45.847733], [16.02, 45.847432], [16.020488, 45.847494], [16.020226, 45.847285], [16.020474, 45.84697], [16.020839, 45.846876], [16.020944, 45.846735], [16.020939, 45.846657], [16.020816, 45.846641], [16.020887, 45.846198], [16.020986, 45.846151], [16.021008, 45.846234], [16.021393, 45.846215], [16.021454, 45.845883], [16.021515, 45.845811], [16.021723, 45.845788], [16.021724, 45.845662], [16.021962, 45.845484], [16.022226, 45.845486], [16.022311, 45.845369], [16.022582, 45.84535], [16.022729, 45.845263], [16.022701, 45.845188], [16.023021, 45.845325], [16.023164, 45.845075], [16.023493, 45.845129], [16.023522, 45.844862], [16.023306, 45.844479], [16.023389, 45.844351], [16.025855, 45.842327], [16.026664, 45.842728], [16.02797, 45.841618], [16.02802, 45.842106], [16.028456, 45.841952], [16.028464, 45.841543], [16.028704, 45.841142], [16.028617, 45.841092], [16.028888, 45.840609], [16.028898, 45.840294]]]}, "properties": {"id": 58, "razina": "kvart", "name": "Jazbina", "color": "#9f45d3", "area_km2": 2.18, "mo_count": 1, "source": "derivirano: MO (data.zagreb.hr) + OSM imena", "jls_name": "Grad Zagreb", "jls_maticni_broj": "01333", "zupanija": "Grad Zagreb", "palette_idx": 3}}, {"type": "Feature", "id": 59, "geometry": {"type": "Polygon", "coordinates": [[[15.955715, 45.813157], [15.955511, 45.813627], [15.95533, 45.8135], [15.955273, 45.813645], [15.955054, 45.813586], [15.954871, 45.813997], [15.954906, 45.814117], [15.954734, 45.814251], [15.954303, 45.813991], [15.953842, 45.814311], [15.95393, 45.814373], [15.953774, 45.814487], [15.953859, 45.814552], [15.953762, 45.814617], [15.953835, 45.814914], [15.953436, 45.814739], [15.953171, 45.814407], [15.952057, 45.814657], [15.950684, 45.815421], [15.949702, 45.816623], [15.949365, 45.817252], [15.949303, 45.817578], [15.949398, 45.81783], [15.949044, 45.819223], [15.949059, 45.821051], [15.949136, 45.821121], [15.94905, 45.821524], [15.949016, 45.821577], [15.948644, 45.821585], [15.948351, 45.822117], [15.948653, 45.822267], [15.948274, 45.822811], [15.948464, 45.822788], [15.948035, 45.823306], [15.947627, 45.823285], [15.947488, 45.823563], [15.947688, 45.823594], [15.94765, 45.823757], [15.947448, 45.823731], [15.947398, 45.823997], [15.947656, 45.824032], [15.947631, 45.824229], [15.947732, 45.82422], [15.947611, 45.824606], [15.947449, 45.824709], [15.9476, 45.824973], [15.947312, 45.825144], [15.947413, 45.825222], [15.948368, 45.825279], [15.948527, 45.826176], [15.948327, 45.826195], [15.948123, 45.826478], [15.948169, 45.826749], [15.948088, 45.826777], [15.948422, 45.827418], [15.948341, 45.827616], [15.948446, 45.827809], [15.94878, 45.827764], [15.948768, 45.827381], [15.950786, 45.827473], [15.95084, 45.828172], [15.95058, 45.828511], [15.950841, 45.82926], [15.950727, 45.829689], [15.950602, 45.829824], [15.950645, 45.83059], [15.950555, 45.830785], [15.95071, 45.831618], [15.950871, 45.83178], [15.950881, 45.832099], [15.950542, 45.832459], [15.950554, 45.832576], [15.950415, 45.832635], [15.95026, 45.832938], [15.950193, 45.833818], [15.949692, 45.834007], [15.949529, 45.834651], [15.949849, 45.834622], [15.949996, 45.835142], [15.950154, 45.835123], [15.950191, 45.835715], [15.950108, 45.835718], [15.9504, 45.836068], [15.950439, 45.836348], [15.95079, 45.837069], [15.951233, 45.836956], [15.951318, 45.83712], [15.951431, 45.8378], [15.950979, 45.837844], [15.951006, 45.838135], [15.950817, 45.838158], [15.950912, 45.838487], [15.950699, 45.838528], [15.950865, 45.838808], [15.951235, 45.8387], [15.951387, 45.83891], [15.951532, 45.839173], [15.950992, 45.839308], [15.952334, 45.840633], [15.953073, 45.841977], [15.953244, 45.842443], [15.952791, 45.843494], [15.953064, 45.844364], [15.953655, 45.844236], [15.954324, 45.844389], [15.954276, 45.843786], [15.954374, 45.843345], [15.954701, 45.843007], [15.954839, 45.842592], [15.954871, 45.842134], [15.954744, 45.841858], [15.955438, 45.840621], [15.955469, 45.84047], [15.955271, 45.840266], [15.955268, 45.840117], [15.955535, 45.839885], [15.95553, 45.839477], [15.955648, 45.839221], [15.95622, 45.83895], [15.956378, 45.8387], [15.955905, 45.838083], [15.955796, 45.83773], [15.955423, 45.837378], [15.95526, 45.837079], [15.95534, 45.836529], [15.955036, 45.836021], [15.955024, 45.835614], [15.955364, 45.834902], [15.955995, 45.834013], [15.955941, 45.833589], [15.955769, 45.833449], [15.955925, 45.833184], [15.955862, 45.833061], [15.956061, 45.832911], [15.956199, 45.833029], [15.956314, 45.832784], [15.956349, 45.832476], [15.956186, 45.832467], [15.956145, 45.832369], [15.956211, 45.832194], [15.956108, 45.832101], [15.956232, 45.832012], [15.956124, 45.831915], [15.956324, 45.831635], [15.956464, 45.830953], [15.956264, 45.830762], [15.956237, 45.83031], [15.956722, 45.829991], [15.956681, 45.829882], [15.956795, 45.829668], [15.956707, 45.829603], [15.95711, 45.829287], [15.95725, 45.829031], [15.957439, 45.829022], [15.957471, 45.828809], [15.957333, 45.828737], [15.958112, 45.828014], [15.957838, 45.827994], [15.957866, 45.827897], [15.958196, 45.82781], [15.958045, 45.827749], [15.958041, 45.82763], [15.958234, 45.827583], [15.958326, 45.827639], [15.958384, 45.827479], [15.958724, 45.827293], [15.958784, 45.827173], [15.958925, 45.827193], [15.958783, 45.82704], [15.959056, 45.826944], [15.958915, 45.826189], [15.959049, 45.826153], [15.95899, 45.826012], [15.959079, 45.825791], [15.959391, 45.825803], [15.959295, 45.825674], [15.959399, 45.825348], [15.959072, 45.825003], [15.959156, 45.824836], [15.959044, 45.824693], [15.959053, 45.824436], [15.958714, 45.824162], [15.958669, 45.82406], [15.958839, 45.823902], [15.958667, 45.823667], [15.958201, 45.823366], [15.957771, 45.822836], [15.956576, 45.822093], [15.956674, 45.822086], [15.956491, 45.821299], [15.956277, 45.820957], [15.956706, 45.820936], [15.956637, 45.820699], [15.956726, 45.82049], [15.95654, 45.820495], [15.955593, 45.817827], [15.955653, 45.817485], [15.955177, 45.817508], [15.954628, 45.81642], [15.954584, 45.816218], [15.954817, 45.81539], [15.954686, 45.815232], [15.954403, 45.815123], [15.954588, 45.814928], [15.954819, 45.815054], [15.955283, 45.814585], [15.955147, 45.81449], [15.955279, 45.814401], [15.955366, 45.814463], [15.955511, 45.814384], [15.955751, 45.814188], [15.955786, 45.814034], [15.956059, 45.813931], [15.955979, 45.813714], [15.956319, 45.813804], [15.956362, 45.813725], [15.956348, 45.813433], [15.95607, 45.813394], [15.95612, 45.813227], [15.955715, 45.813157]]]}, "properties": {"id": 59, "razina": "kvart", "name": "Jelenovac", "color": "#d3c945", "area_km2": 1.57, "mo_count": 1, "source": "derivirano: MO (data.zagreb.hr) + OSM imena", "jls_name": "Grad Zagreb", "jls_maticni_broj": "01333", "zupanija": "Grad Zagreb", "palette_idx": 3}}, {"type": "Feature", "id": 60, "geometry": {"type": "Polygon", "coordinates": [[[16.136151, 45.799534], [16.131548, 45.800516], [16.131584, 45.800651], [16.131305, 45.800705], [16.131241, 45.800512], [16.118945, 45.803022], [16.110051, 45.805054], [16.110108, 45.805106], [16.107792, 45.805584], [16.106543, 45.805796], [16.106846, 45.805677], [16.103125, 45.806164], [16.100482, 45.806337], [16.101067, 45.809781], [16.115207, 45.809643], [16.115294, 45.812962], [16.115214, 45.812963], [16.115357, 45.813182], [16.115621, 45.813282], [16.115662, 45.813428], [16.115608, 45.813592], [16.115255, 45.813878], [16.11497, 45.813946], [16.115218, 45.814997], [16.116482, 45.81502], [16.116506, 45.815102], [16.116248, 45.815355], [16.116168, 45.815575], [16.115642, 45.817676], [16.11588, 45.818819], [16.115784, 45.819063], [16.115819, 45.819403], [16.114664, 45.819436], [16.115342, 45.822186], [16.115309, 45.82307], [16.115442, 45.823359], [16.115618, 45.823372], [16.122555, 45.821717], [16.122431, 45.816644], [16.123157, 45.81482], [16.122193, 45.812143], [16.122376, 45.812039], [16.126706, 45.811311], [16.126913, 45.811215], [16.127079, 45.810975], [16.127033, 45.810411], [16.126915, 45.809377], [16.126617, 45.808336], [16.127974, 45.808439], [16.128191, 45.807827], [16.132512, 45.803629], [16.136956, 45.802792], [16.137168, 45.802677], [16.137036, 45.801619], [16.136151, 45.799534]]]}, "properties": {"id": 60, "razina": "kvart", "name": "Jelkovec", "color": "#45b5d3", "area_km2": 2.52, "mo_count": 1, "source": "derivirano: MO (data.zagreb.hr) + OSM imena", "jls_name": "Grad Zagreb", "jls_maticni_broj": "01333", "zupanija": "Grad Zagreb", "palette_idx": 2}}, {"type": "Feature", "id": 61, "geometry": {"type": "Polygon", "coordinates": [[[16.142282, 45.908562], [16.142226, 45.909763], [16.141638, 45.910506], [16.141721, 45.910975], [16.14155, 45.911606], [16.141268, 45.91175], [16.141308, 45.911803], [16.141001, 45.912063], [16.139916, 45.912713], [16.138883, 45.9131], [16.138921, 45.913957], [16.138575, 45.914679], [16.137071, 45.916214], [16.136643, 45.916939], [16.136871, 45.917104], [16.136827, 45.91722], [16.136288, 45.917354], [16.135979, 45.917528], [16.135331, 45.918335], [16.135311, 45.919523], [16.135696, 45.920132], [16.136261, 45.920696], [16.136715, 45.921677], [16.136406, 45.921967], [16.136201, 45.922347], [16.136177, 45.92335], [16.136035, 45.923902], [16.13569, 45.924358], [16.135557, 45.924753], [16.135707, 45.925164], [16.136265, 45.925695], [16.136472, 45.926517], [16.136836, 45.926802], [16.137127, 45.927254], [16.137421, 45.927046], [16.137528, 45.926745], [16.13804, 45.926302], [16.138525, 45.926116], [16.13894, 45.926108], [16.13927, 45.925941], [16.139784, 45.925561], [16.139802, 45.925332], [16.140411, 45.92542], [16.140446, 45.92532], [16.141286, 45.925232], [16.141697, 45.925046], [16.142557, 45.924899], [16.142512, 45.924543], [16.143226, 45.924526], [16.143223, 45.924332], [16.143476, 45.92426], [16.144929, 45.924063], [16.145121, 45.923869], [16.145322, 45.923842], [16.145854, 45.923947], [16.146206, 45.923913], [16.147193, 45.92359], [16.147869, 45.923719], [16.148269, 45.924046], [16.150221, 45.924224], [16.150717, 45.924482], [16.151318, 45.925343], [16.151424, 45.925401], [16.151708, 45.924822], [16.152085, 45.924445], [16.152109, 45.924182], [16.152251, 45.923977], [16.152732, 45.923671], [16.15282, 45.923265], [16.152689, 45.922479], [16.153232, 45.922064], [16.15384, 45.921221], [16.154165, 45.920968], [16.154428, 45.920606], [16.154561, 45.920113], [16.154442, 45.919714], [16.154572, 45.919106], [16.154919, 45.918724], [16.155496, 45.917614], [16.155885, 45.917198], [16.155803, 45.916801], [16.155874, 45.916028], [16.155745, 45.915551], [16.155926, 45.915368], [16.156684, 45.915019], [16.157077, 45.914585], [16.158179, 45.913777], [16.158379, 45.913463], [16.158484, 45.912999], [16.158434, 45.912041], [16.157978, 45.91112], [16.158058, 45.909276], [16.158305, 45.90803], [16.157735, 45.907588], [16.157226, 45.906532], [16.155964, 45.906302], [16.154507, 45.906259], [16.153307, 45.906053], [16.152915, 45.906158], [16.152328, 45.905969], [16.151471, 45.905866], [16.150542, 45.906133], [16.149298, 45.907], [16.148186, 45.90691], [16.147393, 45.90717], [16.14694, 45.907215], [16.145222, 45.906928], [16.144072, 45.905911], [16.143446, 45.907143], [16.142683, 45.907447], [16.142357, 45.907881], [16.142136, 45.908399], [16.142282, 45.908562]]]}, "properties": {"id": 61, "razina": "kvart", "name": "Jesenovec", "color": "#d3458b", "area_km2": 2.77, "mo_count": 1, "source": "derivirano: MO (data.zagreb.hr) + OSM imena", "jls_name": "Grad Zagreb", "jls_maticni_broj": "01333", "zupanija": "Grad Zagreb", "palette_idx": 3}}, {"type": "Feature", "id": 62, "geometry": {"type": "Polygon", "coordinates": [[[15.852328, 45.76383], [15.840806, 45.765675], [15.838914, 45.767121], [15.838376, 45.767797], [15.839478, 45.768445], [15.84089, 45.769455], [15.841597, 45.770104], [15.841729, 45.770416], [15.84113, 45.77058], [15.838056, 45.771752], [15.83604, 45.772652], [15.833826, 45.773314], [15.832647, 45.773566], [15.831313, 45.773549], [15.830901, 45.773687], [15.827918, 45.77406], [15.826838, 45.774308], [15.825494, 45.775145], [15.823459, 45.777891], [15.82287, 45.778194], [15.821601, 45.778514], [15.823168, 45.779578], [15.826366, 45.780863], [15.828657, 45.782028], [15.828682, 45.782244], [15.82929, 45.782694], [15.829548, 45.783026], [15.829496, 45.783177], [15.829155, 45.783398], [15.829199, 45.783553], [15.829035, 45.784076], [15.830372, 45.784282], [15.830566, 45.784253], [15.831789, 45.784647], [15.833489, 45.784911], [15.833858, 45.785166], [15.834168, 45.785188], [15.83514, 45.785546], [15.836956, 45.785713], [15.837188, 45.786082], [15.838524, 45.787558], [15.838773, 45.787996], [15.838992, 45.789011], [15.839658, 45.789014], [15.839843, 45.789156], [15.840324, 45.788923], [15.841947, 45.789183], [15.842327, 45.789283], [15.842703, 45.78951], [15.84186, 45.790518], [15.839795, 45.790855], [15.838983, 45.791066], [15.838755, 45.791162], [15.83859, 45.791347], [15.837145, 45.792096], [15.837026, 45.792374], [15.836857, 45.792502], [15.835952, 45.792507], [15.835737, 45.792639], [15.835555, 45.792902], [15.835463, 45.793137], [15.835648, 45.793176], [15.835659, 45.793866], [15.835567, 45.793995], [15.835685, 45.795501], [15.835594, 45.796074], [15.83541, 45.796071], [15.835164, 45.797009], [15.835062, 45.798181], [15.835081, 45.799545], [15.835244, 45.800493], [15.835192, 45.801233], [15.834852, 45.801838], [15.833331, 45.803284], [15.834051, 45.803369], [15.83432, 45.803569], [15.833563, 45.804238], [15.832862, 45.805108], [15.831947, 45.805792], [15.83228, 45.805909], [15.830582, 45.80764], [15.832315, 45.80819], [15.832473, 45.80849], [15.833012, 45.808715], [15.833082, 45.809013], [15.833005, 45.809203], [15.832627, 45.809676], [15.832579, 45.809965], [15.832265, 45.810337], [15.832378, 45.810533], [15.833581, 45.810584], [15.834942, 45.809155], [15.836387, 45.807862], [15.838553, 45.80626], [15.840547, 45.804928], [15.841933, 45.803873], [15.842804, 45.803093], [15.844967, 45.800744], [15.849192, 45.795357], [15.8512, 45.793224], [15.852926, 45.791961], [15.853437, 45.79168], [15.856631, 45.790368], [15.859226, 45.789059], [15.864579, 45.785248], [15.865983, 45.784515], [15.867396, 45.784008], [15.869687, 45.783431], [15.873548, 45.78364], [15.88044, 45.784539], [15.881697, 45.784768], [15.882731, 45.785141], [15.884198, 45.785871], [15.885886, 45.786248], [15.886099, 45.78655], [15.887618, 45.786832], [15.888794, 45.786956], [15.888813, 45.784695], [15.887507, 45.784575], [15.886109, 45.784323], [15.882928, 45.783459], [15.880528, 45.782645], [15.878577, 45.781849], [15.876873, 45.781034], [15.875616, 45.780362], [15.873359, 45.778961], [15.873859, 45.777208], [15.875024, 45.774528], [15.878081, 45.772912], [15.879209, 45.772893], [15.879521, 45.772753], [15.879883, 45.772427], [15.879916, 45.772299], [15.87976, 45.772124], [15.879521, 45.772039], [15.879551, 45.771827], [15.880335, 45.770474], [15.880472, 45.768635], [15.879958, 45.767461], [15.879433, 45.766623], [15.877909, 45.765589], [15.877246, 45.76535], [15.876172, 45.765246], [15.875035, 45.765542], [15.874775, 45.765487], [15.874783, 45.76555], [15.874386, 45.765521], [15.873841, 45.765644], [15.873453, 45.765575], [15.873357, 45.765356], [15.873718, 45.764132], [15.87314, 45.763567], [15.872641, 45.763804], [15.871509, 45.763834], [15.871329, 45.763893], [15.870913, 45.764186], [15.871027, 45.764408], [15.870973, 45.764537], [15.870708, 45.764631], [15.870438, 45.764597], [15.870215, 45.764238], [15.869882, 45.764026], [15.868643, 45.763799], [15.868198, 45.763951], [15.86759, 45.764707], [15.866704, 45.765226], [15.865505, 45.765073], [15.864908, 45.765106], [15.862694, 45.765516], [15.860513, 45.76567], [15.854038, 45.764267], [15.852328, 45.76383]]]}, "properties": {"id": 62, "razina": "kvart", "name": "Ježdovec", "color": "#62d345", "area_km2": 10.78, "mo_count": 1, "source": "derivirano: MO (data.zagreb.hr) + OSM imena", "jls_name": "Grad Zagreb", "jls_maticni_broj": "01333", "zupanija": "Grad Zagreb", "palette_idx": 1}}, {"type": "Feature", "id": 63, "geometry": {"type": "Polygon", "coordinates": [[[16.013293, 45.819049], [16.002421, 45.816491], [16.002329, 45.816693], [16.002148, 45.816654], [16.002098, 45.816757], [16.001752, 45.816677], [16.001666, 45.816861], [16.001916, 45.816922], [16.001789, 45.817175], [16.001889, 45.817259], [16.001809, 45.817424], [16.001915, 45.817447], [16.001404, 45.817647], [16.001321, 45.817549], [16.000622, 45.817574], [15.999774, 45.817909], [15.998915, 45.817687], [15.998316, 45.817627], [15.99823, 45.817598], [15.998279, 45.81751], [15.997569, 45.81736], [15.997471, 45.817586], [15.997199, 45.817727], [15.997337, 45.818139], [15.997758, 45.818072], [15.99781, 45.818248], [15.997952, 45.81826], [15.997922, 45.818401], [15.998153, 45.818367], [15.998127, 45.818569], [15.998652, 45.818595], [15.998832, 45.818679], [15.998984, 45.818376], [15.999086, 45.818419], [15.999342, 45.818309], [15.999489, 45.818485], [15.999702, 45.818392], [15.999705, 45.818275], [16.0001, 45.818369], [16.000092, 45.818584], [15.999804, 45.818909], [15.999693, 45.818843], [15.999409, 45.819096], [15.999237, 45.819068], [15.999275, 45.819205], [15.999403, 45.819181], [15.999615, 45.819271], [15.999342, 45.819409], [15.99935, 45.819476], [15.999531, 45.819445], [15.999827, 45.819767], [16.001497, 45.820788], [16.001494, 45.820902], [16.001305, 45.821421], [16.001074, 45.82134], [16.000967, 45.82139], [16.000931, 45.821871], [15.999702, 45.822709], [15.999544, 45.822609], [15.998967, 45.822482], [15.998402, 45.823338], [15.998328, 45.823812], [15.998247, 45.823775], [15.998098, 45.823912], [15.997816, 45.823787], [15.997382, 45.824225], [15.997333, 45.824644], [15.997859, 45.824707], [15.997893, 45.824929], [15.997815, 45.82493], [15.997737, 45.825289], [15.998135, 45.825358], [15.998137, 45.825481], [15.99812, 45.825598], [15.9978, 45.825564], [15.99762, 45.826421], [15.997454, 45.826566], [15.997464, 45.826939], [15.997271, 45.827144], [15.997542, 45.827448], [15.997049, 45.828004], [15.998285, 45.828578], [15.998543, 45.828279], [16.0001, 45.827945], [16.00088, 45.827856], [16.001338, 45.827562], [16.002259, 45.827287], [16.002675, 45.827036], [16.003699, 45.82688], [16.004043, 45.826929], [16.004088, 45.826822], [16.004543, 45.826739], [16.00609, 45.826685], [16.00718, 45.825649], [16.007555, 45.825578], [16.008744, 45.824871], [16.008916, 45.824753], [16.008967, 45.82457], [16.009781, 45.824024], [16.010472, 45.823674], [16.010409, 45.823626], [16.011372, 45.823319], [16.011807, 45.823578], [16.011936, 45.823329], [16.012388, 45.823418], [16.01248, 45.823146], [16.012452, 45.82273], [16.012592, 45.822582], [16.012573, 45.821916], [16.012831, 45.820438], [16.013104, 45.819177], [16.013293, 45.819049]]]}, "properties": {"id": 63, "razina": "kvart", "name": "Jordanovac", "color": "#5245d3", "area_km2": 1.0, "mo_count": 2, "source": "derivirano: MO (data.zagreb.hr) + OSM imena", "jls_name": "Grad Zagreb", "jls_maticni_broj": "01333", "zupanija": "Grad Zagreb", "palette_idx": 2}}, {"type": "Feature", "id": 64, "geometry": {"type": "Polygon", "coordinates": [[[15.95837, 45.776752], [15.953681, 45.77661], [15.953449, 45.775906], [15.952999, 45.775892], [15.95298, 45.776173], [15.951081, 45.776391], [15.950086, 45.776215], [15.949593, 45.775911], [15.949326, 45.776265], [15.947939, 45.775767], [15.943072, 45.773585], [15.94129, 45.77552], [15.946872, 45.779621], [15.949649, 45.78148], [15.953321, 45.783422], [15.95472, 45.784076], [15.95755, 45.785223], [15.959278, 45.785755], [15.965211, 45.787316], [15.967159, 45.787752], [15.969564, 45.788184], [15.973982, 45.788745], [15.977793, 45.788933], [15.979883, 45.788923], [15.979917, 45.787889], [15.979988, 45.787442], [15.980087, 45.787439], [15.979996, 45.786953], [15.980529, 45.777317], [15.977244, 45.77723], [15.977204, 45.777072], [15.972171, 45.776923], [15.972005, 45.776987], [15.970144, 45.777007], [15.962602, 45.776695], [15.962015, 45.776693], [15.961469, 45.77678], [15.960181, 45.776759], [15.960247, 45.776614], [15.958689, 45.776613], [15.95837, 45.776752]]]}, "properties": {"id": 64, "razina": "kvart", "name": "Kajzerica", "color": "#d37c45", "area_km2": 2.86, "mo_count": 1, "source": "derivirano: MO (data.zagreb.hr) + OSM imena", "jls_name": "Grad Zagreb", "jls_maticni_broj": "01333", "zupanija": "Grad Zagreb", "palette_idx": 1}}, {"type": "Feature", "id": 65, "geometry": {"type": "Polygon", "coordinates": [[[16.005494, 45.801407], [15.996063, 45.800941], [15.995972, 45.800864], [15.99528, 45.80074], [15.992437, 45.805694], [15.993518, 45.805691], [15.993908, 45.806048], [15.994911, 45.806425], [15.998284, 45.807352], [15.999473, 45.807502], [15.999729, 45.807765], [16.003419, 45.808769], [16.005441, 45.806956], [16.005275, 45.806863], [16.005498, 45.806664], [16.00621, 45.806035], [16.006371, 45.806122], [16.00675, 45.805815], [16.007958, 45.804734], [16.00793, 45.804606], [16.008373, 45.804188], [16.008538, 45.804071], [16.00872, 45.804055], [16.01099, 45.802031], [16.010878, 45.802099], [16.010547, 45.802094], [16.007178, 45.801586], [16.005494, 45.801407]]]}, "properties": {"id": 65, "razina": "kvart", "name": "Kanal", "color": "#45d3a5", "area_km2": 0.77, "mo_count": 1, "source": "derivirano: MO (data.zagreb.hr) + OSM imena", "jls_name": "Grad Zagreb", "jls_maticni_broj": "01333", "zupanija": "Grad Zagreb", "palette_idx": 0}}, {"type": "Feature", "id": 66, "geometry": {"type": "Polygon", "coordinates": [[[15.978837, 45.812342], [15.978001, 45.812574], [15.976004, 45.812954], [15.975972, 45.813371], [15.975667, 45.813315], [15.975574, 45.813487], [15.97603, 45.813619], [15.976101, 45.813501], [15.976229, 45.813531], [15.976086, 45.813705], [15.976183, 45.813738], [15.975932, 45.814183], [15.975883, 45.814518], [15.975656, 45.814784], [15.975911, 45.814954], [15.976153, 45.814945], [15.976167, 45.815094], [15.976012, 45.815168], [15.976079, 45.815155], [15.976126, 45.815792], [15.976245, 45.815788], [15.976295, 45.816044], [15.976101, 45.816052], [15.976108, 45.816228], [15.976014, 45.816224], [15.976012, 45.816311], [15.97617, 45.81634], [15.976046, 45.816506], [15.975975, 45.816475], [15.975896, 45.816652], [15.976076, 45.816793], [15.97593, 45.817686], [15.976103, 45.818186], [15.976048, 45.818435], [15.976132, 45.818926], [15.976036, 45.819593], [15.975553, 45.819572], [15.975457, 45.819878], [15.975487, 45.820345], [15.975569, 45.820359], [15.975607, 45.820658], [15.975688, 45.820657], [15.975696, 45.821127], [15.97619, 45.821103], [15.976202, 45.821272], [15.976844, 45.821111], [15.976584, 45.820576], [15.976473, 45.820056], [15.976531, 45.819013], [15.976793, 45.818994], [15.976823, 45.818821], [15.977955, 45.81872], [15.978001, 45.818443], [15.978741, 45.818418], [15.978796, 45.817818], [15.979856, 45.816087], [15.979899, 45.815744], [15.980304, 45.815721], [15.980113, 45.815002], [15.979861, 45.815003], [15.979857, 45.814854], [15.979941, 45.814887], [15.980835, 45.814566], [15.980955, 45.814579], [15.980965, 45.814431], [15.980811, 45.814279], [15.981013, 45.813927], [15.981573, 45.813913], [15.981645, 45.81411], [15.98209, 45.814094], [15.982456, 45.814218], [15.98255, 45.814145], [15.982775, 45.81416], [15.982737, 45.814266], [15.98307, 45.81412], [15.983242, 45.813911], [15.983393, 45.812106], [15.978837, 45.812342]]]}, "properties": {"id": 66, "razina": "kvart", "name": "Kaptol", "color": "#cf45d3", "area_km2": 0.27, "mo_count": 1, "source": "derivirano: MO (data.zagreb.hr) + OSM imena", "jls_name": "Grad Zagreb", "jls_maticni_broj": "01333", "zupanija": "Grad Zagreb", "palette_idx": 3}}, {"type": "Feature", "id": 67, "geometry": {"type": "MultiPolygon", "coordinates": [[[[16.127902, 45.90004], [16.128177, 45.899986], [16.128344, 45.900157], [16.128715, 45.900195], [16.129015, 45.899994], [16.128975, 45.899844], [16.128476, 45.899658], [16.128641, 45.898892], [16.128206, 45.898438], [16.12835, 45.89794], [16.128661, 45.897561], [16.12846, 45.897499], [16.12468, 45.89839], [16.124632, 45.898789], [16.123955, 45.898877], [16.123108, 45.898274], [16.122128, 45.898033], [16.121705, 45.898008], [16.121305, 45.898333], [16.121564, 45.899217], [16.121471, 45.899708], [16.121044, 45.899968], [16.120303, 45.900236], [16.120115, 45.900403], [16.119835, 45.900749], [16.119661, 45.901683], [16.118917, 45.90163], [16.118646, 45.901867], [16.118155, 45.902517], [16.118325, 45.902879], [16.118173, 45.903373], [16.11748, 45.903737], [16.116526, 45.904016], [16.116787, 45.904403], [16.116806, 45.905262], [16.116988, 45.906375], [16.117842, 45.90725], [16.117709, 45.908104], [16.11748, 45.908678], [16.117877, 45.909255], [16.117998, 45.909707], [16.117811, 45.910427], [16.117948, 45.912115], [16.117773, 45.912564], [16.117733, 45.913086], [16.117785, 45.913176], [16.117975, 45.913201], [16.117982, 45.913331], [16.117781, 45.913801], [16.117694, 45.915424], [16.117274, 45.916593], [16.117016, 45.916965], [16.116721, 45.917118], [16.116016, 45.917304], [16.115383, 45.917958], [16.114877, 45.918151], [16.114507, 45.918197], [16.114167, 45.918204], [16.113067, 45.917923], [16.112446, 45.917879], [16.111881, 45.917599], [16.110723, 45.917859], [16.109918, 45.917896], [16.109583, 45.917686], [16.108936, 45.917509], [16.108157, 45.917486], [16.107731, 45.917826], [16.107463, 45.917948], [16.106956, 45.918016], [16.106223, 45.918389], [16.106136, 45.91853], [16.105449, 45.918947], [16.10521, 45.919316], [16.105678, 45.919747], [16.105963, 45.920354], [16.105185, 45.921574], [16.104808, 45.921992], [16.104682, 45.922543], [16.104238, 45.922938], [16.104182, 45.923355], [16.104255, 45.923605], [16.104419, 45.923748], [16.105637, 45.924124], [16.106033, 45.924977], [16.10572, 45.9251], [16.10551, 45.925579], [16.105546, 45.925964], [16.105308, 45.926395], [16.105534, 45.927043], [16.105463, 45.927199], [16.104587, 45.928132], [16.104769, 45.928811], [16.104509, 45.929549], [16.109994, 45.929049], [16.112976, 45.927489], [16.113671, 45.927459], [16.115393, 45.927133], [16.116263, 45.92668], [16.116278, 45.926946], [16.1166, 45.92706], [16.116136, 45.928183], [16.115967, 45.930292], [16.11284, 45.934764], [16.111985, 45.938638], [16.110741, 45.939778], [16.110238, 45.940385], [16.109655, 45.940826], [16.109385, 45.941245], [16.108436, 45.941817], [16.104702, 45.943264], [16.103511, 45.943391], [16.102195, 45.944196], [16.099673, 45.944968], [16.099219, 45.945256], [16.098758, 45.945719], [16.096997, 45.946262], [16.096234, 45.946827], [16.095877, 45.947543], [16.096188, 45.949397], [16.096081, 45.949785], [16.095468, 45.950675], [16.095537, 45.950738], [16.095735, 45.950793], [16.096224, 45.950459], [16.097438, 45.949251], [16.097637, 45.948565], [16.098831, 45.948706], [16.097163, 45.951525], [16.094288, 45.954595], [16.093474, 45.955983], [16.092121, 45.956637], [16.092437, 45.956628], [16.093383, 45.956243], [16.093832, 45.955822], [16.094635, 45.95546], [16.096552, 45.953397], [16.097841, 45.953933], [16.099068, 45.954556], [16.099173, 45.954823], [16.100128, 45.955482], [16.100438, 45.95559], [16.101717, 45.955735], [16.103513, 45.955667], [16.104235, 45.955755], [16.104945, 45.955619], [16.105398, 45.955672], [16.105589, 45.955617], [16.106017, 45.955713], [16.106698, 45.95568], [16.107415, 45.955855], [16.107809, 45.955865], [16.107912, 45.955754], [16.10806, 45.95497], [16.108329, 45.954577], [16.108277, 45.953893], [16.108006, 45.953323], [16.107898, 45.952494], [16.108774, 45.951325], [16.109055, 45.950735], [16.110417, 45.949317], [16.110759, 45.948329], [16.110842, 45.947504], [16.111059, 45.947057], [16.111859, 45.946574], [16.111968, 45.946081], [16.112158, 45.945866], [16.112461, 45.944966], [16.112694, 45.944595], [16.112663, 45.944062], [16.112982, 45.943553], [16.113121, 45.942834], [16.11364, 45.942267], [16.113912, 45.941337], [16.114162, 45.941135], [16.115305, 45.941062], [16.115637, 45.940932], [16.116014, 45.940297], [16.117161, 45.939676], [16.117595, 45.939203], [16.11871, 45.938677], [16.119475, 45.93818], [16.120414, 45.937959], [16.120602, 45.937745], [16.120723, 45.937516], [16.120601, 45.93708], [16.120813, 45.936169], [16.120788, 45.935812], [16.12066, 45.93553], [16.119981, 45.934687], [16.119885, 45.934437], [16.119937, 45.934222], [16.120374, 45.933642], [16.12218, 45.932753], [16.122323, 45.932542], [16.122325, 45.932164], [16.122516, 45.931794], [16.122797, 45.93169], [16.123887, 45.931603], [16.124314, 45.931512], [16.124434, 45.931411], [16.124441, 45.931119], [16.12404, 45.930625], [16.124142, 45.930317], [16.125067, 45.929629], [16.125183, 45.929421], [16.125254, 45.928839], [16.125144, 45.928564], [16.12515, 45.9281], [16.125544, 45.927121], [16.126011, 45.92645], [16.126084, 45.926088], [16.125945, 45.925769], [16.125506, 45.925223], [16.12541, 45.924888], [16.125463, 45.922628], [16.125621, 45.922351], [16.126702, 45.921613], [16.126523, 45.919751], [16.126812, 45.919435], [16.127689, 45.918932], [16.127918, 45.918298], [16.127801, 45.91726], [16.127309, 45.916641], [16.127344, 45.916377], [16.127544, 45.9162], [16.12809, 45.91596], [16.128603, 45.915501], [16.128912, 45.914643], [16.129699, 45.914829], [16.130321, 45.915301], [16.130324, 45.915228], [16.131461, 45.915204], [16.13206, 45.91507], [16.132882, 45.914697], [16.132972, 45.914394], [16.132915, 45.914014], [16.133032, 45.913788], [16.132953, 45.91275], [16.133215, 45.911632], [16.133653, 45.911526], [16.134378, 45.911549], [16.134915, 45.911462], [16.13521, 45.909817], [16.13558, 45.909321], [16.135498, 45.909282], [16.135886, 45.908939], [16.136053, 45.908545], [16.135465, 45.907317], [16.135214, 45.907154], [16.135075, 45.906933], [16.13488, 45.904077], [16.134736, 45.904064], [16.134675, 45.903956], [16.133994, 45.904101], [16.133303, 45.904096], [16.131061, 45.903751], [16.131437, 45.903194], [16.130817, 45.902749], [16.131229, 45.902026], [16.130749, 45.901872], [16.130905, 45.90135], [16.129909, 45.901118], [16.130216, 45.900505], [16.129332, 45.900249], [16.128955, 45.900402], [16.127857, 45.90039], [16.127522, 45.900466], [16.127732, 45.900336], [16.127902, 45.90004]]], [[[16.089113, 45.958161], [16.089716, 45.958506], [16.089844, 45.958145], [16.090167, 45.957778], [16.090176, 45.957612], [16.089113, 45.958161]]]]}, "properties": {"id": 67, "razina": "kvart", "name": "Kašina", "color": "#afd345", "area_km2": 6.57, "mo_count": 1, "source": "derivirano: MO (data.zagreb.hr) + OSM imena", "jls_name": "Grad Zagreb", "jls_maticni_broj": "01333", "zupanija": "Grad Zagreb", "palette_idx": 1}}, {"type": "Feature", "id": 68, "geometry": {"type": "Polygon", "coordinates": [[[16.110802, 45.906227], [16.110294, 45.905946], [16.109925, 45.90581], [16.109835, 45.905854], [16.110157, 45.905492], [16.109922, 45.905358], [16.109829, 45.905144], [16.109539, 45.905069], [16.10959, 45.904977], [16.109271, 45.904852], [16.108453, 45.906599], [16.107838, 45.90713], [16.107735, 45.907347], [16.107434, 45.907425], [16.107394, 45.907552], [16.107274, 45.90758], [16.107162, 45.908042], [16.107231, 45.908141], [16.106955, 45.908534], [16.10679, 45.908616], [16.106816, 45.908863], [16.106677, 45.909015], [16.106778, 45.909161], [16.10654, 45.909281], [16.106474, 45.909648], [16.106298, 45.909828], [16.105967, 45.909901], [16.105907, 45.910073], [16.10308, 45.910656], [16.102537, 45.910578], [16.102187, 45.910665], [16.101071, 45.910645], [16.100434, 45.910789], [16.099811, 45.911094], [16.099242, 45.911167], [16.097284, 45.911105], [16.097123, 45.911158], [16.096645, 45.911596], [16.096202, 45.911866], [16.09586, 45.912382], [16.09555, 45.912642], [16.094466, 45.91326], [16.094125, 45.91338], [16.093893, 45.91363], [16.093532, 45.914203], [16.093144, 45.915161], [16.092722, 45.916792], [16.092731, 45.917099], [16.092206, 45.918046], [16.091823, 45.918499], [16.091041, 45.91903], [16.090825, 45.919585], [16.091307, 45.919572], [16.091513, 45.919664], [16.092034, 45.919582], [16.09263, 45.919753], [16.092708, 45.919457], [16.092961, 45.919554], [16.093051, 45.919458], [16.093607, 45.919407], [16.093949, 45.91912], [16.094301, 45.919473], [16.093419, 45.919789], [16.093431, 45.920016], [16.09329, 45.920125], [16.09352, 45.920181], [16.093939, 45.92074], [16.094674, 45.9214], [16.095729, 45.921654], [16.097532, 45.921242], [16.097934, 45.920912], [16.098253, 45.920792], [16.099964, 45.920502], [16.100335, 45.920276], [16.1009, 45.920133], [16.101635, 45.920324], [16.103803, 45.92056], [16.104468, 45.920538], [16.105347, 45.92024], [16.105887, 45.92019], [16.105678, 45.919747], [16.10521, 45.919316], [16.105449, 45.918947], [16.106136, 45.91853], [16.106287, 45.918349], [16.106956, 45.918016], [16.107463, 45.917948], [16.107731, 45.917826], [16.108157, 45.917486], [16.108936, 45.917509], [16.109583, 45.917686], [16.109918, 45.917896], [16.110723, 45.917859], [16.111881, 45.917599], [16.112446, 45.917879], [16.113067, 45.917923], [16.114167, 45.918204], [16.114507, 45.918197], [16.114877, 45.918151], [16.115383, 45.917958], [16.116016, 45.917304], [16.116968, 45.916999], [16.117274, 45.916593], [16.117694, 45.915424], [16.117781, 45.913801], [16.117982, 45.913331], [16.117975, 45.913201], [16.117785, 45.913176], [16.117733, 45.913086], [16.117773, 45.912564], [16.117948, 45.912115], [16.117811, 45.910427], [16.117998, 45.909707], [16.117877, 45.909255], [16.117596, 45.908905], [16.117476, 45.908546], [16.117709, 45.908104], [16.117842, 45.90725], [16.116988, 45.906375], [16.116856, 45.905615], [16.116715, 45.905624], [16.116626, 45.905834], [16.116103, 45.905519], [16.116093, 45.905651], [16.115825, 45.905602], [16.115801, 45.905649], [16.115022, 45.905411], [16.114949, 45.905283], [16.114312, 45.905401], [16.113678, 45.905651], [16.11304, 45.905698], [16.112701, 45.905841], [16.112477, 45.905687], [16.111353, 45.906332], [16.110802, 45.906227]]]}, "properties": {"id": 68, "razina": "kvart", "name": "Kašinska Sopnica", "color": "#4585d3", "area_km2": 2.22, "mo_count": 1, "source": "derivirano: MO (data.zagreb.hr) + OSM imena", "jls_name": "Grad Zagreb", "jls_maticni_broj": "01333", "zupanija": "Grad Zagreb", "palette_idx": 3}}, {"type": "Feature", "id": 69, "geometry": {"type": "Polygon", "coordinates": [[[16.051686, 45.829339], [16.049318, 45.832841], [16.048852, 45.833619], [16.048196, 45.83515], [16.047539, 45.83636], [16.046943, 45.837244], [16.046679, 45.837429], [16.046309, 45.838046], [16.046818, 45.838421], [16.046383, 45.838774], [16.046149, 45.83913], [16.045665, 45.840685], [16.04537, 45.840899], [16.045153, 45.840929], [16.0449, 45.841419], [16.045966, 45.841588], [16.04585, 45.841736], [16.047018, 45.842098], [16.045563, 45.843808], [16.045111, 45.844691], [16.044265, 45.845665], [16.043806, 45.846335], [16.043809, 45.846775], [16.045393, 45.847044], [16.046082, 45.846525], [16.046758, 45.846664], [16.047539, 45.846507], [16.048641, 45.846973], [16.049176, 45.846744], [16.049359, 45.846391], [16.049541, 45.846395], [16.049727, 45.846251], [16.049748, 45.845949], [16.049936, 45.845883], [16.050124, 45.846003], [16.050239, 45.845675], [16.051007, 45.845277], [16.051383, 45.844423], [16.052192, 45.843801], [16.052687, 45.843538], [16.05334, 45.843881], [16.053823, 45.843573], [16.053874, 45.843359], [16.054156, 45.842991], [16.05444, 45.842815], [16.054384, 45.842785], [16.055342, 45.841467], [16.055271, 45.841263], [16.054939, 45.841133], [16.05494, 45.841062], [16.055077, 45.840919], [16.055162, 45.840929], [16.055169, 45.840779], [16.055697, 45.840964], [16.056379, 45.839371], [16.056572, 45.839342], [16.056597, 45.837721], [16.055968, 45.834339], [16.0564, 45.833142], [16.056307, 45.833091], [16.056375, 45.831275], [16.055992, 45.830359], [16.055972, 45.829933], [16.056103, 45.829746], [16.056055, 45.829516], [16.054868, 45.829342], [16.05266, 45.828818], [16.052178, 45.829514], [16.051686, 45.829339]]]}, "properties": {"id": 69, "razina": "kvart", "name": "Klaka", "color": "#d3455c", "area_km2": 1.17, "mo_count": 1, "source": "derivirano: MO (data.zagreb.hr) + OSM imena", "jls_name": "Grad Zagreb", "jls_maticni_broj": "01333", "zupanija": "Grad Zagreb", "palette_idx": 4}}, {"type": "Feature", "id": 70, "geometry": {"type": "Polygon", "coordinates": [[[15.98775, 45.804889], [15.986478, 45.804753], [15.983649, 45.804254], [15.984857, 45.804292], [15.98582, 45.804235], [15.983582, 45.80411], [15.983467, 45.805284], [15.983495, 45.805373], [15.983901, 45.805395], [15.983901, 45.805666], [15.98388, 45.805841], [15.983363, 45.805817], [15.983356, 45.806139], [15.983534, 45.806146], [15.98357, 45.806328], [15.983744, 45.806335], [15.983823, 45.806584], [15.983732, 45.806555], [15.98372, 45.806775], [15.983274, 45.806759], [15.983229, 45.807091], [15.983207, 45.807384], [15.983468, 45.80739], [15.983466, 45.807448], [15.983684, 45.807491], [15.983727, 45.807832], [15.983474, 45.807923], [15.983467, 45.807998], [15.983001, 45.80798], [15.982939, 45.808689], [15.983199, 45.808701], [15.983079, 45.809399], [15.98332, 45.80943], [15.983277, 45.809736], [15.986216, 45.809874], [15.986244, 45.809448], [15.986556, 45.809123], [15.986568, 45.808931], [15.986896, 45.808941], [15.986888, 45.809049], [15.987613, 45.809075], [15.987617, 45.808987], [15.987974, 45.809032], [15.988154, 45.808926], [15.988283, 45.808975], [15.988401, 45.808893], [15.988498, 45.808972], [15.988671, 45.808868], [15.988719, 45.808612], [15.988865, 45.808523], [15.988598, 45.808474], [15.988693, 45.808364], [15.988584, 45.808302], [15.988766, 45.808271], [15.988773, 45.80817], [15.988636, 45.80813], [15.988731, 45.808105], [15.988738, 45.808002], [15.988644, 45.80797], [15.988747, 45.807974], [15.988759, 45.807774], [15.988538, 45.807769], [15.988345, 45.807585], [15.987893, 45.807663], [15.987909, 45.807481], [15.987778, 45.807434], [15.987812, 45.806892], [15.987951, 45.806895], [15.987949, 45.806962], [15.988029, 45.806965], [15.988049, 45.806678], [15.987822, 45.806671], [15.987829, 45.806542], [15.988007, 45.806548], [15.987937, 45.805953], [15.98768, 45.80594], [15.98775, 45.804889]]]}, "properties": {"id": 70, "razina": "kvart", "name": "Knez Mislav", "color": "#45d358", "area_km2": 0.2, "mo_count": 1, "source": "derivirano: MO (data.zagreb.hr) + OSM imena", "jls_name": "Grad Zagreb", "jls_maticni_broj": "01333", "zupanija": "Grad Zagreb", "palette_idx": 3}}, {"type": "Feature", "id": 71, "geometry": {"type": "Polygon", "coordinates": [[[15.954075, 45.783775], [15.951941, 45.782725], [15.951742, 45.783678], [15.951443, 45.784515], [15.951242, 45.784474], [15.950962, 45.784685], [15.950454, 45.784697], [15.950043, 45.784996], [15.950038, 45.785751], [15.949767, 45.785923], [15.949773, 45.786559], [15.948934, 45.786692], [15.947814, 45.78711], [15.946856, 45.787617], [15.94649, 45.787929], [15.946116, 45.788497], [15.945965, 45.788527], [15.945673, 45.789136], [15.944888, 45.792285], [15.944755, 45.79227], [15.944702, 45.792476], [15.944684, 45.793111], [15.944441, 45.794292], [15.947234, 45.794366], [15.948621, 45.794451], [15.949102, 45.794548], [15.949476, 45.794489], [15.950636, 45.794535], [15.952542, 45.794743], [15.955729, 45.794646], [15.957215, 45.79443], [15.958346, 45.794397], [15.958662, 45.79447], [15.958988, 45.794364], [15.957551, 45.792357], [15.95573, 45.789542], [15.955655, 45.789566], [15.95485, 45.788385], [15.954864, 45.78823], [15.954, 45.787178], [15.954082, 45.787152], [15.953265, 45.78589], [15.952905, 45.785506], [15.952872, 45.785249], [15.953129, 45.784891], [15.95296, 45.784738], [15.954075, 45.783775]]]}, "properties": {"id": 71, "razina": "kvart", "name": "Knežija", "color": "#8245d3", "area_km2": 0.82, "mo_count": 1, "source": "derivirano: MO (data.zagreb.hr) + OSM imena", "jls_name": "Grad Zagreb", "jls_maticni_broj": "01333", "zupanija": "Grad Zagreb", "palette_idx": 0}}, {"type": "Feature", "id": 72, "geometry": {"type": "Polygon", "coordinates": [[[16.161119, 45.812656], [16.158738, 45.813274], [16.158857, 45.813438], [16.158671, 45.813613], [16.158386, 45.813716], [16.155032, 45.814371], [16.15194, 45.815194], [16.152388, 45.82016], [16.148228, 45.821162], [16.148268, 45.821592], [16.147086, 45.821863], [16.147366, 45.822541], [16.147333, 45.822699], [16.147999, 45.824851], [16.149115, 45.824652], [16.149258, 45.82478], [16.14942, 45.825239], [16.150117, 45.825066], [16.150281, 45.825531], [16.151047, 45.825368], [16.151439, 45.830398], [16.157808, 45.830415], [16.157618, 45.830565], [16.157691, 45.830743], [16.157534, 45.830802], [16.157798, 45.831079], [16.157729, 45.831119], [16.157904, 45.831173], [16.158074, 45.831764], [16.165216, 45.830938], [16.166259, 45.831043], [16.167541, 45.830801], [16.165238, 45.825583], [16.163625, 45.823555], [16.163896, 45.822988], [16.164001, 45.823122], [16.164505, 45.823212], [16.164864, 45.823546], [16.165128, 45.823507], [16.165278, 45.823565], [16.165353, 45.823429], [16.166313, 45.823585], [16.166707, 45.82377], [16.166696, 45.822535], [16.167012, 45.82242], [16.168474, 45.820358], [16.17164, 45.819925], [16.169067, 45.817136], [16.166931, 45.818032], [16.166301, 45.817337], [16.165974, 45.817288], [16.162934, 45.818486], [16.162771, 45.817918], [16.163166, 45.81568], [16.162393, 45.81586], [16.161119, 45.812656]]]}, "properties": {"id": 72, "razina": "kvart", "name": "Kobiljak", "color": "#d3ab45", "area_km2": 2.26, "mo_count": 1, "source": "derivirano: MO (data.zagreb.hr) + OSM imena", "jls_name": "Grad Zagreb", "jls_maticni_broj": "01333", "zupanija": "Grad Zagreb", "palette_idx": 1}}, {"type": "Feature", "id": 73, "geometry": {"type": "Polygon", "coordinates": [[[16.049911, 45.793414], [16.049282, 45.793583], [16.048112, 45.79351], [16.047598, 45.793332], [16.04686, 45.792613], [16.046209, 45.792294], [16.045356, 45.792105], [16.044043, 45.792336], [16.043561, 45.792336], [16.043117, 45.792214], [16.042429, 45.7918], [16.041452, 45.79159], [16.032137, 45.791438], [16.030025, 45.791457], [16.028748, 45.791596], [16.0267, 45.792657], [16.026438, 45.792691], [16.018215, 45.796886], [16.018487, 45.797006], [16.030164, 45.79756], [16.035238, 45.797982], [16.039129, 45.798504], [16.048076, 45.800126], [16.05246, 45.800849], [16.06337, 45.802316], [16.061186, 45.798702], [16.057906, 45.793605], [16.055093, 45.793618], [16.052668, 45.792987], [16.051523, 45.792766], [16.051183, 45.792784], [16.050461, 45.792988], [16.049911, 45.793414]]]}, "properties": {"id": 73, "razina": "kvart", "name": "Kozari bok", "color": "#45d2d3", "area_km2": 2.24, "mo_count": 1, "source": "derivirano: MO (data.zagreb.hr) + OSM imena", "jls_name": "Grad Zagreb", "jls_maticni_broj": "01333", "zupanija": "Grad Zagreb", "palette_idx": 3}}, {"type": "Feature", "id": 74, "geometry": {"type": "Polygon", "coordinates": [[[16.048057, 45.781976], [16.030887, 45.79049], [16.029451, 45.791323], [16.028748, 45.791596], [16.030025, 45.791457], [16.032137, 45.791438], [16.041234, 45.791572], [16.041876, 45.791644], [16.042429, 45.7918], [16.043117, 45.792214], [16.043561, 45.792336], [16.044043, 45.792336], [16.045356, 45.792105], [16.046209, 45.792294], [16.04686, 45.792613], [16.047598, 45.793332], [16.048112, 45.79351], [16.049579, 45.793546], [16.049911, 45.793414], [16.050461, 45.792988], [16.051183, 45.792784], [16.051523, 45.792766], [16.052668, 45.792987], [16.055093, 45.793618], [16.057906, 45.793605], [16.057736, 45.793333], [16.058069, 45.79334], [16.057728, 45.793031], [16.057313, 45.792375], [16.054987, 45.788609], [16.05429, 45.787258], [16.054156, 45.787294], [16.054011, 45.786828], [16.054027, 45.786438], [16.053907, 45.786392], [16.053658, 45.78647], [16.050348, 45.780957], [16.048057, 45.781976]]]}, "properties": {"id": 74, "razina": "kvart", "name": "Kozari putevi", "color": "#d345a9", "area_km2": 1.47, "mo_count": 1, "source": "derivirano: MO (data.zagreb.hr) + OSM imena", "jls_name": "Grad Zagreb", "jls_maticni_broj": "01333", "zupanija": "Grad Zagreb", "palette_idx": 1}}, {"type": "Feature", "id": 75, "geometry": {"type": "Polygon", "coordinates": [[[15.997271, 45.827144], [15.997464, 45.826939], [15.997, 45.827005], [15.996512, 45.826961], [15.996389, 45.827158], [15.994287, 45.827108], [15.994124, 45.827857], [15.993698, 45.828292], [15.993575, 45.828314], [15.993332, 45.828672], [15.992879, 45.829825], [15.992742, 45.829763], [15.991944, 45.830455], [15.991711, 45.830527], [15.991643, 45.830464], [15.991003, 45.8308], [15.991136, 45.830799], [15.990665, 45.831102], [15.989726, 45.83237], [15.989327, 45.832234], [15.989088, 45.832276], [15.989045, 45.832346], [15.989042, 45.832947], [15.989369, 45.833089], [15.990069, 45.832814], [15.99009, 45.833015], [15.990892, 45.832814], [15.990829, 45.832668], [15.991746, 45.832672], [15.99349, 45.832389], [15.994034, 45.833016], [15.994298, 45.833192], [15.993809, 45.83339], [15.99252, 45.834303], [15.992007, 45.834553], [15.991775, 45.83456], [15.991512, 45.83481], [15.991468, 45.834985], [15.990767, 45.835489], [15.989957, 45.835847], [15.989897, 45.835979], [15.989475, 45.836166], [15.989594, 45.836602], [15.98935, 45.83693], [15.989216, 45.836962], [15.989402, 45.837046], [15.989376, 45.837131], [15.989086, 45.83744], [15.988878, 45.837951], [15.988669, 45.83787], [15.988603, 45.83803], [15.988382, 45.83799], [15.988465, 45.83824], [15.98831, 45.838321], [15.988436, 45.838568], [15.98855, 45.838564], [15.988436, 45.839111], [15.988573, 45.839358], [15.988531, 45.839699], [15.988658, 45.839926], [15.988389, 45.840054], [15.988601, 45.840272], [15.988566, 45.840448], [15.988692, 45.840445], [15.988573, 45.840756], [15.988712, 45.841182], [15.988675, 45.841377], [15.988491, 45.841395], [15.988427, 45.841474], [15.98853, 45.841631], [15.988153, 45.841859], [15.988148, 45.842135], [15.988556, 45.842031], [15.989004, 45.841784], [15.989274, 45.841556], [15.989385, 45.841324], [15.990336, 45.841229], [15.990378, 45.841408], [15.990704, 45.841653], [15.990673, 45.842024], [15.990917, 45.842109], [15.990837, 45.842283], [15.990977, 45.842786], [15.993266, 45.843518], [15.993607, 45.843204], [15.993721, 45.842829], [15.994013, 45.84262], [15.994207, 45.842278], [15.994272, 45.841702], [15.994395, 45.841631], [15.99459, 45.841243], [15.994678, 45.840656], [15.994817, 45.840416], [15.995097, 45.840219], [15.995216, 45.839795], [15.995596, 45.839707], [15.995809, 45.839477], [15.996072, 45.839392], [15.996363, 45.839082], [15.996482, 45.838783], [15.996804, 45.838664], [15.997047, 45.838357], [15.997322, 45.838193], [15.998389, 45.837706], [15.998707, 45.837402], [15.999455, 45.83736], [15.999577, 45.837248], [16.000075, 45.836471], [16.000536, 45.836179], [16.000379, 45.836104], [16.001166, 45.835097], [16.000911, 45.834947], [16.001522, 45.834163], [16.001473, 45.834053], [16.001923, 45.833873], [16.00154, 45.833544], [16.001937, 45.833336], [16.00199, 45.83341], [16.002236, 45.83329], [16.002166, 45.833191], [16.002374, 45.833117], [16.002567, 45.832884], [16.002814, 45.832812], [16.003018, 45.832877], [16.003528, 45.832755], [16.003018, 45.832106], [16.003205, 45.832004], [16.003086, 45.8319], [16.003425, 45.831757], [16.003775, 45.83193], [16.00369, 45.831988], [16.003876, 45.832087], [16.004429, 45.832169], [16.00446, 45.832291], [16.004603, 45.832045], [16.004454, 45.831994], [16.004391, 45.831469], [16.004264, 45.831164], [16.004099, 45.831025], [16.004065, 45.830815], [16.003492, 45.830661], [16.002629, 45.830688], [16.001809, 45.830987], [16.000432, 45.831263], [16.000314, 45.831299], [16.000484, 45.831404], [15.999938, 45.831597], [15.999255, 45.831574], [15.998786, 45.831432], [15.998375, 45.831167], [15.999855, 45.829993], [15.999804, 45.829947], [16.000211, 45.829725], [16.000106, 45.829566], [16.000258, 45.829484], [16.000124, 45.829383], [16.000384, 45.829264], [15.999988, 45.828846], [16.00016, 45.828707], [15.999507, 45.828154], [15.999666, 45.828035], [15.998543, 45.828279], [15.998285, 45.828578], [15.997049, 45.828004], [15.997542, 45.827448], [15.997271, 45.827144]]]}, "properties": {"id": 75, "razina": "kvart", "name": "Kozjak", "color": "#7fd345", "area_km2": 1.1, "mo_count": 1, "source": "derivirano: MO (data.zagreb.hr) + OSM imena", "jls_name": "Grad Zagreb", "jls_maticni_broj": "01333", "zupanija": "Grad Zagreb", "palette_idx": 1}}, {"type": "Feature", "id": 76, "geometry": {"type": "Polygon", "coordinates": [[[15.973712, 45.805542], [15.971145, 45.805472], [15.971135, 45.805718], [15.971415, 45.80576], [15.971412, 45.805884], [15.97162, 45.805886], [15.971606, 45.806199], [15.971693, 45.8062], [15.97166, 45.807022], [15.971376, 45.80701], [15.97137, 45.807108], [15.97109, 45.807276], [15.971358, 45.80728], [15.971272, 45.807715], [15.971606, 45.807722], [15.971625, 45.808196], [15.971611, 45.808551], [15.971434, 45.808547], [15.971427, 45.808669], [15.971243, 45.808664], [15.97122, 45.808894], [15.971005, 45.808891], [15.970997, 45.80907], [15.971194, 45.8092], [15.971163, 45.80935], [15.972075, 45.809385], [15.972018, 45.809095], [15.972274, 45.809096], [15.972602, 45.809309], [15.972592, 45.809495], [15.973283, 45.809503], [15.97332, 45.809342], [15.974241, 45.809371], [15.974247, 45.809243], [15.974467, 45.809152], [15.974627, 45.809159], [15.974768, 45.809262], [15.974752, 45.809348], [15.975579, 45.80944], [15.975919, 45.809453], [15.976182, 45.809299], [15.97651, 45.80933], [15.976593, 45.809465], [15.976979, 45.809506], [15.976959, 45.809607], [15.977253, 45.809615], [15.977266, 45.809532], [15.977391, 45.809543], [15.977608, 45.809426], [15.977631, 45.809238], [15.977388, 45.809051], [15.977493, 45.808756], [15.977249, 45.808738], [15.977287, 45.80859], [15.977535, 45.808608], [15.977676, 45.80828], [15.977636, 45.808183], [15.977455, 45.808153], [15.977474, 45.808055], [15.97728, 45.808039], [15.97732, 45.807864], [15.977512, 45.807869], [15.977526, 45.807659], [15.977727, 45.807462], [15.977629, 45.807346], [15.977658, 45.807132], [15.977315, 45.807074], [15.977285, 45.806669], [15.977391, 45.806671], [15.977439, 45.80611], [15.977534, 45.805977], [15.977758, 45.805941], [15.977905, 45.805794], [15.977973, 45.804901], [15.977651, 45.804917], [15.97766, 45.804713], [15.97734, 45.804744], [15.977372, 45.804098], [15.975469, 45.804173], [15.974064, 45.804095], [15.973865, 45.805488], [15.973712, 45.805542]]]}, "properties": {"id": 76, "razina": "kvart", "name": "Kralj Petar Svačić", "color": "#4555d3", "area_km2": 0.25, "mo_count": 1, "source": "derivirano: MO (data.zagreb.hr) + OSM imena", "jls_name": "Grad Zagreb", "jls_maticni_broj": "01333", "zupanija": "Grad Zagreb", "palette_idx": 3}}, {"type": "Feature", "id": 77, "geometry": {"type": "Polygon", "coordinates": [[[15.999938, 45.811825], [16.003419, 45.808769], [15.999729, 45.807765], [15.999473, 45.807502], [15.998284, 45.807352], [15.994911, 45.806425], [15.993908, 45.806048], [15.993518, 45.805691], [15.993192, 45.805724], [15.992931, 45.806255], [15.993172, 45.806328], [15.992828, 45.807056], [15.992254, 45.807463], [15.9922, 45.808057], [15.992028, 45.808053], [15.992011, 45.808245], [15.99214, 45.808466], [15.991974, 45.808539], [15.992016, 45.808676], [15.991747, 45.808795], [15.991319, 45.808758], [15.991189, 45.810276], [15.993422, 45.810491], [15.995256, 45.810756], [15.997681, 45.811243], [15.999938, 45.811825]]]}, "properties": {"id": 77, "razina": "kvart", "name": "Kralj Zvonimir", "color": "#d35e45", "area_km2": 0.35, "mo_count": 1, "source": "derivirano: MO (data.zagreb.hr) + OSM imena", "jls_name": "Grad Zagreb", "jls_maticni_broj": "01333", "zupanija": "Grad Zagreb", "palette_idx": 2}}, {"type": "Feature", "id": 78, "geometry": {"type": "Polygon", "coordinates": [[[15.964979, 45.8255], [15.964971, 45.825642], [15.964653, 45.826085], [15.964611, 45.826709], [15.9647, 45.827516], [15.964577, 45.829177], [15.96462, 45.82978], [15.964805, 45.830269], [15.964216, 45.832313], [15.964874, 45.832294], [15.964275, 45.83326], [15.96344, 45.833992], [15.963237, 45.834359], [15.963616, 45.834545], [15.962966, 45.83523], [15.962555, 45.835305], [15.962492, 45.83585], [15.962235, 45.836652], [15.961467, 45.837936], [15.961844, 45.838105], [15.961721, 45.838217], [15.961993, 45.838328], [15.962271, 45.838239], [15.963383, 45.838582], [15.963411, 45.838376], [15.963697, 45.838124], [15.96398, 45.838146], [15.963783, 45.839159], [15.963918, 45.839558], [15.963893, 45.839987], [15.963552, 45.840614], [15.963054, 45.841091], [15.963229, 45.841141], [15.962768, 45.841769], [15.963562, 45.842513], [15.963826, 45.842508], [15.963949, 45.842614], [15.964313, 45.842268], [15.964731, 45.842371], [15.964654, 45.842891], [15.96573, 45.843487], [15.966227, 45.843267], [15.967022, 45.842566], [15.968444, 45.841561], [15.968102, 45.841367], [15.968397, 45.841093], [15.968319, 45.840989], [15.967445, 45.840724], [15.967602, 45.840506], [15.967782, 45.839377], [15.968277, 45.838636], [15.968563, 45.837886], [15.968747, 45.837717], [15.968855, 45.837062], [15.969097, 45.836755], [15.969116, 45.836518], [15.969253, 45.836444], [15.96937, 45.835886], [15.969628, 45.835663], [15.969794, 45.834873], [15.969877, 45.834818], [15.969778, 45.834719], [15.969811, 45.834532], [15.970227, 45.834515], [15.970231, 45.834306], [15.970426, 45.834301], [15.970428, 45.833931], [15.970262, 45.83363], [15.970398, 45.833629], [15.970276, 45.8327], [15.970341, 45.832518], [15.97016, 45.83254], [15.970134, 45.832414], [15.970475, 45.832337], [15.970421, 45.831314], [15.970187, 45.831326], [15.970156, 45.831165], [15.969449, 45.83127], [15.96944, 45.831034], [15.969838, 45.830968], [15.969769, 45.830721], [15.96981, 45.830426], [15.969889, 45.830425], [15.969866, 45.830119], [15.969615, 45.830105], [15.969624, 45.829979], [15.96989, 45.829988], [15.969905, 45.829853], [15.969773, 45.829854], [15.969764, 45.82961], [15.969865, 45.829602], [15.96951, 45.828811], [15.969202, 45.828446], [15.96854, 45.828559], [15.968387, 45.826819], [15.968176, 45.825862], [15.967948, 45.825439], [15.967252, 45.825441], [15.966557, 45.824783], [15.966357, 45.824711], [15.966159, 45.824821], [15.966261, 45.825259], [15.965876, 45.825221], [15.965516, 45.825502], [15.965096, 45.825427], [15.964979, 45.8255]]]}, "properties": {"id": 78, "razina": "kvart", "name": "Kraljevec", "color": "#45d388", "area_km2": 0.79, "mo_count": 1, "source": "derivirano: MO (data.zagreb.hr) + OSM imena", "jls_name": "Grad Zagreb", "jls_maticni_broj": "01333", "zupanija": "Grad Zagreb", "palette_idx": 1}}, {"type": "Feature", "id": 79, "geometry": {"type": "Polygon", "coordinates": [[[16.147999, 45.824851], [16.147333, 45.822699], [16.147366, 45.822541], [16.147086, 45.821863], [16.146621, 45.822042], [16.146628, 45.822112], [16.146535, 45.822149], [16.14653, 45.822085], [16.14556, 45.822466], [16.14379, 45.823234], [16.141503, 45.824601], [16.141429, 45.824578], [16.140379, 45.825212], [16.139495, 45.825589], [16.139183, 45.825901], [16.138578, 45.826131], [16.138582, 45.826603], [16.138481, 45.826657], [16.138456, 45.826821], [16.138835, 45.827546], [16.138981, 45.827589], [16.140237, 45.828683], [16.140115, 45.829309], [16.1402, 45.829584], [16.140508, 45.830109], [16.140741, 45.830812], [16.141415, 45.831695], [16.141509, 45.832955], [16.141169, 45.834547], [16.141409, 45.83524], [16.142704, 45.837103], [16.14294, 45.837853], [16.142865, 45.838077], [16.144205, 45.838377], [16.144136, 45.838573], [16.146939, 45.839103], [16.146788, 45.839492], [16.14967, 45.840023], [16.150289, 45.838273], [16.150658, 45.838118], [16.150886, 45.838166], [16.151628, 45.838108], [16.151644, 45.837957], [16.15218, 45.837354], [16.152211, 45.837197], [16.152582, 45.836876], [16.153016, 45.836623], [16.153611, 45.836489], [16.153977, 45.836483], [16.154471, 45.836277], [16.154831, 45.836271], [16.155472, 45.83585], [16.155621, 45.835547], [16.15578, 45.835389], [16.156046, 45.835293], [16.156448, 45.834832], [16.156676, 45.83482], [16.157056, 45.834435], [16.15713, 45.834155], [16.157765, 45.833362], [16.157742, 45.833121], [16.157984, 45.832649], [16.158024, 45.83236], [16.15818, 45.832205], [16.158197, 45.831883], [16.15796, 45.831865], [16.158045, 45.831739], [16.157904, 45.831173], [16.157729, 45.831119], [16.157798, 45.831079], [16.157534, 45.830802], [16.157691, 45.830743], [16.157618, 45.830565], [16.157808, 45.830415], [16.151439, 45.830398], [16.151047, 45.825368], [16.150281, 45.825531], [16.150117, 45.825066], [16.14942, 45.825239], [16.149258, 45.82478], [16.149115, 45.824652], [16.147999, 45.824851]]]}, "properties": {"id": 79, "razina": "kvart", "name": "Kraljevečki Novaki", "color": "#b145d3", "area_km2": 1.67, "mo_count": 1, "source": "derivirano: MO (data.zagreb.hr) + OSM imena", "jls_name": "Grad Zagreb", "jls_maticni_broj": "01333", "zupanija": "Grad Zagreb", "palette_idx": 3}}, {"type": "Feature", "id": 80, "geometry": {"type": "Polygon", "coordinates": [[[15.990334, 45.795831], [15.989019, 45.797299], [15.988406, 45.797791], [15.987609, 45.798259], [15.987318, 45.798254], [15.987313, 45.798308], [15.986327, 45.798241], [15.986302, 45.798322], [15.986096, 45.79832], [15.98601, 45.799146], [15.985492, 45.799765], [15.98526, 45.800203], [15.989169, 45.800438], [15.988869, 45.803629], [15.989022, 45.803892], [15.989583, 45.804192], [15.990025, 45.804288], [15.991567, 45.804391], [15.991643, 45.804541], [15.991178, 45.805406], [15.991505, 45.80555], [15.991587, 45.805502], [15.992437, 45.805694], [15.994947, 45.801356], [15.994919, 45.801257], [15.999188, 45.795661], [15.991828, 45.795285], [15.990707, 45.795147], [15.990371, 45.795538], [15.990334, 45.795831]]]}, "properties": {"id": 80, "razina": "kvart", "name": "Kruge", "color": "#ccd345", "area_km2": 0.61, "mo_count": 1, "source": "derivirano: MO (data.zagreb.hr) + OSM imena", "jls_name": "Grad Zagreb", "jls_maticni_broj": "01333", "zupanija": "Grad Zagreb", "palette_idx": 3}}, {"type": "Feature", "id": 81, "geometry": {"type": "Polygon", "coordinates": [[[15.860657, 45.66148], [15.859199, 45.660905], [15.858867, 45.66089], [15.858249, 45.661035], [15.857443, 45.660869], [15.856595, 45.660817], [15.856199, 45.660594], [15.855567, 45.660557], [15.855164, 45.660229], [15.854727, 45.659279], [15.85421, 45.659189], [15.853806, 45.658935], [15.853444, 45.658905], [15.8533, 45.659146], [15.853192, 45.659131], [15.853154, 45.659257], [15.852904, 45.659374], [15.853104, 45.659433], [15.853245, 45.659341], [15.853382, 45.659369], [15.853302, 45.659714], [15.852997, 45.659756], [15.852808, 45.659677], [15.852677, 45.659767], [15.852753, 45.659846], [15.852593, 45.659899], [15.852304, 45.659787], [15.85182, 45.659775], [15.85182, 45.660053], [15.851629, 45.660035], [15.851734, 45.660133], [15.851666, 45.660212], [15.851398, 45.660264], [15.851545, 45.660311], [15.851574, 45.660418], [15.850729, 45.660502], [15.850728, 45.660617], [15.850557, 45.660624], [15.850394, 45.660763], [15.85045, 45.660859], [15.850244, 45.661014], [15.850226, 45.661298], [15.849793, 45.661411], [15.849704, 45.6615], [15.84953, 45.661425], [15.849465, 45.661556], [15.84926, 45.661539], [15.849134, 45.661676], [15.848894, 45.661568], [15.848788, 45.661832], [15.848697, 45.661844], [15.848584, 45.661711], [15.848536, 45.661818], [15.848609, 45.661864], [15.848472, 45.662068], [15.848137, 45.662032], [15.848067, 45.66228], [15.848169, 45.662348], [15.847996, 45.662446], [15.847772, 45.662388], [15.847765, 45.662505], [15.847989, 45.662509], [15.848074, 45.662635], [15.847954, 45.662788], [15.847689, 45.662809], [15.847711, 45.662932], [15.847573, 45.662956], [15.847566, 45.663023], [15.847716, 45.663108], [15.847646, 45.663166], [15.847389, 45.663119], [15.847371, 45.663357], [15.847286, 45.663328], [15.847239, 45.663086], [15.847067, 45.663007], [15.847, 45.663219], [15.846929, 45.663124], [15.846672, 45.663055], [15.846539, 45.663136], [15.846444, 45.663372], [15.846324, 45.663371], [15.846356, 45.663461], [15.846062, 45.66352], [15.845992, 45.66334], [15.845906, 45.663421], [15.845964, 45.663645], [15.845591, 45.663661], [15.8456, 45.663508], [15.845403, 45.663378], [15.845304, 45.663325], [15.845236, 45.663446], [15.845088, 45.663456], [15.844973, 45.663314], [15.844856, 45.663737], [15.844633, 45.663885], [15.844418, 45.663894], [15.844276, 45.663819], [15.844145, 45.663909], [15.844052, 45.663868], [15.842029, 45.664337], [15.841987, 45.664429], [15.841775, 45.664446], [15.841635, 45.664321], [15.841469, 45.664461], [15.841377, 45.664318], [15.841123, 45.664356], [15.840763, 45.664272], [15.840765, 45.664511], [15.840625, 45.664504], [15.840532, 45.664346], [15.840438, 45.664399], [15.84051, 45.664517], [15.840447, 45.66456], [15.840234, 45.664567], [15.840126, 45.664676], [15.839956, 45.664689], [15.839975, 45.664841], [15.839663, 45.664745], [15.8395, 45.6648], [15.839409, 45.664648], [15.839157, 45.664757], [15.838937, 45.66503], [15.838822, 45.664711], [15.838522, 45.664833], [15.8385, 45.664707], [15.83829, 45.664788], [15.838117, 45.665018], [15.837846, 45.665049], [15.837983, 45.665224], [15.83791, 45.665303], [15.837664, 45.665264], [15.837071, 45.665662], [15.836788, 45.665994], [15.836305, 45.666009], [15.836025, 45.666097], [15.835496, 45.666572], [15.835113, 45.66669], [15.834944, 45.666894], [15.835262, 45.667148], [15.83504, 45.667426], [15.834719, 45.667559], [15.834256, 45.667569], [15.833756, 45.66776], [15.833248, 45.668141], [15.833142, 45.668345], [15.832887, 45.668315], [15.832874, 45.668484], [15.832306, 45.668895], [15.832293, 45.669189], [15.831941, 45.669411], [15.831827, 45.669386], [15.831719, 45.669536], [15.831537, 45.669458], [15.831573, 45.669552], [15.83146, 45.669691], [15.831203, 45.669717], [15.831206, 45.669765], [15.83144, 45.669772], [15.831361, 45.669942], [15.830681, 45.669819], [15.830763, 45.670017], [15.830228, 45.670127], [15.830133, 45.670092], [15.830006, 45.670187], [15.829864, 45.670109], [15.829913, 45.670237], [15.829435, 45.670821], [15.829238, 45.670837], [15.828798, 45.670607], [15.828645, 45.670721], [15.828805, 45.670839], [15.828618, 45.670951], [15.828444, 45.670888], [15.828257, 45.670588], [15.827856, 45.67094], [15.827672, 45.670753], [15.827538, 45.670695], [15.827454, 45.67077], [15.827273, 45.670762], [15.827196, 45.670646], [15.827215, 45.672263], [15.826915, 45.673114], [15.826982, 45.673832], [15.826871, 45.673884], [15.827124, 45.674648], [15.827232, 45.674611], [15.827368, 45.674755], [15.827479, 45.675286], [15.827772, 45.675741], [15.827761, 45.676141], [15.828885, 45.676684], [15.829471, 45.677372], [15.829926, 45.678258], [15.83001, 45.678772], [15.829952, 45.679595], [15.831074, 45.681328], [15.833155, 45.680722], [15.835929, 45.682282], [15.8362, 45.682655], [15.836547, 45.682525], [15.837399, 45.683181], [15.836669, 45.683959], [15.836247, 45.684916], [15.837569, 45.685366], [15.83841, 45.685835], [15.839649, 45.686153], [15.840179, 45.686486], [15.841781, 45.686107], [15.842703, 45.687567], [15.843974, 45.688481], [15.844526, 45.689259], [15.844652, 45.689806], [15.844941, 45.690188], [15.845366, 45.690356], [15.845232, 45.690603], [15.845355, 45.691192], [15.845087, 45.691267], [15.845079, 45.691336], [15.845206, 45.691372], [15.845187, 45.691834], [15.84538, 45.691885], [15.845428, 45.692098], [15.845252, 45.692344], [15.845425, 45.692654], [15.845564, 45.69272], [15.845396, 45.692959], [15.845477, 45.693023], [15.845386, 45.693306], [15.845543, 45.693295], [15.845647, 45.693182], [15.846309, 45.69326], [15.84633, 45.69321], [15.846989, 45.693329], [15.847155, 45.692485], [15.848506, 45.693029], [15.848833, 45.692004], [15.849276, 45.692097], [15.850054, 45.691838], [15.850168, 45.692019], [15.851229, 45.691765], [15.852208, 45.692131], [15.852989, 45.692097], [15.8536, 45.691869], [15.854258, 45.691346], [15.855062, 45.691137], [15.857719, 45.691174], [15.85779, 45.691096], [15.864233, 45.690329], [15.864414, 45.691063], [15.872157, 45.690122], [15.871496, 45.687519], [15.876872, 45.68689], [15.876379, 45.68499], [15.876348, 45.684798], [15.876415, 45.684796], [15.876252, 45.684758], [15.876347, 45.684732], [15.87609, 45.684215], [15.876098, 45.684027], [15.875862, 45.683772], [15.875796, 45.683478], [15.875662, 45.683347], [15.875748, 45.683046], [15.875576, 45.683048], [15.875733, 45.682848], [15.875642, 45.682699], [15.875464, 45.682806], [15.875192, 45.682737], [15.874956, 45.682881], [15.874905, 45.682719], [15.874763, 45.682671], [15.874664, 45.682734], [15.874723, 45.682824], [15.874412, 45.68281], [15.874525, 45.682755], [15.874428, 45.682613], [15.874363, 45.682717], [15.873959, 45.682715], [15.873968, 45.682584], [15.873762, 45.682494], [15.873851, 45.682372], [15.873753, 45.68193], [15.874006, 45.681803], [15.873916, 45.681711], [15.873616, 45.681652], [15.873451, 45.681465], [15.873326, 45.681515], [15.873007, 45.681194], [15.872798, 45.681309], [15.872637, 45.68126], [15.872765, 45.681147], [15.872586, 45.680938], [15.872372, 45.680843], [15.87241, 45.680697], [15.871997, 45.680269], [15.871749, 45.680224], [15.871427, 45.680013], [15.871457, 45.67994], [15.871659, 45.679967], [15.871706, 45.679879], [15.871455, 45.679755], [15.871154, 45.679766], [15.871126, 45.679502], [15.871378, 45.67934], [15.871148, 45.679281], [15.871258, 45.679182], [15.871077, 45.679116], [15.871067, 45.678979], [15.870801, 45.678842], [15.870767, 45.67872], [15.870885, 45.678519], [15.870712, 45.67853], [15.870559, 45.678384], [15.870372, 45.678459], [15.870204, 45.678198], [15.870509, 45.678037], [15.870467, 45.677919], [15.870188, 45.677932], [15.870102, 45.678039], [15.869861, 45.677892], [15.870057, 45.677874], [15.870141, 45.67778], [15.869956, 45.677648], [15.869845, 45.677684], [15.869815, 45.677612], [15.869691, 45.677618], [15.869433, 45.677709], [15.869482, 45.677572], [15.869367, 45.677413], [15.868917, 45.677422], [15.868698, 45.67715], [15.868453, 45.677054], [15.868559, 45.676791], [15.868362, 45.676783], [15.868164, 45.676543], [15.868005, 45.676677], [15.867576, 45.676434], [15.8675, 45.676226], [15.867667, 45.676033], [15.867616, 45.675848], [15.867357, 45.675625], [15.867551, 45.675469], [15.86769, 45.675549], [15.867864, 45.675178], [15.868304, 45.674873], [15.868586, 45.674252], [15.868531, 45.674139], [15.86878, 45.673969], [15.868302, 45.673329], [15.868724, 45.672295], [15.869129, 45.672355], [15.86973, 45.672283], [15.870293, 45.671523], [15.869965, 45.671447], [15.869342, 45.671025], [15.868733, 45.670194], [15.86841, 45.669947], [15.868099, 45.669538], [15.86754, 45.669329], [15.866994, 45.668749], [15.866005, 45.668517], [15.864594, 45.667802], [15.864656, 45.667453], [15.865432, 45.667462], [15.865486, 45.667405], [15.864839, 45.666153], [15.86468, 45.665525], [15.864811, 45.664949], [15.864462, 45.664358], [15.863773, 45.662581], [15.862909, 45.662046], [15.861145, 45.661765], [15.860657, 45.66148]]]}, "properties": {"id": 81, "razina": "kvart", "name": "Kupinečki Kraljevec - centar", "color": "#45a2d3", "area_km2": 8.94, "mo_count": 1, "source": "derivirano: MO (data.zagreb.hr) + OSM imena", "jls_name": "Grad Zagreb", "jls_maticni_broj": "01333", "zupanija": "Grad Zagreb", "palette_idx": 1}}, {"type": "Feature", "id": 82, "geometry": {"type": "Polygon", "coordinates": [[[15.880691, 45.647606], [15.880599, 45.648456], [15.880221, 45.649392], [15.879756, 45.649905], [15.878786, 45.650422], [15.877798, 45.652051], [15.877073, 45.653016], [15.876083, 45.653992], [15.875406, 45.655264], [15.874983, 45.655758], [15.873594, 45.656454], [15.873074, 45.656835], [15.872702, 45.656907], [15.87219, 45.656871], [15.871717, 45.656593], [15.871123, 45.656416], [15.871159, 45.656365], [15.870188, 45.656259], [15.867564, 45.656345], [15.86624, 45.65621], [15.866241, 45.656285], [15.864811, 45.656365], [15.86293, 45.657036], [15.86252, 45.657416], [15.861846, 45.65781], [15.861667, 45.658061], [15.861713, 45.659854], [15.861462, 45.660968], [15.861145, 45.661765], [15.862909, 45.662046], [15.863773, 45.662581], [15.864462, 45.664358], [15.864811, 45.664949], [15.86468, 45.665525], [15.864839, 45.666153], [15.865486, 45.667405], [15.865432, 45.667462], [15.864656, 45.667453], [15.864594, 45.667802], [15.866005, 45.668517], [15.866994, 45.668749], [15.86754, 45.669329], [15.868099, 45.669538], [15.86841, 45.669947], [15.868733, 45.670194], [15.869342, 45.671025], [15.869965, 45.671447], [15.870293, 45.671523], [15.86973, 45.672283], [15.869129, 45.672355], [15.868724, 45.672295], [15.868302, 45.673329], [15.86878, 45.673969], [15.868531, 45.674139], [15.868586, 45.674252], [15.868304, 45.674873], [15.867864, 45.675178], [15.86769, 45.675549], [15.867551, 45.675469], [15.867357, 45.675625], [15.867616, 45.675848], [15.867667, 45.676033], [15.8675, 45.676226], [15.867576, 45.676434], [15.868005, 45.676677], [15.868164, 45.676543], [15.868362, 45.676783], [15.868559, 45.676791], [15.868453, 45.677054], [15.868698, 45.67715], [15.868917, 45.677422], [15.869367, 45.677413], [15.869482, 45.677572], [15.869433, 45.677709], [15.869691, 45.677618], [15.869815, 45.677612], [15.869845, 45.677684], [15.869956, 45.677648], [15.870141, 45.67778], [15.870057, 45.677874], [15.869861, 45.677892], [15.870102, 45.678039], [15.870188, 45.677932], [15.870467, 45.677919], [15.870509, 45.678037], [15.870204, 45.678198], [15.870372, 45.678459], [15.870559, 45.678384], [15.870712, 45.67853], [15.870885, 45.678519], [15.870767, 45.67872], [15.870801, 45.678842], [15.871067, 45.678979], [15.871077, 45.679116], [15.871258, 45.679182], [15.871148, 45.679281], [15.871378, 45.67934], [15.871126, 45.679502], [15.871154, 45.679766], [15.871455, 45.679755], [15.871706, 45.679879], [15.871659, 45.679967], [15.871457, 45.67994], [15.871427, 45.680013], [15.871749, 45.680224], [15.871997, 45.680269], [15.87241, 45.680697], [15.872372, 45.680843], [15.872586, 45.680938], [15.872765, 45.681147], [15.872637, 45.68126], [15.872798, 45.681309], [15.873007, 45.681194], [15.873326, 45.681515], [15.873451, 45.681465], [15.873616, 45.681652], [15.873916, 45.681711], [15.874006, 45.681803], [15.873753, 45.68193], [15.873851, 45.682372], [15.873762, 45.682494], [15.873968, 45.682584], [15.873959, 45.682715], [15.874363, 45.682717], [15.874428, 45.682613], [15.874525, 45.682755], [15.874412, 45.68281], [15.874723, 45.682824], [15.874664, 45.682734], [15.874763, 45.682671], [15.874905, 45.682719], [15.874956, 45.682881], [15.875192, 45.682737], [15.875464, 45.682806], [15.875642, 45.682699], [15.875733, 45.682848], [15.875576, 45.683048], [15.875748, 45.683046], [15.875662, 45.683347], [15.875796, 45.683478], [15.875862, 45.683772], [15.876098, 45.684027], [15.87609, 45.684215], [15.876347, 45.684732], [15.876252, 45.684758], [15.876415, 45.684796], [15.876348, 45.684798], [15.876379, 45.68499], [15.876872, 45.68689], [15.871496, 45.687519], [15.872157, 45.690122], [15.864414, 45.691063], [15.864233, 45.690329], [15.85779, 45.691096], [15.857719, 45.691174], [15.855062, 45.691137], [15.854258, 45.691346], [15.8536, 45.691869], [15.852989, 45.692097], [15.852208, 45.692131], [15.851229, 45.691765], [15.850168, 45.692019], [15.850054, 45.691838], [15.849276, 45.692097], [15.848833, 45.692004], [15.848506, 45.693029], [15.847155, 45.692485], [15.846989, 45.693329], [15.84633, 45.69321], [15.846309, 45.69326], [15.845647, 45.693182], [15.845543, 45.693295], [15.84507, 45.693271], [15.843887, 45.69375], [15.843241, 45.694204], [15.842742, 45.695358], [15.841359, 45.696357], [15.841526, 45.696484], [15.840323, 45.696969], [15.840939, 45.697795], [15.839519, 45.698321], [15.836701, 45.701494], [15.836772, 45.701565], [15.837133, 45.70164], [15.837363, 45.701456], [15.837451, 45.701538], [15.837878, 45.701531], [15.83802, 45.701702], [15.838213, 45.701559], [15.838257, 45.701626], [15.838146, 45.701711], [15.838251, 45.701719], [15.838532, 45.701588], [15.83857, 45.701488], [15.838654, 45.701553], [15.838876, 45.701456], [15.838785, 45.701333], [15.838864, 45.701304], [15.839096, 45.701276], [15.839087, 45.701404], [15.839753, 45.701272], [15.840003, 45.701333], [15.840024, 45.70147], [15.840217, 45.701361], [15.840433, 45.701461], [15.840503, 45.701372], [15.840653, 45.701402], [15.840715, 45.701336], [15.840967, 45.701427], [15.84112, 45.701356], [15.842033, 45.701864], [15.842442, 45.701522], [15.843352, 45.701644], [15.843994, 45.701454], [15.844985, 45.702014], [15.847717, 45.702544], [15.867959, 45.704914], [15.87288, 45.704385], [15.875136, 45.704225], [15.875776, 45.704106], [15.876628, 45.704094], [15.878814, 45.703396], [15.878742, 45.703227], [15.880378, 45.702693], [15.881125, 45.702625], [15.885333, 45.701901], [15.885552, 45.701884], [15.885631, 45.702014], [15.886762, 45.701635], [15.887908, 45.701117], [15.889268, 45.700091], [15.889004, 45.699942], [15.889106, 45.69884], [15.887826, 45.698274], [15.887004, 45.696967], [15.887369, 45.696999], [15.889636, 45.695826], [15.890269, 45.696422], [15.892208, 45.695685], [15.89422, 45.695515], [15.894295, 45.695579], [15.894135, 45.696324], [15.894239, 45.696532], [15.894187, 45.69689], [15.894991, 45.697036], [15.895418, 45.697263], [15.895652, 45.697637], [15.896711, 45.697755], [15.89675, 45.69836], [15.897132, 45.698372], [15.897115, 45.69852], [15.897241, 45.698675], [15.897137, 45.698788], [15.897148, 45.698986], [15.897226, 45.699027], [15.89774, 45.69895], [15.898134, 45.69904], [15.898349, 45.699018], [15.900226, 45.698321], [15.900655, 45.698664], [15.901587, 45.699033], [15.902039, 45.699123], [15.902223, 45.699059], [15.902499, 45.698806], [15.902893, 45.698649], [15.902835, 45.698432], [15.902665, 45.698382], [15.902441, 45.69846], [15.90238, 45.69833], [15.902794, 45.69803], [15.902584, 45.697713], [15.902881, 45.69773], [15.90302, 45.697664], [15.903101, 45.697328], [15.903333, 45.697195], [15.903046, 45.696884], [15.903242, 45.696828], [15.903147, 45.6966], [15.90289, 45.696436], [15.903045, 45.695696], [15.902854, 45.695463], [15.902886, 45.695317], [15.902628, 45.695184], [15.902514, 45.694971], [15.90325, 45.694901], [15.903294, 45.694307], [15.903609, 45.694113], [15.903759, 45.69364], [15.90414, 45.69347], [15.903984, 45.693391], [15.903606, 45.693396], [15.902852, 45.692998], [15.902657, 45.692818], [15.902509, 45.692835], [15.902586, 45.692698], [15.902527, 45.69255], [15.902318, 45.692557], [15.902176, 45.692441], [15.902202, 45.692329], [15.901915, 45.692178], [15.901897, 45.691699], [15.901741, 45.691539], [15.901814, 45.691463], [15.901611, 45.691242], [15.90166, 45.691161], [15.901506, 45.690904], [15.901327, 45.69076], [15.901238, 45.690781], [15.901246, 45.690581], [15.901134, 45.690533], [15.901231, 45.69044], [15.901131, 45.690343], [15.901241, 45.690265], [15.901173, 45.690164], [15.901354, 45.690125], [15.901449, 45.689974], [15.90127, 45.689956], [15.901142, 45.689852], [15.901243, 45.689743], [15.90103, 45.68962], [15.901163, 45.689589], [15.901117, 45.689348], [15.900814, 45.689253], [15.90096, 45.689156], [15.901048, 45.689184], [15.901202, 45.68904], [15.901066, 45.689025], [15.901109, 45.68891], [15.900934, 45.688858], [15.900874, 45.688924], [15.900792, 45.688839], [15.90068, 45.688906], [15.900623, 45.688829], [15.900361, 45.688819], [15.900419, 45.688736], [15.900189, 45.688575], [15.900275, 45.688519], [15.900444, 45.688601], [15.900524, 45.688504], [15.900801, 45.688422], [15.900805, 45.688348], [15.900653, 45.688355], [15.900619, 45.688246], [15.900376, 45.688317], [15.900286, 45.688262], [15.900427, 45.688177], [15.900684, 45.688202], [15.9008, 45.688034], [15.900497, 45.687977], [15.900387, 45.687773], [15.900009, 45.687908], [15.900012, 45.687783], [15.900232, 45.687763], [15.900289, 45.687666], [15.900141, 45.687661], [15.900087, 45.687557], [15.900534, 45.68731], [15.900414, 45.687243], [15.900306, 45.687305], [15.900248, 45.687206], [15.90002, 45.687281], [15.899863, 45.687167], [15.899992, 45.686936], [15.900106, 45.687108], [15.900224, 45.687125], [15.90033, 45.686928], [15.900623, 45.686858], [15.900513, 45.686746], [15.900276, 45.686728], [15.900121, 45.686793], [15.899985, 45.686729], [15.900191, 45.686747], [15.900337, 45.686461], [15.900413, 45.686579], [15.900602, 45.686522], [15.900622, 45.686367], [15.900781, 45.686353], [15.900747, 45.686168], [15.900426, 45.685982], [15.900068, 45.685982], [15.89975, 45.685601], [15.899496, 45.685562], [15.899524, 45.685333], [15.899313, 45.685457], [15.899237, 45.685403], [15.899457, 45.685251], [15.899328, 45.685204], [15.89919, 45.685316], [15.899135, 45.685241], [15.89933, 45.685139], [15.899107, 45.684988], [15.899099, 45.684405], [15.898991, 45.68432], [15.899136, 45.68428], [15.899084, 45.684153], [15.898801, 45.684069], [15.898911, 45.683992], [15.898814, 45.683862], [15.89841, 45.683837], [15.898401, 45.683762], [15.898609, 45.68368], [15.898666, 45.683561], [15.898564, 45.683436], [15.89816, 45.68358], [15.898068, 45.683451], [15.89843, 45.683405], [15.898516, 45.683238], [15.898516, 45.683132], [15.898382, 45.683119], [15.898348, 45.683212], [15.898141, 45.683101], [15.898342, 45.68308], [15.898343, 45.682929], [15.89829, 45.682814], [15.89804, 45.682776], [15.898128, 45.682584], [15.897946, 45.682482], [15.898074, 45.682355], [15.897795, 45.682329], [15.897636, 45.682531], [15.897505, 45.682386], [15.897485, 45.68219], [15.897232, 45.682274], [15.897221, 45.682119], [15.897379, 45.682028], [15.897549, 45.682037], [15.897678, 45.681923], [15.897636, 45.681854], [15.897309, 45.681851], [15.897641, 45.681698], [15.897661, 45.681614], [15.897484, 45.681469], [15.897216, 45.681466], [15.89742, 45.681378], [15.897415, 45.681174], [15.897268, 45.681177], [15.897014, 45.680944], [15.89679, 45.680984], [15.896854, 45.680775], [15.896768, 45.68074], [15.896583, 45.680872], [15.896487, 45.680841], [15.896551, 45.680651], [15.89643, 45.680522], [15.896286, 45.680541], [15.896247, 45.680632], [15.896093, 45.680631], [15.896126, 45.680474], [15.896015, 45.680401], [15.896124, 45.680258], [15.895936, 45.680206], [15.895737, 45.680278], [15.895637, 45.68021], [15.895883, 45.680042], [15.895528, 45.679967], [15.895592, 45.67967], [15.89531, 45.679617], [15.895347, 45.679792], [15.895259, 45.679923], [15.895131, 45.679951], [15.894896, 45.679576], [15.894458, 45.679393], [15.894497, 45.679091], [15.894112, 45.678946], [15.894003, 45.678973], [15.893938, 45.678886], [15.894494, 45.678762], [15.894115, 45.678653], [15.894232, 45.678548], [15.894098, 45.678436], [15.894146, 45.678319], [15.893987, 45.678296], [15.893808, 45.678377], [15.893609, 45.678045], [15.89386, 45.677922], [15.893869, 45.677763], [15.894003, 45.677841], [15.894156, 45.677811], [15.894206, 45.677719], [15.894076, 45.677573], [15.894156, 45.677458], [15.894326, 45.677463], [15.894396, 45.677661], [15.894593, 45.67771], [15.894832, 45.677526], [15.894679, 45.677398], [15.894968, 45.677525], [15.89512, 45.677328], [15.894891, 45.677261], [15.894758, 45.677036], [15.894207, 45.67702], [15.894369, 45.676858], [15.89427, 45.676758], [15.893956, 45.676866], [15.893789, 45.676755], [15.893999, 45.676666], [15.893987, 45.676529], [15.893518, 45.676538], [15.893224, 45.676427], [15.893532, 45.676479], [15.893654, 45.676435], [15.893507, 45.676283], [15.893489, 45.676042], [15.893366, 45.675994], [15.893168, 45.676086], [15.893228, 45.676197], [15.893044, 45.67633], [15.892825, 45.676237], [15.89268, 45.676089], [15.89268, 45.675958], [15.892748, 45.676105], [15.892867, 45.676112], [15.892942, 45.676097], [15.89293, 45.675959], [15.893373, 45.675825], [15.893103, 45.675627], [15.892394, 45.675824], [15.892488, 45.675687], [15.892731, 45.675676], [15.892753, 45.675539], [15.892325, 45.675518], [15.892303, 45.675446], [15.892479, 45.675381], [15.892505, 45.675296], [15.892437, 45.675089], [15.892339, 45.675075], [15.89229, 45.675233], [15.892064, 45.675098], [15.891927, 45.675223], [15.891774, 45.675243], [15.891641, 45.675063], [15.89191, 45.675034], [15.891962, 45.674964], [15.891664, 45.674841], [15.89191, 45.674731], [15.891915, 45.674569], [15.891791, 45.674463], [15.891687, 45.674485], [15.891661, 45.674604], [15.891489, 45.674589], [15.891409, 45.674707], [15.891275, 45.674724], [15.89102, 45.674598], [15.891001, 45.674506], [15.891133, 45.674485], [15.891187, 45.674326], [15.89158, 45.674285], [15.891668, 45.674091], [15.891496, 45.67408], [15.89117, 45.6742], [15.890855, 45.674068], [15.891192, 45.673881], [15.891142, 45.673744], [15.890942, 45.67381], [15.890723, 45.67374], [15.890701, 45.673587], [15.890449, 45.673626], [15.890289, 45.673568], [15.890099, 45.673325], [15.889701, 45.673441], [15.889656, 45.67337], [15.88986, 45.673251], [15.889688, 45.673118], [15.889204, 45.673222], [15.889102, 45.673152], [15.889137, 45.673041], [15.889404, 45.673079], [15.88954, 45.672963], [15.890168, 45.67286], [15.890148, 45.67275], [15.889949, 45.672707], [15.88992, 45.672471], [15.88977, 45.672472], [15.889693, 45.672221], [15.889596, 45.672217], [15.889546, 45.672316], [15.889192, 45.672107], [15.889077, 45.672116], [15.889144, 45.672254], [15.888891, 45.672188], [15.888844, 45.672259], [15.888737, 45.671925], [15.888938, 45.671778], [15.888888, 45.67158], [15.88907, 45.67156], [15.88927, 45.671328], [15.888991, 45.671232], [15.88887, 45.671041], [15.889296, 45.67063], [15.88921, 45.670517], [15.889048, 45.670487], [15.889027, 45.670393], [15.889178, 45.670354], [15.889113, 45.670276], [15.888918, 45.670229], [15.889843, 45.670204], [15.88986, 45.670251], [15.890796, 45.670272], [15.891723, 45.670561], [15.891101, 45.669873], [15.891535, 45.669932], [15.892161, 45.669869], [15.892961, 45.669582], [15.893964, 45.669382], [15.895208, 45.669272], [15.896352, 45.66937], [15.89709, 45.66916], [15.898279, 45.669089], [15.898329, 45.668916], [15.898188, 45.668763], [15.898423, 45.668227], [15.898362, 45.668125], [15.898252, 45.668204], [15.898031, 45.668129], [15.898141, 45.668023], [15.897955, 45.667848], [15.897921, 45.667603], [15.897547, 45.667428], [15.897508, 45.667112], [15.897724, 45.667007], [15.897715, 45.666914], [15.897505, 45.666884], [15.897423, 45.666797], [15.897517, 45.66666], [15.897365, 45.666626], [15.897285, 45.666721], [15.897123, 45.666611], [15.897164, 45.666529], [15.896968, 45.666462], [15.896773, 45.666551], [15.89665, 45.666445], [15.896754, 45.666365], [15.896355, 45.666442], [15.896405, 45.666118], [15.896504, 45.666047], [15.89639, 45.665901], [15.896486, 45.66586], [15.896152, 45.665544], [15.895772, 45.665442], [15.895585, 45.665495], [15.895458, 45.665304], [15.895592, 45.664863], [15.895129, 45.664829], [15.895133, 45.664743], [15.896268, 45.663948], [15.896092, 45.663659], [15.89612, 45.663295], [15.895768, 45.663287], [15.895665, 45.663155], [15.8959, 45.663096], [15.896079, 45.66295], [15.896112, 45.662615], [15.895843, 45.662802], [15.895706, 45.662811], [15.895645, 45.662734], [15.895827, 45.662559], [15.895666, 45.662552], [15.895544, 45.662376], [15.895303, 45.662294], [15.89523, 45.662057], [15.89486, 45.66194], [15.894972, 45.661759], [15.895111, 45.661827], [15.895242, 45.661795], [15.895267, 45.661285], [15.895178, 45.661218], [15.895024, 45.661242], [15.894802, 45.661437], [15.894605, 45.661384], [15.894575, 45.661243], [15.894935, 45.660799], [15.89488, 45.660595], [15.894697, 45.660846], [15.894454, 45.660861], [15.894303, 45.660813], [15.894281, 45.66073], [15.894511, 45.66039], [15.894441, 45.660271], [15.893919, 45.660332], [15.893703, 45.660258], [15.89373, 45.660178], [15.894001, 45.660116], [15.893841, 45.660014], [15.893756, 45.659817], [15.893888, 45.659716], [15.894182, 45.659783], [15.89441, 45.659664], [15.894243, 45.659409], [15.894043, 45.659469], [15.893837, 45.659365], [15.894038, 45.659186], [15.894028, 45.659098], [15.893741, 45.658936], [15.893732, 45.658127], [15.893613, 45.657966], [15.893715, 45.657804], [15.893458, 45.657605], [15.89353, 45.657433], [15.893674, 45.657411], [15.893839, 45.657225], [15.89358, 45.65716], [15.893582, 45.656873], [15.89369, 45.656816], [15.89398, 45.656895], [15.894182, 45.656684], [15.894102, 45.656625], [15.894091, 45.656306], [15.894177, 45.656234], [15.894051, 45.655954], [15.894086, 45.655797], [15.89347, 45.655905], [15.893397, 45.655799], [15.89349, 45.655636], [15.893335, 45.655514], [15.893426, 45.65506], [15.893548, 45.655004], [15.893327, 45.654702], [15.893579, 45.654401], [15.893407, 45.654233], [15.893517, 45.654122], [15.893477, 45.653857], [15.893565, 45.653765], [15.893753, 45.653918], [15.893957, 45.653916], [15.893801, 45.653231], [15.894065, 45.653006], [15.894287, 45.652961], [15.894343, 45.652824], [15.894137, 45.652802], [15.893833, 45.652526], [15.89395, 45.652412], [15.89392, 45.652316], [15.894152, 45.652285], [15.894229, 45.65219], [15.894198, 45.652035], [15.893995, 45.652013], [15.893898, 45.651828], [15.894212, 45.651751], [15.894348, 45.651589], [15.89387, 45.651423], [15.893963, 45.651289], [15.894201, 45.65124], [15.894311, 45.651058], [15.894081, 45.65076], [15.894327, 45.650771], [15.894448, 45.650517], [15.894559, 45.650501], [15.894734, 45.650815], [15.894876, 45.650773], [15.894764, 45.650604], [15.894834, 45.650442], [15.894673, 45.650319], [15.894673, 45.650033], [15.895111, 45.650059], [15.895279, 45.650145], [15.895336, 45.650352], [15.895446, 45.650416], [15.895673, 45.650279], [15.895692, 45.65018], [15.895496, 45.650169], [15.895506, 45.650057], [15.895331, 45.649951], [15.895094, 45.649975], [15.894896, 45.649561], [15.895043, 45.649456], [15.895273, 45.649692], [15.895486, 45.649678], [15.895792, 45.649385], [15.895522, 45.649338], [15.895508, 45.649117], [15.895085, 45.649109], [15.895064, 45.649027], [15.895406, 45.648774], [15.895882, 45.648773], [15.895983, 45.648863], [15.896305, 45.648712], [15.896235, 45.648589], [15.895926, 45.648553], [15.895817, 45.648448], [15.896136, 45.648305], [15.896074, 45.648154], [15.895689, 45.647953], [15.895956, 45.647771], [15.89575, 45.647746], [15.895814, 45.647586], [15.895423, 45.647469], [15.894963, 45.64749], [15.894503, 45.647133], [15.89398, 45.646942], [15.893626, 45.646628], [15.893621, 45.646413], [15.893025, 45.646063], [15.892311, 45.646334], [15.892157, 45.645646], [15.89191, 45.645381], [15.891867, 45.644611], [15.892046, 45.644197], [15.891976, 45.643901], [15.89246, 45.643643], [15.891968, 45.643449], [15.89101, 45.64266], [15.890438, 45.642294], [15.889877, 45.642801], [15.889512, 45.642977], [15.888858, 45.643143], [15.88805, 45.643468], [15.886965, 45.643672], [15.886098, 45.64397], [15.884975, 45.64472], [15.884894, 45.64523], [15.884564, 45.645748], [15.884297, 45.645898], [15.882994, 45.646214], [15.882075, 45.646283], [15.881555, 45.646477], [15.880879, 45.647148], [15.880691, 45.647606]]]}, "properties": {"id": 82, "razina": "kvart", "name": "Kupinečki Kraljevec I.", "color": "#d34579", "area_km2": 15.43, "mo_count": 1, "source": "derivirano: MO (data.zagreb.hr) + OSM imena", "jls_name": "Grad Zagreb", "jls_maticni_broj": "01333", "zupanija": "Grad Zagreb", "palette_idx": 0}}, {"type": "Feature", "id": 83, "geometry": {"type": "Polygon", "coordinates": [[[15.802856, 45.681409], [15.802943, 45.681601], [15.80241, 45.681664], [15.802392, 45.681767], [15.802266, 45.681805], [15.80216, 45.682267], [15.802359, 45.68239], [15.802238, 45.682818], [15.80234, 45.683297], [15.802841, 45.683453], [15.802662, 45.683505], [15.802899, 45.683743], [15.802764, 45.683868], [15.80279, 45.684097], [15.802956, 45.6841], [15.802807, 45.684252], [15.802962, 45.684351], [15.803035, 45.68453], [15.802669, 45.684692], [15.80266, 45.685013], [15.802569, 45.685107], [15.802645, 45.685289], [15.802985, 45.685551], [15.805185, 45.686148], [15.805826, 45.686257], [15.808792, 45.687226], [15.810578, 45.687692], [15.811518, 45.687772], [15.812383, 45.688176], [15.812589, 45.688072], [15.814772, 45.688591], [15.815762, 45.689258], [15.816217, 45.689415], [15.81687, 45.68989], [15.816389, 45.690239], [15.822927, 45.692695], [15.822815, 45.693287], [15.822575, 45.693667], [15.822559, 45.694055], [15.823006, 45.694782], [15.823026, 45.695034], [15.823484, 45.695625], [15.824692, 45.698089], [15.826125, 45.699843], [15.826771, 45.700308], [15.827029, 45.700594], [15.827309, 45.701416], [15.827738, 45.703547], [15.828168, 45.703977], [15.828402, 45.704514], [15.829711, 45.705875], [15.829483, 45.706274], [15.829889, 45.706061], [15.833258, 45.702868], [15.834187, 45.701753], [15.834307, 45.701773], [15.834337, 45.701888], [15.834579, 45.701863], [15.834593, 45.70196], [15.834759, 45.701987], [15.834661, 45.701821], [15.834732, 45.701762], [15.834923, 45.701764], [15.834946, 45.701825], [15.835085, 45.70174], [15.835137, 45.701883], [15.835239, 45.701686], [15.835437, 45.701701], [15.835481, 45.701807], [15.835537, 45.701644], [15.835685, 45.701686], [15.835707, 45.701795], [15.835828, 45.701612], [15.835946, 45.701687], [15.836102, 45.701515], [15.836224, 45.701603], [15.836425, 45.701504], [15.836483, 45.701619], [15.836681, 45.70153], [15.839519, 45.698321], [15.840939, 45.697795], [15.840323, 45.696969], [15.841526, 45.696484], [15.841359, 45.696357], [15.842742, 45.695358], [15.843241, 45.694204], [15.84361, 45.693895], [15.844598, 45.693439], [15.84507, 45.693271], [15.845386, 45.693306], [15.845477, 45.693023], [15.845396, 45.692959], [15.845564, 45.69272], [15.845425, 45.692654], [15.845252, 45.692344], [15.845428, 45.692098], [15.84538, 45.691885], [15.845187, 45.691834], [15.845206, 45.691372], [15.845079, 45.691336], [15.845087, 45.691267], [15.845355, 45.691192], [15.845232, 45.690603], [15.845366, 45.690356], [15.844941, 45.690188], [15.844652, 45.689806], [15.844526, 45.689259], [15.843974, 45.688481], [15.842703, 45.687567], [15.841781, 45.686107], [15.840179, 45.686486], [15.839649, 45.686153], [15.83841, 45.685835], [15.837569, 45.685366], [15.836247, 45.684916], [15.836669, 45.683959], [15.837399, 45.683181], [15.836547, 45.682525], [15.8362, 45.682655], [15.835929, 45.682282], [15.833155, 45.680722], [15.831074, 45.681328], [15.829952, 45.679595], [15.83001, 45.678772], [15.829926, 45.678258], [15.829471, 45.677372], [15.828885, 45.676684], [15.827761, 45.676141], [15.827772, 45.675741], [15.827479, 45.675286], [15.827368, 45.674755], [15.827232, 45.674611], [15.827124, 45.674648], [15.826871, 45.673884], [15.826982, 45.673832], [15.826915, 45.673114], [15.827215, 45.672263], [15.827196, 45.670646], [15.826987, 45.670644], [15.826883, 45.670529], [15.82647, 45.670686], [15.826157, 45.670645], [15.825786, 45.670723], [15.825474, 45.670591], [15.825514, 45.670348], [15.825101, 45.670304], [15.824966, 45.670354], [15.824399, 45.67023], [15.824344, 45.670339], [15.824456, 45.670479], [15.824311, 45.670612], [15.824122, 45.670519], [15.823432, 45.670697], [15.823048, 45.670636], [15.822648, 45.670139], [15.821413, 45.670166], [15.821149, 45.670302], [15.8208, 45.670223], [15.820701, 45.67013], [15.820433, 45.670203], [15.820356, 45.670124], [15.82023, 45.670324], [15.820045, 45.670197], [15.819859, 45.670392], [15.819624, 45.670494], [15.819271, 45.670509], [15.818829, 45.67025], [15.818431, 45.670348], [15.81827, 45.67017], [15.818243, 45.670263], [15.817918, 45.670224], [15.817959, 45.670496], [15.817788, 45.670527], [15.817696, 45.670427], [15.817527, 45.67041], [15.81749, 45.670659], [15.817261, 45.670532], [15.816857, 45.670515], [15.81696, 45.670712], [15.81692, 45.670867], [15.816582, 45.670951], [15.816765, 45.671041], [15.816327, 45.671352], [15.816445, 45.67141], [15.816522, 45.671685], [15.816447, 45.671829], [15.816596, 45.671994], [15.816373, 45.672109], [15.816443, 45.672238], [15.816335, 45.672314], [15.816134, 45.672276], [15.815978, 45.672388], [15.816047, 45.672714], [15.815779, 45.673229], [15.815622, 45.673292], [15.815437, 45.673215], [15.815314, 45.67289], [15.81518, 45.672838], [15.815097, 45.672894], [15.815278, 45.673458], [15.815561, 45.673489], [15.815399, 45.673727], [15.815586, 45.674029], [15.815477, 45.67438], [15.815219, 45.674528], [15.815553, 45.674608], [15.815592, 45.675155], [15.814926, 45.675334], [15.814931, 45.675538], [15.814627, 45.67554], [15.814617, 45.675638], [15.814327, 45.675831], [15.814277, 45.676077], [15.814158, 45.676162], [15.814229, 45.676257], [15.814062, 45.676712], [15.813746, 45.676967], [15.813909, 45.677376], [15.814073, 45.677455], [15.814117, 45.677708], [15.813751, 45.677791], [15.813499, 45.677714], [15.813435, 45.677976], [15.813229, 45.677959], [15.81305, 45.677843], [15.812798, 45.67855], [15.812463, 45.678434], [15.812448, 45.678313], [15.812221, 45.678417], [15.812185, 45.678631], [15.812323, 45.678584], [15.812411, 45.678646], [15.812401, 45.678792], [15.812218, 45.678861], [15.812013, 45.678835], [15.811878, 45.679], [15.811563, 45.679056], [15.811557, 45.678955], [15.811232, 45.678839], [15.811102, 45.679357], [15.810792, 45.679335], [15.810718, 45.678972], [15.810435, 45.679162], [15.810175, 45.679078], [15.809976, 45.679241], [15.809563, 45.679246], [15.809423, 45.679072], [15.809416, 45.679233], [15.809219, 45.679367], [15.808808, 45.679248], [15.808572, 45.678957], [15.808389, 45.67906], [15.807727, 45.679159], [15.807649, 45.679082], [15.807126, 45.679146], [15.807145, 45.679267], [15.806698, 45.679345], [15.806591, 45.679325], [15.806556, 45.679191], [15.806571, 45.678962], [15.806694, 45.678876], [15.806619, 45.67882], [15.806355, 45.678882], [15.806236, 45.678804], [15.806074, 45.678811], [15.805813, 45.679038], [15.806027, 45.679058], [15.806038, 45.679468], [15.805966, 45.679625], [15.805775, 45.679639], [15.805899, 45.679734], [15.805879, 45.679891], [15.805441, 45.680001], [15.805417, 45.680078], [15.8056, 45.680065], [15.805628, 45.680176], [15.805314, 45.680258], [15.804813, 45.68014], [15.804764, 45.680224], [15.80489, 45.680311], [15.804758, 45.680606], [15.80461, 45.680697], [15.804069, 45.680452], [15.804003, 45.680277], [15.803739, 45.680392], [15.803537, 45.68031], [15.803535, 45.680398], [15.803818, 45.680488], [15.803725, 45.68057], [15.803901, 45.680597], [15.804061, 45.680863], [15.803784, 45.681004], [15.803559, 45.680919], [15.803164, 45.6811], [15.8031, 45.681009], [15.803066, 45.681209], [15.803151, 45.681294], [15.803096, 45.68139], [15.802856, 45.681409]]]}, "properties": {"id": 83, "razina": "kvart", "name": "Kupinečki Kraljevec II.", "color": "#4fd345", "area_km2": 5.95, "mo_count": 1, "source": "derivirano: MO (data.zagreb.hr) + OSM imena", "jls_name": "Grad Zagreb", "jls_maticni_broj": "01333", "zupanija": "Grad Zagreb", "palette_idx": 2}}, {"type": "Feature", "id": 84, "geometry": {"type": "Polygon", "coordinates": [[[15.925581, 45.807308], [15.923832, 45.8062], [15.918722, 45.806413], [15.918728, 45.80658], [15.917843, 45.806576], [15.917579, 45.807157], [15.917507, 45.807581], [15.917228, 45.807603], [15.917173, 45.80767], [15.917218, 45.807906], [15.917433, 45.807889], [15.917299, 45.808138], [15.917292, 45.809467], [15.917216, 45.809468], [15.91735, 45.810664], [15.916963, 45.811252], [15.929661, 45.810458], [15.928609, 45.809649], [15.92856, 45.809532], [15.928387, 45.809568], [15.928294, 45.809428], [15.925718, 45.807507], [15.925581, 45.807308]]]}, "properties": {"id": 84, "razina": "kvart", "name": "Kustošija", "color": "#6445d3", "area_km2": 0.38, "mo_count": 1, "source": "derivirano: MO (data.zagreb.hr) + OSM imena", "jls_name": "Grad Zagreb", "jls_maticni_broj": "01333", "zupanija": "Grad Zagreb", "palette_idx": 1}}, {"type": "Feature", "id": 85, "geometry": {"type": "Polygon", "coordinates": [[[16.105907, 45.910073], [16.105967, 45.909901], [16.106298, 45.909828], [16.106474, 45.909648], [16.10654, 45.909281], [16.106778, 45.909161], [16.106677, 45.909015], [16.106816, 45.908863], [16.10679, 45.908616], [16.106955, 45.908534], [16.107231, 45.908141], [16.107162, 45.908042], [16.107262, 45.907599], [16.107394, 45.907552], [16.107434, 45.907425], [16.107735, 45.907347], [16.107818, 45.907152], [16.106747, 45.907579], [16.106276, 45.907676], [16.105787, 45.907272], [16.105298, 45.907113], [16.105042, 45.907109], [16.104484, 45.906888], [16.103867, 45.906452], [16.103234, 45.906188], [16.103019, 45.906011], [16.102987, 45.905857], [16.102727, 45.905839], [16.102081, 45.906306], [16.101542, 45.906333], [16.101259, 45.906256], [16.101175, 45.906109], [16.101263, 45.906082], [16.101389, 45.905762], [16.101367, 45.905515], [16.100647, 45.904924], [16.100135, 45.905443], [16.099925, 45.905308], [16.099145, 45.904299], [16.09914, 45.904078], [16.09888, 45.903812], [16.098873, 45.903516], [16.098562, 45.903024], [16.098142, 45.902958], [16.09786, 45.903061], [16.097636, 45.903012], [16.096557, 45.902344], [16.096422, 45.902347], [16.095852, 45.902655], [16.094493, 45.902332], [16.093591, 45.902514], [16.091834, 45.902596], [16.091431, 45.902529], [16.090668, 45.901825], [16.090585, 45.901591], [16.090358, 45.901449], [16.089912, 45.901374], [16.089693, 45.901451], [16.089206, 45.901464], [16.088442, 45.901406], [16.08693, 45.902056], [16.086841, 45.902247], [16.087141, 45.903284], [16.087091, 45.903402], [16.086577, 45.9039], [16.085843, 45.904203], [16.085561, 45.904461], [16.08531, 45.905029], [16.08473, 45.905679], [16.084726, 45.906215], [16.084114, 45.906203], [16.083609, 45.906391], [16.082481, 45.905655], [16.08105, 45.905134], [16.080789, 45.90496], [16.080245, 45.904887], [16.080377, 45.905025], [16.080721, 45.905085], [16.080954, 45.905334], [16.081103, 45.905382], [16.081172, 45.905651], [16.081917, 45.905883], [16.081829, 45.906208], [16.08213, 45.906463], [16.082103, 45.906851], [16.082836, 45.907773], [16.082695, 45.908767], [16.082493, 45.908938], [16.082396, 45.909251], [16.08204, 45.909591], [16.081981, 45.910178], [16.081338, 45.910509], [16.08102, 45.910914], [16.0809, 45.911644], [16.080088, 45.912304], [16.079785, 45.912892], [16.078116, 45.913216], [16.078121, 45.913059], [16.077374, 45.913196], [16.076105, 45.913821], [16.075974, 45.913589], [16.075156, 45.913696], [16.074385, 45.913099], [16.073606, 45.913727], [16.073345, 45.913535], [16.073298, 45.91442], [16.073506, 45.91542], [16.07407, 45.916689], [16.07446, 45.916915], [16.075043, 45.917566], [16.076018, 45.919269], [16.07629, 45.919558], [16.077156, 45.919831], [16.077512, 45.919846], [16.077659, 45.919783], [16.078568, 45.920029], [16.078693, 45.92004], [16.078743, 45.919962], [16.079163, 45.919975], [16.079543, 45.920124], [16.079645, 45.919878], [16.08039, 45.9193], [16.080605, 45.919004], [16.080569, 45.91883], [16.080686, 45.918593], [16.080852, 45.91844], [16.080868, 45.918216], [16.080511, 45.917582], [16.080615, 45.917261], [16.080817, 45.917125], [16.081809, 45.91711], [16.082787, 45.916712], [16.083171, 45.916335], [16.085673, 45.916492], [16.087743, 45.9164], [16.08789, 45.916567], [16.088968, 45.916959], [16.089306, 45.917251], [16.089485, 45.917202], [16.089456, 45.917127], [16.089689, 45.916977], [16.090505, 45.91718], [16.091752, 45.917821], [16.091841, 45.91794], [16.092184, 45.918044], [16.092731, 45.917099], [16.092722, 45.916792], [16.093144, 45.915161], [16.093532, 45.914203], [16.093893, 45.91363], [16.094125, 45.91338], [16.094466, 45.91326], [16.09555, 45.912642], [16.09586, 45.912382], [16.096202, 45.911866], [16.096645, 45.911596], [16.097123, 45.911158], [16.097284, 45.911105], [16.099242, 45.911167], [16.099811, 45.911094], [16.100434, 45.910789], [16.101071, 45.910645], [16.102187, 45.910665], [16.102537, 45.910578], [16.10308, 45.910656], [16.105907, 45.910073]]]}, "properties": {"id": 85, "razina": "kvart", "name": "Kučilovina", "color": "#d38e45", "area_km2": 2.48, "mo_count": 1, "source": "derivirano: MO (data.zagreb.hr) + OSM imena", "jls_name": "Grad Zagreb", "jls_maticni_broj": "01333", "zupanija": "Grad Zagreb", "palette_idx": 0}}, {"type": "Feature", "id": 86, "geometry": {"type": "Polygon", "coordinates": [[[16.006164, 45.813731], [16.001697, 45.812047], [16.000193, 45.811617], [15.997243, 45.814254], [15.996722, 45.814078], [15.996418, 45.814202], [15.996502, 45.814353], [15.99619, 45.814829], [15.998101, 45.815501], [16.012764, 45.818874], [16.01265, 45.817702], [16.012739, 45.81776], [16.012773, 45.817352], [16.012669, 45.817193], [16.012722, 45.815778], [16.012636, 45.815766], [16.012585, 45.815587], [16.012684, 45.815247], [16.01201, 45.815268], [16.012006, 45.815341], [16.011761, 45.815351], [16.011768, 45.815279], [16.010337, 45.815231], [16.010362, 45.815074], [16.009747, 45.815027], [16.009699, 45.815138], [16.009351, 45.815047], [16.008178, 45.814636], [16.006164, 45.813731]]]}, "properties": {"id": 86, "razina": "kvart", "name": "Kvatrić", "color": "#45d3b7", "area_km2": 0.47, "mo_count": 2, "source": "derivirano: MO (data.zagreb.hr) + OSM imena", "jls_name": "Grad Zagreb", "jls_maticni_broj": "01333", "zupanija": "Grad Zagreb", "palette_idx": 1}}, {"type": "Feature", "id": 87, "geometry": {"type": "Polygon", "coordinates": [[[15.950544, 45.772656], [15.949588, 45.772457], [15.946079, 45.770907], [15.944754, 45.770691], [15.944521, 45.772249], [15.943278, 45.773675], [15.947939, 45.775767], [15.949326, 45.776265], [15.949593, 45.775911], [15.950086, 45.776215], [15.951081, 45.776391], [15.95298, 45.776173], [15.95314, 45.774243], [15.952925, 45.773749], [15.951796, 45.772503], [15.951245, 45.772641], [15.950544, 45.772656]]]}, "properties": {"id": 87, "razina": "kvart", "name": "Lanište", "color": "#d345c6", "area_km2": 0.28, "mo_count": 1, "source": "derivirano: MO (data.zagreb.hr) + OSM imena", "jls_name": "Grad Zagreb", "jls_maticni_broj": "01333", "zupanija": "Grad Zagreb", "palette_idx": 0}}, {"type": "Feature", "id": 88, "geometry": {"type": "Polygon", "coordinates": [[[15.997263, 45.815255], [15.996491, 45.817214], [15.99623, 45.817499], [15.995922, 45.818903], [15.994826, 45.821062], [15.994298, 45.822808], [15.993344, 45.82412], [15.992548, 45.82548], [15.991139, 45.829683], [15.989999, 45.830982], [15.989239, 45.83203], [15.989138, 45.832293], [15.989327, 45.832234], [15.989726, 45.83237], [15.990665, 45.831102], [15.991136, 45.830799], [15.991003, 45.8308], [15.991643, 45.830464], [15.991711, 45.830527], [15.991944, 45.830455], [15.992742, 45.829763], [15.992879, 45.829825], [15.993332, 45.828672], [15.993575, 45.828314], [15.993698, 45.828292], [15.994124, 45.827857], [15.994287, 45.827108], [15.996389, 45.827158], [15.996512, 45.826961], [15.997, 45.827005], [15.997464, 45.826939], [15.997454, 45.826566], [15.99762, 45.826421], [15.9978, 45.825564], [15.99812, 45.825598], [15.998135, 45.825358], [15.997737, 45.825289], [15.997896, 45.824749], [15.997333, 45.824644], [15.997382, 45.824225], [15.997816, 45.823787], [15.998098, 45.823912], [15.998247, 45.823775], [15.998328, 45.823812], [15.998402, 45.823338], [15.998967, 45.822482], [15.999544, 45.822609], [15.999702, 45.822709], [16.000931, 45.821871], [16.00098, 45.821371], [16.001305, 45.821421], [16.001382, 45.821292], [16.001497, 45.820788], [15.999827, 45.819767], [15.999531, 45.819445], [15.99935, 45.819476], [15.999342, 45.819409], [15.999615, 45.819271], [15.999403, 45.819181], [15.999275, 45.819205], [15.999237, 45.819068], [15.999409, 45.819096], [15.999693, 45.818843], [15.999804, 45.818909], [16.000092, 45.818584], [16.0001, 45.818369], [15.999705, 45.818275], [15.999702, 45.818392], [15.999489, 45.818485], [15.999342, 45.818309], [15.999086, 45.818419], [15.998984, 45.818376], [15.998832, 45.818679], [15.998652, 45.818595], [15.998127, 45.818569], [15.998153, 45.818367], [15.997922, 45.818401], [15.997952, 45.81826], [15.99781, 45.818248], [15.997758, 45.818072], [15.997337, 45.818139], [15.997199, 45.817727], [15.997471, 45.817586], [15.997569, 45.81736], [15.998279, 45.81751], [15.99823, 45.817598], [15.998316, 45.817627], [15.998915, 45.817687], [15.999774, 45.817909], [16.000622, 45.817574], [16.001321, 45.817549], [16.001404, 45.817647], [16.001915, 45.817447], [16.001809, 45.817424], [16.001889, 45.817259], [16.001789, 45.817175], [16.001916, 45.816922], [16.001666, 45.816861], [16.001752, 45.816677], [16.002098, 45.816757], [16.002148, 45.816654], [16.002329, 45.816693], [16.002421, 45.816491], [15.997263, 45.815255]]]}, "properties": {"id": 88, "razina": "kvart", "name": "Laščina", "color": "#9cd345", "area_km2": 0.54, "mo_count": 1, "source": "derivirano: MO (data.zagreb.hr) + OSM imena", "jls_name": "Grad Zagreb", "jls_maticni_broj": "01333", "zupanija": "Grad Zagreb", "palette_idx": 0}}, {"type": "Feature", "id": 89, "geometry": {"type": "Polygon", "coordinates": [[[15.907956, 45.618136], [15.907001, 45.618168], [15.906659, 45.618273], [15.906563, 45.618193], [15.906456, 45.618292], [15.90627, 45.618193], [15.906069, 45.618426], [15.905872, 45.618386], [15.905939, 45.618611], [15.90618, 45.618795], [15.906136, 45.619079], [15.906272, 45.619369], [15.905953, 45.619477], [15.905908, 45.619781], [15.905746, 45.619991], [15.905771, 45.620191], [15.905378, 45.620292], [15.904264, 45.620349], [15.903437, 45.620237], [15.902338, 45.619862], [15.90183, 45.619974], [15.901872, 45.62047], [15.901663, 45.620626], [15.901267, 45.620646], [15.900987, 45.620917], [15.900493, 45.621106], [15.9003, 45.621264], [15.89971, 45.621397], [15.899061, 45.621701], [15.898442, 45.622304], [15.899109, 45.622897], [15.900192, 45.624849], [15.901195, 45.625861], [15.901919, 45.627075], [15.902347, 45.627525], [15.904376, 45.628896], [15.904577, 45.629336], [15.904908, 45.629588], [15.905641, 45.631076], [15.906791, 45.631838], [15.907641, 45.632088], [15.907964, 45.632305], [15.908945, 45.632591], [15.90978, 45.632934], [15.910417, 45.633618], [15.910807, 45.633792], [15.911156, 45.634356], [15.912183, 45.635308], [15.913043, 45.635808], [15.913491, 45.635942], [15.913682, 45.635835], [15.913876, 45.635929], [15.914592, 45.635928], [15.915363, 45.636151], [15.916103, 45.636503], [15.916311, 45.636771], [15.917072, 45.637301], [15.917589, 45.638281], [15.91829, 45.638687], [15.918944, 45.639291], [15.920202, 45.639813], [15.920601, 45.640202], [15.921175, 45.64053], [15.921713, 45.640507], [15.923161, 45.64004], [15.927034, 45.639668], [15.928096, 45.639098], [15.930256, 45.637667], [15.930457, 45.637458], [15.93177, 45.637225], [15.932053, 45.637718], [15.932609, 45.637784], [15.934221, 45.638196], [15.934099, 45.637801], [15.93408, 45.636805], [15.933702, 45.636276], [15.933731, 45.636042], [15.934475, 45.635017], [15.934359, 45.634936], [15.934474, 45.634874], [15.933865, 45.634924], [15.93338, 45.634771], [15.932798, 45.634426], [15.932219, 45.634428], [15.933102, 45.634055], [15.933787, 45.634116], [15.93437, 45.633463], [15.932139, 45.6316], [15.932194, 45.630525], [15.930582, 45.630244], [15.929875, 45.626713], [15.929588, 45.625845], [15.928057, 45.624745], [15.927087, 45.624371], [15.926094, 45.624742], [15.924809, 45.624315], [15.924921, 45.623683], [15.922497, 45.624686], [15.921208, 45.625084], [15.920584, 45.62551], [15.919904, 45.625614], [15.91846, 45.624843], [15.917674, 45.624632], [15.917289, 45.624722], [15.916184, 45.624527], [15.915596, 45.623096], [15.915642, 45.622981], [15.915176, 45.622569], [15.913661, 45.622756], [15.913062, 45.622512], [15.912315, 45.621822], [15.911343, 45.621328], [15.910872, 45.620871], [15.909275, 45.620458], [15.909267, 45.619662], [15.908776, 45.619192], [15.90877, 45.618925], [15.907753, 45.618393], [15.90776, 45.618232], [15.907956, 45.618136]]]}, "properties": {"id": 89, "razina": "kvart", "name": "Lipnica", "color": "#4573d3", "area_km2": 3.54, "mo_count": 1, "source": "derivirano: MO (data.zagreb.hr) + OSM imena", "jls_name": "Grad Zagreb", "jls_maticni_broj": "01333", "zupanija": "Grad Zagreb", "palette_idx": 0}}, {"type": "Feature", "id": 90, "geometry": {"type": "Polygon", "coordinates": [[[15.936539, 45.796804], [15.936778, 45.794151], [15.936654, 45.794082], [15.936318, 45.794089], [15.936319, 45.794169], [15.934047, 45.794252], [15.931185, 45.794502], [15.930975, 45.795], [15.931228, 45.795453], [15.931327, 45.79634], [15.931006, 45.797148], [15.93045, 45.797654], [15.930169, 45.798048], [15.930279, 45.798112], [15.930139, 45.800605], [15.93035, 45.800657], [15.935735, 45.800767], [15.936096, 45.798126], [15.936539, 45.796804]]]}, "properties": {"id": 90, "razina": "kvart", "name": "Ljubljanica", "color": "#d34549", "area_km2": 0.31, "mo_count": 1, "source": "derivirano: MO (data.zagreb.hr) + OSM imena", "jls_name": "Grad Zagreb", "jls_maticni_broj": "01333", "zupanija": "Grad Zagreb", "palette_idx": 3}}, {"type": "Feature", "id": 91, "geometry": {"type": "Polygon", "coordinates": [[[16.110559, 45.829474], [16.11144, 45.827843], [16.111459, 45.827356], [16.110933, 45.827194], [16.109062, 45.827546], [16.10508, 45.827822], [16.105308, 45.828377], [16.106596, 45.829526], [16.106712, 45.829787], [16.106872, 45.831247], [16.106636, 45.832213], [16.105637, 45.833338], [16.105539, 45.833681], [16.105661, 45.834456], [16.105578, 45.835247], [16.105954, 45.837138], [16.106004, 45.838982], [16.106581, 45.838933], [16.106564, 45.838751], [16.106998, 45.838737], [16.107019, 45.838939], [16.108301, 45.838939], [16.108316, 45.839035], [16.108533, 45.839028], [16.108536, 45.838947], [16.109441, 45.838946], [16.109511, 45.838112], [16.109435, 45.837466], [16.109057, 45.836068], [16.109056, 45.835131], [16.110362, 45.830105], [16.110559, 45.829474]]]}, "properties": {"id": 91, "razina": "kvart", "name": "Luka", "color": "#45d36a", "area_km2": 0.37, "mo_count": 1, "source": "derivirano: MO (data.zagreb.hr) + OSM imena", "jls_name": "Grad Zagreb", "jls_maticni_broj": "01333", "zupanija": "Grad Zagreb", "palette_idx": 2}}, {"type": "Feature", "id": 92, "geometry": {"type": "Polygon", "coordinates": [[[15.900958, 45.759136], [15.900521, 45.758387], [15.900716, 45.758043], [15.900733, 45.757745], [15.899905, 45.756846], [15.899984, 45.756647], [15.899255, 45.756814], [15.897939, 45.756865], [15.897142, 45.756785], [15.896263, 45.756512], [15.894662, 45.755751], [15.892269, 45.755116], [15.891472, 45.754773], [15.890542, 45.754175], [15.88988, 45.754531], [15.887201, 45.752374], [15.885409, 45.750746], [15.884346, 45.751797], [15.879572, 45.755608], [15.879357, 45.755481], [15.873148, 45.757689], [15.871319, 45.756471], [15.87012, 45.75734], [15.869112, 45.756665], [15.868947, 45.757054], [15.868422, 45.756699], [15.868037, 45.75781], [15.866697, 45.757187], [15.866639, 45.75747], [15.86703, 45.759233], [15.866984, 45.759365], [15.867813, 45.759517], [15.86707, 45.761103], [15.865591, 45.761557], [15.866281, 45.763243], [15.865183, 45.763481], [15.865331, 45.763731], [15.86507, 45.763814], [15.865708, 45.764912], [15.865505, 45.765073], [15.866596, 45.765229], [15.866798, 45.765201], [15.86759, 45.764707], [15.868198, 45.763951], [15.868643, 45.763799], [15.869882, 45.764026], [15.870215, 45.764238], [15.870438, 45.764597], [15.870708, 45.764631], [15.870973, 45.764537], [15.871027, 45.764408], [15.870913, 45.764186], [15.871329, 45.763893], [15.871509, 45.763834], [15.872641, 45.763804], [15.87314, 45.763567], [15.873718, 45.764132], [15.873357, 45.765356], [15.873453, 45.765575], [15.873841, 45.765644], [15.874386, 45.765521], [15.874783, 45.76555], [15.874775, 45.765487], [15.875035, 45.765542], [15.876172, 45.765246], [15.877246, 45.76535], [15.877909, 45.765589], [15.879433, 45.766623], [15.879958, 45.767461], [15.880472, 45.768635], [15.880335, 45.770474], [15.879551, 45.771827], [15.879521, 45.772039], [15.87976, 45.772124], [15.879916, 45.772299], [15.879883, 45.772427], [15.879521, 45.772753], [15.879209, 45.772893], [15.878081, 45.772912], [15.875024, 45.774528], [15.873859, 45.777208], [15.873359, 45.778961], [15.875616, 45.780362], [15.876873, 45.781034], [15.878577, 45.781849], [15.880528, 45.782645], [15.882928, 45.783459], [15.886109, 45.784323], [15.887507, 45.784575], [15.888813, 45.784695], [15.888794, 45.786956], [15.890922, 45.786968], [15.892769, 45.786767], [15.894551, 45.786357], [15.896063, 45.785837], [15.89719, 45.785193], [15.899318, 45.783664], [15.900241, 45.782769], [15.901861, 45.780924], [15.90345, 45.77942], [15.903934, 45.779073], [15.906155, 45.777941], [15.903795, 45.777287], [15.902372, 45.776618], [15.902268, 45.776796], [15.901686, 45.776858], [15.901421, 45.77651], [15.901487, 45.776222], [15.902431, 45.775189], [15.903023, 45.774301], [15.902133, 45.773777], [15.901745, 45.773389], [15.901552, 45.7729], [15.901207, 45.772548], [15.900927, 45.771533], [15.900566, 45.771201], [15.899255, 45.770503], [15.898859, 45.770419], [15.898414, 45.770484], [15.898242, 45.770405], [15.89865, 45.769487], [15.898451, 45.768933], [15.897992, 45.768333], [15.897521, 45.765533], [15.902328, 45.762951], [15.905715, 45.760764], [15.900958, 45.759136]]]}, "properties": {"id": 92, "razina": "kvart", "name": "Lučko", "color": "#9445d3", "area_km2": 6.91, "mo_count": 1, "source": "derivirano: MO (data.zagreb.hr) + OSM imena", "jls_name": "Grad Zagreb", "jls_maticni_broj": "01333", "zupanija": "Grad Zagreb", "palette_idx": 3}}, {"type": "Feature", "id": 93, "geometry": {"type": "Polygon", "coordinates": [[[16.196116, 45.854951], [16.195842, 45.854833], [16.195658, 45.854866], [16.195642, 45.85498], [16.195862, 45.855278], [16.195534, 45.855213], [16.195426, 45.855254], [16.19544, 45.855659], [16.195356, 45.855732], [16.195175, 45.855734], [16.194869, 45.855342], [16.194592, 45.855306], [16.194348, 45.855446], [16.193817, 45.855512], [16.193764, 45.855666], [16.194222, 45.855978], [16.19414, 45.856058], [16.193642, 45.856035], [16.193612, 45.856175], [16.193846, 45.856572], [16.193542, 45.856441], [16.19335, 45.856481], [16.193257, 45.856608], [16.193388, 45.856815], [16.193343, 45.857118], [16.192776, 45.85729], [16.193113, 45.85768], [16.193041, 45.857761], [16.192402, 45.857667], [16.192111, 45.857758], [16.192497, 45.858045], [16.192261, 45.858192], [16.191887, 45.858162], [16.191297, 45.858553], [16.190647, 45.858725], [16.190417, 45.858925], [16.189976, 45.858879], [16.189377, 45.859079], [16.188974, 45.858994], [16.188443, 45.859314], [16.1875, 45.859407], [16.187344, 45.859261], [16.187124, 45.859273], [16.187001, 45.859512], [16.186663, 45.859456], [16.186893, 45.859679], [16.186873, 45.859957], [16.186991, 45.86001], [16.187185, 45.859962], [16.187362, 45.860185], [16.187185, 45.860282], [16.187156, 45.860437], [16.186735, 45.860597], [16.18679, 45.860694], [16.18669, 45.860788], [16.18715, 45.860999], [16.18717, 45.861071], [16.186847, 45.8613], [16.186531, 45.861218], [16.186277, 45.861297], [16.186186, 45.861508], [16.186436, 45.861471], [16.18673, 45.861577], [16.186825, 45.861716], [16.186744, 45.861781], [16.186621, 45.861761], [16.186422, 45.861646], [16.186055, 45.861778], [16.185993, 45.862008], [16.186052, 45.862097], [16.186223, 45.862124], [16.186215, 45.862439], [16.186133, 45.862492], [16.186065, 45.86242], [16.18589, 45.862456], [16.18584, 45.862618], [16.185711, 45.862593], [16.185594, 45.862742], [16.185776, 45.862716], [16.185934, 45.862905], [16.185665, 45.862867], [16.185598, 45.862941], [16.185686, 45.863059], [16.185397, 45.863102], [16.185755, 45.863246], [16.185592, 45.863239], [16.185554, 45.863522], [16.185638, 45.86361], [16.185202, 45.863655], [16.185085, 45.864139], [16.185297, 45.864107], [16.18541, 45.864182], [16.185168, 45.864531], [16.184691, 45.864708], [16.184815, 45.864863], [16.184737, 45.864998], [16.184905, 45.865231], [16.184704, 45.865591], [16.183825, 45.865155], [16.183558, 45.865324], [16.183072, 45.865222], [16.181752, 45.864152], [16.181364, 45.864179], [16.181226, 45.864299], [16.181518, 45.864577], [16.181519, 45.864704], [16.181057, 45.865334], [16.187529, 45.867894], [16.188341, 45.868776], [16.188295, 45.868837], [16.188711, 45.869599], [16.189743, 45.869358], [16.190506, 45.870592], [16.187098, 45.871564], [16.187104, 45.873535], [16.186804, 45.87366], [16.185212, 45.876161], [16.185815, 45.876205], [16.185547, 45.878194], [16.18595, 45.878469], [16.185482, 45.879757], [16.185166, 45.881433], [16.186609, 45.881551], [16.18656, 45.881737], [16.184969, 45.88287], [16.184731, 45.882786], [16.183376, 45.883464], [16.183515, 45.883565], [16.183375, 45.88396], [16.1836, 45.884401], [16.183557, 45.884841], [16.184282, 45.885358], [16.183135, 45.886171], [16.182915, 45.886244], [16.18111, 45.88841], [16.186935, 45.891411], [16.189394, 45.891072], [16.191011, 45.890444], [16.194373, 45.892491], [16.196929, 45.893832], [16.199393, 45.890507], [16.1997, 45.889847], [16.200352, 45.889323], [16.202107, 45.886826], [16.202741, 45.885832], [16.205663, 45.880496], [16.209562, 45.877762], [16.215512, 45.87005], [16.225974, 45.862626], [16.226996, 45.862169], [16.227226, 45.861937], [16.227603, 45.861782], [16.227577, 45.861496], [16.227771, 45.861271], [16.227902, 45.860372], [16.226854, 45.858922], [16.227603, 45.858324], [16.226898, 45.857715], [16.226239, 45.857272], [16.224437, 45.856577], [16.223366, 45.855976], [16.221055, 45.854176], [16.220568, 45.853848], [16.220041, 45.853633], [16.218504, 45.854075], [16.216772, 45.854232], [16.215919, 45.854858], [16.215799, 45.855178], [16.215695, 45.85643], [16.215959, 45.856595], [16.215867, 45.857209], [16.215985, 45.858412], [16.215515, 45.858399], [16.215041, 45.858294], [16.21408, 45.857776], [16.21336, 45.857633], [16.213292, 45.857385], [16.211643, 45.857709], [16.210397, 45.857762], [16.209767, 45.857662], [16.208949, 45.858257], [16.211474, 45.861439], [16.207836, 45.863145], [16.207322, 45.86251], [16.203616, 45.864287], [16.196116, 45.854951]]]}, "properties": {"id": 93, "razina": "kvart", "name": "Lužan", "color": "#d3bd45", "area_km2": 7.79, "mo_count": 1, "source": "derivirano: MO (data.zagreb.hr) + OSM imena", "jls_name": "Grad Zagreb", "jls_maticni_broj": "01333", "zupanija": "Grad Zagreb", "palette_idx": 1}}, {"type": "Feature", "id": 94, "geometry": {"type": "Polygon", "coordinates": [[[16.038763, 45.816767], [16.021807, 45.813812], [16.019892, 45.813374], [16.019739, 45.813225], [16.019529, 45.813167], [16.018745, 45.81333], [16.018788, 45.81348], [16.01699, 45.814263], [16.014785, 45.814938], [16.014743, 45.815001], [16.01413, 45.815121], [16.012684, 45.815247], [16.012585, 45.815587], [16.012636, 45.815766], [16.012722, 45.815778], [16.012669, 45.817193], [16.012774, 45.817456], [16.012739, 45.81776], [16.01265, 45.817702], [16.012684, 45.818417], [16.012764, 45.818874], [16.013293, 45.819049], [16.013104, 45.819177], [16.012831, 45.820438], [16.012573, 45.821916], [16.012592, 45.822582], [16.012452, 45.82273], [16.01248, 45.823146], [16.012388, 45.823418], [16.011936, 45.823329], [16.011807, 45.823578], [16.011372, 45.823319], [16.010409, 45.823626], [16.010472, 45.823674], [16.009781, 45.824024], [16.008967, 45.82457], [16.008916, 45.824753], [16.008744, 45.824871], [16.007555, 45.825578], [16.00718, 45.825649], [16.00609, 45.826685], [16.004543, 45.826739], [16.004088, 45.826822], [16.004043, 45.826929], [16.003699, 45.82688], [16.002675, 45.827036], [16.002259, 45.827287], [16.001338, 45.827562], [16.00092, 45.827843], [15.999666, 45.828035], [15.999507, 45.828154], [16.00016, 45.828707], [15.999988, 45.828846], [16.000384, 45.829264], [16.000124, 45.829383], [16.000258, 45.829484], [16.000106, 45.829566], [16.000211, 45.829725], [15.999804, 45.829947], [15.999855, 45.829993], [15.998375, 45.831167], [15.998786, 45.831432], [15.999255, 45.831574], [15.999938, 45.831597], [16.000484, 45.831404], [16.000314, 45.831299], [16.000432, 45.831263], [16.001809, 45.830987], [16.002629, 45.830688], [16.003492, 45.830661], [16.004065, 45.830815], [16.004099, 45.831025], [16.004264, 45.831164], [16.004391, 45.831469], [16.004454, 45.831994], [16.004603, 45.832045], [16.00446, 45.832291], [16.004429, 45.832169], [16.003876, 45.832087], [16.00369, 45.831988], [16.003775, 45.83193], [16.003425, 45.831757], [16.003086, 45.8319], [16.003205, 45.832004], [16.003018, 45.832106], [16.003528, 45.832755], [16.003018, 45.832877], [16.002814, 45.832812], [16.002567, 45.832884], [16.002374, 45.833117], [16.002166, 45.833191], [16.002236, 45.83329], [16.00199, 45.83341], [16.001937, 45.833336], [16.00154, 45.833544], [16.001923, 45.833873], [16.001473, 45.834053], [16.001522, 45.834163], [16.000911, 45.834947], [16.001166, 45.835097], [16.000379, 45.836104], [16.000536, 45.836179], [16.000075, 45.836471], [16.00013, 45.836494], [15.999643, 45.837051], [15.999455, 45.83736], [15.999552, 45.83744], [15.999789, 45.837458], [15.999921, 45.837566], [16.000247, 45.837643], [16.000432, 45.837261], [16.000918, 45.837391], [16.001183, 45.836705], [16.001124, 45.836544], [16.000806, 45.83638], [16.001518, 45.835758], [16.002016, 45.835651], [16.003513, 45.835593], [16.003336, 45.835265], [16.00367, 45.835217], [16.003842, 45.834527], [16.004001, 45.834545], [16.004246, 45.833997], [16.004446, 45.834004], [16.004325, 45.833872], [16.004803, 45.833772], [16.005102, 45.833876], [16.005461, 45.833646], [16.006064, 45.832946], [16.006614, 45.833135], [16.008081, 45.831554], [16.011026, 45.829279], [16.011621, 45.829075], [16.012078, 45.82851], [16.012252, 45.828559], [16.0125, 45.827447], [16.012655, 45.827366], [16.013478, 45.827434], [16.013574, 45.826961], [16.01372, 45.826952], [16.013848, 45.828543], [16.014734, 45.828405], [16.01461, 45.829155], [16.01483, 45.830019], [16.0148, 45.830573], [16.014749, 45.831006], [16.014459, 45.831634], [16.014604, 45.83233], [16.014431, 45.833112], [16.013933, 45.833833], [16.01338, 45.834247], [16.013564, 45.834311], [16.013002, 45.835154], [16.013253, 45.835229], [16.013209, 45.835305], [16.014487, 45.835723], [16.014951, 45.835417], [16.015939, 45.836076], [16.016185, 45.835727], [16.017529, 45.836178], [16.017113, 45.836687], [16.017442, 45.836769], [16.017877, 45.837028], [16.018349, 45.8375], [16.018684, 45.838078], [16.018655, 45.838737], [16.018968, 45.839067], [16.019608, 45.839378], [16.019804, 45.839714], [16.019678, 45.83988], [16.02207, 45.838872], [16.022567, 45.839314], [16.022809, 45.83921], [16.023363, 45.838853], [16.023537, 45.838622], [16.023644, 45.838372], [16.023433, 45.838229], [16.023672, 45.838145], [16.023764, 45.837974], [16.024157, 45.837894], [16.024085, 45.837677], [16.02427, 45.8377], [16.02448, 45.837313], [16.025278, 45.836756], [16.025516, 45.836797], [16.025738, 45.836599], [16.026512, 45.836357], [16.027349, 45.835693], [16.027534, 45.835653], [16.028599, 45.834709], [16.028953, 45.834855], [16.032696, 45.83579], [16.032872, 45.833834], [16.033156, 45.832468], [16.034568, 45.828789], [16.035024, 45.827133], [16.035336, 45.825522], [16.035389, 45.823941], [16.035471, 45.823761], [16.036533, 45.823992], [16.036474, 45.823848], [16.036656, 45.82327], [16.036872, 45.82325], [16.03692, 45.823113], [16.03675, 45.823087], [16.036811, 45.822672], [16.037302, 45.821142], [16.037432, 45.821165], [16.03748, 45.821035], [16.037483, 45.820864], [16.037353, 45.820839], [16.037923, 45.819075], [16.038044, 45.818823], [16.038172, 45.818846], [16.038211, 45.818737], [16.038034, 45.81869], [16.038763, 45.816767]]]}, "properties": {"id": 94, "razina": "kvart", "name": "Maksimir", "color": "#45c0d3", "area_km2": 4.89, "mo_count": 2, "source": "derivirano: MO (data.zagreb.hr) + OSM imena", "jls_name": "Grad Zagreb", "jls_maticni_broj": "01333", "zupanija": "Grad Zagreb", "palette_idx": 0}}, {"type": "Feature", "id": 95, "geometry": {"type": "Polygon", "coordinates": [[[15.977618, 45.718131], [15.976721, 45.717208], [15.977372, 45.716902], [15.975845, 45.715064], [15.973436, 45.71307], [15.96145, 45.715876], [15.956821, 45.717247], [15.951801, 45.719069], [15.953654, 45.721125], [15.954642, 45.722095], [15.954332, 45.722295], [15.954222, 45.722793], [15.954046, 45.722909], [15.954937, 45.724163], [15.955568, 45.723604], [15.956464, 45.724277], [15.961238, 45.730059], [15.961571, 45.730695], [15.962551, 45.731538], [15.962608, 45.731722], [15.966108, 45.735981], [15.96632, 45.736252], [15.966301, 45.736361], [15.969317, 45.740097], [15.970323, 45.741193], [15.971117, 45.74185], [15.971038, 45.741896], [15.971989, 45.742577], [15.971814, 45.742719], [15.972217, 45.74308], [15.972016, 45.743216], [15.972815, 45.744348], [15.972766, 45.744384], [15.97363, 45.745395], [15.975001, 45.746349], [15.972694, 45.747091], [15.977701, 45.750774], [15.978997, 45.750443], [15.97987, 45.750028], [15.98396, 45.753076], [15.984574, 45.753076], [15.984824, 45.753295], [15.988084, 45.750986], [15.984977, 45.74868], [15.984556, 45.748529], [15.979642, 45.744847], [15.982762, 45.743843], [15.981406, 45.742664], [15.981277, 45.742499], [15.981257, 45.742266], [15.981686, 45.741169], [15.982389, 45.740105], [15.982543, 45.739464], [15.982686, 45.739242], [15.983822, 45.738394], [15.983587, 45.737936], [15.983959, 45.737189], [15.98398, 45.736423], [15.98375, 45.735906], [15.982748, 45.734334], [15.981043, 45.732666], [15.981043, 45.732553], [15.981958, 45.732045], [15.98322, 45.731105], [15.984341, 45.730509], [15.985751, 45.729963], [15.985251, 45.729941], [15.98458, 45.72886], [15.984069, 45.728456], [15.983049, 45.727915], [15.982136, 45.726514], [15.981849, 45.72624], [15.981878, 45.726039], [15.982165, 45.725819], [15.984155, 45.724572], [15.984023, 45.723241], [15.984069, 45.722237], [15.983488, 45.722228], [15.98269, 45.722023], [15.982263, 45.721791], [15.98187, 45.721367], [15.981084, 45.720782], [15.979579, 45.720077], [15.978525, 45.719726], [15.978286, 45.719729], [15.978052, 45.719563], [15.977821, 45.719529], [15.977939, 45.719383], [15.977837, 45.719351], [15.977895, 45.719313], [15.977701, 45.718963], [15.977618, 45.718131]]]}, "properties": {"id": 95, "razina": "kvart", "name": "Mala Mlaka", "color": "#d34596", "area_km2": 5.75, "mo_count": 1, "source": "derivirano: MO (data.zagreb.hr) + OSM imena", "jls_name": "Grad Zagreb", "jls_maticni_broj": "01333", "zupanija": "Grad Zagreb", "palette_idx": 2}}, {"type": "Feature", "id": 96, "geometry": {"type": "Polygon", "coordinates": [[[15.897098, 45.806338], [15.894138, 45.806516], [15.893843, 45.807741], [15.893091, 45.809112], [15.892917, 45.809782], [15.892841, 45.810194], [15.892875, 45.812553], [15.894438, 45.812481], [15.894436, 45.812605], [15.896412, 45.812576], [15.896208, 45.812376], [15.906462, 45.811873], [15.906778, 45.805978], [15.904679, 45.805999], [15.903436, 45.806165], [15.903377, 45.805967], [15.9022, 45.806181], [15.902243, 45.806272], [15.897098, 45.806338]]]}, "properties": {"id": 96, "razina": "kvart", "name": "Malešnica", "color": "#6dd345", "area_km2": 0.69, "mo_count": 1, "source": "derivirano: MO (data.zagreb.hr) + OSM imena", "jls_name": "Grad Zagreb", "jls_maticni_broj": "01333", "zupanija": "Grad Zagreb", "palette_idx": 1}}, {"type": "Feature", "id": 97, "geometry": {"type": "Polygon", "coordinates": [[[16.02281, 45.872031], [16.023397, 45.871577], [16.024103, 45.870773], [16.02519, 45.870372], [16.025943, 45.869878], [16.026827, 45.868558], [16.026929, 45.868131], [16.027122, 45.867972], [16.027032, 45.867223], [16.026751, 45.866635], [16.02623, 45.8662], [16.02621, 45.865887], [16.026059, 45.865659], [16.025724, 45.865414], [16.025824, 45.864842], [16.025687, 45.864605], [16.025864, 45.864507], [16.025846, 45.863858], [16.026178, 45.863513], [16.026247, 45.862983], [16.025719, 45.862057], [16.025667, 45.861765], [16.025522, 45.861711], [16.025171, 45.861309], [16.025014, 45.860758], [16.024889, 45.860632], [16.024637, 45.860633], [16.024632, 45.860464], [16.024277, 45.860338], [16.024169, 45.860161], [16.024566, 45.859582], [16.024733, 45.859169], [16.024662, 45.859107], [16.024973, 45.858513], [16.025403, 45.857838], [16.025875, 45.857366], [16.025986, 45.856968], [16.025795, 45.856786], [16.026243, 45.856402], [16.026057, 45.85636], [16.026006, 45.856252], [16.025982, 45.85611], [16.026157, 45.855895], [16.025949, 45.855706], [16.025919, 45.855386], [16.025671, 45.854906], [16.026295, 45.854033], [16.026305, 45.853883], [16.026883, 45.853292], [16.027697, 45.851461], [16.028571, 45.850318], [16.028785, 45.850101], [16.029063, 45.849987], [16.029126, 45.849674], [16.02978, 45.8486], [16.029637, 45.847456], [16.029107, 45.846803], [16.029023, 45.845908], [16.029098, 45.845456], [16.029206, 45.845386], [16.02842, 45.845301], [16.02884, 45.844378], [16.028795, 45.84351], [16.028456, 45.841952], [16.02802, 45.842106], [16.02797, 45.841618], [16.026664, 45.842728], [16.025855, 45.842327], [16.023389, 45.844351], [16.023306, 45.844479], [16.023522, 45.844862], [16.023493, 45.845129], [16.023164, 45.845075], [16.023021, 45.845325], [16.022701, 45.845188], [16.022729, 45.845263], [16.022582, 45.84535], [16.022311, 45.845369], [16.022226, 45.845486], [16.021962, 45.845484], [16.021724, 45.845662], [16.021723, 45.845788], [16.021515, 45.845811], [16.021454, 45.845883], [16.021393, 45.846215], [16.021008, 45.846234], [16.020986, 45.846151], [16.020887, 45.846198], [16.020816, 45.846641], [16.020939, 45.846657], [16.020944, 45.846735], [16.020839, 45.846876], [16.020474, 45.84697], [16.020226, 45.847285], [16.020488, 45.847494], [16.02, 45.847432], [16.019893, 45.847733], [16.019969, 45.847775], [16.019695, 45.847969], [16.019818, 45.848011], [16.019644, 45.848239], [16.019712, 45.848312], [16.019526, 45.848614], [16.019343, 45.849337], [16.01913, 45.849603], [16.018941, 45.849561], [16.018799, 45.849869], [16.018445, 45.850196], [16.018588, 45.850502], [16.018802, 45.850642], [16.018633, 45.850643], [16.018729, 45.850808], [16.018652, 45.850833], [16.018499, 45.850712], [16.018413, 45.850749], [16.018448, 45.850878], [16.018579, 45.850915], [16.018207, 45.851045], [16.018448, 45.851177], [16.01834, 45.851383], [16.01845, 45.851369], [16.018545, 45.851525], [16.018132, 45.851864], [16.017939, 45.851871], [16.01795, 45.852118], [16.017779, 45.852168], [16.017642, 45.852093], [16.017752, 45.852278], [16.017565, 45.852257], [16.01741, 45.852129], [16.017149, 45.852127], [16.017008, 45.852376], [16.016445, 45.852501], [16.016164, 45.852643], [16.016358, 45.852674], [16.01619, 45.852785], [16.015909, 45.85283], [16.015941, 45.852913], [16.015686, 45.853103], [16.015641, 45.8534], [16.015507, 45.853382], [16.015179, 45.853531], [16.015269, 45.853662], [16.015076, 45.853843], [16.015191, 45.853937], [16.014898, 45.853995], [16.014935, 45.853839], [16.014744, 45.85393], [16.014629, 45.85387], [16.014598, 45.854063], [16.014199, 45.854149], [16.014273, 45.854281], [16.014195, 45.854331], [16.014003, 45.854224], [16.014052, 45.854102], [16.013929, 45.854332], [16.013751, 45.854238], [16.013763, 45.854359], [16.013634, 45.854344], [16.013626, 45.854424], [16.013492, 45.854459], [16.013508, 45.854653], [16.013376, 45.854662], [16.013432, 45.8548], [16.013285, 45.854952], [16.013382, 45.854981], [16.01324, 45.855054], [16.013291, 45.85512], [16.01318, 45.855273], [16.012958, 45.855308], [16.013009, 45.855427], [16.012814, 45.855492], [16.012607, 45.855442], [16.012517, 45.855567], [16.012093, 45.855441], [16.012215, 45.855647], [16.012024, 45.855755], [16.01195, 45.856011], [16.011908, 45.85591], [16.011815, 45.855958], [16.01183, 45.85611], [16.011617, 45.856154], [16.011614, 45.856252], [16.01142, 45.856113], [16.010808, 45.856407], [16.010507, 45.856787], [16.010028, 45.857001], [16.009993, 45.857108], [16.010169, 45.857224], [16.009981, 45.857322], [16.009834, 45.857612], [16.009576, 45.857683], [16.009476, 45.857902], [16.009636, 45.857856], [16.009665, 45.857912], [16.009362, 45.858214], [16.009023, 45.858238], [16.009108, 45.858378], [16.008493, 45.858365], [16.008413, 45.858636], [16.006172, 45.857889], [16.005178, 45.858898], [16.004014, 45.859695], [16.003766, 45.859642], [16.002728, 45.859124], [16.002107, 45.860053], [16.001803, 45.861396], [16.001324, 45.86187], [16.000159, 45.862671], [15.999905, 45.863145], [16.000154, 45.863894], [16.00011, 45.864499], [15.9998, 45.864415], [15.999439, 45.864516], [15.998542, 45.86457], [15.998087, 45.864429], [15.997445, 45.864741], [15.996106, 45.864412], [15.995128, 45.864609], [15.993546, 45.865364], [15.993026, 45.865128], [15.99251, 45.865477], [15.992648, 45.865543], [15.992329, 45.865807], [15.992467, 45.866171], [15.992217, 45.866167], [15.991342, 45.866548], [15.991312, 45.866857], [15.990827, 45.866931], [15.990907, 45.866975], [15.990706, 45.867414], [15.994466, 45.868989], [15.99511, 45.870304], [15.997771, 45.871021], [15.99923, 45.872097], [16.00129, 45.873172], [16.00335, 45.874995], [16.00644, 45.876519], [16.006955, 45.878551], [16.007255, 45.882046], [16.008198, 45.883308], [16.008111, 45.883478], [16.008726, 45.884161], [16.008792, 45.884509], [16.007627, 45.88497], [16.009869, 45.886096], [16.009996, 45.886288], [16.01052, 45.886441], [16.010966, 45.886485], [16.012017, 45.886431], [16.013224, 45.886072], [16.014122, 45.887334], [16.015152, 45.891068], [16.018413, 45.891008], [16.022619, 45.893188], [16.023305, 45.897161], [16.026996, 45.899431], [16.027206, 45.899925], [16.027811, 45.899243], [16.028298, 45.899151], [16.028453, 45.899051], [16.030256, 45.897748], [16.030421, 45.897711], [16.030728, 45.897285], [16.030869, 45.896737], [16.030739, 45.895799], [16.031056, 45.895784], [16.031333, 45.895558], [16.031348, 45.895088], [16.031331, 45.894685], [16.03099, 45.893818], [16.030923, 45.89331], [16.031098, 45.893107], [16.030812, 45.892935], [16.030666, 45.892669], [16.03063, 45.891548], [16.030707, 45.891097], [16.030608, 45.890872], [16.030838, 45.890326], [16.030636, 45.889682], [16.031007, 45.888788], [16.031004, 45.888518], [16.031278, 45.887936], [16.031493, 45.887703], [16.031634, 45.886768], [16.031953, 45.885864], [16.031836, 45.885826], [16.031947, 45.885002], [16.031892, 45.884196], [16.032391, 45.882467], [16.032343, 45.882011], [16.032469, 45.88145], [16.032349, 45.881165], [16.032504, 45.881247], [16.032831, 45.881093], [16.032789, 45.880598], [16.033011, 45.880424], [16.034568, 45.880311], [16.034379, 45.879501], [16.032546, 45.87954], [16.032536, 45.879271], [16.032931, 45.878899], [16.033194, 45.878345], [16.033166, 45.878169], [16.032633, 45.87777], [16.032819, 45.877106], [16.033028, 45.876711], [16.033328, 45.876757], [16.033606, 45.876678], [16.033305, 45.876294], [16.033351, 45.876229], [16.033493, 45.876239], [16.033527, 45.876112], [16.033468, 45.87597], [16.03336, 45.875974], [16.033246, 45.874888], [16.032722, 45.874781], [16.032329, 45.874502], [16.029701, 45.874749], [16.028367, 45.874609], [16.028398, 45.874686], [16.026667, 45.874421], [16.02669, 45.874349], [16.025761, 45.873548], [16.025433, 45.873402], [16.025327, 45.873633], [16.022619, 45.873022], [16.02253, 45.872679], [16.02281, 45.872031]]]}, "properties": {"id": 97, "razina": "kvart", "name": "Markuševec", "color": "#4745d3", "area_km2": 9.02, "mo_count": 1, "source": "derivirano: MO (data.zagreb.hr) + OSM imena", "jls_name": "Grad Zagreb", "jls_maticni_broj": "01333", "zupanija": "Grad Zagreb", "palette_idx": 1}}, {"type": "Feature", "id": 98, "geometry": {"type": "Polygon", "coordinates": [[[15.981063, 45.800133], [15.979633, 45.799997], [15.976935, 45.799903], [15.976883, 45.79981], [15.976762, 45.799802], [15.974907, 45.799718], [15.974012, 45.799755], [15.973787, 45.799665], [15.972202, 45.799584], [15.971975, 45.799649], [15.968088, 45.799452], [15.967882, 45.799493], [15.962227, 45.799155], [15.964471, 45.802382], [15.964592, 45.802417], [15.964645, 45.802364], [15.966748, 45.802847], [15.969502, 45.803361], [15.969549, 45.80344], [15.969617, 45.803381], [15.973382, 45.804059], [15.975469, 45.804173], [15.978926, 45.804005], [15.980247, 45.803795], [15.980875, 45.80352], [15.981001, 45.803703], [15.982389, 45.803572], [15.984219, 45.803661], [15.984191, 45.803844], [15.98407, 45.803836], [15.984054, 45.803938], [15.982615, 45.803857], [15.98259, 45.804056], [15.98582, 45.804235], [15.984857, 45.804292], [15.983649, 45.804254], [15.987059, 45.804827], [15.989406, 45.804968], [15.991178, 45.805406], [15.991643, 45.804541], [15.991567, 45.804391], [15.990181, 45.804314], [15.989583, 45.804192], [15.989022, 45.803892], [15.988869, 45.803629], [15.989169, 45.800438], [15.982821, 45.800085], [15.982809, 45.800195], [15.981063, 45.800133]]]}, "properties": {"id": 98, "razina": "kvart", "name": "Martinovka", "color": "#d37045", "area_km2": 0.89, "mo_count": 1, "source": "derivirano: MO (data.zagreb.hr) + OSM imena", "jls_name": "Grad Zagreb", "jls_maticni_broj": "01333", "zupanija": "Grad Zagreb", "palette_idx": 0}}, {"type": "Feature", "id": 99, "geometry": {"type": "Polygon", "coordinates": [[[15.993181, 45.810474], [15.98984, 45.810187], [15.990152, 45.810386], [15.990122, 45.810715], [15.989953, 45.810708], [15.98991, 45.811274], [15.990469, 45.81132], [15.990436, 45.811532], [15.990275, 45.811667], [15.990311, 45.812027], [15.990013, 45.812015], [15.989886, 45.812145], [15.989826, 45.813214], [15.990235, 45.813228], [15.990222, 45.813354], [15.990855, 45.813323], [15.990832, 45.813588], [15.991001, 45.813594], [15.99096, 45.81402], [15.993242, 45.814051], [15.993826, 45.811256], [15.993387, 45.811219], [15.99319, 45.811051], [15.993203, 45.810922], [15.993078, 45.810918], [15.993086, 45.810683], [15.993309, 45.810591], [15.993181, 45.810474]]]}, "properties": {"id": 99, "razina": "kvart", "name": "Matko Laginja", "color": "#45d39a", "area_km2": 0.1, "mo_count": 1, "source": "derivirano: MO (data.zagreb.hr) + OSM imena", "jls_name": "Grad Zagreb", "jls_maticni_broj": "01333", "zupanija": "Grad Zagreb", "palette_idx": 2}}, {"type": "Feature", "id": 100, "geometry": {"type": "Polygon", "coordinates": [[[15.990744, 45.814014], [15.984207, 45.813807], [15.983462, 45.814054], [15.983121, 45.814052], [15.982737, 45.814266], [15.982775, 45.81416], [15.98255, 45.814145], [15.982456, 45.814218], [15.98209, 45.814094], [15.981645, 45.81411], [15.981573, 45.813913], [15.981013, 45.813927], [15.980811, 45.814279], [15.980965, 45.814431], [15.980955, 45.814579], [15.980835, 45.814566], [15.979941, 45.814887], [15.979857, 45.814854], [15.979861, 45.815003], [15.980113, 45.815002], [15.980304, 45.815721], [15.979899, 45.815744], [15.979856, 45.816087], [15.978796, 45.817818], [15.978741, 45.818418], [15.978001, 45.818443], [15.977955, 45.81872], [15.976823, 45.818821], [15.976793, 45.818994], [15.976531, 45.819013], [15.976473, 45.820056], [15.976584, 45.820576], [15.976844, 45.821111], [15.976404, 45.821193], [15.976239, 45.82127], [15.976291, 45.821402], [15.976091, 45.821439], [15.97641, 45.822084], [15.975972, 45.822177], [15.97608, 45.822334], [15.975784, 45.822434], [15.975772, 45.822686], [15.976182, 45.822942], [15.976254, 45.823188], [15.976201, 45.823722], [15.976121, 45.823723], [15.976125, 45.82528], [15.976503, 45.825285], [15.97644, 45.825605], [15.976518, 45.825754], [15.976309, 45.826802], [15.97657, 45.82714], [15.976562, 45.827657], [15.975824, 45.82765], [15.975711, 45.828117], [15.975742, 45.828507], [15.976163, 45.829305], [15.976302, 45.829261], [15.976503, 45.829668], [15.976817, 45.829651], [15.976763, 45.829856], [15.976935, 45.829869], [15.976851, 45.830162], [15.97692, 45.830492], [15.976762, 45.830484], [15.977068, 45.830952], [15.976501, 45.830935], [15.976471, 45.831331], [15.977176, 45.831379], [15.977234, 45.831053], [15.977594, 45.831044], [15.977524, 45.830937], [15.977646, 45.830874], [15.977428, 45.83024], [15.977596, 45.830236], [15.977788, 45.82963], [15.977546, 45.829581], [15.977689, 45.829259], [15.978191, 45.828804], [15.978125, 45.828714], [15.978395, 45.828489], [15.978611, 45.828114], [15.978682, 45.827609], [15.979341, 45.827585], [15.979781, 45.827669], [15.979885, 45.827498], [15.980319, 45.827562], [15.980296, 45.827714], [15.980808, 45.827754], [15.980789, 45.827926], [15.980294, 45.827897], [15.980281, 45.828284], [15.979889, 45.828304], [15.980135, 45.829381], [15.980295, 45.829323], [15.981725, 45.829998], [15.982499, 45.830082], [15.982472, 45.827912], [15.982403, 45.827552], [15.98222, 45.827556], [15.982235, 45.826342], [15.98202, 45.824943], [15.982173, 45.824509], [15.982285, 45.82453], [15.982309, 45.82444], [15.982209, 45.824146], [15.981955, 45.823998], [15.982326, 45.823827], [15.982656, 45.824085], [15.982871, 45.82441], [15.983117, 45.824385], [15.983311, 45.824463], [15.98336, 45.824599], [15.983516, 45.824571], [15.983511, 45.824471], [15.98377, 45.824474], [15.983846, 45.824408], [15.984914, 45.824479], [15.984824, 45.823549], [15.98371, 45.823544], [15.983284, 45.823443], [15.982874, 45.823144], [15.98269, 45.822733], [15.982698, 45.8226], [15.984319, 45.822606], [15.983975, 45.821589], [15.983732, 45.821628], [15.98368, 45.821335], [15.983835, 45.821319], [15.983403, 45.820262], [15.983311, 45.819715], [15.983415, 45.819524], [15.983688, 45.819598], [15.983735, 45.8201], [15.984056, 45.820679], [15.984706, 45.822421], [15.985856, 45.822372], [15.986089, 45.821656], [15.986597, 45.820648], [15.986456, 45.820614], [15.986118, 45.820311], [15.986171, 45.819804], [15.986058, 45.81934], [15.986182, 45.818706], [15.986533, 45.818308], [15.986628, 45.818059], [15.986393, 45.816779], [15.986511, 45.816199], [15.986993, 45.816301], [15.987167, 45.815933], [15.987462, 45.815989], [15.987623, 45.815088], [15.987849, 45.815099], [15.987842, 45.81517], [15.988416, 45.815172], [15.989086, 45.815282], [15.989049, 45.815565], [15.989825, 45.815722], [15.990025, 45.814338], [15.990229, 45.814346], [15.990236, 45.814246], [15.990484, 45.814257], [15.99063, 45.814131], [15.990736, 45.814136], [15.990744, 45.814014]]]}, "properties": {"id": 100, "razina": "kvart", "name": "Medveščak", "color": "#c345d3", "area_km2": 1.02, "mo_count": 3, "source": "derivirano: MO (data.zagreb.hr) + OSM imena", "jls_name": "Grad Zagreb", "jls_maticni_broj": "01333", "zupanija": "Grad Zagreb", "palette_idx": 1}}, {"type": "Feature", "id": 101, "geometry": {"type": "Polygon", "coordinates": [[[15.929956, 45.835411], [15.929995, 45.835596], [15.929697, 45.835635], [15.929674, 45.835865], [15.930101, 45.835879], [15.930073, 45.836001], [15.929588, 45.835999], [15.92928, 45.835811], [15.928544, 45.836268], [15.927287, 45.836756], [15.92709, 45.836458], [15.926787, 45.8366], [15.926836, 45.836677], [15.926408, 45.836832], [15.92605, 45.836837], [15.925565, 45.83652], [15.925071, 45.836694], [15.925417, 45.837404], [15.924522, 45.837795], [15.925133, 45.838882], [15.925105, 45.84015], [15.92481, 45.840115], [15.924753, 45.840558], [15.926293, 45.841061], [15.92651, 45.841031], [15.926751, 45.84166], [15.926729, 45.841902], [15.926828, 45.841903], [15.92671, 45.842624], [15.926785, 45.84274], [15.927195, 45.842863], [15.926906, 45.843243], [15.927107, 45.843371], [15.926863, 45.843508], [15.92579, 45.843596], [15.925136, 45.843757], [15.924057, 45.843766], [15.923541, 45.843648], [15.923008, 45.843781], [15.922272, 45.843608], [15.921755, 45.843619], [15.92081, 45.844664], [15.920784, 45.845109], [15.920462, 45.84508], [15.920716, 45.847029], [15.922433, 45.847328], [15.924965, 45.84963], [15.926725, 45.853516], [15.928055, 45.853904], [15.930329, 45.853097], [15.93166, 45.852768], [15.934492, 45.8551], [15.93638, 45.854412], [15.937582, 45.857282], [15.939556, 45.857192], [15.940672, 45.857043], [15.942775, 45.856176], [15.942775, 45.857312], [15.943848, 45.859284], [15.944306, 45.859273], [15.944263, 45.859188], [15.944142, 45.859224], [15.944063, 45.858464], [15.943532, 45.858012], [15.943692, 45.857329], [15.943684, 45.85687], [15.943832, 45.856462], [15.943814, 45.855806], [15.943719, 45.855763], [15.943869, 45.855107], [15.943774, 45.855125], [15.943671, 45.854795], [15.943565, 45.854738], [15.94365, 45.854646], [15.943434, 45.854166], [15.9434, 45.853795], [15.943496, 45.853498], [15.944043, 45.852947], [15.944821, 45.852649], [15.944566, 45.851702], [15.944392, 45.851531], [15.944419, 45.851053], [15.944141, 45.850708], [15.944018, 45.849919], [15.94353, 45.848351], [15.943569, 45.847949], [15.943468, 45.847842], [15.943444, 45.847539], [15.943616, 45.847372], [15.94336, 45.847162], [15.943373, 45.847086], [15.943162, 45.847077], [15.943094, 45.846653], [15.942801, 45.846348], [15.942845, 45.845947], [15.942726, 45.845866], [15.942847, 45.845797], [15.942815, 45.845543], [15.942945, 45.845471], [15.942877, 45.845358], [15.942936, 45.845163], [15.942729, 45.844915], [15.94279, 45.844747], [15.94267, 45.844361], [15.94242, 45.844272], [15.94243, 45.84398], [15.942134, 45.843258], [15.9423, 45.842905], [15.94224, 45.842571], [15.942761, 45.84223], [15.942567, 45.841962], [15.942595, 45.841767], [15.943233, 45.841278], [15.943457, 45.841333], [15.943649, 45.841136], [15.943758, 45.840843], [15.943756, 45.840769], [15.943503, 45.840714], [15.943527, 45.840542], [15.943228, 45.840292], [15.943276, 45.839903], [15.943189, 45.839797], [15.94325, 45.839665], [15.943425, 45.839645], [15.943798, 45.838842], [15.943663, 45.838468], [15.94381, 45.837849], [15.943049, 45.837966], [15.943105, 45.837233], [15.942907, 45.837055], [15.942007, 45.836906], [15.941705, 45.837056], [15.94156, 45.836719], [15.941081, 45.836827], [15.939584, 45.83689], [15.938198, 45.836585], [15.938241, 45.836398], [15.937604, 45.836148], [15.937541, 45.835969], [15.93791, 45.835848], [15.938116, 45.835661], [15.93877, 45.835556], [15.938638, 45.835095], [15.938676, 45.834687], [15.938279, 45.834593], [15.938388, 45.83447], [15.938801, 45.83453], [15.938836, 45.834401], [15.938416, 45.834331], [15.938552, 45.834162], [15.938747, 45.834156], [15.93887, 45.833899], [15.938443, 45.833789], [15.938654, 45.833595], [15.93932, 45.833693], [15.939422, 45.833448], [15.939242, 45.833402], [15.939322, 45.833262], [15.939526, 45.833303], [15.93971, 45.8328], [15.939592, 45.832774], [15.939696, 45.832582], [15.94032, 45.832092], [15.93958, 45.831879], [15.939139, 45.831671], [15.938647, 45.832131], [15.938769, 45.832194], [15.938494, 45.832548], [15.938238, 45.832663], [15.938229, 45.832834], [15.937962, 45.833028], [15.937812, 45.83295], [15.937708, 45.83304], [15.937936, 45.83315], [15.937696, 45.833334], [15.937583, 45.833289], [15.937351, 45.833663], [15.937266, 45.833638], [15.937053, 45.833788], [15.936921, 45.833968], [15.937104, 45.834007], [15.936829, 45.83418], [15.936708, 45.834389], [15.936462, 45.834458], [15.93639, 45.834785], [15.936492, 45.83482], [15.936182, 45.835264], [15.935313, 45.835446], [15.935571, 45.834491], [15.935159, 45.834481], [15.935102, 45.834364], [15.934784, 45.833364], [15.934778, 45.832606], [15.93391, 45.832497], [15.933736, 45.83299], [15.9338, 45.83398], [15.934717, 45.835155], [15.934262, 45.835147], [15.934211, 45.835049], [15.932407, 45.835071], [15.931485, 45.835263], [15.931266, 45.835118], [15.931294, 45.835033], [15.931076, 45.834941], [15.93122, 45.834711], [15.930439, 45.835047], [15.929956, 45.835411]]]}, "properties": {"id": 101, "razina": "kvart", "name": "Mikulići", "color": "#bad345", "area_km2": 3.19, "mo_count": 1, "source": "derivirano: MO (data.zagreb.hr) + OSM imena", "jls_name": "Grad Zagreb", "jls_maticni_broj": "01333", "zupanija": "Grad Zagreb", "palette_idx": 4}}, {"type": "Feature", "id": 102, "geometry": {"type": "Polygon", "coordinates": [[[15.969507, 45.80343], [15.969502, 45.803361], [15.966748, 45.802847], [15.964645, 45.802364], [15.964592, 45.802417], [15.964464, 45.802381], [15.966094, 45.804761], [15.964935, 45.805417], [15.961854, 45.807565], [15.962386, 45.808017], [15.962456, 45.808644], [15.96235, 45.80865], [15.962371, 45.808811], [15.962501, 45.808807], [15.962534, 45.8091], [15.963533, 45.809047], [15.963802, 45.809282], [15.964042, 45.809273], [15.964189, 45.80938], [15.964346, 45.809368], [15.964407, 45.810036], [15.964901, 45.809974], [15.964892, 45.809889], [15.965211, 45.809873], [15.965203, 45.809802], [15.965631, 45.809781], [15.96566, 45.809681], [15.966467, 45.809694], [15.966428, 45.809323], [15.966663, 45.809185], [15.966857, 45.809179], [15.966867, 45.80927], [15.967242, 45.809261], [15.967341, 45.809626], [15.967547, 45.809607], [15.967552, 45.809965], [15.968387, 45.809919], [15.968503, 45.810114], [15.968771, 45.810179], [15.969026, 45.810381], [15.969635, 45.810351], [15.969713, 45.810603], [15.969561, 45.81073], [15.969594, 45.81091], [15.970532, 45.810822], [15.970523, 45.810525], [15.97094, 45.810529], [15.970953, 45.810117], [15.971231, 45.810077], [15.971234, 45.809873], [15.971509, 45.809878], [15.971529, 45.809355], [15.971163, 45.80935], [15.971194, 45.8092], [15.970997, 45.80907], [15.971005, 45.808891], [15.97122, 45.808894], [15.971243, 45.808664], [15.971427, 45.808669], [15.971434, 45.808547], [15.971611, 45.808551], [15.971606, 45.807722], [15.971272, 45.807715], [15.971358, 45.80728], [15.97109, 45.807276], [15.97137, 45.807108], [15.971376, 45.80701], [15.97166, 45.807022], [15.971693, 45.8062], [15.971606, 45.806199], [15.97162, 45.805886], [15.971412, 45.805884], [15.971415, 45.80576], [15.971135, 45.805718], [15.971145, 45.805472], [15.973833, 45.805511], [15.974064, 45.804095], [15.973015, 45.804021], [15.969617, 45.803381], [15.969507, 45.80343]]]}, "properties": {"id": 102, "razina": "kvart", "name": "Mimara", "color": "#4590d3", "area_km2": 0.48, "mo_count": 1, "source": "derivirano: MO (data.zagreb.hr) + OSM imena", "jls_name": "Grad Zagreb", "jls_maticni_broj": "01333", "zupanija": "Grad Zagreb", "palette_idx": 2}}, {"type": "Feature", "id": 103, "geometry": {"type": "Polygon", "coordinates": [[[16.045455, 45.867106], [16.045629, 45.866748], [16.046051, 45.866258], [16.046258, 45.866151], [16.046697, 45.866096], [16.047109, 45.865853], [16.04731, 45.865188], [16.047778, 45.864917], [16.047976, 45.864621], [16.048136, 45.863557], [16.048029, 45.863131], [16.048372, 45.861809], [16.047542, 45.861517], [16.047756, 45.8611], [16.047599, 45.860457], [16.047707, 45.860116], [16.047822, 45.860078], [16.047268, 45.85999], [16.046785, 45.859512], [16.046341, 45.858947], [16.046335, 45.85872], [16.045639, 45.857845], [16.045646, 45.857032], [16.045517, 45.856547], [16.04585, 45.855891], [16.045928, 45.855524], [16.045618, 45.855118], [16.045081, 45.853888], [16.045086, 45.853178], [16.045281, 45.852795], [16.045278, 45.852644], [16.045103, 45.852563], [16.045091, 45.852385], [16.042457, 45.8545], [16.041615, 45.854225], [16.040914, 45.854728], [16.040589, 45.855368], [16.039749, 45.85516], [16.039612, 45.855626], [16.038984, 45.856136], [16.039256, 45.856343], [16.039301, 45.856492], [16.039114, 45.857069], [16.036938, 45.856959], [16.03612, 45.857012], [16.035901, 45.857234], [16.035715, 45.857213], [16.035621, 45.857472], [16.03498, 45.857253], [16.035115, 45.857822], [16.035556, 45.858273], [16.035469, 45.859428], [16.034836, 45.859802], [16.034593, 45.860064], [16.034323, 45.860679], [16.033448, 45.86167], [16.032599, 45.862935], [16.032372, 45.864225], [16.032631, 45.864283], [16.032415, 45.864769], [16.031241, 45.86445], [16.030591, 45.864375], [16.029817, 45.864842], [16.029455, 45.864953], [16.028275, 45.865713], [16.028142, 45.866176], [16.02832, 45.866854], [16.028176, 45.86721], [16.027819, 45.867436], [16.027593, 45.867894], [16.026995, 45.86805], [16.026545, 45.869053], [16.025943, 45.869878], [16.02519, 45.870372], [16.024103, 45.870773], [16.023397, 45.871577], [16.02281, 45.872031], [16.02253, 45.872679], [16.022548, 45.872888], [16.022619, 45.873022], [16.025327, 45.873633], [16.025433, 45.873402], [16.025761, 45.873548], [16.02669, 45.874349], [16.026667, 45.874421], [16.028398, 45.874686], [16.028367, 45.874609], [16.029701, 45.874749], [16.032329, 45.874502], [16.032722, 45.874781], [16.033246, 45.874888], [16.03336, 45.875974], [16.033468, 45.87597], [16.033527, 45.876112], [16.033493, 45.876239], [16.033351, 45.876229], [16.033305, 45.876294], [16.033606, 45.876678], [16.033328, 45.876757], [16.033028, 45.876711], [16.032819, 45.877106], [16.032633, 45.87777], [16.033166, 45.878169], [16.033194, 45.878345], [16.032931, 45.878899], [16.032536, 45.879271], [16.032546, 45.87954], [16.034379, 45.879501], [16.034627, 45.880452], [16.035293, 45.88164], [16.035246, 45.881907], [16.0366, 45.881823], [16.036665, 45.880284], [16.037712, 45.880019], [16.038063, 45.880044], [16.03794, 45.87953], [16.037369, 45.879671], [16.037136, 45.879407], [16.03673, 45.879541], [16.036176, 45.878309], [16.036427, 45.877789], [16.036755, 45.877847], [16.037118, 45.877332], [16.037314, 45.877436], [16.038526, 45.877584], [16.038704, 45.877317], [16.038723, 45.876664], [16.039645, 45.876685], [16.040276, 45.876849], [16.040258, 45.876923], [16.040777, 45.877032], [16.040749, 45.876817], [16.041463, 45.876006], [16.042165, 45.874667], [16.042774, 45.874247], [16.043004, 45.873883], [16.043262, 45.872733], [16.043466, 45.872263], [16.043382, 45.871537], [16.043487, 45.87118], [16.043775, 45.870865], [16.044192, 45.870704], [16.044065, 45.870051], [16.044236, 45.869723], [16.044301, 45.869021], [16.044444, 45.868764], [16.044293, 45.868035], [16.044623, 45.867706], [16.045035, 45.86758], [16.045455, 45.867106]]]}, "properties": {"id": 103, "razina": "kvart", "name": "Miroševec", "color": "#d34567", "area_km2": 2.91, "mo_count": 1, "source": "derivirano: MO (data.zagreb.hr) + OSM imena", "jls_name": "Grad Zagreb", "jls_maticni_broj": "01333", "zupanija": "Grad Zagreb", "palette_idx": 2}}, {"type": "Feature", "id": 104, "geometry": {"type": "Polygon", "coordinates": [[[15.96057, 45.846225], [15.95994, 45.845129], [15.959692, 45.845163], [15.958668, 45.845559], [15.958267, 45.845617], [15.957998, 45.845521], [15.957747, 45.845587], [15.95777, 45.845673], [15.957184, 45.845986], [15.955596, 45.846566], [15.956483, 45.847198], [15.95619, 45.847484], [15.956444, 45.847608], [15.955918, 45.848085], [15.955743, 45.847998], [15.955557, 45.848265], [15.955673, 45.848328], [15.955006, 45.848969], [15.954624, 45.848755], [15.954401, 45.848912], [15.955173, 45.849419], [15.954491, 45.849514], [15.954367, 45.849655], [15.954323, 45.849955], [15.953973, 45.849611], [15.95374, 45.849751], [15.954152, 45.850088], [15.953894, 45.850211], [15.954656, 45.850928], [15.955808, 45.850323], [15.956641, 45.850131], [15.957157, 45.849846], [15.957456, 45.849811], [15.957827, 45.850141], [15.957964, 45.8504], [15.9585, 45.850616], [15.95859, 45.850521], [15.958972, 45.850737], [15.958774, 45.850919], [15.959294, 45.851149], [15.959234, 45.851225], [15.959678, 45.851429], [15.960161, 45.850904], [15.96024, 45.850956], [15.960498, 45.850685], [15.960368, 45.850603], [15.961327, 45.849928], [15.961754, 45.849747], [15.962024, 45.850006], [15.96298, 45.849501], [15.963539, 45.848759], [15.963914, 45.848687], [15.96382, 45.848192], [15.96421, 45.848149], [15.964178, 45.84832], [15.96505, 45.848313], [15.965107, 45.848541], [15.965363, 45.848438], [15.965455, 45.848632], [15.966372, 45.848365], [15.966596, 45.847737], [15.96803, 45.847802], [15.96803, 45.848145], [15.968857, 45.848449], [15.969182, 45.848078], [15.969635, 45.847756], [15.96947, 45.847462], [15.9698, 45.847299], [15.970153, 45.846963], [15.970467, 45.846559], [15.970368, 45.846352], [15.970644, 45.846346], [15.971615, 45.845517], [15.971782, 45.845236], [15.972052, 45.845012], [15.97203, 45.844761], [15.972747, 45.844305], [15.972982, 45.843856], [15.973321, 45.843625], [15.973393, 45.843314], [15.973728, 45.843199], [15.973401, 45.843051], [15.973331, 45.842844], [15.97295, 45.84324], [15.972691, 45.843127], [15.972813, 45.842982], [15.971889, 45.842551], [15.971732, 45.84268], [15.971107, 45.842386], [15.970781, 45.842443], [15.97023, 45.842665], [15.969588, 45.843095], [15.969585, 45.843212], [15.969695, 45.843212], [15.969724, 45.843358], [15.969989, 45.843624], [15.970045, 45.843865], [15.96997, 45.843828], [15.969496, 45.844399], [15.969259, 45.844473], [15.96871, 45.844218], [15.968519, 45.843925], [15.968127, 45.843864], [15.967761, 45.843972], [15.967969, 45.844564], [15.967273, 45.844634], [15.96689, 45.84454], [15.966012, 45.844596], [15.966003, 45.845003], [15.965717, 45.845015], [15.965672, 45.844469], [15.965351, 45.844481], [15.965321, 45.84473], [15.964939, 45.844762], [15.965047, 45.845465], [15.964752, 45.845486], [15.964025, 45.845749], [15.963994, 45.845661], [15.963572, 45.845706], [15.963191, 45.845592], [15.963089, 45.8453], [15.962046, 45.845561], [15.962076, 45.845751], [15.96057, 45.846225]]]}, "properties": {"id": 104, "razina": "kvart", "name": "Mlinovi", "color": "#45d34d", "area_km2": 0.59, "mo_count": 1, "source": "derivirano: MO (data.zagreb.hr) + OSM imena", "jls_name": "Grad Zagreb", "jls_maticni_broj": "01333", "zupanija": "Grad Zagreb", "palette_idx": 3}}, {"type": "Feature", "id": 105, "geometry": {"type": "Polygon", "coordinates": [[[16.173489, 45.925076], [16.173679, 45.923727], [16.173812, 45.923583], [16.174448, 45.92332], [16.174647, 45.923154], [16.174808, 45.922932], [16.174833, 45.922494], [16.174354, 45.921474], [16.173451, 45.920846], [16.173204, 45.920147], [16.173053, 45.918914], [16.174062, 45.91753], [16.174456, 45.916355], [16.174844, 45.916175], [16.176488, 45.915982], [16.177084, 45.915842], [16.178994, 45.915912], [16.179294, 45.91586], [16.180177, 45.915485], [16.179649, 45.915298], [16.179143, 45.914928], [16.180361, 45.914169], [16.180537, 45.913946], [16.180524, 45.913773], [16.180448, 45.913652], [16.180047, 45.913533], [16.179583, 45.913219], [16.179614, 45.912771], [16.179386, 45.912385], [16.178842, 45.911812], [16.178709, 45.911118], [16.17799, 45.910787], [16.177469, 45.91043], [16.177132, 45.910501], [16.176642, 45.91145], [16.176321, 45.91165], [16.175909, 45.911836], [16.175071, 45.911888], [16.174972, 45.911975], [16.175102, 45.912679], [16.174227, 45.91341], [16.173463, 45.913736], [16.173202, 45.9141], [16.172676, 45.91452], [16.172344, 45.914583], [16.171996, 45.914766], [16.17145, 45.914529], [16.170442, 45.914973], [16.169902, 45.914773], [16.169482, 45.914757], [16.167667, 45.915118], [16.1673, 45.915479], [16.167291, 45.915588], [16.166255, 45.916252], [16.165995, 45.916158], [16.165893, 45.916338], [16.165473, 45.916627], [16.165015, 45.916716], [16.164729, 45.916862], [16.164215, 45.916697], [16.164032, 45.917574], [16.163614, 45.918448], [16.163562, 45.919156], [16.163354, 45.91948], [16.16242, 45.920422], [16.16234, 45.920662], [16.16252, 45.921868], [16.16227, 45.922712], [16.162317, 45.923023], [16.163202, 45.924287], [16.163316, 45.924815], [16.162744, 45.925137], [16.162175, 45.925229], [16.163133, 45.925753], [16.163172, 45.926121], [16.163724, 45.926714], [16.163482, 45.928154], [16.163618, 45.928677], [16.163582, 45.92892], [16.163331, 45.929468], [16.162793, 45.93003], [16.162759, 45.930238], [16.162924, 45.930642], [16.163685, 45.931471], [16.16357, 45.931809], [16.163067, 45.932576], [16.16307, 45.933238], [16.162765, 45.933539], [16.162234, 45.933577], [16.162019, 45.933701], [16.161839, 45.9341], [16.161665, 45.934198], [16.160967, 45.93442], [16.160248, 45.934465], [16.159574, 45.934619], [16.159176, 45.935195], [16.158351, 45.935731], [16.158143, 45.936147], [16.15809, 45.93677], [16.157872, 45.936938], [16.156436, 45.937141], [16.155607, 45.936994], [16.155402, 45.936769], [16.155707, 45.93651], [16.155973, 45.936094], [16.155613, 45.936002], [16.155569, 45.936047], [16.155326, 45.935917], [16.155093, 45.936189], [16.154583, 45.935966], [16.154226, 45.936268], [16.153908, 45.936963], [16.153356, 45.936851], [16.153127, 45.936913], [16.153622, 45.937206], [16.153442, 45.937728], [16.15369, 45.938029], [16.153747, 45.938353], [16.153611, 45.938394], [16.153444, 45.938638], [16.153038, 45.938934], [16.152637, 45.938942], [16.153121, 45.939172], [16.153322, 45.939565], [16.153001, 45.940635], [16.153428, 45.941752], [16.152375, 45.943158], [16.152007, 45.943371], [16.151176, 45.944177], [16.150477, 45.945044], [16.150353, 45.945906], [16.149909, 45.947257], [16.14976, 45.947478], [16.14949, 45.947661], [16.149393, 45.947999], [16.149726, 45.94864], [16.149629, 45.949538], [16.149853, 45.949864], [16.149781, 45.950527], [16.1499, 45.950824], [16.149764, 45.951191], [16.149558, 45.951565], [16.148273, 45.952661], [16.148013, 45.953498], [16.147822, 45.953797], [16.147184, 45.954315], [16.147007, 45.954739], [16.146506, 45.955357], [16.146263, 45.95583], [16.145741, 45.956358], [16.144655, 45.957224], [16.143844, 45.957272], [16.143384, 45.95779], [16.142885, 45.958156], [16.142493, 45.95833], [16.142217, 45.958724], [16.142125, 45.959181], [16.142413, 45.960018], [16.142189, 45.960817], [16.141618, 45.961296], [16.13975, 45.962093], [16.138267, 45.963198], [16.138319, 45.963636], [16.137421, 45.964727], [16.137249, 45.965168], [16.137586, 45.965603], [16.137866, 45.966578], [16.138201, 45.967267], [16.138975, 45.967875], [16.14008, 45.967951], [16.140972, 45.967866], [16.141274, 45.967776], [16.141703, 45.967777], [16.142379, 45.968331], [16.142628, 45.968421], [16.1435, 45.968316], [16.144436, 45.96781], [16.145237, 45.968031], [16.147593, 45.968239], [16.148441, 45.96839], [16.14883, 45.96863], [16.149508, 45.968691], [16.150392, 45.967495], [16.151283, 45.967441], [16.15198, 45.967756], [16.152621, 45.967846], [16.153171, 45.967518], [16.153877, 45.967524], [16.154554, 45.968029], [16.154814, 45.968774], [16.155051, 45.969085], [16.155192, 45.969008], [16.155419, 45.968656], [16.155472, 45.96809], [16.155701, 45.967501], [16.155889, 45.966501], [16.156226, 45.966033], [16.155948, 45.965411], [16.156177, 45.964771], [16.156293, 45.963196], [16.156046, 45.962704], [16.156321, 45.961242], [16.156231, 45.960619], [16.156704, 45.960264], [16.158713, 45.959329], [16.159332, 45.959211], [16.160011, 45.958974], [16.161597, 45.95793], [16.163141, 45.957472], [16.163537, 45.957155], [16.163931, 45.956162], [16.164361, 45.956102], [16.165312, 45.95578], [16.165771, 45.955503], [16.165555, 45.95486], [16.165302, 45.95448], [16.165308, 45.95422], [16.165472, 45.953467], [16.165855, 45.953117], [16.16602, 45.953082], [16.166177, 45.952354], [16.166432, 45.952042], [16.166684, 45.951886], [16.166673, 45.951448], [16.166092, 45.950771], [16.166194, 45.950138], [16.166076, 45.949812], [16.166586, 45.949289], [16.166923, 45.949153], [16.166978, 45.948728], [16.166848, 45.948185], [16.166947, 45.947705], [16.166371, 45.946743], [16.166803, 45.946175], [16.166795, 45.945856], [16.167054, 45.945337], [16.167094, 45.944969], [16.167283, 45.944681], [16.168098, 45.944303], [16.168629, 45.944158], [16.169203, 45.94411], [16.171989, 45.942337], [16.172413, 45.94175], [16.172721, 45.941505], [16.17306, 45.940841], [16.173019, 45.940301], [16.172697, 45.939643], [16.172235, 45.939231], [16.171831, 45.938712], [16.172078, 45.937306], [16.171803, 45.936499], [16.172258, 45.935936], [16.172346, 45.935306], [16.172829, 45.934667], [16.172952, 45.934074], [16.172917, 45.933154], [16.173166, 45.932443], [16.172779, 45.932015], [16.17271, 45.931587], [16.17302, 45.930096], [16.172967, 45.929154], [16.173287, 45.927087], [16.173188, 45.926747], [16.173191, 45.925867], [16.173489, 45.925076]]]}, "properties": {"id": 105, "razina": "kvart", "name": "Moravče", "color": "#7745d3", "area_km2": 6.96, "mo_count": 1, "source": "derivirano: MO (data.zagreb.hr) + OSM imena", "jls_name": "Grad Zagreb", "jls_maticni_broj": "01333", "zupanija": "Grad Zagreb", "palette_idx": 1}}, {"type": "Feature", "id": 106, "geometry": {"type": "Polygon", "coordinates": [[[15.98984, 45.810187], [15.98959, 45.810182], [15.989572, 45.81039], [15.988706, 45.810366], [15.9887, 45.810516], [15.988555, 45.810585], [15.988526, 45.81094], [15.988282, 45.810902], [15.988162, 45.811015], [15.987939, 45.811007], [15.987829, 45.810808], [15.987399, 45.810793], [15.987385, 45.810984], [15.987021, 45.810973], [15.986935, 45.811901], [15.987166, 45.811911], [15.987203, 45.812355], [15.987826, 45.812381], [15.987798, 45.812589], [15.987392, 45.812571], [15.987226, 45.813856], [15.99096, 45.81402], [15.991001, 45.813594], [15.990832, 45.813588], [15.990855, 45.813323], [15.990222, 45.813354], [15.990235, 45.813228], [15.989826, 45.813214], [15.989886, 45.812145], [15.990013, 45.812015], [15.990311, 45.812027], [15.990275, 45.811667], [15.990436, 45.811532], [15.990469, 45.81132], [15.98991, 45.811274], [15.989953, 45.810708], [15.990122, 45.810715], [15.990152, 45.810386], [15.98984, 45.810187]]]}, "properties": {"id": 106, "razina": "kvart", "name": "Nadbiskup Antun Bauer", "color": "#d3a045", "area_km2": 0.09, "mo_count": 1, "source": "derivirano: MO (data.zagreb.hr) + OSM imena", "jls_name": "Grad Zagreb", "jls_maticni_broj": "01333", "zupanija": "Grad Zagreb", "palette_idx": 3}}, {"type": "Feature", "id": 107, "geometry": {"type": "Polygon", "coordinates": [[[16.115207, 45.809643], [16.101067, 45.809781], [16.101019, 45.810311], [16.101136, 45.810328], [16.101489, 45.812576], [16.101385, 45.81272], [16.101572, 45.813022], [16.115294, 45.812962], [16.115207, 45.809643]]]}, "properties": {"id": 107, "razina": "kvart", "name": "Novi Jelkovec", "color": "#45d3ca", "area_km2": 0.4, "mo_count": 1, "source": "derivirano: MO (data.zagreb.hr) + OSM imena", "jls_name": "Grad Zagreb", "jls_maticni_broj": "01333", "zupanija": "Grad Zagreb", "palette_idx": 0}}, {"type": "Feature", "id": 108, "geometry": {"type": "Polygon", "coordinates": [[[16.098304, 45.826745], [16.087305, 45.824925], [16.087414, 45.82497], [16.087468, 45.825196], [16.087, 45.825702], [16.087024, 45.826091], [16.085097, 45.826493], [16.08118, 45.827], [16.08142, 45.829241], [16.081492, 45.8293], [16.081911, 45.829079], [16.082208, 45.828734], [16.08236, 45.828775], [16.082402, 45.828697], [16.083051, 45.829075], [16.08275, 45.829601], [16.082933, 45.829588], [16.08312, 45.830054], [16.084205, 45.832855], [16.084245, 45.833145], [16.084106, 45.833181], [16.084477, 45.834043], [16.086067, 45.834109], [16.086484, 45.833902], [16.086879, 45.833917], [16.086998, 45.833851], [16.087399, 45.834046], [16.08789, 45.834173], [16.08912, 45.833393], [16.089627, 45.832607], [16.089898, 45.832423], [16.092828, 45.831591], [16.093057, 45.831339], [16.093066, 45.829938], [16.093614, 45.82971], [16.093908, 45.829233], [16.093931, 45.828826], [16.094149, 45.828559], [16.094547, 45.828467], [16.094809, 45.828117], [16.094822, 45.827931], [16.094985, 45.827916], [16.095258, 45.828055], [16.095457, 45.827775], [16.096132, 45.827639], [16.09652, 45.827679], [16.096863, 45.827502], [16.097136, 45.827015], [16.098304, 45.826745]]]}, "properties": {"id": 108, "razina": "kvart", "name": "Novo Brestje", "color": "#d345b4", "area_km2": 0.72, "mo_count": 1, "source": "derivirano: MO (data.zagreb.hr) + OSM imena", "jls_name": "Grad Zagreb", "jls_maticni_broj": "01333", "zupanija": "Grad Zagreb", "palette_idx": 4}}, {"type": "Feature", "id": 109, "geometry": {"type": "Polygon", "coordinates": [[[16.078567, 45.838545], [16.077401, 45.836995], [16.077295, 45.83674], [16.07685, 45.836873], [16.076634, 45.837137], [16.076137, 45.837181], [16.075803, 45.837116], [16.075628, 45.837238], [16.075226, 45.837245], [16.074941, 45.837632], [16.074523, 45.837843], [16.074515, 45.838005], [16.074071, 45.838636], [16.073763, 45.838818], [16.073757, 45.839051], [16.073601, 45.839162], [16.073662, 45.839546], [16.073437, 45.839557], [16.073249, 45.839706], [16.072661, 45.83986], [16.072529, 45.840003], [16.072154, 45.839977], [16.071921, 45.840244], [16.071906, 45.840398], [16.07143, 45.840694], [16.071477, 45.840881], [16.071139, 45.841039], [16.071151, 45.841168], [16.07092, 45.841232], [16.070884, 45.841385], [16.071094, 45.841502], [16.070794, 45.841978], [16.070832, 45.84215], [16.070505, 45.842284], [16.070501, 45.842456], [16.07034, 45.84248], [16.069932, 45.842758], [16.07006, 45.843016], [16.069845, 45.84333], [16.069909, 45.843826], [16.069681, 45.8441], [16.069737, 45.844225], [16.069972, 45.84427], [16.069866, 45.844582], [16.070313, 45.844968], [16.070199, 45.84576], [16.070476, 45.846518], [16.070551, 45.847377], [16.070692, 45.847501], [16.071989, 45.847895], [16.072564, 45.848546], [16.073028, 45.848888], [16.072926, 45.849013], [16.072967, 45.849471], [16.073568, 45.849964], [16.074574, 45.850496], [16.074875, 45.851333], [16.074846, 45.851665], [16.075462, 45.853473], [16.07506, 45.853522], [16.07522, 45.854297], [16.075627, 45.854263], [16.075624, 45.854391], [16.076321, 45.854555], [16.076462, 45.854702], [16.076465, 45.854814], [16.075781, 45.855627], [16.076373, 45.855861], [16.076639, 45.856119], [16.076694, 45.856313], [16.077668, 45.856798], [16.077024, 45.856725], [16.076257, 45.856517], [16.076438, 45.857173], [16.076142, 45.857187], [16.076252, 45.857757], [16.075748, 45.858466], [16.0762, 45.858611], [16.077115, 45.858684], [16.077048, 45.858915], [16.077452, 45.858946], [16.078896, 45.860025], [16.078529, 45.860182], [16.078398, 45.860071], [16.078133, 45.860185], [16.078061, 45.860089], [16.077934, 45.860118], [16.078131, 45.86061], [16.078539, 45.861015], [16.077944, 45.860958], [16.077931, 45.86142], [16.077545, 45.861347], [16.076907, 45.862128], [16.077608, 45.862664], [16.077863, 45.863073], [16.077825, 45.863134], [16.07751, 45.863167], [16.077373, 45.863549], [16.077542, 45.863517], [16.077589, 45.863625], [16.077886, 45.863778], [16.07915, 45.864075], [16.079382, 45.863983], [16.079609, 45.864206], [16.078919, 45.864443], [16.078975, 45.864516], [16.078777, 45.864636], [16.078582, 45.864678], [16.078499, 45.864574], [16.077763, 45.864724], [16.077967, 45.865257], [16.078379, 45.865529], [16.078396, 45.865924], [16.078618, 45.866022], [16.078636, 45.866214], [16.079826, 45.865998], [16.079643, 45.866275], [16.079817, 45.866294], [16.080067, 45.866488], [16.080275, 45.866836], [16.080851, 45.866797], [16.081229, 45.866048], [16.081602, 45.86614], [16.081762, 45.865984], [16.081637, 45.865408], [16.081731, 45.864872], [16.082085, 45.864638], [16.082989, 45.864302], [16.083504, 45.863867], [16.083569, 45.863722], [16.083494, 45.863131], [16.083608, 45.863012], [16.084273, 45.862717], [16.085009, 45.861511], [16.085441, 45.861129], [16.087426, 45.860565], [16.088214, 45.860848], [16.089532, 45.860929], [16.090482, 45.860838], [16.091054, 45.860857], [16.091898, 45.860674], [16.093063, 45.860771], [16.093326, 45.860729], [16.093741, 45.860547], [16.094108, 45.859963], [16.095055, 45.859369], [16.095166, 45.859004], [16.096407, 45.858017], [16.096833, 45.857265], [16.096962, 45.85612], [16.097367, 45.855472], [16.097471, 45.854745], [16.097362, 45.854514], [16.097353, 45.853893], [16.096721, 45.852621], [16.096937, 45.852459], [16.097351, 45.852318], [16.097439, 45.852054], [16.097427, 45.850902], [16.09785, 45.850141], [16.097733, 45.849793], [16.097992, 45.84951], [16.098038, 45.849269], [16.098563, 45.848774], [16.098714, 45.848441], [16.099466, 45.847999], [16.099899, 45.847889], [16.100002, 45.847721], [16.09986, 45.847471], [16.098262, 45.846489], [16.097761, 45.845837], [16.097564, 45.845735], [16.097366, 45.845824], [16.09564, 45.845458], [16.09399, 45.844826], [16.09347, 45.844418], [16.093059, 45.844288], [16.0919, 45.8441], [16.091401, 45.844259], [16.090294, 45.844364], [16.088749, 45.843856], [16.087441, 45.843329], [16.087119, 45.843629], [16.086331, 45.842743], [16.08547, 45.84244], [16.084076, 45.842258], [16.08342, 45.842274], [16.082906, 45.842128], [16.082344, 45.842104], [16.081609, 45.84216], [16.080852, 45.842426], [16.08071, 45.842565], [16.080083, 45.842599], [16.079657, 45.842912], [16.079524, 45.842862], [16.079746, 45.842713], [16.079733, 45.84261], [16.079656, 45.84261], [16.079713, 45.842508], [16.079401, 45.842237], [16.079318, 45.841957], [16.079211, 45.841975], [16.079037, 45.841619], [16.07909, 45.84145], [16.078812, 45.841185], [16.07888, 45.840693], [16.078812, 45.839282], [16.078567, 45.838545]]]}, "properties": {"id": 109, "razina": "kvart", "name": "Novoselec", "color": "#8ad345", "area_km2": 4.03, "mo_count": 1, "source": "derivirano: MO (data.zagreb.hr) + OSM imena", "jls_name": "Grad Zagreb", "jls_maticni_broj": "01333", "zupanija": "Grad Zagreb", "palette_idx": 4}}, {"type": "Feature", "id": 110, "geometry": {"type": "Polygon", "coordinates": [[[15.984395, 45.717473], [15.983361, 45.716824], [15.983589, 45.716354], [15.983473, 45.716241], [15.984427, 45.715861], [15.985006, 45.715518], [15.985099, 45.715602], [15.985207, 45.715536], [15.985796, 45.715747], [15.986245, 45.715513], [15.986616, 45.715457], [15.987688, 45.714979], [15.98755, 45.714713], [15.987837, 45.714419], [15.987355, 45.714262], [15.987312, 45.714175], [15.987379, 45.713995], [15.98756, 45.71391], [15.987531, 45.713642], [15.986515, 45.713048], [15.985731, 45.712291], [15.985231, 45.711619], [15.984526, 45.711227], [15.98436, 45.710455], [15.973436, 45.71307], [15.975845, 45.715064], [15.977372, 45.716902], [15.976721, 45.717208], [15.977618, 45.718131], [15.977701, 45.718963], [15.977895, 45.719313], [15.977837, 45.719351], [15.977939, 45.719383], [15.977821, 45.719529], [15.978052, 45.719563], [15.978286, 45.719729], [15.978525, 45.719726], [15.979579, 45.720077], [15.981084, 45.720782], [15.98187, 45.721367], [15.982263, 45.721791], [15.98269, 45.722023], [15.983488, 45.722228], [15.984069, 45.722237], [15.984023, 45.723241], [15.984155, 45.724572], [15.982165, 45.725819], [15.981878, 45.726039], [15.981849, 45.72624], [15.982136, 45.726514], [15.983049, 45.727915], [15.984069, 45.728456], [15.98458, 45.72886], [15.985251, 45.729941], [15.985751, 45.729963], [15.984341, 45.730509], [15.98322, 45.731105], [15.981958, 45.732045], [15.981043, 45.732553], [15.981043, 45.732666], [15.982748, 45.734334], [15.98391, 45.736167], [15.983993, 45.736716], [15.983933, 45.737345], [15.983587, 45.737936], [15.983822, 45.738394], [15.982865, 45.739062], [15.982543, 45.739464], [15.982389, 45.740105], [15.981686, 45.741169], [15.98131, 45.742057], [15.981319, 45.742569], [15.982762, 45.743843], [15.998119, 45.7389], [15.999299, 45.740685], [15.999703, 45.741571], [16.000733, 45.741499], [16.006525, 45.737373], [16.005807, 45.736272], [16.005738, 45.736295], [16.004455, 45.734788], [16.00417, 45.734881], [16.002937, 45.733422], [16.001865, 45.731308], [16.000709, 45.731465], [16.000814, 45.730715], [16.000621, 45.730696], [16.000699, 45.730204], [16.000588, 45.730182], [16.000406, 45.729338], [16.000142, 45.727615], [15.998629, 45.727929], [15.997951, 45.726043], [15.99813, 45.725979], [15.995045, 45.722706], [15.994973, 45.722736], [15.993905, 45.721106], [15.991666, 45.721786], [15.990783, 45.72045], [15.988332, 45.721225], [15.986256, 45.718061], [15.985612, 45.717604], [15.985541, 45.717329], [15.985047, 45.717262], [15.984395, 45.717473]]]}, "properties": {"id": 110, "razina": "kvart", "name": "Odra", "color": "#4561d3", "area_km2": 3.91, "mo_count": 1, "source": "derivirano: MO (data.zagreb.hr) + OSM imena", "jls_name": "Grad Zagreb", "jls_maticni_broj": "01333", "zupanija": "Grad Zagreb", "palette_idx": 3}}, {"type": "Feature", "id": 111, "geometry": {"type": "Polygon", "coordinates": [[[15.926588, 45.67625], [15.926677, 45.676429], [15.926584, 45.676528], [15.925616, 45.676623], [15.925106, 45.676313], [15.925066, 45.676168], [15.925912, 45.67608], [15.926079, 45.676033], [15.926119, 45.675919], [15.925835, 45.675847], [15.925571, 45.675999], [15.92516, 45.675975], [15.925127, 45.675867], [15.925444, 45.675551], [15.9254, 45.67541], [15.925046, 45.675472], [15.924785, 45.675651], [15.924315, 45.67526], [15.92432, 45.675143], [15.924061, 45.675089], [15.924016, 45.675136], [15.924174, 45.675236], [15.924363, 45.675578], [15.924306, 45.675793], [15.924099, 45.675678], [15.924072, 45.675534], [15.923891, 45.675406], [15.923509, 45.675373], [15.923345, 45.675594], [15.923521, 45.675873], [15.923448, 45.675943], [15.922699, 45.675727], [15.922653, 45.675584], [15.922817, 45.675604], [15.923282, 45.675249], [15.922801, 45.675206], [15.922264, 45.675387], [15.922454, 45.674747], [15.922233, 45.674787], [15.922094, 45.675103], [15.921878, 45.675125], [15.921505, 45.675089], [15.921394, 45.674939], [15.921377, 45.674575], [15.921191, 45.674716], [15.920833, 45.674669], [15.920561, 45.67473], [15.920272, 45.674519], [15.920266, 45.674331], [15.92086, 45.674303], [15.920633, 45.674079], [15.920698, 45.673937], [15.921107, 45.67395], [15.921536, 45.673783], [15.921466, 45.673331], [15.921091, 45.673274], [15.921078, 45.673584], [15.920944, 45.673677], [15.920652, 45.67355], [15.920815, 45.673261], [15.920761, 45.673082], [15.920665, 45.673062], [15.920707, 45.673221], [15.920502, 45.673362], [15.920269, 45.673109], [15.920179, 45.672804], [15.920069, 45.672943], [15.919938, 45.672964], [15.919838, 45.672879], [15.919894, 45.672731], [15.919735, 45.672808], [15.919521, 45.672714], [15.919275, 45.672944], [15.918543, 45.672827], [15.918474, 45.673286], [15.918145, 45.673368], [15.91804, 45.673308], [15.918108, 45.673119], [15.917862, 45.673039], [15.917951, 45.673231], [15.917529, 45.673298], [15.917447, 45.673415], [15.917541, 45.673722], [15.916526, 45.674044], [15.916493, 45.67417], [15.916725, 45.674308], [15.916807, 45.674125], [15.917208, 45.673975], [15.917389, 45.674289], [15.917235, 45.674438], [15.917017, 45.674461], [15.91659, 45.674854], [15.916398, 45.674898], [15.916295, 45.674778], [15.91641, 45.674554], [15.916368, 45.67445], [15.916061, 45.674526], [15.91568, 45.674469], [15.915535, 45.674345], [15.915321, 45.6743], [15.914766, 45.67441], [15.914604, 45.674367], [15.914547, 45.674324], [15.914727, 45.674157], [15.914752, 45.67383], [15.914674, 45.673782], [15.914639, 45.674073], [15.914408, 45.674275], [15.914308, 45.674252], [15.914355, 45.674099], [15.914129, 45.673689], [15.913732, 45.673654], [15.91309, 45.673833], [15.912965, 45.673739], [15.912956, 45.673563], [15.913101, 45.673353], [15.913282, 45.673264], [15.913327, 45.673098], [15.913282, 45.673049], [15.913032, 45.673316], [15.912381, 45.673308], [15.912236, 45.673077], [15.912423, 45.673076], [15.912646, 45.673183], [15.912665, 45.672917], [15.912488, 45.672911], [15.912212, 45.672532], [15.912113, 45.672518], [15.912023, 45.672625], [15.91215, 45.672911], [15.912036, 45.673295], [15.911701, 45.67334], [15.911804, 45.673103], [15.91172, 45.672907], [15.911596, 45.67292], [15.911396, 45.673108], [15.911278, 45.673091], [15.911024, 45.6735], [15.910465, 45.673745], [15.909894, 45.674157], [15.909725, 45.674661], [15.908951, 45.675194], [15.911305, 45.675818], [15.912835, 45.676088], [15.912675, 45.676541], [15.912744, 45.677195], [15.912547, 45.677552], [15.91382, 45.677956], [15.913879, 45.678058], [15.913757, 45.678359], [15.913347, 45.67861], [15.913992, 45.678773], [15.914997, 45.678656], [15.915352, 45.679867], [15.915069, 45.680083], [15.915579, 45.68049], [15.915611, 45.680757], [15.915384, 45.68094], [15.92512, 45.695201], [15.931674, 45.705931], [15.930661, 45.706135], [15.927524, 45.705881], [15.927937, 45.706539], [15.927798, 45.707203], [15.927739, 45.708485], [15.927922, 45.709305], [15.925605, 45.71114], [15.92579, 45.711447], [15.924248, 45.712164], [15.924616, 45.712416], [15.924322, 45.71269], [15.923661, 45.713071], [15.922857, 45.714384], [15.923438, 45.71555], [15.923569, 45.716475], [15.924604, 45.71761], [15.922601, 45.718475], [15.922931, 45.71861], [15.92086, 45.71978], [15.92105, 45.720009], [15.921273, 45.720728], [15.921649, 45.721386], [15.921057, 45.721572], [15.920581, 45.721902], [15.920179, 45.722067], [15.921192, 45.722947], [15.921656, 45.723621], [15.921953, 45.723795], [15.922172, 45.723801], [15.922074, 45.723874], [15.92463, 45.724143], [15.924609, 45.724261], [15.925261, 45.724986], [15.929685, 45.733718], [15.931928, 45.731455], [15.933626, 45.729921], [15.936051, 45.727942], [15.938829, 45.725925], [15.94154, 45.724178], [15.94428, 45.7226], [15.947295, 45.721051], [15.949985, 45.719819], [15.952534, 45.718777], [15.955647, 45.717638], [15.958003, 45.716872], [15.96145, 45.715876], [15.98436, 45.710455], [15.984252, 45.710347], [15.983886, 45.710239], [15.983174, 45.710337], [15.98297, 45.710302], [15.982688, 45.71021], [15.982327, 45.709848], [15.982412, 45.709152], [15.982192, 45.708813], [15.981891, 45.707003], [15.982026, 45.706372], [15.981753, 45.705983], [15.98182, 45.705703], [15.981722, 45.705465], [15.980961, 45.704468], [15.980739, 45.704038], [15.9802, 45.704165], [15.980028, 45.704023], [15.979484, 45.704068], [15.979251, 45.70399], [15.979268, 45.70387], [15.97952, 45.703782], [15.97956, 45.703653], [15.979473, 45.70358], [15.979235, 45.703577], [15.97919, 45.703414], [15.978852, 45.703392], [15.978859, 45.703302], [15.979024, 45.703231], [15.97897, 45.702939], [15.97865, 45.703093], [15.978633, 45.70344], [15.978954, 45.703768], [15.978402, 45.704014], [15.978517, 45.70424], [15.978452, 45.704493], [15.978299, 45.704514], [15.978253, 45.704308], [15.977584, 45.704276], [15.977535, 45.704162], [15.977715, 45.703991], [15.977005, 45.703603], [15.976927, 45.703333], [15.976446, 45.703041], [15.976649, 45.702825], [15.976479, 45.702405], [15.976545, 45.702102], [15.976477, 45.701666], [15.976234, 45.701529], [15.976175, 45.7013], [15.975833, 45.70129], [15.975734, 45.701195], [15.975995, 45.701041], [15.975825, 45.700774], [15.975328, 45.700757], [15.975294, 45.700452], [15.975037, 45.700249], [15.974914, 45.700251], [15.974379, 45.700581], [15.974235, 45.700362], [15.973644, 45.70013], [15.97347, 45.700378], [15.973274, 45.700485], [15.97289, 45.70037], [15.972843, 45.700517], [15.97234, 45.700585], [15.972243, 45.700338], [15.971415, 45.699684], [15.971371, 45.699179], [15.970645, 45.698998], [15.970612, 45.698904], [15.970833, 45.69861], [15.970378, 45.698666], [15.970492, 45.698329], [15.970279, 45.698281], [15.970123, 45.6985], [15.969892, 45.6986], [15.969845, 45.698438], [15.969476, 45.698336], [15.969654, 45.698016], [15.969402, 45.698069], [15.969224, 45.697745], [15.969076, 45.697731], [15.96876, 45.69795], [15.968554, 45.697913], [15.968475, 45.697782], [15.96868, 45.697757], [15.968806, 45.697654], [15.968508, 45.697597], [15.968528, 45.697399], [15.968377, 45.697114], [15.968237, 45.697087], [15.967975, 45.697285], [15.96793, 45.697129], [15.967754, 45.697059], [15.967693, 45.69684], [15.967524, 45.696725], [15.967217, 45.696763], [15.966791, 45.696686], [15.966849, 45.696311], [15.966719, 45.696287], [15.966546, 45.696412], [15.966213, 45.696315], [15.966168, 45.696239], [15.966409, 45.696054], [15.966453, 45.69571], [15.966206, 45.695755], [15.966087, 45.695902], [15.965905, 45.695828], [15.965976, 45.695594], [15.965777, 45.695415], [15.965577, 45.695388], [15.965329, 45.695542], [15.965164, 45.695442], [15.965159, 45.695125], [15.965271, 45.695065], [15.965497, 45.695121], [15.965721, 45.69486], [15.965296, 45.694714], [15.965365, 45.69437], [15.965178, 45.694141], [15.964915, 45.694052], [15.964982, 45.693792], [15.96536, 45.693526], [15.965023, 45.693313], [15.965213, 45.692749], [15.965544, 45.692449], [15.965883, 45.692928], [15.966457, 45.692701], [15.966321, 45.692576], [15.966475, 45.692381], [15.966213, 45.692297], [15.96603, 45.692366], [15.965917, 45.692325], [15.965956, 45.691977], [15.96629, 45.691955], [15.966621, 45.691789], [15.966424, 45.691522], [15.966247, 45.691503], [15.966112, 45.69138], [15.966155, 45.69091], [15.966046, 45.690808], [15.965743, 45.69092], [15.965725, 45.691177], [15.965504, 45.691098], [15.965121, 45.69134], [15.964785, 45.691228], [15.964857, 45.691139], [15.965147, 45.691055], [15.965093, 45.690777], [15.965177, 45.69048], [15.964968, 45.690418], [15.964748, 45.690568], [15.964585, 45.690432], [15.964407, 45.690507], [15.963806, 45.690458], [15.963712, 45.690317], [15.963745, 45.69013], [15.959401, 45.690229], [15.956859, 45.686211], [15.954146, 45.686228], [15.949943, 45.686382], [15.948918, 45.686033], [15.948464, 45.686245], [15.948473, 45.686786], [15.947741, 45.687122], [15.947809, 45.686459], [15.947151, 45.686359], [15.946603, 45.686398], [15.946432, 45.686336], [15.946239, 45.686095], [15.946038, 45.686064], [15.945053, 45.68772], [15.944886, 45.687666], [15.944683, 45.687394], [15.944876, 45.687313], [15.944741, 45.687025], [15.944528, 45.687046], [15.944166, 45.687326], [15.944013, 45.687286], [15.943853, 45.686962], [15.943686, 45.686874], [15.94367, 45.687098], [15.943448, 45.687356], [15.943068, 45.687513], [15.942943, 45.68747], [15.942938, 45.687314], [15.94257, 45.687073], [15.942101, 45.686953], [15.941922, 45.687181], [15.941967, 45.687579], [15.941768, 45.687797], [15.941318, 45.68779], [15.94109, 45.687623], [15.94127, 45.687098], [15.941597, 45.687083], [15.941792, 45.686807], [15.941668, 45.686788], [15.94128, 45.68707], [15.940975, 45.687046], [15.940853, 45.686967], [15.94084, 45.686736], [15.940705, 45.686565], [15.940405, 45.686385], [15.940165, 45.686446], [15.940275, 45.686618], [15.940209, 45.686734], [15.939541, 45.687331], [15.93937, 45.687415], [15.939079, 45.68739], [15.939033, 45.687289], [15.939311, 45.687072], [15.939459, 45.686511], [15.939318, 45.686464], [15.939096, 45.686508], [15.938871, 45.686841], [15.938604, 45.686859], [15.93787, 45.686518], [15.937844, 45.686424], [15.93805, 45.686189], [15.938592, 45.686138], [15.938822, 45.686026], [15.938756, 45.68584], [15.938461, 45.685736], [15.937839, 45.686248], [15.93717, 45.686266], [15.937109, 45.686126], [15.937191, 45.68606], [15.937375, 45.686108], [15.937574, 45.685807], [15.937408, 45.685567], [15.93717, 45.685567], [15.937078, 45.685924], [15.936832, 45.686074], [15.936528, 45.685897], [15.936374, 45.68542], [15.936149, 45.685198], [15.935498, 45.685725], [15.93535, 45.68572], [15.935004, 45.685297], [15.934781, 45.685161], [15.934694, 45.685007], [15.934778, 45.684931], [15.935, 45.685046], [15.93507, 45.68488], [15.935351, 45.68482], [15.934904, 45.684807], [15.934819, 45.684691], [15.935418, 45.684332], [15.935396, 45.684028], [15.935579, 45.683981], [15.93584, 45.684116], [15.935801, 45.683966], [15.935965, 45.683776], [15.935916, 45.683716], [15.934923, 45.683767], [15.934539, 45.683708], [15.934469, 45.683469], [15.934788, 45.683219], [15.934831, 45.683072], [15.934747, 45.682699], [15.934568, 45.682689], [15.934058, 45.682843], [15.93408, 45.683061], [15.934324, 45.683284], [15.934339, 45.683423], [15.934115, 45.6837], [15.933936, 45.6837], [15.933812, 45.683635], [15.933793, 45.683498], [15.933907, 45.683359], [15.933837, 45.683119], [15.933762, 45.683332], [15.933567, 45.683468], [15.933445, 45.683383], [15.933377, 45.683148], [15.933127, 45.683299], [15.93294, 45.683276], [15.932783, 45.68316], [15.932899, 45.682492], [15.932304, 45.682752], [15.931899, 45.682751], [15.931377, 45.682609], [15.931253, 45.682493], [15.931297, 45.682371], [15.931759, 45.682253], [15.93182, 45.68217], [15.931334, 45.682275], [15.931284, 45.682069], [15.930988, 45.681931], [15.93124, 45.681243], [15.931094, 45.68107], [15.930626, 45.681381], [15.93033, 45.681418], [15.930039, 45.681043], [15.930356, 45.680756], [15.931101, 45.680547], [15.930447, 45.680655], [15.930165, 45.680594], [15.930334, 45.68037], [15.93058, 45.680372], [15.930628, 45.680305], [15.930498, 45.680113], [15.93005, 45.680129], [15.930044, 45.679814], [15.929878, 45.679776], [15.929658, 45.67952], [15.929605, 45.679378], [15.929848, 45.678989], [15.929723, 45.678901], [15.929355, 45.67893], [15.928753, 45.678721], [15.928791, 45.678512], [15.929151, 45.678629], [15.928703, 45.678149], [15.929041, 45.678067], [15.929205, 45.677851], [15.92919, 45.677804], [15.929127, 45.677911], [15.928913, 45.677976], [15.928645, 45.677691], [15.928072, 45.677765], [15.92803, 45.6775], [15.928239, 45.677462], [15.928672, 45.677158], [15.928599, 45.677128], [15.928382, 45.677294], [15.928216, 45.677248], [15.928021, 45.676897], [15.928088, 45.676713], [15.928224, 45.676632], [15.927476, 45.67658], [15.927406, 45.676187], [15.927168, 45.676386], [15.926945, 45.676392], [15.926786, 45.676258], [15.926588, 45.67625]]]}, "properties": {"id": 111, "razina": "kvart", "name": "Odranski Obrež", "color": "#d35345", "area_km2": 15.98, "mo_count": 1, "source": "derivirano: MO (data.zagreb.hr) + OSM imena", "jls_name": "Grad Zagreb", "jls_maticni_broj": "01333", "zupanija": "Grad Zagreb", "palette_idx": 0}}, {"type": "Feature", "id": 112, "geometry": {"type": "Polygon", "coordinates": [[[15.890289, 45.673568], [15.890449, 45.673626], [15.890701, 45.673587], [15.890723, 45.67374], [15.890942, 45.67381], [15.891142, 45.673744], [15.891192, 45.673881], [15.890855, 45.674068], [15.89117, 45.6742], [15.891496, 45.67408], [15.891668, 45.674091], [15.89158, 45.674285], [15.891187, 45.674326], [15.891133, 45.674485], [15.891001, 45.674506], [15.89102, 45.674598], [15.891275, 45.674724], [15.891409, 45.674707], [15.891489, 45.674589], [15.891661, 45.674604], [15.891687, 45.674485], [15.891791, 45.674463], [15.891915, 45.674569], [15.891858, 45.674788], [15.891659, 45.67479], [15.891962, 45.674964], [15.89191, 45.675034], [15.891641, 45.675063], [15.891774, 45.675243], [15.891927, 45.675223], [15.892064, 45.675098], [15.89229, 45.675233], [15.892339, 45.675075], [15.892437, 45.675089], [15.892505, 45.675296], [15.892479, 45.675381], [15.892303, 45.675446], [15.892325, 45.675518], [15.892753, 45.675539], [15.892731, 45.675676], [15.892488, 45.675687], [15.892394, 45.675824], [15.893103, 45.675627], [15.893373, 45.675825], [15.89293, 45.675959], [15.892942, 45.676097], [15.892867, 45.676112], [15.892748, 45.676105], [15.89268, 45.675958], [15.89268, 45.676089], [15.892825, 45.676237], [15.893044, 45.67633], [15.893228, 45.676197], [15.893168, 45.676086], [15.893366, 45.675994], [15.893489, 45.676042], [15.893507, 45.676283], [15.893654, 45.676435], [15.893532, 45.676479], [15.893224, 45.676427], [15.893518, 45.676538], [15.893987, 45.676529], [15.893999, 45.676666], [15.893789, 45.676755], [15.893956, 45.676866], [15.89427, 45.676758], [15.894369, 45.676858], [15.894207, 45.67702], [15.894758, 45.677036], [15.894891, 45.677261], [15.89512, 45.677328], [15.894968, 45.677525], [15.894679, 45.677398], [15.894832, 45.677526], [15.894593, 45.67771], [15.894396, 45.677661], [15.894326, 45.677463], [15.894156, 45.677458], [15.894076, 45.677573], [15.894206, 45.677719], [15.894156, 45.677811], [15.894003, 45.677841], [15.893869, 45.677763], [15.89386, 45.677922], [15.893609, 45.678045], [15.893808, 45.678377], [15.893987, 45.678296], [15.894146, 45.678319], [15.894098, 45.678436], [15.894232, 45.678548], [15.894115, 45.678653], [15.894494, 45.678762], [15.893938, 45.678886], [15.894003, 45.678973], [15.894112, 45.678946], [15.894497, 45.679091], [15.894458, 45.679393], [15.894896, 45.679576], [15.895131, 45.679951], [15.895259, 45.679923], [15.895347, 45.679792], [15.89531, 45.679617], [15.895541, 45.679629], [15.895528, 45.679967], [15.895883, 45.680042], [15.895659, 45.680251], [15.896059, 45.680204], [15.896124, 45.680258], [15.896015, 45.680401], [15.896126, 45.680474], [15.896093, 45.680631], [15.896247, 45.680632], [15.896286, 45.680541], [15.89643, 45.680522], [15.896551, 45.680651], [15.896487, 45.680841], [15.896583, 45.680872], [15.896768, 45.68074], [15.896854, 45.680775], [15.89679, 45.680984], [15.897014, 45.680944], [15.897133, 45.681093], [15.897464, 45.68123], [15.89742, 45.681378], [15.897197, 45.681422], [15.897647, 45.681546], [15.897641, 45.681698], [15.897309, 45.681851], [15.897636, 45.681854], [15.897678, 45.681923], [15.897549, 45.682037], [15.897379, 45.682028], [15.897221, 45.682119], [15.897232, 45.682274], [15.897485, 45.68219], [15.897505, 45.682386], [15.897636, 45.682531], [15.897795, 45.682329], [15.898074, 45.682355], [15.897946, 45.682482], [15.898128, 45.682584], [15.89804, 45.682776], [15.89829, 45.682814], [15.898343, 45.682929], [15.898342, 45.68308], [15.898141, 45.683101], [15.898348, 45.683212], [15.898382, 45.683119], [15.898516, 45.683132], [15.898516, 45.683238], [15.89843, 45.683405], [15.898068, 45.683451], [15.89816, 45.68358], [15.898564, 45.683436], [15.898666, 45.683561], [15.898609, 45.68368], [15.898401, 45.683762], [15.89841, 45.683837], [15.898814, 45.683862], [15.898911, 45.683992], [15.898801, 45.684069], [15.899084, 45.684153], [15.899136, 45.68428], [15.898991, 45.68432], [15.899099, 45.684405], [15.899107, 45.684988], [15.89933, 45.685139], [15.899135, 45.685241], [15.89919, 45.685316], [15.899328, 45.685204], [15.899457, 45.685251], [15.899237, 45.685403], [15.899313, 45.685457], [15.899524, 45.685333], [15.899496, 45.685562], [15.89975, 45.685601], [15.900068, 45.685982], [15.900426, 45.685982], [15.900747, 45.686168], [15.900781, 45.686353], [15.900622, 45.686367], [15.900602, 45.686522], [15.900413, 45.686579], [15.900337, 45.686461], [15.900191, 45.686747], [15.899985, 45.686729], [15.900121, 45.686793], [15.900276, 45.686728], [15.900513, 45.686746], [15.900623, 45.686858], [15.90033, 45.686928], [15.900224, 45.687125], [15.900106, 45.687108], [15.900049, 45.686954], [15.899924, 45.687021], [15.899953, 45.687113], [15.899863, 45.687167], [15.899981, 45.687269], [15.900248, 45.687206], [15.900306, 45.687305], [15.900414, 45.687243], [15.900534, 45.68731], [15.900087, 45.687557], [15.900141, 45.687661], [15.900289, 45.687666], [15.900232, 45.687763], [15.900012, 45.687783], [15.899987, 45.687877], [15.900387, 45.687773], [15.900497, 45.687977], [15.9008, 45.688034], [15.900684, 45.688202], [15.900427, 45.688177], [15.900286, 45.688262], [15.900376, 45.688317], [15.900619, 45.688246], [15.900653, 45.688355], [15.900805, 45.688348], [15.900801, 45.688422], [15.900524, 45.688504], [15.900444, 45.688601], [15.900275, 45.688519], [15.900189, 45.688575], [15.900419, 45.688736], [15.900361, 45.688819], [15.900623, 45.688829], [15.90068, 45.688906], [15.900792, 45.688839], [15.900874, 45.688924], [15.900934, 45.688858], [15.901109, 45.68891], [15.901066, 45.689025], [15.901202, 45.68904], [15.901048, 45.689184], [15.90096, 45.689156], [15.900814, 45.689253], [15.901117, 45.689348], [15.901163, 45.689589], [15.90103, 45.68962], [15.901243, 45.689743], [15.901142, 45.689852], [15.90127, 45.689956], [15.901449, 45.689974], [15.901354, 45.690125], [15.901173, 45.690164], [15.901241, 45.690265], [15.901131, 45.690343], [15.901231, 45.69044], [15.901134, 45.690533], [15.901246, 45.690581], [15.901238, 45.690781], [15.901327, 45.69076], [15.901506, 45.690904], [15.90166, 45.691161], [15.901611, 45.691242], [15.901814, 45.691463], [15.901741, 45.691539], [15.901897, 45.691699], [15.901915, 45.692178], [15.902202, 45.692329], [15.902176, 45.692441], [15.902318, 45.692557], [15.902527, 45.69255], [15.902586, 45.692698], [15.902509, 45.692835], [15.902657, 45.692818], [15.902852, 45.692998], [15.903606, 45.693396], [15.903984, 45.693391], [15.90414, 45.69347], [15.903759, 45.69364], [15.903609, 45.694113], [15.903294, 45.694307], [15.90325, 45.694901], [15.902514, 45.694971], [15.902628, 45.695184], [15.902886, 45.695317], [15.902854, 45.695463], [15.903045, 45.695696], [15.90289, 45.696436], [15.903147, 45.6966], [15.903242, 45.696828], [15.903046, 45.696884], [15.903333, 45.697195], [15.903101, 45.697328], [15.90302, 45.697664], [15.902881, 45.69773], [15.902584, 45.697713], [15.902794, 45.69803], [15.90238, 45.69833], [15.902441, 45.69846], [15.902665, 45.698382], [15.902835, 45.698432], [15.902893, 45.698649], [15.902499, 45.698806], [15.902223, 45.699059], [15.902039, 45.699123], [15.901587, 45.699033], [15.900655, 45.698664], [15.900226, 45.698321], [15.898349, 45.699018], [15.898134, 45.69904], [15.89774, 45.69895], [15.896987, 45.699132], [15.896911, 45.699407], [15.896466, 45.700068], [15.896411, 45.700427], [15.895583, 45.700882], [15.895866, 45.701208], [15.89602, 45.701884], [15.896293, 45.70237], [15.896777, 45.702734], [15.898279, 45.703286], [15.899359, 45.704122], [15.900348, 45.704664], [15.901379, 45.705024], [15.905299, 45.70589], [15.906247, 45.706287], [15.907054, 45.70694], [15.907761, 45.708362], [15.908219, 45.708946], [15.90885, 45.70934], [15.910943, 45.709924], [15.911382, 45.710101], [15.911774, 45.710387], [15.914076, 45.71372], [15.915601, 45.715349], [15.915588, 45.71619], [15.916058, 45.71699], [15.916021, 45.717257], [15.91539, 45.718028], [15.915291, 45.718381], [15.915546, 45.720214], [15.915734, 45.720597], [15.916073, 45.720934], [15.916655, 45.721201], [15.919072, 45.721449], [15.920071, 45.721832], [15.920146, 45.721877], [15.920031, 45.721942], [15.920179, 45.722067], [15.920581, 45.721902], [15.921057, 45.721572], [15.921649, 45.721386], [15.921273, 45.720728], [15.92105, 45.720009], [15.92086, 45.71978], [15.922931, 45.71861], [15.922601, 45.718475], [15.924604, 45.71761], [15.923569, 45.716475], [15.923438, 45.71555], [15.922857, 45.714384], [15.923661, 45.713071], [15.924322, 45.71269], [15.924616, 45.712416], [15.924248, 45.712164], [15.92579, 45.711447], [15.925605, 45.71114], [15.927922, 45.709305], [15.927739, 45.708485], [15.927798, 45.707203], [15.927937, 45.706539], [15.927524, 45.705881], [15.930661, 45.706135], [15.931674, 45.705931], [15.92512, 45.695201], [15.915384, 45.68094], [15.915611, 45.680757], [15.915579, 45.68049], [15.915069, 45.680083], [15.915352, 45.679867], [15.914997, 45.678656], [15.913992, 45.678773], [15.913347, 45.67861], [15.913757, 45.678359], [15.913879, 45.678058], [15.91382, 45.677956], [15.912547, 45.677552], [15.912744, 45.677195], [15.912675, 45.676541], [15.912835, 45.676088], [15.911305, 45.675818], [15.908951, 45.675194], [15.909725, 45.674661], [15.909894, 45.674157], [15.910465, 45.673745], [15.911024, 45.6735], [15.911278, 45.673091], [15.911013, 45.673117], [15.910872, 45.673274], [15.910379, 45.673363], [15.910293, 45.673214], [15.910649, 45.67296], [15.910541, 45.67289], [15.91031, 45.672875], [15.909952, 45.673145], [15.909594, 45.673089], [15.909786, 45.672795], [15.910031, 45.672623], [15.910091, 45.672396], [15.909746, 45.672336], [15.909848, 45.672499], [15.909766, 45.67272], [15.909536, 45.672836], [15.909291, 45.67225], [15.909002, 45.672198], [15.909271, 45.67233], [15.909291, 45.672429], [15.909075, 45.672692], [15.908903, 45.672653], [15.908935, 45.672502], [15.908626, 45.672479], [15.908567, 45.672234], [15.90816, 45.672226], [15.90802, 45.672529], [15.908515, 45.672617], [15.908459, 45.672905], [15.908243, 45.673173], [15.90806, 45.673242], [15.907832, 45.67292], [15.907861, 45.672757], [15.907302, 45.672555], [15.907344, 45.672745], [15.907025, 45.672891], [15.906552, 45.672769], [15.90646, 45.672785], [15.906522, 45.672946], [15.906457, 45.672998], [15.906197, 45.672965], [15.906125, 45.673165], [15.905868, 45.673194], [15.905672, 45.673106], [15.905541, 45.673387], [15.904878, 45.673433], [15.904784, 45.673382], [15.904931, 45.673144], [15.904803, 45.672782], [15.904495, 45.672815], [15.904326, 45.672636], [15.904384, 45.67276], [15.904301, 45.672854], [15.904063, 45.672935], [15.903802, 45.6727], [15.903581, 45.673035], [15.903353, 45.673111], [15.903233, 45.67274], [15.903396, 45.672572], [15.903133, 45.672636], [15.903027, 45.67254], [15.903233, 45.672228], [15.903175, 45.671945], [15.902952, 45.672034], [15.902869, 45.671899], [15.902784, 45.672071], [15.902325, 45.672094], [15.902022, 45.671964], [15.902129, 45.671812], [15.902064, 45.671716], [15.901641, 45.671554], [15.90152, 45.671652], [15.901642, 45.671803], [15.901514, 45.671871], [15.901036, 45.671853], [15.900784, 45.671663], [15.900672, 45.671734], [15.900476, 45.671728], [15.90047, 45.671487], [15.900284, 45.671254], [15.900029, 45.671021], [15.899859, 45.671], [15.899705, 45.671043], [15.899924, 45.671228], [15.899674, 45.671572], [15.899577, 45.671543], [15.899595, 45.671384], [15.899373, 45.671092], [15.899385, 45.671365], [15.899291, 45.671512], [15.898412, 45.67152], [15.898386, 45.671306], [15.898505, 45.671193], [15.898327, 45.671229], [15.89824, 45.67116], [15.898282, 45.670983], [15.898022, 45.67089], [15.898005, 45.670761], [15.898286, 45.670691], [15.898602, 45.670451], [15.898458, 45.670407], [15.898581, 45.669965], [15.898404, 45.669836], [15.898431, 45.6697], [15.898657, 45.66959], [15.898456, 45.669555], [15.898108, 45.669311], [15.898279, 45.669089], [15.89709, 45.66916], [15.896352, 45.66937], [15.895208, 45.669272], [15.893964, 45.669382], [15.892961, 45.669582], [15.892161, 45.669869], [15.891535, 45.669932], [15.891101, 45.669873], [15.891723, 45.670561], [15.890796, 45.670272], [15.88986, 45.670251], [15.889843, 45.670204], [15.888918, 45.670229], [15.889113, 45.670276], [15.889178, 45.670354], [15.889027, 45.670393], [15.889048, 45.670487], [15.88921, 45.670517], [15.889296, 45.67063], [15.88887, 45.671041], [15.888991, 45.671232], [15.88927, 45.671328], [15.88907, 45.67156], [15.888888, 45.67158], [15.888938, 45.671778], [15.888737, 45.671925], [15.888778, 45.672196], [15.888844, 45.672259], [15.888891, 45.672188], [15.889144, 45.672254], [15.889077, 45.672116], [15.889192, 45.672107], [15.889546, 45.672316], [15.889596, 45.672217], [15.889693, 45.672221], [15.88977, 45.672472], [15.88992, 45.672471], [15.889949, 45.672707], [15.890148, 45.67275], [15.890168, 45.67286], [15.88954, 45.672963], [15.889404, 45.673079], [15.889137, 45.673041], [15.889102, 45.673152], [15.889204, 45.673222], [15.889688, 45.673118], [15.88986, 45.673251], [15.889656, 45.67337], [15.889701, 45.673441], [15.890099, 45.673325], [15.890289, 45.673568]]]}, "properties": {"id": 112, "razina": "kvart", "name": "Odranski Strmec", "color": "#45d37d", "area_km2": 8.33, "mo_count": 1, "source": "derivirano: MO (data.zagreb.hr) + OSM imena", "jls_name": "Grad Zagreb", "jls_maticni_broj": "01333", "zupanija": "Grad Zagreb", "palette_idx": 3}}, {"type": "Feature", "id": 113, "geometry": {"type": "Polygon", "coordinates": [[[16.058172, 45.847595], [16.057302, 45.847286], [16.056046, 45.84746], [16.056333, 45.849657], [16.055881, 45.849841], [16.05603, 45.85029], [16.056026, 45.85069], [16.05565, 45.851778], [16.055447, 45.851944], [16.055943, 45.853311], [16.055954, 45.854355], [16.055817, 45.854765], [16.055425, 45.855216], [16.055109, 45.856784], [16.055258, 45.8572], [16.055982, 45.858061], [16.056136, 45.858436], [16.055911, 45.858772], [16.055487, 45.859062], [16.055422, 45.859633], [16.055045, 45.860145], [16.054632, 45.860388], [16.054558, 45.860607], [16.055056, 45.860658], [16.055134, 45.860813], [16.055607, 45.860901], [16.055758, 45.860902], [16.055774, 45.86059], [16.056429, 45.86065], [16.056226, 45.861511], [16.056113, 45.862716], [16.056575, 45.862691], [16.056541, 45.862963], [16.060839, 45.864842], [16.061165, 45.864892], [16.061737, 45.865265], [16.061919, 45.865905], [16.062124, 45.866006], [16.061921, 45.866358], [16.062708, 45.866665], [16.063063, 45.866708], [16.063334, 45.867183], [16.063519, 45.867358], [16.063732, 45.867417], [16.063651, 45.867576], [16.063797, 45.86774], [16.064683, 45.867481], [16.065232, 45.867204], [16.066418, 45.866949], [16.066387, 45.86715], [16.066915, 45.86735], [16.067115, 45.867578], [16.06714, 45.868049], [16.067032, 45.86818], [16.067155, 45.868214], [16.067218, 45.868386], [16.067714, 45.868465], [16.068302, 45.868278], [16.068542, 45.869066], [16.068713, 45.869062], [16.069782, 45.870614], [16.070559, 45.871114], [16.07092, 45.870976], [16.071014, 45.871111], [16.071103, 45.871097], [16.071387, 45.870988], [16.071344, 45.870931], [16.072633, 45.87043], [16.073175, 45.869575], [16.07344, 45.869377], [16.073678, 45.869259], [16.075012, 45.868931], [16.074878, 45.868287], [16.075213, 45.86818], [16.075418, 45.867792], [16.075125, 45.867644], [16.075558, 45.867351], [16.075536, 45.867143], [16.07528, 45.866708], [16.074896, 45.866878], [16.074662, 45.866796], [16.074566, 45.866586], [16.074155, 45.866437], [16.073974, 45.866162], [16.073529, 45.866], [16.073109, 45.865731], [16.071563, 45.866391], [16.071355, 45.865964], [16.07134, 45.865655], [16.07056, 45.865643], [16.070036, 45.865327], [16.07028, 45.865052], [16.070417, 45.864329], [16.070682, 45.86386], [16.070674, 45.863687], [16.071192, 45.863671], [16.071618, 45.863133], [16.071622, 45.862464], [16.0713, 45.862116], [16.070286, 45.86161], [16.070221, 45.861635], [16.070076, 45.861327], [16.068939, 45.861437], [16.068809, 45.860651], [16.068319, 45.859696], [16.067633, 45.859141], [16.067629, 45.858662], [16.067387, 45.857646], [16.066719, 45.857353], [16.0662, 45.856284], [16.066385, 45.855857], [16.066267, 45.855743], [16.066944, 45.855647], [16.067073, 45.854774], [16.067308, 45.854763], [16.067393, 45.854576], [16.067269, 45.854287], [16.067657, 45.853378], [16.067806, 45.852742], [16.069031, 45.85244], [16.069304, 45.852211], [16.069109, 45.851866], [16.069079, 45.851392], [16.069336, 45.851095], [16.069669, 45.850887], [16.069793, 45.850706], [16.070246, 45.850956], [16.070412, 45.850779], [16.070243, 45.85034], [16.070607, 45.850135], [16.071513, 45.849863], [16.071237, 45.849536], [16.071016, 45.849481], [16.07116, 45.849204], [16.07279, 45.848741], [16.071989, 45.847895], [16.070692, 45.847501], [16.070551, 45.847377], [16.070476, 45.846518], [16.070199, 45.84576], [16.070313, 45.844968], [16.069866, 45.844582], [16.069972, 45.84427], [16.069737, 45.844225], [16.069681, 45.8441], [16.069909, 45.843826], [16.069845, 45.84333], [16.07006, 45.843016], [16.069932, 45.842758], [16.07034, 45.84248], [16.070501, 45.842456], [16.070505, 45.842284], [16.070832, 45.84215], [16.070794, 45.841978], [16.071094, 45.841502], [16.070884, 45.841385], [16.07092, 45.841232], [16.071151, 45.841168], [16.071139, 45.841039], [16.071477, 45.840881], [16.07143, 45.840694], [16.071906, 45.840398], [16.072017, 45.840114], [16.070073, 45.83899], [16.070034, 45.83935], [16.069689, 45.839593], [16.067551, 45.840249], [16.064713, 45.840941], [16.061546, 45.841435], [16.060892, 45.842574], [16.06032, 45.843896], [16.059128, 45.845725], [16.058508, 45.847264], [16.058172, 45.847595]]]}, "properties": {"id": 113, "razina": "kvart", "name": "Oporovec", "color": "#a645d3", "area_km2": 2.98, "mo_count": 1, "source": "derivirano: MO (data.zagreb.hr) + OSM imena", "jls_name": "Grad Zagreb", "jls_maticni_broj": "01333", "zupanija": "Grad Zagreb", "palette_idx": 2}}, {"type": "Feature", "id": 114, "geometry": {"type": "Polygon", "coordinates": [[[15.909136, 45.798602], [15.906759, 45.799947], [15.906503, 45.800294], [15.906557, 45.801188], [15.906616, 45.801449], [15.906767, 45.801474], [15.906954, 45.803461], [15.906554, 45.809429], [15.906647, 45.80944], [15.906568, 45.81049], [15.906476, 45.810481], [15.906462, 45.811873], [15.916963, 45.811252], [15.91735, 45.810664], [15.917216, 45.809468], [15.917292, 45.809467], [15.917299, 45.808138], [15.917433, 45.807889], [15.917218, 45.807906], [15.917173, 45.80767], [15.917228, 45.807603], [15.917507, 45.807581], [15.917579, 45.807157], [15.917843, 45.806576], [15.918728, 45.80658], [15.918722, 45.806413], [15.923832, 45.8062], [15.919211, 45.803338], [15.918611, 45.802869], [15.911676, 45.798689], [15.911079, 45.798246], [15.910787, 45.798341], [15.909942, 45.79835], [15.909136, 45.798602]]]}, "properties": {"id": 114, "razina": "kvart", "name": "Oranice", "color": "#d3d045", "area_km2": 1.21, "mo_count": 1, "source": "derivirano: MO (data.zagreb.hr) + OSM imena", "jls_name": "Grad Zagreb", "jls_maticni_broj": "01333", "zupanija": "Grad Zagreb", "palette_idx": 2}}, {"type": "Feature", "id": 115, "geometry": {"type": "Polygon", "coordinates": [[[15.887714, 45.817507], [15.886277, 45.817519], [15.886207, 45.817797], [15.886048, 45.817893], [15.884293, 45.818204], [15.880772, 45.819027], [15.880607, 45.819105], [15.880889, 45.819412], [15.879203, 45.819546], [15.879216, 45.819606], [15.878714, 45.819604], [15.879492, 45.819896], [15.879314, 45.820163], [15.878521, 45.819894], [15.878259, 45.820225], [15.877642, 45.820074], [15.87756, 45.82048], [15.876966, 45.820339], [15.876726, 45.820874], [15.876683, 45.821271], [15.876838, 45.821298], [15.876731, 45.821416], [15.876184, 45.821341], [15.876004, 45.82156], [15.875589, 45.821432], [15.875307, 45.821815], [15.875277, 45.822029], [15.876006, 45.82216], [15.87646, 45.822414], [15.876316, 45.822549], [15.876954, 45.823009], [15.876787, 45.823094], [15.877096, 45.823335], [15.876848, 45.823488], [15.876888, 45.823773], [15.876879, 45.823709], [15.876554, 45.823779], [15.876597, 45.823835], [15.876226, 45.823987], [15.875433, 45.822987], [15.874732, 45.823334], [15.874929, 45.823469], [15.874521, 45.82365], [15.874169, 45.823679], [15.874171, 45.823962], [15.874001, 45.824316], [15.872793, 45.825563], [15.872611, 45.82608], [15.872854, 45.826553], [15.874378, 45.82778], [15.875323, 45.828882], [15.875444, 45.829139], [15.875454, 45.829508], [15.875132, 45.83006], [15.874812, 45.830926], [15.874829, 45.831213], [15.875134, 45.831648], [15.875489, 45.831944], [15.875099, 45.832025], [15.879303, 45.836715], [15.880333, 45.840063], [15.883208, 45.840811], [15.884324, 45.839824], [15.886556, 45.8409], [15.889002, 45.841857], [15.890491, 45.841813], [15.890648, 45.84108], [15.890593, 45.840974], [15.889944, 45.840906], [15.890068, 45.840617], [15.88991, 45.840595], [15.890117, 45.839495], [15.890661, 45.838778], [15.890714, 45.837911], [15.891201, 45.837392], [15.891626, 45.836676], [15.89187, 45.836031], [15.892236, 45.835585], [15.89243, 45.835006], [15.892661, 45.834726], [15.892251, 45.834419], [15.892807, 45.83323], [15.893183, 45.832821], [15.893857, 45.831718], [15.894102, 45.830594], [15.894512, 45.830274], [15.894756, 45.829534], [15.895251, 45.828627], [15.89573, 45.827892], [15.896349, 45.827168], [15.89635, 45.82678], [15.896599, 45.826001], [15.896506, 45.825347], [15.896623, 45.824996], [15.896517, 45.824833], [15.896519, 45.824093], [15.896306, 45.82361], [15.895823, 45.82308], [15.895233, 45.822625], [15.895199, 45.822213], [15.895381, 45.820841], [15.895602, 45.820604], [15.896064, 45.820325], [15.896566, 45.819777], [15.896833, 45.818069], [15.895575, 45.818042], [15.894855, 45.815006], [15.894243, 45.815418], [15.892337, 45.816397], [15.890831, 45.816565], [15.889981, 45.81684], [15.888794, 45.817417], [15.887714, 45.817507]]]}, "properties": {"id": 115, "razina": "kvart", "name": "Orešje", "color": "#45aed3", "area_km2": 3.51, "mo_count": 1, "source": "derivirano: MO (data.zagreb.hr) + OSM imena", "jls_name": "Grad Zagreb", "jls_maticni_broj": "01333", "zupanija": "Grad Zagreb", "palette_idx": 3}}, {"type": "Feature", "id": 116, "geometry": {"type": "Polygon", "coordinates": [[[15.964816, 45.813844], [15.965257, 45.813954], [15.965172, 45.813832], [15.964818, 45.813724], [15.964903, 45.813608], [15.965082, 45.813674], [15.965142, 45.813611], [15.965282, 45.813315], [15.965147, 45.8132], [15.965154, 45.813078], [15.965464, 45.813024], [15.965506, 45.812789], [15.963911, 45.812376], [15.963168, 45.812358], [15.958835, 45.813189], [15.95614, 45.813216], [15.95607, 45.813394], [15.956348, 45.813433], [15.956319, 45.813804], [15.955979, 45.813714], [15.956059, 45.813931], [15.955786, 45.814034], [15.955751, 45.814188], [15.955511, 45.814384], [15.955366, 45.814463], [15.955279, 45.814401], [15.955147, 45.81449], [15.955283, 45.814585], [15.954819, 45.815054], [15.954588, 45.814928], [15.954403, 45.815123], [15.954686, 45.815232], [15.954817, 45.81539], [15.954584, 45.816218], [15.954687, 45.816577], [15.955177, 45.817508], [15.955653, 45.817485], [15.955593, 45.817827], [15.95654, 45.820495], [15.956726, 45.82049], [15.956637, 45.820699], [15.956706, 45.820936], [15.956277, 45.820957], [15.956491, 45.821299], [15.956674, 45.822086], [15.956576, 45.822093], [15.957771, 45.822836], [15.958201, 45.823366], [15.958667, 45.823667], [15.958839, 45.823902], [15.958669, 45.82406], [15.958714, 45.824162], [15.959053, 45.824436], [15.959044, 45.824693], [15.959156, 45.824836], [15.959072, 45.825003], [15.959399, 45.825348], [15.959295, 45.825674], [15.959391, 45.825803], [15.959079, 45.825791], [15.95899, 45.826012], [15.959049, 45.826153], [15.958915, 45.826189], [15.959056, 45.826944], [15.958783, 45.82704], [15.958925, 45.827193], [15.958784, 45.827173], [15.958724, 45.827293], [15.958384, 45.827479], [15.958326, 45.827639], [15.958234, 45.827583], [15.958041, 45.82763], [15.958045, 45.827749], [15.958196, 45.82781], [15.957866, 45.827897], [15.957838, 45.827994], [15.958112, 45.828014], [15.957333, 45.828737], [15.957471, 45.828809], [15.957439, 45.829022], [15.95725, 45.829031], [15.95711, 45.829287], [15.956707, 45.829603], [15.956795, 45.829668], [15.956681, 45.829882], [15.956722, 45.829991], [15.956237, 45.83031], [15.956264, 45.830762], [15.956464, 45.830953], [15.956324, 45.831635], [15.956124, 45.831915], [15.956232, 45.832012], [15.956108, 45.832101], [15.956211, 45.832194], [15.956145, 45.832369], [15.956186, 45.832467], [15.956349, 45.832476], [15.956314, 45.832784], [15.956199, 45.833029], [15.956061, 45.832911], [15.955862, 45.833061], [15.955925, 45.833184], [15.955769, 45.833449], [15.955941, 45.833589], [15.955995, 45.834013], [15.955364, 45.834902], [15.955024, 45.835614], [15.955036, 45.836021], [15.95534, 45.836529], [15.95526, 45.837079], [15.955423, 45.837378], [15.955796, 45.83773], [15.955905, 45.838083], [15.956378, 45.8387], [15.95622, 45.83895], [15.955648, 45.839221], [15.95553, 45.839477], [15.955535, 45.839885], [15.955268, 45.840117], [15.955271, 45.840266], [15.955469, 45.84047], [15.955438, 45.840621], [15.954744, 45.841858], [15.954871, 45.842134], [15.954839, 45.842592], [15.954701, 45.843007], [15.954374, 45.843345], [15.954276, 45.843786], [15.954324, 45.844389], [15.953655, 45.844236], [15.953064, 45.844364], [15.953185, 45.844858], [15.953181, 45.845528], [15.952932, 45.846751], [15.953483, 45.846973], [15.954217, 45.846901], [15.955092, 45.846624], [15.955596, 45.846566], [15.957184, 45.845986], [15.95777, 45.845673], [15.957747, 45.845587], [15.957998, 45.845521], [15.958267, 45.845617], [15.958487, 45.845348], [15.958362, 45.845305], [15.959285, 45.844764], [15.960337, 45.844187], [15.961471, 45.843754], [15.96193, 45.843487], [15.962575, 45.843], [15.962323, 45.842763], [15.962795, 45.842422], [15.962583, 45.84231], [15.963089, 45.842046], [15.962768, 45.841769], [15.963229, 45.841141], [15.963054, 45.841091], [15.963552, 45.840614], [15.963893, 45.839987], [15.963918, 45.839558], [15.963783, 45.839159], [15.96398, 45.838146], [15.963697, 45.838124], [15.963411, 45.838376], [15.963383, 45.838582], [15.962271, 45.838239], [15.961993, 45.838328], [15.961721, 45.838217], [15.961844, 45.838105], [15.961467, 45.837936], [15.962235, 45.836652], [15.962492, 45.83585], [15.962555, 45.835305], [15.962966, 45.83523], [15.963616, 45.834545], [15.963237, 45.834359], [15.96344, 45.833992], [15.964275, 45.83326], [15.964874, 45.832294], [15.964216, 45.832313], [15.964805, 45.830269], [15.96462, 45.82978], [15.964577, 45.829177], [15.964673, 45.82864], [15.964593, 45.828221], [15.9647, 45.827516], [15.964609, 45.827138], [15.964653, 45.826085], [15.965096, 45.825427], [15.965516, 45.825502], [15.965876, 45.825221], [15.966261, 45.825259], [15.966149, 45.824934], [15.96628, 45.824726], [15.966557, 45.824783], [15.967252, 45.825441], [15.967868, 45.825461], [15.967684, 45.823539], [15.967276, 45.822385], [15.966981, 45.822102], [15.965569, 45.821157], [15.964721, 45.819166], [15.963712, 45.818052], [15.964377, 45.817748], [15.964203, 45.817484], [15.964365, 45.81745], [15.96417, 45.816896], [15.964087, 45.816128], [15.964506, 45.816131], [15.964478, 45.815617], [15.964074, 45.815566], [15.964255, 45.815134], [15.96402, 45.81506], [15.964105, 45.814925], [15.964577, 45.815067], [15.964479, 45.81459], [15.964696, 45.814437], [15.964306, 45.814194], [15.964465, 45.813861], [15.964751, 45.813927], [15.964816, 45.813844]]]}, "properties": {"id": 116, "razina": "kvart", "name": "Pantovčak", "color": "#d34584", "area_km2": 2.3, "mo_count": 2, "source": "derivirano: MO (data.zagreb.hr) + OSM imena", "jls_name": "Grad Zagreb", "jls_maticni_broj": "01333", "zupanija": "Grad Zagreb", "palette_idx": 0}}, {"type": "Feature", "id": 117, "geometry": {"type": "Polygon", "coordinates": [[[16.127242, 45.871576], [16.128101, 45.872361], [16.128086, 45.872518], [16.128769, 45.873704], [16.128902, 45.874149], [16.127838, 45.874551], [16.12727, 45.874992], [16.127014, 45.875094], [16.12636, 45.876151], [16.126525, 45.876779], [16.127128, 45.87743], [16.127305, 45.877518], [16.127343, 45.877699], [16.12722, 45.877989], [16.126703, 45.878495], [16.126708, 45.878808], [16.126844, 45.87901], [16.126659, 45.879413], [16.126395, 45.879634], [16.126259, 45.880033], [16.125763, 45.880475], [16.125192, 45.880663], [16.123879, 45.881587], [16.12366, 45.88142], [16.123227, 45.88209], [16.122818, 45.882531], [16.122215, 45.882834], [16.122094, 45.883008], [16.12161, 45.883279], [16.121325, 45.883712], [16.121132, 45.883779], [16.119875, 45.883827], [16.119031, 45.883729], [16.118696, 45.883786], [16.118469, 45.884123], [16.118393, 45.884579], [16.118622, 45.88517], [16.118645, 45.885619], [16.118139, 45.885994], [16.117786, 45.886959], [16.117868, 45.887164], [16.117778, 45.8872], [16.117924, 45.88737], [16.117555, 45.887562], [16.119039, 45.888837], [16.119826, 45.889268], [16.120555, 45.889497], [16.120812, 45.889789], [16.121436, 45.890135], [16.121893, 45.890317], [16.122462, 45.890173], [16.122948, 45.890924], [16.123672, 45.891766], [16.123556, 45.891898], [16.123109, 45.892064], [16.123597, 45.89256], [16.123495, 45.892667], [16.123547, 45.892882], [16.123375, 45.89302], [16.123125, 45.893799], [16.122489, 45.894252], [16.121887, 45.894939], [16.121704, 45.895392], [16.121524, 45.895581], [16.121142, 45.895812], [16.120963, 45.895818], [16.119047, 45.897422], [16.118612, 45.897926], [16.118598, 45.898195], [16.117663, 45.899236], [16.117503, 45.900088], [16.117718, 45.900164], [16.117719, 45.900235], [16.117584, 45.901016], [16.11751, 45.901023], [16.117507, 45.901722], [16.117765, 45.902233], [16.118122, 45.90252], [16.118917, 45.90163], [16.119661, 45.901683], [16.119716, 45.901631], [16.119835, 45.900749], [16.120256, 45.900265], [16.121044, 45.899968], [16.121471, 45.899708], [16.121564, 45.899217], [16.121305, 45.898333], [16.121705, 45.898008], [16.122128, 45.898033], [16.123108, 45.898274], [16.123955, 45.898877], [16.124632, 45.898789], [16.12468, 45.89839], [16.12846, 45.897499], [16.128661, 45.897561], [16.128904, 45.897041], [16.12886, 45.896821], [16.128577, 45.896422], [16.128208, 45.896178], [16.12835, 45.89592], [16.128328, 45.895692], [16.128491, 45.895545], [16.129051, 45.895509], [16.129328, 45.895154], [16.128757, 45.894887], [16.129032, 45.894776], [16.128773, 45.893395], [16.128888, 45.892406], [16.129228, 45.891846], [16.129543, 45.890976], [16.129548, 45.890536], [16.130565, 45.889533], [16.131223, 45.888678], [16.131759, 45.888276], [16.131837, 45.888083], [16.131702, 45.887873], [16.132011, 45.887175], [16.132002, 45.886806], [16.131859, 45.886601], [16.132221, 45.885712], [16.13167, 45.885481], [16.131632, 45.885285], [16.131889, 45.885133], [16.131937, 45.884723], [16.132195, 45.884428], [16.132309, 45.884372], [16.132655, 45.884386], [16.132799, 45.88427], [16.13272, 45.884071], [16.133251, 45.883316], [16.132811, 45.883057], [16.132704, 45.882878], [16.132209, 45.882566], [16.132202, 45.882462], [16.132526, 45.882361], [16.132805, 45.882443], [16.133042, 45.882311], [16.132978, 45.881375], [16.133283, 45.881105], [16.134169, 45.881067], [16.134417, 45.880996], [16.134619, 45.880639], [16.134623, 45.880143], [16.134772, 45.879964], [16.135103, 45.879951], [16.13556, 45.879405], [16.136013, 45.879263], [16.13664, 45.878684], [16.137384, 45.878226], [16.137499, 45.877993], [16.137959, 45.877613], [16.138651, 45.877244], [16.139009, 45.876829], [16.13984, 45.876501], [16.140048, 45.876105], [16.140423, 45.875902], [16.140657, 45.87558], [16.140587, 45.874931], [16.140828, 45.874387], [16.140814, 45.873701], [16.14099, 45.873211], [16.141017, 45.872257], [16.141199, 45.871498], [16.141753, 45.870442], [16.141699, 45.870175], [16.141975, 45.870045], [16.142037, 45.869929], [16.141998, 45.869768], [16.142167, 45.869512], [16.142319, 45.868932], [16.142555, 45.868598], [16.142872, 45.867709], [16.143135, 45.867344], [16.143118, 45.867175], [16.143756, 45.866196], [16.143626, 45.866094], [16.143626, 45.865596], [16.143771, 45.865388], [16.143796, 45.864998], [16.14395, 45.864708], [16.143855, 45.864525], [16.144075, 45.86346], [16.144247, 45.863144], [16.144265, 45.862893], [16.144136, 45.862623], [16.144332, 45.862269], [16.144459, 45.861628], [16.144374, 45.861284], [16.133862, 45.859794], [16.133814, 45.859695], [16.133294, 45.859962], [16.131825, 45.861394], [16.131037, 45.861404], [16.130476, 45.861734], [16.130364, 45.861879], [16.130254, 45.862537], [16.129718, 45.862682], [16.129598, 45.863391], [16.129759, 45.863438], [16.130026, 45.863811], [16.130289, 45.863783], [16.130519, 45.864825], [16.130504, 45.865547], [16.12966, 45.86597], [16.12962, 45.86619], [16.129806, 45.866854], [16.130861, 45.86783], [16.130501, 45.867934], [16.130524, 45.868057], [16.130031, 45.868203], [16.130395, 45.86898], [16.129292, 45.869098], [16.128839, 45.870183], [16.128776, 45.87115], [16.127806, 45.871285], [16.127242, 45.871576]]]}, "properties": {"id": 117, "razina": "kvart", "name": "Paruževina", "color": "#5bd345", "area_km2": 3.75, "mo_count": 1, "source": "derivirano: MO (data.zagreb.hr) + OSM imena", "jls_name": "Grad Zagreb", "jls_maticni_broj": "01333", "zupanija": "Grad Zagreb", "palette_idx": 0}}, {"type": "Feature", "id": 118, "geometry": {"type": "Polygon", "coordinates": [[[15.994273, 45.810604], [15.993117, 45.810458], [15.993309, 45.810591], [15.993086, 45.810683], [15.993078, 45.810918], [15.993203, 45.810922], [15.99319, 45.811051], [15.993387, 45.811219], [15.993826, 45.811256], [15.993242, 45.814051], [15.994476, 45.814303], [15.99619, 45.814829], [15.996502, 45.814353], [15.996418, 45.814202], [15.996722, 45.814078], [15.997243, 45.814254], [15.999954, 45.811838], [15.997461, 45.811193], [15.994273, 45.810604]]]}, "properties": {"id": 118, "razina": "kvart", "name": "Pavao Šubić", "color": "#5945d3", "area_km2": 0.15, "mo_count": 1, "source": "derivirano: MO (data.zagreb.hr) + OSM imena", "jls_name": "Grad Zagreb", "jls_maticni_broj": "01333", "zupanija": "Grad Zagreb", "palette_idx": 0}}, {"type": "Feature", "id": 119, "geometry": {"type": "Polygon", "coordinates": [[[15.991178, 45.805406], [15.989406, 45.804968], [15.98775, 45.804889], [15.98768, 45.80594], [15.987937, 45.805953], [15.988007, 45.806548], [15.987829, 45.806542], [15.987822, 45.806671], [15.988049, 45.806678], [15.988029, 45.806965], [15.987812, 45.806892], [15.987778, 45.807434], [15.987909, 45.807481], [15.987893, 45.807663], [15.988345, 45.807585], [15.988538, 45.807769], [15.988759, 45.807774], [15.988747, 45.807974], [15.988644, 45.80797], [15.988738, 45.808002], [15.988731, 45.808105], [15.988636, 45.80813], [15.988773, 45.80817], [15.988766, 45.808271], [15.988584, 45.808302], [15.988693, 45.808364], [15.988598, 45.808474], [15.988865, 45.808523], [15.988719, 45.808612], [15.988671, 45.808868], [15.988498, 45.808972], [15.988401, 45.808893], [15.988283, 45.808975], [15.988154, 45.808926], [15.987832, 45.809027], [15.987825, 45.809163], [15.987976, 45.809289], [15.988252, 45.809479], [15.988373, 45.8094], [15.988626, 45.809604], [15.988623, 45.809666], [15.988234, 45.809655], [15.988197, 45.81015], [15.991189, 45.810276], [15.991319, 45.808758], [15.991747, 45.808795], [15.992016, 45.808676], [15.991974, 45.808539], [15.99214, 45.808466], [15.992011, 45.808245], [15.992028, 45.808053], [15.9922, 45.808057], [15.992254, 45.807463], [15.992828, 45.807056], [15.993172, 45.806328], [15.992931, 45.806255], [15.993192, 45.805724], [15.992561, 45.805714], [15.991587, 45.805502], [15.991505, 45.80555], [15.991178, 45.805406]]]}, "properties": {"id": 119, "razina": "kvart", "name": "Petar Krešimir IV.", "color": "#d38345", "area_km2": 0.17, "mo_count": 1, "source": "derivirano: MO (data.zagreb.hr) + OSM imena", "jls_name": "Grad Zagreb", "jls_maticni_broj": "01333", "zupanija": "Grad Zagreb", "palette_idx": 1}}, {"type": "Feature", "id": 120, "geometry": {"type": "Polygon", "coordinates": [[[15.961854, 45.807565], [15.961112, 45.808036], [15.959272, 45.808711], [15.958159, 45.808943], [15.956918, 45.809022], [15.956937, 45.809204], [15.957166, 45.809254], [15.957587, 45.813079], [15.957689, 45.813223], [15.958835, 45.813189], [15.963168, 45.812358], [15.963862, 45.812368], [15.963921, 45.812039], [15.963641, 45.81203], [15.963562, 45.810876], [15.963956, 45.810751], [15.963931, 45.810439], [15.963763, 45.810377], [15.963696, 45.810247], [15.963581, 45.810255], [15.963548, 45.809725], [15.963409, 45.809732], [15.963405, 45.809543], [15.963572, 45.809536], [15.963809, 45.809287], [15.963533, 45.809047], [15.962534, 45.8091], [15.962501, 45.808807], [15.962371, 45.808811], [15.96235, 45.80865], [15.962456, 45.808644], [15.962386, 45.808017], [15.961854, 45.807565]]]}, "properties": {"id": 120, "razina": "kvart", "name": "Petar Zrinski", "color": "#45d3ac", "area_km2": 0.23, "mo_count": 1, "source": "derivirano: MO (data.zagreb.hr) + OSM imena", "jls_name": "Grad Zagreb", "jls_maticni_broj": "01333", "zupanija": "Grad Zagreb", "palette_idx": 1}}, {"type": "Feature", "id": 121, "geometry": {"type": "Polygon", "coordinates": [[[16.066827, 45.767889], [16.066337, 45.767429], [16.066347, 45.767154], [16.065421, 45.766115], [16.063208, 45.763164], [16.062141, 45.762024], [16.060777, 45.760894], [16.059666, 45.760161], [16.057368, 45.759123], [16.05554, 45.758525], [16.053803, 45.758178], [16.053004, 45.7581], [16.051311, 45.758019], [16.049053, 45.758203], [16.046685, 45.758699], [16.043995, 45.759505], [16.04004, 45.761263], [16.036353, 45.763406], [16.03497, 45.764074], [16.032786, 45.765316], [16.032894, 45.767203], [16.032962, 45.767454], [16.033248, 45.767598], [16.033178, 45.768197], [16.033347, 45.76999], [16.033123, 45.771412], [16.032779, 45.771966], [16.031929, 45.772663], [16.029753, 45.77518], [16.029044, 45.776504], [16.028929, 45.777345], [16.028954, 45.778111], [16.029236, 45.779444], [16.029221, 45.779807], [16.029333, 45.779759], [16.031566, 45.7883], [16.032657, 45.789613], [16.039639, 45.78613], [16.040172, 45.785932], [16.046123, 45.782892], [16.050402, 45.78093], [16.053543, 45.779167], [16.059634, 45.776129], [16.059801, 45.776291], [16.06329, 45.774542], [16.070473, 45.770205], [16.068532, 45.769162], [16.066827, 45.767889]]]}, "properties": {"id": 121, "razina": "kvart", "name": "Petruševec", "color": "#d345d1", "area_km2": 6.37, "mo_count": 1, "source": "derivirano: MO (data.zagreb.hr) + OSM imena", "jls_name": "Grad Zagreb", "jls_maticni_broj": "01333", "zupanija": "Grad Zagreb", "palette_idx": 2}}, {"type": "Feature", "id": 122, "geometry": {"type": "Polygon", "coordinates": [[[16.104734, 45.929075], [16.104587, 45.928132], [16.105463, 45.927199], [16.105534, 45.927043], [16.105308, 45.926395], [16.105546, 45.925964], [16.10551, 45.925579], [16.10572, 45.9251], [16.106033, 45.924977], [16.105637, 45.924124], [16.104419, 45.923748], [16.104255, 45.923605], [16.104181, 45.923041], [16.104682, 45.922543], [16.104808, 45.921992], [16.105919, 45.920494], [16.105909, 45.920192], [16.105347, 45.92024], [16.104468, 45.920538], [16.103803, 45.92056], [16.101635, 45.920324], [16.1009, 45.920133], [16.100335, 45.920276], [16.099964, 45.920502], [16.098253, 45.920792], [16.097934, 45.920912], [16.097532, 45.921242], [16.095729, 45.921654], [16.095281, 45.921588], [16.094674, 45.9214], [16.093939, 45.92074], [16.09352, 45.920181], [16.09329, 45.920125], [16.093431, 45.920016], [16.093419, 45.919789], [16.094301, 45.919473], [16.093949, 45.91912], [16.093607, 45.919407], [16.093051, 45.919458], [16.092961, 45.919554], [16.092708, 45.919457], [16.09263, 45.919753], [16.092034, 45.919582], [16.091513, 45.919664], [16.091307, 45.919572], [16.090825, 45.919585], [16.091041, 45.91903], [16.091823, 45.918499], [16.092206, 45.918046], [16.091841, 45.91794], [16.091752, 45.917821], [16.090505, 45.91718], [16.089689, 45.916977], [16.089456, 45.917127], [16.089485, 45.917202], [16.089306, 45.917251], [16.088968, 45.916959], [16.08789, 45.916567], [16.087743, 45.9164], [16.085673, 45.916492], [16.083171, 45.916335], [16.082787, 45.916712], [16.081809, 45.91711], [16.080817, 45.917125], [16.080615, 45.917261], [16.080511, 45.917582], [16.080868, 45.918216], [16.080852, 45.91844], [16.080686, 45.918593], [16.080569, 45.91883], [16.080605, 45.919004], [16.08039, 45.9193], [16.079645, 45.919878], [16.07948, 45.920197], [16.079485, 45.920324], [16.080117, 45.920884], [16.079424, 45.920707], [16.07887, 45.920705], [16.077473, 45.920407], [16.077207, 45.920417], [16.076306, 45.920099], [16.07516, 45.919809], [16.073777, 45.919975], [16.07309, 45.919791], [16.07225, 45.920026], [16.071962, 45.92043], [16.071218, 45.920957], [16.075233, 45.926124], [16.078409, 45.929587], [16.090768, 45.931736], [16.099695, 45.931557], [16.102785, 45.929706], [16.104509, 45.929549], [16.104734, 45.929075]]]}, "properties": {"id": 122, "razina": "kvart", "name": "Planina Donja", "color": "#a8d345", "area_km2": 3.07, "mo_count": 1, "source": "derivirano: MO (data.zagreb.hr) + OSM imena", "jls_name": "Grad Zagreb", "jls_maticni_broj": "01333", "zupanija": "Grad Zagreb", "palette_idx": 2}}, {"type": "Feature", "id": 123, "geometry": {"type": "Polygon", "coordinates": [[[15.83402, 45.810086], [15.829731, 45.815107], [15.829666, 45.815549], [15.828394, 45.817447], [15.82715, 45.81979], [15.826948, 45.819856], [15.826693, 45.820642], [15.824761, 45.82412], [15.823896, 45.82534], [15.823036, 45.826107], [15.823631, 45.827703], [15.823456, 45.828291], [15.823313, 45.829811], [15.822839, 45.83159], [15.82191, 45.832768], [15.821792, 45.833406], [15.822172, 45.83425], [15.823389, 45.835074], [15.824154, 45.835949], [15.824297, 45.836332], [15.824099, 45.836668], [15.823848, 45.836855], [15.823216, 45.837157], [15.822335, 45.837453], [15.82182, 45.837752], [15.82172, 45.838008], [15.821755, 45.838365], [15.8224, 45.839157], [15.823212, 45.839467], [15.826417, 45.839704], [15.827634, 45.840083], [15.828265, 45.840405], [15.829096, 45.841225], [15.829237, 45.841413], [15.829385, 45.842032], [15.829868, 45.841905], [15.830434, 45.841555], [15.83072, 45.841709], [15.831, 45.841624], [15.831844, 45.841625], [15.832315, 45.841356], [15.833874, 45.841046], [15.833886, 45.840368], [15.834063, 45.83965], [15.834433, 45.838867], [15.834685, 45.838613], [15.832933, 45.838681], [15.831611, 45.839338], [15.830882, 45.838972], [15.833918, 45.836827], [15.832995, 45.836304], [15.831646, 45.834255], [15.831635, 45.833964], [15.832075, 45.833852], [15.831644, 45.83285], [15.831676, 45.831856], [15.832257, 45.831206], [15.83333, 45.831288], [15.833384, 45.830776], [15.83422, 45.82952], [15.834939, 45.827748], [15.835841, 45.827711], [15.836268, 45.828238], [15.836389, 45.830066], [15.837042, 45.830454], [15.838281, 45.830232], [15.83937, 45.829811], [15.83981, 45.825176], [15.840213, 45.824896], [15.841055, 45.825068], [15.843391, 45.826002], [15.846902, 45.829987], [15.851408, 45.833904], [15.853296, 45.833844], [15.852738, 45.83211], [15.853253, 45.831123], [15.856, 45.833814], [15.860721, 45.834771], [15.861536, 45.833784], [15.862867, 45.833456], [15.865893, 45.834198], [15.866371, 45.833991], [15.866075, 45.833689], [15.865979, 45.833399], [15.86663, 45.832982], [15.86659, 45.832609], [15.866863, 45.832459], [15.866207, 45.832117], [15.865909, 45.832348], [15.865623, 45.832205], [15.865874, 45.832015], [15.865796, 45.831955], [15.865634, 45.832066], [15.865354, 45.83189], [15.865567, 45.831724], [15.865563, 45.831577], [15.865279, 45.831167], [15.865576, 45.830994], [15.864893, 45.830777], [15.864329, 45.831042], [15.864128, 45.830954], [15.864, 45.830852], [15.864468, 45.83056], [15.863598, 45.830299], [15.863123, 45.830384], [15.863078, 45.830309], [15.863617, 45.829806], [15.863059, 45.829594], [15.862801, 45.829835], [15.862528, 45.829674], [15.862299, 45.829932], [15.8622, 45.82986], [15.862395, 45.829738], [15.861964, 45.828726], [15.861027, 45.828701], [15.861542, 45.827599], [15.862071, 45.826748], [15.862107, 45.826424], [15.861975, 45.826052], [15.861876, 45.82613], [15.861764, 45.826051], [15.860884, 45.826026], [15.85961, 45.825864], [15.859469, 45.826189], [15.858688, 45.82613], [15.858665, 45.8262], [15.857765, 45.826088], [15.857825, 45.826329], [15.857578, 45.826346], [15.857616, 45.826503], [15.857473, 45.82647], [15.857521, 45.826277], [15.857233, 45.826291], [15.857217, 45.826136], [15.857038, 45.826046], [15.856979, 45.825774], [15.85685, 45.825786], [15.856766, 45.825429], [15.856527, 45.825448], [15.856507, 45.823824], [15.856713, 45.823534], [15.85759, 45.823691], [15.857653, 45.823522], [15.857648, 45.823281], [15.857369, 45.822853], [15.857232, 45.822288], [15.857429, 45.822011], [15.858093, 45.821641], [15.857827, 45.821019], [15.857877, 45.820948], [15.858536, 45.820984], [15.859315, 45.82065], [15.859909, 45.82018], [15.860315, 45.819498], [15.860973, 45.819297], [15.860499, 45.819081], [15.860414, 45.818919], [15.861144, 45.818482], [15.861343, 45.818638], [15.861419, 45.818291], [15.862075, 45.817714], [15.861612, 45.817504], [15.861949, 45.81699], [15.861265, 45.816827], [15.861193, 45.816046], [15.861328, 45.816017], [15.860334, 45.815967], [15.860602, 45.815698], [15.860727, 45.815289], [15.861194, 45.814895], [15.861366, 45.814844], [15.861375, 45.813908], [15.86329, 45.813853], [15.863134, 45.813495], [15.862659, 45.813167], [15.86159, 45.813049], [15.861005, 45.812848], [15.860556, 45.812576], [15.860336, 45.812601], [15.86006, 45.812493], [15.860254, 45.812393], [15.860284, 45.81228], [15.859916, 45.81135], [15.859845, 45.811354], [15.857277, 45.801863], [15.857075, 45.801836], [15.854964, 45.802286], [15.854741, 45.802081], [15.853666, 45.801923], [15.852958, 45.80151], [15.853499, 45.800993], [15.853092, 45.800834], [15.852309, 45.800185], [15.852131, 45.799807], [15.852213, 45.799371], [15.851936, 45.799051], [15.847645, 45.797294], [15.844967, 45.800744], [15.843257, 45.80267], [15.841198, 45.804443], [15.837858, 45.806754], [15.836074, 45.808135], [15.83402, 45.810086]]]}, "properties": {"id": 123, "razina": "kvart", "name": "Podsused", "color": "#457ed3", "area_km2": 8.42, "mo_count": 1, "source": "derivirano: MO (data.zagreb.hr) + OSM imena", "jls_name": "Grad Zagreb", "jls_maticni_broj": "01333", "zupanija": "Grad Zagreb", "palette_idx": 2}}, {"type": "Feature", "id": 124, "geometry": {"type": "Polygon", "coordinates": [[[16.063678, 45.82862], [16.058519, 45.82947], [16.059187, 45.830135], [16.059539, 45.830831], [16.06012, 45.830826], [16.060215, 45.83071], [16.060558, 45.831411], [16.060585, 45.831854], [16.063369, 45.831853], [16.063369, 45.831735], [16.063711, 45.831696], [16.06395, 45.832179], [16.063861, 45.832243], [16.063948, 45.83243], [16.064436, 45.832915], [16.06461, 45.83286], [16.064974, 45.83326], [16.066087, 45.833189], [16.073532, 45.83235], [16.073565, 45.832112], [16.073367, 45.831624], [16.073776, 45.830759], [16.07538, 45.829129], [16.07643, 45.827914], [16.076457, 45.82777], [16.076331, 45.827673], [16.075984, 45.827689], [16.073978, 45.827949], [16.07385, 45.828025], [16.06905, 45.828612], [16.067635, 45.828685], [16.063678, 45.82862]]]}, "properties": {"id": 124, "razina": "kvart", "name": "Poljanice", "color": "#d34555", "area_km2": 0.51, "mo_count": 1, "source": "derivirano: MO (data.zagreb.hr) + OSM imena", "jls_name": "Grad Zagreb", "jls_maticni_broj": "01333", "zupanija": "Grad Zagreb", "palette_idx": 1}}, {"type": "Feature", "id": 125, "geometry": {"type": "Polygon", "coordinates": [[[15.944037, 45.795158], [15.944271, 45.794357], [15.943802, 45.79445], [15.943555, 45.794273], [15.940892, 45.794096], [15.94046, 45.794182], [15.936778, 45.794151], [15.936539, 45.796804], [15.936096, 45.798126], [15.935736, 45.800674], [15.935698, 45.80174], [15.935336, 45.803335], [15.935551, 45.803915], [15.935508, 45.804357], [15.937257, 45.804487], [15.93747, 45.803486], [15.939234, 45.803785], [15.940442, 45.804145], [15.94313, 45.804214], [15.943628, 45.801075], [15.943536, 45.800581], [15.943102, 45.799821], [15.943087, 45.799303], [15.943298, 45.798093], [15.943491, 45.797642], [15.943419, 45.797481], [15.943461, 45.797322], [15.94353, 45.797336], [15.943503, 45.797102], [15.944005, 45.795252], [15.944133, 45.795184], [15.944037, 45.795158]]]}, "properties": {"id": 125, "razina": "kvart", "name": "Pongračevo", "color": "#45d35f", "area_km2": 0.64, "mo_count": 1, "source": "derivirano: MO (data.zagreb.hr) + OSM imena", "jls_name": "Grad Zagreb", "jls_maticni_broj": "01333", "zupanija": "Grad Zagreb", "palette_idx": 4}}, {"type": "Feature", "id": 126, "geometry": {"type": "Polygon", "coordinates": [[[16.144881, 45.848537], [16.146619, 45.847624], [16.14682, 45.847738], [16.147324, 45.847629], [16.148185, 45.847215], [16.150182, 45.846814], [16.15006, 45.846542], [16.15007, 45.844513], [16.146545, 45.845257], [16.146445, 45.845188], [16.146582, 45.844503], [16.14683, 45.843925], [16.147328, 45.843375], [16.148488, 45.843238], [16.14967, 45.840023], [16.146788, 45.839492], [16.146939, 45.839103], [16.144136, 45.838573], [16.144205, 45.838377], [16.142865, 45.838077], [16.142307, 45.838682], [16.141935, 45.839647], [16.141771, 45.839806], [16.14162, 45.840364], [16.141597, 45.840887], [16.141839, 45.842002], [16.141827, 45.842748], [16.142025, 45.843101], [16.142005, 45.843511], [16.142163, 45.843908], [16.142112, 45.844304], [16.140846, 45.843923], [16.139868, 45.843797], [16.138397, 45.843427], [16.137618, 45.843276], [16.136859, 45.843289], [16.136628, 45.84323], [16.136297, 45.843124], [16.135384, 45.84255], [16.134055, 45.84232], [16.133295, 45.842277], [16.132164, 45.842273], [16.131542, 45.842466], [16.130999, 45.842957], [16.129803, 45.843746], [16.128826, 45.84496], [16.12875, 45.845245], [16.128564, 45.84541], [16.126578, 45.846409], [16.126303, 45.846621], [16.12484, 45.848422], [16.12649, 45.853209], [16.128047, 45.857267], [16.128989, 45.857223], [16.130468, 45.857279], [16.131092, 45.857114], [16.131471, 45.856612], [16.13209, 45.857156], [16.13347, 45.857983], [16.133893, 45.85838], [16.134569, 45.859307], [16.133814, 45.859695], [16.133862, 45.859794], [16.144374, 45.861284], [16.144263, 45.861019], [16.144486, 45.860354], [16.144414, 45.858884], [16.144926, 45.856706], [16.144758, 45.854586], [16.144909, 45.854498], [16.144921, 45.854367], [16.145662, 45.85403], [16.147185, 45.853184], [16.147615, 45.852863], [16.149296, 45.851993], [16.148295, 45.850924], [16.148153, 45.851002], [16.14797, 45.850938], [16.144881, 45.848537]]]}, "properties": {"id": 126, "razina": "kvart", "name": "Popovec", "color": "#8945d3", "area_km2": 3.03, "mo_count": 1, "source": "derivirano: MO (data.zagreb.hr) + OSM imena", "jls_name": "Grad Zagreb", "jls_maticni_broj": "01333", "zupanija": "Grad Zagreb", "palette_idx": 1}}, {"type": "Feature", "id": 127, "geometry": {"type": "Polygon", "coordinates": [[[16.115289, 45.885591], [16.114251, 45.884718], [16.114178, 45.884208], [16.113735, 45.883607], [16.113142, 45.883112], [16.112336, 45.883034], [16.112182, 45.883457], [16.112384, 45.884128], [16.112328, 45.884307], [16.112059, 45.884539], [16.112209, 45.885254], [16.111439, 45.88549], [16.111209, 45.885666], [16.111206, 45.885791], [16.111284, 45.885779], [16.111142, 45.886086], [16.110867, 45.886559], [16.11058, 45.886803], [16.110731, 45.886976], [16.110281, 45.887472], [16.110131, 45.887863], [16.109292, 45.888303], [16.108509, 45.888897], [16.107552, 45.889404], [16.107132, 45.8898], [16.106403, 45.890713], [16.106308, 45.891297], [16.105777, 45.892003], [16.105231, 45.89243], [16.105141, 45.894396], [16.104692, 45.895577], [16.104534, 45.896278], [16.104844, 45.896796], [16.104555, 45.896962], [16.104293, 45.897823], [16.104336, 45.898484], [16.10403, 45.898989], [16.103976, 45.900588], [16.103706, 45.901285], [16.104025, 45.902033], [16.104187, 45.903008], [16.104711, 45.903849], [16.104247, 45.904263], [16.104091, 45.90459], [16.104161, 45.904764], [16.10455, 45.905003], [16.104919, 45.905004], [16.105176, 45.905311], [16.105534, 45.905462], [16.106493, 45.905072], [16.106931, 45.905082], [16.106904, 45.905736], [16.107363, 45.906207], [16.107429, 45.906651], [16.107124, 45.906935], [16.106526, 45.907223], [16.106075, 45.907546], [16.106276, 45.907676], [16.106747, 45.907579], [16.107818, 45.907152], [16.1084, 45.906672], [16.109271, 45.904852], [16.10959, 45.904977], [16.109539, 45.905069], [16.109829, 45.905144], [16.109922, 45.905358], [16.110157, 45.905492], [16.109835, 45.905854], [16.109925, 45.90581], [16.110294, 45.905946], [16.110435, 45.90608], [16.111167, 45.906327], [16.111353, 45.906332], [16.112477, 45.905687], [16.112701, 45.905841], [16.11304, 45.905698], [16.113678, 45.905651], [16.114312, 45.905401], [16.114949, 45.905283], [16.115022, 45.905411], [16.115801, 45.905649], [16.115825, 45.905602], [16.116093, 45.905651], [16.116103, 45.905519], [16.116626, 45.905834], [16.116715, 45.905624], [16.116856, 45.905615], [16.116827, 45.904804], [16.116735, 45.904224], [16.116526, 45.904016], [16.117668, 45.903662], [16.118076, 45.903457], [16.118287, 45.903196], [16.118273, 45.902662], [16.117765, 45.902233], [16.117507, 45.901722], [16.11751, 45.901023], [16.117584, 45.901016], [16.117719, 45.900235], [16.117718, 45.900164], [16.117503, 45.900088], [16.117663, 45.899236], [16.118598, 45.898195], [16.118612, 45.897926], [16.119047, 45.897422], [16.120963, 45.895818], [16.121359, 45.895713], [16.121704, 45.895392], [16.121887, 45.894939], [16.122489, 45.894252], [16.123125, 45.893799], [16.123375, 45.89302], [16.123547, 45.892882], [16.123495, 45.892667], [16.123597, 45.89256], [16.123109, 45.892064], [16.123556, 45.891898], [16.123672, 45.891766], [16.122948, 45.890924], [16.122462, 45.890173], [16.121803, 45.890313], [16.120812, 45.889789], [16.120555, 45.889497], [16.119826, 45.889268], [16.119039, 45.888837], [16.117555, 45.887562], [16.117269, 45.887456], [16.115861, 45.886162], [16.11553, 45.885615], [16.115289, 45.885591]]]}, "properties": {"id": 127, "razina": "kvart", "name": "Prekvršje", "color": "#d3b245", "area_km2": 2.41, "mo_count": 1, "source": "derivirano: MO (data.zagreb.hr) + OSM imena", "jls_name": "Grad Zagreb", "jls_maticni_broj": "01333", "zupanija": "Grad Zagreb", "palette_idx": 2}}, {"type": "Feature", "id": 128, "geometry": {"type": "Polygon", "coordinates": [[[16.129545, 45.890872], [16.129228, 45.891846], [16.128888, 45.892406], [16.128773, 45.893395], [16.129032, 45.894776], [16.128757, 45.894887], [16.129328, 45.895154], [16.129051, 45.895509], [16.128491, 45.895545], [16.128381, 45.895642], [16.128208, 45.896178], [16.128577, 45.896422], [16.128871, 45.896865], [16.128913, 45.897133], [16.12835, 45.89794], [16.128206, 45.898438], [16.128641, 45.898892], [16.128476, 45.899658], [16.128975, 45.899844], [16.129015, 45.899994], [16.128715, 45.900195], [16.128344, 45.900157], [16.128177, 45.899986], [16.127902, 45.90004], [16.127732, 45.900336], [16.127522, 45.900466], [16.127857, 45.90039], [16.128955, 45.900402], [16.129332, 45.900249], [16.130216, 45.900505], [16.129909, 45.901118], [16.130905, 45.90135], [16.130749, 45.901872], [16.131229, 45.902026], [16.130817, 45.902749], [16.131437, 45.903194], [16.131061, 45.903751], [16.133303, 45.904096], [16.133994, 45.904101], [16.134675, 45.903956], [16.134736, 45.904064], [16.13488, 45.904077], [16.134843, 45.904265], [16.134938, 45.904394], [16.135171, 45.904352], [16.135302, 45.90482], [16.135411, 45.904888], [16.135528, 45.904827], [16.135604, 45.90487], [16.135542, 45.90499], [16.135668, 45.905102], [16.135519, 45.905163], [16.135771, 45.905499], [16.136811, 45.905583], [16.137024, 45.905513], [16.138167, 45.905983], [16.140276, 45.907275], [16.1404, 45.907571], [16.140938, 45.908092], [16.141758, 45.908413], [16.142136, 45.908399], [16.142357, 45.907881], [16.142683, 45.907447], [16.143446, 45.907143], [16.144072, 45.905911], [16.144185, 45.904784], [16.143725, 45.903958], [16.143699, 45.903491], [16.144538, 45.902704], [16.144845, 45.902298], [16.145345, 45.902026], [16.145683, 45.901489], [16.14582, 45.900951], [16.145654, 45.9002], [16.145337, 45.899707], [16.145384, 45.899237], [16.145799, 45.898655], [16.146463, 45.898], [16.147369, 45.897439], [16.147861, 45.896862], [16.147277, 45.896549], [16.147131, 45.8963], [16.146599, 45.895845], [16.146639, 45.895738], [16.146428, 45.895293], [16.146494, 45.894963], [16.146168, 45.894148], [16.145667, 45.893696], [16.145158, 45.892675], [16.144553, 45.892039], [16.143296, 45.891463], [16.142785, 45.891387], [16.141787, 45.891338], [16.140859, 45.891391], [16.139795, 45.891581], [16.139726, 45.89166], [16.13823, 45.891549], [16.13647, 45.891137], [16.136516, 45.891773], [16.135314, 45.891841], [16.135208, 45.891759], [16.135191, 45.891427], [16.134998, 45.891316], [16.135086, 45.891131], [16.134957, 45.890975], [16.131757, 45.890672], [16.129685, 45.890813], [16.129545, 45.890872]]]}, "properties": {"id": 128, "razina": "kvart", "name": "Prepuštovec", "color": "#45cbd3", "area_km2": 2.01, "mo_count": 1, "source": "derivirano: MO (data.zagreb.hr) + OSM imena", "jls_name": "Grad Zagreb", "jls_maticni_broj": "01333", "zupanija": "Grad Zagreb", "palette_idx": 2}}, {"type": "Feature", "id": 129, "geometry": {"type": "Polygon", "coordinates": [[[15.910121, 45.786281], [15.909255, 45.785144], [15.908922, 45.784407], [15.909213, 45.782679], [15.909126, 45.781772], [15.908866, 45.781369], [15.907828, 45.780343], [15.906155, 45.777941], [15.903934, 45.779073], [15.90345, 45.77942], [15.901861, 45.780924], [15.900241, 45.782769], [15.899318, 45.783664], [15.89719, 45.785193], [15.896063, 45.785837], [15.894551, 45.786357], [15.892769, 45.786767], [15.890922, 45.786968], [15.888794, 45.786956], [15.887384, 45.78862], [15.88685, 45.789555], [15.887613, 45.789604], [15.887871, 45.789888], [15.88795, 45.790174], [15.888975, 45.790517], [15.889735, 45.791251], [15.890507, 45.791417], [15.89053, 45.793936], [15.89062, 45.794613], [15.891015, 45.79503], [15.89179, 45.795462], [15.891971, 45.796676], [15.891965, 45.797305], [15.892772, 45.797283], [15.892828, 45.796957], [15.893326, 45.796903], [15.895736, 45.796873], [15.895706, 45.796813], [15.897664, 45.796778], [15.904146, 45.796385], [15.91091, 45.795774], [15.910779, 45.794984], [15.910488, 45.794761], [15.910649, 45.794167], [15.910522, 45.793498], [15.91059, 45.793478], [15.909635, 45.791974], [15.911168, 45.790853], [15.910964, 45.790668], [15.910311, 45.790533], [15.91019, 45.790596], [15.909565, 45.790396], [15.90969, 45.790025], [15.908905, 45.789161], [15.908283, 45.788921], [15.908636, 45.788434], [15.909165, 45.787944], [15.909931, 45.788013], [15.910434, 45.788175], [15.910438, 45.787389], [15.910217, 45.787058], [15.910121, 45.786281]]]}, "properties": {"id": 129, "razina": "kvart", "name": "Prečko", "color": "#d345a2", "area_km2": 2.35, "mo_count": 1, "source": "derivirano: MO (data.zagreb.hr) + OSM imena", "jls_name": "Grad Zagreb", "jls_maticni_broj": "01333", "zupanija": "Grad Zagreb", "palette_idx": 2}}, {"type": "Feature", "id": 130, "geometry": {"type": "Polygon", "coordinates": [[[16.005795, 45.839243], [16.005917, 45.838118], [16.006322, 45.837417], [16.006082, 45.835625], [16.00609, 45.834415], [16.005949, 45.8343], [16.005963, 45.833747], [16.005859, 45.833559], [16.005954, 45.833021], [16.005461, 45.833646], [16.005102, 45.833876], [16.004803, 45.833772], [16.004325, 45.833872], [16.004446, 45.834004], [16.004246, 45.833997], [16.004001, 45.834545], [16.003842, 45.834527], [16.00367, 45.835217], [16.003336, 45.835265], [16.003513, 45.835593], [16.002016, 45.835651], [16.001518, 45.835758], [16.001041, 45.836127], [16.000806, 45.83638], [16.001124, 45.836544], [16.001183, 45.836705], [16.000918, 45.837391], [16.000432, 45.837261], [16.000247, 45.837643], [15.999455, 45.83736], [15.998707, 45.837402], [15.998389, 45.837706], [15.997322, 45.838193], [15.997047, 45.838357], [15.996804, 45.838664], [15.996482, 45.838783], [15.996363, 45.839082], [15.996072, 45.839392], [15.995809, 45.839477], [15.995596, 45.839707], [15.995216, 45.839795], [15.995097, 45.840219], [15.994817, 45.840416], [15.994678, 45.840656], [15.99459, 45.841243], [15.994395, 45.841631], [15.994272, 45.841702], [15.994207, 45.842278], [15.994013, 45.84262], [15.993721, 45.842829], [15.993607, 45.843204], [15.993266, 45.843518], [15.990977, 45.842786], [15.990837, 45.842283], [15.990917, 45.842109], [15.990673, 45.842024], [15.990704, 45.841653], [15.990378, 45.841408], [15.990336, 45.841229], [15.989385, 45.841324], [15.989274, 45.841556], [15.989004, 45.841784], [15.988556, 45.842031], [15.988148, 45.842135], [15.988123, 45.842311], [15.987732, 45.842853], [15.987426, 45.843036], [15.987231, 45.843371], [15.986861, 45.843564], [15.986952, 45.843721], [15.986703, 45.843824], [15.986788, 45.84389], [15.98664, 45.843978], [15.986798, 45.844019], [15.986375, 45.844324], [15.986234, 45.844562], [15.985601, 45.844964], [15.985701, 45.845092], [15.985425, 45.845347], [15.985226, 45.845385], [15.985256, 45.845485], [15.985074, 45.845451], [15.984887, 45.845554], [15.984606, 45.845568], [15.98438, 45.845772], [15.983995, 45.845828], [15.983874, 45.845773], [15.983794, 45.846331], [15.984829, 45.846971], [15.984741, 45.847517], [15.985553, 45.849201], [15.985435, 45.849406], [15.984965, 45.84964], [15.984891, 45.84998], [15.985061, 45.850838], [15.984952, 45.851147], [15.985379, 45.851379], [15.985408, 45.852029], [15.984539, 45.852162], [15.984508, 45.852297], [15.983503, 45.852179], [15.983478, 45.852242], [15.981784, 45.852339], [15.98042, 45.852596], [15.979987, 45.852941], [15.979859, 45.853796], [15.980439, 45.855801], [15.980811, 45.855611], [15.981075, 45.855711], [15.981132, 45.855964], [15.982397, 45.857397], [15.983435, 45.857925], [15.983654, 45.85807], [15.983596, 45.858113], [15.983904, 45.858268], [15.984086, 45.858241], [15.98407, 45.858609], [15.983979, 45.858694], [15.984257, 45.858522], [15.985612, 45.8589], [15.985745, 45.858676], [15.98688, 45.858819], [15.987045, 45.85832], [15.986919, 45.857884], [15.987675, 45.857908], [15.987912, 45.857822], [15.988717, 45.858109], [15.99066, 45.858518], [15.991769, 45.858001], [15.992396, 45.857781], [15.992765, 45.857757], [15.992885, 45.857784], [15.99303, 45.858242], [15.993551, 45.858504], [15.993581, 45.858022], [15.994382, 45.85718], [15.99423, 45.856991], [15.99498, 45.856441], [15.994851, 45.856266], [15.995438, 45.855827], [15.995348, 45.855637], [15.995487, 45.855543], [15.995615, 45.855564], [15.995634, 45.855407], [15.995804, 45.855452], [15.995865, 45.855231], [15.996001, 45.85517], [15.995984, 45.855002], [15.996216, 45.854945], [15.996614, 45.855021], [15.997151, 45.854922], [15.997319, 45.854805], [15.997781, 45.854871], [15.997935, 45.854815], [15.997911, 45.854705], [15.99822, 45.854675], [15.998733, 45.854737], [15.998778, 45.854879], [15.999262, 45.855103], [15.999955, 45.855195], [16.000158, 45.855128], [16.000837, 45.855161], [16.000858, 45.855248], [16.001096, 45.855041], [16.001351, 45.855], [16.001733, 45.854652], [16.001941, 45.854595], [16.002076, 45.854374], [16.002976, 45.854392], [16.003217, 45.854491], [16.003388, 45.854367], [16.003443, 45.854064], [16.004218, 45.853522], [16.003945, 45.853377], [16.004099, 45.853164], [16.003885, 45.852984], [16.004157, 45.852575], [16.004999, 45.852535], [16.005524, 45.852586], [16.005892, 45.852457], [16.006457, 45.851911], [16.006609, 45.851882], [16.006597, 45.851716], [16.00635, 45.851608], [16.006332, 45.851441], [16.006442, 45.851154], [16.007024, 45.850479], [16.00727, 45.850457], [16.007391, 45.850343], [16.007652, 45.850288], [16.007767, 45.850349], [16.008036, 45.850287], [16.008105, 45.850128], [16.00821, 45.850083], [16.00833, 45.850144], [16.008983, 45.849698], [16.008016, 45.849037], [16.008013, 45.848959], [16.006848, 45.848898], [16.006365, 45.849331], [16.005364, 45.849725], [16.005122, 45.849929], [16.00469, 45.850551], [16.004576, 45.850313], [16.004024, 45.850081], [16.004812, 45.849564], [16.005674, 45.848553], [16.005635, 45.848335], [16.004138, 45.848316], [16.001316, 45.848487], [15.999691, 45.848987], [15.99881, 45.849044], [15.99836, 45.847568], [15.998081, 45.847558], [15.998263, 45.847046], [15.998614, 45.847152], [15.999096, 45.846356], [15.999033, 45.84621], [15.999573, 45.845548], [16.000212, 45.845175], [15.999978, 45.845055], [16.001047, 45.843945], [16.000819, 45.843839], [16.00071, 45.843899], [16.000535, 45.843798], [16.000929, 45.843116], [16.00231, 45.843618], [16.002745, 45.843397], [16.004578, 45.842941], [16.005428, 45.842941], [16.005639, 45.842873], [16.006499, 45.84239], [16.006858, 45.842054], [16.006923, 45.8419], [16.006789, 45.841591], [16.006108, 45.840571], [16.006126, 45.84013], [16.005795, 45.839243]]]}, "properties": {"id": 130, "razina": "kvart", "name": "Remete", "color": "#78d345", "area_km2": 2.96, "mo_count": 1, "source": "derivirano: MO (data.zagreb.hr) + OSM imena", "jls_name": "Grad Zagreb", "jls_maticni_broj": "01333", "zupanija": "Grad Zagreb", "palette_idx": 4}}, {"type": "Feature", "id": 131, "geometry": {"type": "Polygon", "coordinates": [[[15.935315, 45.761965], [15.93576, 45.762134], [15.934429, 45.764486], [15.934137, 45.764484], [15.934044, 45.764654], [15.932951, 45.76457], [15.932953, 45.765077], [15.933994, 45.765286], [15.933529, 45.765647], [15.933528, 45.765758], [15.93436, 45.766617], [15.934527, 45.766678], [15.934297, 45.766782], [15.934619, 45.76772], [15.934568, 45.767898], [15.934119, 45.76841], [15.934312, 45.768457], [15.934174, 45.768672], [15.934366, 45.768797], [15.93439, 45.768934], [15.93379, 45.769631], [15.934535, 45.769933], [15.933667, 45.772766], [15.934433, 45.772897], [15.937868, 45.77385], [15.939568, 45.774566], [15.94129, 45.77552], [15.943072, 45.773585], [15.943278, 45.773675], [15.94448, 45.772323], [15.944754, 45.770691], [15.945774, 45.770826], [15.946286, 45.77098], [15.947123, 45.771417], [15.949813, 45.77254], [15.950631, 45.77266], [15.951245, 45.772641], [15.951786, 45.772513], [15.950296, 45.770856], [15.94954, 45.769033], [15.94882, 45.768184], [15.948177, 45.767726], [15.947573, 45.767441], [15.946439, 45.767177], [15.946014, 45.76718], [15.945438, 45.758621], [15.945495, 45.758313], [15.946081, 45.75776], [15.945299, 45.757617], [15.944847, 45.757655], [15.944787, 45.757984], [15.944529, 45.757988], [15.944484, 45.75767], [15.941522, 45.757738], [15.940747, 45.757593], [15.940252, 45.757219], [15.938267, 45.75791], [15.938117, 45.757698], [15.937909, 45.757768], [15.937952, 45.757819], [15.937858, 45.757859], [15.939911, 45.758499], [15.940172, 45.758792], [15.939862, 45.759002], [15.937202, 45.758157], [15.936943, 45.758428], [15.935764, 45.76042], [15.935674, 45.760312], [15.935512, 45.760333], [15.934732, 45.760593], [15.935128, 45.761347], [15.935315, 45.761965]]]}, "properties": {"id": 131, "razina": "kvart", "name": "Remetinec", "color": "#454ed3", "area_km2": 1.66, "mo_count": 1, "source": "derivirano: MO (data.zagreb.hr) + OSM imena", "jls_name": "Grad Zagreb", "jls_maticni_broj": "01333", "zupanija": "Grad Zagreb", "palette_idx": 2}}, {"type": "Feature", "id": 132, "geometry": {"type": "Polygon", "coordinates": [[[16.101044, 45.801567], [16.101091, 45.800698], [16.10085, 45.800644], [16.100778, 45.800494], [16.100721, 45.797501], [16.101221, 45.796633], [16.101606, 45.796323], [16.101658, 45.795857], [16.102017, 45.795082], [16.102144, 45.794169], [16.103037, 45.793512], [16.10333, 45.793157], [16.064046, 45.79318], [16.062786, 45.793274], [16.060937, 45.79327], [16.059986, 45.793356], [16.057736, 45.793333], [16.061186, 45.798702], [16.06337, 45.802316], [16.089771, 45.805795], [16.093411, 45.806206], [16.096017, 45.806366], [16.099873, 45.80637], [16.103125, 45.806164], [16.107008, 45.805648], [16.106833, 45.805145], [16.106394, 45.804658], [16.105819, 45.80441], [16.105646, 45.804222], [16.104889, 45.803982], [16.104295, 45.803594], [16.104329, 45.803143], [16.103742, 45.803016], [16.103515, 45.802898], [16.103486, 45.802704], [16.103699, 45.80247], [16.102927, 45.802085], [16.102856, 45.801744], [16.102947, 45.801643], [16.101967, 45.80175], [16.101044, 45.801567]]]}, "properties": {"id": 132, "razina": "kvart", "name": "Resnik", "color": "#d36545", "area_km2": 4.14, "mo_count": 1, "source": "derivirano: MO (data.zagreb.hr) + OSM imena", "jls_name": "Grad Zagreb", "jls_maticni_broj": "01333", "zupanija": "Grad Zagreb", "palette_idx": 0}}, {"type": "Feature", "id": 133, "geometry": {"type": "Polygon", "coordinates": [[[16.06337, 45.802316], [16.065884, 45.80649], [16.065528, 45.806551], [16.063805, 45.805819], [16.063621, 45.806022], [16.06338, 45.80608], [16.062761, 45.805845], [16.062104, 45.805764], [16.06145, 45.805796], [16.060835, 45.805933], [16.058667, 45.806649], [16.06038, 45.809484], [16.062616, 45.808821], [16.062882, 45.809246], [16.062993, 45.809815], [16.06062, 45.810023], [16.060709, 45.810298], [16.060673, 45.810637], [16.062867, 45.810511], [16.062729, 45.811153], [16.063028, 45.811867], [16.063056, 45.81222], [16.063545, 45.812299], [16.065449, 45.8124], [16.065811, 45.812392], [16.065992, 45.812298], [16.066522, 45.812354], [16.066641, 45.812187], [16.067585, 45.812211], [16.068313, 45.811689], [16.069291, 45.813307], [16.07023, 45.814313], [16.071479, 45.816414], [16.072126, 45.816561], [16.073539, 45.817113], [16.085852, 45.817487], [16.087553, 45.817449], [16.090944, 45.817292], [16.090982, 45.81596], [16.093816, 45.815804], [16.094926, 45.814758], [16.095832, 45.814798], [16.095911, 45.814873], [16.096759, 45.81488], [16.0987, 45.814278], [16.099009, 45.814394], [16.09885, 45.8149], [16.100533, 45.815155], [16.1005, 45.814974], [16.100676, 45.814751], [16.100764, 45.814123], [16.101287, 45.813658], [16.101297, 45.813423], [16.101558, 45.81343], [16.101576, 45.813296], [16.101572, 45.813022], [16.101385, 45.81272], [16.101489, 45.812576], [16.101431, 45.812159], [16.101136, 45.810328], [16.101019, 45.810311], [16.101067, 45.809781], [16.100482, 45.806337], [16.096743, 45.806384], [16.092628, 45.806146], [16.06337, 45.802316]]]}, "properties": {"id": 133, "razina": "kvart", "name": "Resnički gaj", "color": "#45d38f", "area_km2": 3.7, "mo_count": 1, "source": "derivirano: MO (data.zagreb.hr) + OSM imena", "jls_name": "Grad Zagreb", "jls_maticni_broj": "01333", "zupanija": "Grad Zagreb", "palette_idx": 1}}, {"type": "Feature", "id": 134, "geometry": {"type": "Polygon", "coordinates": [[[16.092574, 45.82033], [16.094404, 45.819111], [16.096117, 45.817699], [16.096473, 45.817548], [16.098344, 45.817101], [16.098203, 45.816891], [16.097856, 45.816741], [16.09758, 45.816447], [16.097415, 45.814676], [16.096759, 45.81488], [16.095911, 45.814873], [16.095832, 45.814798], [16.094926, 45.814758], [16.093816, 45.815804], [16.090982, 45.81596], [16.090944, 45.817292], [16.085852, 45.817487], [16.073539, 45.817113], [16.072126, 45.816561], [16.071479, 45.816414], [16.071792, 45.817259], [16.071885, 45.817807], [16.071643, 45.818643], [16.071329, 45.819175], [16.070771, 45.81977], [16.069781, 45.820439], [16.068781, 45.820832], [16.067566, 45.821068], [16.067085, 45.82111], [16.066852, 45.821002], [16.066406, 45.821102], [16.065716, 45.820998], [16.065553, 45.821227], [16.060072, 45.820328], [16.060029, 45.820371], [16.059959, 45.820279], [16.059165, 45.820145], [16.059104, 45.82022], [16.054628, 45.819466], [16.054574, 45.819909], [16.054421, 45.819899], [16.054404, 45.820136], [16.054731, 45.820155], [16.05474, 45.820619], [16.054342, 45.82068], [16.054026, 45.822266], [16.054297, 45.822348], [16.054197, 45.822559], [16.053997, 45.822417], [16.053854, 45.822962], [16.053716, 45.822947], [16.053651, 45.823374], [16.053575, 45.823365], [16.053541, 45.823498], [16.053388, 45.823482], [16.053368, 45.823586], [16.053769, 45.823632], [16.05367, 45.823776], [16.053406, 45.823747], [16.053253, 45.824342], [16.053357, 45.824354], [16.053357, 45.824693], [16.053443, 45.824703], [16.053389, 45.824933], [16.053932, 45.824993], [16.053957, 45.825054], [16.053654, 45.825017], [16.053628, 45.825129], [16.053983, 45.825164], [16.054091, 45.825729], [16.053988, 45.82572], [16.053873, 45.826134], [16.05377, 45.826125], [16.053737, 45.82627], [16.053892, 45.826286], [16.05385, 45.826482], [16.054191, 45.826516], [16.054129, 45.826925], [16.053927, 45.826907], [16.053897, 45.827228], [16.053496, 45.827189], [16.053475, 45.827325], [16.053846, 45.82736], [16.053713, 45.828082], [16.054198, 45.828148], [16.054218, 45.828404], [16.05408, 45.828379], [16.053988, 45.828602], [16.054014, 45.828854], [16.054156, 45.828887], [16.054019, 45.829151], [16.05602, 45.829513], [16.057794, 45.82959], [16.063301, 45.828652], [16.064827, 45.828601], [16.067635, 45.828685], [16.06905, 45.828612], [16.07385, 45.828025], [16.073978, 45.827949], [16.075984, 45.827689], [16.076331, 45.827673], [16.076457, 45.82777], [16.076434, 45.827894], [16.078834, 45.827351], [16.079779, 45.827208], [16.079902, 45.827258], [16.08118, 45.827], [16.085097, 45.826493], [16.087024, 45.826091], [16.087, 45.825702], [16.087468, 45.825196], [16.087414, 45.82497], [16.087305, 45.824925], [16.087422, 45.824591], [16.088853, 45.823551], [16.089195, 45.822779], [16.091163, 45.82111], [16.092574, 45.82033]]]}, "properties": {"id": 134, "razina": "kvart", "name": "Retkovec", "color": "#b845d3", "area_km2": 3.05, "mo_count": 3, "source": "derivirano: MO (data.zagreb.hr) + OSM imena", "jls_name": "Grad Zagreb", "jls_maticni_broj": "01333", "zupanija": "Grad Zagreb", "palette_idx": 0}}, {"type": "Feature", "id": 135, "geometry": {"type": "Polygon", "coordinates": [[[15.916585, 45.795765], [15.916503, 45.795337], [15.908707, 45.795981], [15.909111, 45.796389], [15.909126, 45.796608], [15.909767, 45.797239], [15.911484, 45.798561], [15.917974, 45.802472], [15.919211, 45.803338], [15.924556, 45.806612], [15.924422, 45.806217], [15.924451, 45.805627], [15.924803, 45.804301], [15.925647, 45.802327], [15.924887, 45.799726], [15.924874, 45.79943], [15.925057, 45.799332], [15.926254, 45.799386], [15.92846, 45.799076], [15.930119, 45.798229], [15.93045, 45.797654], [15.931006, 45.797148], [15.931327, 45.79634], [15.931228, 45.795453], [15.930975, 45.795], [15.931185, 45.794502], [15.918504, 45.795601], [15.917818, 45.795572], [15.916585, 45.795765]]]}, "properties": {"id": 135, "razina": "kvart", "name": "Rudeš", "color": "#c5d345", "area_km2": 1.1, "mo_count": 1, "source": "derivirano: MO (data.zagreb.hr) + OSM imena", "jls_name": "Grad Zagreb", "jls_maticni_broj": "01333", "zupanija": "Grad Zagreb", "palette_idx": 1}}, {"type": "Feature", "id": 136, "geometry": {"type": "Polygon", "coordinates": [[[15.99649, 45.786397], [15.996015, 45.786507], [15.995733, 45.786664], [15.99457, 45.786882], [15.994641, 45.790429], [15.994538, 45.790581], [15.99434, 45.790653], [15.994362, 45.790752], [15.994481, 45.790761], [15.994603, 45.791599], [15.994581, 45.793383], [15.991968, 45.793248], [15.99186, 45.794329], [15.991168, 45.79471], [15.990707, 45.795147], [15.991828, 45.795285], [15.999893, 45.795702], [16.000926, 45.794099], [16.002035, 45.792777], [16.004285, 45.789791], [16.00451, 45.788986], [16.004552, 45.788037], [16.004291, 45.786988], [16.003701, 45.786025], [16.003916, 45.785934], [16.00381, 45.785745], [16.003586, 45.785831], [16.002741, 45.784365], [15.999333, 45.785666], [15.996555, 45.786529], [15.99649, 45.786397]]]}, "properties": {"id": 136, "razina": "kvart", "name": "Savica", "color": "#459bd3", "area_km2": 0.77, "mo_count": 1, "source": "derivirano: MO (data.zagreb.hr) + OSM imena", "jls_name": "Grad Zagreb", "jls_maticni_broj": "01333", "zupanija": "Grad Zagreb", "palette_idx": 2}}, {"type": "Feature", "id": 137, "geometry": {"type": "Polygon", "coordinates": [[[15.950296, 45.770856], [15.952712, 45.773478], [15.953061, 45.773988], [15.953145, 45.774547], [15.952999, 45.775892], [15.953449, 45.775906], [15.953681, 45.77661], [15.95837, 45.776752], [15.958689, 45.776613], [15.959841, 45.776614], [15.959888, 45.776507], [15.959749, 45.776433], [15.960114, 45.775655], [15.960753, 45.774738], [15.960565, 45.774698], [15.961985, 45.772243], [15.962116, 45.77228], [15.963732, 45.769051], [15.964786, 45.767606], [15.965394, 45.767087], [15.965394, 45.766706], [15.965354, 45.766669], [15.96397, 45.76752], [15.961533, 45.76863], [15.960029, 45.768977], [15.958914, 45.769142], [15.957477, 45.76927], [15.956218, 45.769285], [15.954959, 45.769209], [15.953088, 45.768922], [15.951807, 45.768589], [15.94949, 45.767854], [15.947134, 45.766858], [15.946468, 45.766336], [15.945996, 45.766124], [15.945931, 45.76663], [15.946014, 45.76718], [15.946439, 45.767177], [15.947573, 45.767441], [15.948568, 45.767987], [15.949111, 45.76847], [15.94954, 45.769033], [15.950296, 45.770856]]]}, "properties": {"id": 137, "razina": "kvart", "name": "Savski gaj", "color": "#d34572", "area_km2": 0.71, "mo_count": 1, "source": "derivirano: MO (data.zagreb.hr) + OSM imena", "jls_name": "Grad Zagreb", "jls_maticni_broj": "01333", "zupanija": "Grad Zagreb", "palette_idx": 3}}, {"type": "Feature", "id": 138, "geometry": {"type": "Polygon", "coordinates": [[[16.152388, 45.82016], [16.15194, 45.815194], [16.151495, 45.815248], [16.139003, 45.818277], [16.13899, 45.818003], [16.122632, 45.821962], [16.122919, 45.822944], [16.122623, 45.824362], [16.122363, 45.824918], [16.122433, 45.825072], [16.122204, 45.825424], [16.12236, 45.825537], [16.122365, 45.825701], [16.122641, 45.825876], [16.122674, 45.826025], [16.122816, 45.826031], [16.122905, 45.82628], [16.123125, 45.82637], [16.123515, 45.826794], [16.123397, 45.827141], [16.123173, 45.827318], [16.123276, 45.827417], [16.123113, 45.827486], [16.123113, 45.827683], [16.124648, 45.827828], [16.123412, 45.831735], [16.126507, 45.832182], [16.126601, 45.832118], [16.128313, 45.832448], [16.12808, 45.83258], [16.128113, 45.832736], [16.127923, 45.832779], [16.127927, 45.832934], [16.127726, 45.83292], [16.127731, 45.833029], [16.127892, 45.833108], [16.127973, 45.833064], [16.128011, 45.833165], [16.127839, 45.833185], [16.127718, 45.833356], [16.128052, 45.833572], [16.127847, 45.833663], [16.127824, 45.83378], [16.127958, 45.833884], [16.127776, 45.833839], [16.127585, 45.833918], [16.127636, 45.834136], [16.127472, 45.834119], [16.127373, 45.834246], [16.127421, 45.834343], [16.127747, 45.834426], [16.127624, 45.834512], [16.127757, 45.834652], [16.127559, 45.834614], [16.127533, 45.834772], [16.127315, 45.834715], [16.126833, 45.834938], [16.126723, 45.834916], [16.126622, 45.83504], [16.126762, 45.835115], [16.126621, 45.835134], [16.126507, 45.835348], [16.126202, 45.835492], [16.126237, 45.835635], [16.125784, 45.835668], [16.125727, 45.835922], [16.125419, 45.836189], [16.125515, 45.836286], [16.12533, 45.836411], [16.125421, 45.836502], [16.125241, 45.836494], [16.125172, 45.836694], [16.125262, 45.836778], [16.124954, 45.836797], [16.125022, 45.837115], [16.12483, 45.837182], [16.124895, 45.837235], [16.124766, 45.837364], [16.124533, 45.837364], [16.124605, 45.837588], [16.124515, 45.837587], [16.124234, 45.837887], [16.130906, 45.842999], [16.131542, 45.842466], [16.132164, 45.842273], [16.134055, 45.84232], [16.135384, 45.84255], [16.136357, 45.843157], [16.136859, 45.843289], [16.137618, 45.843276], [16.139868, 45.843797], [16.140846, 45.843923], [16.142112, 45.844304], [16.142163, 45.843908], [16.142005, 45.843511], [16.142025, 45.843101], [16.141827, 45.842748], [16.141839, 45.842002], [16.141597, 45.840887], [16.14162, 45.840364], [16.141771, 45.839806], [16.141935, 45.839647], [16.142307, 45.838682], [16.142804, 45.838186], [16.14294, 45.837853], [16.142704, 45.837103], [16.141409, 45.83524], [16.141169, 45.834547], [16.141509, 45.832955], [16.141415, 45.831695], [16.140741, 45.830812], [16.140508, 45.830109], [16.1402, 45.829584], [16.140115, 45.829309], [16.140243, 45.828924], [16.140196, 45.828609], [16.138981, 45.827589], [16.138835, 45.827546], [16.138456, 45.826821], [16.138481, 45.826657], [16.138582, 45.826603], [16.138578, 45.826131], [16.139183, 45.825901], [16.139495, 45.825589], [16.140379, 45.825212], [16.141429, 45.824578], [16.141503, 45.824601], [16.14379, 45.823234], [16.14556, 45.822466], [16.14653, 45.822085], [16.146535, 45.822149], [16.146628, 45.822112], [16.146621, 45.822042], [16.147086, 45.821863], [16.148268, 45.821592], [16.148228, 45.821162], [16.152388, 45.82016]]]}, "properties": {"id": 138, "razina": "kvart", "name": "Sesvetska Sela", "color": "#48d345", "area_km2": 3.79, "mo_count": 1, "source": "derivirano: MO (data.zagreb.hr) + OSM imena", "jls_name": "Grad Zagreb", "jls_maticni_broj": "01333", "zupanija": "Grad Zagreb", "palette_idx": 2}}, {"type": "Feature", "id": 139, "geometry": {"type": "Polygon", "coordinates": [[[16.15194, 45.815194], [16.151772, 45.814541], [16.150973, 45.813092], [16.151185, 45.813047], [16.15047, 45.811724], [16.150576, 45.811705], [16.149857, 45.810489], [16.150417, 45.810412], [16.150251, 45.809589], [16.150898, 45.80947], [16.149595, 45.807423], [16.150466, 45.807055], [16.145681, 45.798937], [16.144347, 45.799236], [16.14394, 45.798042], [16.144337, 45.797889], [16.142903, 45.798307], [16.13944, 45.798809], [16.136151, 45.799534], [16.137036, 45.801619], [16.137168, 45.802677], [16.136956, 45.802792], [16.132512, 45.803629], [16.128191, 45.807827], [16.127974, 45.808439], [16.126617, 45.808336], [16.126915, 45.809377], [16.127033, 45.810411], [16.127079, 45.810975], [16.126913, 45.811215], [16.126706, 45.811311], [16.122376, 45.812039], [16.122193, 45.812143], [16.123157, 45.81482], [16.122431, 45.816644], [16.122555, 45.821717], [16.122632, 45.821962], [16.13899, 45.818003], [16.139003, 45.818277], [16.151495, 45.815248], [16.15194, 45.815194]]]}, "properties": {"id": 139, "razina": "kvart", "name": "Sesvetska Selnica", "color": "#6b45d3", "area_km2": 3.63, "mo_count": 1, "source": "derivirano: MO (data.zagreb.hr) + OSM imena", "jls_name": "Grad Zagreb", "jls_maticni_broj": "01333", "zupanija": "Grad Zagreb", "palette_idx": 3}}, {"type": "Feature", "id": 140, "geometry": {"type": "Polygon", "coordinates": [[[16.100533, 45.815155], [16.09885, 45.8149], [16.099009, 45.814394], [16.0987, 45.814278], [16.097415, 45.814676], [16.09758, 45.816447], [16.097856, 45.816741], [16.098203, 45.816891], [16.098344, 45.817101], [16.096473, 45.817548], [16.096117, 45.817699], [16.094404, 45.819111], [16.092574, 45.82033], [16.091163, 45.82111], [16.089195, 45.822779], [16.088853, 45.823551], [16.087422, 45.824591], [16.087305, 45.824925], [16.098774, 45.826764], [16.098946, 45.826849], [16.099041, 45.826719], [16.100231, 45.826767], [16.102466, 45.826666], [16.102574, 45.826746], [16.102639, 45.826715], [16.102524, 45.826611], [16.102656, 45.826598], [16.102624, 45.826361], [16.103626, 45.826242], [16.104801, 45.825996], [16.104871, 45.825931], [16.105899, 45.825735], [16.105954, 45.825611], [16.106221, 45.825636], [16.107787, 45.825191], [16.112047, 45.824204], [16.112033, 45.82412], [16.113071, 45.823978], [16.115184, 45.823488], [16.115442, 45.823359], [16.115309, 45.82307], [16.115342, 45.822186], [16.114664, 45.819436], [16.115819, 45.819403], [16.115784, 45.819063], [16.11588, 45.818819], [16.115642, 45.817676], [16.116168, 45.815575], [16.116248, 45.815355], [16.116506, 45.815102], [16.116482, 45.81502], [16.115218, 45.814997], [16.11497, 45.813946], [16.115255, 45.813878], [16.115608, 45.813592], [16.115662, 45.813428], [16.115621, 45.813282], [16.115357, 45.813182], [16.115214, 45.812963], [16.101572, 45.813022], [16.101558, 45.81343], [16.101297, 45.813423], [16.101287, 45.813658], [16.100764, 45.814123], [16.100676, 45.814751], [16.1005, 45.814974], [16.100533, 45.815155]]]}, "properties": {"id": 140, "razina": "kvart", "name": "Sesvetska Sopnica", "color": "#d39545", "area_km2": 2.33, "mo_count": 1, "source": "derivirano: MO (data.zagreb.hr) + OSM imena", "jls_name": "Grad Zagreb", "jls_maticni_broj": "01333", "zupanija": "Grad Zagreb", "palette_idx": 3}}, {"type": "Feature", "id": 141, "geometry": {"type": "Polygon", "coordinates": [[[16.199354, 45.797733], [16.199818, 45.796416], [16.199369, 45.792774], [16.198367, 45.788621], [16.197969, 45.78069], [16.200528, 45.779324], [16.19834, 45.777321], [16.192817, 45.780307], [16.191965, 45.780678], [16.183141, 45.785308], [16.174738, 45.789105], [16.174656, 45.789138], [16.17458, 45.789044], [16.173953, 45.789273], [16.174286, 45.789544], [16.174216, 45.791994], [16.174182, 45.79216], [16.174004, 45.792225], [16.173789, 45.799305], [16.173872, 45.799848], [16.165384, 45.80304], [16.164959, 45.803375], [16.164237, 45.804616], [16.164054, 45.804568], [16.163382, 45.80543], [16.16165, 45.806741], [16.161208, 45.807407], [16.161283, 45.807484], [16.16114, 45.808458], [16.162266, 45.810021], [16.162869, 45.81056], [16.164447, 45.810104], [16.164121, 45.811648], [16.164264, 45.811891], [16.161119, 45.812656], [16.162393, 45.81586], [16.163166, 45.81568], [16.162771, 45.817918], [16.162934, 45.818486], [16.165974, 45.817288], [16.166301, 45.817337], [16.166931, 45.818032], [16.169067, 45.817136], [16.17164, 45.819925], [16.168474, 45.820358], [16.167012, 45.82242], [16.166696, 45.822535], [16.166707, 45.82377], [16.169503, 45.824541], [16.17045, 45.82465], [16.1719, 45.824978], [16.175516, 45.826045], [16.178178, 45.826727], [16.181064, 45.826832], [16.181191, 45.826881], [16.18119, 45.826989], [16.181507, 45.827001], [16.180727, 45.825171], [16.184857, 45.823967], [16.18472, 45.822629], [16.186781, 45.822439], [16.187032, 45.823391], [16.186904, 45.823824], [16.187702, 45.82424], [16.188569, 45.825561], [16.188891, 45.82577], [16.192356, 45.824882], [16.194903, 45.824483], [16.195051, 45.825223], [16.194997, 45.825638], [16.195511, 45.827068], [16.197571, 45.826827], [16.19765, 45.826906], [16.202415, 45.826345], [16.202429, 45.826116], [16.203142, 45.82625], [16.20447, 45.826757], [16.204627, 45.826023], [16.204588, 45.825026], [16.204303, 45.824281], [16.203915, 45.823914], [16.203351, 45.823089], [16.202668, 45.822706], [16.202211, 45.821983], [16.202132, 45.821681], [16.201864, 45.821491], [16.200269, 45.820898], [16.199999, 45.820335], [16.199775, 45.819292], [16.200304, 45.817929], [16.200684, 45.817569], [16.201344, 45.817219], [16.201555, 45.816785], [16.201592, 45.816021], [16.202127, 45.813694], [16.20249, 45.812884], [16.202361, 45.810624], [16.202737, 45.81054], [16.202654, 45.810354], [16.202469, 45.810399], [16.201594, 45.80799], [16.200344, 45.808159], [16.199884, 45.803374], [16.201069, 45.803094], [16.20078, 45.802776], [16.199785, 45.800808], [16.199349, 45.799385], [16.199354, 45.797733]]]}, "properties": {"id": 141, "razina": "kvart", "name": "Sesvetski Kraljevec", "color": "#45d3be", "area_km2": 11.51, "mo_count": 1, "source": "derivirano: MO (data.zagreb.hr) + OSM imena", "jls_name": "Grad Zagreb", "jls_maticni_broj": "01333", "zupanija": "Grad Zagreb", "palette_idx": 3}}, {"type": "Feature", "id": 142, "geometry": {"type": "Polygon", "coordinates": [[[15.972321, 45.764618], [15.971561, 45.764315], [15.970837, 45.763883], [15.97022, 45.763928], [15.969647, 45.764347], [15.969826, 45.764467], [15.967292, 45.766289], [15.96676, 45.765961], [15.965394, 45.766706], [15.965394, 45.767087], [15.964786, 45.767606], [15.964313, 45.768214], [15.965004, 45.768226], [15.965054, 45.768156], [15.965309, 45.768163], [15.965339, 45.768237], [15.965817, 45.768216], [15.96617, 45.768351], [15.966309, 45.768791], [15.966338, 45.768981], [15.966039, 45.770089], [15.966399, 45.770609], [15.96601, 45.770726], [15.965937, 45.772006], [15.966033, 45.772059], [15.966026, 45.772278], [15.965965, 45.773374], [15.965863, 45.773366], [15.965677, 45.776809], [15.970144, 45.777007], [15.972005, 45.776987], [15.97213, 45.776923], [15.977204, 45.777072], [15.977244, 45.77723], [15.980096, 45.777308], [15.980529, 45.777317], [15.980556, 45.777161], [15.981149, 45.777178], [15.980979, 45.777114], [15.981022, 45.77636], [15.980911, 45.776081], [15.980917, 45.775969], [15.981008, 45.775943], [15.980763, 45.775281], [15.980951, 45.771884], [15.980611, 45.771877], [15.98061, 45.771516], [15.980275, 45.771499], [15.980299, 45.770954], [15.980422, 45.770788], [15.980501, 45.767831], [15.980807, 45.764971], [15.979032, 45.764913], [15.97741, 45.765073], [15.973679, 45.764893], [15.972321, 45.764618]]]}, "properties": {"id": 142, "razina": "kvart", "name": "Siget", "color": "#d345bf", "area_km2": 1.55, "mo_count": 1, "source": "derivirano: MO (data.zagreb.hr) + OSM imena", "jls_name": "Grad Zagreb", "jls_maticni_broj": "01333", "zupanija": "Grad Zagreb", "palette_idx": 2}}, {"type": "Feature", "id": 143, "geometry": {"type": "Polygon", "coordinates": [[[16.011049, 45.801988], [16.014881, 45.798527], [16.016874, 45.797145], [16.016932, 45.796967], [16.01678, 45.796836], [16.016999, 45.796467], [16.008963, 45.796045], [16.00627, 45.795953], [16.006016, 45.796001], [15.999188, 45.795661], [15.99528, 45.80074], [15.995972, 45.800864], [15.996063, 45.800941], [16.005494, 45.801407], [16.010731, 45.802105], [16.011049, 45.801988]]]}, "properties": {"id": 143, "razina": "kvart", "name": "Sigečica", "color": "#95d345", "area_km2": 0.82, "mo_count": 1, "source": "derivirano: MO (data.zagreb.hr) + OSM imena", "jls_name": "Grad Zagreb", "jls_maticni_broj": "01333", "zupanija": "Grad Zagreb", "palette_idx": 1}}, {"type": "Feature", "id": 144, "geometry": {"type": "MultiPolygon", "coordinates": [[[[15.865914, 45.834203], [15.862867, 45.833456], [15.861536, 45.833784], [15.860721, 45.834771], [15.856, 45.833814], [15.853253, 45.831123], [15.852738, 45.83211], [15.853296, 45.833844], [15.851408, 45.833904], [15.846902, 45.829987], [15.843391, 45.826002], [15.841055, 45.825068], [15.840213, 45.824896], [15.83981, 45.825176], [15.83937, 45.829811], [15.838281, 45.830232], [15.837042, 45.830454], [15.836389, 45.830066], [15.836268, 45.828238], [15.835841, 45.827711], [15.834939, 45.827748], [15.83422, 45.82952], [15.833384, 45.830776], [15.83333, 45.831288], [15.832257, 45.831206], [15.831676, 45.831856], [15.831644, 45.83285], [15.832075, 45.833852], [15.831635, 45.833964], [15.831646, 45.834255], [15.832995, 45.836304], [15.833918, 45.836827], [15.830882, 45.838972], [15.831611, 45.839338], [15.832933, 45.838681], [15.834685, 45.838613], [15.834433, 45.838867], [15.834063, 45.83965], [15.833886, 45.840368], [15.833874, 45.841046], [15.836442, 45.840799], [15.837355, 45.840563], [15.837477, 45.840687], [15.839397, 45.839818], [15.840367, 45.839522], [15.841513, 45.84003], [15.8427, 45.840385], [15.843309, 45.84049], [15.844593, 45.840983], [15.845655, 45.841058], [15.84543, 45.841356], [15.845073, 45.841536], [15.844642, 45.842393], [15.844548, 45.843866], [15.844734, 45.844488], [15.844693, 45.844655], [15.845204, 45.845219], [15.845672, 45.845404], [15.846117, 45.845735], [15.847897, 45.846363], [15.848705, 45.847083], [15.849163, 45.847309], [15.849757, 45.84741], [15.850202, 45.848503], [15.8513, 45.848344], [15.850777, 45.849425], [15.850946, 45.849856], [15.850777, 45.850215], [15.850924, 45.850435], [15.850896, 45.850672], [15.850672, 45.85112], [15.850521, 45.851188], [15.850671, 45.851396], [15.850719, 45.851928], [15.850983, 45.852375], [15.851388, 45.852618], [15.851434, 45.852723], [15.85197, 45.852988], [15.852604, 45.852861], [15.853087, 45.852932], [15.853839, 45.853431], [15.854568, 45.853723], [15.855026, 45.854148], [15.855246, 45.854047], [15.856066, 45.853939], [15.857233, 45.853938], [15.857897, 45.854501], [15.857944, 45.854775], [15.858193, 45.855068], [15.858893, 45.855239], [15.859207, 45.855193], [15.859456, 45.854609], [15.859461, 45.854314], [15.859299, 45.85381], [15.859117, 45.853621], [15.859184, 45.852849], [15.860786, 45.853466], [15.861053, 45.853453], [15.861919, 45.85326], [15.862177, 45.853062], [15.863117, 45.852846], [15.863725, 45.852505], [15.864075, 45.852404], [15.8644, 45.852456], [15.864655, 45.852598], [15.865008, 45.852578], [15.865153, 45.852853], [15.865433, 45.853002], [15.866012, 45.853023], [15.866856, 45.853236], [15.867128, 45.853504], [15.867189, 45.853724], [15.868025, 45.854457], [15.869785, 45.854454], [15.870404, 45.854581], [15.870672, 45.85474], [15.871438, 45.854522], [15.871615, 45.854176], [15.87292, 45.854679], [15.873436, 45.854751], [15.873767, 45.855456], [15.873996, 45.855633], [15.873736, 45.85602], [15.873761, 45.856832], [15.873485, 45.857245], [15.873516, 45.857602], [15.8738, 45.857612], [15.874108, 45.857446], [15.87482, 45.857504], [15.875049, 45.857689], [15.875294, 45.857648], [15.875837, 45.857881], [15.876354, 45.857968], [15.876606, 45.858109], [15.8757, 45.85834], [15.874009, 45.859381], [15.873876, 45.859661], [15.873607, 45.859908], [15.873497, 45.860323], [15.873742, 45.86101], [15.87445, 45.861772], [15.87492, 45.862074], [15.875337, 45.862218], [15.875862, 45.862176], [15.875587, 45.861418], [15.875924, 45.861646], [15.876396, 45.861769], [15.877218, 45.861689], [15.878199, 45.862516], [15.87865, 45.862777], [15.878896, 45.863247], [15.878337, 45.864206], [15.877328, 45.864919], [15.877423, 45.865319], [15.878496, 45.865222], [15.879451, 45.864557], [15.880284, 45.864313], [15.88048, 45.863718], [15.880811, 45.863198], [15.881231, 45.862958], [15.882281, 45.862057], [15.88272, 45.86182], [15.88321, 45.861847], [15.88347, 45.862046], [15.883478, 45.862171], [15.883729, 45.862294], [15.884149, 45.862357], [15.884318, 45.862472], [15.884924, 45.862412], [15.885364, 45.862098], [15.885746, 45.862485], [15.886208, 45.862547], [15.886802, 45.863308], [15.886375, 45.864453], [15.885659, 45.864921], [15.885607, 45.865056], [15.885605, 45.865427], [15.885863, 45.86581], [15.88583, 45.867069], [15.886476, 45.868436], [15.887107, 45.869235], [15.887757, 45.869578], [15.888311, 45.869762], [15.888607, 45.869993], [15.888532, 45.870688], [15.888648, 45.871212], [15.8891, 45.872165], [15.889238, 45.87319], [15.889569, 45.873741], [15.889588, 45.874441], [15.889852, 45.875618], [15.890205, 45.87603], [15.891349, 45.87688], [15.892382, 45.877421], [15.892874, 45.877525], [15.893576, 45.877909], [15.893835, 45.878196], [15.893926, 45.878574], [15.894676, 45.879234], [15.895335, 45.879626], [15.895915, 45.880227], [15.896058, 45.880561], [15.896835, 45.880937], [15.897395, 45.88151], [15.89802, 45.881628], [15.898969, 45.881567], [15.899171, 45.881447], [15.90078, 45.881523], [15.901545, 45.882887], [15.902168, 45.883774], [15.903408, 45.884555], [15.903942, 45.885073], [15.90463, 45.885481], [15.905173, 45.885694], [15.90555, 45.885703], [15.906297, 45.886005], [15.906532, 45.885926], [15.907066, 45.885904], [15.907826, 45.885568], [15.908048, 45.885572], [15.908474, 45.885767], [15.909106, 45.886434], [15.909558, 45.886383], [15.910314, 45.88649], [15.910663, 45.886461], [15.912197, 45.886814], [15.912528, 45.887174], [15.913049, 45.887207], [15.913641, 45.887546], [15.914323, 45.887698], [15.915128, 45.887741], [15.915348, 45.887835], [15.916787, 45.887723], [15.917758, 45.887867], [15.918315, 45.887822], [15.918778, 45.88829], [15.919538, 45.888482], [15.92025, 45.88891], [15.921974, 45.889405], [15.922573, 45.889657], [15.923136, 45.889753], [15.924252, 45.889847], [15.924629, 45.889742], [15.926554, 45.888256], [15.926988, 45.888338], [15.927749, 45.888288], [15.928967, 45.888006], [15.930223, 45.888155], [15.930287, 45.888439], [15.930601, 45.888707], [15.930523, 45.888836], [15.930781, 45.889029], [15.93087, 45.889236], [15.931475, 45.889535], [15.932318, 45.889533], [15.933216, 45.889337], [15.933699, 45.889448], [15.933709, 45.88967], [15.934473, 45.889999], [15.934801, 45.889862], [15.93532, 45.890527], [15.936041, 45.891037], [15.936057, 45.891213], [15.936173, 45.891274], [15.936207, 45.891639], [15.936778, 45.892037], [15.937591, 45.892344], [15.938868, 45.893417], [15.939402, 45.894678], [15.939762, 45.894913], [15.93988, 45.895278], [15.941361, 45.896231], [15.94146, 45.896397], [15.941741, 45.896489], [15.941856, 45.896714], [15.943319, 45.897621], [15.943736, 45.89778], [15.944729, 45.897977], [15.944865, 45.898155], [15.945836, 45.898751], [15.947449, 45.899242], [15.94756, 45.899477], [15.948187, 45.900073], [15.94851, 45.900522], [15.948855, 45.900783], [15.949531, 45.900991], [15.950927, 45.901009], [15.952104, 45.901161], [15.955319, 45.901014], [15.955863, 45.901444], [15.956775, 45.90159], [15.957896, 45.902009], [15.958356, 45.902844], [15.958854, 45.90307], [15.959128, 45.903348], [15.959864, 45.903592], [15.960515, 45.904085], [15.960988, 45.904214], [15.962219, 45.905145], [15.962649, 45.905121], [15.963063, 45.905506], [15.963457, 45.905705], [15.963767, 45.906597], [15.964383, 45.906981], [15.964994, 45.907129], [15.965412, 45.907364], [15.966761, 45.907383], [15.968243, 45.907097], [15.968418, 45.907459], [15.970621, 45.908234], [15.971819, 45.909638], [15.97235, 45.911114], [15.972382, 45.911554], [15.973557, 45.912552], [15.974292, 45.913383], [15.974775, 45.914477], [15.97523, 45.915009], [15.977209, 45.915547], [15.977953, 45.915988], [15.978731, 45.916121], [15.980438, 45.916641], [15.981438, 45.916597], [15.982209, 45.916755], [15.983621, 45.917419], [15.984476, 45.917411], [15.98564, 45.917661], [15.985893, 45.918175], [15.986556, 45.918811], [15.987131, 45.919567], [15.987929, 45.920061], [15.989092, 45.92021], [15.989523, 45.920385], [15.989987, 45.920651], [15.990353, 45.921097], [15.991118, 45.921552], [15.991738, 45.921715], [15.992162, 45.922104], [15.99459, 45.922134], [15.995096, 45.922232], [15.99574, 45.92259], [15.996499, 45.92271], [15.996815, 45.92286], [15.997673, 45.923052], [15.998039, 45.922993], [15.999066, 45.923202], [15.999855, 45.9236], [16.000305, 45.924214], [16.000948, 45.925769], [16.001297, 45.926122], [16.001629, 45.926219], [16.002035, 45.92659], [16.003025, 45.926848], [16.003386, 45.927205], [16.004315, 45.927868], [16.005689, 45.928591], [16.006289, 45.928778], [16.007434, 45.928973], [16.008027, 45.928959], [16.008488, 45.92952], [16.00879, 45.930084], [16.009267, 45.93018], [16.009807, 45.930472], [16.010042, 45.930476], [16.011014, 45.930256], [16.011455, 45.930314], [16.011989, 45.930195], [16.012779, 45.930229], [16.013395, 45.930116], [16.014558, 45.930346], [16.014797, 45.93048], [16.01543, 45.930648], [16.016388, 45.93067], [16.016524, 45.930886], [16.017929, 45.930851], [16.018848, 45.930995], [16.019327, 45.931263], [16.020472, 45.931202], [16.021877, 45.931778], [16.022646, 45.931987], [16.023303, 45.932357], [16.023341, 45.932477], [16.02427, 45.932641], [16.025245, 45.933039], [16.026398, 45.93375], [16.026687, 45.934045], [16.027219, 45.934275], [16.027395, 45.933958], [16.029149, 45.934079], [16.029668, 45.934515], [16.029586, 45.935246], [16.029737, 45.935693], [16.029727, 45.936085], [16.029888, 45.936282], [16.029663, 45.937421], [16.02982, 45.937504], [16.030914, 45.937361], [16.031376, 45.937478], [16.032069, 45.937839], [16.033523, 45.938298], [16.034011, 45.938273], [16.034544, 45.938426], [16.034864, 45.938394], [16.036831, 45.938627], [16.037777, 45.939338], [16.038358, 45.939496], [16.040303, 45.93953], [16.041215, 45.939204], [16.042612, 45.938877], [16.043175, 45.938998], [16.043674, 45.939235], [16.044503, 45.939313], [16.045144, 45.939271], [16.045797, 45.939055], [16.046542, 45.938635], [16.047029, 45.938156], [16.047147, 45.937832], [16.047336, 45.937677], [16.04743, 45.937628], [16.047691, 45.937747], [16.048764, 45.937113], [16.048773, 45.936909], [16.049099, 45.93677], [16.050361, 45.936584], [16.050945, 45.936654], [16.051481, 45.937037], [16.051865, 45.93744], [16.051946, 45.938284], [16.051858, 45.938954], [16.052009, 45.939374], [16.051833, 45.939719], [16.051523, 45.939995], [16.051485, 45.940163], [16.051529, 45.940322], [16.051794, 45.940529], [16.052121, 45.941033], [16.051897, 45.941624], [16.052054, 45.942063], [16.052084, 45.942695], [16.052204, 45.942925], [16.052063, 45.943457], [16.052143, 45.94387], [16.052464, 45.94439], [16.053823, 45.944328], [16.053931, 45.944815], [16.054171, 45.944914], [16.055279, 45.945107], [16.056799, 45.945253], [16.058048, 45.945547], [16.06114, 45.945661], [16.0614, 45.946074], [16.062582, 45.946353], [16.063651, 45.947291], [16.064198, 45.947617], [16.064819, 45.949031], [16.065013, 45.949707], [16.065014, 45.9501], [16.065195, 45.950476], [16.066149, 45.950608], [16.066727, 45.950819], [16.067225, 45.950804], [16.067685, 45.950671], [16.068862, 45.950799], [16.069969, 45.951292], [16.071943, 45.95179], [16.072439, 45.951839], [16.074073, 45.952737], [16.074159, 45.953101], [16.074416, 45.953374], [16.074999, 45.953603], [16.075234, 45.953867], [16.075971, 45.953959], [16.076637, 45.954339], [16.076823, 45.955316], [16.076761, 45.955909], [16.07733, 45.955922], [16.078014, 45.956039], [16.079409, 45.955953], [16.080188, 45.955979], [16.081078, 45.956174], [16.081432, 45.95607], [16.08291, 45.956411], [16.0849, 45.956252], [16.085769, 45.956373], [16.086662, 45.956703], [16.087631, 45.956948], [16.088482, 45.957793], [16.089113, 45.958161], [16.090176, 45.957612], [16.090228, 45.957371], [16.09054, 45.957092], [16.092121, 45.956637], [16.093474, 45.955983], [16.094288, 45.954595], [16.097163, 45.951525], [16.098831, 45.948706], [16.097637, 45.948565], [16.097438, 45.949251], [16.096224, 45.950459], [16.095735, 45.950793], [16.095537, 45.950738], [16.095468, 45.950675], [16.096081, 45.949785], [16.096188, 45.949397], [16.095877, 45.947543], [16.096234, 45.946827], [16.096997, 45.946262], [16.098758, 45.945719], [16.099219, 45.945256], [16.099673, 45.944968], [16.102195, 45.944196], [16.103511, 45.943391], [16.104702, 45.943264], [16.108436, 45.941817], [16.109385, 45.941245], [16.109655, 45.940826], [16.110238, 45.940385], [16.110741, 45.939778], [16.111985, 45.938638], [16.11284, 45.934764], [16.115967, 45.930292], [16.116136, 45.928183], [16.1166, 45.92706], [16.116278, 45.926946], [16.116263, 45.92668], [16.115393, 45.927133], [16.113671, 45.927459], [16.112976, 45.927489], [16.109994, 45.929049], [16.102785, 45.929706], [16.099695, 45.931557], [16.090768, 45.931736], [16.078409, 45.929587], [16.075233, 45.926124], [16.070083, 45.919497], [16.064676, 45.916392], [16.059483, 45.910271], [16.054977, 45.912182], [16.048883, 45.911853], [16.043733, 45.912659], [16.040472, 45.910659], [16.037296, 45.910301], [16.035579, 45.907135], [16.030086, 45.904896], [16.02867, 45.903373], [16.026996, 45.899431], [16.023305, 45.897161], [16.022619, 45.893188], [16.018413, 45.891008], [16.015152, 45.891068], [16.014122, 45.887334], [16.013224, 45.886072], [16.012017, 45.886431], [16.010966, 45.886485], [16.01052, 45.886441], [16.009996, 45.886288], [16.009869, 45.886096], [16.007627, 45.88497], [16.008792, 45.884509], [16.008726, 45.884161], [16.008111, 45.883478], [16.008198, 45.883308], [16.007255, 45.882046], [16.006955, 45.878551], [16.00644, 45.876519], [16.00335, 45.874995], [16.00129, 45.873172], [15.99923, 45.872097], [15.997771, 45.871021], [15.99511, 45.870304], [15.994466, 45.868989], [15.989402, 45.866867], [15.987943, 45.867137], [15.985712, 45.868033], [15.983008, 45.866569], [15.982064, 45.865553], [15.982665, 45.863909], [15.97421, 45.863042], [15.971593, 45.861399], [15.968545, 45.860652], [15.966786, 45.860771], [15.963868, 45.861608], [15.95919, 45.862385], [15.956401, 45.86101], [15.951358, 45.860898], [15.949427, 45.859165], [15.947238, 45.858388], [15.946337, 45.859224], [15.943848, 45.859284], [15.942775, 45.857312], [15.942775, 45.856176], [15.940672, 45.857043], [15.939556, 45.857192], [15.937582, 45.857282], [15.93638, 45.854412], [15.934492, 45.8551], [15.93166, 45.852768], [15.930329, 45.853097], [15.928055, 45.853904], [15.926725, 45.853516], [15.924965, 45.84963], [15.922433, 45.847328], [15.920716, 45.847029], [15.920459, 45.845056], [15.922304, 45.842993], [15.920759, 45.842067], [15.918399, 45.841857], [15.912219, 45.841827], [15.908099, 45.839495], [15.90561, 45.838808], [15.903293, 45.837552], [15.899945, 45.837821], [15.899001, 45.83824], [15.896244, 45.840692], [15.892049, 45.841767], [15.889002, 45.841857], [15.886556, 45.8409], [15.884324, 45.839824], [15.883208, 45.840811], [15.880333, 45.840063], [15.879303, 45.836715], [15.87514, 45.83208], [15.874454, 45.832618], [15.876599, 45.835309], [15.876256, 45.83673], [15.873853, 45.837373], [15.87175, 45.8351], [15.871922, 45.835848], [15.87145, 45.836595], [15.870119, 45.836834], [15.868102, 45.834083], [15.86733, 45.833545], [15.865914, 45.834203]]], [[[15.833343, 45.841152], [15.833194, 45.841178], [15.833258, 45.841168], [15.833343, 45.841152]]]]}, "properties": {"id": 144, "razina": "kvart", "name": "Sljeme", "color": "#4595d3", "area_km2": 81.0, "mo_count": 0, "source": "derivirano: MO (data.zagreb.hr) + granica PP Medvednica (OSM)", "jls_name": "Grad Zagreb", "jls_maticni_broj": "01333", "zupanija": "Grad Zagreb", "palette_idx": 0}}, {"type": "Feature", "id": 145, "geometry": {"type": "Polygon", "coordinates": [[[15.987216, 45.760546], [15.985627, 45.760761], [15.983607, 45.760768], [15.982563, 45.760898], [15.981856, 45.761263], [15.981195, 45.761864], [15.980957, 45.762603], [15.980835, 45.764819], [15.980501, 45.767831], [15.980422, 45.770788], [15.980299, 45.770954], [15.980275, 45.771499], [15.985938, 45.771722], [15.986935, 45.771874], [15.988482, 45.772278], [15.990367, 45.772389], [15.990473, 45.76967], [15.99053, 45.769206], [15.990633, 45.769204], [15.990719, 45.768939], [15.990692, 45.768293], [15.990543, 45.768297], [15.990643, 45.767654], [15.990493, 45.767557], [15.990631, 45.765681], [15.990045, 45.761461], [15.990045, 45.760815], [15.98989, 45.760401], [15.9889, 45.760385], [15.9884, 45.760492], [15.98821, 45.76033], [15.987216, 45.760546]]]}, "properties": {"id": 145, "razina": "kvart", "name": "Sloboština", "color": "#456cd3", "area_km2": 0.93, "mo_count": 1, "source": "derivirano: MO (data.zagreb.hr) + OSM imena", "jls_name": "Grad Zagreb", "jls_maticni_broj": "01333", "zupanija": "Grad Zagreb", "palette_idx": 1}}, {"type": "Feature", "id": 146, "geometry": {"type": "Polygon", "coordinates": [[[16.159681, 45.863895], [16.160746, 45.862582], [16.159708, 45.861677], [16.158243, 45.860141], [16.157709, 45.861118], [16.157655, 45.861408], [16.157374, 45.861153], [16.157217, 45.861387], [16.15602, 45.860754], [16.156074, 45.860675], [16.152233, 45.858732], [16.151649, 45.859033], [16.150437, 45.857751], [16.150518, 45.85765], [16.148583, 45.855641], [16.148669, 45.855597], [16.147754, 45.854613], [16.147446, 45.854677], [16.146548, 45.853697], [16.14641, 45.853624], [16.144921, 45.854367], [16.14474, 45.854693], [16.144926, 45.856706], [16.144438, 45.858711], [16.144486, 45.860354], [16.144263, 45.861019], [16.144472, 45.861506], [16.144332, 45.862269], [16.144136, 45.862623], [16.144265, 45.862893], [16.144247, 45.863144], [16.144075, 45.86346], [16.143855, 45.864525], [16.14395, 45.864708], [16.143796, 45.864998], [16.143771, 45.865388], [16.143626, 45.865596], [16.143626, 45.866094], [16.143756, 45.866196], [16.143118, 45.867175], [16.143135, 45.867344], [16.142872, 45.867709], [16.142555, 45.868598], [16.142319, 45.868932], [16.142167, 45.869512], [16.141998, 45.869768], [16.142037, 45.869929], [16.141975, 45.870045], [16.141699, 45.870175], [16.141753, 45.870442], [16.141199, 45.871498], [16.141017, 45.872257], [16.14099, 45.873211], [16.140814, 45.873701], [16.140828, 45.874387], [16.140587, 45.874931], [16.140595, 45.875295], [16.140829, 45.875344], [16.140777, 45.875838], [16.141805, 45.87639], [16.142341, 45.875611], [16.144859, 45.875218], [16.144871, 45.875168], [16.145796, 45.87568], [16.147404, 45.876136], [16.147986, 45.876282], [16.149216, 45.876377], [16.149084, 45.876874], [16.149188, 45.877042], [16.14891, 45.877588], [16.150042, 45.877715], [16.152109, 45.878099], [16.155756, 45.878879], [16.155904, 45.876746], [16.155791, 45.875627], [16.155188, 45.875043], [16.154944, 45.874369], [16.156898, 45.873747], [16.157796, 45.87323], [16.158628, 45.872428], [16.159532, 45.871994], [16.157961, 45.870131], [16.158454, 45.869817], [16.158546, 45.869885], [16.159128, 45.869572], [16.162994, 45.866771], [16.159681, 45.863895]]]}, "properties": {"id": 146, "razina": "kvart", "name": "Soblinec", "color": "#d34845", "area_km2": 2.67, "mo_count": 1, "source": "derivirano: MO (data.zagreb.hr) + OSM imena", "jls_name": "Grad Zagreb", "jls_maticni_broj": "01333", "zupanija": "Grad Zagreb", "palette_idx": 2}}, {"type": "Feature", "id": 147, "geometry": {"type": "Polygon", "coordinates": [[[15.98619, 45.771747], [15.983179, 45.771639], [15.983116, 45.771566], [15.98061, 45.771516], [15.980611, 45.771877], [15.980951, 45.771884], [15.980763, 45.775281], [15.981008, 45.775943], [15.980917, 45.775969], [15.980911, 45.776081], [15.981022, 45.77636], [15.980998, 45.777146], [15.982461, 45.777215], [15.982848, 45.777152], [15.9829, 45.77723], [15.990104, 45.777459], [15.990364, 45.772824], [15.990336, 45.772754], [15.990191, 45.772746], [15.99021, 45.772387], [15.988482, 45.772278], [15.98619, 45.771747]]]}, "properties": {"id": 147, "razina": "kvart", "name": "Sopot", "color": "#45d371", "area_km2": 0.44, "mo_count": 1, "source": "derivirano: MO (data.zagreb.hr) + OSM imena", "jls_name": "Grad Zagreb", "jls_maticni_broj": "01333", "zupanija": "Grad Zagreb", "palette_idx": 4}}, {"type": "Feature", "id": 148, "geometry": {"type": "Polygon", "coordinates": [[[15.990104, 45.777459], [15.98288, 45.777229], [15.982848, 45.777152], [15.982629, 45.777145], [15.982461, 45.777215], [15.980556, 45.777161], [15.979996, 45.786953], [15.980087, 45.787439], [15.979988, 45.787442], [15.979917, 45.787889], [15.979883, 45.788923], [15.983984, 45.788732], [15.985985, 45.788531], [15.986544, 45.788426], [15.986564, 45.788359], [15.986789, 45.788356], [15.986865, 45.788427], [15.989379, 45.788065], [15.989904, 45.778439], [15.990009, 45.778443], [15.990104, 45.777459]]]}, "properties": {"id": 148, "razina": "kvart", "name": "Središće", "color": "#9b45d3", "area_km2": 0.92, "mo_count": 1, "source": "derivirano: MO (data.zagreb.hr) + OSM imena", "jls_name": "Grad Zagreb", "jls_maticni_broj": "01333", "zupanija": "Grad Zagreb", "palette_idx": 0}}, {"type": "Feature", "id": 149, "geometry": {"type": "Polygon", "coordinates": [[[15.951941, 45.782725], [15.949059, 45.781127], [15.947083, 45.779751], [15.946484, 45.781353], [15.945374, 45.781158], [15.943482, 45.781198], [15.939405, 45.781797], [15.938911, 45.781955], [15.937961, 45.782494], [15.937612, 45.783186], [15.937949, 45.783625], [15.937902, 45.783859], [15.938254, 45.784168], [15.938462, 45.784657], [15.938582, 45.786083], [15.938531, 45.786303], [15.93792, 45.787121], [15.937546, 45.787796], [15.937651, 45.789947], [15.93734, 45.791352], [15.936851, 45.792115], [15.936778, 45.794151], [15.94046, 45.794182], [15.940892, 45.794096], [15.943555, 45.794273], [15.943802, 45.79445], [15.944441, 45.794292], [15.944755, 45.79227], [15.944888, 45.792285], [15.945673, 45.789136], [15.945957, 45.788538], [15.946116, 45.788497], [15.946626, 45.787799], [15.947341, 45.787332], [15.948853, 45.786715], [15.949773, 45.786559], [15.949767, 45.785923], [15.950038, 45.785751], [15.950043, 45.784996], [15.950454, 45.784697], [15.950962, 45.784685], [15.951242, 45.784474], [15.951443, 45.784515], [15.951742, 45.783678], [15.951941, 45.782725]]]}, "properties": {"id": 149, "razina": "kvart", "name": "Srednjaci", "color": "#d3c445", "area_km2": 1.13, "mo_count": 1, "source": "derivirano: MO (data.zagreb.hr) + OSM imena", "jls_name": "Grad Zagreb", "jls_maticni_broj": "01333", "zupanija": "Grad Zagreb", "palette_idx": 2}}, {"type": "Feature", "id": 150, "geometry": {"type": "Polygon", "coordinates": [[[16.013278, 45.811649], [16.003959, 45.809063], [16.003929, 45.808967], [16.003789, 45.809075], [16.003274, 45.808897], [16.000193, 45.811617], [16.003175, 45.812563], [16.006164, 45.813731], [16.008178, 45.814636], [16.009586, 45.815112], [16.009699, 45.815138], [16.009747, 45.815027], [16.010362, 45.815074], [16.010337, 45.815231], [16.011768, 45.815279], [16.011805, 45.81535], [16.012006, 45.815341], [16.01201, 45.815268], [16.013427, 45.81519], [16.014743, 45.815001], [16.014785, 45.814938], [16.01699, 45.814263], [16.018788, 45.81348], [16.018745, 45.81333], [16.019102, 45.813211], [16.013962, 45.811842], [16.013807, 45.811619], [16.013455, 45.811522], [16.013278, 45.811649]]]}, "properties": {"id": 150, "razina": "kvart", "name": "Stara Peščenica", "color": "#45b9d3", "area_km2": 0.51, "mo_count": 1, "source": "derivirano: MO (data.zagreb.hr) + OSM imena", "jls_name": "Grad Zagreb", "jls_maticni_broj": "01333", "zupanija": "Grad Zagreb", "palette_idx": 2}}, {"type": "Feature", "id": 151, "geometry": {"type": "Polygon", "coordinates": [[[15.955578, 45.794651], [15.952542, 45.794743], [15.951024, 45.794559], [15.949476, 45.794489], [15.949102, 45.794548], [15.948621, 45.794451], [15.947234, 45.794366], [15.944426, 45.794292], [15.944288, 45.794339], [15.944037, 45.795158], [15.944133, 45.795184], [15.944005, 45.795252], [15.943503, 45.797102], [15.94353, 45.797336], [15.943461, 45.797322], [15.943419, 45.797481], [15.943491, 45.797642], [15.943149, 45.798726], [15.943074, 45.799717], [15.943536, 45.800581], [15.943628, 45.801075], [15.943217, 45.803516], [15.943123, 45.80479], [15.943315, 45.804832], [15.945362, 45.80469], [15.945382, 45.804487], [15.946206, 45.804154], [15.949085, 45.802668], [15.95112, 45.801723], [15.95355, 45.799963], [15.955436, 45.800338], [15.957319, 45.800904], [15.962167, 45.803215], [15.962121, 45.803373], [15.962299, 45.803577], [15.962804, 45.803517], [15.963069, 45.803601], [15.963166, 45.804444], [15.963071, 45.80515], [15.962723, 45.806138], [15.962303, 45.80669], [15.962898, 45.806866], [15.964935, 45.805417], [15.966094, 45.804761], [15.961506, 45.798105], [15.9609, 45.797098], [15.960567, 45.796804], [15.958988, 45.794364], [15.958662, 45.79447], [15.958346, 45.794397], [15.957215, 45.79443], [15.955578, 45.794651]]]}, "properties": {"id": 151, "razina": "kvart", "name": "Stara Trešnjevka", "color": "#d3458f", "area_km2": 1.29, "mo_count": 3, "source": "derivirano: MO (data.zagreb.hr) + OSM imena", "jls_name": "Grad Zagreb", "jls_maticni_broj": "01333", "zupanija": "Grad Zagreb", "palette_idx": 1}}, {"type": "Feature", "id": 152, "geometry": {"type": "Polygon", "coordinates": [[[16.104953, 45.827849], [16.104884, 45.827561], [16.103974, 45.826935], [16.103481, 45.826742], [16.102776, 45.826675], [16.102656, 45.826598], [16.102524, 45.826611], [16.102639, 45.826715], [16.102574, 45.826746], [16.102466, 45.826666], [16.100231, 45.826767], [16.099041, 45.826719], [16.098946, 45.826849], [16.098316, 45.826705], [16.097977, 45.826837], [16.09762, 45.826867], [16.097492, 45.826974], [16.097195, 45.826987], [16.096863, 45.827502], [16.096632, 45.82763], [16.096421, 45.827703], [16.096132, 45.827639], [16.095457, 45.827775], [16.095258, 45.828055], [16.094871, 45.827913], [16.094547, 45.828467], [16.094149, 45.828559], [16.093931, 45.828826], [16.093908, 45.829233], [16.09368, 45.829634], [16.093066, 45.829938], [16.093057, 45.831339], [16.092828, 45.831591], [16.089898, 45.832423], [16.089627, 45.832607], [16.08912, 45.833393], [16.08789, 45.834173], [16.087399, 45.834046], [16.086998, 45.833851], [16.086879, 45.833917], [16.086484, 45.833902], [16.086067, 45.834109], [16.084669, 45.834016], [16.083786, 45.834047], [16.08324, 45.834278], [16.082837, 45.834797], [16.081567, 45.834962], [16.081289, 45.835152], [16.081059, 45.835172], [16.081046, 45.835308], [16.080525, 45.835342], [16.080092, 45.835597], [16.079787, 45.835656], [16.079213, 45.836091], [16.078251, 45.83636], [16.077583, 45.836684], [16.07731, 45.836713], [16.077401, 45.836995], [16.078451, 45.838353], [16.078695, 45.838881], [16.078857, 45.840101], [16.078812, 45.841185], [16.07909, 45.84145], [16.079037, 45.841619], [16.079211, 45.841975], [16.079318, 45.841957], [16.079401, 45.842237], [16.079713, 45.842508], [16.079656, 45.84261], [16.079733, 45.84261], [16.079746, 45.842713], [16.079524, 45.842862], [16.079657, 45.842912], [16.080083, 45.842599], [16.08071, 45.842565], [16.080852, 45.842426], [16.081609, 45.84216], [16.082587, 45.842097], [16.08342, 45.842274], [16.084076, 45.842258], [16.08519, 45.84239], [16.086331, 45.842743], [16.087119, 45.843629], [16.087441, 45.843329], [16.088749, 45.843856], [16.090294, 45.844364], [16.091401, 45.844259], [16.0919, 45.8441], [16.093059, 45.844288], [16.09347, 45.844418], [16.09399, 45.844826], [16.09564, 45.845458], [16.097366, 45.845824], [16.097564, 45.845735], [16.097777, 45.845857], [16.098225, 45.845487], [16.098458, 45.845489], [16.098546, 45.845247], [16.098645, 45.845372], [16.098751, 45.84535], [16.09875, 45.845158], [16.09857, 45.845125], [16.098711, 45.844868], [16.10503, 45.844998], [16.104795, 45.844385], [16.106068, 45.844431], [16.106, 45.844254], [16.106483, 45.843288], [16.106285, 45.843071], [16.106587, 45.842885], [16.1066, 45.842652], [16.106881, 45.842568], [16.106947, 45.842165], [16.106863, 45.841864], [16.107046, 45.841747], [16.107251, 45.841737], [16.107517, 45.841527], [16.107478, 45.8413], [16.107263, 45.841124], [16.10728, 45.840964], [16.107486, 45.840807], [16.107248, 45.840375], [16.107061, 45.840292], [16.106708, 45.839896], [16.105909, 45.839536], [16.105663, 45.839107], [16.106004, 45.838982], [16.105954, 45.837138], [16.105578, 45.835247], [16.105661, 45.834456], [16.105539, 45.833681], [16.105637, 45.833338], [16.106636, 45.832213], [16.106872, 45.831247], [16.106712, 45.829787], [16.106596, 45.829526], [16.106447, 45.829324], [16.105525, 45.828607], [16.105308, 45.828377], [16.10508, 45.827822], [16.104953, 45.827849]]]}, "properties": {"id": 152, "razina": "kvart", "name": "Staro Brestje", "color": "#66d345", "area_km2": 3.16, "mo_count": 1, "source": "derivirano: MO (data.zagreb.hr) + OSM imena", "jls_name": "Grad Zagreb", "jls_maticni_broj": "01333", "zupanija": "Grad Zagreb", "palette_idx": 1}}, {"type": "Feature", "id": 153, "geometry": {"type": "Polygon", "coordinates": [[[15.994639, 45.790447], [15.99457, 45.786882], [15.993947, 45.786925], [15.993897, 45.787024], [15.992452, 45.787373], [15.992168, 45.787568], [15.988467, 45.788222], [15.986865, 45.788427], [15.986789, 45.788356], [15.986564, 45.788359], [15.986544, 45.788426], [15.985985, 45.788531], [15.983984, 45.788732], [15.980369, 45.788944], [15.979492, 45.78893], [15.979399, 45.790927], [15.979302, 45.790943], [15.979264, 45.791128], [15.979061, 45.793558], [15.978784, 45.794224], [15.978537, 45.794397], [15.978982, 45.794464], [15.97903, 45.795286], [15.978724, 45.8], [15.979633, 45.799997], [15.981753, 45.800167], [15.982809, 45.800195], [15.982821, 45.800085], [15.98526, 45.800203], [15.985492, 45.799765], [15.98601, 45.799146], [15.986096, 45.79832], [15.986302, 45.798322], [15.986327, 45.798241], [15.987313, 45.798308], [15.987318, 45.798254], [15.987609, 45.798259], [15.988406, 45.797791], [15.989019, 45.797299], [15.989939, 45.796183], [15.990334, 45.795831], [15.990371, 45.795538], [15.990707, 45.795147], [15.991168, 45.79471], [15.99186, 45.794329], [15.991968, 45.793248], [15.994581, 45.793383], [15.994603, 45.791599], [15.994481, 45.790761], [15.994362, 45.790752], [15.99434, 45.790653], [15.994538, 45.790581], [15.994639, 45.790447]]]}, "properties": {"id": 153, "razina": "kvart", "name": "Staro Trnje", "color": "#4e45d3", "area_km2": 1.26, "mo_count": 2, "source": "derivirano: MO (data.zagreb.hr) + OSM imena", "jls_name": "Grad Zagreb", "jls_maticni_broj": "01333", "zupanija": "Grad Zagreb", "palette_idx": 1}}, {"type": "Feature", "id": 154, "geometry": {"type": "Polygon", "coordinates": [[[15.880179, 45.813271], [15.878025, 45.813335], [15.878227, 45.813666], [15.878436, 45.814968], [15.878906, 45.816684], [15.880379, 45.819076], [15.880607, 45.819105], [15.881804, 45.818753], [15.884545, 45.81815], [15.886048, 45.817893], [15.886207, 45.817797], [15.886277, 45.817519], [15.888105, 45.817503], [15.888794, 45.817417], [15.889763, 45.816993], [15.889816, 45.81691], [15.890633, 45.816615], [15.892054, 45.816455], [15.892705, 45.81626], [15.894855, 45.815006], [15.894405, 45.813713], [15.894438, 45.812481], [15.880179, 45.813271]]]}, "properties": {"id": 154, "razina": "kvart", "name": "Stenjevec", "color": "#d37745", "area_km2": 0.63, "mo_count": 1, "source": "derivirano: MO (data.zagreb.hr) + OSM imena", "jls_name": "Grad Zagreb", "jls_maticni_broj": "01333", "zupanija": "Grad Zagreb", "palette_idx": 2}}, {"type": "Feature", "id": 155, "geometry": {"type": "Polygon", "coordinates": [[[16.064436, 45.832915], [16.0639, 45.832338], [16.063861, 45.832243], [16.06395, 45.832179], [16.063711, 45.831696], [16.063369, 45.831735], [16.063369, 45.831853], [16.060585, 45.831854], [16.060558, 45.831411], [16.060215, 45.83071], [16.06012, 45.830826], [16.059539, 45.830831], [16.059187, 45.830135], [16.058519, 45.82947], [16.057611, 45.829594], [16.056056, 45.829512], [16.056103, 45.829746], [16.055972, 45.829933], [16.055992, 45.830359], [16.056375, 45.831275], [16.056307, 45.833091], [16.0564, 45.833142], [16.055968, 45.834339], [16.056597, 45.837721], [16.056572, 45.839342], [16.056379, 45.839371], [16.055697, 45.840964], [16.055169, 45.840779], [16.055162, 45.840929], [16.055077, 45.840919], [16.05494, 45.841062], [16.054939, 45.841133], [16.055271, 45.841263], [16.055342, 45.841467], [16.054384, 45.842785], [16.05444, 45.842815], [16.054108, 45.843054], [16.055153, 45.843302], [16.056226, 45.843398], [16.057579, 45.843215], [16.058121, 45.842908], [16.058629, 45.842127], [16.058983, 45.841868], [16.059475, 45.841665], [16.062219, 45.841346], [16.065365, 45.840803], [16.068544, 45.839964], [16.069689, 45.839593], [16.070034, 45.83935], [16.070099, 45.839084], [16.069752, 45.838308], [16.069866, 45.83828], [16.068837, 45.837001], [16.068073, 45.836198], [16.067976, 45.836244], [16.066343, 45.834703], [16.06461, 45.83286], [16.064436, 45.832915]]]}, "properties": {"id": 155, "razina": "kvart", "name": "Studentski grad", "color": "#45d3a1", "area_km2": 1.03, "mo_count": 1, "source": "derivirano: MO (data.zagreb.hr) + OSM imena", "jls_name": "Grad Zagreb", "jls_maticni_broj": "01333", "zupanija": "Grad Zagreb", "palette_idx": 3}}, {"type": "Feature", "id": 156, "geometry": {"type": "Polygon", "coordinates": [[[15.975524, 45.752967], [15.971131, 45.75265], [15.962865, 45.751683], [15.962003, 45.751696], [15.959449, 45.751268], [15.954191, 45.750648], [15.953988, 45.751917], [15.9543, 45.752889], [15.951267, 45.753827], [15.951214, 45.753707], [15.950497, 45.753945], [15.945495, 45.758313], [15.945442, 45.758712], [15.945996, 45.766124], [15.946468, 45.766336], [15.947134, 45.766858], [15.94949, 45.767854], [15.951807, 45.768589], [15.953088, 45.768922], [15.954959, 45.769209], [15.957345, 45.769274], [15.95956, 45.769059], [15.961533, 45.76863], [15.96397, 45.76752], [15.965354, 45.766669], [15.965394, 45.766706], [15.96676, 45.765961], [15.967292, 45.766289], [15.969826, 45.764467], [15.969647, 45.764347], [15.97022, 45.763928], [15.970837, 45.763883], [15.972096, 45.764541], [15.972906, 45.764773], [15.973679, 45.764893], [15.97741, 45.765073], [15.979032, 45.764913], [15.980807, 45.764971], [15.980957, 45.762603], [15.981195, 45.761864], [15.981427, 45.761585], [15.981856, 45.761263], [15.982563, 45.760898], [15.983607, 45.760768], [15.985554, 45.760764], [15.986514, 45.760672], [15.988362, 45.760335], [15.988812, 45.760141], [15.989151, 45.759928], [15.989432, 45.759589], [15.989604, 45.759199], [15.989464, 45.758052], [15.989323, 45.758064], [15.989575, 45.757694], [15.989455, 45.757369], [15.988056, 45.757461], [15.986902, 45.757353], [15.985911, 45.757025], [15.985104, 45.756514], [15.984517, 45.755804], [15.984281, 45.75506], [15.984378, 45.754267], [15.985053, 45.753724], [15.985015, 45.75365], [15.98435, 45.753662], [15.984824, 45.753295], [15.984574, 45.753076], [15.978576, 45.753066], [15.975524, 45.752967]]]}, "properties": {"id": 156, "razina": "kvart", "name": "Sveta Klara", "color": "#ca45d3", "area_km2": 4.68, "mo_count": 1, "source": "derivirano: MO (data.zagreb.hr) + OSM imena", "jls_name": "Grad Zagreb", "jls_maticni_broj": "01333", "zupanija": "Grad Zagreb", "palette_idx": 0}}, {"type": "Feature", "id": 157, "geometry": {"type": "Polygon", "coordinates": [[[15.948801, 45.80951], [15.944901, 45.809728], [15.944968, 45.809944], [15.944234, 45.809816], [15.941093, 45.809926], [15.935326, 45.810255], [15.935303, 45.8104], [15.93508, 45.81045], [15.930032, 45.810736], [15.931923, 45.81218], [15.931756, 45.812394], [15.935168, 45.812253], [15.935143, 45.814394], [15.935285, 45.814783], [15.935458, 45.814945], [15.935317, 45.81495], [15.935327, 45.815281], [15.935431, 45.815285], [15.935424, 45.815415], [15.935686, 45.815474], [15.935599, 45.81633], [15.935484, 45.816351], [15.935595, 45.816423], [15.935585, 45.81656], [15.935766, 45.816562], [15.935764, 45.816924], [15.935572, 45.816935], [15.935975, 45.817625], [15.936, 45.817818], [15.935387, 45.817804], [15.935187, 45.81861], [15.934613, 45.819153], [15.933886, 45.820505], [15.93341, 45.822701], [15.933153, 45.823155], [15.93234, 45.823965], [15.931306, 45.823397], [15.930297, 45.824058], [15.930094, 45.824286], [15.929772, 45.824333], [15.929689, 45.824775], [15.928977, 45.825373], [15.928859, 45.825323], [15.928703, 45.825581], [15.928195, 45.825476], [15.928167, 45.825394], [15.927069, 45.825297], [15.926858, 45.826067], [15.927001, 45.826455], [15.926537, 45.826523], [15.926591, 45.826623], [15.926845, 45.826561], [15.926931, 45.826737], [15.926978, 45.827252], [15.927236, 45.827623], [15.927035, 45.827684], [15.927243, 45.828248], [15.926712, 45.828287], [15.926413, 45.827796], [15.925775, 45.827505], [15.925363, 45.827752], [15.925127, 45.827467], [15.925019, 45.827495], [15.924946, 45.827714], [15.924752, 45.827773], [15.924974, 45.827885], [15.925234, 45.828496], [15.925451, 45.828687], [15.925261, 45.828762], [15.925635, 45.829], [15.925533, 45.829454], [15.925655, 45.829556], [15.924966, 45.829798], [15.925013, 45.830143], [15.924863, 45.830344], [15.92499, 45.83084], [15.925473, 45.830882], [15.926055, 45.830642], [15.926184, 45.831395], [15.926419, 45.831377], [15.926603, 45.831603], [15.926411, 45.831885], [15.926466, 45.832146], [15.927072, 45.832249], [15.925819, 45.835554], [15.925571, 45.835898], [15.926109, 45.836009], [15.925778, 45.83625], [15.925829, 45.836298], [15.925514, 45.836476], [15.92605, 45.836837], [15.926408, 45.836832], [15.926836, 45.836677], [15.926787, 45.8366], [15.92709, 45.836458], [15.927287, 45.836756], [15.928544, 45.836268], [15.92928, 45.835811], [15.929588, 45.835999], [15.930073, 45.836001], [15.930101, 45.835879], [15.929674, 45.835865], [15.929697, 45.835635], [15.929995, 45.835596], [15.929909, 45.835434], [15.930439, 45.835047], [15.93122, 45.834711], [15.931076, 45.834941], [15.931294, 45.835033], [15.931266, 45.835118], [15.931485, 45.835263], [15.932407, 45.835071], [15.934211, 45.835049], [15.934262, 45.835147], [15.934717, 45.835155], [15.9338, 45.83398], [15.933736, 45.83299], [15.93391, 45.832497], [15.934778, 45.832606], [15.934784, 45.833364], [15.935102, 45.834364], [15.935159, 45.834481], [15.935571, 45.834491], [15.935313, 45.835446], [15.936182, 45.835264], [15.936492, 45.83482], [15.93639, 45.834785], [15.936462, 45.834458], [15.936708, 45.834389], [15.936829, 45.83418], [15.937104, 45.834007], [15.936921, 45.833968], [15.937053, 45.833788], [15.937266, 45.833638], [15.937351, 45.833663], [15.937583, 45.833289], [15.937696, 45.833334], [15.937936, 45.83315], [15.937708, 45.83304], [15.937812, 45.83295], [15.937962, 45.833028], [15.938229, 45.832834], [15.938238, 45.832663], [15.938494, 45.832548], [15.938769, 45.832194], [15.938647, 45.832131], [15.939139, 45.831671], [15.93958, 45.831879], [15.94032, 45.832092], [15.940659, 45.831548], [15.940548, 45.83131], [15.941159, 45.831312], [15.94122, 45.831079], [15.940356, 45.830942], [15.940252, 45.830749], [15.94046, 45.830734], [15.9404, 45.829924], [15.940825, 45.829006], [15.941162, 45.828832], [15.940768, 45.828671], [15.941031, 45.828142], [15.940932, 45.828046], [15.94155, 45.827405], [15.942066, 45.827118], [15.943023, 45.826835], [15.943479, 45.826826], [15.94337, 45.826534], [15.943401, 45.825707], [15.943027, 45.825515], [15.942634, 45.82586], [15.941442, 45.826644], [15.941197, 45.826545], [15.941324, 45.826399], [15.941183, 45.826352], [15.94128, 45.825999], [15.941413, 45.825838], [15.9413, 45.825677], [15.941786, 45.825356], [15.941241, 45.824828], [15.941916, 45.824569], [15.943132, 45.82376], [15.943265, 45.823143], [15.943245, 45.822971], [15.943103, 45.822916], [15.943155, 45.8228], [15.943013, 45.822763], [15.942939, 45.822906], [15.942417, 45.822908], [15.942437, 45.822733], [15.940406, 45.822707], [15.940028, 45.822607], [15.940272, 45.822246], [15.940946, 45.822398], [15.941444, 45.822026], [15.941363, 45.822016], [15.941461, 45.821832], [15.941337, 45.821816], [15.941424, 45.821645], [15.942522, 45.82182], [15.942552, 45.821725], [15.942434, 45.82152], [15.942477, 45.821398], [15.941595, 45.821235], [15.941973, 45.820889], [15.942101, 45.820382], [15.942185, 45.820401], [15.942264, 45.818032], [15.942529, 45.817304], [15.942225, 45.816737], [15.942781, 45.81598], [15.942773, 45.815884], [15.942412, 45.815906], [15.942286, 45.815687], [15.942349, 45.815501], [15.943103, 45.815511], [15.943046, 45.814905], [15.942879, 45.814849], [15.942956, 45.814088], [15.942748, 45.814086], [15.942691, 45.813738], [15.943464, 45.813603], [15.943448, 45.813376], [15.943679, 45.813338], [15.943735, 45.813211], [15.944299, 45.813147], [15.945508, 45.812855], [15.945662, 45.813229], [15.945985, 45.813158], [15.945957, 45.813094], [15.946748, 45.812928], [15.946679, 45.812774], [15.946904, 45.812715], [15.946972, 45.812864], [15.947513, 45.812742], [15.947551, 45.812827], [15.948026, 45.812718], [15.947985, 45.812601], [15.948368, 45.812607], [15.948381, 45.81267], [15.948657, 45.812632], [15.948509, 45.812257], [15.949022, 45.812263], [15.949069, 45.812016], [15.949055, 45.811906], [15.948931, 45.811912], [15.949007, 45.811657], [15.948861, 45.811664], [15.94877, 45.811477], [15.948663, 45.811483], [15.948641, 45.811273], [15.94902, 45.811255], [15.949023, 45.811037], [15.949114, 45.811032], [15.949073, 45.810803], [15.948617, 45.810788], [15.948645, 45.810132], [15.948909, 45.810142], [15.948801, 45.80951]]]}, "properties": {"id": 157, "razina": "kvart", "name": "Sveti Duh", "color": "#b3d345", "area_km2": 2.5, "mo_count": 2, "source": "derivirano: MO (data.zagreb.hr) + OSM imena", "jls_name": "Grad Zagreb", "jls_maticni_broj": "01333", "zupanija": "Grad Zagreb", "palette_idx": 3}}, {"type": "Feature", "id": 158, "geometry": {"type": "Polygon", "coordinates": [[[16.00334, 45.767968], [15.990493, 45.767557], [15.990643, 45.767654], [15.990543, 45.768297], [15.990692, 45.768293], [15.990719, 45.768939], [15.990633, 45.769204], [15.99053, 45.769206], [15.990473, 45.76967], [15.990348, 45.77239], [15.993772, 45.772493], [15.997479, 45.772824], [16.000381, 45.772733], [16.002164, 45.772879], [16.002197, 45.772808], [16.002411, 45.772813], [16.002364, 45.772849], [16.004085, 45.773139], [16.005729, 45.768307], [16.00334, 45.767968]]]}, "properties": {"id": 158, "razina": "kvart", "name": "Travno", "color": "#4589d3", "area_km2": 0.61, "mo_count": 1, "source": "derivirano: MO (data.zagreb.hr) + OSM imena", "jls_name": "Grad Zagreb", "jls_maticni_broj": "01333", "zupanija": "Grad Zagreb", "palette_idx": 3}}, {"type": "Feature", "id": 159, "geometry": {"type": "Polygon", "coordinates": [[[16.062826, 45.812608], [16.063078, 45.812342], [16.063092, 45.81209], [16.062729, 45.811153], [16.062867, 45.810511], [16.060673, 45.810637], [16.060709, 45.810298], [16.06062, 45.810023], [16.062993, 45.809815], [16.062882, 45.809246], [16.062616, 45.808821], [16.06038, 45.809484], [16.058667, 45.806649], [16.060835, 45.805933], [16.06145, 45.805796], [16.062104, 45.805764], [16.062761, 45.805845], [16.06338, 45.80608], [16.063621, 45.806022], [16.063805, 45.805819], [16.065528, 45.806551], [16.065884, 45.80649], [16.06337, 45.802316], [16.05246, 45.800849], [16.046612, 45.799851], [16.046704, 45.80047], [16.0475, 45.802977], [16.047521, 45.803388], [16.048201, 45.803966], [16.048549, 45.805436], [16.048959, 45.805993], [16.049455, 45.806343], [16.049526, 45.806474], [16.049496, 45.80731], [16.049832, 45.808155], [16.049751, 45.808268], [16.050028, 45.808788], [16.050124, 45.809382], [16.049911, 45.809889], [16.049965, 45.809977], [16.049617, 45.810323], [16.049549, 45.810554], [16.049083, 45.811127], [16.049259, 45.811502], [16.049262, 45.812004], [16.048723, 45.812449], [16.04872, 45.813193], [16.048486, 45.814489], [16.048182, 45.814807], [16.048232, 45.815064], [16.048362, 45.815147], [16.048413, 45.815649], [16.047866, 45.81609], [16.047932, 45.81649], [16.047627, 45.816789], [16.047041, 45.816965], [16.04654, 45.816905], [16.046235, 45.816949], [16.045941, 45.817864], [16.045805, 45.817962], [16.04672, 45.818137], [16.046868, 45.818066], [16.048669, 45.818391], [16.048799, 45.818481], [16.059104, 45.82022], [16.059165, 45.820145], [16.059959, 45.820279], [16.060029, 45.820371], [16.060072, 45.820328], [16.061409, 45.820548], [16.061555, 45.820123], [16.061863, 45.820149], [16.061886, 45.819994], [16.061704, 45.819976], [16.061723, 45.819876], [16.061888, 45.819893], [16.062079, 45.81936], [16.062229, 45.81931], [16.061744, 45.819132], [16.061888, 45.819077], [16.062181, 45.818024], [16.061989, 45.817521], [16.062049, 45.817253], [16.062393, 45.817059], [16.062489, 45.816907], [16.062964, 45.816735], [16.063259, 45.816394], [16.063137, 45.815986], [16.062993, 45.815852], [16.063009, 45.815556], [16.062903, 45.815413], [16.063707, 45.815351], [16.064378, 45.815762], [16.064945, 45.81583], [16.065314, 45.814313], [16.06397, 45.813702], [16.063469, 45.813622], [16.062826, 45.812608]]]}, "properties": {"id": 159, "razina": "kvart", "name": "Trnava", "color": "#d34560", "area_km2": 2.25, "mo_count": 1, "source": "derivirano: MO (data.zagreb.hr) + OSM imena", "jls_name": "Grad Zagreb", "jls_maticni_broj": "01333", "zupanija": "Grad Zagreb", "palette_idx": 2}}, {"type": "Feature", "id": 160, "geometry": {"type": "Polygon", "coordinates": [[[16.073532, 45.83235], [16.066087, 45.833189], [16.064974, 45.83326], [16.066343, 45.834703], [16.067976, 45.836244], [16.068073, 45.836198], [16.068837, 45.837001], [16.069866, 45.83828], [16.069752, 45.838308], [16.070073, 45.83899], [16.072017, 45.840114], [16.072154, 45.839977], [16.072529, 45.840003], [16.072661, 45.83986], [16.073249, 45.839706], [16.073437, 45.839557], [16.073662, 45.839546], [16.073601, 45.839162], [16.073757, 45.839051], [16.073763, 45.838818], [16.074071, 45.838636], [16.074515, 45.838005], [16.074523, 45.837843], [16.074941, 45.837632], [16.075226, 45.837245], [16.075628, 45.837238], [16.075803, 45.837116], [16.076137, 45.837181], [16.076673, 45.837125], [16.07685, 45.836873], [16.077295, 45.83674], [16.077526, 45.836152], [16.077022, 45.835455], [16.077006, 45.835258], [16.076326, 45.834732], [16.074041, 45.833697], [16.073935, 45.83363], [16.073936, 45.833304], [16.073236, 45.833463], [16.073532, 45.83235]]]}, "properties": {"id": 160, "razina": "kvart", "name": "Trnovčica", "color": "#45d354", "area_km2": 0.44, "mo_count": 1, "source": "derivirano: MO (data.zagreb.hr) + OSM imena", "jls_name": "Grad Zagreb", "jls_maticni_broj": "01333", "zupanija": "Grad Zagreb", "palette_idx": 0}}, {"type": "Feature", "id": 161, "geometry": {"type": "Polygon", "coordinates": [[[15.964313, 45.768214], [15.963587, 45.769311], [15.962116, 45.77228], [15.961985, 45.772243], [15.960565, 45.774698], [15.960753, 45.774738], [15.960114, 45.775655], [15.959749, 45.776433], [15.959888, 45.776507], [15.959841, 45.776614], [15.960247, 45.776614], [15.960181, 45.776759], [15.961469, 45.77678], [15.962155, 45.776688], [15.965677, 45.776809], [15.965863, 45.773366], [15.965965, 45.773374], [15.966026, 45.772278], [15.966033, 45.772059], [15.965937, 45.772006], [15.96601, 45.770726], [15.966399, 45.770609], [15.966039, 45.770089], [15.966338, 45.768981], [15.966309, 45.768791], [15.96617, 45.768351], [15.965817, 45.768216], [15.965339, 45.768237], [15.965309, 45.768163], [15.965054, 45.768156], [15.965004, 45.768226], [15.964313, 45.768214]]]}, "properties": {"id": 161, "razina": "kvart", "name": "Trnsko", "color": "#7d45d3", "area_km2": 0.3, "mo_count": 1, "source": "derivirano: MO (data.zagreb.hr) + OSM imena", "jls_name": "Grad Zagreb", "jls_maticni_broj": "01333", "zupanija": "Grad Zagreb", "palette_idx": 0}}, {"type": "Feature", "id": 162, "geometry": {"type": "Polygon", "coordinates": [[[15.908278, 45.632381], [15.907006, 45.632866], [15.906015, 45.63347], [15.90523, 45.634217], [15.904891, 45.634365], [15.904058, 45.634474], [15.903676, 45.634782], [15.903408, 45.634865], [15.90269, 45.634815], [15.902321, 45.634884], [15.901767, 45.635182], [15.901356, 45.635261], [15.901075, 45.635502], [15.900561, 45.635766], [15.899786, 45.636048], [15.899373, 45.63594], [15.899205, 45.635809], [15.898173, 45.635405], [15.897884, 45.635543], [15.896804, 45.635739], [15.895597, 45.635763], [15.895233, 45.635693], [15.894851, 45.63574], [15.894521, 45.635974], [15.894401, 45.636201], [15.893871, 45.636433], [15.893733, 45.636606], [15.893656, 45.636956], [15.894051, 45.638133], [15.89382, 45.639325], [15.893435, 45.639966], [15.8924, 45.640415], [15.891982, 45.640716], [15.891112, 45.641728], [15.890438, 45.642294], [15.89101, 45.64266], [15.891968, 45.643449], [15.89246, 45.643643], [15.891976, 45.643901], [15.892046, 45.644197], [15.891867, 45.644611], [15.89191, 45.645381], [15.892157, 45.645646], [15.892311, 45.646334], [15.893025, 45.646063], [15.893621, 45.646413], [15.893626, 45.646628], [15.89398, 45.646942], [15.894503, 45.647133], [15.894963, 45.64749], [15.895423, 45.647469], [15.895814, 45.647586], [15.89575, 45.647746], [15.895958, 45.647802], [15.895689, 45.647953], [15.896142, 45.648241], [15.895817, 45.648448], [15.895926, 45.648553], [15.896235, 45.648589], [15.896305, 45.648712], [15.895983, 45.648863], [15.895882, 45.648773], [15.895406, 45.648774], [15.895064, 45.649027], [15.895085, 45.649109], [15.895508, 45.649117], [15.895522, 45.649338], [15.895778, 45.649345], [15.895486, 45.649678], [15.895273, 45.649692], [15.895043, 45.649456], [15.894896, 45.649561], [15.895094, 45.649975], [15.895331, 45.649951], [15.895506, 45.650057], [15.895496, 45.650169], [15.895692, 45.65018], [15.895673, 45.650279], [15.895446, 45.650416], [15.895336, 45.650352], [15.895279, 45.650145], [15.895111, 45.650059], [15.894673, 45.650033], [15.894673, 45.650319], [15.894834, 45.650442], [15.894764, 45.650604], [15.894876, 45.650773], [15.8948, 45.650833], [15.894646, 45.650747], [15.894559, 45.650501], [15.894448, 45.650517], [15.894327, 45.650771], [15.894081, 45.65076], [15.894311, 45.651058], [15.894201, 45.65124], [15.893963, 45.651289], [15.89387, 45.651423], [15.894348, 45.651589], [15.89436, 45.651658], [15.893898, 45.651828], [15.893995, 45.652013], [15.894198, 45.652035], [15.894229, 45.65219], [15.894152, 45.652285], [15.89392, 45.652316], [15.89395, 45.652412], [15.893833, 45.652526], [15.894137, 45.652802], [15.894343, 45.652824], [15.894287, 45.652961], [15.894065, 45.653006], [15.893801, 45.653231], [15.893957, 45.653916], [15.893753, 45.653918], [15.893565, 45.653765], [15.893477, 45.653857], [15.893517, 45.654122], [15.893407, 45.654233], [15.893579, 45.654401], [15.893327, 45.654702], [15.893548, 45.655004], [15.893426, 45.65506], [15.893335, 45.655514], [15.89349, 45.655636], [15.893397, 45.655799], [15.89347, 45.655905], [15.894086, 45.655797], [15.894051, 45.655954], [15.894177, 45.656234], [15.894091, 45.656306], [15.894102, 45.656625], [15.894182, 45.656684], [15.89398, 45.656895], [15.89369, 45.656816], [15.893582, 45.656873], [15.89358, 45.65716], [15.893839, 45.657225], [15.893674, 45.657411], [15.89353, 45.657433], [15.893458, 45.657605], [15.893715, 45.657804], [15.893613, 45.657966], [15.893732, 45.658127], [15.893741, 45.658936], [15.894028, 45.659098], [15.894038, 45.659186], [15.893837, 45.659365], [15.894043, 45.659469], [15.894243, 45.659409], [15.89441, 45.659664], [15.894182, 45.659783], [15.893888, 45.659716], [15.893756, 45.659817], [15.893841, 45.660014], [15.894001, 45.660116], [15.89373, 45.660178], [15.893703, 45.660258], [15.893919, 45.660332], [15.894441, 45.660271], [15.894511, 45.66039], [15.894281, 45.66073], [15.894303, 45.660813], [15.894454, 45.660861], [15.894697, 45.660846], [15.89488, 45.660595], [15.894935, 45.660799], [15.894575, 45.661243], [15.894605, 45.661384], [15.894802, 45.661437], [15.895024, 45.661242], [15.895178, 45.661218], [15.895267, 45.661285], [15.895242, 45.661795], [15.895111, 45.661827], [15.894972, 45.661759], [15.89486, 45.66194], [15.89523, 45.662057], [15.895303, 45.662294], [15.895544, 45.662376], [15.895666, 45.662552], [15.895827, 45.662559], [15.895645, 45.662734], [15.895706, 45.662811], [15.895843, 45.662802], [15.896046, 45.662635], [15.896135, 45.662666], [15.896079, 45.66295], [15.8959, 45.663096], [15.895665, 45.663155], [15.895768, 45.663287], [15.89612, 45.663295], [15.896092, 45.663659], [15.896268, 45.663948], [15.895133, 45.664743], [15.895129, 45.664829], [15.895592, 45.664863], [15.895458, 45.665304], [15.895585, 45.665495], [15.895772, 45.665442], [15.896152, 45.665544], [15.896486, 45.66586], [15.89639, 45.665901], [15.896504, 45.666047], [15.896405, 45.666118], [15.896355, 45.666442], [15.896754, 45.666365], [15.89665, 45.666445], [15.896773, 45.666551], [15.896968, 45.666462], [15.897164, 45.666529], [15.897123, 45.666611], [15.897285, 45.666721], [15.897365, 45.666626], [15.897517, 45.66666], [15.897423, 45.666797], [15.897505, 45.666884], [15.897715, 45.666914], [15.897724, 45.667007], [15.897508, 45.667112], [15.897547, 45.667428], [15.897921, 45.667603], [15.897955, 45.667848], [15.898141, 45.668023], [15.898031, 45.668129], [15.898252, 45.668204], [15.898362, 45.668125], [15.898423, 45.668227], [15.898188, 45.668763], [15.898329, 45.668916], [15.898297, 45.669118], [15.898108, 45.669311], [15.898456, 45.669555], [15.898657, 45.66959], [15.898431, 45.6697], [15.898404, 45.669836], [15.898581, 45.669965], [15.898458, 45.670407], [15.898602, 45.670451], [15.898286, 45.670691], [15.898027, 45.670727], [15.898022, 45.67089], [15.898282, 45.670983], [15.89824, 45.67116], [15.898327, 45.671229], [15.898505, 45.671193], [15.898386, 45.671306], [15.898412, 45.67152], [15.899291, 45.671512], [15.899385, 45.671365], [15.899373, 45.671092], [15.899595, 45.671384], [15.899577, 45.671543], [15.899674, 45.671572], [15.899924, 45.671228], [15.899705, 45.671043], [15.899859, 45.671], [15.900029, 45.671021], [15.900284, 45.671254], [15.90047, 45.671487], [15.900476, 45.671728], [15.900672, 45.671734], [15.900784, 45.671663], [15.901036, 45.671853], [15.901514, 45.671871], [15.901642, 45.671803], [15.90152, 45.671652], [15.901641, 45.671554], [15.902064, 45.671716], [15.902129, 45.671812], [15.902022, 45.671964], [15.902325, 45.672094], [15.902784, 45.672071], [15.902869, 45.671899], [15.902952, 45.672034], [15.903175, 45.671945], [15.903233, 45.672228], [15.903027, 45.67254], [15.903133, 45.672636], [15.903396, 45.672572], [15.903233, 45.67274], [15.903293, 45.673059], [15.903353, 45.673111], [15.903581, 45.673035], [15.903802, 45.6727], [15.904063, 45.672935], [15.904301, 45.672854], [15.904384, 45.67276], [15.904326, 45.672636], [15.904495, 45.672815], [15.904803, 45.672782], [15.904931, 45.673144], [15.904784, 45.673382], [15.904878, 45.673433], [15.905541, 45.673387], [15.905672, 45.673106], [15.905868, 45.673194], [15.906125, 45.673165], [15.906197, 45.672965], [15.906457, 45.672998], [15.906522, 45.672946], [15.90646, 45.672785], [15.907025, 45.672891], [15.907344, 45.672745], [15.907302, 45.672555], [15.907861, 45.672757], [15.907832, 45.67292], [15.90806, 45.673242], [15.908243, 45.673173], [15.908459, 45.672905], [15.908515, 45.672617], [15.90802, 45.672529], [15.90816, 45.672226], [15.908567, 45.672234], [15.908626, 45.672479], [15.908935, 45.672502], [15.908903, 45.672653], [15.909075, 45.672692], [15.909291, 45.672429], [15.909271, 45.67233], [15.909002, 45.672198], [15.909291, 45.67225], [15.909536, 45.672836], [15.909766, 45.67272], [15.909848, 45.672499], [15.909746, 45.672336], [15.910091, 45.672396], [15.910031, 45.672623], [15.909786, 45.672795], [15.909594, 45.673089], [15.909952, 45.673145], [15.91031, 45.672875], [15.910541, 45.67289], [15.910649, 45.67296], [15.910293, 45.673214], [15.910379, 45.673363], [15.910872, 45.673274], [15.911013, 45.673117], [15.911396, 45.673108], [15.911596, 45.67292], [15.91172, 45.672907], [15.911804, 45.673103], [15.911701, 45.67334], [15.91201, 45.673308], [15.91215, 45.672911], [15.912038, 45.672538], [15.912212, 45.672532], [15.912426, 45.672866], [15.912665, 45.672917], [15.912646, 45.673183], [15.912423, 45.673076], [15.912236, 45.673077], [15.912381, 45.673308], [15.913032, 45.673316], [15.913282, 45.673049], [15.913327, 45.673098], [15.913282, 45.673264], [15.913101, 45.673353], [15.912956, 45.673563], [15.912965, 45.673739], [15.91309, 45.673833], [15.913732, 45.673654], [15.914129, 45.673689], [15.914355, 45.674099], [15.914308, 45.674252], [15.914408, 45.674275], [15.914639, 45.674073], [15.914674, 45.673782], [15.914752, 45.67383], [15.914727, 45.674157], [15.914547, 45.674324], [15.914604, 45.674367], [15.914766, 45.67441], [15.915321, 45.6743], [15.915535, 45.674345], [15.91568, 45.674469], [15.916061, 45.674526], [15.916368, 45.67445], [15.91641, 45.674554], [15.916295, 45.674778], [15.916398, 45.674898], [15.91659, 45.674854], [15.917017, 45.674461], [15.917235, 45.674438], [15.917389, 45.674289], [15.917208, 45.673975], [15.916807, 45.674125], [15.916725, 45.674308], [15.916493, 45.67417], [15.916526, 45.674044], [15.917541, 45.673722], [15.917447, 45.673415], [15.917529, 45.673298], [15.917951, 45.673231], [15.917862, 45.673039], [15.918108, 45.673119], [15.91804, 45.673308], [15.918145, 45.673368], [15.918474, 45.673286], [15.918543, 45.672827], [15.919275, 45.672944], [15.919521, 45.672714], [15.919735, 45.672808], [15.919894, 45.672731], [15.919838, 45.672879], [15.919938, 45.672964], [15.920069, 45.672943], [15.920179, 45.672804], [15.920425, 45.673327], [15.920644, 45.673313], [15.920728, 45.67318], [15.920665, 45.673062], [15.920761, 45.673082], [15.920815, 45.673261], [15.920652, 45.67355], [15.920944, 45.673677], [15.921046, 45.673655], [15.921091, 45.673274], [15.921339, 45.673278], [15.921466, 45.673331], [15.921562, 45.673691], [15.921536, 45.673783], [15.921195, 45.673933], [15.920698, 45.673937], [15.920633, 45.674079], [15.92086, 45.674303], [15.920266, 45.674331], [15.920272, 45.674519], [15.920561, 45.67473], [15.920833, 45.674669], [15.921191, 45.674716], [15.921377, 45.674575], [15.921394, 45.674939], [15.921505, 45.675089], [15.921878, 45.675125], [15.922094, 45.675103], [15.922233, 45.674787], [15.922454, 45.674747], [15.922264, 45.675387], [15.922801, 45.675206], [15.923282, 45.675249], [15.922817, 45.675604], [15.922653, 45.675584], [15.922699, 45.675727], [15.923448, 45.675943], [15.923521, 45.675873], [15.923345, 45.675594], [15.923509, 45.675373], [15.923891, 45.675406], [15.924072, 45.675534], [15.924099, 45.675678], [15.924306, 45.675793], [15.924363, 45.675578], [15.924174, 45.675236], [15.924016, 45.675136], [15.924061, 45.675089], [15.92432, 45.675143], [15.924315, 45.67526], [15.924785, 45.675651], [15.925046, 45.675472], [15.9254, 45.67541], [15.925444, 45.675551], [15.925127, 45.675867], [15.92516, 45.675975], [15.925571, 45.675999], [15.925835, 45.675847], [15.926119, 45.675919], [15.926079, 45.676033], [15.925912, 45.67608], [15.925066, 45.676168], [15.925106, 45.676313], [15.925616, 45.676623], [15.926584, 45.676528], [15.926677, 45.676429], [15.926623, 45.676234], [15.926786, 45.676258], [15.926945, 45.676392], [15.927168, 45.676386], [15.927406, 45.676187], [15.927476, 45.67658], [15.928224, 45.676632], [15.928088, 45.676713], [15.928021, 45.676897], [15.928216, 45.677248], [15.928382, 45.677294], [15.928599, 45.677128], [15.928672, 45.677158], [15.928239, 45.677462], [15.92803, 45.6775], [15.92801, 45.677715], [15.928151, 45.677784], [15.928645, 45.677691], [15.928913, 45.677976], [15.929127, 45.677911], [15.92919, 45.677804], [15.929041, 45.678067], [15.928703, 45.678149], [15.929151, 45.678629], [15.928791, 45.678512], [15.928724, 45.678642], [15.928806, 45.67876], [15.929355, 45.67893], [15.929723, 45.678901], [15.929848, 45.678989], [15.929605, 45.679378], [15.929658, 45.67952], [15.929878, 45.679776], [15.930044, 45.679814], [15.93005, 45.680129], [15.930498, 45.680113], [15.930628, 45.680305], [15.93058, 45.680372], [15.930334, 45.68037], [15.930165, 45.680594], [15.930447, 45.680655], [15.930889, 45.680543], [15.931325, 45.680568], [15.931235, 45.680131], [15.931049, 45.680145], [15.930777, 45.680049], [15.930839, 45.679705], [15.931079, 45.679756], [15.931225, 45.679924], [15.931353, 45.679662], [15.931128, 45.679499], [15.931252, 45.679342], [15.931412, 45.6793], [15.931584, 45.679371], [15.931564, 45.679776], [15.931921, 45.679748], [15.931994, 45.679613], [15.931857, 45.679626], [15.9318, 45.679552], [15.931784, 45.679207], [15.93167, 45.679027], [15.93194, 45.678923], [15.932196, 45.679052], [15.932437, 45.678848], [15.932016, 45.678559], [15.931786, 45.678554], [15.931441, 45.678699], [15.931122, 45.678595], [15.931364, 45.678379], [15.931081, 45.678143], [15.931056, 45.677952], [15.931183, 45.677943], [15.931702, 45.678223], [15.932046, 45.678102], [15.931878, 45.677987], [15.932032, 45.677876], [15.93191, 45.677678], [15.931569, 45.677761], [15.931364, 45.67771], [15.931256, 45.677585], [15.931675, 45.677444], [15.931625, 45.677321], [15.93206, 45.677203], [15.932165, 45.677338], [15.932052, 45.677519], [15.932326, 45.677643], [15.932364, 45.67748], [15.932838, 45.677568], [15.933129, 45.6775], [15.933132, 45.677414], [15.932914, 45.677275], [15.932972, 45.677217], [15.933911, 45.67708], [15.933881, 45.677], [15.933645, 45.677047], [15.93334, 45.676889], [15.933343, 45.676693], [15.933453, 45.676691], [15.933468, 45.676757], [15.933846, 45.67654], [15.934071, 45.676541], [15.934171, 45.676278], [15.93448, 45.676352], [15.93475, 45.676223], [15.934323, 45.676097], [15.934304, 45.675965], [15.934427, 45.675952], [15.934473, 45.675842], [15.93427, 45.675577], [15.934005, 45.675404], [15.934456, 45.675191], [15.934729, 45.675366], [15.934698, 45.675502], [15.934996, 45.675288], [15.93543, 45.675369], [15.935241, 45.675292], [15.935404, 45.675184], [15.935752, 45.675281], [15.93571, 45.675171], [15.936037, 45.674879], [15.935636, 45.674782], [15.935707, 45.674619], [15.936007, 45.674604], [15.936139, 45.674731], [15.936288, 45.674461], [15.936681, 45.674594], [15.936886, 45.674536], [15.936757, 45.674451], [15.936797, 45.674331], [15.937054, 45.674154], [15.937002, 45.67398], [15.937187, 45.673897], [15.937493, 45.673941], [15.937424, 45.673654], [15.937568, 45.673562], [15.937659, 45.673697], [15.937779, 45.673542], [15.938006, 45.673597], [15.937952, 45.673479], [15.938177, 45.673262], [15.938363, 45.6733], [15.938586, 45.673143], [15.938692, 45.673212], [15.938514, 45.673413], [15.938544, 45.673596], [15.938639, 45.673736], [15.938871, 45.673769], [15.938979, 45.673382], [15.939118, 45.673374], [15.939265, 45.673572], [15.939381, 45.673405], [15.939657, 45.673383], [15.939665, 45.673285], [15.93932, 45.673253], [15.939262, 45.673174], [15.939505, 45.672966], [15.939722, 45.672908], [15.93982, 45.672773], [15.939998, 45.672715], [15.940203, 45.672831], [15.940333, 45.672642], [15.940494, 45.672663], [15.94059, 45.672768], [15.940839, 45.672646], [15.940619, 45.672639], [15.940541, 45.672352], [15.940865, 45.672037], [15.941389, 45.672081], [15.941415, 45.67225], [15.94108, 45.672431], [15.941421, 45.672504], [15.941496, 45.672278], [15.941777, 45.672217], [15.941842, 45.672299], [15.941766, 45.67245], [15.941924, 45.672457], [15.942364, 45.672277], [15.942185, 45.672251], [15.942073, 45.671957], [15.942213, 45.671943], [15.942431, 45.672112], [15.94258, 45.67208], [15.942229, 45.671821], [15.94225, 45.671644], [15.942433, 45.671656], [15.942698, 45.671822], [15.942798, 45.671767], [15.943073, 45.671795], [15.943225, 45.671631], [15.943185, 45.671404], [15.943302, 45.671262], [15.943059, 45.671215], [15.943056, 45.670985], [15.942921, 45.670858], [15.943018, 45.670667], [15.943321, 45.670714], [15.943476, 45.670479], [15.943311, 45.670388], [15.943449, 45.670212], [15.943646, 45.670172], [15.943493, 45.670075], [15.943569, 45.669992], [15.943428, 45.669871], [15.943578, 45.669665], [15.943474, 45.669532], [15.94323, 45.669529], [15.943167, 45.669426], [15.943592, 45.669256], [15.943351, 45.669246], [15.943381, 45.669127], [15.943222, 45.668893], [15.943118, 45.669007], [15.942857, 45.669019], [15.94276, 45.668997], [15.942755, 45.668854], [15.942542, 45.668907], [15.942444, 45.668367], [15.942101, 45.668611], [15.941968, 45.668594], [15.941904, 45.668492], [15.942063, 45.668334], [15.941992, 45.668154], [15.941674, 45.668356], [15.941352, 45.668208], [15.941389, 45.668066], [15.941589, 45.668138], [15.941642, 45.668038], [15.941646, 45.667956], [15.9413, 45.667908], [15.941246, 45.667839], [15.941358, 45.667624], [15.941499, 45.667575], [15.940941, 45.667269], [15.940729, 45.667334], [15.94064, 45.667213], [15.94078, 45.66705], [15.940657, 45.666798], [15.940566, 45.666756], [15.940411, 45.666866], [15.939846, 45.666881], [15.939702, 45.666521], [15.93999, 45.666365], [15.940175, 45.666361], [15.940434, 45.665975], [15.94021, 45.665959], [15.940061, 45.665729], [15.939719, 45.66568], [15.939428, 45.665464], [15.939524, 45.665286], [15.939269, 45.665132], [15.939174, 45.664911], [15.939128, 45.664624], [15.939214, 45.664497], [15.938932, 45.664424], [15.93883, 45.664277], [15.938987, 45.664171], [15.938929, 45.663953], [15.939243, 45.663786], [15.939196, 45.663613], [15.939452, 45.663452], [15.939336, 45.663163], [15.939464, 45.66305], [15.939953, 45.66293], [15.940001, 45.663058], [15.940182, 45.663025], [15.940334, 45.662833], [15.940671, 45.663115], [15.940658, 45.662887], [15.940951, 45.662534], [15.940315, 45.662244], [15.940484, 45.662141], [15.940297, 45.66197], [15.940461, 45.661762], [15.940249, 45.661759], [15.939982, 45.661565], [15.94005, 45.661359], [15.939956, 45.661032], [15.940075, 45.66088], [15.939942, 45.660627], [15.939973, 45.660464], [15.939686, 45.660561], [15.939331, 45.660891], [15.938996, 45.660879], [15.938803, 45.660729], [15.938862, 45.660577], [15.938758, 45.660502], [15.93846, 45.66054], [15.93831, 45.660429], [15.938385, 45.660293], [15.938205, 45.660083], [15.93852, 45.659793], [15.93871, 45.659785], [15.938972, 45.65991], [15.938945, 45.659807], [15.939119, 45.659663], [15.939016, 45.659421], [15.939191, 45.658039], [15.940068, 45.656066], [15.939789, 45.654852], [15.940469, 45.654864], [15.94001, 45.654164], [15.938195, 45.652724], [15.935595, 45.649145], [15.934689, 45.649314], [15.934243, 45.64951], [15.934196, 45.649631], [15.934059, 45.64958], [15.933181, 45.647521], [15.932183, 45.646363], [15.931363, 45.645837], [15.930983, 45.645701], [15.929959, 45.644501], [15.928483, 45.643805], [15.927206, 45.64353], [15.926891, 45.64204], [15.926938, 45.641803], [15.926715, 45.640978], [15.925801, 45.640001], [15.925384, 45.639805], [15.922936, 45.640081], [15.921521, 45.640553], [15.920954, 45.64046], [15.920202, 45.639813], [15.918944, 45.639291], [15.91829, 45.638687], [15.917589, 45.638281], [15.917072, 45.637301], [15.916311, 45.636771], [15.916103, 45.636503], [15.915363, 45.636151], [15.914592, 45.635928], [15.913876, 45.635929], [15.913682, 45.635835], [15.913491, 45.635942], [15.913186, 45.635864], [15.912354, 45.635448], [15.911156, 45.634356], [15.910807, 45.633792], [15.910417, 45.633618], [15.90978, 45.632934], [15.908278, 45.632381]]]}, "properties": {"id": 162, "razina": "kvart", "name": "Trpuci", "color": "#d3a745", "area_km2": 13.62, "mo_count": 1, "source": "derivirano: MO (data.zagreb.hr) + OSM imena", "jls_name": "Grad Zagreb", "jls_maticni_broj": "01333", "zupanija": "Grad Zagreb", "palette_idx": 1}}, {"type": "Feature", "id": 163, "geometry": {"type": "Polygon", "coordinates": [[[15.965506, 45.812789], [15.965464, 45.813024], [15.965154, 45.813078], [15.965147, 45.8132], [15.965282, 45.813315], [15.965142, 45.813611], [15.965082, 45.813674], [15.964903, 45.813608], [15.964818, 45.813724], [15.965172, 45.813832], [15.965257, 45.813954], [15.964816, 45.813844], [15.964751, 45.813927], [15.964465, 45.813861], [15.964306, 45.814194], [15.964696, 45.814437], [15.964479, 45.81459], [15.964577, 45.815067], [15.964105, 45.814925], [15.96402, 45.81506], [15.964255, 45.815134], [15.964074, 45.815566], [15.964478, 45.815617], [15.964506, 45.816131], [15.964087, 45.816128], [15.96417, 45.816896], [15.964365, 45.81745], [15.964203, 45.817484], [15.964377, 45.817748], [15.963712, 45.818052], [15.964721, 45.819166], [15.965569, 45.821157], [15.966981, 45.822102], [15.967276, 45.822385], [15.967684, 45.823539], [15.967704, 45.824301], [15.967835, 45.824861], [15.967796, 45.825265], [15.968176, 45.825862], [15.96835, 45.826632], [15.96854, 45.828559], [15.969202, 45.828446], [15.96951, 45.828811], [15.969865, 45.829602], [15.969764, 45.82961], [15.969773, 45.829854], [15.969905, 45.829853], [15.96989, 45.829988], [15.969624, 45.829979], [15.969615, 45.830105], [15.969866, 45.830119], [15.969889, 45.830425], [15.96981, 45.830426], [15.969769, 45.830721], [15.969838, 45.830968], [15.96944, 45.831034], [15.969449, 45.83127], [15.970156, 45.831165], [15.970187, 45.831326], [15.970421, 45.831314], [15.970475, 45.832337], [15.970134, 45.832414], [15.97016, 45.83254], [15.970341, 45.832518], [15.970276, 45.8327], [15.970398, 45.833629], [15.970262, 45.83363], [15.970428, 45.833931], [15.970426, 45.834301], [15.970231, 45.834306], [15.970227, 45.834515], [15.969811, 45.834532], [15.969778, 45.834719], [15.969877, 45.834818], [15.969794, 45.834873], [15.969628, 45.835663], [15.96937, 45.835886], [15.969253, 45.836444], [15.969116, 45.836518], [15.969097, 45.836755], [15.968855, 45.837062], [15.968747, 45.837717], [15.968563, 45.837886], [15.968277, 45.838636], [15.96776, 45.839432], [15.967602, 45.840506], [15.967445, 45.840724], [15.968319, 45.840989], [15.968397, 45.841093], [15.968102, 45.841367], [15.968444, 45.841561], [15.967022, 45.842566], [15.966227, 45.843267], [15.96573, 45.843487], [15.964654, 45.842891], [15.964731, 45.842371], [15.964313, 45.842268], [15.963949, 45.842614], [15.963826, 45.842508], [15.963562, 45.842513], [15.963089, 45.842046], [15.962583, 45.84231], [15.962795, 45.842422], [15.962323, 45.842763], [15.962575, 45.843], [15.96193, 45.843487], [15.961471, 45.843754], [15.960119, 45.844293], [15.958362, 45.845305], [15.958487, 45.845348], [15.958267, 45.845617], [15.958668, 45.845559], [15.959568, 45.845205], [15.95994, 45.845129], [15.96057, 45.846225], [15.962076, 45.845751], [15.962046, 45.845561], [15.963089, 45.8453], [15.963191, 45.845592], [15.963572, 45.845706], [15.963994, 45.845661], [15.964025, 45.845749], [15.964752, 45.845486], [15.965047, 45.845465], [15.964939, 45.844762], [15.965321, 45.84473], [15.965351, 45.844481], [15.965672, 45.844469], [15.965717, 45.845015], [15.966003, 45.845003], [15.966012, 45.844596], [15.96689, 45.84454], [15.967273, 45.844634], [15.967969, 45.844564], [15.967761, 45.843972], [15.968127, 45.843864], [15.968519, 45.843925], [15.96871, 45.844218], [15.969259, 45.844473], [15.969661, 45.844251], [15.96997, 45.843828], [15.970045, 45.843865], [15.969996, 45.84365], [15.969724, 45.843358], [15.969695, 45.843212], [15.969585, 45.843212], [15.96963, 45.843042], [15.969253, 45.84286], [15.969554, 45.842568], [15.969958, 45.842338], [15.969516, 45.842101], [15.969842, 45.841606], [15.970167, 45.841458], [15.969599, 45.840547], [15.969415, 45.840473], [15.969437, 45.840378], [15.970457, 45.839139], [15.971274, 45.838437], [15.971455, 45.838537], [15.971638, 45.838327], [15.971904, 45.837306], [15.971969, 45.83731], [15.972001, 45.837089], [15.971728, 45.83708], [15.971788, 45.836532], [15.971183, 45.836385], [15.971298, 45.835921], [15.971568, 45.83577], [15.971361, 45.835485], [15.971361, 45.835048], [15.97323, 45.83505], [15.973733, 45.833341], [15.974122, 45.833362], [15.974109, 45.832775], [15.973099, 45.832716], [15.973234, 45.832285], [15.973587, 45.83202], [15.973701, 45.831764], [15.973589, 45.831567], [15.973155, 45.831633], [15.973069, 45.831563], [15.973281, 45.831095], [15.973296, 45.829411], [15.971877, 45.829863], [15.971925, 45.829774], [15.97181, 45.829727], [15.971731, 45.829509], [15.971556, 45.829458], [15.971947, 45.829439], [15.973344, 45.828752], [15.973681, 45.828255], [15.973624, 45.827491], [15.973828, 45.825937], [15.973577, 45.825853], [15.973457, 45.825237], [15.973356, 45.825158], [15.972985, 45.825175], [15.972303, 45.825389], [15.972466, 45.824852], [15.972866, 45.824556], [15.97317, 45.823844], [15.973147, 45.823768], [15.972714, 45.823614], [15.972683, 45.823321], [15.973268, 45.822787], [15.973422, 45.822508], [15.973809, 45.82254], [15.973939, 45.821986], [15.973913, 45.821545], [15.973717, 45.82142], [15.973106, 45.821604], [15.972376, 45.822052], [15.971923, 45.822035], [15.972556, 45.821341], [15.97173, 45.820937], [15.971356, 45.821171], [15.970928, 45.82182], [15.970765, 45.82178], [15.971114, 45.821081], [15.971582, 45.82058], [15.971266, 45.820547], [15.971429, 45.818921], [15.972199, 45.818177], [15.971962, 45.818013], [15.97155, 45.817888], [15.970978, 45.817849], [15.971328, 45.817519], [15.970975, 45.817318], [15.970894, 45.817382], [15.970079, 45.816417], [15.96982, 45.815509], [15.96991, 45.815249], [15.969676, 45.815149], [15.969559, 45.814817], [15.969241, 45.814786], [15.969343, 45.814429], [15.969226, 45.814416], [15.969285, 45.81413], [15.969572, 45.814172], [15.969698, 45.813567], [15.969801, 45.813572], [15.969834, 45.813474], [15.969833, 45.813233], [15.968388, 45.813179], [15.966831, 45.812984], [15.966783, 45.813089], [15.965506, 45.812789]]]}, "properties": {"id": 163, "razina": "kvart", "name": "Tuškanac", "color": "#45d3d1", "area_km2": 1.29, "mo_count": 1, "source": "derivirano: MO (data.zagreb.hr) + OSM imena", "jls_name": "Grad Zagreb", "jls_maticni_broj": "01333", "zupanija": "Grad Zagreb", "palette_idx": 2}}, {"type": "Feature", "id": 164, "geometry": {"type": "Polygon", "coordinates": [[[16.001052, 45.772751], [15.997479, 45.772824], [15.993772, 45.772493], [15.99021, 45.772387], [15.990191, 45.772746], [15.990336, 45.772754], [15.990364, 45.772824], [15.990104, 45.777459], [15.998945, 45.777696], [16.003084, 45.777715], [16.003014, 45.777524], [16.003254, 45.776795], [16.003192, 45.776593], [16.003551, 45.775175], [16.003487, 45.775164], [16.003678, 45.774443], [16.003766, 45.774447], [16.003984, 45.773859], [16.003844, 45.773827], [16.004085, 45.773139], [16.002364, 45.772849], [16.002411, 45.772813], [16.002197, 45.772808], [16.002164, 45.772879], [16.001052, 45.772751]]]}, "properties": {"id": 164, "razina": "kvart", "name": "Utrine", "color": "#d345ad", "area_km2": 0.57, "mo_count": 1, "source": "derivirano: MO (data.zagreb.hr) + OSM imena", "jls_name": "Grad Zagreb", "jls_maticni_broj": "01333", "zupanija": "Grad Zagreb", "palette_idx": 2}}, {"type": "Feature", "id": 165, "geometry": {"type": "Polygon", "coordinates": [[[16.017324, 45.736013], [16.016359, 45.732718], [16.013144, 45.733735], [16.011358, 45.734498], [16.00927, 45.735162], [16.008935, 45.735406], [16.009035, 45.735534], [16.008295, 45.736114], [16.001686, 45.740814], [16.002337, 45.741487], [16.002531, 45.741947], [16.002331, 45.743204], [16.008552, 45.742048], [16.010101, 45.741559], [16.010543, 45.742554], [16.01091, 45.743734], [16.011828, 45.744511], [16.011762, 45.744612], [16.010673, 45.745042], [16.010529, 45.745175], [16.007445, 45.746493], [16.007637, 45.74673], [16.003017, 45.748574], [16.004247, 45.749754], [16.005364, 45.75109], [16.012435, 45.749975], [16.012453, 45.750064], [16.012987, 45.749983], [16.012959, 45.749891], [16.020228, 45.748747], [16.019477, 45.74803], [16.018235, 45.74645], [16.01702, 45.744689], [16.015941, 45.743489], [16.017798, 45.743155], [16.019189, 45.742523], [16.019493, 45.742324], [16.019951, 45.741587], [16.019945, 45.741255], [16.019259, 45.74093], [16.01923, 45.740373], [16.018923, 45.740376], [16.018921, 45.740255], [16.018694, 45.740254], [16.018711, 45.740414], [16.017935, 45.739839], [16.017601, 45.739858], [16.01755, 45.739636], [16.017755, 45.739008], [16.017692, 45.738685], [16.018648, 45.738353], [16.019164, 45.73782], [16.019506, 45.737654], [16.01937, 45.737507], [16.01863, 45.737137], [16.017324, 45.736013]]]}, "properties": {"id": 165, "razina": "kvart", "name": "Veliko Polje", "color": "#83d345", "area_km2": 1.63, "mo_count": 1, "source": "derivirano: MO (data.zagreb.hr) + OSM imena", "jls_name": "Grad Zagreb", "jls_maticni_broj": "01333", "zupanija": "Grad Zagreb", "palette_idx": 0}}, {"type": "Feature", "id": 166, "geometry": {"type": "Polygon", "coordinates": [[[16.038296, 45.884042], [16.038593, 45.884012], [16.038995, 45.883802], [16.038925, 45.883672], [16.038369, 45.883498], [16.038108, 45.883545], [16.038067, 45.883625], [16.037167, 45.883685], [16.036607, 45.883684], [16.035928, 45.883577], [16.035358, 45.882904], [16.035186, 45.882195], [16.035293, 45.88164], [16.034568, 45.880311], [16.033011, 45.880424], [16.032789, 45.880598], [16.032831, 45.881093], [16.032504, 45.881247], [16.032349, 45.881165], [16.032469, 45.88145], [16.032343, 45.882011], [16.032391, 45.882467], [16.031892, 45.884196], [16.031947, 45.885002], [16.031836, 45.885826], [16.031953, 45.885864], [16.031634, 45.886768], [16.031493, 45.887703], [16.031278, 45.887936], [16.031004, 45.888518], [16.031007, 45.888788], [16.030636, 45.889682], [16.030838, 45.890326], [16.030608, 45.890872], [16.030707, 45.891097], [16.03063, 45.891548], [16.030666, 45.892669], [16.030812, 45.892935], [16.031098, 45.893107], [16.030923, 45.89331], [16.03099, 45.893818], [16.031331, 45.894685], [16.031333, 45.895558], [16.031056, 45.895784], [16.030739, 45.895799], [16.030869, 45.896737], [16.030728, 45.897285], [16.030504, 45.897643], [16.030256, 45.897748], [16.028298, 45.899151], [16.027811, 45.899243], [16.027206, 45.899925], [16.02867, 45.903373], [16.030086, 45.904896], [16.035579, 45.907135], [16.037296, 45.910301], [16.040472, 45.910659], [16.043733, 45.912659], [16.048822, 45.911863], [16.048744, 45.911704], [16.047888, 45.911054], [16.047421, 45.91032], [16.047032, 45.90946], [16.04676, 45.909185], [16.045861, 45.908965], [16.045485, 45.908724], [16.04522, 45.908351], [16.044888, 45.908145], [16.044647, 45.907828], [16.044001, 45.907279], [16.043177, 45.906739], [16.042998, 45.906336], [16.042988, 45.90551], [16.043362, 45.904451], [16.043086, 45.903806], [16.042122, 45.902945], [16.041647, 45.902353], [16.041539, 45.901597], [16.0425, 45.900695], [16.04297, 45.899861], [16.042897, 45.899572], [16.042483, 45.899158], [16.042708, 45.898007], [16.042583, 45.897464], [16.042755, 45.896791], [16.042439, 45.896085], [16.042614, 45.894681], [16.042496, 45.894547], [16.042007, 45.89436], [16.041654, 45.894106], [16.041158, 45.893674], [16.041013, 45.893441], [16.040287, 45.893462], [16.040238, 45.893374], [16.039779, 45.893263], [16.039259, 45.893001], [16.039355, 45.892751], [16.038258, 45.892401], [16.038468, 45.892108], [16.038987, 45.892001], [16.03916, 45.891814], [16.038718, 45.891716], [16.038814, 45.890797], [16.038743, 45.890817], [16.038629, 45.890641], [16.039815, 45.890363], [16.040014, 45.890233], [16.040671, 45.890319], [16.041368, 45.890174], [16.041242, 45.889882], [16.041563, 45.889679], [16.041727, 45.889442], [16.041704, 45.889071], [16.04131, 45.88828], [16.040714, 45.888086], [16.040567, 45.8883], [16.039992, 45.888053], [16.039873, 45.88825], [16.039529, 45.888117], [16.039176, 45.888084], [16.039173, 45.888026], [16.038489, 45.888075], [16.038659, 45.88758], [16.038162, 45.887535], [16.038127, 45.8876], [16.037838, 45.887527], [16.037855, 45.887372], [16.037306, 45.887447], [16.037409, 45.886799], [16.037654, 45.88612], [16.03844, 45.885688], [16.038514, 45.885383], [16.038909, 45.885335], [16.038841, 45.884842], [16.039114, 45.884736], [16.038296, 45.884042]]]}, "properties": {"id": 166, "razina": "kvart", "name": "Vidovec", "color": "#455ad3", "area_km2": 2.61, "mo_count": 1, "source": "derivirano: MO (data.zagreb.hr) + OSM imena", "jls_name": "Grad Zagreb", "jls_maticni_broj": "01333", "zupanija": "Grad Zagreb", "palette_idx": 3}}, {"type": "Feature", "id": 167, "geometry": {"type": "Polygon", "coordinates": [[[16.029788, 45.807325], [16.030109, 45.807209], [16.030114, 45.805427], [16.027171, 45.802976], [16.027248, 45.802937], [16.027124, 45.802833], [16.024546, 45.804158], [16.023814, 45.804365], [16.0235, 45.804346], [16.023493, 45.804287], [16.02241, 45.804231], [16.020079, 45.803845], [16.0201, 45.804225], [16.019681, 45.805409], [16.019233, 45.806088], [16.016409, 45.809485], [16.016415, 45.809616], [16.016533, 45.809677], [16.016475, 45.809803], [16.016296, 45.809724], [16.015044, 45.80964], [16.014704, 45.810768], [16.014773, 45.811171], [16.014309, 45.811306], [16.014535, 45.811403], [16.014587, 45.811478], [16.014507, 45.811541], [16.014636, 45.811599], [16.013935, 45.811832], [16.019102, 45.813211], [16.019529, 45.813167], [16.019739, 45.813225], [16.019892, 45.813374], [16.021339, 45.813718], [16.034253, 45.815986], [16.029788, 45.807325]]]}, "properties": {"id": 167, "razina": "kvart", "name": "Volovčica", "color": "#d35a45", "area_km2": 1.25, "mo_count": 2, "source": "derivirano: MO (data.zagreb.hr) + OSM imena", "jls_name": "Grad Zagreb", "jls_maticni_broj": "01333", "zupanija": "Grad Zagreb", "palette_idx": 3}}, {"type": "Feature", "id": 168, "geometry": {"type": "Polygon", "coordinates": [[[15.92846, 45.799076], [15.926254, 45.799386], [15.925057, 45.799332], [15.924874, 45.79943], [15.924887, 45.799726], [15.925647, 45.802327], [15.92475, 45.804456], [15.924451, 45.805627], [15.924422, 45.806217], [15.924525, 45.806586], [15.925581, 45.807308], [15.925695, 45.807489], [15.928294, 45.809428], [15.928387, 45.809568], [15.92856, 45.809532], [15.928609, 45.809649], [15.930032, 45.810736], [15.935236, 45.810416], [15.935242, 45.809447], [15.935426, 45.807972], [15.935439, 45.804907], [15.935551, 45.803915], [15.935326, 45.803421], [15.935698, 45.80174], [15.935735, 45.800767], [15.93035, 45.800657], [15.930139, 45.800605], [15.930243, 45.798083], [15.930119, 45.798229], [15.92846, 45.799076]]]}, "properties": {"id": 168, "razina": "kvart", "name": "Voltino", "color": "#45d384", "area_km2": 0.89, "mo_count": 1, "source": "derivirano: MO (data.zagreb.hr) + OSM imena", "jls_name": "Grad Zagreb", "jls_maticni_broj": "01333", "zupanija": "Grad Zagreb", "palette_idx": 2}}, {"type": "Feature", "id": 169, "geometry": {"type": "Polygon", "coordinates": [[[15.916685, 45.812856], [15.916963, 45.811252], [15.906312, 45.811882], [15.896208, 45.812376], [15.896412, 45.812576], [15.894436, 45.812605], [15.894405, 45.813713], [15.894954, 45.815161], [15.89486, 45.815238], [15.895575, 45.818042], [15.896833, 45.818069], [15.896566, 45.819777], [15.896064, 45.820325], [15.895602, 45.820604], [15.895381, 45.820841], [15.895199, 45.822213], [15.895233, 45.822625], [15.895823, 45.82308], [15.896306, 45.82361], [15.896519, 45.824093], [15.896517, 45.824833], [15.896623, 45.824996], [15.896506, 45.825347], [15.896599, 45.826001], [15.896452, 45.826485], [15.897666, 45.826503], [15.89752, 45.825976], [15.897639, 45.825952], [15.897972, 45.825459], [15.898406, 45.825304], [15.898892, 45.824986], [15.899058, 45.825107], [15.899379, 45.825144], [15.902354, 45.825023], [15.902468, 45.825417], [15.904642, 45.82542], [15.904861, 45.825082], [15.904903, 45.824722], [15.90536, 45.824402], [15.906261, 45.824107], [15.905578, 45.824652], [15.905402, 45.824959], [15.905468, 45.826161], [15.906895, 45.826383], [15.907946, 45.827165], [15.908805, 45.826967], [15.908988, 45.827004], [15.909113, 45.827073], [15.909061, 45.827247], [15.909157, 45.827433], [15.910266, 45.828324], [15.910729, 45.828392], [15.911107, 45.828878], [15.911381, 45.828879], [15.91176, 45.828678], [15.912287, 45.828154], [15.913258, 45.827534], [15.9141, 45.826842], [15.914022, 45.826689], [15.914093, 45.825693], [15.913468, 45.824056], [15.913353, 45.822674], [15.912872, 45.82235], [15.912703, 45.821602], [15.91225, 45.820983], [15.912645, 45.82073], [15.912195, 45.82028], [15.912252, 45.820193], [15.913109, 45.819917], [15.914096, 45.820042], [15.91452, 45.819752], [15.913874, 45.81916], [15.913115, 45.818069], [15.913559, 45.817955], [15.913942, 45.817381], [15.913986, 45.817044], [15.914641, 45.81707], [15.91491, 45.816873], [15.914939, 45.816683], [15.914728, 45.816372], [15.914796, 45.816031], [15.914963, 45.815901], [15.915014, 45.814992], [15.915139, 45.814898], [15.91513, 45.814662], [15.915297, 45.814497], [15.915766, 45.814531], [15.915962, 45.81354], [15.916505, 45.812832], [15.916685, 45.812856]]]}, "properties": {"id": 169, "razina": "kvart", "name": "Vrapče", "color": "#ad45d3", "area_km2": 2.33, "mo_count": 1, "source": "derivirano: MO (data.zagreb.hr) + OSM imena", "jls_name": "Grad Zagreb", "jls_maticni_broj": "01333", "zupanija": "Grad Zagreb", "palette_idx": 0}}, {"type": "Feature", "id": 170, "geometry": {"type": "Polygon", "coordinates": [[[15.921075, 45.789041], [15.917886, 45.785379], [15.917906, 45.785312], [15.912967, 45.78751], [15.911932, 45.787781], [15.911493, 45.7878], [15.910948, 45.787695], [15.910438, 45.787389], [15.910434, 45.788175], [15.909931, 45.788013], [15.909165, 45.787944], [15.908636, 45.788434], [15.908283, 45.788921], [15.908905, 45.789161], [15.90969, 45.790025], [15.909565, 45.790396], [15.91019, 45.790596], [15.910311, 45.790533], [15.910964, 45.790668], [15.911168, 45.790853], [15.909635, 45.791974], [15.91059, 45.793478], [15.910522, 45.793498], [15.910649, 45.794167], [15.910488, 45.794761], [15.910779, 45.794984], [15.91091, 45.795774], [15.916503, 45.795337], [15.916585, 45.795765], [15.917818, 45.795572], [15.918504, 45.795601], [15.923248, 45.795192], [15.923025, 45.793873], [15.921625, 45.790268], [15.921075, 45.789041]]]}, "properties": {"id": 170, "razina": "kvart", "name": "Vrbani", "color": "#d0d345", "area_km2": 0.89, "mo_count": 1, "source": "derivirano: MO (data.zagreb.hr) + OSM imena", "jls_name": "Grad Zagreb", "jls_maticni_broj": "01333", "zupanija": "Grad Zagreb", "palette_idx": 3}}, {"type": "Feature", "id": 171, "geometry": {"type": "Polygon", "coordinates": [[[15.965887, 45.794569], [15.962214, 45.794525], [15.962045, 45.794415], [15.961343, 45.794433], [15.960832, 45.794612], [15.95969, 45.794625], [15.959185, 45.794766], [15.960125, 45.796029], [15.960061, 45.796049], [15.960567, 45.796804], [15.9609, 45.797098], [15.962227, 45.799155], [15.965197, 45.799365], [15.970553, 45.799582], [15.970506, 45.799359], [15.970901, 45.795586], [15.971229, 45.795077], [15.970963, 45.794991], [15.971013, 45.794571], [15.966672, 45.79437], [15.966007, 45.794635], [15.965887, 45.794569]]]}, "properties": {"id": 171, "razina": "kvart", "name": "Vrbik", "color": "#45a7d3", "area_km2": 0.42, "mo_count": 2, "source": "derivirano: MO (data.zagreb.hr) + OSM imena", "jls_name": "Grad Zagreb", "jls_maticni_broj": "01333", "zupanija": "Grad Zagreb", "palette_idx": 3}}, {"type": "Feature", "id": 172, "geometry": {"type": "Polygon", "coordinates": [[[16.117107, 45.869642], [16.11691, 45.868919], [16.118279, 45.868404], [16.11877, 45.868294], [16.118664, 45.867762], [16.118799, 45.867231], [16.118881, 45.867104], [16.119137, 45.867055], [16.118856, 45.865752], [16.119066, 45.864885], [16.119443, 45.864115], [16.120324, 45.863572], [16.120579, 45.863552], [16.120932, 45.863637], [16.12199, 45.863456], [16.12267, 45.863141], [16.123572, 45.862451], [16.124374, 45.861637], [16.124317, 45.861234], [16.123171, 45.857988], [16.119415, 45.85844], [16.117833, 45.859142], [16.117284, 45.859061], [16.116983, 45.859278], [16.116709, 45.859724], [16.114086, 45.859907], [16.113917, 45.859842], [16.112744, 45.859981], [16.112769, 45.859683], [16.112668, 45.859607], [16.112179, 45.859788], [16.110372, 45.860225], [16.108803, 45.860303], [16.107588, 45.860173], [16.107373, 45.860438], [16.107751, 45.860784], [16.107981, 45.861629], [16.107735, 45.862107], [16.106996, 45.8628], [16.10709, 45.86379], [16.106967, 45.863989], [16.106476, 45.86436], [16.106371, 45.865105], [16.105925, 45.865919], [16.105717, 45.866553], [16.105271, 45.866979], [16.104672, 45.867156], [16.103834, 45.867598], [16.103189, 45.867804], [16.102783, 45.868269], [16.102256, 45.86855], [16.101931, 45.868993], [16.101642, 45.869832], [16.101655, 45.870503], [16.101458, 45.871039], [16.102004, 45.872172], [16.101828, 45.872566], [16.101849, 45.873119], [16.101665, 45.873646], [16.101681, 45.873972], [16.101589, 45.874021], [16.101972, 45.875313], [16.10122, 45.876779], [16.100496, 45.877554], [16.100212, 45.878088], [16.100117, 45.878854], [16.10026, 45.879479], [16.100692, 45.88023], [16.100796, 45.880694], [16.10072, 45.880811], [16.1009, 45.881122], [16.100454, 45.881464], [16.099394, 45.881937], [16.098945, 45.882451], [16.098438, 45.882761], [16.096761, 45.883228], [16.0961, 45.883972], [16.095734, 45.884047], [16.095488, 45.88422], [16.095711, 45.884793], [16.095772, 45.88533], [16.095683, 45.885739], [16.095146, 45.886549], [16.094648, 45.886926], [16.095181, 45.887422], [16.096693, 45.887972], [16.098261, 45.88807], [16.099732, 45.888021], [16.100188, 45.88785], [16.10053, 45.887598], [16.101107, 45.887658], [16.101916, 45.887609], [16.102971, 45.887418], [16.103086, 45.88733], [16.103679, 45.887571], [16.104079, 45.887329], [16.104653, 45.887431], [16.104395, 45.88779], [16.104901, 45.887938], [16.104832, 45.888499], [16.105863, 45.888902], [16.106241, 45.889184], [16.105734, 45.889376], [16.106304, 45.889833], [16.10685, 45.890116], [16.107552, 45.889404], [16.108509, 45.888897], [16.109292, 45.888303], [16.110131, 45.887863], [16.110281, 45.887472], [16.110731, 45.886976], [16.11058, 45.886803], [16.110867, 45.886559], [16.111142, 45.886086], [16.111284, 45.885779], [16.111206, 45.885791], [16.111209, 45.885666], [16.111439, 45.88549], [16.112209, 45.885254], [16.112059, 45.884539], [16.112328, 45.884307], [16.112384, 45.884128], [16.112182, 45.883457], [16.112336, 45.883034], [16.113029, 45.883078], [16.113176, 45.882917], [16.113318, 45.882963], [16.113273, 45.882772], [16.113739, 45.882711], [16.113652, 45.882439], [16.114524, 45.882308], [16.114399, 45.881974], [16.114231, 45.882003], [16.114158, 45.881837], [16.114604, 45.881712], [16.114497, 45.881425], [16.114309, 45.881258], [16.113966, 45.881323], [16.113849, 45.881061], [16.114309, 45.880966], [16.114084, 45.880383], [16.114162, 45.879936], [16.113876, 45.879508], [16.114275, 45.87932], [16.113776, 45.878891], [16.113491, 45.878774], [16.113731, 45.878374], [16.11356, 45.878222], [16.11337, 45.877616], [16.112398, 45.877868], [16.112112, 45.87801], [16.111892, 45.878019], [16.11192, 45.8775], [16.112142, 45.877501], [16.112242, 45.876971], [16.113081, 45.877044], [16.113076, 45.87713], [16.113535, 45.877173], [16.113583, 45.876585], [16.113287, 45.876546], [16.112887, 45.875828], [16.112041, 45.875863], [16.112354, 45.87493], [16.112017, 45.874934], [16.112111, 45.874283], [16.112557, 45.872615], [16.112762, 45.872606], [16.112638, 45.872205], [16.112638, 45.871703], [16.116228, 45.8716], [16.116382, 45.871758], [16.116382, 45.872349], [16.11708, 45.871677], [16.117215, 45.871256], [16.118047, 45.870524], [16.11705, 45.86996], [16.117107, 45.869642]]]}, "properties": {"id": 172, "razina": "kvart", "name": "Vugrovec", "color": "#d3457d", "area_km2": 3.5, "mo_count": 1, "source": "derivirano: MO (data.zagreb.hr) + OSM imena", "jls_name": "Grad Zagreb", "jls_maticni_broj": "01333", "zupanija": "Grad Zagreb", "palette_idx": 3}}, {"type": "Feature", "id": 173, "geometry": {"type": "Polygon", "coordinates": [[[16.104901, 45.887938], [16.104395, 45.88779], [16.104653, 45.887431], [16.104079, 45.887329], [16.103679, 45.887571], [16.103086, 45.88733], [16.102971, 45.887418], [16.101916, 45.887609], [16.101107, 45.887658], [16.10053, 45.887598], [16.099938, 45.887966], [16.099498, 45.888053], [16.096962, 45.888008], [16.096125, 45.887803], [16.095181, 45.887422], [16.094556, 45.886919], [16.094198, 45.887295], [16.092865, 45.887554], [16.091584, 45.887651], [16.090986, 45.887541], [16.09017, 45.887263], [16.089895, 45.887126], [16.08942, 45.886669], [16.088721, 45.886934], [16.088477, 45.887132], [16.08846, 45.888154], [16.087903, 45.888577], [16.087529, 45.888619], [16.087417, 45.888751], [16.08764, 45.889331], [16.087309, 45.889804], [16.08724, 45.890514], [16.087504, 45.890673], [16.087952, 45.890706], [16.088185, 45.89107], [16.088421, 45.891116], [16.088899, 45.89152], [16.090084, 45.891746], [16.090713, 45.892372], [16.090814, 45.89269], [16.091325, 45.893066], [16.091432, 45.893366], [16.092208, 45.894017], [16.092737, 45.89505], [16.092684, 45.895749], [16.09274, 45.89605], [16.092873, 45.896197], [16.091993, 45.896742], [16.091737, 45.897009], [16.091692, 45.897542], [16.091558, 45.897747], [16.091148, 45.898005], [16.090817, 45.898867], [16.090592, 45.899925], [16.089982, 45.900906], [16.089923, 45.901386], [16.09018, 45.901394], [16.090585, 45.901591], [16.090668, 45.901825], [16.091431, 45.902529], [16.092425, 45.902613], [16.093047, 45.902505], [16.093591, 45.902514], [16.094493, 45.902332], [16.095852, 45.902655], [16.096422, 45.902347], [16.096557, 45.902344], [16.097636, 45.903012], [16.09786, 45.903061], [16.098142, 45.902958], [16.098562, 45.903024], [16.098873, 45.903516], [16.09888, 45.903812], [16.09914, 45.904078], [16.099145, 45.904299], [16.099925, 45.905308], [16.100135, 45.905443], [16.100647, 45.904924], [16.101367, 45.905515], [16.101389, 45.905762], [16.101263, 45.906082], [16.101175, 45.906109], [16.101259, 45.906256], [16.101542, 45.906333], [16.102081, 45.906306], [16.102727, 45.905839], [16.102987, 45.905857], [16.103019, 45.906011], [16.103234, 45.906188], [16.103867, 45.906452], [16.104484, 45.906888], [16.105187, 45.90715], [16.105298, 45.907113], [16.105572, 45.907184], [16.106089, 45.907536], [16.106526, 45.907223], [16.107124, 45.906935], [16.107429, 45.906651], [16.107446, 45.906389], [16.106904, 45.905736], [16.106931, 45.905082], [16.106493, 45.905072], [16.105534, 45.905462], [16.105176, 45.905311], [16.104919, 45.905004], [16.10455, 45.905003], [16.104161, 45.904764], [16.104091, 45.90459], [16.104247, 45.904263], [16.104711, 45.903849], [16.104187, 45.903008], [16.104025, 45.902033], [16.103706, 45.901285], [16.103976, 45.900588], [16.10403, 45.898989], [16.104336, 45.898484], [16.104293, 45.897823], [16.104555, 45.896962], [16.104844, 45.896796], [16.104534, 45.896278], [16.104692, 45.895577], [16.105141, 45.894396], [16.105231, 45.89243], [16.105777, 45.892003], [16.106308, 45.891297], [16.106403, 45.890713], [16.106906, 45.890165], [16.106304, 45.889833], [16.105734, 45.889376], [16.106241, 45.889184], [16.105863, 45.888902], [16.104832, 45.888499], [16.104901, 45.887938]]]}, "properties": {"id": 173, "razina": "kvart", "name": "Vugrovec Gornji", "color": "#54d345", "area_km2": 2.08, "mo_count": 1, "source": "derivirano: MO (data.zagreb.hr) + OSM imena", "jls_name": "Grad Zagreb", "jls_maticni_broj": "01333", "zupanija": "Grad Zagreb", "palette_idx": 4}}, {"type": "Feature", "id": 174, "geometry": {"type": "Polygon", "coordinates": [[[16.049801, 45.80836], [16.049832, 45.808155], [16.049496, 45.80731], [16.049526, 45.806474], [16.048895, 45.805909], [16.047213, 45.806157], [16.046327, 45.806407], [16.045901, 45.806626], [16.045876, 45.806682], [16.046031, 45.80675], [16.045295, 45.807662], [16.045066, 45.807776], [16.045235, 45.808188], [16.044939, 45.808246], [16.045078, 45.808589], [16.044566, 45.808694], [16.044726, 45.809095], [16.0446, 45.809099], [16.044816, 45.809277], [16.044883, 45.811143], [16.046058, 45.811371], [16.04601, 45.811782], [16.04614, 45.812], [16.049073, 45.812201], [16.049262, 45.812004], [16.049259, 45.811502], [16.049083, 45.811127], [16.049549, 45.810554], [16.049617, 45.810323], [16.049965, 45.809977], [16.049911, 45.809889], [16.050124, 45.809382], [16.050028, 45.808788], [16.049801, 45.80836]]]}, "properties": {"id": 174, "razina": "kvart", "name": "Vukomerec", "color": "#6045d3", "area_km2": 0.22, "mo_count": 1, "source": "derivirano: MO (data.zagreb.hr) + OSM imena", "jls_name": "Grad Zagreb", "jls_maticni_broj": "01333", "zupanija": "Grad Zagreb", "palette_idx": 0}}, {"type": "Feature", "id": 175, "geometry": {"type": "Polygon", "coordinates": [[[16.147861, 45.896862], [16.148472, 45.896072], [16.148686, 45.895283], [16.149262, 45.89503], [16.149741, 45.894936], [16.150443, 45.894591], [16.151525, 45.893588], [16.1523, 45.893491], [16.152502, 45.893251], [16.15323, 45.893236], [16.154025, 45.892885], [16.154695, 45.892277], [16.154816, 45.892044], [16.155211, 45.891925], [16.15584, 45.891456], [16.155968, 45.891443], [16.156087, 45.891316], [16.156045, 45.891249], [16.156246, 45.891192], [16.156724, 45.890781], [16.149628, 45.890154], [16.149471, 45.89096], [16.146164, 45.890689], [16.146201, 45.890502], [16.143773, 45.890259], [16.144032, 45.888711], [16.141349, 45.888342], [16.14158, 45.887346], [16.139746, 45.887297], [16.139627, 45.887688], [16.139306, 45.887659], [16.139088, 45.886401], [16.139797, 45.886337], [16.139559, 45.885812], [16.137556, 45.885638], [16.137711, 45.884877], [16.133739, 45.884582], [16.134223, 45.882511], [16.133441, 45.88244], [16.133042, 45.882311], [16.132805, 45.882443], [16.132338, 45.882376], [16.132202, 45.882462], [16.132209, 45.882566], [16.133251, 45.883316], [16.13272, 45.884071], [16.132799, 45.88427], [16.132655, 45.884386], [16.132309, 45.884372], [16.132195, 45.884428], [16.131937, 45.884723], [16.131889, 45.885133], [16.131632, 45.885285], [16.13167, 45.885481], [16.132221, 45.885712], [16.131859, 45.886601], [16.132002, 45.886806], [16.132011, 45.887175], [16.131702, 45.887873], [16.131837, 45.888083], [16.131759, 45.888276], [16.131223, 45.888678], [16.130565, 45.889533], [16.129548, 45.890536], [16.129547, 45.890835], [16.131757, 45.890672], [16.134957, 45.890975], [16.135086, 45.891131], [16.134998, 45.891316], [16.135191, 45.891427], [16.135208, 45.891759], [16.135314, 45.891841], [16.136516, 45.891773], [16.13647, 45.891137], [16.13823, 45.891549], [16.139726, 45.89166], [16.139776, 45.891586], [16.14041, 45.891461], [16.141532, 45.89134], [16.143296, 45.891463], [16.144553, 45.892039], [16.144905, 45.892363], [16.145158, 45.892675], [16.145667, 45.893696], [16.146168, 45.894148], [16.146494, 45.894963], [16.146428, 45.895293], [16.146639, 45.895738], [16.146599, 45.895845], [16.147131, 45.8963], [16.147277, 45.896549], [16.147861, 45.896862]]]}, "properties": {"id": 175, "razina": "kvart", "name": "Vurnovec", "color": "#d38a45", "area_km2": 0.95, "mo_count": 1, "source": "derivirano: MO (data.zagreb.hr) + OSM imena", "jls_name": "Grad Zagreb", "jls_maticni_broj": "01333", "zupanija": "Grad Zagreb", "palette_idx": 3}}, {"type": "Feature", "id": 176, "geometry": {"type": "Polygon", "coordinates": [[[15.997862, 45.777668], [15.990104, 45.777459], [15.990009, 45.778443], [15.989904, 45.778439], [15.989379, 45.788065], [15.992168, 45.787568], [15.992452, 45.787373], [15.993897, 45.787024], [15.993947, 45.786925], [15.995077, 45.786808], [15.99649, 45.786397], [15.996555, 45.786529], [15.999333, 45.785666], [16.002741, 45.784365], [16.002161, 45.783372], [16.002382, 45.783275], [16.002288, 45.783121], [16.002032, 45.783177], [16.001979, 45.783048], [16.001675, 45.78185], [16.001633, 45.781123], [16.001835, 45.78105], [16.001893, 45.780565], [16.002151, 45.780519], [16.002297, 45.780614], [16.002517, 45.780452], [16.002109, 45.780219], [16.001887, 45.779927], [16.002172, 45.779112], [16.002247, 45.779125], [16.002288, 45.778989], [16.003122, 45.77843], [16.003185, 45.77816], [16.003084, 45.777715], [15.997862, 45.777668]]]}, "properties": {"id": 176, "razina": "kvart", "name": "Zapruđe", "color": "#45d3b3", "area_km2": 0.96, "mo_count": 1, "source": "derivirano: MO (data.zagreb.hr) + OSM imena", "jls_name": "Grad Zagreb", "jls_maticni_broj": "01333", "zupanija": "Grad Zagreb", "palette_idx": 3}}, {"type": "Feature", "id": 177, "geometry": {"type": "Polygon", "coordinates": [[[16.027805, 45.851344], [16.027354, 45.85215], [16.026883, 45.853292], [16.026305, 45.853883], [16.026295, 45.854033], [16.025671, 45.854906], [16.025919, 45.855386], [16.025949, 45.855706], [16.026157, 45.855895], [16.025982, 45.85611], [16.026006, 45.856252], [16.026057, 45.85636], [16.026243, 45.856402], [16.025795, 45.856786], [16.025986, 45.856968], [16.025875, 45.857366], [16.025403, 45.857838], [16.024973, 45.858513], [16.024662, 45.859107], [16.024733, 45.859169], [16.024566, 45.859582], [16.024169, 45.860161], [16.024277, 45.860338], [16.024632, 45.860464], [16.024637, 45.860633], [16.024889, 45.860632], [16.025014, 45.860758], [16.025171, 45.861309], [16.025522, 45.861711], [16.025667, 45.861765], [16.025719, 45.862057], [16.026247, 45.862983], [16.026178, 45.863513], [16.025846, 45.863858], [16.025864, 45.864507], [16.025687, 45.864605], [16.025824, 45.864842], [16.025724, 45.865414], [16.026059, 45.865659], [16.02621, 45.865887], [16.02623, 45.8662], [16.026751, 45.866635], [16.027032, 45.867223], [16.027146, 45.868034], [16.027593, 45.867894], [16.027819, 45.867436], [16.028176, 45.86721], [16.02832, 45.866854], [16.028142, 45.866176], [16.028199, 45.865815], [16.028743, 45.865381], [16.029455, 45.864953], [16.030412, 45.864534], [16.030591, 45.864375], [16.031241, 45.86445], [16.032415, 45.864769], [16.032631, 45.864283], [16.032372, 45.864225], [16.032599, 45.862935], [16.033448, 45.86167], [16.034323, 45.860679], [16.034593, 45.860064], [16.034836, 45.859802], [16.035469, 45.859428], [16.035582, 45.858779], [16.035556, 45.858273], [16.035196, 45.857965], [16.034896, 45.857245], [16.034576, 45.857194], [16.034088, 45.856909], [16.033682, 45.856887], [16.033277, 45.856735], [16.032579, 45.856251], [16.03142, 45.855803], [16.028734, 45.854149], [16.028066, 45.853916], [16.028136, 45.853879], [16.028464, 45.853998], [16.028654, 45.853792], [16.029442, 45.853923], [16.029527, 45.853533], [16.030035, 45.853574], [16.030286, 45.852176], [16.029708, 45.852014], [16.029595, 45.852123], [16.029145, 45.851985], [16.027805, 45.851344]]]}, "properties": {"id": 177, "razina": "kvart", "name": "Zeleni brijeg", "color": "#d345ca", "area_km2": 0.81, "mo_count": 1, "source": "derivirano: MO (data.zagreb.hr) + OSM imena", "jls_name": "Grad Zagreb", "jls_maticni_broj": "01333", "zupanija": "Grad Zagreb", "palette_idx": 3}}, {"type": "Feature", "id": 178, "geometry": {"type": "Polygon", "coordinates": [[[15.983277, 45.809736], [15.98332, 45.80943], [15.982495, 45.809324], [15.982463, 45.809471], [15.982239, 45.809455], [15.982198, 45.80964], [15.981667, 45.809595], [15.981698, 45.80941], [15.981503, 45.809403], [15.981524, 45.80928], [15.980187, 45.809314], [15.98018, 45.809409], [15.97999, 45.809394], [15.979677, 45.809197], [15.979329, 45.809252], [15.979337, 45.809389], [15.977631, 45.809238], [15.977608, 45.809426], [15.977391, 45.809543], [15.977266, 45.809532], [15.977253, 45.809615], [15.977052, 45.80961], [15.977052, 45.810427], [15.977259, 45.810441], [15.977203, 45.810834], [15.977119, 45.810828], [15.977164, 45.810973], [15.976996, 45.811133], [15.977331, 45.811134], [15.977297, 45.811437], [15.977094, 45.81158], [15.977088, 45.811709], [15.976878, 45.811713], [15.976938, 45.812048], [15.976733, 45.812063], [15.976891, 45.812756], [15.978001, 45.812574], [15.978835, 45.812339], [15.983393, 45.812106], [15.983228, 45.811964], [15.982983, 45.811973], [15.982984, 45.811589], [15.982465, 45.811561], [15.982503, 45.811017], [15.983213, 45.811027], [15.983231, 45.810821], [15.983493, 45.810831], [15.983505, 45.81068], [15.983328, 45.810554], [15.983392, 45.810495], [15.982956, 45.810481], [15.98298, 45.810128], [15.983413, 45.810145], [15.983374, 45.810053], [15.983556, 45.809957], [15.983577, 45.809759], [15.983277, 45.809736]]]}, "properties": {"id": 178, "razina": "kvart", "name": "Zrinjevac", "color": "#a1d345", "area_km2": 0.15, "mo_count": 1, "source": "derivirano: MO (data.zagreb.hr) + OSM imena", "jls_name": "Grad Zagreb", "jls_maticni_broj": "01333", "zupanija": "Grad Zagreb", "palette_idx": 2}}, {"type": "Feature", "id": 179, "geometry": {"type": "Polygon", "coordinates": [[[15.962551, 45.731538], [15.961571, 45.730695], [15.961238, 45.730059], [15.956464, 45.724277], [15.955568, 45.723604], [15.954937, 45.724163], [15.954046, 45.722909], [15.954222, 45.722793], [15.954332, 45.722295], [15.954642, 45.722095], [15.953654, 45.721125], [15.951801, 45.719069], [15.947813, 45.720801], [15.94567, 45.721862], [15.943044, 45.723291], [15.945285, 45.725141], [15.945995, 45.725899], [15.946872, 45.727232], [15.94792, 45.729591], [15.948507, 45.731197], [15.949092, 45.732278], [15.948555, 45.733121], [15.94913, 45.733736], [15.948969, 45.734673], [15.948736, 45.735272], [15.947984, 45.735998], [15.947398, 45.736862], [15.946805, 45.736477], [15.94572, 45.737101], [15.945142, 45.73753], [15.945303, 45.737616], [15.944547, 45.738516], [15.944261, 45.739422], [15.944564, 45.739588], [15.94308, 45.740806], [15.943282, 45.740981], [15.942851, 45.742135], [15.942551, 45.742516], [15.94251, 45.743002], [15.942638, 45.743469], [15.939904, 45.743653], [15.938432, 45.744123], [15.938721, 45.744574], [15.93911, 45.745693], [15.939465, 45.746268], [15.939919, 45.74688], [15.941092, 45.74809], [15.941885, 45.749183], [15.959449, 45.751268], [15.962003, 45.751696], [15.962865, 45.751683], [15.971131, 45.75265], [15.975524, 45.752967], [15.978004, 45.753053], [15.98396, 45.753076], [15.97987, 45.750028], [15.978997, 45.750443], [15.977701, 45.750774], [15.972694, 45.747091], [15.975001, 45.746349], [15.97363, 45.745395], [15.972766, 45.744384], [15.972815, 45.744348], [15.972016, 45.743216], [15.972217, 45.74308], [15.971814, 45.742719], [15.971989, 45.742577], [15.971038, 45.741896], [15.971117, 45.74185], [15.970323, 45.741193], [15.969317, 45.740097], [15.966301, 45.736361], [15.96632, 45.736252], [15.966108, 45.735981], [15.962608, 45.731722], [15.962551, 45.731538]]]}, "properties": {"id": 179, "razina": "kvart", "name": "Čehi", "color": "#4577d3", "area_km2": 5.72, "mo_count": 1, "source": "derivirano: MO (data.zagreb.hr) + OSM imena", "jls_name": "Grad Zagreb", "jls_maticni_broj": "01333", "zupanija": "Grad Zagreb", "palette_idx": 1}}, {"type": "Feature", "id": 180, "geometry": {"type": "Polygon", "coordinates": [[[15.935168, 45.812253], [15.931756, 45.812394], [15.931923, 45.81218], [15.929661, 45.810458], [15.916963, 45.811252], [15.916685, 45.812856], [15.916505, 45.812832], [15.915962, 45.81354], [15.915766, 45.814531], [15.915297, 45.814497], [15.91513, 45.814662], [15.915139, 45.814898], [15.915014, 45.814992], [15.914963, 45.815901], [15.914796, 45.816031], [15.914728, 45.816372], [15.914939, 45.816683], [15.91491, 45.816873], [15.914641, 45.81707], [15.913986, 45.817044], [15.913942, 45.817381], [15.913559, 45.817955], [15.913115, 45.818069], [15.913874, 45.81916], [15.91452, 45.819752], [15.914096, 45.820042], [15.91521, 45.819876], [15.916521, 45.819528], [15.918126, 45.818826], [15.91895, 45.818158], [15.919388, 45.817954], [15.920607, 45.817662], [15.921003, 45.817498], [15.921626, 45.81749], [15.922022, 45.817189], [15.922126, 45.816847], [15.9224, 45.816584], [15.923104, 45.816443], [15.923679, 45.816154], [15.924145, 45.816237], [15.92426, 45.815998], [15.925405, 45.816057], [15.925356, 45.815639], [15.925442, 45.815646], [15.925118, 45.815183], [15.925546, 45.815113], [15.92554, 45.815005], [15.925438, 45.815023], [15.925394, 45.81477], [15.92554, 45.814783], [15.925552, 45.814678], [15.925783, 45.814639], [15.925759, 45.814543], [15.925982, 45.814496], [15.925967, 45.813756], [15.926297, 45.813797], [15.926318, 45.814093], [15.926939, 45.814068], [15.927011, 45.813861], [15.927919, 45.813991], [15.927869, 45.814186], [15.928094, 45.814216], [15.927961, 45.814542], [15.928668, 45.814652], [15.930858, 45.814705], [15.93166, 45.814842], [15.931722, 45.814724], [15.932291, 45.814709], [15.932979, 45.814842], [15.933067, 45.814921], [15.933056, 45.815664], [15.935005, 45.816119], [15.934992, 45.816307], [15.935599, 45.81633], [15.935686, 45.815474], [15.935424, 45.815415], [15.935431, 45.815285], [15.935327, 45.815281], [15.935317, 45.81495], [15.935458, 45.814945], [15.935285, 45.814783], [15.935116, 45.814212], [15.935168, 45.812253]]]}, "properties": {"id": 180, "razina": "kvart", "name": "Črnomerec", "color": "#d3454e", "area_km2": 0.9, "mo_count": 1, "source": "derivirano: MO (data.zagreb.hr) + OSM imena", "jls_name": "Grad Zagreb", "jls_maticni_broj": "01333", "zupanija": "Grad Zagreb", "palette_idx": 4}}, {"type": "Feature", "id": 181, "geometry": {"type": "Polygon", "coordinates": [[[16.063056, 45.81222], [16.063017, 45.812452], [16.062826, 45.812608], [16.063469, 45.813622], [16.06397, 45.813702], [16.065314, 45.814313], [16.064945, 45.81583], [16.064378, 45.815762], [16.063707, 45.815351], [16.062903, 45.815413], [16.063009, 45.815556], [16.062993, 45.815852], [16.063137, 45.815986], [16.063259, 45.816394], [16.062964, 45.816735], [16.062489, 45.816907], [16.062393, 45.817059], [16.062049, 45.817253], [16.061989, 45.817521], [16.062181, 45.818024], [16.061888, 45.819077], [16.061744, 45.819132], [16.062229, 45.81931], [16.062079, 45.81936], [16.061888, 45.819893], [16.061723, 45.819876], [16.061704, 45.819976], [16.061886, 45.819994], [16.061863, 45.820149], [16.061555, 45.820123], [16.061409, 45.820548], [16.065553, 45.821227], [16.065716, 45.820998], [16.066406, 45.821102], [16.066852, 45.821002], [16.067085, 45.82111], [16.067566, 45.821068], [16.06831, 45.820952], [16.069243, 45.820675], [16.070099, 45.820264], [16.071063, 45.819485], [16.071643, 45.818643], [16.071885, 45.817715], [16.071658, 45.81681], [16.071347, 45.816156], [16.07023, 45.814313], [16.069291, 45.813307], [16.068313, 45.811689], [16.067585, 45.812211], [16.066641, 45.812187], [16.066522, 45.812354], [16.065992, 45.812298], [16.065811, 45.812392], [16.065275, 45.812397], [16.063056, 45.81222]]]}, "properties": {"id": 181, "razina": "kvart", "name": "Čulinec", "color": "#45d366", "area_km2": 0.58, "mo_count": 1, "source": "derivirano: MO (data.zagreb.hr) + OSM imena", "jls_name": "Grad Zagreb", "jls_maticni_broj": "01333", "zupanija": "Grad Zagreb", "palette_idx": 3}}, {"type": "Feature", "id": 182, "geometry": {"type": "Polygon", "coordinates": [[[16.039476, 45.884068], [16.039414, 45.883688], [16.039232, 45.883375], [16.038518, 45.882676], [16.038172, 45.882123], [16.038073, 45.881613], [16.038063, 45.880044], [16.037712, 45.880019], [16.036665, 45.880284], [16.0366, 45.881823], [16.035246, 45.881907], [16.035186, 45.882195], [16.035358, 45.882904], [16.035928, 45.883577], [16.036607, 45.883684], [16.037167, 45.883685], [16.038067, 45.883625], [16.038108, 45.883545], [16.038369, 45.883498], [16.038925, 45.883672], [16.038995, 45.883802], [16.038593, 45.884012], [16.038296, 45.884042], [16.039114, 45.884736], [16.038841, 45.884842], [16.038909, 45.885335], [16.038514, 45.885383], [16.03844, 45.885688], [16.037654, 45.88612], [16.037409, 45.886799], [16.037306, 45.887447], [16.037855, 45.887372], [16.037838, 45.887527], [16.038127, 45.8876], [16.038162, 45.887535], [16.038659, 45.88758], [16.038489, 45.888075], [16.039173, 45.888026], [16.039176, 45.888084], [16.039529, 45.888117], [16.039873, 45.88825], [16.039992, 45.888053], [16.040567, 45.8883], [16.040714, 45.888086], [16.04131, 45.88828], [16.041704, 45.889071], [16.041727, 45.889442], [16.041563, 45.889679], [16.041242, 45.889882], [16.041368, 45.890174], [16.040671, 45.890319], [16.040014, 45.890233], [16.039815, 45.890363], [16.038629, 45.890641], [16.038743, 45.890817], [16.038814, 45.890797], [16.038718, 45.891716], [16.03916, 45.891814], [16.038987, 45.892001], [16.038468, 45.892108], [16.038258, 45.892401], [16.039355, 45.892751], [16.039259, 45.893001], [16.039779, 45.893263], [16.040238, 45.893374], [16.040287, 45.893462], [16.041013, 45.893441], [16.041158, 45.893674], [16.041654, 45.894106], [16.042007, 45.89436], [16.042496, 45.894547], [16.042614, 45.894681], [16.042439, 45.896085], [16.042755, 45.896791], [16.042583, 45.897464], [16.042708, 45.898007], [16.042483, 45.899158], [16.042897, 45.899572], [16.04297, 45.899861], [16.0425, 45.900695], [16.041539, 45.901597], [16.041647, 45.902353], [16.042122, 45.902945], [16.043086, 45.903806], [16.043362, 45.904451], [16.042988, 45.90551], [16.042998, 45.906336], [16.043177, 45.906739], [16.044001, 45.907279], [16.044647, 45.907828], [16.044888, 45.908145], [16.04522, 45.908351], [16.045485, 45.908724], [16.045861, 45.908965], [16.04676, 45.909185], [16.047032, 45.90946], [16.047791, 45.910922], [16.04817, 45.911328], [16.048744, 45.911704], [16.048822, 45.911863], [16.054977, 45.912182], [16.059483, 45.910271], [16.064676, 45.916392], [16.070083, 45.919497], [16.071218, 45.920957], [16.071962, 45.92043], [16.07225, 45.920026], [16.07309, 45.919791], [16.073777, 45.919975], [16.07516, 45.919809], [16.076306, 45.920099], [16.077207, 45.920417], [16.077473, 45.920407], [16.07887, 45.920705], [16.079424, 45.920707], [16.080117, 45.920884], [16.079485, 45.920324], [16.079543, 45.920124], [16.079163, 45.919975], [16.078743, 45.919962], [16.078693, 45.92004], [16.077659, 45.919783], [16.077512, 45.919846], [16.077156, 45.919831], [16.07629, 45.919558], [16.076018, 45.919269], [16.075351, 45.917996], [16.074837, 45.917301], [16.074661, 45.917212], [16.07446, 45.916915], [16.07407, 45.916689], [16.073506, 45.91542], [16.073298, 45.91442], [16.073288, 45.913774], [16.07352, 45.912595], [16.073329, 45.912212], [16.07319, 45.911028], [16.073089, 45.906858], [16.072374, 45.906039], [16.072168, 45.905681], [16.072071, 45.905114], [16.071791, 45.904773], [16.071202, 45.904258], [16.070424, 45.90379], [16.069961, 45.903141], [16.070371, 45.902017], [16.070746, 45.901499], [16.072164, 45.900694], [16.072908, 45.900543], [16.072918, 45.900398], [16.072111, 45.900087], [16.072167, 45.899246], [16.071893, 45.899217], [16.07149, 45.898573], [16.071165, 45.897458], [16.071051, 45.897234], [16.070804, 45.89713], [16.070787, 45.896949], [16.07003, 45.896423], [16.066562, 45.895159], [16.066568, 45.894844], [16.066427, 45.894698], [16.066434, 45.894505], [16.0668, 45.894268], [16.066968, 45.893881], [16.066925, 45.893403], [16.066612, 45.892834], [16.065993, 45.892583], [16.0653, 45.89252], [16.065891, 45.89203], [16.065212, 45.891345], [16.065509, 45.890989], [16.066143, 45.889695], [16.066965, 45.889179], [16.067238, 45.889388], [16.06794, 45.889637], [16.067964, 45.889364], [16.068603, 45.889163], [16.069181, 45.888763], [16.069363, 45.888563], [16.069167, 45.888491], [16.069429, 45.888117], [16.068816, 45.88777], [16.068612, 45.887891], [16.068371, 45.887762], [16.066835, 45.886647], [16.064854, 45.886275], [16.063065, 45.885712], [16.062082, 45.885272], [16.060909, 45.884884], [16.059168, 45.883977], [16.059161, 45.884057], [16.058389, 45.884411], [16.057075, 45.884728], [16.056803, 45.883785], [16.056237, 45.883149], [16.055371, 45.883394], [16.05542, 45.882793], [16.05526, 45.882631], [16.055274, 45.882522], [16.054911, 45.882505], [16.054933, 45.883379], [16.053668, 45.883341], [16.053351, 45.883433], [16.053207, 45.883404], [16.053206, 45.883274], [16.051875, 45.88345], [16.051254, 45.882781], [16.050975, 45.882734], [16.049685, 45.882874], [16.04903, 45.882852], [16.048579, 45.882751], [16.048371, 45.882563], [16.048129, 45.882509], [16.047832, 45.882655], [16.047639, 45.882941], [16.046371, 45.882817], [16.045434, 45.883443], [16.039476, 45.884068]]]}, "properties": {"id": 182, "razina": "kvart", "name": "Čučerje", "color": "#9045d3", "area_km2": 7.37, "mo_count": 1, "source": "derivirano: MO (data.zagreb.hr) + OSM imena", "jls_name": "Grad Zagreb", "jls_maticni_broj": "01333", "zupanija": "Grad Zagreb", "palette_idx": 1}}, {"type": "Feature", "id": 183, "geometry": {"type": "Polygon", "coordinates": [[[16.133294, 45.859962], [16.134569, 45.859307], [16.133893, 45.85838], [16.13347, 45.857983], [16.13209, 45.857156], [16.131471, 45.856612], [16.131092, 45.857114], [16.130468, 45.857279], [16.128989, 45.857223], [16.128047, 45.857267], [16.125561, 45.857694], [16.123171, 45.857988], [16.124317, 45.861234], [16.124374, 45.861637], [16.123572, 45.862451], [16.12267, 45.863141], [16.12199, 45.863456], [16.120932, 45.863637], [16.120579, 45.863552], [16.120324, 45.863572], [16.119707, 45.863908], [16.119369, 45.86421], [16.119066, 45.864885], [16.118856, 45.865752], [16.119137, 45.867055], [16.118881, 45.867104], [16.118799, 45.867231], [16.118664, 45.867762], [16.11877, 45.868294], [16.118279, 45.868404], [16.11691, 45.868919], [16.117107, 45.869642], [16.11705, 45.86996], [16.117913, 45.87041], [16.118026, 45.87056], [16.117215, 45.871256], [16.11708, 45.871677], [16.116382, 45.872349], [16.116382, 45.871758], [16.116228, 45.8716], [16.112638, 45.871703], [16.112638, 45.872205], [16.112762, 45.872606], [16.112557, 45.872615], [16.112111, 45.874283], [16.112017, 45.874934], [16.112354, 45.87493], [16.112041, 45.875863], [16.112887, 45.875828], [16.113287, 45.876546], [16.113583, 45.876585], [16.113535, 45.877173], [16.113076, 45.87713], [16.113081, 45.877044], [16.112242, 45.876971], [16.112142, 45.877501], [16.11192, 45.8775], [16.111892, 45.878019], [16.112112, 45.87801], [16.112398, 45.877868], [16.11337, 45.877616], [16.11356, 45.878222], [16.113731, 45.878374], [16.113491, 45.878774], [16.113776, 45.878891], [16.114275, 45.87932], [16.113876, 45.879508], [16.114162, 45.879936], [16.114084, 45.880383], [16.114309, 45.880966], [16.113849, 45.881061], [16.113966, 45.881323], [16.114309, 45.881258], [16.114346, 45.881348], [16.114441, 45.881331], [16.114604, 45.881712], [16.114158, 45.881837], [16.114231, 45.882003], [16.114399, 45.881974], [16.114524, 45.882308], [16.113652, 45.882439], [16.113739, 45.882711], [16.113273, 45.882772], [16.113318, 45.882963], [16.113176, 45.882917], [16.113029, 45.883078], [16.113735, 45.883607], [16.11406, 45.883968], [16.114338, 45.884822], [16.114668, 45.884979], [16.115289, 45.885591], [16.11553, 45.885615], [16.115691, 45.885949], [16.116039, 45.886337], [16.117269, 45.887456], [16.117523, 45.887577], [16.117924, 45.88737], [16.117778, 45.8872], [16.117868, 45.887164], [16.117786, 45.886959], [16.118139, 45.885994], [16.118645, 45.885619], [16.118622, 45.88517], [16.118393, 45.884579], [16.118469, 45.884123], [16.118696, 45.883786], [16.119229, 45.883722], [16.119875, 45.883827], [16.121132, 45.883779], [16.121325, 45.883712], [16.12161, 45.883279], [16.122094, 45.883008], [16.122215, 45.882834], [16.122818, 45.882531], [16.123227, 45.88209], [16.12366, 45.88142], [16.123879, 45.881587], [16.125192, 45.880663], [16.125763, 45.880475], [16.126259, 45.880033], [16.126395, 45.879634], [16.126659, 45.879413], [16.126844, 45.87901], [16.126676, 45.878556], [16.126831, 45.878308], [16.12722, 45.877989], [16.127343, 45.877629], [16.126525, 45.876779], [16.12636, 45.876151], [16.127014, 45.875094], [16.12727, 45.874992], [16.127838, 45.874551], [16.128902, 45.874149], [16.128769, 45.873704], [16.128086, 45.872518], [16.128101, 45.872361], [16.127242, 45.871576], [16.127806, 45.871285], [16.128776, 45.87115], [16.128839, 45.870183], [16.129292, 45.869098], [16.130395, 45.86898], [16.130031, 45.868203], [16.130524, 45.868057], [16.130501, 45.867934], [16.130861, 45.86783], [16.129806, 45.866854], [16.12962, 45.86619], [16.12966, 45.86597], [16.130504, 45.865547], [16.130519, 45.864825], [16.130289, 45.863783], [16.130026, 45.863811], [16.129759, 45.863438], [16.129598, 45.863391], [16.129718, 45.862682], [16.130254, 45.862537], [16.130364, 45.861879], [16.130476, 45.861734], [16.131037, 45.861404], [16.131825, 45.861394], [16.133294, 45.859962]]]}, "properties": {"id": 183, "razina": "kvart", "name": "Đurđekovec", "color": "#d3b945", "area_km2": 2.7, "mo_count": 1, "source": "derivirano: MO (data.zagreb.hr) + OSM imena", "jls_name": "Grad Zagreb", "jls_maticni_broj": "01333", "zupanija": "Grad Zagreb", "palette_idx": 4}}, {"type": "Feature", "id": 184, "geometry": {"type": "Polygon", "coordinates": [[[15.989049, 45.815565], [15.989086, 45.815282], [15.988416, 45.815172], [15.987842, 45.81517], [15.987849, 45.815099], [15.987623, 45.815088], [15.987462, 45.815989], [15.987167, 45.815933], [15.986993, 45.816301], [15.986511, 45.816199], [15.986393, 45.816779], [15.986628, 45.818059], [15.986533, 45.818308], [15.986182, 45.818706], [15.986058, 45.81934], [15.986171, 45.819804], [15.986118, 45.820311], [15.986456, 45.820614], [15.986597, 45.820648], [15.986089, 45.821656], [15.985856, 45.822372], [15.984706, 45.822421], [15.984056, 45.820679], [15.983735, 45.8201], [15.983688, 45.819598], [15.983415, 45.819524], [15.983311, 45.819715], [15.983403, 45.820262], [15.983835, 45.821319], [15.98368, 45.821335], [15.983732, 45.821628], [15.983975, 45.821589], [15.984319, 45.822606], [15.982698, 45.8226], [15.98269, 45.822733], [15.982874, 45.823144], [15.983284, 45.823443], [15.98371, 45.823544], [15.984824, 45.823549], [15.984914, 45.824479], [15.983846, 45.824408], [15.98377, 45.824474], [15.983511, 45.824471], [15.983516, 45.824571], [15.98336, 45.824599], [15.983311, 45.824463], [15.983117, 45.824385], [15.982871, 45.82441], [15.982656, 45.824085], [15.982326, 45.823827], [15.981955, 45.823998], [15.982209, 45.824146], [15.982309, 45.82444], [15.982285, 45.82453], [15.982173, 45.824509], [15.98202, 45.824943], [15.982235, 45.826342], [15.98222, 45.827556], [15.982403, 45.827552], [15.982472, 45.827912], [15.982504, 45.829985], [15.982499, 45.830082], [15.982373, 45.830076], [15.982467, 45.830422], [15.982869, 45.830672], [15.983231, 45.831385], [15.98346, 45.831488], [15.983291, 45.831864], [15.9834, 45.832128], [15.983814, 45.832294], [15.984011, 45.8322], [15.984423, 45.831347], [15.988016, 45.832349], [15.989042, 45.832947], [15.989045, 45.832346], [15.989222, 45.832055], [15.989999, 45.830982], [15.991139, 45.829683], [15.992548, 45.82548], [15.993344, 45.82412], [15.994298, 45.822808], [15.994826, 45.821062], [15.995922, 45.818903], [15.99623, 45.817499], [15.996491, 45.817214], [15.997263, 45.815255], [15.997077, 45.815128], [15.995685, 45.814657], [15.993677, 45.814104], [15.990744, 45.814014], [15.990736, 45.814136], [15.99063, 45.814131], [15.990484, 45.814257], [15.990236, 45.814246], [15.990229, 45.814346], [15.990025, 45.814338], [15.989825, 45.815722], [15.989049, 45.815565]]]}, "properties": {"id": 184, "razina": "kvart", "name": "Šalata", "color": "#45c4d3", "area_km2": 1.41, "mo_count": 3, "source": "derivirano: MO (data.zagreb.hr) + OSM imena", "jls_name": "Grad Zagreb", "jls_maticni_broj": "01333", "zupanija": "Grad Zagreb", "palette_idx": 2}}, {"type": "Feature", "id": 185, "geometry": {"type": "Polygon", "coordinates": [[[16.169029, 45.839283], [16.16972, 45.839035], [16.168663, 45.83592], [16.170652, 45.83514], [16.168844, 45.833279], [16.167541, 45.830801], [16.166259, 45.831043], [16.165216, 45.830938], [16.158045, 45.831739], [16.15796, 45.831865], [16.158197, 45.831883], [16.15818, 45.832205], [16.158024, 45.83236], [16.157984, 45.832649], [16.157742, 45.833121], [16.157765, 45.833362], [16.15713, 45.834155], [16.157056, 45.834435], [16.156676, 45.83482], [16.156487, 45.834807], [16.156254, 45.834992], [16.156046, 45.835293], [16.15578, 45.835389], [16.155251, 45.836041], [16.155076, 45.836075], [16.154831, 45.836271], [16.154471, 45.836277], [16.153977, 45.836483], [16.153611, 45.836489], [16.153016, 45.836623], [16.152211, 45.837197], [16.15218, 45.837354], [16.151644, 45.837957], [16.151628, 45.838108], [16.150886, 45.838166], [16.150658, 45.838118], [16.150289, 45.838273], [16.148488, 45.843238], [16.147328, 45.843375], [16.14683, 45.843925], [16.146582, 45.844503], [16.146445, 45.845188], [16.146545, 45.845257], [16.15007, 45.844513], [16.15006, 45.846542], [16.150182, 45.846814], [16.148185, 45.847215], [16.147324, 45.847629], [16.14682, 45.847738], [16.146619, 45.847624], [16.144881, 45.848537], [16.14797, 45.850938], [16.148153, 45.851002], [16.148295, 45.850924], [16.149296, 45.851993], [16.147615, 45.852863], [16.14641, 45.853624], [16.147446, 45.854677], [16.147754, 45.854613], [16.148669, 45.855597], [16.148583, 45.855641], [16.150518, 45.85765], [16.150437, 45.857751], [16.151649, 45.859033], [16.152233, 45.858732], [16.156074, 45.860675], [16.15602, 45.860754], [16.157217, 45.861387], [16.157374, 45.861153], [16.157655, 45.861408], [16.157709, 45.861118], [16.158243, 45.860141], [16.159708, 45.861677], [16.160746, 45.862582], [16.159681, 45.863895], [16.162994, 45.866771], [16.16441, 45.865774], [16.167051, 45.863256], [16.171075, 45.865333], [16.171812, 45.864858], [16.171759, 45.864817], [16.17682, 45.864407], [16.178662, 45.864646], [16.18131, 45.862772], [16.183421, 45.863058], [16.186893, 45.859679], [16.186663, 45.859456], [16.187001, 45.859512], [16.187124, 45.859273], [16.187344, 45.859261], [16.1875, 45.859407], [16.188443, 45.859314], [16.188974, 45.858994], [16.189377, 45.859079], [16.189976, 45.858879], [16.190417, 45.858925], [16.190647, 45.858725], [16.191297, 45.858553], [16.191887, 45.858162], [16.192261, 45.858192], [16.192497, 45.858045], [16.192111, 45.857758], [16.192402, 45.857667], [16.193041, 45.857761], [16.193113, 45.85768], [16.192776, 45.85729], [16.193343, 45.857118], [16.193388, 45.856815], [16.193257, 45.856608], [16.19335, 45.856481], [16.193542, 45.856441], [16.193846, 45.856572], [16.193612, 45.856175], [16.193642, 45.856035], [16.19414, 45.856058], [16.194222, 45.855978], [16.193764, 45.855666], [16.193817, 45.855512], [16.194348, 45.855446], [16.194592, 45.855306], [16.194869, 45.855342], [16.195175, 45.855734], [16.195356, 45.855732], [16.19544, 45.855659], [16.195426, 45.855254], [16.195534, 45.855213], [16.195862, 45.855278], [16.195642, 45.85498], [16.195658, 45.854866], [16.195941, 45.854855], [16.196234, 45.855097], [16.19663, 45.855098], [16.1969, 45.855221], [16.196786, 45.8547], [16.196662, 45.854578], [16.196807, 45.854452], [16.197233, 45.854552], [16.197369, 45.854731], [16.197521, 45.854751], [16.197937, 45.854209], [16.197796, 45.853894], [16.198051, 45.853837], [16.198318, 45.853882], [16.198626, 45.853777], [16.198983, 45.853864], [16.199078, 45.853709], [16.19876, 45.853706], [16.198669, 45.853497], [16.198488, 45.853431], [16.198561, 45.853041], [16.198314, 45.85302], [16.198226, 45.852796], [16.198343, 45.852318], [16.19866, 45.852186], [16.198824, 45.851852], [16.19896, 45.851834], [16.199221, 45.852], [16.199623, 45.851936], [16.200069, 45.851962], [16.200483, 45.851551], [16.200764, 45.850963], [16.201005, 45.850852], [16.199969, 45.85033], [16.199861, 45.850399], [16.199425, 45.850381], [16.199653, 45.849469], [16.199508, 45.847514], [16.200179, 45.847379], [16.200295, 45.847281], [16.199791, 45.845923], [16.199237, 45.846028], [16.19867, 45.844537], [16.201586, 45.843998], [16.20044, 45.841171], [16.20026, 45.841097], [16.199105, 45.841027], [16.194586, 45.839686], [16.193881, 45.839651], [16.185598, 45.841154], [16.178161, 45.843762], [16.174331, 45.844909], [16.172686, 45.843342], [16.172048, 45.84342], [16.171155, 45.842561], [16.168293, 45.843211], [16.168721, 45.841869], [16.168542, 45.841838], [16.168439, 45.840304], [16.168058, 45.839778], [16.16904, 45.839377], [16.169029, 45.839283]]]}, "properties": {"id": 185, "razina": "kvart", "name": "Šašinovec", "color": "#d3459b", "area_km2": 10.05, "mo_count": 1, "source": "derivirano: MO (data.zagreb.hr) + OSM imena", "jls_name": "Grad Zagreb", "jls_maticni_broj": "01333", "zupanija": "Grad Zagreb", "palette_idx": 0}}, {"type": "Feature", "id": 186, "geometry": {"type": "Polygon", "coordinates": [[[15.952932, 45.846751], [15.953178, 45.845589], [15.953185, 45.844858], [15.952795, 45.843544], [15.95289, 45.843284], [15.952441, 45.843589], [15.952177, 45.8436], [15.952054, 45.843251], [15.952127, 45.843063], [15.952019, 45.843125], [15.950955, 45.84227], [15.950613, 45.842093], [15.949368, 45.842591], [15.947608, 45.842097], [15.947306, 45.841932], [15.946599, 45.841107], [15.946453, 45.840524], [15.946171, 45.840426], [15.946053, 45.841028], [15.945624, 45.840495], [15.945444, 45.84024], [15.945703, 45.839889], [15.945496, 45.839648], [15.944748, 45.839639], [15.944388, 45.839345], [15.944444, 45.838913], [15.944347, 45.838038], [15.94371, 45.838108], [15.943666, 45.838506], [15.943798, 45.838842], [15.943425, 45.839645], [15.94325, 45.839665], [15.943189, 45.839797], [15.943276, 45.839903], [15.943228, 45.840292], [15.943527, 45.840542], [15.943503, 45.840714], [15.943756, 45.840769], [15.943758, 45.840843], [15.943649, 45.841136], [15.943457, 45.841333], [15.943233, 45.841278], [15.942595, 45.841767], [15.942567, 45.841962], [15.942761, 45.84223], [15.94224, 45.842571], [15.9423, 45.842905], [15.942134, 45.843258], [15.94243, 45.84398], [15.94242, 45.844272], [15.94267, 45.844361], [15.94279, 45.844747], [15.942729, 45.844915], [15.942936, 45.845163], [15.942877, 45.845358], [15.942945, 45.845471], [15.942815, 45.845543], [15.942847, 45.845797], [15.942726, 45.845866], [15.942845, 45.845947], [15.942801, 45.846348], [15.943094, 45.846653], [15.943162, 45.847077], [15.943373, 45.847086], [15.94336, 45.847162], [15.943616, 45.847372], [15.943444, 45.847539], [15.943468, 45.847842], [15.943569, 45.847949], [15.94353, 45.848351], [15.944018, 45.849919], [15.944141, 45.850708], [15.944419, 45.851053], [15.944392, 45.851531], [15.944566, 45.851702], [15.944821, 45.852649], [15.944043, 45.852947], [15.943496, 45.853498], [15.9434, 45.853795], [15.943434, 45.854166], [15.94365, 45.854646], [15.943565, 45.854738], [15.943671, 45.854795], [15.943774, 45.855125], [15.943869, 45.855107], [15.943719, 45.855763], [15.943814, 45.855806], [15.943832, 45.856462], [15.943684, 45.85687], [15.943692, 45.857329], [15.943532, 45.858012], [15.944063, 45.858464], [15.944142, 45.859224], [15.944263, 45.859188], [15.944306, 45.859273], [15.946337, 45.859224], [15.947238, 45.858388], [15.949427, 45.859165], [15.951358, 45.860898], [15.956401, 45.86101], [15.95919, 45.862385], [15.9625, 45.861835], [15.963712, 45.861382], [15.964133, 45.861095], [15.963603, 45.861124], [15.963598, 45.860852], [15.962837, 45.860371], [15.963979, 45.858475], [15.963592, 45.858434], [15.963021, 45.858632], [15.962824, 45.858632], [15.962869, 45.858453], [15.963232, 45.858139], [15.963394, 45.857734], [15.963163, 45.857442], [15.963194, 45.85715], [15.963118, 45.857095], [15.963288, 45.856904], [15.963319, 45.856593], [15.963742, 45.856512], [15.964446, 45.856198], [15.9651, 45.855255], [15.965253, 45.855106], [15.965575, 45.855091], [15.965666, 45.854905], [15.965551, 45.854847], [15.966078, 45.854132], [15.966063, 45.85368], [15.966844, 45.851436], [15.966767, 45.851418], [15.966795, 45.850943], [15.967385, 45.849983], [15.967671, 45.849315], [15.968628, 45.848393], [15.96803, 45.848145], [15.96803, 45.847802], [15.966596, 45.847737], [15.966372, 45.848365], [15.965455, 45.848632], [15.965363, 45.848438], [15.965107, 45.848541], [15.96505, 45.848313], [15.964178, 45.84832], [15.96421, 45.848149], [15.96382, 45.848192], [15.963914, 45.848687], [15.963539, 45.848759], [15.96298, 45.849501], [15.962024, 45.850006], [15.961754, 45.849747], [15.961327, 45.849928], [15.960368, 45.850603], [15.960498, 45.850685], [15.96024, 45.850956], [15.960161, 45.850904], [15.959678, 45.851429], [15.959234, 45.851225], [15.959294, 45.851149], [15.958774, 45.850919], [15.958972, 45.850737], [15.95859, 45.850521], [15.9585, 45.850616], [15.957964, 45.8504], [15.957827, 45.850141], [15.957456, 45.849811], [15.957157, 45.849846], [15.956641, 45.850131], [15.955808, 45.850323], [15.954656, 45.850928], [15.953894, 45.850211], [15.954152, 45.850088], [15.95374, 45.849751], [15.953973, 45.849611], [15.954323, 45.849955], [15.954367, 45.849655], [15.954491, 45.849514], [15.955173, 45.849419], [15.954401, 45.848912], [15.954624, 45.848755], [15.955006, 45.848969], [15.955673, 45.848328], [15.955557, 45.848265], [15.955743, 45.847998], [15.955918, 45.848085], [15.956444, 45.847608], [15.95619, 45.847484], [15.956483, 45.847198], [15.955596, 45.846566], [15.955092, 45.846624], [15.95447, 45.846839], [15.953701, 45.846981], [15.953165, 45.84688], [15.952932, 45.846751]]]}, "properties": {"id": 186, "razina": "kvart", "name": "Šestine", "color": "#71d345", "area_km2": 2.78, "mo_count": 1, "source": "derivirano: MO (data.zagreb.hr) + OSM imena", "jls_name": "Grad Zagreb", "jls_maticni_broj": "01333", "zupanija": "Grad Zagreb", "palette_idx": 1}}, {"type": "Feature", "id": 187, "geometry": {"type": "Polygon", "coordinates": [[[15.948801, 45.80951], [15.948909, 45.810142], [15.948645, 45.810132], [15.948617, 45.810788], [15.949073, 45.810803], [15.949114, 45.811032], [15.949023, 45.811037], [15.94902, 45.811255], [15.948641, 45.811273], [15.948663, 45.811483], [15.94877, 45.811477], [15.948861, 45.811664], [15.949007, 45.811657], [15.948931, 45.811912], [15.949055, 45.811906], [15.949069, 45.812016], [15.949022, 45.812263], [15.948509, 45.812257], [15.948657, 45.812632], [15.948381, 45.81267], [15.948368, 45.812607], [15.947985, 45.812601], [15.948026, 45.812718], [15.947551, 45.812827], [15.947513, 45.812742], [15.946972, 45.812864], [15.946904, 45.812715], [15.946679, 45.812774], [15.946748, 45.812928], [15.945957, 45.813094], [15.945985, 45.813158], [15.945662, 45.813229], [15.945508, 45.812855], [15.944299, 45.813147], [15.943735, 45.813211], [15.943679, 45.813338], [15.943448, 45.813376], [15.943464, 45.813603], [15.942691, 45.813738], [15.942748, 45.814086], [15.942956, 45.814088], [15.942879, 45.814849], [15.943046, 45.814905], [15.943103, 45.815511], [15.942349, 45.815501], [15.942286, 45.815687], [15.942412, 45.815906], [15.942773, 45.815884], [15.942781, 45.81598], [15.942225, 45.816737], [15.942529, 45.817304], [15.942264, 45.818032], [15.942185, 45.820401], [15.942101, 45.820382], [15.941973, 45.820889], [15.941595, 45.821235], [15.942477, 45.821398], [15.942434, 45.82152], [15.942552, 45.821725], [15.942522, 45.82182], [15.941424, 45.821645], [15.941337, 45.821816], [15.941461, 45.821832], [15.941363, 45.822016], [15.941444, 45.822026], [15.940946, 45.822398], [15.940272, 45.822246], [15.940028, 45.822607], [15.940406, 45.822707], [15.942437, 45.822733], [15.942417, 45.822908], [15.942939, 45.822906], [15.943013, 45.822763], [15.943155, 45.8228], [15.943103, 45.822916], [15.943245, 45.822971], [15.943265, 45.823143], [15.943132, 45.82376], [15.941916, 45.824569], [15.941241, 45.824828], [15.941786, 45.825356], [15.9413, 45.825677], [15.941413, 45.825838], [15.94128, 45.825999], [15.941183, 45.826352], [15.941324, 45.826399], [15.941197, 45.826545], [15.941442, 45.826644], [15.942634, 45.82586], [15.943027, 45.825515], [15.943401, 45.825707], [15.94337, 45.826534], [15.943479, 45.826826], [15.943023, 45.826835], [15.942066, 45.827118], [15.94155, 45.827405], [15.940932, 45.828046], [15.941031, 45.828142], [15.940768, 45.828671], [15.941162, 45.828832], [15.940825, 45.829006], [15.9404, 45.829924], [15.94046, 45.830734], [15.940252, 45.830749], [15.940356, 45.830942], [15.94122, 45.831079], [15.941159, 45.831312], [15.940548, 45.83131], [15.940659, 45.831548], [15.94032, 45.832092], [15.939696, 45.832582], [15.939592, 45.832774], [15.93971, 45.8328], [15.939526, 45.833303], [15.939322, 45.833262], [15.939242, 45.833402], [15.939422, 45.833448], [15.93932, 45.833693], [15.938654, 45.833595], [15.938443, 45.833789], [15.93887, 45.833899], [15.938747, 45.834156], [15.938552, 45.834162], [15.938416, 45.834331], [15.938836, 45.834401], [15.938801, 45.83453], [15.938388, 45.83447], [15.938279, 45.834593], [15.938676, 45.834687], [15.938638, 45.835095], [15.93877, 45.835556], [15.938116, 45.835661], [15.93791, 45.835848], [15.937541, 45.835969], [15.937649, 45.836183], [15.938241, 45.836398], [15.938198, 45.836585], [15.939584, 45.83689], [15.941081, 45.836827], [15.94156, 45.836719], [15.941705, 45.837056], [15.942007, 45.836906], [15.942963, 45.837073], [15.943105, 45.837233], [15.943049, 45.837966], [15.94381, 45.837849], [15.94371, 45.838108], [15.944347, 45.838038], [15.944444, 45.838913], [15.944388, 45.839345], [15.944748, 45.839639], [15.945496, 45.839648], [15.945703, 45.839889], [15.945444, 45.84024], [15.945624, 45.840495], [15.946053, 45.841028], [15.946171, 45.840426], [15.946453, 45.840524], [15.946599, 45.841107], [15.947306, 45.841932], [15.947608, 45.842097], [15.949368, 45.842591], [15.950613, 45.842093], [15.950955, 45.84227], [15.952019, 45.843125], [15.952127, 45.843063], [15.952054, 45.843251], [15.95213, 45.843557], [15.952282, 45.843614], [15.952511, 45.843556], [15.95289, 45.843284], [15.953218, 45.84255], [15.953212, 45.842338], [15.9529, 45.841583], [15.952334, 45.840633], [15.950992, 45.839308], [15.951532, 45.839173], [15.951235, 45.8387], [15.950865, 45.838808], [15.950699, 45.838528], [15.950912, 45.838487], [15.950817, 45.838158], [15.951006, 45.838135], [15.950979, 45.837844], [15.951431, 45.8378], [15.951318, 45.83712], [15.951233, 45.836956], [15.95079, 45.837069], [15.950439, 45.836348], [15.9504, 45.836068], [15.950108, 45.835718], [15.950191, 45.835715], [15.950154, 45.835123], [15.949996, 45.835142], [15.949849, 45.834622], [15.949529, 45.834651], [15.949692, 45.834007], [15.950193, 45.833818], [15.95026, 45.832938], [15.950415, 45.832635], [15.950554, 45.832576], [15.950542, 45.832459], [15.950881, 45.832099], [15.950871, 45.83178], [15.95071, 45.831618], [15.950555, 45.830785], [15.950645, 45.83059], [15.950602, 45.829824], [15.950727, 45.829689], [15.950841, 45.82926], [15.95058, 45.828511], [15.95084, 45.828172], [15.950786, 45.827473], [15.948768, 45.827381], [15.94878, 45.827764], [15.948446, 45.827809], [15.948371, 45.82773], [15.948422, 45.827418], [15.948088, 45.826777], [15.948169, 45.826749], [15.948123, 45.826478], [15.948327, 45.826195], [15.948527, 45.826176], [15.948368, 45.825279], [15.947413, 45.825222], [15.947312, 45.825144], [15.9476, 45.824973], [15.947449, 45.824709], [15.947611, 45.824606], [15.947732, 45.82422], [15.947631, 45.824229], [15.947656, 45.824032], [15.947398, 45.823997], [15.947419, 45.823867], [15.947448, 45.823731], [15.94765, 45.823757], [15.947688, 45.823594], [15.947488, 45.823563], [15.947627, 45.823285], [15.948035, 45.823306], [15.948464, 45.822788], [15.948274, 45.822811], [15.948653, 45.822267], [15.948351, 45.822117], [15.948644, 45.821585], [15.949016, 45.821577], [15.94905, 45.821524], [15.949136, 45.821121], [15.949059, 45.821051], [15.949024, 45.819392], [15.949398, 45.81783], [15.949318, 45.817444], [15.94962, 45.816734], [15.950163, 45.816148], [15.950527, 45.815568], [15.950726, 45.81539], [15.952057, 45.814657], [15.953028, 45.814414], [15.953171, 45.814407], [15.953436, 45.814739], [15.953835, 45.814914], [15.953762, 45.814617], [15.953859, 45.814552], [15.953774, 45.814487], [15.95393, 45.814373], [15.953842, 45.814311], [15.954303, 45.813991], [15.954734, 45.814251], [15.954906, 45.814117], [15.954871, 45.813997], [15.955054, 45.813586], [15.955273, 45.813645], [15.95533, 45.8135], [15.955511, 45.813627], [15.955715, 45.813157], [15.956616, 45.813247], [15.957689, 45.813223], [15.957587, 45.813079], [15.957166, 45.809254], [15.956937, 45.809204], [15.956918, 45.809022], [15.948801, 45.80951]]]}, "properties": {"id": 187, "razina": "kvart", "name": "Šestinski dol", "color": "#4548d3", "area_km2": 2.38, "mo_count": 2, "source": "derivirano: MO (data.zagreb.hr) + OSM imena", "jls_name": "Grad Zagreb", "jls_maticni_broj": "01333", "zupanija": "Grad Zagreb", "palette_idx": 2}}, {"type": "Feature", "id": 188, "geometry": {"type": "Polygon", "coordinates": [[[16.098823, 45.864428], [16.097044, 45.866079], [16.097025, 45.866136], [16.097141, 45.866148], [16.097368, 45.8669], [16.097727, 45.867362], [16.097437, 45.86792], [16.097501, 45.86836], [16.09738, 45.868752], [16.096951, 45.869469], [16.096793, 45.869455], [16.096167, 45.869831], [16.095869, 45.869879], [16.09604, 45.870081], [16.095719, 45.871072], [16.095761, 45.871665], [16.095666, 45.872317], [16.095251, 45.872485], [16.095134, 45.872401], [16.094875, 45.873028], [16.09422, 45.873905], [16.093838, 45.874054], [16.093589, 45.874019], [16.093389, 45.874074], [16.093183, 45.87422], [16.092975, 45.874773], [16.092465, 45.875434], [16.091542, 45.876286], [16.090138, 45.87684], [16.089463, 45.87692], [16.088213, 45.877227], [16.087239, 45.877844], [16.085316, 45.879656], [16.085345, 45.880297], [16.085113, 45.880497], [16.084665, 45.88069], [16.084216, 45.881262], [16.083523, 45.881679], [16.083255, 45.881951], [16.083265, 45.882124], [16.083468, 45.882402], [16.083269, 45.882765], [16.082984, 45.882938], [16.082886, 45.883399], [16.083046, 45.883893], [16.083089, 45.88462], [16.08291, 45.885197], [16.083125, 45.885652], [16.083008, 45.886143], [16.083262, 45.886571], [16.083149, 45.887179], [16.083244, 45.887327], [16.083807, 45.887553], [16.084631, 45.88838], [16.086426, 45.888802], [16.087903, 45.888577], [16.08846, 45.888154], [16.088477, 45.887132], [16.088721, 45.886934], [16.08942, 45.886669], [16.089895, 45.887126], [16.09017, 45.887263], [16.090986, 45.887541], [16.091584, 45.887651], [16.092865, 45.887554], [16.094198, 45.887295], [16.094556, 45.886919], [16.094648, 45.886926], [16.095146, 45.886549], [16.095683, 45.885739], [16.095772, 45.88533], [16.095525, 45.884181], [16.095734, 45.884047], [16.0961, 45.883972], [16.096761, 45.883228], [16.098438, 45.882761], [16.098945, 45.882451], [16.099394, 45.881937], [16.100454, 45.881464], [16.1009, 45.881122], [16.10072, 45.880811], [16.100796, 45.880694], [16.100692, 45.88023], [16.10026, 45.879479], [16.100117, 45.878854], [16.100212, 45.878088], [16.100496, 45.877554], [16.10122, 45.876779], [16.101972, 45.875313], [16.101589, 45.874021], [16.101681, 45.873972], [16.101665, 45.873646], [16.101849, 45.873119], [16.101828, 45.872566], [16.102004, 45.872172], [16.101458, 45.871039], [16.101655, 45.870503], [16.101642, 45.869832], [16.101931, 45.868993], [16.102256, 45.86855], [16.102783, 45.868269], [16.103189, 45.867804], [16.103277, 45.867512], [16.10282, 45.866431], [16.102646, 45.865269], [16.102734, 45.865206], [16.10202, 45.864518], [16.100224, 45.863642], [16.099468, 45.863932], [16.098823, 45.864428]]]}, "properties": {"id": 188, "razina": "kvart", "name": "Šimunčevec", "color": "#d36c45", "area_km2": 2.01, "mo_count": 1, "source": "derivirano: MO (data.zagreb.hr) + OSM imena", "jls_name": "Grad Zagreb", "jls_maticni_broj": "01333", "zupanija": "Grad Zagreb", "palette_idx": 1}}, {"type": "Feature", "id": 189, "geometry": {"type": "Polygon", "coordinates": [[[15.911079, 45.798246], [15.909126, 45.796608], [15.909111, 45.796389], [15.908707, 45.795981], [15.904146, 45.796385], [15.897664, 45.796778], [15.893326, 45.796903], [15.892828, 45.796957], [15.892772, 45.797283], [15.890066, 45.797356], [15.889118, 45.797475], [15.888692, 45.797612], [15.88717, 45.797637], [15.887237, 45.798119], [15.887078, 45.798419], [15.886546, 45.798695], [15.886551, 45.798888], [15.88612, 45.79979], [15.885555, 45.804628], [15.885895, 45.804648], [15.885943, 45.804566], [15.887408, 45.804584], [15.889113, 45.804313], [15.889589, 45.805862], [15.889524, 45.806732], [15.889654, 45.806779], [15.897357, 45.806323], [15.902243, 45.806272], [15.9022, 45.806181], [15.903377, 45.805967], [15.903436, 45.806165], [15.904679, 45.805999], [15.906778, 45.805978], [15.906953, 45.803338], [15.906767, 45.801474], [15.906616, 45.801449], [15.906557, 45.801188], [15.906503, 45.800294], [15.906854, 45.799881], [15.909136, 45.798602], [15.909942, 45.79835], [15.910787, 45.798341], [15.911079, 45.798246]]]}, "properties": {"id": 189, "razina": "kvart", "name": "Špansko", "color": "#45d396", "area_km2": 1.72, "mo_count": 2, "source": "derivirano: MO (data.zagreb.hr) + OSM imena", "jls_name": "Grad Zagreb", "jls_maticni_broj": "01333", "zupanija": "Grad Zagreb", "palette_idx": 3}}, {"type": "Feature", "id": 190, "geometry": {"type": "Polygon", "coordinates": [[[16.181324, 45.865023], [16.181518, 45.864577], [16.181226, 45.864299], [16.181364, 45.864179], [16.181612, 45.864126], [16.181752, 45.864152], [16.183072, 45.865222], [16.183558, 45.865324], [16.183825, 45.865155], [16.184704, 45.865591], [16.184905, 45.865231], [16.184737, 45.864998], [16.184815, 45.864863], [16.184691, 45.864708], [16.185168, 45.864531], [16.18541, 45.864182], [16.185297, 45.864107], [16.185085, 45.864139], [16.185202, 45.863655], [16.185638, 45.86361], [16.185554, 45.863522], [16.185592, 45.863239], [16.185755, 45.863246], [16.185397, 45.863102], [16.185686, 45.863059], [16.185598, 45.862941], [16.185665, 45.862867], [16.185934, 45.862905], [16.185776, 45.862716], [16.185594, 45.862742], [16.185711, 45.862593], [16.18584, 45.862618], [16.18589, 45.862456], [16.186065, 45.86242], [16.186133, 45.862492], [16.186215, 45.862439], [16.186223, 45.862124], [16.186052, 45.862097], [16.185993, 45.862008], [16.186055, 45.861778], [16.186422, 45.861646], [16.186621, 45.861761], [16.186744, 45.861781], [16.186825, 45.861716], [16.18673, 45.861577], [16.186436, 45.861471], [16.186186, 45.861508], [16.186277, 45.861297], [16.186531, 45.861218], [16.186847, 45.8613], [16.18717, 45.861071], [16.18715, 45.860999], [16.186698, 45.860831], [16.18679, 45.860694], [16.186735, 45.860597], [16.187156, 45.860437], [16.187185, 45.860282], [16.187364, 45.860203], [16.187185, 45.859962], [16.186991, 45.86001], [16.186873, 45.859957], [16.186893, 45.859679], [16.183421, 45.863058], [16.18131, 45.862772], [16.178662, 45.864646], [16.17682, 45.864407], [16.171759, 45.864817], [16.171812, 45.864858], [16.171075, 45.865333], [16.167051, 45.863256], [16.16441, 45.865774], [16.159128, 45.869572], [16.158546, 45.869885], [16.158454, 45.869817], [16.157961, 45.870131], [16.159532, 45.871994], [16.158628, 45.872428], [16.157796, 45.87323], [16.156898, 45.873747], [16.154944, 45.874369], [16.155188, 45.875043], [16.155791, 45.875627], [16.155904, 45.876746], [16.155756, 45.878879], [16.156459, 45.878855], [16.157253, 45.878972], [16.157611, 45.879262], [16.159223, 45.879693], [16.160823, 45.87992], [16.163524, 45.880465], [16.164661, 45.880715], [16.165585, 45.881083], [16.166722, 45.88074], [16.167062, 45.880176], [16.167148, 45.879481], [16.167055, 45.879141], [16.16721, 45.879049], [16.16821, 45.879165], [16.168457, 45.878876], [16.168683, 45.878819], [16.168659, 45.878646], [16.171991, 45.873872], [16.173557, 45.87254], [16.175275, 45.873867], [16.175798, 45.873336], [16.17692, 45.872878], [16.178901, 45.872267], [16.179792, 45.872202], [16.180483, 45.872045], [16.180715, 45.871875], [16.181356, 45.870437], [16.180291, 45.868054], [16.179621, 45.867203], [16.179383, 45.867083], [16.179665, 45.866732], [16.180082, 45.866568], [16.180311, 45.866622], [16.180364, 45.866314], [16.180645, 45.866502], [16.18046, 45.866893], [16.180769, 45.867007], [16.180985, 45.866563], [16.180773, 45.866015], [16.180945, 45.865892], [16.181283, 45.866], [16.181456, 45.865906], [16.181391, 45.865718], [16.181008, 45.865392], [16.181324, 45.865023]]]}, "properties": {"id": 190, "razina": "kvart", "name": "Žerjavinec", "color": "#bf45d3", "area_km2": 2.42, "mo_count": 1, "source": "derivirano: MO (data.zagreb.hr) + OSM imena", "jls_name": "Grad Zagreb", "jls_maticni_broj": "01333", "zupanija": "Grad Zagreb", "palette_idx": 3}}, {"type": "Feature", "id": 191, "geometry": {"type": "Polygon", "coordinates": [[[16.079421, 45.775892], [16.078193, 45.774599], [16.077085, 45.77359], [16.075904, 45.772715], [16.073296, 45.771324], [16.070473, 45.770205], [16.06329, 45.774542], [16.059801, 45.776291], [16.059634, 45.776129], [16.054754, 45.778539], [16.050348, 45.780957], [16.053658, 45.78647], [16.053907, 45.786392], [16.054027, 45.786438], [16.054011, 45.786828], [16.054156, 45.787294], [16.05429, 45.787258], [16.054987, 45.788609], [16.057313, 45.792375], [16.057728, 45.793031], [16.058069, 45.79334], [16.059986, 45.793356], [16.060937, 45.79327], [16.062786, 45.793274], [16.064046, 45.79318], [16.10333, 45.793157], [16.103794, 45.792742], [16.102959, 45.792079], [16.10262, 45.791094], [16.102273, 45.790711], [16.100446, 45.787946], [16.100553, 45.787698], [16.102087, 45.78622], [16.101503, 45.786024], [16.10039, 45.785426], [16.098547, 45.78418], [16.098426, 45.784013], [16.097253, 45.78344], [16.096842, 45.783142], [16.094082, 45.782018], [16.091841, 45.781449], [16.090942, 45.78132], [16.089273, 45.78061], [16.087755, 45.780085], [16.085505, 45.779466], [16.083515, 45.778777], [16.082451, 45.778075], [16.080396, 45.776248], [16.079613, 45.775627], [16.079421, 45.775568], [16.079421, 45.775892]]]}, "properties": {"id": 191, "razina": "kvart", "name": "Žitnjak", "color": "#bed345", "area_km2": 6.59, "mo_count": 1, "source": "derivirano: MO (data.zagreb.hr) + OSM imena", "jls_name": "Grad Zagreb", "jls_maticni_broj": "01333", "zupanija": "Grad Zagreb", "palette_idx": 3}}, {"type": "Feature", "id": 192, "geometry": {"type": "Polygon", "coordinates": [[[16.062193, 45.714576], [16.062964, 45.714241], [16.072114, 45.711187], [16.069333, 45.707257], [16.069327, 45.706511], [16.057184, 45.711654], [16.062193, 45.714576]]]}, "properties": {"id": 192, "razina": "kvart", "name": "Braća Radić", "color": "#45d349", "area_km2": 0.49, "mo_count": 0, "source": "OpenStreetMap (ODbL)", "jls_name": "Velika Gorica", "jls_maticni_broj": "05410", "zupanija": "Zagrebačka", "palette_idx": 1}}, {"type": "Feature", "id": 193, "geometry": {"type": "Polygon", "coordinates": [[[16.0668, 45.717157], [16.070754, 45.72301], [16.072426, 45.725273], [16.082097, 45.723233], [16.080262, 45.721887], [16.079355, 45.721026], [16.077598, 45.718209], [16.077219, 45.718021], [16.076211, 45.717853], [16.076221, 45.716247], [16.076007, 45.715412], [16.074915, 45.714155], [16.071721, 45.71559], [16.0668, 45.717157]]]}, "properties": {"id": 193, "razina": "kvart", "name": "Hrvatski velikani", "color": "#7245d3", "area_km2": 0.75, "mo_count": 0, "source": "OpenStreetMap (ODbL)", "jls_name": "Velika Gorica", "jls_maticni_broj": "05410", "zupanija": "Zagrebačka", "palette_idx": 1}}, {"type": "Feature", "id": 194, "geometry": {"type": "Polygon", "coordinates": [[[16.037154, 45.692092], [16.041477, 45.692403], [16.04161, 45.69471], [16.042781, 45.695877], [16.044926, 45.694784], [16.045803, 45.695771], [16.047814, 45.699172], [16.047375, 45.699771], [16.047084, 45.699961], [16.04747, 45.700654], [16.048374, 45.701778], [16.048647, 45.70256], [16.049553, 45.70275], [16.049987, 45.703201], [16.050295, 45.703101], [16.050348, 45.703297], [16.05013, 45.704803], [16.050557, 45.705113], [16.048631, 45.706507], [16.049483, 45.706456], [16.049823, 45.706581], [16.050553, 45.706149], [16.052834, 45.708226], [16.054269, 45.707487], [16.054026, 45.707213], [16.057296, 45.705737], [16.057555, 45.705639], [16.057696, 45.705792], [16.058624, 45.705278], [16.058381, 45.705032], [16.059261, 45.704581], [16.059524, 45.704826], [16.061097, 45.703856], [16.063136, 45.703254], [16.063666, 45.705205], [16.063992, 45.705697], [16.065969, 45.70795], [16.069327, 45.706511], [16.069333, 45.707257], [16.070026, 45.708266], [16.070689, 45.70804], [16.071424, 45.709007], [16.077502, 45.706891], [16.081077, 45.706437], [16.081108, 45.70623], [16.082513, 45.706033], [16.083662, 45.707633], [16.084149, 45.70855], [16.094048, 45.70208], [16.091184, 45.697719], [16.091417, 45.697617], [16.090545, 45.696699], [16.091439, 45.694007], [16.092055, 45.693652], [16.092008, 45.693474], [16.091654, 45.693469], [16.091329, 45.693085], [16.091366, 45.692466], [16.091097, 45.692348], [16.090779, 45.692012], [16.090027, 45.691809], [16.089929, 45.691699], [16.089782, 45.691252], [16.08984, 45.690315], [16.089735, 45.689756], [16.089072, 45.690155], [16.08759, 45.690637], [16.086873, 45.69111], [16.086274, 45.691179], [16.086247, 45.691249], [16.084891, 45.691317], [16.08426, 45.69133], [16.083928, 45.691211], [16.083879, 45.691109], [16.084402, 45.690369], [16.084446, 45.689839], [16.084956, 45.689345], [16.084952, 45.688951], [16.084466, 45.687967], [16.084576, 45.687616], [16.084503, 45.686971], [16.085009, 45.686027], [16.085459, 45.68567], [16.085574, 45.685473], [16.085507, 45.684686], [16.085671, 45.684598], [16.085481, 45.684505], [16.085209, 45.684196], [16.085027, 45.68384], [16.084691, 45.683663], [16.08464, 45.683217], [16.084489, 45.683106], [16.083601, 45.682903], [16.083061, 45.683259], [16.0823, 45.683327], [16.082053, 45.683274], [16.079264, 45.685286], [16.078985, 45.685077], [16.07912, 45.684981], [16.078959, 45.684902], [16.078885, 45.684975], [16.078386, 45.684799], [16.078249, 45.684669], [16.075814, 45.684096], [16.074466, 45.682918], [16.074318, 45.683012], [16.06528, 45.681125], [16.064768, 45.681416], [16.064166, 45.680859], [16.061686, 45.679698], [16.059328, 45.680433], [16.058867, 45.680191], [16.058097, 45.679977], [16.057404, 45.680168], [16.056217, 45.680226], [16.057507, 45.677152], [16.058832, 45.674891], [16.058921, 45.674452], [16.058903, 45.673137], [16.05914, 45.671437], [16.058398, 45.667272], [16.057215, 45.665007], [16.055743, 45.663145], [16.054252, 45.661525], [16.053341, 45.660868], [16.053076, 45.660432], [16.053078, 45.656284], [16.052724, 45.654595], [16.053278, 45.653079], [16.05339, 45.651462], [16.053693, 45.650442], [16.05378, 45.649442], [16.054468, 45.648234], [16.054624, 45.647702], [16.054899, 45.645447], [16.053627, 45.645088], [16.049729, 45.644846], [16.049408, 45.644598], [16.044578, 45.644501], [16.043354, 45.642108], [16.042811, 45.641557], [16.042262, 45.642149], [16.041886, 45.642808], [16.040903, 45.64367], [16.04033, 45.645197], [16.040275, 45.64603], [16.040813, 45.646838], [16.040565, 45.649783], [16.039563, 45.652038], [16.038817, 45.653597], [16.036738, 45.656197], [16.035697, 45.65676], [16.035015, 45.658389], [16.034967, 45.659204], [16.034741, 45.659722], [16.034484, 45.661671], [16.034076, 45.662447], [16.034376, 45.663178], [16.034413, 45.664298], [16.034222, 45.664808], [16.033511, 45.665555], [16.032936, 45.66678], [16.032264, 45.667713], [16.031668, 45.669535], [16.031767, 45.670058], [16.03214, 45.670573], [16.032709, 45.671102], [16.033043, 45.671603], [16.032948, 45.673146], [16.032672, 45.673443], [16.032599, 45.67383], [16.032784, 45.674172], [16.033057, 45.674489], [16.033566, 45.674639], [16.033992, 45.674938], [16.034123, 45.675696], [16.035347, 45.677344], [16.03533, 45.677664], [16.036429, 45.678333], [16.036668, 45.67867], [16.03666, 45.68037], [16.036959, 45.680703], [16.036747, 45.680889], [16.03711, 45.681071], [16.037381, 45.681349], [16.03733, 45.681633], [16.037408, 45.681874], [16.037709, 45.68183], [16.03784, 45.682212], [16.038349, 45.682228], [16.038523, 45.682483], [16.038846, 45.682555], [16.038711, 45.683064], [16.03877, 45.683627], [16.038501, 45.683674], [16.038393, 45.683861], [16.038413, 45.684147], [16.03773, 45.684398], [16.037755, 45.684742], [16.037129, 45.685193], [16.036751, 45.685584], [16.036485, 45.686159], [16.036386, 45.686915], [16.036664, 45.687284], [16.036662, 45.6876], [16.037076, 45.687866], [16.037355, 45.689468], [16.03731, 45.689712], [16.036722, 45.69014], [16.036665, 45.690456], [16.037154, 45.692092]]]}, "properties": {"id": 194, "razina": "kvart", "name": "Kurilovec", "color": "#d345b8", "area_km2": 16.3, "mo_count": 0, "source": "OpenStreetMap (ODbL)", "jls_name": "Velika Gorica", "jls_maticni_broj": "05410", "zupanija": "Zagrebačka", "palette_idx": 2}}, {"type": "Feature", "id": 195, "geometry": {"type": "Polygon", "coordinates": [[[16.031108, 45.725747], [16.036974, 45.723764], [16.038403, 45.725999], [16.041865, 45.724835], [16.05112, 45.721931], [16.055647, 45.726913], [16.058176, 45.725933], [16.060005, 45.7254], [16.064706, 45.724474], [16.070754, 45.72301], [16.0668, 45.717157], [16.057184, 45.711654], [16.065969, 45.70795], [16.063992, 45.705697], [16.063666, 45.705205], [16.063136, 45.703254], [16.061097, 45.703856], [16.059524, 45.704826], [16.059261, 45.704581], [16.058381, 45.705032], [16.058624, 45.705278], [16.057696, 45.705792], [16.057555, 45.705639], [16.057296, 45.705737], [16.054026, 45.707213], [16.054269, 45.707487], [16.052834, 45.708226], [16.050553, 45.706149], [16.049823, 45.706581], [16.049483, 45.706456], [16.048631, 45.706507], [16.037367, 45.714738], [16.032908, 45.718124], [16.033402, 45.718451], [16.032525, 45.719325], [16.032081, 45.719938], [16.031291, 45.721406], [16.030866, 45.722943], [16.030806, 45.724044], [16.031108, 45.725747]]]}, "properties": {"id": 195, "razina": "kvart", "name": "Miljenko Granić", "color": "#d39c45", "area_km2": 4.39, "mo_count": 0, "source": "OpenStreetMap (ODbL)", "jls_name": "Velika Gorica", "jls_maticni_broj": "05410", "zupanija": "Zagrebačka", "palette_idx": 0}}, {"type": "Feature", "id": 196, "geometry": {"type": "Polygon", "coordinates": [[[16.038403, 45.725999], [16.039589, 45.727961], [16.039111, 45.728106], [16.040226, 45.729889], [16.040344, 45.729903], [16.041651, 45.732163], [16.044334, 45.735148], [16.042219, 45.735998], [16.03878, 45.737671], [16.036867, 45.738234], [16.040534, 45.74627], [16.044748, 45.746157], [16.049294, 45.746301], [16.054218, 45.74678], [16.058531, 45.747481], [16.063283, 45.748594], [16.067155, 45.749771], [16.071382, 45.751391], [16.075263, 45.753214], [16.077418, 45.751474], [16.081796, 45.754205], [16.082924, 45.753919], [16.083155, 45.754083], [16.083559, 45.754709], [16.084339, 45.754493], [16.084731, 45.754837], [16.08555, 45.754308], [16.088109, 45.75601], [16.088669, 45.755631], [16.086168, 45.753979], [16.08738, 45.753691], [16.087251, 45.752955], [16.087005, 45.752944], [16.08601, 45.75246], [16.085798, 45.75159], [16.085538, 45.751141], [16.085381, 45.751086], [16.084961, 45.751275], [16.084717, 45.751117], [16.08596, 45.750277], [16.085656, 45.750086], [16.085356, 45.750311], [16.085384, 45.750496], [16.084574, 45.751025], [16.083347, 45.750185], [16.084007, 45.74987], [16.083545, 45.749433], [16.084077, 45.749206], [16.083162, 45.748722], [16.082757, 45.74836], [16.082521, 45.74801], [16.083006, 45.746672], [16.083436, 45.74628], [16.083825, 45.746174], [16.083885, 45.746334], [16.085949, 45.745601], [16.087483, 45.744778], [16.089118, 45.744552], [16.088728, 45.743693], [16.088521, 45.743626], [16.08797, 45.742441], [16.088059, 45.742405], [16.087527, 45.741763], [16.086736, 45.741157], [16.087485, 45.740296], [16.087812, 45.740058], [16.088426, 45.739828], [16.08901, 45.73972], [16.089456, 45.739726], [16.090078, 45.739849], [16.090815, 45.74016], [16.092092, 45.741305], [16.092845, 45.741763], [16.093737, 45.741683], [16.094188, 45.741785], [16.09467, 45.741318], [16.095959, 45.740865], [16.096342, 45.740543], [16.096825, 45.740331], [16.097635, 45.738192], [16.097461, 45.737888], [16.097526, 45.737555], [16.097257, 45.737426], [16.09611, 45.737497], [16.095029, 45.737412], [16.094658, 45.737057], [16.094537, 45.735683], [16.095257, 45.734814], [16.095543, 45.734831], [16.096194, 45.73463], [16.096498, 45.734672], [16.096505, 45.734483], [16.097061, 45.734276], [16.097197, 45.734307], [16.098366, 45.733757], [16.098704, 45.73378], [16.098022, 45.733589], [16.095462, 45.732607], [16.095463, 45.73239], [16.094801, 45.732313], [16.094873, 45.729658], [16.094429, 45.729619], [16.094429, 45.729674], [16.09176, 45.729291], [16.091686, 45.729348], [16.089403, 45.729503], [16.089409, 45.729551], [16.084813, 45.72989], [16.084791, 45.730265], [16.077627, 45.731253], [16.077539, 45.727683], [16.077437, 45.727525], [16.077386, 45.726131], [16.076953, 45.724332], [16.072426, 45.725273], [16.070754, 45.72301], [16.064706, 45.724474], [16.060005, 45.7254], [16.058176, 45.725933], [16.055647, 45.726913], [16.05112, 45.721931], [16.041865, 45.724835], [16.038403, 45.725999]]]}, "properties": {"id": 196, "razina": "kvart", "name": "Pleso", "color": "#8ed345", "area_km2": 10.42, "mo_count": 0, "source": "OpenStreetMap (ODbL)", "jls_name": "Velika Gorica", "jls_maticni_broj": "05410", "zupanija": "Zagrebačka", "palette_idx": 2}}, {"type": "Feature", "id": 197, "geometry": {"type": "Polygon", "coordinates": [[[16.076953, 45.724332], [16.077386, 45.726131], [16.077437, 45.727525], [16.077539, 45.727683], [16.077627, 45.731253], [16.084791, 45.730265], [16.084813, 45.72989], [16.089409, 45.729551], [16.089403, 45.729503], [16.091686, 45.729348], [16.09176, 45.729291], [16.094429, 45.729674], [16.094429, 45.729619], [16.094873, 45.729658], [16.094801, 45.732313], [16.095463, 45.73239], [16.095462, 45.732607], [16.098022, 45.733589], [16.099468, 45.733947], [16.098592, 45.733175], [16.097771, 45.732164], [16.09599, 45.728501], [16.095499, 45.727743], [16.094869, 45.727043], [16.095097, 45.726781], [16.094548, 45.725766], [16.094502, 45.726576], [16.092074, 45.72488], [16.090532, 45.723476], [16.089607, 45.722403], [16.088822, 45.721242], [16.087516, 45.718502], [16.082506, 45.719636], [16.079092, 45.72066], [16.079355, 45.721026], [16.080262, 45.721887], [16.082097, 45.723233], [16.076953, 45.724332]]]}, "properties": {"id": 197, "razina": "kvart", "name": "Rakarje", "color": "#4565d3", "area_km2": 1.33, "mo_count": 0, "source": "OpenStreetMap (ODbL)", "jls_name": "Velika Gorica", "jls_maticni_broj": "05410", "zupanija": "Zagrebačka", "palette_idx": 3}}, {"type": "Feature", "id": 198, "geometry": {"type": "Polygon", "coordinates": [[[16.070026, 45.708266], [16.072246, 45.711398], [16.072567, 45.713196], [16.073562, 45.7148], [16.074915, 45.714155], [16.076007, 45.715412], [16.076221, 45.716247], [16.076211, 45.717853], [16.077219, 45.718021], [16.077598, 45.718209], [16.079092, 45.72066], [16.082506, 45.719636], [16.087516, 45.718502], [16.088551, 45.720773], [16.089182, 45.72181], [16.090027, 45.722931], [16.090998, 45.723939], [16.092074, 45.72488], [16.094502, 45.726576], [16.094528, 45.724419], [16.094325, 45.723957], [16.098803, 45.723335], [16.098418, 45.722805], [16.097819, 45.722485], [16.097021, 45.721742], [16.095997, 45.722058], [16.095834, 45.721686], [16.095952, 45.721282], [16.095841, 45.720539], [16.094926, 45.718991], [16.094906, 45.717003], [16.093211, 45.716507], [16.092397, 45.715974], [16.09288, 45.715848], [16.09283, 45.715763], [16.094063, 45.715343], [16.094261, 45.715085], [16.094053, 45.714633], [16.098216, 45.707375], [16.099456, 45.707029], [16.100387, 45.70699], [16.100921, 45.706602], [16.101415, 45.706366], [16.101098, 45.706294], [16.094048, 45.70208], [16.084149, 45.70855], [16.083662, 45.707633], [16.082513, 45.706033], [16.081108, 45.70623], [16.081077, 45.706437], [16.077502, 45.706891], [16.071424, 45.709007], [16.070689, 45.70804], [16.070026, 45.708266]]]}, "properties": {"id": 198, "razina": "kvart", "name": "Stari grad", "color": "#d3456b", "area_km2": 2.96, "mo_count": 0, "source": "OpenStreetMap (ODbL)", "jls_name": "Velika Gorica", "jls_maticni_broj": "05410", "zupanija": "Zagrebačka", "palette_idx": 0}}, {"type": "Feature", "id": 199, "geometry": {"type": "Polygon", "coordinates": [[[16.062193, 45.714576], [16.0668, 45.717157], [16.071721, 45.71559], [16.073562, 45.7148], [16.072567, 45.713196], [16.072246, 45.711398], [16.072114, 45.711187], [16.062964, 45.714241], [16.062193, 45.714576]]]}, "properties": {"id": 199, "razina": "kvart", "name": "Vladimir Nazor", "color": "#45d3c5", "area_km2": 0.3, "mo_count": 0, "source": "OpenStreetMap (ODbL)", "jls_name": "Velika Gorica", "jls_maticni_broj": "05410", "zupanija": "Zagrebačka", "palette_idx": 2}}]}