{"type": "FeatureCollection", "features": [{"type": "Feature", "id": 1, "geometry": {"type": "MultiPolygon", "coordinates": [[[[13.810605, 44.905817], [13.812456, 44.905295], [13.816241, 44.905617], [13.818425, 44.906502], [13.823372, 44.905428], [13.829758, 44.901097], [13.835829, 44.914513], [13.838099, 44.911076], [13.839649, 44.906426], [13.841638, 44.906381], [13.843296, 44.907375], [13.84709, 44.906766], [13.847345, 44.907593], [13.847936, 44.907368], [13.848002, 44.907772], [13.848547, 44.907742], [13.848506, 44.907274], [13.850394, 44.907301], [13.855246, 44.906547], [13.855604, 44.908551], [13.856445, 44.910127], [13.858977, 44.909235], [13.860368, 44.909291], [13.866538, 44.907949], [13.867286, 44.908045], [13.868068, 44.90862], [13.873981, 44.90895], [13.87435, 44.907744], [13.875119, 44.90765], [13.872706, 44.903887], [13.872324, 44.902301], [13.872627, 44.901148], [13.874094, 44.900533], [13.878585, 44.900379], [13.883764, 44.901858], [13.88323, 44.903949], [13.884628, 44.90407], [13.888495, 44.903185], [13.889528, 44.902635], [13.888351, 44.902156], [13.88547, 44.898714], [13.886331, 44.897754], [13.886139, 44.897541], [13.888997, 44.89655], [13.88977, 44.89601], [13.88927, 44.893999], [13.889508, 44.893394], [13.89042, 44.893519], [13.892934, 44.893109], [13.892915, 44.89149], [13.892469, 44.890596], [13.889892, 44.890596], [13.890137, 44.890142], [13.889087, 44.889696], [13.890269, 44.88943], [13.890322, 44.888997], [13.886968, 44.881326], [13.888434, 44.881447], [13.890931, 44.880824], [13.891669, 44.880241], [13.89223, 44.880367], [13.893174, 44.880035], [13.898572, 44.880715], [13.899893, 44.881842], [13.901432, 44.881463], [13.9022, 44.88042], [13.904845, 44.879632], [13.902223, 44.873556], [13.901919, 44.872754], [13.902877, 44.871855], [13.902616, 44.870684], [13.900032, 44.868425], [13.89948, 44.867344], [13.900028, 44.867479], [13.908154, 44.86538], [13.91311, 44.864519], [13.912746, 44.863793], [13.914461, 44.864173], [13.915494, 44.863823], [13.916731, 44.86386], [13.916341, 44.861648], [13.915167, 44.86027], [13.914214, 44.857597], [13.913574, 44.856451], [13.909084, 44.854632], [13.906492, 44.853144], [13.904614, 44.848888], [13.904003, 44.846438], [13.903778, 44.8418], [13.900458, 44.840784], [13.900633, 44.84018], [13.901513, 44.839611], [13.900156, 44.838301], [13.899483, 44.838399], [13.898917, 44.837895], [13.898318, 44.837981], [13.896086, 44.836934], [13.895984, 44.836085], [13.895251, 44.835653], [13.892756, 44.836942], [13.89144, 44.837243], [13.891033, 44.836983], [13.89012, 44.837476], [13.888552, 44.837541], [13.886957, 44.83689], [13.883824, 44.837439], [13.883107, 44.838807], [13.882012, 44.839491], [13.881258, 44.840198], [13.881067, 44.840971], [13.883285, 44.842829], [13.881705, 44.843457], [13.881867, 44.843703], [13.880545, 44.844266], [13.880151, 44.844107], [13.879069, 44.844604], [13.879291, 44.844841], [13.875715, 44.846459], [13.873813, 44.846271], [13.872619, 44.846703], [13.870362, 44.848693], [13.86772, 44.848004], [13.865374, 44.848449], [13.86444, 44.848024], [13.863175, 44.848778], [13.860859, 44.847838], [13.860573, 44.848215], [13.859339, 44.848131], [13.858426, 44.847656], [13.858803, 44.847112], [13.857153, 44.846502], [13.852724, 44.847089], [13.853278, 44.845323], [13.855163, 44.84381], [13.853499, 44.842675], [13.852729, 44.842055], [13.852561, 44.841252], [13.85151, 44.842141], [13.849572, 44.842406], [13.848095, 44.842263], [13.845356, 44.841285], [13.844965, 44.840845], [13.845149, 44.840524], [13.84356, 44.839359], [13.844234, 44.83896], [13.844362, 44.837965], [13.843434, 44.838299], [13.843273, 44.838136], [13.843402, 44.83831], [13.842606, 44.838717], [13.842279, 44.838476], [13.842756, 44.83885], [13.842526, 44.839047], [13.84136, 44.839163], [13.842573, 44.8391], [13.842357, 44.839648], [13.841309, 44.839755], [13.842412, 44.839676], [13.84251, 44.840162], [13.841423, 44.84027], [13.842516, 44.840185], [13.842592, 44.8407], [13.841501, 44.840807], [13.842597, 44.840724], [13.842668, 44.841218], [13.841603, 44.841326], [13.842673, 44.841243], [13.842752, 44.841679], [13.84169, 44.841791], [13.842757, 44.841704], [13.842851, 44.842139], [13.841794, 44.842251], [13.842855, 44.842166], [13.84294, 44.842608], [13.841882, 44.842715], [13.842936, 44.84263], [13.843002, 44.842907], [13.84268, 44.842962], [13.842248, 44.843299], [13.842686, 44.843023], [13.843168, 44.843379], [13.842752, 44.843671], [13.84319, 44.843392], [13.843672, 44.843743], [13.843277, 44.844047], [13.84371, 44.843772], [13.844331, 44.844043], [13.843812, 44.844436], [13.844483, 44.843967], [13.845182, 44.844053], [13.844251, 44.844747], [13.84522, 44.844051], [13.845951, 44.844137], [13.844847, 44.84496], [13.84598, 44.84414], [13.846415, 44.844445], [13.845496, 44.845131], [13.846435, 44.844454], [13.846853, 44.844766], [13.846098, 44.845323], [13.846869, 44.844783], [13.84729, 44.845092], [13.846727, 44.845512], [13.847313, 44.845105], [13.848657, 44.845257], [13.849235, 44.846023], [13.849708, 44.845902], [13.850126, 44.846009], [13.850521, 44.845663], [13.85017, 44.846024], [13.850598, 44.846198], [13.849592, 44.845952], [13.849061, 44.846704], [13.84832, 44.846715], [13.844226, 44.846499], [13.843823, 44.846157], [13.844239, 44.845826], [13.844591, 44.846037], [13.844245, 44.845822], [13.844475, 44.845638], [13.844834, 44.845844], [13.844128, 44.845415], [13.84447, 44.845634], [13.844236, 44.845816], [13.843896, 44.845598], [13.844025, 44.845986], [13.843563, 44.845707], [13.844019, 44.845992], [13.843813, 44.846154], [13.842709, 44.845812], [13.842792, 44.845363], [13.843195, 44.845714], [13.842804, 44.845357], [13.84303, 44.845223], [13.843471, 44.845589], [13.843037, 44.845218], [13.843276, 44.845077], [13.843762, 44.845475], [13.84299, 44.844824], [13.843268, 44.845071], [13.842772, 44.844986], [13.843023, 44.845216], [13.842587, 44.845472], [13.842345, 44.844975], [13.842889, 44.844588], [13.842344, 44.844967], [13.842663, 44.844382], [13.842204, 44.84471], [13.841985, 44.84449], [13.842371, 44.844193], [13.841973, 44.844479], [13.84215, 44.844062], [13.841525, 44.844313], [13.84119, 44.843939], [13.839811, 44.84122], [13.840042, 44.840968], [13.839458, 44.840983], [13.838497, 44.84024], [13.839252, 44.839787], [13.838431, 44.840153], [13.838086, 44.839897], [13.838623, 44.839567], [13.838072, 44.83986], [13.837585, 44.83941], [13.838171, 44.839118], [13.837687, 44.838665], [13.838077, 44.839073], [13.837794, 44.839243], [13.837252, 44.838785], [13.837765, 44.83926], [13.837554, 44.839383], [13.836575, 44.83878], [13.836883, 44.838314], [13.837299, 44.838377], [13.838826, 44.837808], [13.837297, 44.838349], [13.837039, 44.838165], [13.839049, 44.837406], [13.840837, 44.837108], [13.841569, 44.836227], [13.841298, 44.835721], [13.840562, 44.835141], [13.83814, 44.834715], [13.836003, 44.835427], [13.83535, 44.833704], [13.83353, 44.832914], [13.832763, 44.833578], [13.831315, 44.833834], [13.83045, 44.835092], [13.828457, 44.835118], [13.827763, 44.835628], [13.828445, 44.835865], [13.827116, 44.835841], [13.826984, 44.836271], [13.827763, 44.837719], [13.828422, 44.837933], [13.8292, 44.838912], [13.831601, 44.839268], [13.832518, 44.841149], [13.83435, 44.84214], [13.834022, 44.842521], [13.834548, 44.842364], [13.835062, 44.843283], [13.834605, 44.843849], [13.832635, 44.843473], [13.831394, 44.843858], [13.831712, 44.845359], [13.831526, 44.846312], [13.830696, 44.847163], [13.830755, 44.848046], [13.831536, 44.848561], [13.836377, 44.849394], [13.836337, 44.850475], [13.834163, 44.850595], [13.832551, 44.850201], [13.830618, 44.85038], [13.830075, 44.850808], [13.829569, 44.852083], [13.829962, 44.853985], [13.829538, 44.854069], [13.827617, 44.853395], [13.825984, 44.853445], [13.824923, 44.853968], [13.82494, 44.854775], [13.82672, 44.856842], [13.826677, 44.857916], [13.826351, 44.858059], [13.826093, 44.857699], [13.826255, 44.858098], [13.825839, 44.858245], [13.823797, 44.856982], [13.822946, 44.856909], [13.822884, 44.856675], [13.822044, 44.856799], [13.821684, 44.857662], [13.821943, 44.859264], [13.82021, 44.859783], [13.818607, 44.86072], [13.815387, 44.860468], [13.81485, 44.859919], [13.816411, 44.858614], [13.815282, 44.857843], [13.815135, 44.857345], [13.817235, 44.856122], [13.817643, 44.855145], [13.817195, 44.854449], [13.813413, 44.854371], [13.812301, 44.854804], [13.811377, 44.856375], [13.809097, 44.857028], [13.810316, 44.857643], [13.811006, 44.857567], [13.812746, 44.858556], [13.814016, 44.85976], [13.813837, 44.86034], [13.811992, 44.86168], [13.811021, 44.861735], [13.810053, 44.860049], [13.809128, 44.85933], [13.806863, 44.859092], [13.806178, 44.86005], [13.806794, 44.861317], [13.805284, 44.860922], [13.804946, 44.861294], [13.804173, 44.861148], [13.803512, 44.862028], [13.802172, 44.860616], [13.801244, 44.860514], [13.800491, 44.861019], [13.800599, 44.86071], [13.800128, 44.860751], [13.798261, 44.861584], [13.798381, 44.86193], [13.797406, 44.862568], [13.796611, 44.863762], [13.796362, 44.865004], [13.796932, 44.867497], [13.795492, 44.868367], [13.793374, 44.871323], [13.792831, 44.872681], [13.793099, 44.874572], [13.794482, 44.875779], [13.794799, 44.876478], [13.791032, 44.884847], [13.791105, 44.88487], [13.794904, 44.876441], [13.797343, 44.875293], [13.796802, 44.875441], [13.79766, 44.874538], [13.798485, 44.875123], [13.798128, 44.875066], [13.800393, 44.875522], [13.800179, 44.876181], [13.800424, 44.875528], [13.802053, 44.875327], [13.803255, 44.874562], [13.804373, 44.872772], [13.806054, 44.873018], [13.807051, 44.872623], [13.807603, 44.871993], [13.807554, 44.871314], [13.806906, 44.871019], [13.807411, 44.870402], [13.806857, 44.871026], [13.806418, 44.870817], [13.805944, 44.870554], [13.806416, 44.869897], [13.807088, 44.869729], [13.807144, 44.869378], [13.808443, 44.869507], [13.810588, 44.869177], [13.810344, 44.868864], [13.810984, 44.868284], [13.814752, 44.866751], [13.815728, 44.865777], [13.81779, 44.865336], [13.815926, 44.865649], [13.815476, 44.864546], [13.816958, 44.863876], [13.818672, 44.863617], [13.818977, 44.864197], [13.819891, 44.864271], [13.820352, 44.863894], [13.823447, 44.864159], [13.825811, 44.863975], [13.826511, 44.864347], [13.826892, 44.865894], [13.827771, 44.866519], [13.82961, 44.866353], [13.829991, 44.866032], [13.829402, 44.865416], [13.829318, 44.864652], [13.82845, 44.864082], [13.828659, 44.863293], [13.82943, 44.863402], [13.829254, 44.86403], [13.829613, 44.86343], [13.830235, 44.863517], [13.830115, 44.863943], [13.831513, 44.864158], [13.8312, 44.865214], [13.831522, 44.865262], [13.831941, 44.863842], [13.836826, 44.864553], [13.838438, 44.865875], [13.839006, 44.865591], [13.842058, 44.867869], [13.840898, 44.86953], [13.840972, 44.871115], [13.840656, 44.871379], [13.838243, 44.872018], [13.837916, 44.871406], [13.836964, 44.871461], [13.836852, 44.871257], [13.836947, 44.871669], [13.83632, 44.871838], [13.836105, 44.871445], [13.83397, 44.871995], [13.835186, 44.874881], [13.838969, 44.875598], [13.83843, 44.872921], [13.838836, 44.871983], [13.841398, 44.871304], [13.845297, 44.872568], [13.845104, 44.872855], [13.843932, 44.872504], [13.845099, 44.872864], [13.844776, 44.87322], [13.843679, 44.872925], [13.844938, 44.873381], [13.846246, 44.873794], [13.845139, 44.873343], [13.845305, 44.872947], [13.846549, 44.873351], [13.845317, 44.872929], [13.8455, 44.872635], [13.84748, 44.873302], [13.847101, 44.87345], [13.847792, 44.873408], [13.848091, 44.874598], [13.846215, 44.874836], [13.846239, 44.875068], [13.847454, 44.875064], [13.847026, 44.876175], [13.846412, 44.876065], [13.845669, 44.878063], [13.845992, 44.878117], [13.845841, 44.879424], [13.846245, 44.879431], [13.847938, 44.882718], [13.84803, 44.883297], [13.847535, 44.88363], [13.847945, 44.883595], [13.848523, 44.885613], [13.847739, 44.883987], [13.846368, 44.883847], [13.844741, 44.883718], [13.844044, 44.884105], [13.843005, 44.884078], [13.841828, 44.885361], [13.841359, 44.885103], [13.841434, 44.885308], [13.840644, 44.885551], [13.839878, 44.885297], [13.839599, 44.885701], [13.838153, 44.885214], [13.838391, 44.884787], [13.838107, 44.88519], [13.834827, 44.884455], [13.834504, 44.884081], [13.835162, 44.883132], [13.835948, 44.882791], [13.835423, 44.882927], [13.835111, 44.882261], [13.833732, 44.881638], [13.833899, 44.881353], [13.833571, 44.881687], [13.832113, 44.881127], [13.832661, 44.87933], [13.833087, 44.879258], [13.83266, 44.879274], [13.831194, 44.877877], [13.830461, 44.877959], [13.829767, 44.877412], [13.829719, 44.877674], [13.828365, 44.877802], [13.828323, 44.877442], [13.828231, 44.877445], [13.82804, 44.877958], [13.825409, 44.878729], [13.822889, 44.879082], [13.822575, 44.879042], [13.822661, 44.878497], [13.822501, 44.879079], [13.822112, 44.879071], [13.820471, 44.877854], [13.820219, 44.87799], [13.819916, 44.877587], [13.819445, 44.877623], [13.818739, 44.876037], [13.81778, 44.875722], [13.817014, 44.875936], [13.816865, 44.876554], [13.818293, 44.877474], [13.817132, 44.87826], [13.815729, 44.878909], [13.813537, 44.878633], [13.811454, 44.878973], [13.811409, 44.880402], [13.810196, 44.880614], [13.811447, 44.880446], [13.811728, 44.882483], [13.811254, 44.883068], [13.810076, 44.883234], [13.809169, 44.882506], [13.807447, 44.882166], [13.805553, 44.88306], [13.804451, 44.8842], [13.80412, 44.885813], [13.804576, 44.88684], [13.804667, 44.888746], [13.806713, 44.890291], [13.805836, 44.891789], [13.806018, 44.89314], [13.802575, 44.891892], [13.803367, 44.891958], [13.800827, 44.891716], [13.800335, 44.890998], [13.79869, 44.890178], [13.796548, 44.890217], [13.796209, 44.889907], [13.795347, 44.889905], [13.794513, 44.890247], [13.794158, 44.890858], [13.794347, 44.891257], [13.794655, 44.891157], [13.794518, 44.891535], [13.796633, 44.89331], [13.79759, 44.894637], [13.800443, 44.894972], [13.802821, 44.895874], [13.803467, 44.897825], [13.80497, 44.898528], [13.806145, 44.89889], [13.807557, 44.898576], [13.809072, 44.898862], [13.809194, 44.899064], [13.80864, 44.899236], [13.808225, 44.898959], [13.808636, 44.899252], [13.809006, 44.899138], [13.809424, 44.899448], [13.808982, 44.899836], [13.809307, 44.901379], [13.809605, 44.901307], [13.80996, 44.90222], [13.80958, 44.902316], [13.809996, 44.902295], [13.81056, 44.903738], [13.810605, 44.905817]]], [[[13.841278, 44.83155], [13.842239, 44.831106], [13.842726, 44.829997], [13.843128, 44.829904], [13.8432, 44.830143], [13.843156, 44.829884], [13.844537, 44.829165], [13.844806, 44.828585], [13.844488, 44.827884], [13.842299, 44.826255], [13.839137, 44.826562], [13.838671, 44.826854], [13.839473, 44.827878], [13.839112, 44.830305], [13.840089, 44.831415], [13.841278, 44.83155]]], [[[13.825812, 44.873003], [13.826841, 44.872825], [13.827262, 44.871864], [13.826476, 44.870839], [13.824915, 44.870207], [13.824231, 44.870518], [13.823874, 44.871331], [13.824713, 44.872499], [13.825382, 44.873077], [13.825812, 44.873003]]], [[[13.823571, 44.876692], [13.82389, 44.874372], [13.821816, 44.874383], [13.82208, 44.876237], [13.823434, 44.876137], [13.823571, 44.876692]]], [[[13.800315, 44.902646], [13.800265, 44.902343], [13.800839, 44.902097], [13.798, 44.899642], [13.797446, 44.899599], [13.797797, 44.899496], [13.796089, 44.89969], [13.795943, 44.900943], [13.797036, 44.901949], [13.800391, 44.90293], [13.800315, 44.902646]]], [[[13.800173, 44.876198], [13.800136, 44.87619], [13.799887, 44.876844], [13.799923, 44.876851], [13.800173, 44.876198]]], [[[13.788969, 44.90095], [13.790185, 44.900724], [13.790818, 44.900131], [13.79062, 44.899069], [13.78999, 44.898522], [13.789002, 44.898264], [13.786956, 44.898436], [13.785665, 44.897681], [13.784472, 44.897651], [13.783804, 44.897973], [13.783769, 44.898837], [13.784633, 44.899575], [13.78701, 44.900259], [13.786758, 44.900324], [13.787713, 44.900859], [13.788969, 44.90095]]], [[[13.747252, 44.92761], [13.74858, 44.927122], [13.749089, 44.92628], [13.750477, 44.926711], [13.751789, 44.92668], [13.752617, 44.926324], [13.753626, 44.925221], [13.756165, 44.925378], [13.758116, 44.923985], [13.759569, 44.9244], [13.759967, 44.924012], [13.760506, 44.924045], [13.760645, 44.923541], [13.760181, 44.922827], [13.761384, 44.922364], [13.759779, 44.922654], [13.759645, 44.922398], [13.759156, 44.922749], [13.756388, 44.922707], [13.755529, 44.922267], [13.755849, 44.920911], [13.759839, 44.920116], [13.761547, 44.9213], [13.761787, 44.921161], [13.761499, 44.920882], [13.762188, 44.921228], [13.762267, 44.921709], [13.761665, 44.922392], [13.764704, 44.922184], [13.76455, 44.922923], [13.765013, 44.92229], [13.767197, 44.921298], [13.767927, 44.919556], [13.769275, 44.919174], [13.770259, 44.918539], [13.769523, 44.918951], [13.768345, 44.918791], [13.767787, 44.917027], [13.768016, 44.91655], [13.76877, 44.916571], [13.768752, 44.917127], [13.768918, 44.916577], [13.77108, 44.916727], [13.771844, 44.9172], [13.771429, 44.91767], [13.77207, 44.917394], [13.775251, 44.918053], [13.77581, 44.919072], [13.776494, 44.919301], [13.777246, 44.919163], [13.777575, 44.918244], [13.777047, 44.917686], [13.777215, 44.916378], [13.777484, 44.916007], [13.778287, 44.915917], [13.779441, 44.915265], [13.780083, 44.913897], [13.779771, 44.913413], [13.778416, 44.912703], [13.776641, 44.912581], [13.774989, 44.911967], [13.774637, 44.911562], [13.774859, 44.911329], [13.77426, 44.91135], [13.773385, 44.910288], [13.773817, 44.910053], [13.776021, 44.910603], [13.778108, 44.909831], [13.780594, 44.910263], [13.781639, 44.909506], [13.781484, 44.908134], [13.782376, 44.907893], [13.782721, 44.907486], [13.781836, 44.906692], [13.780577, 44.904586], [13.779303, 44.903912], [13.778047, 44.903723], [13.776182, 44.904491], [13.775444, 44.90622], [13.773536, 44.907441], [13.772813, 44.90743], [13.771985, 44.906887], [13.772473, 44.906356], [13.771977, 44.906721], [13.771544, 44.905995], [13.771808, 44.905329], [13.772847, 44.905018], [13.772935, 44.904468], [13.772131, 44.904312], [13.770914, 44.904931], [13.768859, 44.904547], [13.768432, 44.904199], [13.770509, 44.902221], [13.769004, 44.901543], [13.767272, 44.901742], [13.765346, 44.900986], [13.764282, 44.901315], [13.763944, 44.902473], [13.764458, 44.903876], [13.765905, 44.905611], [13.765583, 44.906596], [13.76361, 44.907352], [13.76322, 44.907768], [13.762014, 44.907757], [13.761395, 44.907495], [13.762228, 44.906496], [13.761759, 44.905561], [13.760756, 44.905376], [13.758677, 44.905916], [13.757866, 44.905649], [13.758189, 44.904099], [13.75912, 44.902742], [13.759079, 44.901531], [13.758103, 44.899506], [13.758458, 44.898804], [13.758456, 44.89675], [13.759474, 44.894886], [13.759761, 44.892959], [13.759504, 44.892517], [13.758793, 44.892411], [13.757848, 44.892827], [13.756858, 44.892846], [13.75554, 44.893497], [13.754421, 44.893276], [13.75408, 44.892804], [13.754425, 44.891976], [13.754048, 44.891861], [13.754157, 44.891259], [13.753656, 44.891148], [13.754773, 44.889415], [13.754665, 44.888207], [13.753018, 44.887608], [13.751159, 44.887773], [13.750413, 44.888566], [13.752356, 44.890044], [13.752408, 44.890945], [13.751769, 44.891439], [13.751243, 44.89155], [13.749136, 44.891063], [13.74806, 44.890549], [13.747478, 44.890875], [13.746634, 44.890831], [13.746176, 44.891458], [13.746094, 44.892134], [13.747016, 44.893441], [13.746869, 44.894633], [13.747223, 44.895112], [13.748353, 44.89546], [13.751419, 44.895385], [13.752494, 44.894797], [13.753415, 44.895433], [13.753881, 44.896536], [13.752985, 44.898568], [13.750319, 44.898612], [13.749261, 44.899238], [13.74898, 44.899792], [13.749527, 44.901337], [13.749057, 44.901705], [13.747353, 44.901793], [13.746793, 44.902198], [13.747449, 44.903981], [13.745692, 44.905573], [13.745772, 44.906091], [13.746296, 44.906391], [13.749647, 44.907384], [13.752075, 44.90762], [13.754947, 44.909317], [13.755402, 44.910215], [13.755009, 44.910285], [13.755426, 44.910309], [13.755086, 44.912524], [13.755559, 44.914046], [13.754831, 44.916845], [13.754346, 44.917528], [13.753467, 44.917974], [13.750731, 44.917713], [13.749995, 44.917921], [13.749524, 44.918528], [13.74929, 44.918221], [13.748863, 44.918803], [13.749168, 44.918444], [13.7495, 44.918558], [13.749032, 44.918929], [13.748985, 44.919616], [13.749801, 44.921373], [13.749341, 44.922015], [13.745923, 44.920682], [13.745561, 44.920186], [13.744483, 44.920001], [13.743429, 44.920801], [13.743055, 44.920628], [13.743346, 44.921005], [13.741727, 44.922749], [13.740372, 44.922611], [13.74035, 44.921726], [13.7397, 44.921284], [13.738974, 44.921434], [13.73796, 44.922248], [13.736357, 44.922544], [13.735783, 44.923034], [13.736539, 44.924295], [13.736106, 44.924604], [13.73454, 44.92481], [13.733923, 44.925509], [13.734249, 44.926105], [13.735002, 44.926466], [13.738797, 44.926763], [13.740568, 44.926339], [13.742992, 44.926848], [13.744263, 44.926724], [13.745848, 44.927546], [13.747252, 44.92761]]], [[[13.748628, 44.913387], [13.750205, 44.912929], [13.749643, 44.912662], [13.749784, 44.912465], [13.749623, 44.91265], [13.74767, 44.911754], [13.747905, 44.911037], [13.747402, 44.910314], [13.745968, 44.910021], [13.745488, 44.910393], [13.745796, 44.911181], [13.747084, 44.911944], [13.747442, 44.913108], [13.748628, 44.913387]]], [[[13.735068, 44.941168], [13.7368, 44.940862], [13.737421, 44.940214], [13.737372, 44.939065], [13.738005, 44.938722], [13.738478, 44.938747], [13.740001, 44.939863], [13.741956, 44.940035], [13.745923, 44.937913], [13.746972, 44.936851], [13.746875, 44.935782], [13.747599, 44.934772], [13.746552, 44.933865], [13.746479, 44.933249], [13.746841, 44.933201], [13.747925, 44.931677], [13.749905, 44.931256], [13.750112, 44.930926], [13.750183, 44.930332], [13.749303, 44.929427], [13.748638, 44.929217], [13.746906, 44.92963], [13.745825, 44.928657], [13.744509, 44.928621], [13.741435, 44.929488], [13.740065, 44.930169], [13.739539, 44.930934], [13.741561, 44.932355], [13.740879, 44.933191], [13.741293, 44.934633], [13.742423, 44.935051], [13.743106, 44.93588], [13.74278, 44.936502], [13.742335, 44.93631], [13.7405, 44.936651], [13.740392, 44.936271], [13.740432, 44.936664], [13.739396, 44.936907], [13.738511, 44.936659], [13.738778, 44.936416], [13.738152, 44.935807], [13.738262, 44.934725], [13.737759, 44.933999], [13.736209, 44.933654], [13.73439, 44.934375], [13.734441, 44.933872], [13.733765, 44.933904], [13.733693, 44.933169], [13.735615, 44.931676], [13.735494, 44.930782], [13.734298, 44.930533], [13.733874, 44.930763], [13.729994, 44.930685], [13.729721, 44.931224], [13.729952, 44.931859], [13.731219, 44.932708], [13.731462, 44.933632], [13.73107, 44.934096], [13.729399, 44.934706], [13.728969, 44.935723], [13.730236, 44.93677], [13.734364, 44.936873], [13.734361, 44.937957], [13.73304, 44.940029], [13.733871, 44.940857], [13.735068, 44.941168]]], [[[13.74105, 44.903814], [13.740326, 44.903665], [13.739953, 44.90288], [13.741449, 44.901411], [13.741294, 44.900679], [13.740792, 44.900489], [13.74104, 44.900316], [13.740328, 44.899813], [13.738343, 44.900011], [13.737539, 44.900657], [13.737837, 44.901581], [13.739868, 44.902978], [13.740186, 44.903801], [13.74105, 44.903814]]], [[[13.729573, 44.914322], [13.730428, 44.913757], [13.729843, 44.912414], [13.730249, 44.912214], [13.729254, 44.912175], [13.72901, 44.911444], [13.73011, 44.910357], [13.732286, 44.910257], [13.73319, 44.909795], [13.732879, 44.90729], [13.732145, 44.905974], [13.731891, 44.906167], [13.731755, 44.905895], [13.730716, 44.906026], [13.729717, 44.906678], [13.7292, 44.907864], [13.729605, 44.909428], [13.727667, 44.910458], [13.727557, 44.910152], [13.726931, 44.910099], [13.725909, 44.910633], [13.725451, 44.912051], [13.725389, 44.913011], [13.725873, 44.913485], [13.729573, 44.914322]]], [[[13.72798, 44.919638], [13.730159, 44.919276], [13.730434, 44.919604], [13.730561, 44.918387], [13.730006, 44.917565], [13.728618, 44.917509], [13.72725, 44.918206], [13.727173, 44.91934], [13.72798, 44.919638]]], [[[13.726564, 44.930153], [13.72658, 44.929545], [13.725859, 44.929206], [13.725585, 44.929648], [13.726564, 44.930153]]], [[[13.72387, 44.939411], [13.725339, 44.938819], [13.725614, 44.938309], [13.724689, 44.937375], [13.723511, 44.937249], [13.722895, 44.937669], [13.722683, 44.939028], [13.723011, 44.93934], [13.72387, 44.939411]]], [[[13.722786, 44.934243], [13.724032, 44.933949], [13.724162, 44.933435], [13.722753, 44.933058], [13.72223, 44.933193], [13.722136, 44.934033], [13.722786, 44.934243]]], [[[13.721971, 44.944334], [13.722542, 44.943767], [13.721494, 44.943528], [13.721178, 44.944099], [13.721971, 44.944334]]], [[[13.716591, 44.91531], [13.720141, 44.914921], [13.720416, 44.914438], [13.719067, 44.91419], [13.716786, 44.914261], [13.716561, 44.91397], [13.715371, 44.914886], [13.716591, 44.91531]]], [[[13.718268, 44.940573], [13.718396, 44.940022], [13.719588, 44.939237], [13.719805, 44.938674], [13.719713, 44.937436], [13.719133, 44.9369], [13.71767, 44.937245], [13.717159, 44.938107], [13.71794, 44.939769], [13.717263, 44.940509], [13.718268, 44.940573]]], [[[13.709984, 44.94468], [13.709107, 44.944867], [13.708639, 44.945318], [13.709228, 44.946036], [13.709991, 44.946007], [13.710869, 44.945468], [13.709984, 44.94468]]]]}, "properties": {"id": 1, "razina": "naselje", "name": "Pula", "jls_name": "Pula - Pola", "jls_maticni_broj": "03590", "zupanija": "Istarska", "area_km2": 53.8408, "stanovnistvo": 52220, "palette_idx": 0, "source": "DGU rpj:naselje"}}, {"type": "Feature", "id": 2, "geometry": {"type": "Polygon", "coordinates": [[[13.815667, 45.018996], [13.816844, 45.018078], [13.818149, 45.01857], [13.821462, 45.018864], [13.825067, 45.016938], [13.825796, 45.01499], [13.830543, 45.016788], [13.83341, 45.015113], [13.833956, 45.015425], [13.835405, 45.014956], [13.836948, 45.015055], [13.840056, 45.015764], [13.840668, 45.014988], [13.842034, 45.014338], [13.841585, 45.013672], [13.840128, 45.012985], [13.838307, 45.01141], [13.837246, 45.011135], [13.836844, 45.009137], [13.838396, 45.007788], [13.839542, 45.00604], [13.840707, 45.005734], [13.842007, 45.003803], [13.841284, 45.004206], [13.83912, 45.004518], [13.836873, 45.004099], [13.835206, 45.004146], [13.83109, 45.0017], [13.829362, 45.00143], [13.82942, 45.001086], [13.827419, 45.001134], [13.827354, 44.999985], [13.828366, 44.996706], [13.827747, 44.994656], [13.827896, 44.990835], [13.8274, 44.990834], [13.818509, 44.99951], [13.816002, 44.998865], [13.813745, 44.997691], [13.810629, 44.997115], [13.809073, 44.996169], [13.807762, 44.995915], [13.807745, 44.995503], [13.807322, 44.995351], [13.804815, 44.995304], [13.806248, 44.992404], [13.805186, 44.992132], [13.805418, 44.990734], [13.805007, 44.98745], [13.803968, 44.984088], [13.80229, 44.983068], [13.802132, 44.982141], [13.800723, 44.979758], [13.80117, 44.977738], [13.803348, 44.976449], [13.801709, 44.972579], [13.80016, 44.971255], [13.800337, 44.970464], [13.802151, 44.969526], [13.802852, 44.96848], [13.802161, 44.966854], [13.800925, 44.967009], [13.801052, 44.967274], [13.798294, 44.96734], [13.797973, 44.96834], [13.79725, 44.968382], [13.794666, 44.969542], [13.791735, 44.969991], [13.791192, 44.970372], [13.791323, 44.970989], [13.785989, 44.972133], [13.788302, 44.977604], [13.787035, 44.979271], [13.790829, 44.983757], [13.792009, 44.986238], [13.78911, 44.987454], [13.789068, 44.987799], [13.790182, 44.98778], [13.789644, 44.9889], [13.789373, 44.991331], [13.788398, 44.991653], [13.786861, 44.993697], [13.783202, 44.993027], [13.775574, 44.991015], [13.770739, 44.991189], [13.770587, 44.991486], [13.769688, 44.991576], [13.771382, 44.992455], [13.772393, 44.993718], [13.772284, 44.994854], [13.773292, 44.996113], [13.773492, 44.997177], [13.775989, 45.000413], [13.776091, 45.001833], [13.77773, 45.003054], [13.778438, 45.004325], [13.780019, 45.005711], [13.778008, 45.007221], [13.778732, 45.009094], [13.777482, 45.011358], [13.780217, 45.013141], [13.795489, 45.018963], [13.800478, 45.021603], [13.801886, 45.021758], [13.803306, 45.021666], [13.815667, 45.018996]]]}, "properties": {"id": 2, "razina": "naselje", "name": "Gajana", "jls_name": "Vodnjan - Dignano", "jls_maticni_broj": "05029", "zupanija": "Istarska", "area_km2": 14.9906, "stanovnistvo": 185, "palette_idx": 1, "source": "DGU rpj:naselje"}}, {"type": "Feature", "id": 3, "geometry": {"type": "Polygon", "coordinates": [[[13.912257, 44.931238], [13.911284, 44.928866], [13.910055, 44.928244], [13.909058, 44.927186], [13.906641, 44.925791], [13.903581, 44.924858], [13.902666, 44.923975], [13.900027, 44.922434], [13.898083, 44.920593], [13.894568, 44.918888], [13.893477, 44.915356], [13.892544, 44.914012], [13.891737, 44.913575], [13.891184, 44.912744], [13.889602, 44.91272], [13.887929, 44.910755], [13.885099, 44.908302], [13.88554, 44.907176], [13.888743, 44.906991], [13.889433, 44.908257], [13.893812, 44.908646], [13.89526, 44.907498], [13.893169, 44.906493], [13.89131, 44.903513], [13.889528, 44.902635], [13.888495, 44.903185], [13.884628, 44.90407], [13.88323, 44.903949], [13.883764, 44.901858], [13.878585, 44.900379], [13.874094, 44.900533], [13.872627, 44.901148], [13.872324, 44.902301], [13.872706, 44.903887], [13.875119, 44.90765], [13.87435, 44.907744], [13.873981, 44.90895], [13.868068, 44.90862], [13.867286, 44.908045], [13.866538, 44.907949], [13.860368, 44.909291], [13.858977, 44.909235], [13.856445, 44.910127], [13.855604, 44.908551], [13.855246, 44.906547], [13.850394, 44.907301], [13.848506, 44.907274], [13.848547, 44.907742], [13.848002, 44.907772], [13.847936, 44.907368], [13.847345, 44.907593], [13.84709, 44.906766], [13.843296, 44.907375], [13.841638, 44.906381], [13.839649, 44.906426], [13.838099, 44.911076], [13.835829, 44.914513], [13.836607, 44.916501], [13.837894, 44.919774], [13.835871, 44.922205], [13.835474, 44.923198], [13.836414, 44.923898], [13.837863, 44.924229], [13.8383, 44.922997], [13.838782, 44.923157], [13.839869, 44.922919], [13.841879, 44.924212], [13.843703, 44.927587], [13.843447, 44.929854], [13.843883, 44.930428], [13.842865, 44.930682], [13.846455, 44.938962], [13.852707, 44.937825], [13.855718, 44.939014], [13.858359, 44.944714], [13.859428, 44.944484], [13.859967, 44.945261], [13.861245, 44.945779], [13.86212, 44.945625], [13.863117, 44.945855], [13.86343, 44.945377], [13.864846, 44.945078], [13.864384, 44.945646], [13.864686, 44.946085], [13.866348, 44.945656], [13.867353, 44.947707], [13.867001, 44.947793], [13.869095, 44.949809], [13.870892, 44.94953], [13.870965, 44.950077], [13.872973, 44.951416], [13.873781, 44.951296], [13.874072, 44.952306], [13.875161, 44.952107], [13.875993, 44.953162], [13.877593, 44.953968], [13.881509, 44.954279], [13.882299, 44.953785], [13.882863, 44.95433], [13.89377, 44.954791], [13.896472, 44.954139], [13.91164, 44.953844], [13.911652, 44.954246], [13.912217, 44.954273], [13.912638, 44.954921], [13.91335, 44.954958], [13.918248, 44.956796], [13.918615, 44.957439], [13.920164, 44.957695], [13.924943, 44.956762], [13.923015, 44.952098], [13.921758, 44.946892], [13.920944, 44.945931], [13.921493, 44.94554], [13.920327, 44.94425], [13.919827, 44.942899], [13.919089, 44.942998], [13.918497, 44.94172], [13.917883, 44.941329], [13.915391, 44.940889], [13.912893, 44.94089], [13.910864, 44.93657], [13.909516, 44.932469], [13.909932, 44.931752], [13.912257, 44.931238]]]}, "properties": {"id": 3, "razina": "naselje", "name": "Galižana", "jls_name": "Vodnjan - Dignano", "jls_maticni_broj": "05029", "zupanija": "Istarska", "area_km2": 25.1266, "stanovnistvo": 1620, "palette_idx": 1, "source": "DGU rpj:naselje"}}, {"type": "Feature", "id": 4, "geometry": {"type": "Polygon", "coordinates": [[[13.790651, 44.939884], [13.789591, 44.940988], [13.788867, 44.945258], [13.788424, 44.946054], [13.784071, 44.949077], [13.783532, 44.948898], [13.783955, 44.949323], [13.78339, 44.950449], [13.781889, 44.951537], [13.783333, 44.953545], [13.785769, 44.95527], [13.785645, 44.955965], [13.784773, 44.956492], [13.783976, 44.955622], [13.784119, 44.956711], [13.781019, 44.957775], [13.780665, 44.958381], [13.78111, 44.958821], [13.7807, 44.960233], [13.776812, 44.961642], [13.775925, 44.963128], [13.774782, 44.963773], [13.773272, 44.965471], [13.770656, 44.966508], [13.769707, 44.9686], [13.767362, 44.970728], [13.767148, 44.971132], [13.767518, 44.971802], [13.766364, 44.973876], [13.765198, 44.974555], [13.764692, 44.975799], [13.76502, 44.976628], [13.765533, 44.976787], [13.765645, 44.977886], [13.764984, 44.979437], [13.762435, 44.980473], [13.760896, 44.983256], [13.762261, 44.984789], [13.761509, 44.984767], [13.763294, 44.985233], [13.763696, 44.985543], [13.763514, 44.985804], [13.759457, 44.986139], [13.756527, 44.987183], [13.754401, 44.985367], [13.753256, 44.985251], [13.750262, 44.985893], [13.747478, 44.986022], [13.746558, 44.985941], [13.745726, 44.985327], [13.744867, 44.98531], [13.74372, 44.986006], [13.742766, 44.987273], [13.741406, 44.987591], [13.738029, 44.986254], [13.738653, 44.985914], [13.737938, 44.986177], [13.736346, 44.985347], [13.736446, 44.985617], [13.735362, 44.985827], [13.737505, 44.988366], [13.737102, 44.988661], [13.740395, 44.992185], [13.74035, 44.992561], [13.741015, 44.993075], [13.745779, 44.994827], [13.746046, 44.995566], [13.746622, 44.995749], [13.7481, 44.997504], [13.749406, 44.997748], [13.7511, 44.998697], [13.751905, 44.998749], [13.755276, 45.000713], [13.755865, 45.000533], [13.76082, 45.004217], [13.763202, 45.00394], [13.763805, 45.00471], [13.765029, 45.004376], [13.767244, 45.005207], [13.767812, 45.004316], [13.777482, 45.011358], [13.778732, 45.009094], [13.778008, 45.007221], [13.780019, 45.005711], [13.778438, 45.004325], [13.77773, 45.003054], [13.776091, 45.001833], [13.775989, 45.000413], [13.773492, 44.997177], [13.773292, 44.996113], [13.772284, 44.994854], [13.772393, 44.993718], [13.771382, 44.992455], [13.769688, 44.991576], [13.770587, 44.991486], [13.770739, 44.991189], [13.775574, 44.991015], [13.783202, 44.993027], [13.786861, 44.993697], [13.788398, 44.991653], [13.789373, 44.991331], [13.789644, 44.9889], [13.790182, 44.98778], [13.789068, 44.987799], [13.78911, 44.987454], [13.792009, 44.986238], [13.790829, 44.983757], [13.787035, 44.979271], [13.788302, 44.977604], [13.785989, 44.972133], [13.791323, 44.970989], [13.791192, 44.970372], [13.791735, 44.969991], [13.794666, 44.969542], [13.79725, 44.968382], [13.797973, 44.96834], [13.798294, 44.96734], [13.801052, 44.967274], [13.800925, 44.967009], [13.802161, 44.966854], [13.804052, 44.966707], [13.806243, 44.967003], [13.805866, 44.966076], [13.808588, 44.965278], [13.808508, 44.964715], [13.809969, 44.964483], [13.809555, 44.963228], [13.811232, 44.963151], [13.809586, 44.961194], [13.808665, 44.960718], [13.817267, 44.958733], [13.817438, 44.95903], [13.818723, 44.958657], [13.820583, 44.958917], [13.820679, 44.95865], [13.819933, 44.954676], [13.816665, 44.947295], [13.814256, 44.946146], [13.813549, 44.946164], [13.811351, 44.944396], [13.808882, 44.938749], [13.807531, 44.939537], [13.805991, 44.941152], [13.790651, 44.939884]]]}, "properties": {"id": 4, "razina": "naselje", "name": "Peroj", "jls_name": "Vodnjan - Dignano", "jls_maticni_broj": "05029", "zupanija": "Istarska", "area_km2": 17.172, "stanovnistvo": 900, "palette_idx": 3, "source": "DGU rpj:naselje"}}, {"type": "Feature", "id": 5, "geometry": {"type": "Polygon", "coordinates": [[[13.896944, 45.003863], [13.898508, 45.003344], [13.900198, 45.002275], [13.90116, 45.002905], [13.902542, 45.002821], [13.903162, 45.003083], [13.908609, 45.001355], [13.91043, 45.001663], [13.910962, 45.001257], [13.910855, 45.000556], [13.908635, 44.995751], [13.905088, 44.992563], [13.903053, 44.990054], [13.900696, 44.988478], [13.89901, 44.986853], [13.893587, 44.983524], [13.890551, 44.975891], [13.891908, 44.976368], [13.893097, 44.976425], [13.897155, 44.978159], [13.898623, 44.977947], [13.900653, 44.978624], [13.903778, 44.978886], [13.904824, 44.97855], [13.905146, 44.977631], [13.905975, 44.977104], [13.900625, 44.973246], [13.90091, 44.971308], [13.89942, 44.969169], [13.900072, 44.968747], [13.901699, 44.968801], [13.903515, 44.969354], [13.906812, 44.968878], [13.907752, 44.969053], [13.909545, 44.970063], [13.914687, 44.971746], [13.917484, 44.971613], [13.919688, 44.97288], [13.921063, 44.973126], [13.921236, 44.970741], [13.923165, 44.968385], [13.923013, 44.96783], [13.921753, 44.966421], [13.92111, 44.964506], [13.917315, 44.96247], [13.916475, 44.960407], [13.918162, 44.958878], [13.920164, 44.957695], [13.918615, 44.957439], [13.918248, 44.956796], [13.91335, 44.954958], [13.912638, 44.954921], [13.912217, 44.954273], [13.911652, 44.954246], [13.91164, 44.953844], [13.896472, 44.954139], [13.89377, 44.954791], [13.882863, 44.95433], [13.882299, 44.953785], [13.881509, 44.954279], [13.877593, 44.953968], [13.875993, 44.953162], [13.875161, 44.952107], [13.874072, 44.952306], [13.873781, 44.951296], [13.872973, 44.951416], [13.870965, 44.950077], [13.870892, 44.94953], [13.869095, 44.949809], [13.867001, 44.947793], [13.867353, 44.947707], [13.866348, 44.945656], [13.864686, 44.946085], [13.864384, 44.945646], [13.864846, 44.945078], [13.86343, 44.945377], [13.863117, 44.945855], [13.86212, 44.945625], [13.861245, 44.945779], [13.859967, 44.945261], [13.859428, 44.944484], [13.858359, 44.944714], [13.855718, 44.939014], [13.852707, 44.937825], [13.846455, 44.938962], [13.842339, 44.939844], [13.840814, 44.940313], [13.840914, 44.94057], [13.838776, 44.940677], [13.829448, 44.942732], [13.83, 44.944894], [13.831185, 44.946452], [13.831373, 44.947481], [13.832457, 44.948016], [13.832339, 44.948312], [13.831796, 44.948348], [13.831839, 44.948875], [13.828945, 44.949558], [13.830104, 44.951219], [13.829956, 44.952183], [13.830662, 44.952403], [13.830407, 44.952798], [13.831004, 44.953079], [13.831021, 44.954917], [13.829639, 44.955734], [13.829708, 44.956108], [13.82681, 44.956933], [13.826545, 44.956668], [13.825392, 44.956954], [13.825158, 44.957365], [13.823774, 44.957502], [13.823888, 44.957884], [13.821218, 44.958002], [13.821221, 44.958737], [13.820679, 44.95865], [13.820583, 44.958917], [13.818723, 44.958657], [13.817438, 44.95903], [13.817267, 44.958733], [13.808665, 44.960718], [13.809586, 44.961194], [13.811232, 44.963151], [13.809555, 44.963228], [13.809969, 44.964483], [13.808508, 44.964715], [13.808588, 44.965278], [13.805866, 44.966076], [13.806243, 44.967003], [13.804052, 44.966707], [13.802161, 44.966854], [13.802852, 44.96848], [13.802151, 44.969526], [13.800337, 44.970464], [13.80016, 44.971255], [13.801709, 44.972579], [13.803348, 44.976449], [13.80117, 44.977738], [13.800723, 44.979758], [13.802132, 44.982141], [13.80229, 44.983068], [13.803968, 44.984088], [13.805007, 44.98745], [13.805418, 44.990734], [13.805186, 44.992132], [13.806248, 44.992404], [13.804815, 44.995304], [13.807322, 44.995351], [13.807745, 44.995503], [13.807762, 44.995915], [13.809073, 44.996169], [13.810629, 44.997115], [13.813745, 44.997691], [13.816002, 44.998865], [13.818509, 44.99951], [13.8274, 44.990834], [13.827896, 44.990835], [13.827747, 44.994656], [13.828366, 44.996706], [13.827354, 44.999985], [13.827419, 45.001134], [13.82942, 45.001086], [13.829362, 45.00143], [13.83109, 45.0017], [13.835206, 45.004146], [13.836873, 45.004099], [13.83912, 45.004518], [13.841284, 45.004206], [13.842007, 45.003803], [13.842757, 45.00304], [13.84563, 45.001927], [13.847908, 45.000475], [13.849132, 44.99871], [13.851728, 44.996246], [13.852198, 44.993655], [13.851781, 44.990891], [13.855464, 44.990263], [13.855392, 44.989875], [13.856116, 44.989931], [13.857265, 44.98943], [13.857005, 44.988803], [13.858599, 44.988698], [13.859395, 44.988224], [13.863553, 44.987907], [13.864003, 44.987366], [13.86375, 44.98684], [13.867194, 44.986375], [13.866717, 44.98509], [13.870796, 44.984281], [13.870661, 44.983678], [13.873586, 44.983207], [13.877081, 44.987629], [13.878456, 44.988454], [13.87858, 44.989313], [13.877643, 44.989349], [13.877744, 44.989634], [13.881341, 44.991621], [13.883203, 44.994469], [13.886478, 44.996228], [13.889811, 44.995396], [13.890904, 44.998661], [13.892609, 44.999672], [13.894475, 45.002135], [13.896944, 45.003863]]]}, "properties": {"id": 5, "razina": "naselje", "name": "Vodnjan", "jls_name": "Vodnjan - Dignano", "jls_maticni_broj": "05029", "zupanija": "Istarska", "area_km2": 41.3292, "stanovnistvo": 3133, "palette_idx": 0, "source": "DGU rpj:naselje"}}, {"type": "Feature", "id": 6, "geometry": {"type": "Polygon", "coordinates": [[[13.790651, 44.939884], [13.805991, 44.941152], [13.807531, 44.939537], [13.808882, 44.938749], [13.811351, 44.944396], [13.813549, 44.946164], [13.814256, 44.946146], [13.816665, 44.947295], [13.819933, 44.954676], [13.820679, 44.95865], [13.821221, 44.958737], [13.821218, 44.958002], [13.823888, 44.957884], [13.823774, 44.957502], [13.825158, 44.957365], [13.825392, 44.956954], [13.826545, 44.956668], [13.82681, 44.956933], [13.829708, 44.956108], [13.829639, 44.955734], [13.831021, 44.954917], [13.831004, 44.953079], [13.830407, 44.952798], [13.830662, 44.952403], [13.829956, 44.952183], [13.830104, 44.951219], [13.828945, 44.949558], [13.831839, 44.948875], [13.831796, 44.948348], [13.832339, 44.948312], [13.832457, 44.948016], [13.831373, 44.947481], [13.831185, 44.946452], [13.83, 44.944894], [13.829448, 44.942732], [13.838776, 44.940677], [13.840914, 44.94057], [13.840814, 44.940313], [13.842339, 44.939844], [13.846455, 44.938962], [13.842865, 44.930682], [13.843883, 44.930428], [13.843447, 44.929854], [13.843703, 44.927587], [13.841879, 44.924212], [13.839869, 44.922919], [13.838782, 44.923157], [13.8383, 44.922997], [13.837863, 44.924229], [13.836414, 44.923898], [13.835474, 44.923198], [13.835871, 44.922205], [13.837894, 44.919774], [13.836607, 44.916501], [13.834875, 44.917774], [13.828614, 44.919714], [13.829776, 44.922665], [13.821321, 44.92448], [13.819996, 44.920826], [13.81853, 44.919031], [13.816369, 44.921996], [13.811639, 44.919866], [13.809254, 44.919722], [13.80896, 44.919924], [13.807183, 44.919515], [13.802716, 44.917785], [13.802673, 44.918836], [13.801542, 44.919947], [13.801523, 44.921259], [13.801083, 44.921217], [13.801605, 44.921318], [13.801554, 44.922186], [13.800869, 44.922871], [13.801538, 44.923499], [13.801433, 44.924956], [13.802406, 44.925563], [13.802769, 44.926481], [13.802558, 44.927182], [13.801386, 44.926991], [13.802527, 44.927255], [13.802039, 44.927627], [13.802453, 44.927784], [13.802298, 44.928184], [13.801488, 44.928076], [13.800862, 44.927457], [13.801138, 44.927938], [13.801859, 44.928295], [13.801749, 44.930769], [13.800959, 44.931194], [13.799692, 44.932654], [13.797786, 44.933444], [13.795848, 44.936585], [13.794987, 44.937163], [13.794734, 44.936939], [13.794754, 44.937309], [13.794091, 44.93728], [13.792694, 44.938321], [13.792469, 44.938175], [13.790651, 44.939884]]]}, "properties": {"id": 6, "razina": "naselje", "name": "Fažana", "jls_name": "Fažana - Fasana", "jls_maticni_broj": "06190", "zupanija": "Istarska", "area_km2": 9.8841, "stanovnistvo": 1788, "palette_idx": 2, "source": "DGU rpj:naselje"}}, {"type": "Feature", "id": 7, "geometry": {"type": "Polygon", "coordinates": [[[13.835829, 44.914513], [13.829758, 44.901097], [13.823372, 44.905428], [13.818425, 44.906502], [13.816241, 44.905617], [13.812456, 44.905295], [13.810605, 44.905817], [13.811107, 44.906816], [13.811478, 44.906629], [13.811111, 44.90612], [13.812246, 44.906642], [13.813153, 44.908072], [13.812763, 44.908403], [13.812366, 44.908218], [13.811969, 44.908649], [13.811452, 44.90843], [13.80926, 44.90944], [13.808966, 44.909872], [13.809361, 44.909929], [13.809363, 44.911173], [13.809808, 44.911364], [13.809369, 44.911842], [13.809845, 44.911449], [13.81055, 44.911668], [13.811897, 44.912364], [13.812476, 44.913228], [13.8146, 44.914359], [13.813411, 44.914597], [13.812254, 44.913533], [13.811225, 44.913707], [13.809442, 44.91302], [13.808866, 44.912551], [13.809263, 44.911969], [13.808288, 44.912531], [13.806435, 44.912728], [13.804071, 44.914453], [13.804026, 44.915372], [13.802716, 44.917785], [13.807183, 44.919515], [13.80896, 44.919924], [13.809254, 44.919722], [13.811639, 44.919866], [13.816369, 44.921996], [13.81853, 44.919031], [13.819996, 44.920826], [13.821321, 44.92448], [13.829776, 44.922665], [13.828614, 44.919714], [13.834875, 44.917774], [13.836607, 44.916501], [13.835829, 44.914513]]]}, "properties": {"id": 7, "razina": "naselje", "name": "Valbandon", "jls_name": "Fažana - Fasana", "jls_maticni_broj": "06190", "zupanija": "Istarska", "area_km2": 3.7597, "stanovnistvo": 1675, "palette_idx": 3, "source": "DGU rpj:naselje"}}, {"type": "Feature", "id": 8, "geometry": {"type": "MultiPolygon", "coordinates": [[[[13.899137, 44.812993], [13.898951, 44.812305], [13.899897, 44.808326], [13.899095, 44.808048], [13.89799, 44.808133], [13.892459, 44.809819], [13.888773, 44.808526], [13.886667, 44.809018], [13.885877, 44.810399], [13.885359, 44.809565], [13.882343, 44.80794], [13.882185, 44.807261], [13.880051, 44.805617], [13.878328, 44.806249], [13.874556, 44.804668], [13.873063, 44.804973], [13.873025, 44.805786], [13.874558, 44.806897], [13.878255, 44.808048], [13.878576, 44.808799], [13.878325, 44.810372], [13.877416, 44.809095], [13.875492, 44.808776], [13.873524, 44.809169], [13.872609, 44.808826], [13.871712, 44.808886], [13.87057, 44.810368], [13.8692, 44.808698], [13.867843, 44.80841], [13.865865, 44.809318], [13.864668, 44.810305], [13.864326, 44.81103], [13.862254, 44.811838], [13.862025, 44.812453], [13.862298, 44.813582], [13.863407, 44.814714], [13.8646, 44.815224], [13.865639, 44.815176], [13.864809, 44.815564], [13.864581, 44.816171], [13.865565, 44.817021], [13.865475, 44.817325], [13.865791, 44.81747], [13.865661, 44.817146], [13.866009, 44.817131], [13.872506, 44.818792], [13.874363, 44.819687], [13.874344, 44.820209], [13.874941, 44.820569], [13.874767, 44.821008], [13.872921, 44.820888], [13.869533, 44.822098], [13.867375, 44.822125], [13.865991, 44.820988], [13.865751, 44.821155], [13.865099, 44.820933], [13.865183, 44.820196], [13.865023, 44.820934], [13.864591, 44.820702], [13.864738, 44.819828], [13.864335, 44.81909], [13.8619, 44.816034], [13.860567, 44.815563], [13.858736, 44.815853], [13.856539, 44.815552], [13.854802, 44.816125], [13.853374, 44.817769], [13.853602, 44.81821], [13.85673, 44.820241], [13.8565, 44.821128], [13.855829, 44.821487], [13.854272, 44.821592], [13.851122, 44.821319], [13.850311, 44.822028], [13.848058, 44.822846], [13.846405, 44.825597], [13.846128, 44.827248], [13.847155, 44.828256], [13.849849, 44.82819], [13.850716, 44.82759], [13.851436, 44.826276], [13.851968, 44.826207], [13.852718, 44.827012], [13.852812, 44.827754], [13.854297, 44.828877], [13.856164, 44.828718], [13.857129, 44.827345], [13.857877, 44.826963], [13.858326, 44.827135], [13.858452, 44.827856], [13.859175, 44.828656], [13.8601, 44.828735], [13.86136, 44.828286], [13.86227, 44.829143], [13.863659, 44.829436], [13.865815, 44.829165], [13.866845, 44.829537], [13.867496, 44.830588], [13.869155, 44.829672], [13.870987, 44.829288], [13.87182, 44.829714], [13.872591, 44.829382], [13.874109, 44.829587], [13.875746, 44.82846], [13.877838, 44.828231], [13.87917, 44.828779], [13.879469, 44.827529], [13.878683, 44.82536], [13.879056, 44.823797], [13.88231, 44.819536], [13.883972, 44.818026], [13.883795, 44.817394], [13.880873, 44.815147], [13.881196, 44.814397], [13.882393, 44.813962], [13.886004, 44.814721], [13.887895, 44.814186], [13.892378, 44.813936], [13.89381, 44.814305], [13.894058, 44.813984], [13.893379, 44.812987], [13.893583, 44.812454], [13.894287, 44.812147], [13.897477, 44.812368], [13.899137, 44.812993]]], [[[13.845812, 44.822174], [13.847188, 44.821763], [13.847746, 44.820244], [13.849786, 44.819107], [13.849574, 44.817739], [13.849007, 44.817783], [13.846885, 44.819484], [13.844467, 44.820695], [13.843539, 44.821492], [13.843241, 44.822338], [13.84363, 44.822539], [13.845812, 44.822174]]], [[[13.842291, 44.8242], [13.843292, 44.823519], [13.841935, 44.82275], [13.841072, 44.82321], [13.8406, 44.824028], [13.842291, 44.8242]]]]}, "properties": {"id": 8, "razina": "naselje", "name": "Banjole", "jls_name": "Medulin", "jls_maticni_broj": "02631", "zupanija": "Istarska", "area_km2": 5.1943, "stanovnistvo": 958, "palette_idx": 2, "source": "DGU rpj:naselje"}}, {"type": "Feature", "id": 9, "geometry": {"type": "MultiPolygon", "coordinates": [[[[13.914214, 44.857597], [13.917663, 44.856924], [13.917861, 44.857649], [13.920799, 44.857131], [13.920658, 44.85634], [13.922636, 44.855954], [13.922273, 44.854003], [13.922617, 44.852984], [13.92222, 44.85306], [13.922045, 44.852702], [13.921763, 44.849841], [13.920957, 44.85002], [13.920971, 44.848726], [13.920147, 44.848731], [13.920416, 44.847975], [13.92392, 44.845735], [13.926859, 44.843038], [13.928539, 44.841973], [13.935435, 44.83932], [13.942941, 44.837238], [13.942201, 44.835939], [13.942007, 44.834412], [13.942647, 44.833097], [13.942663, 44.831395], [13.945407, 44.830697], [13.9477, 44.829671], [13.946927, 44.828158], [13.947191, 44.826582], [13.946851, 44.82517], [13.950287, 44.824433], [13.952407, 44.822604], [13.958387, 44.821094], [13.960295, 44.819181], [13.960379, 44.817577], [13.959967, 44.815733], [13.960457, 44.814914], [13.961415, 44.814553], [13.961756, 44.815207], [13.96605, 44.813928], [13.965706, 44.813145], [13.965127, 44.813311], [13.964305, 44.811552], [13.966261, 44.810681], [13.966462, 44.810173], [13.965438, 44.803597], [13.963564, 44.803403], [13.96242, 44.803688], [13.958828, 44.805404], [13.955187, 44.804845], [13.952686, 44.803529], [13.95027, 44.803288], [13.94775, 44.803551], [13.94691, 44.80439], [13.943485, 44.805775], [13.943538, 44.806285], [13.942696, 44.807554], [13.942968, 44.809107], [13.941061, 44.810478], [13.941175, 44.81077], [13.939926, 44.811473], [13.938294, 44.811642], [13.937665, 44.812292], [13.936382, 44.812592], [13.934307, 44.813955], [13.93158, 44.813367], [13.929654, 44.811879], [13.930502, 44.810974], [13.93049, 44.809824], [13.932558, 44.809381], [13.929674, 44.805751], [13.929915, 44.805189], [13.930842, 44.805125], [13.931512, 44.804744], [13.931652, 44.803597], [13.930798, 44.803193], [13.929559, 44.803144], [13.928997, 44.804029], [13.929682, 44.805223], [13.928152, 44.805841], [13.927715, 44.806771], [13.926609, 44.807986], [13.926312, 44.807942], [13.927888, 44.810095], [13.928203, 44.814306], [13.929248, 44.814275], [13.929602, 44.814935], [13.929829, 44.814675], [13.930368, 44.814944], [13.932066, 44.814988], [13.933759, 44.816406], [13.933927, 44.81706], [13.933173, 44.816931], [13.933881, 44.817109], [13.933786, 44.817323], [13.933064, 44.817157], [13.933775, 44.817338], [13.93364, 44.817558], [13.932922, 44.81739], [13.93363, 44.817572], [13.933473, 44.817831], [13.932735, 44.817626], [13.933463, 44.817848], [13.933312, 44.818086], [13.932354, 44.817795], [13.933138, 44.818054], [13.93225, 44.819276], [13.93079, 44.818603], [13.931756, 44.819236], [13.931829, 44.819692], [13.930595, 44.819737], [13.929827, 44.820088], [13.929023, 44.81969], [13.929582, 44.81922], [13.929197, 44.819062], [13.92907, 44.817985], [13.927687, 44.816518], [13.925219, 44.816226], [13.922389, 44.816324], [13.92177, 44.817105], [13.921428, 44.818863], [13.922401, 44.820306], [13.92348, 44.821104], [13.925395, 44.819885], [13.926798, 44.819675], [13.928255, 44.820165], [13.928348, 44.821429], [13.926346, 44.822332], [13.92488, 44.822499], [13.925268, 44.82272], [13.924706, 44.824349], [13.923794, 44.824952], [13.923911, 44.825727], [13.923447, 44.825391], [13.921894, 44.825148], [13.920095, 44.825321], [13.918994, 44.825925], [13.918068, 44.827455], [13.917155, 44.82747], [13.9183, 44.82861], [13.918409, 44.830063], [13.919994, 44.831999], [13.918689, 44.83347], [13.918201, 44.834908], [13.916647, 44.836923], [13.915334, 44.837847], [13.916195, 44.838544], [13.916471, 44.839518], [13.913711, 44.842848], [13.909929, 44.845196], [13.904003, 44.846438], [13.904614, 44.848888], [13.906492, 44.853144], [13.909084, 44.854632], [13.913574, 44.856451], [13.914214, 44.857597]]], [[[13.949091, 44.794254], [13.950002, 44.793239], [13.949807, 44.790664], [13.948277, 44.789882], [13.945718, 44.790368], [13.945581, 44.791388], [13.94723, 44.793784], [13.949091, 44.794254]]]]}, "properties": {"id": 9, "razina": "naselje", "name": "Medulin", "jls_name": "Medulin", "jls_maticni_broj": "02631", "zupanija": "Istarska", "area_km2": 11.0352, "stanovnistvo": 2830, "palette_idx": 2, "source": "DGU rpj:naselje"}}, {"type": "Feature", "id": 10, "geometry": {"type": "Polygon", "coordinates": [[[13.844362, 44.837965], [13.844234, 44.83896], [13.84356, 44.839359], [13.845149, 44.840524], [13.844965, 44.840845], [13.845356, 44.841285], [13.848095, 44.842263], [13.849572, 44.842406], [13.85151, 44.842141], [13.852561, 44.841252], [13.852729, 44.842055], [13.853499, 44.842675], [13.854206, 44.841379], [13.855605, 44.840906], [13.856504, 44.8399], [13.856312, 44.839406], [13.857021, 44.837374], [13.856259, 44.837031], [13.856042, 44.835819], [13.85518, 44.834461], [13.855895, 44.832582], [13.855092, 44.832696], [13.853667, 44.832228], [13.85281, 44.832498], [13.852418, 44.831517], [13.851396, 44.830946], [13.848885, 44.831113], [13.84607, 44.830734], [13.844017, 44.831405], [13.843652, 44.83179], [13.843604, 44.833265], [13.84411, 44.834462], [13.845302, 44.835505], [13.844823, 44.836404], [13.845606, 44.835969], [13.847251, 44.837039], [13.846912, 44.837599], [13.844362, 44.837965]]]}, "properties": {"id": 10, "razina": "naselje", "name": "Pješčana Uvala", "jls_name": "Medulin", "jls_maticni_broj": "02631", "zupanija": "Istarska", "area_km2": 1.0451, "stanovnistvo": 565, "palette_idx": 2, "source": "DGU rpj:naselje"}}, {"type": "Feature", "id": 11, "geometry": {"type": "MultiPolygon", "coordinates": [[[[13.904003, 44.846438], [13.909929, 44.845196], [13.913711, 44.842848], [13.916471, 44.839518], [13.916195, 44.838544], [13.915334, 44.837847], [13.916647, 44.836923], [13.918201, 44.834908], [13.918689, 44.83347], [13.919994, 44.831999], [13.918409, 44.830063], [13.9183, 44.82861], [13.917155, 44.82747], [13.916704, 44.827467], [13.915671, 44.828468], [13.915085, 44.828579], [13.9146, 44.829271], [13.910857, 44.829603], [13.909833, 44.830096], [13.908825, 44.830034], [13.908773, 44.829483], [13.909516, 44.828383], [13.909029, 44.827695], [13.909801, 44.827579], [13.910054, 44.82723], [13.90993, 44.826219], [13.910509, 44.824718], [13.909411, 44.823002], [13.908334, 44.822145], [13.907943, 44.822157], [13.907723, 44.823033], [13.906981, 44.823728], [13.905287, 44.823428], [13.901959, 44.824349], [13.898545, 44.824485], [13.898461, 44.824209], [13.899309, 44.823622], [13.899682, 44.824042], [13.899409, 44.823576], [13.900063, 44.823998], [13.899635, 44.823615], [13.900074, 44.823331], [13.900513, 44.823765], [13.900095, 44.823283], [13.901004, 44.822346], [13.902216, 44.822788], [13.901241, 44.822297], [13.901475, 44.822039], [13.902475, 44.822494], [13.901497, 44.822015], [13.901726, 44.821756], [13.902773, 44.822196], [13.901737, 44.821741], [13.902049, 44.821404], [13.903083, 44.821839], [13.902068, 44.821386], [13.902451, 44.820962], [13.903513, 44.82145], [13.903699, 44.821931], [13.903552, 44.821436], [13.902471, 44.820934], [13.902959, 44.820747], [13.902511, 44.818444], [13.901112, 44.817708], [13.899103, 44.81778], [13.898145, 44.819096], [13.896158, 44.820422], [13.893821, 44.820532], [13.89282, 44.822723], [13.889481, 44.824482], [13.887128, 44.823626], [13.884829, 44.82428], [13.883994, 44.824007], [13.882529, 44.821723], [13.882915, 44.820375], [13.884843, 44.819367], [13.887393, 44.81884], [13.887833, 44.817082], [13.891968, 44.816089], [13.893031, 44.816238], [13.894736, 44.817162], [13.895855, 44.817189], [13.898304, 44.816859], [13.899774, 44.8162], [13.900101, 44.815614], [13.899137, 44.812993], [13.897477, 44.812368], [13.894287, 44.812147], [13.893583, 44.812454], [13.893379, 44.812987], [13.894058, 44.813984], [13.89381, 44.814305], [13.892378, 44.813936], [13.887895, 44.814186], [13.886004, 44.814721], [13.882393, 44.813962], [13.881196, 44.814397], [13.880873, 44.815147], [13.883795, 44.817394], [13.883972, 44.818026], [13.88231, 44.819536], [13.879056, 44.823797], [13.878683, 44.82536], [13.879469, 44.827529], [13.87917, 44.828779], [13.878744, 44.831452], [13.874743, 44.836261], [13.873969, 44.838007], [13.87935, 44.838742], [13.882012, 44.839491], [13.883107, 44.838807], [13.883824, 44.837439], [13.886957, 44.83689], [13.888552, 44.837541], [13.89012, 44.837476], [13.891033, 44.836983], [13.89144, 44.837243], [13.892756, 44.836942], [13.895251, 44.835653], [13.895984, 44.836085], [13.896086, 44.836934], [13.898318, 44.837981], [13.898917, 44.837895], [13.899483, 44.838399], [13.900156, 44.838301], [13.901513, 44.839611], [13.900633, 44.84018], [13.900458, 44.840784], [13.903778, 44.8418], [13.904003, 44.846438]]], [[[13.91342, 44.825372], [13.914077, 44.825104], [13.914011, 44.824654], [13.913614, 44.824305], [13.912667, 44.824172], [13.91217, 44.824908], [13.91342, 44.825372]]]]}, "properties": {"id": 11, "razina": "naselje", "name": "Pomer", "jls_name": "Medulin", "jls_maticni_broj": "02631", "zupanija": "Istarska", "area_km2": 6.442, "stanovnistvo": 491, "palette_idx": 1, "source": "DGU rpj:naselje"}}, {"type": "Feature", "id": 12, "geometry": {"type": "MultiPolygon", "coordinates": [[[[13.949306, 44.772555], [13.948451, 44.770341], [13.946945, 44.76962], [13.945704, 44.770002], [13.945611, 44.769783], [13.94515, 44.770559], [13.945144, 44.772022], [13.944342, 44.77238], [13.94474, 44.774708], [13.946297, 44.775312], [13.946926, 44.774729], [13.94734, 44.773561], [13.948543, 44.773188], [13.949306, 44.772555]]], [[[13.934553, 44.788199], [13.935707, 44.787948], [13.936974, 44.786785], [13.936833, 44.786242], [13.935915, 44.785996], [13.935268, 44.78416], [13.932973, 44.783305], [13.931969, 44.783705], [13.931731, 44.783505], [13.931121, 44.783938], [13.930788, 44.783794], [13.930177, 44.785228], [13.930451, 44.786216], [13.932145, 44.787077], [13.932, 44.787332], [13.93218, 44.787075], [13.933165, 44.787859], [13.934553, 44.788199]]], [[[13.926867, 44.779199], [13.927409, 44.778867], [13.926312, 44.777882], [13.926052, 44.778082], [13.925546, 44.7779], [13.924939, 44.778274], [13.925049, 44.778733], [13.926867, 44.779199]]], [[[13.925962, 44.792448], [13.925415, 44.792353], [13.92474, 44.792656], [13.92438, 44.793216], [13.924653, 44.793639], [13.925495, 44.793902], [13.926427, 44.793654], [13.926662, 44.793161], [13.925962, 44.792448]]], [[[13.899897, 44.808326], [13.898951, 44.812305], [13.899137, 44.812993], [13.900101, 44.815614], [13.901106, 44.814949], [13.903311, 44.814625], [13.907234, 44.815272], [13.913003, 44.814535], [13.913753, 44.814015], [13.914326, 44.812787], [13.91722, 44.812396], [13.918168, 44.811965], [13.918269, 44.811031], [13.916275, 44.80979], [13.916051, 44.808668], [13.916882, 44.808942], [13.916776, 44.809284], [13.916978, 44.808911], [13.918321, 44.809149], [13.91953, 44.808823], [13.919856, 44.808011], [13.918733, 44.806435], [13.918768, 44.805919], [13.919797, 44.805282], [13.923279, 44.804135], [13.924375, 44.803275], [13.924347, 44.802692], [13.923278, 44.801758], [13.922432, 44.80142], [13.920453, 44.801511], [13.919894, 44.800855], [13.920912, 44.799139], [13.919428, 44.79785], [13.919431, 44.797256], [13.919654, 44.796973], [13.921095, 44.796718], [13.921388, 44.795942], [13.920023, 44.795463], [13.919644, 44.796309], [13.918663, 44.796191], [13.917403, 44.794995], [13.917858, 44.794062], [13.91779, 44.793156], [13.916709, 44.792365], [13.914389, 44.793069], [13.913771, 44.792787], [13.914738, 44.790979], [13.914, 44.789346], [13.915814, 44.787434], [13.915987, 44.78585], [13.916479, 44.7855], [13.917487, 44.785419], [13.918644, 44.786253], [13.919426, 44.78576], [13.919212, 44.785323], [13.918447, 44.785063], [13.91741, 44.785164], [13.916786, 44.783688], [13.917298, 44.782519], [13.917911, 44.782099], [13.919789, 44.78183], [13.920294, 44.78141], [13.920337, 44.780516], [13.919305, 44.778855], [13.918458, 44.778584], [13.916726, 44.779024], [13.916844, 44.778398], [13.913777, 44.777269], [13.912975, 44.776644], [13.912413, 44.775579], [13.913313, 44.774563], [13.91409, 44.77452], [13.917296, 44.775284], [13.919973, 44.776921], [13.920925, 44.777126], [13.921798, 44.776925], [13.921889, 44.776102], [13.921167, 44.774962], [13.921581, 44.774522], [13.922712, 44.774226], [13.922626, 44.773613], [13.917881, 44.772965], [13.917036, 44.772616], [13.916957, 44.772014], [13.918239, 44.771424], [13.920211, 44.771848], [13.920768, 44.771681], [13.921672, 44.770888], [13.923082, 44.770761], [13.924449, 44.769396], [13.926093, 44.769888], [13.926524, 44.769758], [13.926494, 44.768799], [13.925058, 44.768519], [13.925145, 44.767033], [13.924209, 44.76657], [13.922483, 44.76666], [13.921572, 44.767815], [13.921399, 44.766931], [13.920755, 44.766423], [13.919066, 44.766166], [13.917453, 44.766941], [13.916723, 44.768095], [13.916349, 44.767893], [13.915451, 44.768206], [13.915676, 44.767954], [13.915136, 44.767841], [13.913393, 44.768051], [13.912377, 44.768761], [13.911961, 44.768601], [13.911653, 44.769013], [13.909459, 44.768289], [13.907399, 44.768466], [13.905354, 44.769425], [13.905429, 44.770469], [13.906657, 44.771857], [13.907719, 44.772315], [13.906519, 44.773002], [13.906423, 44.77392], [13.905699, 44.774335], [13.905295, 44.775066], [13.905416, 44.775868], [13.906272, 44.776978], [13.904143, 44.777697], [13.903651, 44.778392], [13.903645, 44.780223], [13.904806, 44.781495], [13.903637, 44.782236], [13.903436, 44.782913], [13.904014, 44.784139], [13.907146, 44.785856], [13.906224, 44.786827], [13.904925, 44.786456], [13.905095, 44.786046], [13.904847, 44.786501], [13.903236, 44.785813], [13.902166, 44.785722], [13.901668, 44.786242], [13.903544, 44.789481], [13.902884, 44.789976], [13.901331, 44.790358], [13.900926, 44.791613], [13.903409, 44.793908], [13.903719, 44.796556], [13.904877, 44.797326], [13.902635, 44.797534], [13.901885, 44.799226], [13.901943, 44.799993], [13.902573, 44.800826], [13.903454, 44.801484], [13.904244, 44.801464], [13.903663, 44.802422], [13.903742, 44.805397], [13.904228, 44.80571], [13.903398, 44.805623], [13.902394, 44.806353], [13.901654, 44.807853], [13.902664, 44.808349], [13.901185, 44.808433], [13.900162, 44.809112], [13.899897, 44.808326]]], [[[13.908843, 44.818991], [13.909584, 44.81888], [13.909702, 44.818373], [13.908821, 44.817615], [13.908235, 44.817646], [13.907925, 44.818658], [13.908843, 44.818991]]], [[[13.901928, 44.767532], [13.901049, 44.767371], [13.900458, 44.766768], [13.899775, 44.766801], [13.900301, 44.768115], [13.901861, 44.76862], [13.902378, 44.768484], [13.901928, 44.767532]]], [[[13.891298, 44.758242], [13.891214, 44.757743], [13.8905, 44.757615], [13.890495, 44.758168], [13.891298, 44.758242]]]]}, "properties": {"id": 12, "razina": "naselje", "name": "Premantura", "jls_name": "Medulin", "jls_maticni_broj": "02631", "zupanija": "Istarska", "area_km2": 6.8491, "stanovnistvo": 819, "palette_idx": 0, "source": "DGU rpj:naselje"}}, {"type": "Feature", "id": 13, "geometry": {"type": "Polygon", "coordinates": [[[13.86772, 44.848004], [13.870362, 44.848693], [13.872619, 44.846703], [13.873813, 44.846271], [13.875715, 44.846459], [13.879291, 44.844841], [13.879069, 44.844604], [13.880151, 44.844107], [13.880545, 44.844266], [13.881867, 44.843703], [13.881705, 44.843457], [13.883285, 44.842829], [13.881067, 44.840971], [13.881258, 44.840198], [13.882012, 44.839491], [13.87935, 44.838742], [13.873969, 44.838007], [13.873309, 44.839108], [13.871922, 44.838703], [13.871944, 44.83991], [13.8705, 44.83997], [13.868665, 44.840882], [13.864213, 44.841856], [13.864719, 44.842854], [13.866244, 44.842491], [13.866396, 44.84652], [13.86772, 44.848004]]]}, "properties": {"id": 13, "razina": "naselje", "name": "Valbonaša", "jls_name": "Medulin", "jls_maticni_broj": "02631", "zupanija": "Istarska", "area_km2": 0.9876, "stanovnistvo": 51, "palette_idx": 2, "source": "DGU rpj:naselje"}}, {"type": "Feature", "id": 14, "geometry": {"type": "Polygon", "coordinates": [[[13.873969, 44.838007], [13.874743, 44.836261], [13.878744, 44.831452], [13.87917, 44.828779], [13.877838, 44.828231], [13.875746, 44.82846], [13.874109, 44.829587], [13.872591, 44.829382], [13.87182, 44.829714], [13.870987, 44.829288], [13.869155, 44.829672], [13.867496, 44.830588], [13.866845, 44.829537], [13.865815, 44.829165], [13.863659, 44.829436], [13.86227, 44.829143], [13.862473, 44.829593], [13.861076, 44.830356], [13.860637, 44.831092], [13.860954, 44.833239], [13.859677, 44.833442], [13.858018, 44.832339], [13.856272, 44.832807], [13.855895, 44.832582], [13.85518, 44.834461], [13.856042, 44.835819], [13.856259, 44.837031], [13.857021, 44.837374], [13.856312, 44.839406], [13.856504, 44.8399], [13.8585, 44.840475], [13.859756, 44.840421], [13.860207, 44.841427], [13.862246, 44.842116], [13.864213, 44.841856], [13.868665, 44.840882], [13.8705, 44.83997], [13.871944, 44.83991], [13.871922, 44.838703], [13.873309, 44.839108], [13.873969, 44.838007]]]}, "properties": {"id": 14, "razina": "naselje", "name": "Vinkuran", "jls_name": "Medulin", "jls_maticni_broj": "02631", "zupanija": "Istarska", "area_km2": 1.8635, "stanovnistvo": 652, "palette_idx": 0, "source": "DGU rpj:naselje"}}, {"type": "Feature", "id": 15, "geometry": {"type": "Polygon", "coordinates": [[[13.853499, 44.842675], [13.855163, 44.84381], [13.853278, 44.845323], [13.852724, 44.847089], [13.857153, 44.846502], [13.858803, 44.847112], [13.858426, 44.847656], [13.859339, 44.848131], [13.860573, 44.848215], [13.860859, 44.847838], [13.863175, 44.848778], [13.86444, 44.848024], [13.865374, 44.848449], [13.86772, 44.848004], [13.866396, 44.84652], [13.866244, 44.842491], [13.864719, 44.842854], [13.864213, 44.841856], [13.862246, 44.842116], [13.860207, 44.841427], [13.859756, 44.840421], [13.8585, 44.840475], [13.856504, 44.8399], [13.855605, 44.840906], [13.854206, 44.841379], [13.853499, 44.842675]]]}, "properties": {"id": 15, "razina": "naselje", "name": "Vintijan", "jls_name": "Medulin", "jls_maticni_broj": "02631", "zupanija": "Istarska", "area_km2": 0.7065, "stanovnistvo": 186, "palette_idx": 1, "source": "DGU rpj:naselje"}}, {"type": "Feature", "id": 16, "geometry": {"type": "Polygon", "coordinates": [[[13.928832, 44.872399], [13.928849, 44.871231], [13.927673, 44.87008], [13.925322, 44.86599], [13.924809, 44.865955], [13.924547, 44.865551], [13.923891, 44.865561], [13.922888, 44.863974], [13.922349, 44.86012], [13.923589, 44.859633], [13.923177, 44.858361], [13.923561, 44.857751], [13.922636, 44.855954], [13.920658, 44.85634], [13.920799, 44.857131], [13.917861, 44.857649], [13.917663, 44.856924], [13.914214, 44.857597], [13.915167, 44.86027], [13.916341, 44.861648], [13.916731, 44.86386], [13.915494, 44.863823], [13.914461, 44.864173], [13.912746, 44.863793], [13.91311, 44.864519], [13.908154, 44.86538], [13.900028, 44.867479], [13.89948, 44.867344], [13.900032, 44.868425], [13.902616, 44.870684], [13.902877, 44.871855], [13.901919, 44.872754], [13.902223, 44.873556], [13.91015, 44.871841], [13.91293, 44.873537], [13.916344, 44.873471], [13.916957, 44.874891], [13.919657, 44.874971], [13.923602, 44.874412], [13.92519, 44.873184], [13.927657, 44.872918], [13.928832, 44.872399]]]}, "properties": {"id": 16, "razina": "naselje", "name": "Jadreški", "jls_name": "Ližnjan - Lisignano", "jls_maticni_broj": "02356", "zupanija": "Istarska", "area_km2": 2.3682, "stanovnistvo": 537, "palette_idx": 3, "source": "DGU rpj:naselje"}}, {"type": "Feature", "id": 17, "geometry": {"type": "MultiPolygon", "coordinates": [[[[13.942941, 44.837238], [13.946991, 44.836396], [13.949345, 44.836801], [13.951688, 44.836344], [13.952445, 44.837596], [13.952806, 44.837558], [13.953606, 44.840225], [13.955659, 44.839049], [13.956122, 44.839055], [13.956568, 44.839515], [13.958032, 44.838893], [13.960935, 44.838848], [13.961289, 44.83992], [13.962382, 44.839812], [13.962578, 44.8403], [13.971065, 44.838572], [13.971344, 44.838455], [13.970773, 44.837576], [13.978158, 44.840395], [13.979718, 44.839772], [13.980593, 44.837865], [13.981893, 44.83682], [13.982494, 44.836725], [13.982227, 44.836067], [13.983814, 44.835994], [13.985217, 44.83528], [13.985398, 44.834234], [13.986778, 44.833236], [13.986567, 44.832175], [13.98803, 44.831906], [13.989051, 44.831131], [13.98862, 44.830019], [13.988748, 44.828749], [13.988135, 44.828307], [13.984976, 44.828225], [13.984954, 44.827829], [13.985655, 44.827715], [13.986263, 44.826824], [13.985885, 44.825779], [13.984801, 44.825146], [13.983475, 44.825345], [13.983304, 44.824811], [13.983344, 44.825141], [13.982849, 44.825408], [13.981537, 44.825599], [13.981708, 44.824923], [13.982394, 44.82467], [13.98118, 44.82406], [13.980931, 44.823586], [13.980385, 44.823765], [13.979949, 44.823442], [13.978492, 44.823391], [13.977979, 44.822071], [13.976608, 44.82077], [13.975923, 44.820525], [13.974684, 44.820998], [13.972546, 44.821138], [13.971848, 44.821029], [13.971525, 44.820661], [13.973278, 44.820022], [13.973536, 44.819451], [13.974038, 44.819842], [13.974352, 44.818492], [13.974845, 44.81843], [13.974944, 44.819017], [13.975487, 44.818872], [13.975641, 44.819267], [13.975956, 44.819226], [13.9759, 44.818706], [13.975653, 44.818922], [13.975224, 44.818677], [13.975008, 44.818148], [13.975193, 44.8178], [13.976153, 44.817574], [13.976057, 44.817152], [13.976832, 44.817237], [13.978415, 44.818082], [13.978129, 44.81764], [13.978726, 44.817547], [13.979905, 44.818024], [13.981364, 44.818], [13.981511, 44.817701], [13.983385, 44.818036], [13.983994, 44.817418], [13.984225, 44.817701], [13.983891, 44.818214], [13.984474, 44.818692], [13.983795, 44.819309], [13.984482, 44.819979], [13.984049, 44.820368], [13.984063, 44.820952], [13.984931, 44.821481], [13.984666, 44.821743], [13.986404, 44.821219], [13.987376, 44.82052], [13.990203, 44.821091], [13.991646, 44.819864], [13.990599, 44.818604], [13.990656, 44.818236], [13.991139, 44.81788], [13.991606, 44.818077], [13.991807, 44.817683], [13.991362, 44.817052], [13.989824, 44.816266], [13.989844, 44.815884], [13.990539, 44.815324], [13.991674, 44.815421], [13.991471, 44.814511], [13.991992, 44.814102], [13.992604, 44.814273], [13.99319, 44.813827], [13.994821, 44.813847], [13.995956, 44.81324], [13.998239, 44.812953], [13.999287, 44.812509], [14.000256, 44.811508], [14.000113, 44.809977], [13.99893, 44.808867], [13.996655, 44.807731], [13.994369, 44.808028], [13.994293, 44.807851], [13.996679, 44.807317], [13.996728, 44.806913], [13.998301, 44.807098], [13.999895, 44.806353], [14.003149, 44.805833], [14.003445, 44.805291], [14.003052, 44.804786], [14.002398, 44.804754], [14.002529, 44.804055], [14.001993, 44.802974], [14.000404, 44.802227], [13.999144, 44.802324], [13.997033, 44.803208], [13.996646, 44.803674], [13.996187, 44.803394], [13.995937, 44.803966], [13.99543, 44.804029], [13.995207, 44.803762], [13.994298, 44.804214], [13.992378, 44.804227], [13.991799, 44.80483], [13.990628, 44.805159], [13.990704, 44.805979], [13.990169, 44.805147], [13.989447, 44.805404], [13.98899, 44.80493], [13.988072, 44.804887], [13.9884, 44.804385], [13.98749, 44.803121], [13.985497, 44.803813], [13.982258, 44.803053], [13.978799, 44.803115], [13.977517, 44.803524], [13.976288, 44.803221], [13.976094, 44.803553], [13.975532, 44.80359], [13.974959, 44.804637], [13.974592, 44.804517], [13.97232, 44.805225], [13.965438, 44.803597], [13.966462, 44.810173], [13.966261, 44.810681], [13.964305, 44.811552], [13.965127, 44.813311], [13.965706, 44.813145], [13.96605, 44.813928], [13.961756, 44.815207], [13.961415, 44.814553], [13.960457, 44.814914], [13.959967, 44.815733], [13.960379, 44.817577], [13.960295, 44.819181], [13.958387, 44.821094], [13.952407, 44.822604], [13.950287, 44.824433], [13.946851, 44.82517], [13.947191, 44.826582], [13.946927, 44.828158], [13.9477, 44.829671], [13.945407, 44.830697], [13.942663, 44.831395], [13.942647, 44.833097], [13.942007, 44.834412], [13.942201, 44.835939], [13.942941, 44.837238]]], [[[13.986383, 44.800646], [13.987026, 44.800031], [13.986355, 44.799095], [13.984907, 44.798834], [13.984367, 44.798171], [13.983428, 44.797753], [13.981688, 44.798047], [13.981894, 44.798617], [13.9838, 44.799461], [13.984919, 44.800396], [13.986383, 44.800646]]], [[[13.98213, 44.792836], [13.982554, 44.792497], [13.981841, 44.791871], [13.98152, 44.792222], [13.98213, 44.792836]]]]}, "properties": {"id": 17, "razina": "naselje", "name": "Ližnjan", "jls_name": "Ližnjan - Lisignano", "jls_maticni_broj": "02356", "zupanija": "Istarska", "area_km2": 10.5558, "stanovnistvo": 1445, "palette_idx": 1, "source": "DGU rpj:naselje"}}, {"type": "Feature", "id": 18, "geometry": {"type": "Polygon", "coordinates": [[[13.929188, 44.914203], [13.930739, 44.917157], [13.92832, 44.917402], [13.928891, 44.919195], [13.928864, 44.920513], [13.931245, 44.922444], [13.933321, 44.923106], [13.936106, 44.926047], [13.936817, 44.925894], [13.937071, 44.926561], [13.936055, 44.926865], [13.93707, 44.928873], [13.93929, 44.928058], [13.94001, 44.929536], [13.94124, 44.929391], [13.941267, 44.930733], [13.944818, 44.929953], [13.946085, 44.930364], [13.958236, 44.927823], [13.959008, 44.927374], [13.96168, 44.926826], [13.973057, 44.926544], [13.974799, 44.925068], [13.974161, 44.923278], [13.974452, 44.922364], [13.974138, 44.92139], [13.974938, 44.920011], [13.974438, 44.919205], [13.977656, 44.916367], [13.977463, 44.915431], [13.970764, 44.914841], [13.968932, 44.915235], [13.96637, 44.915102], [13.966218, 44.914643], [13.963915, 44.914698], [13.962705, 44.913644], [13.959751, 44.914038], [13.957321, 44.913297], [13.955774, 44.913837], [13.956354, 44.914934], [13.952088, 44.915807], [13.951819, 44.915244], [13.950929, 44.915085], [13.950891, 44.914747], [13.948987, 44.914557], [13.948451, 44.91392], [13.944997, 44.912469], [13.943253, 44.912119], [13.935464, 44.912448], [13.930936, 44.914136], [13.929188, 44.914203]]]}, "properties": {"id": 18, "razina": "naselje", "name": "Muntić", "jls_name": "Ližnjan - Lisignano", "jls_maticni_broj": "02356", "zupanija": "Istarska", "area_km2": 5.4302, "stanovnistvo": 325, "palette_idx": 3, "source": "DGU rpj:naselje"}}, {"type": "Feature", "id": 19, "geometry": {"type": "Polygon", "coordinates": [[[13.929188, 44.914203], [13.930936, 44.914136], [13.935464, 44.912448], [13.943253, 44.912119], [13.944997, 44.912469], [13.948451, 44.91392], [13.948987, 44.914557], [13.950891, 44.914747], [13.950929, 44.915085], [13.951819, 44.915244], [13.952088, 44.915807], [13.956354, 44.914934], [13.955774, 44.913837], [13.957321, 44.913297], [13.959751, 44.914038], [13.962705, 44.913644], [13.963915, 44.914698], [13.966218, 44.914643], [13.96637, 44.915102], [13.968932, 44.915235], [13.970764, 44.914841], [13.977463, 44.915431], [13.978947, 44.914361], [13.979699, 44.912863], [13.98153, 44.911854], [13.982936, 44.909264], [13.982487, 44.907029], [13.982992, 44.90654], [13.982808, 44.904956], [13.981004, 44.903994], [13.980567, 44.902651], [13.980795, 44.90215], [13.980522, 44.901812], [13.980753, 44.900898], [13.98258, 44.899024], [13.98328, 44.896991], [13.982155, 44.895238], [13.980339, 44.894213], [13.98033, 44.893549], [13.981134, 44.892596], [13.981775, 44.89244], [13.982387, 44.893302], [13.984519, 44.893867], [13.984964, 44.893708], [13.980159, 44.890242], [13.980287, 44.889452], [13.978746, 44.889311], [13.977238, 44.888617], [13.976616, 44.88721], [13.973746, 44.887279], [13.97209, 44.886851], [13.971734, 44.886326], [13.97235, 44.88428], [13.971105, 44.880721], [13.970218, 44.880488], [13.968604, 44.88115], [13.965343, 44.881465], [13.964987, 44.881174], [13.965494, 44.880362], [13.964469, 44.879775], [13.963753, 44.878406], [13.962783, 44.878455], [13.960651, 44.875619], [13.957216, 44.876106], [13.956662, 44.875612], [13.953906, 44.876262], [13.953693, 44.875976], [13.952217, 44.876323], [13.950725, 44.873574], [13.948128, 44.874133], [13.945726, 44.873374], [13.943506, 44.873289], [13.938639, 44.872139], [13.930348, 44.874628], [13.929309, 44.874308], [13.929522, 44.873328], [13.928832, 44.872399], [13.927657, 44.872918], [13.92519, 44.873184], [13.923602, 44.874412], [13.919657, 44.874971], [13.916957, 44.874891], [13.916344, 44.873471], [13.91293, 44.873537], [13.91015, 44.871841], [13.902223, 44.873556], [13.904845, 44.879632], [13.9022, 44.88042], [13.901432, 44.881463], [13.899893, 44.881842], [13.898572, 44.880715], [13.893174, 44.880035], [13.89223, 44.880367], [13.891669, 44.880241], [13.890931, 44.880824], [13.888434, 44.881447], [13.886968, 44.881326], [13.890322, 44.888997], [13.890269, 44.88943], [13.889087, 44.889696], [13.890137, 44.890142], [13.889892, 44.890596], [13.892469, 44.890596], [13.892915, 44.89149], [13.892934, 44.893109], [13.897661, 44.893819], [13.903072, 44.895868], [13.905084, 44.896953], [13.905512, 44.897613], [13.90553, 44.906196], [13.906387, 44.906491], [13.907955, 44.906229], [13.908295, 44.906511], [13.911142, 44.906398], [13.912359, 44.906896], [13.913049, 44.906448], [13.916834, 44.906544], [13.917642, 44.907625], [13.917723, 44.908538], [13.918433, 44.908554], [13.919939, 44.909555], [13.926704, 44.908195], [13.929188, 44.914203]]]}, "properties": {"id": 19, "razina": "naselje", "name": "Valtura", "jls_name": "Ližnjan - Lisignano", "jls_maticni_broj": "02356", "zupanija": "Istarska", "area_km2": 25.846, "stanovnistvo": 773, "palette_idx": 1, "source": "DGU rpj:naselje"}}, {"type": "Feature", "id": 20, "geometry": {"type": "Polygon", "coordinates": [[[13.942941, 44.837238], [13.935435, 44.83932], [13.928539, 44.841973], [13.926859, 44.843038], [13.92392, 44.845735], [13.920416, 44.847975], [13.920147, 44.848731], [13.920971, 44.848726], [13.920957, 44.85002], [13.921763, 44.849841], [13.922045, 44.852702], [13.92222, 44.85306], [13.922617, 44.852984], [13.922273, 44.854003], [13.922636, 44.855954], [13.923561, 44.857751], [13.923177, 44.858361], [13.923589, 44.859633], [13.922349, 44.86012], [13.922888, 44.863974], [13.923891, 44.865561], [13.924547, 44.865551], [13.924809, 44.865955], [13.925322, 44.86599], [13.927673, 44.87008], [13.928849, 44.871231], [13.928832, 44.872399], [13.929522, 44.873328], [13.929309, 44.874308], [13.930348, 44.874628], [13.938639, 44.872139], [13.943506, 44.873289], [13.945726, 44.873374], [13.948128, 44.874133], [13.950725, 44.873574], [13.952217, 44.876323], [13.953693, 44.875976], [13.953906, 44.876262], [13.956662, 44.875612], [13.957216, 44.876106], [13.960651, 44.875619], [13.962783, 44.878455], [13.963753, 44.878406], [13.964469, 44.879775], [13.965494, 44.880362], [13.964987, 44.881174], [13.965343, 44.881465], [13.968604, 44.88115], [13.970218, 44.880488], [13.971105, 44.880721], [13.97235, 44.88428], [13.971734, 44.886326], [13.97209, 44.886851], [13.973746, 44.887279], [13.976616, 44.88721], [13.977238, 44.888617], [13.978746, 44.889311], [13.980287, 44.889452], [13.980159, 44.890242], [13.984964, 44.893708], [13.98619, 44.892741], [13.986266, 44.892216], [13.98826, 44.891547], [13.990978, 44.88977], [13.991363, 44.888395], [13.989284, 44.887208], [13.994884, 44.886401], [13.998579, 44.887169], [14.001128, 44.888042], [14.003033, 44.887423], [14.002909, 44.886981], [14.003836, 44.885703], [14.003596, 44.883277], [14.003013, 44.882058], [14.00169, 44.88278], [14.001606, 44.882188], [14.000278, 44.880637], [13.998786, 44.880061], [13.997467, 44.880215], [13.99688, 44.881475], [13.996066, 44.881103], [13.995057, 44.881297], [13.994505, 44.880397], [13.99323, 44.880096], [13.993631, 44.879337], [13.99295, 44.878616], [13.990283, 44.878435], [13.990841, 44.877742], [13.991485, 44.877779], [13.993103, 44.876737], [13.991958, 44.875297], [13.991176, 44.874841], [13.991574, 44.874445], [13.990791, 44.873706], [13.992897, 44.873814], [13.99553, 44.873258], [13.99489, 44.871241], [13.995723, 44.871173], [13.997014, 44.870312], [13.994687, 44.867208], [13.996106, 44.866186], [13.99839, 44.865237], [14.000474, 44.865211], [14.001254, 44.864247], [14.000716, 44.862659], [14.000251, 44.862416], [13.999475, 44.862892], [13.998227, 44.862698], [13.997571, 44.863152], [13.996959, 44.862697], [13.996283, 44.862807], [13.995273, 44.862077], [13.993849, 44.862076], [13.992962, 44.861239], [13.992544, 44.861324], [13.99163, 44.860317], [13.991774, 44.857231], [13.990331, 44.855349], [13.989512, 44.854909], [13.987239, 44.854636], [13.986346, 44.854813], [13.985998, 44.854504], [13.984695, 44.854483], [13.983999, 44.853125], [13.98286, 44.852507], [13.981226, 44.853634], [13.98056, 44.853547], [13.982284, 44.851263], [13.982218, 44.848501], [13.981379, 44.847423], [13.981169, 44.845092], [13.978777, 44.842979], [13.979627, 44.84222], [13.978158, 44.840395], [13.970773, 44.837576], [13.971344, 44.838455], [13.971065, 44.838572], [13.962578, 44.8403], [13.962382, 44.839812], [13.961289, 44.83992], [13.960935, 44.838848], [13.958032, 44.838893], [13.956568, 44.839515], [13.956122, 44.839055], [13.955659, 44.839049], [13.953606, 44.840225], [13.952806, 44.837558], [13.952445, 44.837596], [13.951688, 44.836344], [13.949345, 44.836801], [13.946991, 44.836396], [13.942941, 44.837238]]]}, "properties": {"id": 20, "razina": "naselje", "name": "Šišan", "jls_name": "Ližnjan - Lisignano", "jls_maticni_broj": "02356", "zupanija": "Istarska", "area_km2": 23.8782, "stanovnistvo": 1007, "palette_idx": 0, "source": "DGU rpj:naselje"}}, {"type": "Feature", "id": 21, "geometry": {"type": "Polygon", "coordinates": [[[14.03816, 45.004168], [14.037366, 45.003495], [14.037888, 45.002105], [14.037435, 45.00079], [14.037779, 45.000395], [14.038569, 45.000224], [14.039404, 45.000612], [14.040884, 45.000837], [14.041147, 45.000583], [14.040701, 45.000212], [14.040856, 44.999877], [14.043337, 44.999003], [14.04423, 44.998374], [14.04184, 44.997821], [14.040224, 44.996827], [14.035655, 44.995103], [14.034322, 44.994112], [14.03159, 44.993243], [14.030156, 44.99247], [14.029559, 44.992718], [14.026199, 44.992356], [14.024055, 44.990781], [14.022176, 44.99103], [14.018415, 44.992362], [14.0162, 44.992206], [14.010804, 44.991183], [14.01089, 44.991801], [14.010842, 44.992649], [14.008702, 44.995389], [14.006239, 44.997363], [14.005931, 44.998687], [14.00457, 45.000639], [14.003289, 44.999982], [14.002054, 45.000254], [14.000012, 44.999095], [13.99972, 44.999302], [13.99572, 44.999348], [13.993512, 44.999894], [13.994242, 45.001388], [13.994051, 45.002306], [13.992614, 45.002758], [13.993307, 45.004296], [13.995022, 45.004313], [13.995441, 45.004671], [13.996092, 45.00469], [13.996506, 45.00532], [13.998098, 45.005166], [13.999125, 45.005392], [13.999387, 45.005789], [13.999847, 45.005669], [14.000308, 45.006627], [14.000898, 45.006524], [14.001304, 45.006871], [14.000304, 45.007474], [14.003466, 45.008748], [14.002759, 45.010096], [14.003663, 45.013237], [14.007806, 45.012646], [14.009794, 45.01277], [14.011045, 45.009878], [14.011661, 45.007044], [14.014135, 45.005224], [14.015672, 45.004988], [14.018052, 45.004089], [14.019984, 45.003882], [14.022236, 45.004625], [14.02432, 45.005782], [14.024663, 45.006958], [14.028666, 45.007262], [14.029456, 45.006973], [14.03035, 45.007211], [14.033098, 45.005566], [14.034834, 45.005323], [14.03816, 45.004168]]]}, "properties": {"id": 21, "razina": "naselje", "name": "Belavići", "jls_name": "Marčana", "jls_maticni_broj": "02542", "zupanija": "Istarska", "area_km2": 4.853, "stanovnistvo": 22, "palette_idx": 0, "source": "DGU rpj:naselje"}}, {"type": "Feature", "id": 22, "geometry": {"type": "Polygon", "coordinates": [[[13.993307, 45.004296], [13.992614, 45.002758], [13.994051, 45.002306], [13.994242, 45.001388], [13.993512, 44.999894], [13.992553, 45.000021], [13.991863, 45.000516], [13.990458, 45.000308], [13.989623, 45.001], [13.984561, 45.001714], [13.981901, 45.001751], [13.977495, 45.002529], [13.980765, 45.007939], [13.98701, 45.010425], [13.987893, 45.010384], [13.994651, 45.012041], [13.995922, 45.012149], [13.997315, 45.010627], [13.997691, 45.009183], [13.996981, 45.007434], [13.99591, 45.006994], [13.993307, 45.004296]]]}, "properties": {"id": 22, "razina": "naselje", "name": "Bratulići", "jls_name": "Marčana", "jls_maticni_broj": "02542", "zupanija": "Istarska", "area_km2": 1.2756, "stanovnistvo": 40, "palette_idx": 3, "source": "DGU rpj:naselje"}}, {"type": "Feature", "id": 23, "geometry": {"type": "Polygon", "coordinates": [[[14.008962, 44.96405], [14.004272, 44.95708], [14.001339, 44.950261], [14.000394, 44.94904], [13.999783, 44.947985], [13.997373, 44.945931], [13.995972, 44.945336], [13.99465, 44.944261], [13.99354, 44.944259], [13.988949, 44.946091], [13.987896, 44.946954], [13.986327, 44.947396], [13.985124, 44.947402], [13.983677, 44.948223], [13.986099, 44.948527], [13.988904, 44.950783], [13.989069, 44.951515], [13.988222, 44.953698], [13.988925, 44.954402], [13.988778, 44.955319], [13.988505, 44.956186], [13.986616, 44.9586], [13.987498, 44.959573], [13.988069, 44.961446], [13.990594, 44.963853], [13.994738, 44.963047], [13.995466, 44.961608], [13.996586, 44.962585], [13.996745, 44.96169], [13.997302, 44.961425], [13.998039, 44.961702], [13.999808, 44.961605], [14.004236, 44.965046], [14.008962, 44.96405]]]}, "properties": {"id": 23, "razina": "naselje", "name": "Cokuni", "jls_name": "Marčana", "jls_maticni_broj": "02542", "zupanija": "Istarska", "area_km2": 2.3949, "stanovnistvo": 69, "palette_idx": 0, "source": "DGU rpj:naselje"}}, {"type": "Feature", "id": 24, "geometry": {"type": "Polygon", "coordinates": [[[13.930307, 45.000593], [13.933058, 45.001115], [13.935318, 45.000518], [13.935319, 44.99982], [13.936428, 44.998203], [13.936405, 44.994919], [13.936025, 44.9948], [13.936483, 44.993723], [13.936094, 44.993618], [13.936854, 44.993297], [13.93581, 44.992283], [13.937016, 44.991708], [13.937572, 44.990997], [13.937444, 44.989994], [13.938876, 44.987374], [13.938227, 44.985578], [13.938264, 44.984225], [13.937327, 44.984545], [13.933725, 44.984401], [13.933373, 44.98387], [13.934325, 44.98202], [13.931855, 44.982342], [13.929888, 44.98134], [13.925327, 44.982111], [13.92373, 44.982821], [13.923303, 44.983691], [13.922628, 44.982223], [13.92318, 44.980889], [13.921105, 44.979188], [13.919198, 44.975643], [13.920505, 44.974887], [13.921063, 44.973126], [13.919688, 44.97288], [13.917484, 44.971613], [13.914687, 44.971746], [13.909545, 44.970063], [13.907752, 44.969053], [13.906812, 44.968878], [13.903515, 44.969354], [13.901699, 44.968801], [13.900072, 44.968747], [13.89942, 44.969169], [13.90091, 44.971308], [13.900625, 44.973246], [13.905975, 44.977104], [13.905146, 44.977631], [13.904824, 44.97855], [13.903778, 44.978886], [13.900653, 44.978624], [13.898623, 44.977947], [13.897155, 44.978159], [13.893097, 44.976425], [13.891908, 44.976368], [13.890551, 44.975891], [13.893587, 44.983524], [13.89901, 44.986853], [13.900696, 44.988478], [13.903053, 44.990054], [13.905088, 44.992563], [13.908635, 44.995751], [13.910855, 45.000556], [13.915177, 44.9998], [13.916526, 45.000462], [13.918099, 45.000321], [13.921376, 45.000684], [13.922939, 45.001145], [13.922462, 45.001761], [13.923154, 45.002365], [13.923733, 45.002509], [13.924734, 45.002227], [13.925138, 45.002663], [13.924921, 45.001981], [13.925736, 45.001059], [13.927138, 45.000535], [13.9282, 45.0009], [13.930307, 45.000593]]]}, "properties": {"id": 24, "razina": "naselje", "name": "Divšići", "jls_name": "Marčana", "jls_maticni_broj": "02542", "zupanija": "Istarska", "area_km2": 7.734, "stanovnistvo": 162, "palette_idx": 4, "source": "DGU rpj:naselje"}}, {"type": "Feature", "id": 25, "geometry": {"type": "Polygon", "coordinates": [[[13.96186, 45.008135], [13.963903, 45.006177], [13.964854, 45.006434], [13.965805, 45.004767], [13.96613, 45.004941], [13.970436, 45.003523], [13.967252, 45.003172], [13.966955, 45.002575], [13.967492, 45.002107], [13.967061, 45.001693], [13.963608, 45.00091], [13.964387, 45.000406], [13.963584, 44.998639], [13.960361, 44.994703], [13.960006, 44.994515], [13.959796, 44.994693], [13.959747, 44.993797], [13.956782, 44.990716], [13.954612, 44.986673], [13.951438, 44.98746], [13.947878, 44.98703], [13.946069, 44.986275], [13.942546, 44.985959], [13.941404, 44.985568], [13.939629, 44.984259], [13.938264, 44.984225], [13.938227, 44.985578], [13.938876, 44.987374], [13.937444, 44.989994], [13.937572, 44.990997], [13.937016, 44.991708], [13.93581, 44.992283], [13.936854, 44.993297], [13.936094, 44.993618], [13.936483, 44.993723], [13.936025, 44.9948], [13.936405, 44.994919], [13.936428, 44.998203], [13.935319, 44.99982], [13.935318, 45.000518], [13.933058, 45.001115], [13.930307, 45.000593], [13.931447, 45.003446], [13.931568, 45.00521], [13.934948, 45.007844], [13.935579, 45.009146], [13.942569, 45.012111], [13.944333, 45.012368], [13.947544, 45.014148], [13.951855, 45.01218], [13.952768, 45.011314], [13.955545, 45.011821], [13.956672, 45.011165], [13.95811, 45.011384], [13.960058, 45.009874], [13.959785, 45.009509], [13.960091, 45.009418], [13.960098, 45.008661], [13.960686, 45.008269], [13.960887, 45.008503], [13.96186, 45.008135]]]}, "properties": {"id": 25, "razina": "naselje", "name": "Filipana", "jls_name": "Marčana", "jls_maticni_broj": "02542", "zupanija": "Istarska", "area_km2": 5.8005, "stanovnistvo": 93, "palette_idx": 1, "source": "DGU rpj:naselje"}}, {"type": "Feature", "id": 26, "geometry": {"type": "Polygon", "coordinates": [[[14.004543, 45.021697], [14.004057, 45.020911], [14.003785, 45.018991], [14.003992, 45.015231], [14.003663, 45.013237], [14.002759, 45.010096], [14.003466, 45.008748], [14.000304, 45.007474], [14.001304, 45.006871], [14.000898, 45.006524], [14.000308, 45.006627], [13.999847, 45.005669], [13.999387, 45.005789], [13.999125, 45.005392], [13.998098, 45.005166], [13.996506, 45.00532], [13.996092, 45.00469], [13.995441, 45.004671], [13.995022, 45.004313], [13.993307, 45.004296], [13.99591, 45.006994], [13.996981, 45.007434], [13.997691, 45.009183], [13.997315, 45.010627], [13.995922, 45.012149], [13.994651, 45.012041], [13.992802, 45.013022], [13.990666, 45.012786], [13.987334, 45.013127], [13.985579, 45.012792], [13.984757, 45.013086], [13.983001, 45.014569], [13.982225, 45.016625], [13.97996, 45.019729], [13.97988, 45.020469], [13.981577, 45.022102], [13.983341, 45.022571], [13.984786, 45.023569], [13.985293, 45.02537], [13.986365, 45.026291], [13.987678, 45.026793], [13.988318, 45.02774], [13.992617, 45.029398], [13.993165, 45.030938], [13.994138, 45.032133], [13.994325, 45.034538], [13.995249, 45.034607], [13.996719, 45.035224], [13.995962, 45.03626], [13.996724, 45.036424], [13.997331, 45.035331], [13.998202, 45.03546], [13.999497, 45.033539], [14.00197, 45.034503], [14.003145, 45.034645], [14.001192, 45.028423], [13.999873, 45.026659], [13.998486, 45.023725], [13.997754, 45.019912], [13.99906, 45.020703], [14.000242, 45.021973], [14.002865, 45.023005], [14.00351, 45.023762], [14.003782, 45.024945], [14.004543, 45.021697]]]}, "properties": {"id": 26, "razina": "naselje", "name": "Hreljići", "jls_name": "Marčana", "jls_maticni_broj": "02542", "zupanija": "Istarska", "area_km2": 3.4175, "stanovnistvo": 71, "palette_idx": 1, "source": "DGU rpj:naselje"}}, {"type": "Feature", "id": 27, "geometry": {"type": "MultiPolygon", "coordinates": [[[[13.993731, 44.926752], [13.993454, 44.924495], [13.992825, 44.923222], [13.992951, 44.921862], [13.99528, 44.922139], [14.000777, 44.921863], [14.003333, 44.916376], [14.004935, 44.914828], [14.00632, 44.91483], [14.007073, 44.914446], [14.009289, 44.914504], [14.011198, 44.91498], [14.012052, 44.914917], [14.015422, 44.916687], [14.019228, 44.916421], [14.018966, 44.915648], [14.02063, 44.914978], [14.021191, 44.91485], [14.022384, 44.915306], [14.023937, 44.915165], [14.024912, 44.914619], [14.02502, 44.914182], [14.025953, 44.914178], [14.026545, 44.913752], [14.028602, 44.913423], [14.029798, 44.912764], [14.029626, 44.912111], [14.027955, 44.911419], [14.027227, 44.910503], [14.02557, 44.910191], [14.02617, 44.90995], [14.027375, 44.908477], [14.027241, 44.908109], [14.026166, 44.908007], [14.027516, 44.906691], [14.027065, 44.904917], [14.026333, 44.904347], [14.023092, 44.904656], [14.024261, 44.903368], [14.024082, 44.902634], [14.023482, 44.902169], [14.021691, 44.901873], [14.01961, 44.90227], [14.018923, 44.901687], [14.019735, 44.90076], [14.019037, 44.899129], [14.017239, 44.897979], [14.015558, 44.896337], [14.014999, 44.896459], [14.014593, 44.899058], [14.01378, 44.900679], [14.01259, 44.901493], [14.012196, 44.901444], [14.012285, 44.899452], [14.010251, 44.899214], [14.011224, 44.897725], [14.010803, 44.897368], [14.009717, 44.897448], [14.009644, 44.896244], [14.008537, 44.894878], [14.006635, 44.894487], [14.007516, 44.893567], [14.006687, 44.892798], [14.004322, 44.892573], [14.003114, 44.892793], [14.002423, 44.893296], [14.001507, 44.892794], [14.000312, 44.892635], [13.999148, 44.893134], [13.998013, 44.894137], [13.997309, 44.892261], [13.99655, 44.891886], [13.99601, 44.891956], [13.994012, 44.893135], [13.993334, 44.893902], [13.99209, 44.894386], [13.991295, 44.895506], [13.989742, 44.895441], [13.98769, 44.896778], [13.986324, 44.899042], [13.98564, 44.899312], [13.985921, 44.899494], [13.98561, 44.899933], [13.985256, 44.89978], [13.985596, 44.899945], [13.984653, 44.900719], [13.983983, 44.902178], [13.983565, 44.902228], [13.983382, 44.902662], [13.982953, 44.902616], [13.982095, 44.903176], [13.981492, 44.902386], [13.981014, 44.902715], [13.980795, 44.90215], [13.980567, 44.902651], [13.981004, 44.903994], [13.982808, 44.904956], [13.982992, 44.90654], [13.982487, 44.907029], [13.982936, 44.909264], [13.98153, 44.911854], [13.979699, 44.912863], [13.978947, 44.914361], [13.977463, 44.915431], [13.977656, 44.916367], [13.974438, 44.919205], [13.974938, 44.920011], [13.974138, 44.92139], [13.974452, 44.922364], [13.974161, 44.923278], [13.974799, 44.925068], [13.975054, 44.925854], [13.976963, 44.927848], [13.97896, 44.929121], [13.981853, 44.929056], [13.983674, 44.926465], [13.985837, 44.926347], [13.988218, 44.926922], [13.988239, 44.928158], [13.990151, 44.929765], [13.991248, 44.929428], [13.991497, 44.928878], [13.992674, 44.928047], [13.993312, 44.926772], [13.993731, 44.926752]]], [[[14.029296, 44.911892], [14.029076, 44.911803], [14.029027, 44.911811], [14.029208, 44.911904], [14.029443, 44.911947], [14.029296, 44.911892]]], [[[14.028778, 44.911667], [14.0287, 44.91166], [14.028859, 44.911772], [14.028969, 44.911756], [14.028778, 44.911667]]], [[[14.028595, 44.91158], [14.028513, 44.911586], [14.028693, 44.911612], [14.028647, 44.911595], [14.028595, 44.91158]]]]}, "properties": {"id": 27, "razina": "naselje", "name": "Kavran", "jls_name": "Marčana", "jls_maticni_broj": "02542", "zupanija": "Istarska", "area_km2": 9.7742, "stanovnistvo": 121, "palette_idx": 2, "source": "DGU rpj:naselje"}}, {"type": "Feature", "id": 28, "geometry": {"type": "Polygon", "coordinates": [[[14.01089, 44.991801], [14.010804, 44.991183], [14.010762, 44.987903], [14.013907, 44.984585], [14.016471, 44.984232], [14.018555, 44.983148], [14.0208, 44.982537], [14.022348, 44.98287], [14.024312, 44.983819], [14.028016, 44.983973], [14.030999, 44.981881], [14.031804, 44.981584], [14.032358, 44.981767], [14.033915, 44.979987], [14.035032, 44.979365], [14.034342, 44.979151], [14.033482, 44.977903], [14.034213, 44.977293], [14.031505, 44.974563], [14.034715, 44.96952], [14.035477, 44.96649], [14.035456, 44.964193], [14.034546, 44.962978], [14.034134, 44.960771], [14.034394, 44.959617], [14.035144, 44.958595], [14.034198, 44.956829], [14.034768, 44.955644], [14.03525, 44.955711], [14.0371, 44.954345], [14.036367, 44.953633], [14.034606, 44.953304], [14.033742, 44.953792], [14.032555, 44.955699], [14.030717, 44.956753], [14.029411, 44.958941], [14.026607, 44.960958], [14.02387, 44.962417], [14.022563, 44.965237], [14.022375, 44.966701], [14.021698, 44.967235], [14.020995, 44.967302], [14.018908, 44.966723], [14.017654, 44.966903], [14.016367, 44.966631], [14.008962, 44.96405], [14.004236, 44.965046], [13.999808, 44.961605], [13.998039, 44.961702], [13.997302, 44.961425], [13.996745, 44.96169], [13.996586, 44.962585], [13.995466, 44.961608], [13.994738, 44.963047], [13.990594, 44.963853], [13.990075, 44.964578], [13.988223, 44.964249], [13.987765, 44.963917], [13.985899, 44.963941], [13.98598, 44.965108], [13.983535, 44.967494], [13.980514, 44.969105], [13.979311, 44.970098], [13.978507, 44.970233], [13.977827, 44.971112], [13.977212, 44.971219], [13.976248, 44.972013], [13.975091, 44.974826], [13.970601, 44.98057], [13.971383, 44.981009], [13.972107, 44.980473], [13.974921, 44.98195], [13.976432, 44.982381], [13.978137, 44.981306], [13.978506, 44.982077], [13.979428, 44.982022], [13.9795, 44.98384], [13.980709, 44.98371], [13.983178, 44.982858], [13.983533, 44.984395], [13.981623, 44.986289], [13.981466, 44.986921], [13.982, 44.987267], [13.982275, 44.988345], [13.982975, 44.988564], [13.983893, 44.990423], [13.985797, 44.991767], [13.987795, 44.992422], [13.988479, 44.993205], [13.991274, 44.993919], [13.991695, 44.993235], [13.993605, 44.9937], [13.994366, 44.994612], [13.99723, 44.993732], [13.997377, 44.994667], [13.998273, 44.994814], [13.997909, 44.993925], [13.998919, 44.994393], [14.001192, 44.993038], [14.0094, 44.992181], [14.01089, 44.991801]]]}, "properties": {"id": 28, "razina": "naselje", "name": "Krnica", "jls_name": "Marčana", "jls_maticni_broj": "02542", "zupanija": "Istarska", "area_km2": 12.399, "stanovnistvo": 275, "palette_idx": 1, "source": "DGU rpj:naselje"}}, {"type": "Feature", "id": 29, "geometry": {"type": "Polygon", "coordinates": [[[13.97988, 45.020469], [13.97996, 45.019729], [13.982225, 45.016625], [13.983001, 45.014569], [13.984757, 45.013086], [13.985579, 45.012792], [13.987334, 45.013127], [13.990666, 45.012786], [13.992802, 45.013022], [13.994651, 45.012041], [13.987893, 45.010384], [13.98701, 45.010425], [13.980765, 45.007939], [13.979297, 45.0088], [13.979712, 45.010278], [13.980303, 45.010655], [13.979487, 45.010975], [13.980145, 45.011336], [13.979221, 45.011518], [13.980511, 45.012499], [13.980112, 45.012845], [13.979049, 45.012182], [13.979328, 45.013079], [13.977553, 45.012145], [13.976812, 45.013108], [13.977098, 45.013729], [13.975936, 45.014779], [13.975922, 45.015312], [13.975333, 45.015995], [13.975044, 45.015696], [13.974312, 45.016234], [13.975383, 45.016779], [13.978233, 45.019409], [13.97988, 45.020469]]]}, "properties": {"id": 29, "razina": "naselje", "name": "Kujići", "jls_name": "Marčana", "jls_maticni_broj": "02542", "zupanija": "Istarska", "area_km2": 0.7227, "stanovnistvo": 69, "palette_idx": 2, "source": "DGU rpj:naselje"}}, {"type": "Feature", "id": 30, "geometry": {"type": "Polygon", "coordinates": [[[13.94001, 44.929536], [13.93929, 44.928058], [13.93707, 44.928873], [13.936055, 44.926865], [13.937071, 44.926561], [13.936817, 44.925894], [13.936106, 44.926047], [13.933321, 44.923106], [13.931245, 44.922444], [13.928864, 44.920513], [13.928891, 44.919195], [13.92832, 44.917402], [13.930739, 44.917157], [13.929188, 44.914203], [13.926704, 44.908195], [13.919939, 44.909555], [13.918433, 44.908554], [13.917723, 44.908538], [13.917642, 44.907625], [13.916834, 44.906544], [13.913049, 44.906448], [13.912359, 44.906896], [13.911142, 44.906398], [13.908295, 44.906511], [13.907955, 44.906229], [13.906387, 44.906491], [13.90553, 44.906196], [13.905512, 44.897613], [13.905084, 44.896953], [13.903072, 44.895868], [13.897661, 44.893819], [13.892934, 44.893109], [13.89042, 44.893519], [13.889508, 44.893394], [13.88927, 44.893999], [13.88977, 44.89601], [13.888997, 44.89655], [13.886139, 44.897541], [13.886331, 44.897754], [13.88547, 44.898714], [13.888351, 44.902156], [13.889528, 44.902635], [13.89131, 44.903513], [13.893169, 44.906493], [13.89526, 44.907498], [13.893812, 44.908646], [13.889433, 44.908257], [13.888743, 44.906991], [13.88554, 44.907176], [13.885099, 44.908302], [13.887929, 44.910755], [13.889602, 44.91272], [13.891184, 44.912744], [13.891737, 44.913575], [13.892544, 44.914012], [13.893477, 44.915356], [13.894568, 44.918888], [13.898083, 44.920593], [13.900027, 44.922434], [13.902666, 44.923975], [13.903581, 44.924858], [13.906641, 44.925791], [13.909058, 44.927186], [13.910055, 44.928244], [13.911284, 44.928866], [13.912257, 44.931238], [13.91923, 44.929836], [13.924068, 44.933405], [13.924945, 44.934419], [13.928703, 44.933623], [13.929141, 44.933954], [13.933549, 44.931033], [13.932718, 44.929759], [13.936135, 44.929241], [13.936817, 44.930336], [13.94001, 44.929536]]]}, "properties": {"id": 30, "razina": "naselje", "name": "Loborika", "jls_name": "Marčana", "jls_maticni_broj": "02542", "zupanija": "Istarska", "area_km2": 8.952, "stanovnistvo": 978, "palette_idx": 2, "source": "DGU rpj:naselje"}}, {"type": "Feature", "id": 31, "geometry": {"type": "Polygon", "coordinates": [[[14.012604, 44.937211], [14.010017, 44.937365], [14.009305, 44.937874], [14.006622, 44.938727], [14.004797, 44.940024], [14.004076, 44.939834], [14.004023, 44.937606], [14.002417, 44.937446], [14.001077, 44.937608], [13.9995, 44.938696], [13.996121, 44.939382], [13.995157, 44.940077], [13.995686, 44.94074], [13.995742, 44.941553], [13.994288, 44.942784], [13.99354, 44.944259], [13.99465, 44.944261], [13.995972, 44.945336], [13.997373, 44.945931], [13.999783, 44.947985], [14.000394, 44.94904], [14.002196, 44.949082], [14.005228, 44.948368], [14.00845, 44.948427], [14.011978, 44.947241], [14.011838, 44.945951], [14.011199, 44.945173], [14.011193, 44.942081], [14.01193, 44.941202], [14.011316, 44.94008], [14.012604, 44.937211]]]}, "properties": {"id": 31, "razina": "naselje", "name": "Mali Vareški", "jls_name": "Marčana", "jls_maticni_broj": "02542", "zupanija": "Istarska", "area_km2": 1.3634, "stanovnistvo": 81, "palette_idx": 2, "source": "DGU rpj:naselje"}}, {"type": "Feature", "id": 32, "geometry": {"type": "Polygon", "coordinates": [[[13.912257, 44.931238], [13.909932, 44.931752], [13.909516, 44.932469], [13.910864, 44.93657], [13.912893, 44.94089], [13.915391, 44.940889], [13.917883, 44.941329], [13.918497, 44.94172], [13.919089, 44.942998], [13.919827, 44.942899], [13.920327, 44.94425], [13.921493, 44.94554], [13.920944, 44.945931], [13.921758, 44.946892], [13.923015, 44.952098], [13.924943, 44.956762], [13.930273, 44.956932], [13.932853, 44.956244], [13.933569, 44.955414], [13.934453, 44.955367], [13.935076, 44.955761], [13.938586, 44.955686], [13.938378, 44.958252], [13.937847, 44.960102], [13.937416, 44.960126], [13.937927, 44.964791], [13.939551, 44.965362], [13.940405, 44.966152], [13.940286, 44.966768], [13.941164, 44.966689], [13.943157, 44.968372], [13.943599, 44.969065], [13.942648, 44.96948], [13.943674, 44.971478], [13.945297, 44.972565], [13.946681, 44.975739], [13.946399, 44.975877], [13.947013, 44.976733], [13.947133, 44.977782], [13.94824, 44.978753], [13.948656, 44.9805], [13.949817, 44.981059], [13.952365, 44.983871], [13.953486, 44.985833], [13.954612, 44.986673], [13.957042, 44.986583], [13.965681, 44.984332], [13.966587, 44.983359], [13.970601, 44.98057], [13.975091, 44.974826], [13.976248, 44.972013], [13.977212, 44.971219], [13.977827, 44.971112], [13.978507, 44.970233], [13.979311, 44.970098], [13.980514, 44.969105], [13.983535, 44.967494], [13.98598, 44.965108], [13.985899, 44.963941], [13.980994, 44.961994], [13.979454, 44.960621], [13.978063, 44.95998], [13.978368, 44.959321], [13.979246, 44.958906], [13.977843, 44.957754], [13.977546, 44.956755], [13.977642, 44.956432], [13.978512, 44.956572], [13.978983, 44.955055], [13.978387, 44.95424], [13.977461, 44.954119], [13.977038, 44.954225], [13.975158, 44.952761], [13.973035, 44.950449], [13.973337, 44.949901], [13.972746, 44.949121], [13.974162, 44.949243], [13.975655, 44.948164], [13.975482, 44.945992], [13.975945, 44.944253], [13.977081, 44.943068], [13.977205, 44.939537], [13.977747, 44.939047], [13.978094, 44.937824], [13.977989, 44.935024], [13.978542, 44.933476], [13.978251, 44.932468], [13.978711, 44.932011], [13.9793, 44.929825], [13.97896, 44.929121], [13.976963, 44.927848], [13.975054, 44.925854], [13.974799, 44.925068], [13.973057, 44.926544], [13.96168, 44.926826], [13.959008, 44.927374], [13.958236, 44.927823], [13.946085, 44.930364], [13.944818, 44.929953], [13.941267, 44.930733], [13.94124, 44.929391], [13.94001, 44.929536], [13.936817, 44.930336], [13.936135, 44.929241], [13.932718, 44.929759], [13.933549, 44.931033], [13.929141, 44.933954], [13.928703, 44.933623], [13.924945, 44.934419], [13.924068, 44.933405], [13.91923, 44.929836], [13.912257, 44.931238]]]}, "properties": {"id": 32, "razina": "naselje", "name": "Marčana", "jls_name": "Marčana", "jls_maticni_broj": "02542", "zupanija": "Istarska", "area_km2": 22.4537, "stanovnistvo": 1099, "palette_idx": 0, "source": "DGU rpj:naselje"}}, {"type": "Feature", "id": 33, "geometry": {"type": "Polygon", "coordinates": [[[13.990594, 44.963853], [13.988069, 44.961446], [13.987498, 44.959573], [13.986616, 44.9586], [13.988505, 44.956186], [13.988778, 44.955319], [13.988925, 44.954402], [13.988222, 44.953698], [13.989069, 44.951515], [13.988904, 44.950783], [13.986099, 44.948527], [13.983677, 44.948223], [13.981522, 44.949472], [13.980523, 44.950486], [13.979944, 44.950442], [13.979703, 44.950085], [13.979555, 44.949202], [13.979936, 44.948363], [13.979611, 44.94833], [13.977648, 44.950442], [13.978224, 44.952204], [13.977461, 44.954119], [13.978387, 44.95424], [13.978983, 44.955055], [13.978512, 44.956572], [13.977642, 44.956432], [13.977546, 44.956755], [13.977843, 44.957754], [13.979246, 44.958906], [13.978368, 44.959321], [13.978063, 44.95998], [13.979454, 44.960621], [13.980994, 44.961994], [13.985899, 44.963941], [13.987765, 44.963917], [13.988223, 44.964249], [13.990075, 44.964578], [13.990594, 44.963853]]]}, "properties": {"id": 33, "razina": "naselje", "name": "Mutvoran", "jls_name": "Marčana", "jls_maticni_broj": "02542", "zupanija": "Istarska", "area_km2": 1.2092, "stanovnistvo": 21, "palette_idx": 2, "source": "DGU rpj:naselje"}}, {"type": "Feature", "id": 34, "geometry": {"type": "Polygon", "coordinates": [[[13.896944, 45.003863], [13.89871, 45.006276], [13.899443, 45.006475], [13.901327, 45.006069], [13.903606, 45.006428], [13.907261, 45.005486], [13.90741, 45.005224], [13.908199, 45.005805], [13.908761, 45.007297], [13.909539, 45.006853], [13.909517, 45.007793], [13.912612, 45.008789], [13.912254, 45.009944], [13.914977, 45.010367], [13.915718, 45.012195], [13.91662, 45.01317], [13.916391, 45.013461], [13.917449, 45.015992], [13.91819, 45.016352], [13.917795, 45.017295], [13.921331, 45.018553], [13.923112, 45.019913], [13.926884, 45.020596], [13.92871, 45.020111], [13.930076, 45.020418], [13.934265, 45.019662], [13.936788, 45.01834], [13.936988, 45.017624], [13.937241, 45.018005], [13.938877, 45.017734], [13.938588, 45.017588], [13.947204, 45.014311], [13.947544, 45.014148], [13.944333, 45.012368], [13.942569, 45.012111], [13.935579, 45.009146], [13.934948, 45.007844], [13.931568, 45.00521], [13.931447, 45.003446], [13.930307, 45.000593], [13.9282, 45.0009], [13.927138, 45.000535], [13.925736, 45.001059], [13.924921, 45.001981], [13.925138, 45.002663], [13.924734, 45.002227], [13.923733, 45.002509], [13.923154, 45.002365], [13.922462, 45.001761], [13.922939, 45.001145], [13.921376, 45.000684], [13.918099, 45.000321], [13.916526, 45.000462], [13.915177, 44.9998], [13.910855, 45.000556], [13.910962, 45.001257], [13.91043, 45.001663], [13.908609, 45.001355], [13.903162, 45.003083], [13.902542, 45.002821], [13.90116, 45.002905], [13.900198, 45.002275], [13.898508, 45.003344], [13.896944, 45.003863]]]}, "properties": {"id": 34, "razina": "naselje", "name": "Orbanići", "jls_name": "Marčana", "jls_maticni_broj": "02542", "zupanija": "Istarska", "area_km2": 4.3114, "stanovnistvo": 141, "palette_idx": 2, "source": "DGU rpj:naselje"}}, {"type": "Feature", "id": 35, "geometry": {"type": "Polygon", "coordinates": [[[14.028504, 44.920713], [14.029003, 44.919683], [14.028786, 44.919372], [14.028228, 44.919389], [14.02755, 44.920022], [14.025079, 44.920175], [14.024857, 44.919984], [14.025832, 44.918271], [14.025578, 44.917656], [14.023962, 44.917409], [14.023104, 44.918028], [14.022733, 44.917853], [14.022681, 44.91788], [14.02311, 44.91804], [14.022212, 44.918409], [14.021677, 44.918222], [14.021385, 44.91671], [14.020483, 44.91635], [14.019228, 44.916421], [14.015422, 44.916687], [14.012052, 44.914917], [14.011198, 44.91498], [14.009289, 44.914504], [14.007073, 44.914446], [14.00632, 44.91483], [14.004935, 44.914828], [14.003333, 44.916376], [14.000777, 44.921863], [13.99528, 44.922139], [13.992951, 44.921862], [13.992825, 44.923222], [13.993454, 44.924495], [13.993731, 44.926752], [13.994544, 44.927021], [13.996017, 44.926733], [13.999125, 44.927117], [13.999287, 44.927724], [13.9985, 44.928591], [13.998977, 44.929552], [13.999789, 44.930381], [14.001818, 44.930112], [14.002456, 44.931077], [14.004605, 44.930776], [14.006112, 44.93135], [14.011062, 44.930934], [14.013374, 44.93031], [14.017375, 44.92738], [14.019676, 44.926551], [14.020237, 44.925823], [14.025233, 44.92257], [14.027221, 44.920711], [14.028504, 44.920713]]]}, "properties": {"id": 35, "razina": "naselje", "name": "Pavićini", "jls_name": "Marčana", "jls_maticni_broj": "02542", "zupanija": "Istarska", "area_km2": 3.0961, "stanovnistvo": 79, "palette_idx": 1, "source": "DGU rpj:naselje"}}, {"type": "Feature", "id": 36, "geometry": {"type": "MultiPolygon", "coordinates": [[[[14.034606, 44.953304], [14.033659, 44.953193], [14.031583, 44.954162], [14.032329, 44.952621], [14.031266, 44.95161], [14.033493, 44.9512], [14.035078, 44.949619], [14.03508, 44.949039], [14.036323, 44.949215], [14.037368, 44.948966], [14.040228, 44.947415], [14.040858, 44.946301], [14.038549, 44.944467], [14.043383, 44.944852], [14.044708, 44.94468], [14.047013, 44.942487], [14.045384, 44.941872], [14.045386, 44.941475], [14.048986, 44.940406], [14.049949, 44.939644], [14.05038, 44.938188], [14.049894, 44.937201], [14.048263, 44.93585], [14.046856, 44.935596], [14.046407, 44.935183], [14.045109, 44.934835], [14.043277, 44.935342], [14.043031, 44.934525], [14.041436, 44.933882], [14.041707, 44.933418], [14.044586, 44.932884], [14.045597, 44.931555], [14.043768, 44.92996], [14.040724, 44.929077], [14.042741, 44.928169], [14.043131, 44.926997], [14.042576, 44.926261], [14.038718, 44.92569], [14.040385, 44.925066], [14.041809, 44.923844], [14.040697, 44.922748], [14.039544, 44.922243], [14.0398, 44.922097], [14.039022, 44.919981], [14.038455, 44.920011], [14.039081, 44.919602], [14.038724, 44.918021], [14.037733, 44.918136], [14.038544, 44.917888], [14.038258, 44.917674], [14.036822, 44.91713], [14.035169, 44.917297], [14.03385, 44.919339], [14.033034, 44.919171], [14.032538, 44.919361], [14.031827, 44.921218], [14.031977, 44.922657], [14.030355, 44.923066], [14.029524, 44.924082], [14.029781, 44.926179], [14.030386, 44.926878], [14.029898, 44.927739], [14.030302, 44.928222], [14.029659, 44.930299], [14.030168, 44.931717], [14.029281, 44.935001], [14.027999, 44.93645], [14.027457, 44.935808], [14.026263, 44.935761], [14.025848, 44.935138], [14.026184, 44.934874], [14.025336, 44.934315], [14.024673, 44.934625], [14.016304, 44.934628], [14.014687, 44.935223], [14.012604, 44.937211], [14.011316, 44.94008], [14.01193, 44.941202], [14.011193, 44.942081], [14.011199, 44.945173], [14.011838, 44.945951], [14.011978, 44.947241], [14.00845, 44.948427], [14.005228, 44.948368], [14.002196, 44.949082], [14.000394, 44.94904], [14.001339, 44.950261], [14.004272, 44.95708], [14.008962, 44.96405], [14.016367, 44.966631], [14.017654, 44.966903], [14.018908, 44.966723], [14.020995, 44.967302], [14.021698, 44.967235], [14.022375, 44.966701], [14.022563, 44.965237], [14.02387, 44.962417], [14.026607, 44.960958], [14.029411, 44.958941], [14.030717, 44.956753], [14.032555, 44.955699], [14.033742, 44.953792], [14.034606, 44.953304]]], [[[14.030648, 44.922943], [14.030608, 44.922932], [14.030519, 44.922975], [14.030599, 44.922973], [14.030648, 44.922943]]]]}, "properties": {"id": 36, "razina": "naselje", "name": "Peruški", "jls_name": "Marčana", "jls_maticni_broj": "02542", "zupanija": "Istarska", "area_km2": 9.4804, "stanovnistvo": 215, "palette_idx": 3, "source": "DGU rpj:naselje"}}, {"type": "Feature", "id": 37, "geometry": {"type": "Polygon", "coordinates": [[[13.924943, 44.956762], [13.920164, 44.957695], [13.918162, 44.958878], [13.916475, 44.960407], [13.917315, 44.96247], [13.92111, 44.964506], [13.921753, 44.966421], [13.923013, 44.96783], [13.928008, 44.969574], [13.930701, 44.96971], [13.933249, 44.97165], [13.934092, 44.971855], [13.93809, 44.972092], [13.939998, 44.971669], [13.942807, 44.971831], [13.943492, 44.973465], [13.944215, 44.97318], [13.944726, 44.973295], [13.944351, 44.973703], [13.944844, 44.974549], [13.944467, 44.975229], [13.945509, 44.975871], [13.946399, 44.975877], [13.946681, 44.975739], [13.945297, 44.972565], [13.943674, 44.971478], [13.942648, 44.96948], [13.943599, 44.969065], [13.943157, 44.968372], [13.941164, 44.966689], [13.940286, 44.966768], [13.940405, 44.966152], [13.939551, 44.965362], [13.937927, 44.964791], [13.937416, 44.960126], [13.937847, 44.960102], [13.938378, 44.958252], [13.938586, 44.955686], [13.935076, 44.955761], [13.934453, 44.955367], [13.933569, 44.955414], [13.932853, 44.956244], [13.930273, 44.956932], [13.924943, 44.956762]]]}, "properties": {"id": 37, "razina": "naselje", "name": "Pinezići", "jls_name": "Marčana", "jls_maticni_broj": "02542", "zupanija": "Istarska", "area_km2": 2.4528, "stanovnistvo": 40, "palette_idx": 2, "source": "DGU rpj:naselje"}}, {"type": "Feature", "id": 38, "geometry": {"type": "Polygon", "coordinates": [[[13.970436, 45.003523], [13.972994, 45.00341], [13.974948, 45.002815], [13.977495, 45.002529], [13.981901, 45.001751], [13.984561, 45.001714], [13.989623, 45.001], [13.990458, 45.000308], [13.991863, 45.000516], [13.992553, 45.000021], [13.993512, 44.999894], [13.99572, 44.999348], [13.99972, 44.999302], [14.000012, 44.999095], [14.002054, 45.000254], [14.003289, 44.999982], [14.00457, 45.000639], [14.005931, 44.998687], [14.006239, 44.997363], [14.008702, 44.995389], [14.010842, 44.992649], [14.01089, 44.991801], [14.0094, 44.992181], [14.001192, 44.993038], [13.998919, 44.994393], [13.997909, 44.993925], [13.998273, 44.994814], [13.997377, 44.994667], [13.99723, 44.993732], [13.994366, 44.994612], [13.993605, 44.9937], [13.991695, 44.993235], [13.991274, 44.993919], [13.988479, 44.993205], [13.987795, 44.992422], [13.985797, 44.991767], [13.983893, 44.990423], [13.982975, 44.988564], [13.982275, 44.988345], [13.982, 44.987267], [13.981466, 44.986921], [13.981623, 44.986289], [13.983533, 44.984395], [13.983178, 44.982858], [13.980709, 44.98371], [13.9795, 44.98384], [13.979428, 44.982022], [13.978506, 44.982077], [13.978137, 44.981306], [13.976432, 44.982381], [13.974921, 44.98195], [13.972107, 44.980473], [13.971383, 44.981009], [13.970601, 44.98057], [13.966587, 44.983359], [13.965681, 44.984332], [13.957042, 44.986583], [13.954612, 44.986673], [13.956782, 44.990716], [13.959747, 44.993797], [13.959796, 44.994693], [13.960006, 44.994515], [13.960361, 44.994703], [13.963584, 44.998639], [13.964387, 45.000406], [13.963608, 45.00091], [13.967061, 45.001693], [13.967492, 45.002107], [13.966955, 45.002575], [13.967252, 45.003172], [13.970436, 45.003523]]]}, "properties": {"id": 38, "razina": "naselje", "name": "Prodol", "jls_name": "Marčana", "jls_maticni_broj": "02542", "zupanija": "Istarska", "area_km2": 5.546, "stanovnistvo": 86, "palette_idx": 2, "source": "DGU rpj:naselje"}}, {"type": "Feature", "id": 39, "geometry": {"type": "Polygon", "coordinates": [[[14.036367, 44.953633], [14.0371, 44.954345], [14.03525, 44.955711], [14.034768, 44.955644], [14.034198, 44.956829], [14.035144, 44.958595], [14.034394, 44.959617], [14.034134, 44.960771], [14.034546, 44.962978], [14.035456, 44.964193], [14.035477, 44.96649], [14.034715, 44.96952], [14.031505, 44.974563], [14.034213, 44.977293], [14.033482, 44.977903], [14.034342, 44.979151], [14.035032, 44.979365], [14.033915, 44.979987], [14.032358, 44.981767], [14.031804, 44.981584], [14.030999, 44.981881], [14.028016, 44.983973], [14.024312, 44.983819], [14.022348, 44.98287], [14.0208, 44.982537], [14.018555, 44.983148], [14.016471, 44.984232], [14.013907, 44.984585], [14.010762, 44.987903], [14.010804, 44.991183], [14.0162, 44.992206], [14.018415, 44.992362], [14.022176, 44.99103], [14.024055, 44.990781], [14.026199, 44.992356], [14.029559, 44.992718], [14.030156, 44.99247], [14.03159, 44.993243], [14.034322, 44.994112], [14.035655, 44.995103], [14.040224, 44.996827], [14.04184, 44.997821], [14.04423, 44.998374], [14.043337, 44.999003], [14.040856, 44.999877], [14.040701, 45.000212], [14.041147, 45.000583], [14.040884, 45.000837], [14.039404, 45.000612], [14.04048, 45.001127], [14.041944, 45.001177], [14.046344, 45.000113], [14.048152, 44.999228], [14.049061, 44.998558], [14.048696, 44.997246], [14.047978, 44.996394], [14.048709, 44.995539], [14.052718, 44.996762], [14.05777, 44.995855], [14.058736, 44.99477], [14.060846, 44.994809], [14.062564, 44.994374], [14.06572, 44.994235], [14.068036, 44.99372], [14.069864, 44.992957], [14.070967, 44.991717], [14.070541, 44.990065], [14.071615, 44.986876], [14.071223, 44.984317], [14.072379, 44.98258], [14.073136, 44.980454], [14.074935, 44.979202], [14.076155, 44.978742], [14.07663, 44.978045], [14.075874, 44.977414], [14.075403, 44.977529], [14.075605, 44.977251], [14.07362, 44.975994], [14.07215, 44.975618], [14.070116, 44.976244], [14.068744, 44.977212], [14.066174, 44.978008], [14.065378, 44.978624], [14.064227, 44.978243], [14.063489, 44.977245], [14.066016, 44.976067], [14.066887, 44.974176], [14.065182, 44.972127], [14.0635, 44.97098], [14.064385, 44.969475], [14.064557, 44.967207], [14.063298, 44.966546], [14.059327, 44.965499], [14.058032, 44.963781], [14.05589, 44.962758], [14.054526, 44.962794], [14.053164, 44.963341], [14.052343, 44.962942], [14.054547, 44.960589], [14.056363, 44.959879], [14.056773, 44.959258], [14.055832, 44.958652], [14.054361, 44.958338], [14.055009, 44.957854], [14.054269, 44.956698], [14.050554, 44.955175], [14.051157, 44.954375], [14.052021, 44.95449], [14.052941, 44.954185], [14.054636, 44.950843], [14.054524, 44.949232], [14.053595, 44.947828], [14.050782, 44.946848], [14.050223, 44.946897], [14.047305, 44.948086], [14.04688, 44.948703], [14.044489, 44.948784], [14.038354, 44.951078], [14.036701, 44.951311], [14.036061, 44.952116], [14.036534, 44.953178], [14.036367, 44.953633]]]}, "properties": {"id": 39, "razina": "naselje", "name": "Rakalj", "jls_name": "Marčana", "jls_maticni_broj": "02542", "zupanija": "Istarska", "area_km2": 14.0654, "stanovnistvo": 393, "palette_idx": 2, "source": "DGU rpj:naselje"}}, {"type": "Feature", "id": 40, "geometry": {"type": "Polygon", "coordinates": [[[13.983677, 44.948223], [13.985124, 44.947402], [13.986327, 44.947396], [13.987896, 44.946954], [13.988949, 44.946091], [13.99354, 44.944259], [13.994288, 44.942784], [13.995742, 44.941553], [13.995686, 44.94074], [13.995157, 44.940077], [13.993407, 44.935743], [13.992315, 44.936179], [13.991587, 44.936045], [13.991086, 44.933777], [13.98951, 44.93119], [13.990151, 44.929765], [13.988239, 44.928158], [13.988218, 44.926922], [13.985837, 44.926347], [13.983674, 44.926465], [13.981853, 44.929056], [13.97896, 44.929121], [13.9793, 44.929825], [13.978711, 44.932011], [13.978251, 44.932468], [13.978542, 44.933476], [13.977989, 44.935024], [13.978094, 44.937824], [13.977747, 44.939047], [13.977205, 44.939537], [13.977081, 44.943068], [13.975945, 44.944253], [13.975482, 44.945992], [13.975655, 44.948164], [13.974162, 44.949243], [13.972746, 44.949121], [13.973337, 44.949901], [13.973035, 44.950449], [13.975158, 44.952761], [13.977038, 44.954225], [13.977461, 44.954119], [13.978224, 44.952204], [13.977648, 44.950442], [13.979611, 44.94833], [13.979936, 44.948363], [13.979555, 44.949202], [13.979703, 44.950085], [13.979944, 44.950442], [13.980523, 44.950486], [13.981522, 44.949472], [13.983677, 44.948223]]]}, "properties": {"id": 40, "razina": "naselje", "name": "Veliki Vareški", "jls_name": "Marčana", "jls_maticni_broj": "02542", "zupanija": "Istarska", "area_km2": 2.7809, "stanovnistvo": 16, "palette_idx": 1, "source": "DGU rpj:naselje"}}, {"type": "Feature", "id": 41, "geometry": {"type": "Polygon", "coordinates": [[[13.946399, 44.975877], [13.945509, 44.975871], [13.944467, 44.975229], [13.944844, 44.974549], [13.944351, 44.973703], [13.944726, 44.973295], [13.944215, 44.97318], [13.943492, 44.973465], [13.942807, 44.971831], [13.939998, 44.971669], [13.93809, 44.972092], [13.934092, 44.971855], [13.933249, 44.97165], [13.930701, 44.96971], [13.928008, 44.969574], [13.923013, 44.96783], [13.923165, 44.968385], [13.921236, 44.970741], [13.921063, 44.973126], [13.920505, 44.974887], [13.919198, 44.975643], [13.921105, 44.979188], [13.92318, 44.980889], [13.922628, 44.982223], [13.923303, 44.983691], [13.92373, 44.982821], [13.925327, 44.982111], [13.929888, 44.98134], [13.931855, 44.982342], [13.934325, 44.98202], [13.933373, 44.98387], [13.933725, 44.984401], [13.937327, 44.984545], [13.938264, 44.984225], [13.939629, 44.984259], [13.941404, 44.985568], [13.942546, 44.985959], [13.946069, 44.986275], [13.947878, 44.98703], [13.951438, 44.98746], [13.954612, 44.986673], [13.953486, 44.985833], [13.952365, 44.983871], [13.949817, 44.981059], [13.948656, 44.9805], [13.94824, 44.978753], [13.947133, 44.977782], [13.947013, 44.976733], [13.946399, 44.975877]]]}, "properties": {"id": 41, "razina": "naselje", "name": "Šarići", "jls_name": "Marčana", "jls_maticni_broj": "02542", "zupanija": "Istarska", "area_km2": 3.1572, "stanovnistvo": 93, "palette_idx": 3, "source": "DGU rpj:naselje"}}, {"type": "Feature", "id": 42, "geometry": {"type": "Polygon", "coordinates": [[[14.012604, 44.937211], [14.014687, 44.935223], [14.016304, 44.934628], [14.024673, 44.934625], [14.025336, 44.934315], [14.026184, 44.934874], [14.025848, 44.935138], [14.026263, 44.935761], [14.027457, 44.935808], [14.027999, 44.93645], [14.029281, 44.935001], [14.030168, 44.931717], [14.029659, 44.930299], [14.030302, 44.928222], [14.029898, 44.927739], [14.030386, 44.926878], [14.029781, 44.926179], [14.029524, 44.924082], [14.027358, 44.926372], [14.026311, 44.926208], [14.026399, 44.925241], [14.026912, 44.925055], [14.028008, 44.923124], [14.028504, 44.920713], [14.027221, 44.920711], [14.025233, 44.92257], [14.020237, 44.925823], [14.019676, 44.926551], [14.017375, 44.92738], [14.013374, 44.93031], [14.011062, 44.930934], [14.006112, 44.93135], [14.004605, 44.930776], [14.002456, 44.931077], [14.001818, 44.930112], [13.999789, 44.930381], [13.998977, 44.929552], [13.9985, 44.928591], [13.999287, 44.927724], [13.999125, 44.927117], [13.996017, 44.926733], [13.994544, 44.927021], [13.993731, 44.926752], [13.993312, 44.926772], [13.992674, 44.928047], [13.991497, 44.928878], [13.991248, 44.929428], [13.990151, 44.929765], [13.98951, 44.93119], [13.991086, 44.933777], [13.991587, 44.936045], [13.992315, 44.936179], [13.993407, 44.935743], [13.995157, 44.940077], [13.996121, 44.939382], [13.9995, 44.938696], [14.001077, 44.937608], [14.002417, 44.937446], [14.004023, 44.937606], [14.004076, 44.939834], [14.004797, 44.940024], [14.006622, 44.938727], [14.009305, 44.937874], [14.010017, 44.937365], [14.012604, 44.937211]]]}, "properties": {"id": 42, "razina": "naselje", "name": "Šegotići", "jls_name": "Marčana", "jls_maticni_broj": "02542", "zupanija": "Istarska", "area_km2": 3.0641, "stanovnistvo": 86, "palette_idx": 0, "source": "DGU rpj:naselje"}}, {"type": "Feature", "id": 43, "geometry": {"type": "Polygon", "coordinates": [[[14.018021, 45.070935], [14.017627, 45.070513], [14.021903, 45.069628], [14.0295, 45.070169], [14.033516, 45.068464], [14.034265, 45.067656], [14.034419, 45.066038], [14.035073, 45.063046], [14.03453, 45.061738], [14.033865, 45.061245], [14.029178, 45.060416], [14.025573, 45.059248], [14.024565, 45.058337], [14.022993, 45.058054], [14.020757, 45.056838], [14.019998, 45.056926], [14.019404, 45.057598], [14.017465, 45.057994], [14.016122, 45.058956], [14.01565, 45.058958], [14.014922, 45.058407], [14.01372, 45.058657], [14.013493, 45.052953], [14.01244, 45.051739], [14.00842, 45.04905], [14.004647, 45.043929], [14.002102, 45.044079], [14.000185, 45.044719], [13.997397, 45.045017], [13.999221, 45.047495], [14.001732, 45.04889], [14.0013, 45.049055], [14.002032, 45.050112], [14.002507, 45.052787], [14.001834, 45.053584], [14.000328, 45.054455], [13.996634, 45.058381], [13.998488, 45.057807], [14.001108, 45.057782], [14.003249, 45.05899], [14.000539, 45.061421], [13.998296, 45.065015], [14.001583, 45.065332], [14.002706, 45.065217], [14.004577, 45.064283], [14.008371, 45.064097], [14.008367, 45.064527], [14.007717, 45.064966], [14.007802, 45.065415], [14.012065, 45.066356], [14.014149, 45.068232], [14.016749, 45.068928], [14.017221, 45.070934], [14.018021, 45.070935]]]}, "properties": {"id": 43, "razina": "naselje", "name": "Barban", "jls_name": "Barban", "jls_maticni_broj": "00060", "zupanija": "Istarska", "area_km2": 3.9944, "stanovnistvo": 218, "palette_idx": 1, "source": "DGU rpj:naselje"}}, {"type": "Feature", "id": 44, "geometry": {"type": "Polygon", "coordinates": [[[13.924725, 45.043388], [13.925458, 45.041482], [13.928827, 45.039947], [13.928751, 45.039057], [13.929229, 45.038053], [13.930804, 45.036035], [13.931121, 45.035169], [13.930886, 45.034452], [13.933172, 45.034833], [13.932859, 45.034141], [13.933132, 45.034182], [13.933518, 45.033049], [13.934962, 45.03265], [13.936156, 45.032687], [13.937233, 45.033338], [13.938029, 45.033057], [13.93748, 45.032278], [13.937135, 45.029332], [13.936152, 45.028538], [13.935328, 45.027157], [13.936186, 45.026756], [13.936111, 45.026446], [13.937182, 45.025656], [13.937137, 45.024312], [13.942458, 45.022894], [13.943052, 45.022943], [13.943481, 45.023435], [13.943692, 45.022427], [13.944725, 45.021771], [13.945643, 45.020092], [13.944947, 45.01914], [13.945649, 45.018223], [13.945128, 45.01768], [13.945199, 45.017095], [13.947531, 45.015399], [13.947204, 45.014311], [13.938588, 45.017588], [13.938877, 45.017734], [13.937241, 45.018005], [13.936988, 45.017624], [13.936788, 45.01834], [13.934265, 45.019662], [13.930076, 45.020418], [13.92871, 45.020111], [13.926884, 45.020596], [13.926588, 45.02103], [13.92767, 45.023375], [13.927519, 45.024559], [13.92862, 45.02575], [13.929312, 45.027978], [13.928975, 45.02974], [13.928555, 45.029767], [13.928283, 45.032674], [13.927834, 45.032561], [13.926778, 45.035119], [13.926914, 45.037738], [13.925256, 45.037694], [13.9249, 45.03967], [13.923181, 45.040818], [13.922723, 45.041497], [13.923504, 45.041811], [13.923394, 45.042987], [13.924725, 45.043388]]]}, "properties": {"id": 44, "razina": "naselje", "name": "Bičići", "jls_name": "Barban", "jls_maticni_broj": "00060", "zupanija": "Istarska", "area_km2": 1.8498, "stanovnistvo": 69, "palette_idx": 3, "source": "DGU rpj:naselje"}}, {"type": "Feature", "id": 45, "geometry": {"type": "Polygon", "coordinates": [[[13.994325, 45.034538], [13.994138, 45.032133], [13.993165, 45.030938], [13.992617, 45.029398], [13.988318, 45.02774], [13.987678, 45.026793], [13.986365, 45.026291], [13.985293, 45.02537], [13.984786, 45.023569], [13.983341, 45.022571], [13.981577, 45.022102], [13.97988, 45.020469], [13.978233, 45.019409], [13.977619, 45.020697], [13.977354, 45.022828], [13.978119, 45.023486], [13.978418, 45.025505], [13.979441, 45.027448], [13.979133, 45.029393], [13.979877, 45.031558], [13.979078, 45.032036], [13.978403, 45.033524], [13.976765, 45.034547], [13.975161, 45.034124], [13.973237, 45.034835], [13.97144, 45.034953], [13.975454, 45.039795], [13.978099, 45.04241], [13.978549, 45.040955], [13.979088, 45.04073], [13.979738, 45.04123], [13.983179, 45.041608], [13.985748, 45.041535], [13.986661, 45.040967], [13.99183, 45.04324], [13.993945, 45.043603], [13.995534, 45.043443], [13.996957, 45.044643], [13.997209, 45.044008], [13.998225, 45.043216], [13.997654, 45.04216], [13.998026, 45.04146], [13.995939, 45.036669], [13.994325, 45.034538]]]}, "properties": {"id": 45, "razina": "naselje", "name": "Borinići", "jls_name": "Barban", "jls_maticni_broj": "00060", "zupanija": "Istarska", "area_km2": 2.7194, "stanovnistvo": 5, "palette_idx": 3, "source": "DGU rpj:naselje"}}, {"type": "Feature", "id": 46, "geometry": {"type": "Polygon", "coordinates": [[[13.981993, 45.075553], [13.978378, 45.076443], [13.973463, 45.079288], [13.970199, 45.079454], [13.968837, 45.07919], [13.96744, 45.079755], [13.96869, 45.080904], [13.969429, 45.082566], [13.974579, 45.083453], [13.973019, 45.085072], [13.975126, 45.085086], [13.975741, 45.086235], [13.977127, 45.086213], [13.977593, 45.086644], [13.977621, 45.088247], [13.979174, 45.089436], [13.980719, 45.091514], [13.983187, 45.093532], [13.98422, 45.09344], [13.984339, 45.092124], [13.986188, 45.089287], [13.985953, 45.086903], [13.984498, 45.086565], [13.983789, 45.08594], [13.982787, 45.085925], [13.983045, 45.085284], [13.982549, 45.084568], [13.982737, 45.083984], [13.981892, 45.083534], [13.98239, 45.082848], [13.980885, 45.08202], [13.981314, 45.079844], [13.982947, 45.078096], [13.982175, 45.076776], [13.981993, 45.075553]]]}, "properties": {"id": 46, "razina": "naselje", "name": "Draguzeti", "jls_name": "Barban", "jls_maticni_broj": "00060", "zupanija": "Istarska", "area_km2": 1.1843, "stanovnistvo": 75, "palette_idx": 0, "source": "DGU rpj:naselje"}}, {"type": "Feature", "id": 47, "geometry": {"type": "Polygon", "coordinates": [[[13.96186, 45.008135], [13.960887, 45.008503], [13.960686, 45.008269], [13.960098, 45.008661], [13.960091, 45.009418], [13.959785, 45.009509], [13.960058, 45.009874], [13.95811, 45.011384], [13.956672, 45.011165], [13.955545, 45.011821], [13.952768, 45.011314], [13.951855, 45.01218], [13.947544, 45.014148], [13.947204, 45.014311], [13.947531, 45.015399], [13.945199, 45.017095], [13.945128, 45.01768], [13.945649, 45.018223], [13.944947, 45.01914], [13.945643, 45.020092], [13.944725, 45.021771], [13.943692, 45.022427], [13.943481, 45.023435], [13.944336, 45.02587], [13.947422, 45.02724], [13.946582, 45.028421], [13.948135, 45.029766], [13.951544, 45.030905], [13.952189, 45.030679], [13.956449, 45.030755], [13.957463, 45.030202], [13.958763, 45.030028], [13.960485, 45.031554], [13.962074, 45.031849], [13.962618, 45.032316], [13.962282, 45.032648], [13.962815, 45.033157], [13.964065, 45.033991], [13.964517, 45.033818], [13.965167, 45.034711], [13.967933, 45.034894], [13.968146, 45.035552], [13.968876, 45.036039], [13.96964, 45.035111], [13.97144, 45.034953], [13.973237, 45.034835], [13.975161, 45.034124], [13.976765, 45.034547], [13.978403, 45.033524], [13.979078, 45.032036], [13.979877, 45.031558], [13.979133, 45.029393], [13.979441, 45.027448], [13.978418, 45.025505], [13.978119, 45.023486], [13.977354, 45.022828], [13.977619, 45.020697], [13.978233, 45.019409], [13.975383, 45.016779], [13.974312, 45.016234], [13.973798, 45.015625], [13.972384, 45.016531], [13.970838, 45.016614], [13.967668, 45.017972], [13.9634, 45.016639], [13.96433, 45.016123], [13.964814, 45.015159], [13.964809, 45.014503], [13.964061, 45.013423], [13.964737, 45.012605], [13.965189, 45.010149], [13.963996, 45.008953], [13.962176, 45.008967], [13.961746, 45.008652], [13.96186, 45.008135]]]}, "properties": {"id": 47, "razina": "naselje", "name": "Glavani", "jls_name": "Barban", "jls_maticni_broj": "00060", "zupanija": "Istarska", "area_km2": 5.3983, "stanovnistvo": 77, "palette_idx": 0, "source": "DGU rpj:naselje"}}, {"type": "Feature", "id": 48, "geometry": {"type": "Polygon", "coordinates": [[[13.981993, 45.075553], [13.982091, 45.075494], [13.981351, 45.072079], [13.979774, 45.070436], [13.979179, 45.06825], [13.979487, 45.06789], [13.981263, 45.067539], [13.982266, 45.066875], [13.983228, 45.064403], [13.986003, 45.062595], [13.986322, 45.06194], [13.987705, 45.061282], [13.990925, 45.060451], [13.990957, 45.059813], [13.989943, 45.058464], [13.988486, 45.057499], [13.982115, 45.056261], [13.98074, 45.056478], [13.980192, 45.057389], [13.980119, 45.056893], [13.978637, 45.05554], [13.975097, 45.055516], [13.972817, 45.054737], [13.970518, 45.053322], [13.971665, 45.052061], [13.972534, 45.050338], [13.966326, 45.048924], [13.965737, 45.049262], [13.964138, 45.049217], [13.961328, 45.048192], [13.958587, 45.048854], [13.956848, 45.049843], [13.95594, 45.053196], [13.956717, 45.055038], [13.956023, 45.056822], [13.954292, 45.057867], [13.955345, 45.058422], [13.955076, 45.05894], [13.954235, 45.059356], [13.954784, 45.060154], [13.957222, 45.060591], [13.958782, 45.061461], [13.95819, 45.061711], [13.957917, 45.062967], [13.959397, 45.06512], [13.959518, 45.066402], [13.958526, 45.067474], [13.959328, 45.067928], [13.960284, 45.069224], [13.961042, 45.071033], [13.960702, 45.072911], [13.961005, 45.073117], [13.960289, 45.073661], [13.960071, 45.075296], [13.961996, 45.076022], [13.964044, 45.076159], [13.9667, 45.07728], [13.968481, 45.078521], [13.968837, 45.07919], [13.970199, 45.079454], [13.973463, 45.079288], [13.978378, 45.076443], [13.981993, 45.075553]]]}, "properties": {"id": 48, "razina": "naselje", "name": "Grandići", "jls_name": "Barban", "jls_maticni_broj": "00060", "zupanija": "Istarska", "area_km2": 5.6444, "stanovnistvo": 122, "palette_idx": 1, "source": "DGU rpj:naselje"}}, {"type": "Feature", "id": 49, "geometry": {"type": "Polygon", "coordinates": [[[14.004647, 45.043929], [14.004937, 45.043718], [14.005267, 45.044213], [14.005937, 45.044255], [14.006468, 45.04368], [14.006726, 45.044631], [14.007841, 45.045229], [14.008512, 45.04516], [14.009236, 45.044511], [14.012103, 45.044554], [14.013909, 45.044031], [14.015129, 45.042395], [14.017401, 45.040717], [14.020373, 45.041707], [14.022173, 45.043075], [14.02699, 45.042913], [14.028711, 45.042004], [14.029935, 45.041969], [14.03439, 45.040894], [14.035403, 45.040145], [14.035001, 45.040163], [14.033867, 45.03922], [14.034546, 45.037787], [14.034313, 45.037111], [14.035011, 45.036181], [14.037166, 45.035752], [14.037391, 45.035311], [14.037045, 45.034085], [14.038622, 45.033051], [14.039155, 45.031356], [14.038782, 45.028941], [14.03961, 45.028424], [14.042247, 45.024642], [14.042308, 45.023061], [14.03661, 45.020898], [14.036187, 45.020321], [14.036104, 45.020501], [14.034749, 45.020057], [14.032434, 45.018633], [14.029841, 45.02109], [14.027335, 45.022177], [14.025714, 45.023988], [14.024304, 45.023052], [14.0227, 45.02263], [14.019637, 45.020728], [14.018616, 45.022058], [14.017096, 45.022166], [14.01659, 45.022698], [14.01335, 45.023401], [14.010672, 45.023004], [14.009394, 45.023374], [14.007116, 45.023046], [14.00514, 45.022302], [14.004543, 45.021697], [14.003782, 45.024945], [14.00351, 45.023762], [14.002865, 45.023005], [14.000242, 45.021973], [13.99906, 45.020703], [13.997754, 45.019912], [13.998486, 45.023725], [13.999873, 45.026659], [14.001192, 45.028423], [14.003145, 45.034645], [14.00197, 45.034503], [13.999497, 45.033539], [13.998202, 45.03546], [13.997331, 45.035331], [13.996724, 45.036424], [13.995962, 45.03626], [13.996719, 45.035224], [13.995249, 45.034607], [13.994325, 45.034538], [13.995939, 45.036669], [13.998026, 45.04146], [13.997654, 45.04216], [13.998225, 45.043216], [13.997209, 45.044008], [13.996957, 45.044643], [13.997397, 45.045017], [14.000185, 45.044719], [14.002102, 45.044079], [14.004647, 45.043929]]]}, "properties": {"id": 49, "razina": "naselje", "name": "Hrboki", "jls_name": "Barban", "jls_maticni_broj": "00060", "zupanija": "Istarska", "area_km2": 7.2014, "stanovnistvo": 159, "palette_idx": 0, "source": "DGU rpj:naselje"}}, {"type": "Feature", "id": 50, "geometry": {"type": "Polygon", "coordinates": [[[14.021526, 45.104985], [14.022227, 45.103809], [14.023648, 45.101075], [14.02367, 45.100142], [14.021411, 45.097657], [14.018641, 45.098134], [14.016936, 45.098919], [14.015981, 45.0989], [14.013162, 45.098033], [14.00827, 45.098539], [14.007784, 45.098378], [14.007789, 45.097508], [14.002679, 45.096546], [14.001681, 45.097776], [14.000123, 45.0978], [13.998473, 45.097247], [13.998309, 45.097486], [13.995706, 45.098014], [13.995337, 45.097501], [13.994016, 45.096949], [13.991882, 45.096756], [13.99073, 45.096323], [13.987094, 45.093966], [13.98422, 45.09344], [13.984189, 45.096642], [13.985109, 45.099947], [13.984583, 45.103839], [13.990039, 45.103189], [13.993793, 45.103528], [13.994644, 45.103991], [13.998764, 45.104343], [13.999649, 45.104667], [14.000931, 45.104408], [14.00867, 45.104879], [14.010928, 45.104415], [14.012799, 45.103034], [14.015374, 45.101876], [14.015552, 45.101332], [14.018337, 45.100281], [14.019131, 45.099487], [14.019641, 45.10016], [14.018837, 45.10304], [14.019252, 45.103219], [14.020255, 45.101834], [14.021475, 45.100905], [14.021045, 45.102466], [14.021592, 45.103556], [14.021526, 45.104985]]]}, "properties": {"id": 50, "razina": "naselje", "name": "Jurićev Kal", "jls_name": "Barban", "jls_maticni_broj": "00060", "zupanija": "Istarska", "area_km2": 2.1251, "stanovnistvo": 44, "palette_idx": 2, "source": "DGU rpj:naselje"}}, {"type": "Feature", "id": 51, "geometry": {"type": "Polygon", "coordinates": [[[14.021411, 45.097657], [14.021858, 45.09718], [14.021703, 45.096542], [14.01881, 45.093894], [14.018248, 45.093128], [14.018321, 45.092456], [14.009271, 45.092987], [13.999252, 45.092643], [13.997308, 45.092818], [13.997118, 45.093348], [13.99595, 45.092789], [13.995396, 45.091788], [13.994023, 45.09303], [13.99396, 45.093472], [13.993562, 45.092429], [13.991592, 45.092631], [13.990487, 45.091437], [13.98959, 45.090991], [13.988546, 45.090972], [13.986188, 45.089287], [13.984339, 45.092124], [13.98422, 45.09344], [13.987094, 45.093966], [13.99073, 45.096323], [13.991882, 45.096756], [13.994016, 45.096949], [13.995337, 45.097501], [13.995706, 45.098014], [13.998309, 45.097486], [13.998473, 45.097247], [14.000123, 45.0978], [14.001681, 45.097776], [14.002679, 45.096546], [14.007789, 45.097508], [14.007784, 45.098378], [14.00827, 45.098539], [14.013162, 45.098033], [14.015981, 45.0989], [14.016936, 45.098919], [14.018641, 45.098134], [14.021411, 45.097657]]]}, "properties": {"id": 51, "razina": "naselje", "name": "Koromani", "jls_name": "Barban", "jls_maticni_broj": "00060", "zupanija": "Istarska", "area_km2": 1.4997, "stanovnistvo": 50, "palette_idx": 3, "source": "DGU rpj:naselje"}}, {"type": "Feature", "id": 52, "geometry": {"type": "Polygon", "coordinates": [[[13.993891, 45.07094], [13.993587, 45.070003], [13.993945, 45.068878], [13.99564, 45.065977], [13.996304, 45.065449], [13.998296, 45.065015], [14.000539, 45.061421], [14.003249, 45.05899], [14.001108, 45.057782], [13.998488, 45.057807], [13.996634, 45.058381], [13.994525, 45.059021], [13.99459, 45.059359], [13.990925, 45.060451], [13.987705, 45.061282], [13.986322, 45.06194], [13.986003, 45.062595], [13.983228, 45.064403], [13.982266, 45.066875], [13.981263, 45.067539], [13.979487, 45.06789], [13.979179, 45.06825], [13.979774, 45.070436], [13.981351, 45.072079], [13.982091, 45.075494], [13.985104, 45.074031], [13.989787, 45.07329], [13.993891, 45.07094]]]}, "properties": {"id": 52, "razina": "naselje", "name": "Kožljani", "jls_name": "Barban", "jls_maticni_broj": "00060", "zupanija": "Istarska", "area_km2": 1.733, "stanovnistvo": 49, "palette_idx": 0, "source": "DGU rpj:naselje"}}, {"type": "Feature", "id": 53, "geometry": {"type": "Polygon", "coordinates": [[[13.974312, 45.016234], [13.975044, 45.015696], [13.975333, 45.015995], [13.975922, 45.015312], [13.975936, 45.014779], [13.977098, 45.013729], [13.976812, 45.013108], [13.977553, 45.012145], [13.979328, 45.013079], [13.979049, 45.012182], [13.980112, 45.012845], [13.980511, 45.012499], [13.979221, 45.011518], [13.980145, 45.011336], [13.979487, 45.010975], [13.980303, 45.010655], [13.979712, 45.010278], [13.979297, 45.0088], [13.980765, 45.007939], [13.977495, 45.002529], [13.974948, 45.002815], [13.972994, 45.00341], [13.970436, 45.003523], [13.96613, 45.004941], [13.965805, 45.004767], [13.964854, 45.006434], [13.963903, 45.006177], [13.96186, 45.008135], [13.961746, 45.008652], [13.962176, 45.008967], [13.963996, 45.008953], [13.965189, 45.010149], [13.964737, 45.012605], [13.964061, 45.013423], [13.964809, 45.014503], [13.964814, 45.015159], [13.96433, 45.016123], [13.9634, 45.016639], [13.967668, 45.017972], [13.970838, 45.016614], [13.972384, 45.016531], [13.973798, 45.015625], [13.974312, 45.016234]]]}, "properties": {"id": 53, "razina": "naselje", "name": "Manjadvorci", "jls_name": "Barban", "jls_maticni_broj": "00060", "zupanija": "Istarska", "area_km2": 1.6623, "stanovnistvo": 165, "palette_idx": 4, "source": "DGU rpj:naselje"}}, {"type": "Feature", "id": 54, "geometry": {"type": "Polygon", "coordinates": [[[14.018021, 45.070935], [14.017221, 45.070934], [14.016749, 45.068928], [14.014149, 45.068232], [14.012065, 45.066356], [14.007802, 45.065415], [14.007717, 45.064966], [14.008367, 45.064527], [14.008371, 45.064097], [14.004577, 45.064283], [14.002706, 45.065217], [14.001583, 45.065332], [13.998296, 45.065015], [13.996304, 45.065449], [13.99564, 45.065977], [13.993945, 45.068878], [13.993587, 45.070003], [13.993891, 45.07094], [13.992652, 45.07209], [13.992928, 45.07296], [13.994551, 45.073366], [13.995823, 45.07327], [13.997227, 45.074266], [14.002838, 45.075442], [14.003576, 45.076147], [14.004899, 45.075777], [14.005456, 45.075925], [14.010382, 45.080718], [14.014159, 45.082071], [14.018977, 45.086159], [14.020178, 45.087421], [14.020738, 45.08521], [14.020518, 45.084873], [14.021083, 45.084509], [14.019523, 45.08391], [14.020439, 45.082238], [14.023331, 45.081034], [14.024803, 45.080891], [14.026978, 45.080206], [14.028307, 45.079136], [14.028732, 45.077348], [14.024096, 45.074688], [14.022812, 45.073234], [14.022721, 45.072541], [14.021493, 45.071344], [14.019752, 45.070684], [14.018021, 45.070935]]]}, "properties": {"id": 54, "razina": "naselje", "name": "Melnica", "jls_name": "Barban", "jls_maticni_broj": "00060", "zupanija": "Istarska", "area_km2": 3.3132, "stanovnistvo": 175, "palette_idx": 3, "source": "DGU rpj:naselje"}}, {"type": "Feature", "id": 55, "geometry": {"type": "Polygon", "coordinates": [[[13.960071, 45.075296], [13.960289, 45.073661], [13.961005, 45.073117], [13.960702, 45.072911], [13.961042, 45.071033], [13.960284, 45.069224], [13.959328, 45.067928], [13.958526, 45.067474], [13.959518, 45.066402], [13.959397, 45.06512], [13.957917, 45.062967], [13.95819, 45.061711], [13.958782, 45.061461], [13.957222, 45.060591], [13.954784, 45.060154], [13.954235, 45.059356], [13.955076, 45.05894], [13.955345, 45.058422], [13.954292, 45.057867], [13.956023, 45.056822], [13.956717, 45.055038], [13.95594, 45.053196], [13.956848, 45.049843], [13.954387, 45.049002], [13.952539, 45.049567], [13.946837, 45.048079], [13.943202, 45.047961], [13.941954, 45.047586], [13.936, 45.049184], [13.932122, 45.053275], [13.931425, 45.053492], [13.927539, 45.056678], [13.927392, 45.058688], [13.928598, 45.061026], [13.929087, 45.063565], [13.929842, 45.064038], [13.931224, 45.065828], [13.931272, 45.067146], [13.931583, 45.067118], [13.933981, 45.073077], [13.935015, 45.071311], [13.936605, 45.071391], [13.938271, 45.071068], [13.940025, 45.071822], [13.94446, 45.074959], [13.947217, 45.075913], [13.948338, 45.075765], [13.949929, 45.076151], [13.950487, 45.075633], [13.95119, 45.075927], [13.951862, 45.075378], [13.952418, 45.073695], [13.953919, 45.075365], [13.953768, 45.074521], [13.95456, 45.072882], [13.958603, 45.074147], [13.960071, 45.075296]]]}, "properties": {"id": 55, "razina": "naselje", "name": "Orihi", "jls_name": "Barban", "jls_maticni_broj": "00060", "zupanija": "Istarska", "area_km2": 5.8951, "stanovnistvo": 101, "palette_idx": 0, "source": "DGU rpj:naselje"}}, {"type": "Feature", "id": 56, "geometry": {"type": "Polygon", "coordinates": [[[13.958549, 45.087125], [13.958646, 45.084631], [13.958993, 45.084972], [13.959395, 45.084402], [13.960272, 45.084644], [13.960387, 45.084146], [13.962218, 45.084223], [13.961758, 45.083738], [13.96282, 45.083455], [13.962776, 45.082664], [13.965947, 45.084332], [13.968174, 45.084878], [13.968051, 45.085113], [13.968568, 45.085252], [13.96909, 45.086122], [13.969994, 45.086616], [13.970929, 45.085644], [13.973019, 45.085072], [13.974579, 45.083453], [13.969429, 45.082566], [13.96869, 45.080904], [13.96744, 45.079755], [13.968837, 45.07919], [13.968481, 45.078521], [13.9667, 45.07728], [13.964044, 45.076159], [13.961996, 45.076022], [13.960071, 45.075296], [13.958603, 45.074147], [13.95456, 45.072882], [13.953768, 45.074521], [13.953919, 45.075365], [13.952418, 45.073695], [13.951862, 45.075378], [13.95119, 45.075927], [13.950487, 45.075633], [13.949929, 45.076151], [13.948338, 45.075765], [13.947217, 45.075913], [13.94446, 45.074959], [13.940025, 45.071822], [13.938271, 45.071068], [13.936605, 45.071391], [13.935015, 45.071311], [13.933981, 45.073077], [13.933342, 45.074389], [13.933939, 45.074613], [13.933736, 45.075996], [13.934295, 45.07612], [13.934879, 45.077048], [13.934656, 45.078295], [13.935028, 45.078455], [13.934128, 45.082233], [13.934388, 45.083364], [13.93437, 45.084538], [13.933888, 45.085068], [13.934448, 45.085213], [13.934125, 45.086257], [13.934554, 45.086523], [13.934242, 45.088685], [13.93632, 45.087548], [13.938577, 45.087404], [13.940351, 45.086893], [13.942298, 45.087257], [13.945403, 45.086576], [13.947984, 45.086482], [13.951707, 45.086623], [13.952924, 45.087031], [13.955591, 45.087259], [13.958185, 45.087352], [13.958549, 45.087125]]]}, "properties": {"id": 56, "razina": "naselje", "name": "Petehi", "jls_name": "Barban", "jls_maticni_broj": "00060", "zupanija": "Istarska", "area_km2": 3.6388, "stanovnistvo": 90, "palette_idx": 2, "source": "DGU rpj:naselje"}}, {"type": "Feature", "id": 57, "geometry": {"type": "Polygon", "coordinates": [[[14.018321, 45.092456], [14.01941, 45.09207], [14.020765, 45.091099], [14.021722, 45.089803], [14.021712, 45.089121], [14.020178, 45.087421], [14.018977, 45.086159], [14.015973, 45.086279], [14.012527, 45.085319], [14.008438, 45.085727], [14.007761, 45.086274], [14.007329, 45.086251], [14.00436, 45.085597], [14.004746, 45.085161], [14.003896, 45.084102], [14.002653, 45.085091], [13.999788, 45.083256], [13.996388, 45.083154], [13.995411, 45.082516], [13.992702, 45.081962], [13.991642, 45.081451], [13.990796, 45.080574], [13.98963, 45.081429], [13.988945, 45.083223], [13.986067, 45.086148], [13.985953, 45.086903], [13.986188, 45.089287], [13.988546, 45.090972], [13.98959, 45.090991], [13.990487, 45.091437], [13.991592, 45.092631], [13.993562, 45.092429], [13.99396, 45.093472], [13.994023, 45.09303], [13.995396, 45.091788], [13.99595, 45.092789], [13.997118, 45.093348], [13.997308, 45.092818], [13.999252, 45.092643], [14.009271, 45.092987], [14.018321, 45.092456]]]}, "properties": {"id": 57, "razina": "naselje", "name": "Prhati", "jls_name": "Barban", "jls_maticni_broj": "00060", "zupanija": "Istarska", "area_km2": 2.4029, "stanovnistvo": 135, "palette_idx": 1, "source": "DGU rpj:naselje"}}, {"type": "Feature", "id": 58, "geometry": {"type": "Polygon", "coordinates": [[[14.035403, 45.040145], [14.03439, 45.040894], [14.029935, 45.041969], [14.028711, 45.042004], [14.02699, 45.042913], [14.022173, 45.043075], [14.020373, 45.041707], [14.017401, 45.040717], [14.015129, 45.042395], [14.013909, 45.044031], [14.012103, 45.044554], [14.009236, 45.044511], [14.008512, 45.04516], [14.007841, 45.045229], [14.006726, 45.044631], [14.006468, 45.04368], [14.005937, 45.044255], [14.005267, 45.044213], [14.004937, 45.043718], [14.004647, 45.043929], [14.00842, 45.04905], [14.01244, 45.051739], [14.013493, 45.052953], [14.01372, 45.058657], [14.014922, 45.058407], [14.01565, 45.058958], [14.016122, 45.058956], [14.017465, 45.057994], [14.019404, 45.057598], [14.019998, 45.056926], [14.020757, 45.056838], [14.022993, 45.058054], [14.024565, 45.058337], [14.025573, 45.059248], [14.029178, 45.060416], [14.033865, 45.061245], [14.03453, 45.061738], [14.034875, 45.061524], [14.035537, 45.061755], [14.038036, 45.060287], [14.04031, 45.056259], [14.041281, 45.054946], [14.04331, 45.053307], [14.043769, 45.052257], [14.042793, 45.048598], [14.041041, 45.044541], [14.041395, 45.044253], [14.040478, 45.042601], [14.038657, 45.040335], [14.037013, 45.039763], [14.035403, 45.040145]]]}, "properties": {"id": 58, "razina": "naselje", "name": "Puntera", "jls_name": "Barban", "jls_maticni_broj": "00060", "zupanija": "Istarska", "area_km2": 4.6823, "stanovnistvo": 67, "palette_idx": 2, "source": "DGU rpj:naselje"}}, {"type": "Feature", "id": 59, "geometry": {"type": "Polygon", "coordinates": [[[13.977127, 45.086213], [13.975741, 45.086235], [13.975126, 45.085086], [13.973019, 45.085072], [13.970929, 45.085644], [13.969994, 45.086616], [13.96909, 45.086122], [13.968568, 45.085252], [13.968051, 45.085113], [13.968174, 45.084878], [13.965947, 45.084332], [13.962776, 45.082664], [13.96282, 45.083455], [13.961758, 45.083738], [13.962218, 45.084223], [13.960387, 45.084146], [13.960272, 45.084644], [13.959395, 45.084402], [13.958993, 45.084972], [13.958646, 45.084631], [13.958549, 45.087125], [13.961549, 45.087807], [13.962395, 45.088594], [13.964106, 45.089205], [13.967234, 45.090964], [13.968351, 45.090347], [13.969899, 45.090078], [13.972885, 45.088967], [13.974188, 45.087922], [13.976587, 45.08721], [13.977127, 45.086213]]]}, "properties": {"id": 59, "razina": "naselje", "name": "Rajki", "jls_name": "Barban", "jls_maticni_broj": "00060", "zupanija": "Istarska", "area_km2": 0.6586, "stanovnistvo": 6, "palette_idx": 3, "source": "DGU rpj:naselje"}}, {"type": "Feature", "id": 60, "geometry": {"type": "Polygon", "coordinates": [[[14.042308, 45.023061], [14.042961, 45.022058], [14.042905, 45.019727], [14.046581, 45.016582], [14.046834, 45.014698], [14.044064, 45.010898], [14.042048, 45.007281], [14.039999, 45.005259], [14.038455, 45.00477], [14.03816, 45.004168], [14.034834, 45.005323], [14.033098, 45.005566], [14.03035, 45.007211], [14.029456, 45.006973], [14.028666, 45.007262], [14.024663, 45.006958], [14.02432, 45.005782], [14.022236, 45.004625], [14.019984, 45.003882], [14.018052, 45.004089], [14.015672, 45.004988], [14.014135, 45.005224], [14.011661, 45.007044], [14.011045, 45.009878], [14.009794, 45.01277], [14.007806, 45.012646], [14.003663, 45.013237], [14.003992, 45.015231], [14.003785, 45.018991], [14.004057, 45.020911], [14.004543, 45.021697], [14.00514, 45.022302], [14.007116, 45.023046], [14.009394, 45.023374], [14.010672, 45.023004], [14.01335, 45.023401], [14.01659, 45.022698], [14.017096, 45.022166], [14.018616, 45.022058], [14.019637, 45.020728], [14.0227, 45.02263], [14.024304, 45.023052], [14.025714, 45.023988], [14.027335, 45.022177], [14.029841, 45.02109], [14.032434, 45.018633], [14.034749, 45.020057], [14.036104, 45.020501], [14.036187, 45.020321], [14.03661, 45.020898], [14.042308, 45.023061]]]}, "properties": {"id": 60, "razina": "naselje", "name": "Rebići", "jls_name": "Barban", "jls_maticni_broj": "00060", "zupanija": "Istarska", "area_km2": 5.3596, "stanovnistvo": 118, "palette_idx": 2, "source": "DGU rpj:naselje"}}, {"type": "Feature", "id": 61, "geometry": {"type": "Polygon", "coordinates": [[[13.98422, 45.09344], [13.983187, 45.093532], [13.980719, 45.091514], [13.979174, 45.089436], [13.977621, 45.088247], [13.977593, 45.086644], [13.977127, 45.086213], [13.976587, 45.08721], [13.974188, 45.087922], [13.972885, 45.088967], [13.969899, 45.090078], [13.968351, 45.090347], [13.967234, 45.090964], [13.964106, 45.089205], [13.962395, 45.088594], [13.961549, 45.087807], [13.958549, 45.087125], [13.958185, 45.087352], [13.955591, 45.087259], [13.952924, 45.087031], [13.951707, 45.086623], [13.947984, 45.086482], [13.945403, 45.086576], [13.942298, 45.087257], [13.940351, 45.086893], [13.938577, 45.087404], [13.93632, 45.087548], [13.934242, 45.088685], [13.934592, 45.089254], [13.933921, 45.08967], [13.937707, 45.091742], [13.94356, 45.09331], [13.945736, 45.093614], [13.947087, 45.094356], [13.949962, 45.095007], [13.950438, 45.095466], [13.954708, 45.095065], [13.958713, 45.095978], [13.961947, 45.097354], [13.969323, 45.098468], [13.972188, 45.099941], [13.973922, 45.101268], [13.975283, 45.101338], [13.97885, 45.102719], [13.984583, 45.103839], [13.985109, 45.099947], [13.984189, 45.096642], [13.98422, 45.09344]]]}, "properties": {"id": 61, "razina": "naselje", "name": "Rojnići", "jls_name": "Barban", "jls_maticni_broj": "00060", "zupanija": "Istarska", "area_km2": 3.8021, "stanovnistvo": 47, "palette_idx": 1, "source": "DGU rpj:naselje"}}, {"type": "Feature", "id": 62, "geometry": {"type": "Polygon", "coordinates": [[[14.008892, 45.152831], [14.012728, 45.15456], [14.014438, 45.151952], [14.018677, 45.149664], [14.020801, 45.147756], [14.02371, 45.147186], [14.026856, 45.145922], [14.027955, 45.145953], [14.028927, 45.145378], [14.029587, 45.144142], [14.029761, 45.142504], [14.029201, 45.141192], [14.030933, 45.138342], [14.030608, 45.13773], [14.027775, 45.135395], [14.028284, 45.133053], [14.027763, 45.131606], [14.026466, 45.130581], [14.024651, 45.130502], [14.02474, 45.129233], [14.022736, 45.126436], [14.022153, 45.124937], [14.022468, 45.121092], [14.022383, 45.120337], [14.021084, 45.118815], [14.019535, 45.118257], [14.016518, 45.118255], [14.016189, 45.117999], [14.017391, 45.115359], [14.017185, 45.114435], [14.017985, 45.110515], [14.0193, 45.109094], [14.019148, 45.108108], [14.020177, 45.106412], [14.021526, 45.104985], [14.021592, 45.103556], [14.021045, 45.102466], [14.021475, 45.100905], [14.020255, 45.101834], [14.019252, 45.103219], [14.018837, 45.10304], [14.019641, 45.10016], [14.019131, 45.099487], [14.018337, 45.100281], [14.015552, 45.101332], [14.015374, 45.101876], [14.012799, 45.103034], [14.010928, 45.104415], [14.00867, 45.104879], [14.000931, 45.104408], [13.999649, 45.104667], [13.998764, 45.104343], [13.994644, 45.103991], [13.993793, 45.103528], [13.990039, 45.103189], [13.990381, 45.111407], [13.990994, 45.123689], [13.990721, 45.130302], [13.995802, 45.138649], [13.998662, 45.140459], [14.002267, 45.143726], [14.003439, 45.14351], [14.004113, 45.144541], [14.004637, 45.144406], [14.007646, 45.14898], [14.008926, 45.149829], [14.008892, 45.152831]]]}, "properties": {"id": 62, "razina": "naselje", "name": "Sutivanac", "jls_name": "Barban", "jls_maticni_broj": "00060", "zupanija": "Istarska", "area_km2": 12.1393, "stanovnistvo": 333, "palette_idx": 0, "source": "DGU rpj:naselje"}}, {"type": "Feature", "id": 63, "geometry": {"type": "Polygon", "coordinates": [[[14.018977, 45.086159], [14.014159, 45.082071], [14.010382, 45.080718], [14.005456, 45.075925], [14.004899, 45.075777], [14.003576, 45.076147], [14.002838, 45.075442], [13.997227, 45.074266], [13.995823, 45.07327], [13.994551, 45.073366], [13.992928, 45.07296], [13.992652, 45.07209], [13.993891, 45.07094], [13.989787, 45.07329], [13.985104, 45.074031], [13.982091, 45.075494], [13.981993, 45.075553], [13.982175, 45.076776], [13.982947, 45.078096], [13.981314, 45.079844], [13.980885, 45.08202], [13.98239, 45.082848], [13.981892, 45.083534], [13.982737, 45.083984], [13.982549, 45.084568], [13.983045, 45.085284], [13.982787, 45.085925], [13.983789, 45.08594], [13.984498, 45.086565], [13.985953, 45.086903], [13.986067, 45.086148], [13.988945, 45.083223], [13.98963, 45.081429], [13.990796, 45.080574], [13.991642, 45.081451], [13.992702, 45.081962], [13.995411, 45.082516], [13.996388, 45.083154], [13.999788, 45.083256], [14.002653, 45.085091], [14.003896, 45.084102], [14.004746, 45.085161], [14.00436, 45.085597], [14.007329, 45.086251], [14.007761, 45.086274], [14.008438, 45.085727], [14.012527, 45.085319], [14.015973, 45.086279], [14.018977, 45.086159]]]}, "properties": {"id": 63, "razina": "naselje", "name": "Vadreš", "jls_name": "Barban", "jls_maticni_broj": "00060", "zupanija": "Istarska", "area_km2": 2.5381, "stanovnistvo": 56, "palette_idx": 2, "source": "DGU rpj:naselje"}}, {"type": "Feature", "id": 64, "geometry": {"type": "Polygon", "coordinates": [[[13.924725, 45.043388], [13.924692, 45.044527], [13.923694, 45.044517], [13.924095, 45.045719], [13.924078, 45.047679], [13.925304, 45.049994], [13.925097, 45.050651], [13.926088, 45.053763], [13.92734, 45.055187], [13.927539, 45.056678], [13.931425, 45.053492], [13.932122, 45.053275], [13.936, 45.049184], [13.941954, 45.047586], [13.943202, 45.047961], [13.946837, 45.048079], [13.952539, 45.049567], [13.954387, 45.049002], [13.956848, 45.049843], [13.958587, 45.048854], [13.961328, 45.048192], [13.964138, 45.049217], [13.965737, 45.049262], [13.966326, 45.048924], [13.972534, 45.050338], [13.977291, 45.044526], [13.978099, 45.04241], [13.975454, 45.039795], [13.97144, 45.034953], [13.96964, 45.035111], [13.968876, 45.036039], [13.968146, 45.035552], [13.967933, 45.034894], [13.965167, 45.034711], [13.964517, 45.033818], [13.964065, 45.033991], [13.962815, 45.033157], [13.962282, 45.032648], [13.962618, 45.032316], [13.962074, 45.031849], [13.960485, 45.031554], [13.958763, 45.030028], [13.957463, 45.030202], [13.956449, 45.030755], [13.952189, 45.030679], [13.951544, 45.030905], [13.948135, 45.029766], [13.946582, 45.028421], [13.947422, 45.02724], [13.944336, 45.02587], [13.943481, 45.023435], [13.943052, 45.022943], [13.942458, 45.022894], [13.937137, 45.024312], [13.937182, 45.025656], [13.936111, 45.026446], [13.936186, 45.026756], [13.935328, 45.027157], [13.936152, 45.028538], [13.937135, 45.029332], [13.93748, 45.032278], [13.938029, 45.033057], [13.937233, 45.033338], [13.936156, 45.032687], [13.934962, 45.03265], [13.933518, 45.033049], [13.933132, 45.034182], [13.932859, 45.034141], [13.933172, 45.034833], [13.930886, 45.034452], [13.931121, 45.035169], [13.930804, 45.036035], [13.929229, 45.038053], [13.928751, 45.039057], [13.928827, 45.039947], [13.925458, 45.041482], [13.924725, 45.043388]]]}, "properties": {"id": 64, "razina": "naselje", "name": "Šajini", "jls_name": "Barban", "jls_maticni_broj": "00060", "zupanija": "Istarska", "area_km2": 8.0025, "stanovnistvo": 175, "palette_idx": 2, "source": "DGU rpj:naselje"}}, {"type": "Feature", "id": 65, "geometry": {"type": "Polygon", "coordinates": [[[13.996634, 45.058381], [14.000328, 45.054455], [14.001834, 45.053584], [14.002507, 45.052787], [14.002032, 45.050112], [14.0013, 45.049055], [14.001732, 45.04889], [13.999221, 45.047495], [13.997397, 45.045017], [13.996957, 45.044643], [13.995534, 45.043443], [13.993945, 45.043603], [13.99183, 45.04324], [13.986661, 45.040967], [13.985748, 45.041535], [13.983179, 45.041608], [13.979738, 45.04123], [13.979088, 45.04073], [13.978549, 45.040955], [13.978099, 45.04241], [13.977291, 45.044526], [13.972534, 45.050338], [13.971665, 45.052061], [13.970518, 45.053322], [13.972817, 45.054737], [13.975097, 45.055516], [13.978637, 45.05554], [13.980119, 45.056893], [13.980192, 45.057389], [13.98074, 45.056478], [13.982115, 45.056261], [13.988486, 45.057499], [13.989943, 45.058464], [13.990957, 45.059813], [13.990925, 45.060451], [13.99459, 45.059359], [13.994525, 45.059021], [13.996634, 45.058381]]]}, "properties": {"id": 65, "razina": "naselje", "name": "Želiski", "jls_name": "Barban", "jls_maticni_broj": "00060", "zupanija": "Istarska", "area_km2": 3.3822, "stanovnistvo": 155, "palette_idx": 4, "source": "DGU rpj:naselje"}}, {"type": "Feature", "id": 66, "geometry": {"type": "Polygon", "coordinates": [[[13.896268, 45.061413], [13.892624, 45.060733], [13.890302, 45.0594], [13.887821, 45.058707], [13.887665, 45.058149], [13.886735, 45.057666], [13.885875, 45.057796], [13.878551, 45.055755], [13.878191, 45.066721], [13.87794, 45.067575], [13.875605, 45.06789], [13.877484, 45.069174], [13.879861, 45.071873], [13.884566, 45.072854], [13.885995, 45.074228], [13.887192, 45.074534], [13.887155, 45.075347], [13.887993, 45.076183], [13.888908, 45.075602], [13.889697, 45.073912], [13.890819, 45.07309], [13.891372, 45.070986], [13.891252, 45.070033], [13.893082, 45.067072], [13.893221, 45.065777], [13.894601, 45.064624], [13.896268, 45.061413]]]}, "properties": {"id": 66, "razina": "naselje", "name": "Bibići", "jls_name": "Svetvinčenat", "jls_maticni_broj": "04359", "zupanija": "Istarska", "area_km2": 1.9993, "stanovnistvo": 139, "palette_idx": 2, "source": "DGU rpj:naselje"}}, {"type": "Feature", "id": 67, "geometry": {"type": "Polygon", "coordinates": [[[13.933981, 45.073077], [13.931583, 45.067118], [13.931272, 45.067146], [13.931224, 45.065828], [13.929842, 45.064038], [13.929087, 45.063565], [13.928598, 45.061026], [13.927392, 45.058688], [13.926048, 45.057421], [13.924374, 45.05667], [13.922251, 45.056477], [13.919444, 45.05687], [13.916829, 45.057515], [13.916846, 45.05794], [13.91502, 45.057026], [13.91439, 45.057689], [13.913396, 45.057945], [13.912163, 45.058816], [13.911483, 45.058718], [13.911389, 45.058986], [13.910177, 45.058272], [13.909045, 45.058698], [13.906853, 45.058257], [13.906053, 45.058303], [13.905606, 45.058659], [13.904715, 45.057999], [13.904387, 45.058258], [13.904835, 45.059188], [13.906707, 45.060146], [13.906931, 45.060918], [13.907702, 45.061501], [13.906846, 45.06246], [13.906882, 45.06361], [13.906032, 45.063837], [13.905087, 45.064596], [13.907902, 45.065753], [13.908204, 45.065635], [13.908467, 45.066059], [13.910155, 45.066382], [13.91001, 45.06678], [13.910792, 45.066981], [13.909498, 45.069985], [13.909866, 45.071172], [13.9118, 45.07103], [13.913404, 45.07039], [13.915781, 45.071117], [13.917276, 45.071217], [13.918983, 45.071875], [13.917699, 45.073294], [13.917562, 45.074091], [13.916699, 45.075155], [13.919031, 45.07569], [13.920158, 45.076459], [13.928342, 45.07935], [13.93054, 45.079691], [13.931534, 45.080712], [13.932129, 45.082188], [13.934388, 45.083364], [13.934128, 45.082233], [13.935028, 45.078455], [13.934656, 45.078295], [13.934879, 45.077048], [13.934295, 45.07612], [13.933736, 45.075996], [13.933939, 45.074613], [13.933342, 45.074389], [13.933981, 45.073077]]]}, "properties": {"id": 67, "razina": "naselje", "name": "Bokordići", "jls_name": "Svetvinčenat", "jls_maticni_broj": "04359", "zupanija": "Istarska", "area_km2": 3.7103, "stanovnistvo": 76, "palette_idx": 3, "source": "DGU rpj:naselje"}}, {"type": "Feature", "id": 68, "geometry": {"type": "Polygon", "coordinates": [[[13.916877, 45.038895], [13.917266, 45.037402], [13.916755, 45.035472], [13.917002, 45.032841], [13.919085, 45.029806], [13.919325, 45.027398], [13.921504, 45.022824], [13.916884, 45.023258], [13.9104, 45.024628], [13.900775, 45.026796], [13.896735, 45.027364], [13.895578, 45.027253], [13.893985, 45.027881], [13.891318, 45.028207], [13.890456, 45.027853], [13.888601, 45.028564], [13.88713, 45.028321], [13.886556, 45.028821], [13.884498, 45.028574], [13.883825, 45.028052], [13.882204, 45.02833], [13.87485, 45.027208], [13.875994, 45.031744], [13.883701, 45.034603], [13.88578, 45.036218], [13.890253, 45.036561], [13.89453, 45.039525], [13.897541, 45.039877], [13.897836, 45.039272], [13.899617, 45.038319], [13.902548, 45.038824], [13.903431, 45.038191], [13.904804, 45.038289], [13.906493, 45.039179], [13.906584, 45.038882], [13.907677, 45.038571], [13.908339, 45.038808], [13.908485, 45.039215], [13.909014, 45.039121], [13.908833, 45.038646], [13.909145, 45.038494], [13.911969, 45.038949], [13.912057, 45.038627], [13.914462, 45.038611], [13.914844, 45.039098], [13.915903, 45.038785], [13.916877, 45.038895]]]}, "properties": {"id": 68, "razina": "naselje", "name": "Boškari", "jls_name": "Svetvinčenat", "jls_maticni_broj": "04359", "zupanija": "Istarska", "area_km2": 4.0046, "stanovnistvo": 39, "palette_idx": 0, "source": "DGU rpj:naselje"}}, {"type": "Feature", "id": 69, "geometry": {"type": "Polygon", "coordinates": [[[13.897304, 45.105321], [13.898663, 45.105322], [13.901478, 45.104597], [13.906429, 45.104156], [13.909881, 45.102748], [13.909501, 45.101508], [13.908717, 45.101024], [13.907938, 45.099313], [13.908729, 45.095684], [13.903018, 45.094769], [13.899442, 45.093361], [13.896776, 45.093704], [13.895813, 45.093368], [13.894321, 45.093536], [13.894382, 45.092896], [13.89216, 45.092331], [13.890472, 45.093528], [13.889676, 45.093335], [13.889684, 45.093802], [13.88933, 45.093885], [13.889529, 45.09441], [13.88806, 45.094899], [13.883272, 45.095804], [13.88128, 45.095807], [13.883514, 45.101121], [13.883228, 45.104935], [13.883775, 45.106903], [13.883847, 45.10689], [13.885431, 45.10671], [13.891183, 45.106965], [13.893061, 45.10587], [13.897304, 45.105321]]]}, "properties": {"id": 69, "razina": "naselje", "name": "Bričanci", "jls_name": "Svetvinčenat", "jls_maticni_broj": "04359", "zupanija": "Istarska", "area_km2": 2.5486, "stanovnistvo": 69, "palette_idx": 2, "source": "DGU rpj:naselje"}}, {"type": "Feature", "id": 70, "geometry": {"type": "Polygon", "coordinates": [[[13.896944, 45.003863], [13.894475, 45.002135], [13.892609, 44.999672], [13.890904, 44.998661], [13.889811, 44.995396], [13.886478, 44.996228], [13.883203, 44.994469], [13.881341, 44.991621], [13.878902, 44.992181], [13.879575, 44.993636], [13.872942, 44.996916], [13.871401, 45.007827], [13.876677, 45.008446], [13.881308, 45.009632], [13.882248, 45.010491], [13.882573, 45.011903], [13.884009, 45.012578], [13.886009, 45.014589], [13.887746, 45.017002], [13.886235, 45.01763], [13.893019, 45.020255], [13.900531, 45.021538], [13.904474, 45.022551], [13.906358, 45.023363], [13.908553, 45.023413], [13.9104, 45.024628], [13.916884, 45.023258], [13.921504, 45.022824], [13.919325, 45.027398], [13.919085, 45.029806], [13.917002, 45.032841], [13.916755, 45.035472], [13.917266, 45.037402], [13.916877, 45.038895], [13.916225, 45.041002], [13.917241, 45.046323], [13.919373, 45.048284], [13.920909, 45.051092], [13.920946, 45.051853], [13.922426, 45.053136], [13.922327, 45.053711], [13.923304, 45.054568], [13.923852, 45.056175], [13.924374, 45.05667], [13.926048, 45.057421], [13.927392, 45.058688], [13.927539, 45.056678], [13.92734, 45.055187], [13.926088, 45.053763], [13.925097, 45.050651], [13.925304, 45.049994], [13.924078, 45.047679], [13.924095, 45.045719], [13.923694, 45.044517], [13.924692, 45.044527], [13.924725, 45.043388], [13.923394, 45.042987], [13.923504, 45.041811], [13.922723, 45.041497], [13.923181, 45.040818], [13.9249, 45.03967], [13.925256, 45.037694], [13.926914, 45.037738], [13.926778, 45.035119], [13.927834, 45.032561], [13.928283, 45.032674], [13.928555, 45.029767], [13.928975, 45.02974], [13.929312, 45.027978], [13.92862, 45.02575], [13.927519, 45.024559], [13.92767, 45.023375], [13.926588, 45.02103], [13.926884, 45.020596], [13.923112, 45.019913], [13.921331, 45.018553], [13.917795, 45.017295], [13.91819, 45.016352], [13.917449, 45.015992], [13.916391, 45.013461], [13.91662, 45.01317], [13.915718, 45.012195], [13.914977, 45.010367], [13.912254, 45.009944], [13.912612, 45.008789], [13.909517, 45.007793], [13.909539, 45.006853], [13.908761, 45.007297], [13.908199, 45.005805], [13.90741, 45.005224], [13.907261, 45.005486], [13.903606, 45.006428], [13.901327, 45.006069], [13.899443, 45.006475], [13.89871, 45.006276], [13.896944, 45.003863]]]}, "properties": {"id": 70, "razina": "naselje", "name": "Butkovići", "jls_name": "Svetvinčenat", "jls_maticni_broj": "04359", "zupanija": "Istarska", "area_km2": 9.0634, "stanovnistvo": 208, "palette_idx": 1, "source": "DGU rpj:naselje"}}, {"type": "Feature", "id": 71, "geometry": {"type": "Polygon", "coordinates": [[[13.881341, 44.991621], [13.877744, 44.989634], [13.877643, 44.989349], [13.87858, 44.989313], [13.878456, 44.988454], [13.877081, 44.987629], [13.873586, 44.983207], [13.870661, 44.983678], [13.870796, 44.984281], [13.866717, 44.98509], [13.867194, 44.986375], [13.86375, 44.98684], [13.864003, 44.987366], [13.863553, 44.987907], [13.859395, 44.988224], [13.858599, 44.988698], [13.857005, 44.988803], [13.857265, 44.98943], [13.856116, 44.989931], [13.855392, 44.989875], [13.855464, 44.990263], [13.851781, 44.990891], [13.852198, 44.993655], [13.851728, 44.996246], [13.849132, 44.99871], [13.847908, 45.000475], [13.84563, 45.001927], [13.842757, 45.00304], [13.842007, 45.003803], [13.840707, 45.005734], [13.839542, 45.00604], [13.838396, 45.007788], [13.836844, 45.009137], [13.837246, 45.011135], [13.838307, 45.01141], [13.840128, 45.012985], [13.841585, 45.013672], [13.842034, 45.014338], [13.840668, 45.014988], [13.840056, 45.015764], [13.836948, 45.015055], [13.835405, 45.014956], [13.833956, 45.015425], [13.83341, 45.015113], [13.830543, 45.016788], [13.825796, 45.01499], [13.825067, 45.016938], [13.821462, 45.018864], [13.818149, 45.01857], [13.816844, 45.018078], [13.815667, 45.018996], [13.817836, 45.024029], [13.825288, 45.026402], [13.827995, 45.028012], [13.829823, 45.029573], [13.831099, 45.030078], [13.836468, 45.02801], [13.836537, 45.027583], [13.838254, 45.02808], [13.838951, 45.027905], [13.839211, 45.02751], [13.845197, 45.027873], [13.850244, 45.027727], [13.86395, 45.025936], [13.87485, 45.027208], [13.87411, 45.023927], [13.869955, 45.014585], [13.871401, 45.007827], [13.872942, 44.996916], [13.879575, 44.993636], [13.878902, 44.992181], [13.881341, 44.991621]]]}, "properties": {"id": 71, "razina": "naselje", "name": "Cukrići", "jls_name": "Svetvinčenat", "jls_maticni_broj": "04359", "zupanija": "Istarska", "area_km2": 12.5301, "stanovnistvo": 172, "palette_idx": 2, "source": "DGU rpj:naselje"}}, {"type": "Feature", "id": 72, "geometry": {"type": "Polygon", "coordinates": [[[13.933921, 45.08967], [13.934592, 45.089254], [13.934242, 45.088685], [13.934554, 45.086523], [13.934125, 45.086257], [13.934448, 45.085213], [13.933888, 45.085068], [13.93437, 45.084538], [13.934388, 45.083364], [13.932129, 45.082188], [13.931534, 45.080712], [13.93054, 45.079691], [13.928342, 45.07935], [13.920158, 45.076459], [13.919031, 45.07569], [13.916699, 45.075155], [13.915464, 45.07504], [13.912952, 45.075592], [13.910761, 45.076509], [13.909542, 45.077501], [13.909928, 45.079726], [13.908928, 45.081202], [13.910017, 45.081655], [13.912679, 45.084199], [13.913855, 45.084886], [13.911599, 45.08585], [13.91294, 45.087247], [13.910288, 45.088013], [13.909287, 45.088697], [13.906885, 45.089328], [13.905913, 45.089866], [13.902303, 45.088937], [13.902567, 45.089804], [13.903989, 45.090794], [13.904642, 45.092333], [13.906175, 45.092243], [13.910304, 45.093433], [13.911576, 45.094142], [13.908729, 45.095684], [13.907938, 45.099313], [13.908717, 45.101024], [13.909501, 45.101508], [13.909881, 45.102748], [13.912888, 45.102648], [13.915157, 45.102006], [13.9179, 45.100325], [13.918655, 45.100346], [13.920659, 45.098425], [13.921007, 45.09857], [13.925764, 45.09493], [13.926058, 45.095116], [13.92679, 45.094853], [13.933921, 45.08967]]]}, "properties": {"id": 72, "razina": "naselje", "name": "Foli", "jls_name": "Svetvinčenat", "jls_maticni_broj": "04359", "zupanija": "Istarska", "area_km2": 4.3411, "stanovnistvo": 50, "palette_idx": 4, "source": "DGU rpj:naselje"}}, {"type": "Feature", "id": 73, "geometry": {"type": "Polygon", "coordinates": [[[13.9104, 45.024628], [13.908553, 45.023413], [13.906358, 45.023363], [13.904474, 45.022551], [13.900531, 45.021538], [13.893019, 45.020255], [13.886235, 45.01763], [13.887746, 45.017002], [13.886009, 45.014589], [13.884009, 45.012578], [13.882573, 45.011903], [13.882248, 45.010491], [13.881308, 45.009632], [13.876677, 45.008446], [13.871401, 45.007827], [13.869955, 45.014585], [13.87411, 45.023927], [13.87485, 45.027208], [13.882204, 45.02833], [13.883825, 45.028052], [13.884498, 45.028574], [13.886556, 45.028821], [13.88713, 45.028321], [13.888601, 45.028564], [13.890456, 45.027853], [13.891318, 45.028207], [13.893985, 45.027881], [13.895578, 45.027253], [13.896735, 45.027364], [13.900775, 45.026796], [13.9104, 45.024628]]]}, "properties": {"id": 73, "razina": "naselje", "name": "Juršići", "jls_name": "Svetvinčenat", "jls_maticni_broj": "04359", "zupanija": "Istarska", "area_km2": 3.489, "stanovnistvo": 202, "palette_idx": 3, "source": "DGU rpj:naselje"}}, {"type": "Feature", "id": 74, "geometry": {"type": "Polygon", "coordinates": [[[13.865473, 45.073024], [13.864104, 45.069665], [13.867711, 45.070389], [13.868721, 45.069297], [13.871076, 45.067947], [13.875605, 45.06789], [13.87794, 45.067575], [13.878191, 45.066721], [13.878551, 45.055755], [13.877109, 45.055175], [13.870494, 45.055293], [13.865613, 45.05367], [13.86214, 45.053256], [13.856192, 45.051823], [13.853904, 45.051867], [13.854788, 45.052728], [13.85545, 45.054486], [13.857505, 45.056928], [13.857262, 45.05862], [13.854484, 45.063804], [13.854028, 45.063813], [13.851909, 45.066591], [13.85113, 45.066726], [13.849683, 45.067731], [13.847896, 45.070416], [13.846472, 45.07187], [13.845741, 45.071432], [13.844723, 45.074574], [13.845462, 45.074978], [13.846078, 45.074493], [13.847254, 45.074728], [13.848501, 45.074482], [13.85112, 45.075243], [13.850738, 45.076767], [13.852138, 45.076673], [13.852536, 45.077121], [13.853879, 45.077211], [13.857448, 45.079723], [13.860061, 45.080336], [13.864166, 45.075082], [13.865948, 45.074349], [13.865473, 45.073024]]]}, "properties": {"id": 74, "razina": "naselje", "name": "Kranjčići", "jls_name": "Svetvinčenat", "jls_maticni_broj": "04359", "zupanija": "Istarska", "area_km2": 4.4257, "stanovnistvo": 66, "palette_idx": 3, "source": "DGU rpj:naselje"}}, {"type": "Feature", "id": 75, "geometry": {"type": "Polygon", "coordinates": [[[13.909542, 45.077501], [13.910761, 45.076509], [13.912952, 45.075592], [13.915464, 45.07504], [13.916699, 45.075155], [13.917562, 45.074091], [13.917699, 45.073294], [13.918983, 45.071875], [13.917276, 45.071217], [13.915781, 45.071117], [13.913404, 45.07039], [13.9118, 45.07103], [13.909866, 45.071172], [13.909498, 45.069985], [13.910792, 45.066981], [13.91001, 45.06678], [13.910155, 45.066382], [13.908467, 45.066059], [13.908204, 45.065635], [13.907902, 45.065753], [13.905087, 45.064596], [13.906032, 45.063837], [13.906882, 45.06361], [13.906846, 45.06246], [13.907702, 45.061501], [13.906931, 45.060918], [13.906707, 45.060146], [13.904835, 45.059188], [13.904387, 45.058258], [13.903996, 45.057968], [13.902656, 45.058214], [13.901186, 45.057959], [13.900489, 45.058211], [13.899337, 45.05809], [13.898728, 45.058586], [13.897716, 45.058496], [13.896268, 45.061413], [13.894601, 45.064624], [13.893221, 45.065777], [13.893082, 45.067072], [13.891252, 45.070033], [13.891372, 45.070986], [13.896989, 45.072333], [13.897695, 45.07335], [13.898384, 45.073486], [13.899362, 45.07446], [13.898776, 45.074891], [13.900459, 45.075964], [13.900585, 45.076889], [13.903305, 45.07902], [13.904388, 45.07898], [13.904801, 45.079309], [13.906476, 45.078944], [13.909542, 45.077501]]]}, "properties": {"id": 75, "razina": "naselje", "name": "Pajkovići", "jls_name": "Svetvinčenat", "jls_maticni_broj": "04359", "zupanija": "Istarska", "area_km2": 2.5777, "stanovnistvo": 56, "palette_idx": 0, "source": "DGU rpj:naselje"}}, {"type": "Feature", "id": 76, "geometry": {"type": "Polygon", "coordinates": [[[13.909542, 45.077501], [13.906476, 45.078944], [13.904801, 45.079309], [13.904388, 45.07898], [13.903305, 45.07902], [13.900585, 45.076889], [13.900459, 45.075964], [13.898776, 45.074891], [13.89502, 45.076992], [13.895518, 45.07811], [13.894785, 45.078057], [13.893762, 45.079007], [13.894275, 45.079851], [13.894029, 45.081682], [13.896313, 45.082901], [13.898656, 45.083007], [13.899965, 45.083395], [13.901678, 45.083355], [13.901149, 45.083522], [13.900806, 45.085081], [13.899339, 45.086204], [13.896803, 45.090265], [13.892609, 45.091862], [13.89216, 45.092331], [13.894382, 45.092896], [13.894321, 45.093536], [13.895813, 45.093368], [13.896776, 45.093704], [13.899442, 45.093361], [13.903018, 45.094769], [13.908729, 45.095684], [13.911576, 45.094142], [13.910304, 45.093433], [13.906175, 45.092243], [13.904642, 45.092333], [13.903989, 45.090794], [13.902567, 45.089804], [13.902303, 45.088937], [13.905913, 45.089866], [13.906885, 45.089328], [13.909287, 45.088697], [13.910288, 45.088013], [13.91294, 45.087247], [13.911599, 45.08585], [13.913855, 45.084886], [13.912679, 45.084199], [13.910017, 45.081655], [13.908928, 45.081202], [13.909928, 45.079726], [13.909542, 45.077501]]]}, "properties": {"id": 76, "razina": "naselje", "name": "Peresiji", "jls_name": "Svetvinčenat", "jls_maticni_broj": "04359", "zupanija": "Istarska", "area_km2": 1.9362, "stanovnistvo": 37, "palette_idx": 1, "source": "DGU rpj:naselje"}}, {"type": "Feature", "id": 77, "geometry": {"type": "Polygon", "coordinates": [[[13.898776, 45.074891], [13.899362, 45.07446], [13.898384, 45.073486], [13.897695, 45.07335], [13.896989, 45.072333], [13.891372, 45.070986], [13.890819, 45.07309], [13.889697, 45.073912], [13.888908, 45.075602], [13.887993, 45.076183], [13.886507, 45.079304], [13.888866, 45.080616], [13.891232, 45.080582], [13.893485, 45.081231], [13.894029, 45.081682], [13.894275, 45.079851], [13.893762, 45.079007], [13.894785, 45.078057], [13.895518, 45.07811], [13.89502, 45.076992], [13.898776, 45.074891]]]}, "properties": {"id": 77, "razina": "naselje", "name": "Pusti", "jls_name": "Svetvinčenat", "jls_maticni_broj": "04359", "zupanija": "Istarska", "area_km2": 0.6083, "stanovnistvo": 40, "palette_idx": 3, "source": "DGU rpj:naselje"}}, {"type": "Feature", "id": 78, "geometry": {"type": "Polygon", "coordinates": [[[13.869744, 45.090606], [13.870289, 45.088043], [13.869535, 45.087706], [13.869504, 45.085544], [13.869954, 45.084956], [13.868651, 45.084721], [13.869763, 45.082667], [13.86907, 45.08248], [13.869224, 45.081473], [13.868739, 45.080615], [13.869774, 45.079328], [13.869692, 45.07886], [13.86807, 45.075669], [13.865473, 45.073024], [13.865948, 45.074349], [13.864166, 45.075082], [13.860061, 45.080336], [13.857448, 45.079723], [13.853879, 45.077211], [13.852536, 45.077121], [13.852138, 45.076673], [13.850738, 45.076767], [13.85112, 45.075243], [13.848501, 45.074482], [13.847254, 45.074728], [13.846078, 45.074493], [13.845462, 45.074978], [13.844723, 45.074574], [13.84324, 45.075736], [13.842472, 45.075683], [13.841526, 45.077767], [13.841049, 45.077672], [13.840843, 45.079044], [13.839561, 45.079972], [13.838951, 45.080877], [13.838426, 45.083117], [13.840072, 45.084669], [13.840396, 45.085867], [13.840206, 45.087234], [13.841661, 45.088779], [13.842047, 45.08923], [13.844313, 45.088537], [13.846316, 45.088795], [13.84725, 45.089312], [13.847976, 45.090548], [13.852416, 45.090234], [13.856437, 45.090883], [13.860894, 45.089885], [13.86278, 45.09018], [13.867403, 45.090144], [13.869744, 45.090606]]]}, "properties": {"id": 78, "razina": "naselje", "name": "Raponji", "jls_name": "Svetvinčenat", "jls_maticni_broj": "04359", "zupanija": "Istarska", "area_km2": 3.4405, "stanovnistvo": 61, "palette_idx": 1, "source": "DGU rpj:naselje"}}, {"type": "Feature", "id": 79, "geometry": {"type": "Polygon", "coordinates": [[[13.924374, 45.05667], [13.923852, 45.056175], [13.923304, 45.054568], [13.922327, 45.053711], [13.922426, 45.053136], [13.920946, 45.051853], [13.920909, 45.051092], [13.919373, 45.048284], [13.917241, 45.046323], [13.916225, 45.041002], [13.916877, 45.038895], [13.915903, 45.038785], [13.914844, 45.039098], [13.914462, 45.038611], [13.912057, 45.038627], [13.911969, 45.038949], [13.909145, 45.038494], [13.908833, 45.038646], [13.909014, 45.039121], [13.908485, 45.039215], [13.908339, 45.038808], [13.907677, 45.038571], [13.906584, 45.038882], [13.906493, 45.039179], [13.904804, 45.038289], [13.903431, 45.038191], [13.902548, 45.038824], [13.899617, 45.038319], [13.897836, 45.039272], [13.897541, 45.039877], [13.902124, 45.041763], [13.90225, 45.042886], [13.903194, 45.043848], [13.903495, 45.045137], [13.901584, 45.045094], [13.900595, 45.046412], [13.901134, 45.046613], [13.900685, 45.047524], [13.901801, 45.047982], [13.901453, 45.049538], [13.900986, 45.049827], [13.901465, 45.049807], [13.901202, 45.05036], [13.902201, 45.050739], [13.901161, 45.051577], [13.899973, 45.053737], [13.899827, 45.054923], [13.90088, 45.056203], [13.902098, 45.056804], [13.902783, 45.057546], [13.903996, 45.057968], [13.904387, 45.058258], [13.904715, 45.057999], [13.905606, 45.058659], [13.906053, 45.058303], [13.906853, 45.058257], [13.909045, 45.058698], [13.910177, 45.058272], [13.911389, 45.058986], [13.911483, 45.058718], [13.912163, 45.058816], [13.913396, 45.057945], [13.91439, 45.057689], [13.91502, 45.057026], [13.916846, 45.05794], [13.916829, 45.057515], [13.919444, 45.05687], [13.922251, 45.056477], [13.924374, 45.05667]]]}, "properties": {"id": 79, "razina": "naselje", "name": "Režanci", "jls_name": "Svetvinčenat", "jls_maticni_broj": "04359", "zupanija": "Istarska", "area_km2": 3.0792, "stanovnistvo": 200, "palette_idx": 2, "source": "DGU rpj:naselje"}}, {"type": "Feature", "id": 80, "geometry": {"type": "Polygon", "coordinates": [[[13.822717, 45.090066], [13.823217, 45.092013], [13.825714, 45.09328], [13.827073, 45.093639], [13.833838, 45.097814], [13.83474, 45.097794], [13.834939, 45.098171], [13.836451, 45.098669], [13.837099, 45.099339], [13.840014, 45.10024], [13.839947, 45.100484], [13.842469, 45.102057], [13.844894, 45.102705], [13.845271, 45.103534], [13.848296, 45.105064], [13.856162, 45.107556], [13.856423, 45.107204], [13.861131, 45.105349], [13.861863, 45.104812], [13.860429, 45.103792], [13.861279, 45.103039], [13.862904, 45.099965], [13.863321, 45.09987], [13.863654, 45.098988], [13.864338, 45.09842], [13.854909, 45.101272], [13.853825, 45.100008], [13.85188, 45.098944], [13.847259, 45.097213], [13.843291, 45.093777], [13.842269, 45.095594], [13.842022, 45.094282], [13.841589, 45.094217], [13.84148, 45.093793], [13.840432, 45.094185], [13.839838, 45.093829], [13.840959, 45.093176], [13.840004, 45.093391], [13.839552, 45.093166], [13.840612, 45.09192], [13.839818, 45.091353], [13.840292, 45.091123], [13.841661, 45.088779], [13.840206, 45.087234], [13.840396, 45.085867], [13.840072, 45.084669], [13.838426, 45.083117], [13.838951, 45.080877], [13.835931, 45.085668], [13.834435, 45.086075], [13.834434, 45.08652], [13.832845, 45.087472], [13.825932, 45.089458], [13.822717, 45.090066]]]}, "properties": {"id": 80, "razina": "naselje", "name": "Salambati", "jls_name": "Svetvinčenat", "jls_maticni_broj": "04359", "zupanija": "Istarska", "area_km2": 2.728, "stanovnistvo": 27, "palette_idx": 2, "source": "DGU rpj:naselje"}}, {"type": "Feature", "id": 81, "geometry": {"type": "Polygon", "coordinates": [[[13.864338, 45.09842], [13.865478, 45.097309], [13.865301, 45.096674], [13.864555, 45.096096], [13.865241, 45.095474], [13.864617, 45.095223], [13.86481, 45.094661], [13.869002, 45.092008], [13.869014, 45.091598], [13.869939, 45.091164], [13.869744, 45.090606], [13.867403, 45.090144], [13.86278, 45.09018], [13.860894, 45.089885], [13.856437, 45.090883], [13.852416, 45.090234], [13.847976, 45.090548], [13.84725, 45.089312], [13.846316, 45.088795], [13.844313, 45.088537], [13.842047, 45.08923], [13.841661, 45.088779], [13.840292, 45.091123], [13.839818, 45.091353], [13.840612, 45.09192], [13.839552, 45.093166], [13.840004, 45.093391], [13.840959, 45.093176], [13.839838, 45.093829], [13.840432, 45.094185], [13.84148, 45.093793], [13.841589, 45.094217], [13.842022, 45.094282], [13.842269, 45.095594], [13.843291, 45.093777], [13.847259, 45.097213], [13.85188, 45.098944], [13.853825, 45.100008], [13.854909, 45.101272], [13.864338, 45.09842]]]}, "properties": {"id": 81, "razina": "naselje", "name": "Smoljanci", "jls_name": "Svetvinčenat", "jls_maticni_broj": "04359", "zupanija": "Istarska", "area_km2": 1.882, "stanovnistvo": 198, "palette_idx": 3, "source": "DGU rpj:naselje"}}, {"type": "Feature", "id": 82, "geometry": {"type": "Polygon", "coordinates": [[[13.866176, 45.109047], [13.868977, 45.10809], [13.876658, 45.108141], [13.878032, 45.107787], [13.879323, 45.108078], [13.883775, 45.106903], [13.883228, 45.104935], [13.883514, 45.101121], [13.88128, 45.095807], [13.883272, 45.095804], [13.88806, 45.094899], [13.889529, 45.09441], [13.88933, 45.093885], [13.889684, 45.093802], [13.889676, 45.093335], [13.890472, 45.093528], [13.89216, 45.092331], [13.892609, 45.091862], [13.896803, 45.090265], [13.899339, 45.086204], [13.900806, 45.085081], [13.901149, 45.083522], [13.901678, 45.083355], [13.899965, 45.083395], [13.898656, 45.083007], [13.896313, 45.082901], [13.894029, 45.081682], [13.893485, 45.081231], [13.891232, 45.080582], [13.888866, 45.080616], [13.886507, 45.079304], [13.887993, 45.076183], [13.887155, 45.075347], [13.887192, 45.074534], [13.885995, 45.074228], [13.884566, 45.072854], [13.879861, 45.071873], [13.877484, 45.069174], [13.875605, 45.06789], [13.871076, 45.067947], [13.868721, 45.069297], [13.867711, 45.070389], [13.864104, 45.069665], [13.865473, 45.073024], [13.86807, 45.075669], [13.869692, 45.07886], [13.869774, 45.079328], [13.868739, 45.080615], [13.869224, 45.081473], [13.86907, 45.08248], [13.869763, 45.082667], [13.868651, 45.084721], [13.869954, 45.084956], [13.869504, 45.085544], [13.869535, 45.087706], [13.870289, 45.088043], [13.869744, 45.090606], [13.869939, 45.091164], [13.869014, 45.091598], [13.869002, 45.092008], [13.86481, 45.094661], [13.864617, 45.095223], [13.865241, 45.095474], [13.864555, 45.096096], [13.865301, 45.096674], [13.865478, 45.097309], [13.864338, 45.09842], [13.863654, 45.098988], [13.863321, 45.09987], [13.862904, 45.099965], [13.861279, 45.103039], [13.860429, 45.103792], [13.861863, 45.104812], [13.861131, 45.105349], [13.856423, 45.107204], [13.856162, 45.107556], [13.857796, 45.108427], [13.860508, 45.10926], [13.863506, 45.109401], [13.866176, 45.109047]]]}, "properties": {"id": 82, "razina": "naselje", "name": "Svetvinčenat", "jls_name": "Svetvinčenat", "jls_maticni_broj": "04359", "zupanija": "Istarska", "area_km2": 7.719, "stanovnistvo": 245, "palette_idx": 0, "source": "DGU rpj:naselje"}}, {"type": "Feature", "id": 83, "geometry": {"type": "Polygon", "coordinates": [[[13.86214, 45.053256], [13.863486, 45.046887], [13.865307, 45.043103], [13.86553, 45.043416], [13.865983, 45.043382], [13.866697, 45.043203], [13.867447, 45.042534], [13.872377, 45.042343], [13.87352, 45.04259], [13.875501, 45.043872], [13.878792, 45.044738], [13.87987, 45.044723], [13.879116, 45.042767], [13.878839, 45.040247], [13.877059, 45.037014], [13.875994, 45.031744], [13.87485, 45.027208], [13.86395, 45.025936], [13.850244, 45.027727], [13.845197, 45.027873], [13.839211, 45.02751], [13.838951, 45.027905], [13.838254, 45.02808], [13.836537, 45.027583], [13.836468, 45.02801], [13.831099, 45.030078], [13.833249, 45.03401], [13.83755, 45.036728], [13.838833, 45.03742], [13.839013, 45.037188], [13.839729, 45.037546], [13.839475, 45.037776], [13.841037, 45.038532], [13.841905, 45.03965], [13.844215, 45.041364], [13.846615, 45.041693], [13.846765, 45.043024], [13.8481, 45.043504], [13.85145, 45.047019], [13.853186, 45.049443], [13.853904, 45.051867], [13.856192, 45.051823], [13.86214, 45.053256]]]}, "properties": {"id": 83, "razina": "naselje", "name": "Čabrunići", "jls_name": "Svetvinčenat", "jls_maticni_broj": "04359", "zupanija": "Istarska", "area_km2": 6.5254, "stanovnistvo": 152, "palette_idx": 4, "source": "DGU rpj:naselje"}}, {"type": "Feature", "id": 84, "geometry": {"type": "Polygon", "coordinates": [[[13.903996, 45.057968], [13.902783, 45.057546], [13.902098, 45.056804], [13.90088, 45.056203], [13.899827, 45.054923], [13.899973, 45.053737], [13.901161, 45.051577], [13.902201, 45.050739], [13.901202, 45.05036], [13.901465, 45.049807], [13.900986, 45.049827], [13.901453, 45.049538], [13.901801, 45.047982], [13.900685, 45.047524], [13.901134, 45.046613], [13.900595, 45.046412], [13.901584, 45.045094], [13.903495, 45.045137], [13.903194, 45.043848], [13.90225, 45.042886], [13.902124, 45.041763], [13.897541, 45.039877], [13.89453, 45.039525], [13.890253, 45.036561], [13.88578, 45.036218], [13.883701, 45.034603], [13.875994, 45.031744], [13.877059, 45.037014], [13.878839, 45.040247], [13.879116, 45.042767], [13.87987, 45.044723], [13.878792, 45.044738], [13.875501, 45.043872], [13.87352, 45.04259], [13.872377, 45.042343], [13.867447, 45.042534], [13.866697, 45.043203], [13.865983, 45.043382], [13.86553, 45.043416], [13.865307, 45.043103], [13.863486, 45.046887], [13.86214, 45.053256], [13.865613, 45.05367], [13.870494, 45.055293], [13.877109, 45.055175], [13.878551, 45.055755], [13.885875, 45.057796], [13.886735, 45.057666], [13.887665, 45.058149], [13.887821, 45.058707], [13.890302, 45.0594], [13.892624, 45.060733], [13.896268, 45.061413], [13.897716, 45.058496], [13.898728, 45.058586], [13.899337, 45.05809], [13.900489, 45.058211], [13.901186, 45.057959], [13.902656, 45.058214], [13.903996, 45.057968]]]}, "properties": {"id": 84, "razina": "naselje", "name": "Štokovci", "jls_name": "Svetvinčenat", "jls_maticni_broj": "04359", "zupanija": "Istarska", "area_km2": 5.9312, "stanovnistvo": 142, "palette_idx": 1, "source": "DGU rpj:naselje"}}, {"type": "Feature", "id": 85, "geometry": {"type": "MultiPolygon", "coordinates": [[[[13.741294, 44.900679], [13.740792, 44.900489], [13.74104, 44.900316], [13.740328, 44.899813], [13.738343, 44.900011], [13.737539, 44.900657], [13.737837, 44.901581], [13.739868, 44.902978], [13.740186, 44.903801], [13.74105, 44.903814], [13.740326, 44.903665], [13.739953, 44.90288], [13.741449, 44.901411], [13.741294, 44.900679]]], [[[13.729254, 44.912175], [13.72901, 44.911444], [13.73011, 44.910357], [13.732286, 44.910257], [13.73319, 44.909795], [13.732879, 44.90729], [13.732145, 44.905974], [13.731891, 44.906167], [13.731755, 44.905895], [13.730716, 44.906026], [13.729717, 44.906678], [13.7292, 44.907864], [13.729605, 44.909428], [13.727667, 44.910458], [13.727557, 44.910152], [13.726931, 44.910099], [13.725909, 44.910633], [13.725451, 44.912051], [13.725389, 44.913011], [13.725873, 44.913485], [13.729573, 44.914322], [13.730428, 44.913757], [13.729843, 44.912414], [13.730249, 44.912214], [13.729254, 44.912175]]], [[[13.716786, 44.914261], [13.716561, 44.91397], [13.715371, 44.914886], [13.716591, 44.91531], [13.720141, 44.914921], [13.720416, 44.914438], [13.719067, 44.91419], [13.716786, 44.914261]]], [[[13.728618, 44.917509], [13.72725, 44.918206], [13.727173, 44.91934], [13.72798, 44.919638], [13.730159, 44.919276], [13.730434, 44.919604], [13.730561, 44.918387], [13.730006, 44.917565], [13.728618, 44.917509]]], [[[13.72658, 44.929545], [13.725859, 44.929206], [13.725585, 44.929648], [13.726564, 44.930153], [13.72658, 44.929545]]], [[[13.72223, 44.933193], [13.722136, 44.934033], [13.722786, 44.934243], [13.724032, 44.933949], [13.724162, 44.933435], [13.722753, 44.933058], [13.72223, 44.933193]]], [[[13.723511, 44.937249], [13.722895, 44.937669], [13.722683, 44.939028], [13.723011, 44.93934], [13.72387, 44.939411], [13.725339, 44.938819], [13.725614, 44.938309], [13.724689, 44.937375], [13.723511, 44.937249]]], [[[13.719713, 44.937436], [13.719133, 44.9369], [13.71767, 44.937245], [13.717159, 44.938107], [13.71794, 44.939769], [13.717263, 44.940509], [13.718268, 44.940573], [13.718396, 44.940022], [13.719588, 44.939237], [13.719805, 44.938674], [13.719713, 44.937436]]], [[[13.722542, 44.943767], [13.721494, 44.943528], [13.721178, 44.944099], [13.721971, 44.944334], [13.722542, 44.943767]]], [[[13.710869, 44.945468], [13.709984, 44.94468], [13.709107, 44.944867], [13.708639, 44.945318], [13.709228, 44.946036], [13.709991, 44.946007], [13.710869, 44.945468]]], [[[13.8432, 44.830143], [13.843156, 44.829884], [13.844537, 44.829165], [13.844806, 44.828585], [13.844488, 44.827884], [13.842299, 44.826255], [13.839137, 44.826562], [13.838671, 44.826854], [13.839473, 44.827878], [13.839112, 44.830305], [13.840089, 44.831415], [13.841278, 44.83155], [13.842239, 44.831106], [13.842726, 44.829997], [13.843128, 44.829904], [13.8432, 44.830143]]], [[[13.824915, 44.870207], [13.824231, 44.870518], [13.823874, 44.871331], [13.824713, 44.872499], [13.825382, 44.873077], [13.825812, 44.873003], [13.826841, 44.872825], [13.827262, 44.871864], [13.826476, 44.870839], [13.824915, 44.870207]]], [[[13.823372, 44.905428], [13.829758, 44.901097], [13.835829, 44.914513], [13.838099, 44.911076], [13.839649, 44.906426], [13.841638, 44.906381], [13.843296, 44.907375], [13.84709, 44.906766], [13.847345, 44.907593], [13.847936, 44.907368], [13.848002, 44.907772], [13.848547, 44.907742], [13.848506, 44.907274], [13.850394, 44.907301], [13.855246, 44.906547], [13.855604, 44.908551], [13.856445, 44.910127], [13.858977, 44.909235], [13.860368, 44.909291], [13.866538, 44.907949], [13.867286, 44.908045], [13.868068, 44.90862], [13.873981, 44.90895], [13.87435, 44.907744], [13.875119, 44.90765], [13.872706, 44.903887], [13.872324, 44.902301], [13.872627, 44.901148], [13.874094, 44.900533], [13.878585, 44.900379], [13.883764, 44.901858], [13.88323, 44.903949], [13.884628, 44.90407], [13.888495, 44.903185], [13.889528, 44.902635], [13.888351, 44.902156], [13.88547, 44.898714], [13.886331, 44.897754], [13.886139, 44.897541], [13.888997, 44.89655], [13.88977, 44.89601], [13.88927, 44.893999], [13.889508, 44.893394], [13.89042, 44.893519], [13.892934, 44.893109], [13.892915, 44.89149], [13.892469, 44.890596], [13.889892, 44.890596], [13.890137, 44.890142], [13.889087, 44.889696], [13.890269, 44.88943], [13.890322, 44.888997], [13.886968, 44.881326], [13.888434, 44.881447], [13.890931, 44.880824], [13.891669, 44.880241], [13.89223, 44.880367], [13.893174, 44.880035], [13.898572, 44.880715], [13.899893, 44.881842], [13.901432, 44.881463], [13.9022, 44.88042], [13.904845, 44.879632], [13.902223, 44.873556], [13.901919, 44.872754], [13.902877, 44.871855], [13.902616, 44.870684], [13.900032, 44.868425], [13.89948, 44.867344], [13.900028, 44.867479], [13.908154, 44.86538], [13.91311, 44.864519], [13.912746, 44.863793], [13.914461, 44.864173], [13.915494, 44.863823], [13.916731, 44.86386], [13.916341, 44.861648], [13.915167, 44.86027], [13.914214, 44.857597], [13.913574, 44.856451], [13.909084, 44.854632], [13.906492, 44.853144], [13.904614, 44.848888], [13.904003, 44.846438], [13.903778, 44.8418], [13.900458, 44.840784], [13.900633, 44.84018], [13.901513, 44.839611], [13.900156, 44.838301], [13.899483, 44.838399], [13.898917, 44.837895], [13.898318, 44.837981], [13.896086, 44.836934], [13.895984, 44.836085], [13.895251, 44.835653], [13.892756, 44.836942], [13.89144, 44.837243], [13.891033, 44.836983], [13.89012, 44.837476], [13.888552, 44.837541], [13.886957, 44.83689], [13.883824, 44.837439], [13.883107, 44.838807], [13.882012, 44.839491], [13.881258, 44.840198], [13.881067, 44.840971], [13.883285, 44.842829], [13.881705, 44.843457], [13.881867, 44.843703], [13.880545, 44.844266], [13.880151, 44.844107], [13.879069, 44.844604], [13.879291, 44.844841], [13.875715, 44.846459], [13.873813, 44.846271], [13.872619, 44.846703], [13.870362, 44.848693], [13.86772, 44.848004], [13.865374, 44.848449], [13.86444, 44.848024], [13.863175, 44.848778], [13.860859, 44.847838], [13.860573, 44.848215], [13.859339, 44.848131], [13.858426, 44.847656], [13.858803, 44.847112], [13.857153, 44.846502], [13.852724, 44.847089], [13.853278, 44.845323], [13.855163, 44.84381], [13.853499, 44.842675], [13.852729, 44.842055], [13.852561, 44.841252], [13.85151, 44.842141], [13.849572, 44.842406], [13.848095, 44.842263], [13.845356, 44.841285], [13.844965, 44.840845], [13.845149, 44.840524], [13.84356, 44.839359], [13.844234, 44.83896], [13.844362, 44.837965], [13.843434, 44.838299], [13.843273, 44.838136], [13.843402, 44.83831], [13.842606, 44.838717], [13.842279, 44.838476], [13.842756, 44.83885], [13.842526, 44.839047], [13.84136, 44.839163], [13.842573, 44.8391], [13.842357, 44.839648], [13.841309, 44.839755], [13.842412, 44.839676], [13.84251, 44.840162], [13.841423, 44.84027], [13.842516, 44.840185], [13.842592, 44.8407], [13.841501, 44.840807], [13.842597, 44.840724], [13.842668, 44.841218], [13.841603, 44.841326], [13.842673, 44.841243], [13.842752, 44.841679], [13.84169, 44.841791], [13.842757, 44.841704], [13.842851, 44.842139], [13.841794, 44.842251], [13.842855, 44.842166], [13.84294, 44.842608], [13.841882, 44.842715], [13.842936, 44.84263], [13.843002, 44.842907], [13.84268, 44.842962], [13.842248, 44.843299], [13.842686, 44.843023], [13.843168, 44.843379], [13.842752, 44.843671], [13.84319, 44.843392], [13.843672, 44.843743], [13.843277, 44.844047], [13.84371, 44.843772], [13.844331, 44.844043], [13.843812, 44.844436], [13.844483, 44.843967], [13.845182, 44.844053], [13.844251, 44.844747], [13.84522, 44.844051], [13.845951, 44.844137], [13.844847, 44.84496], [13.84598, 44.84414], [13.846415, 44.844445], [13.845496, 44.845131], [13.846435, 44.844454], [13.846853, 44.844766], [13.846098, 44.845323], [13.846869, 44.844783], [13.84729, 44.845092], [13.846727, 44.845512], [13.847313, 44.845105], [13.848657, 44.845257], [13.849235, 44.846023], [13.849708, 44.845902], [13.850126, 44.846009], [13.850521, 44.845663], [13.85017, 44.846024], [13.850598, 44.846198], [13.849592, 44.845952], [13.849061, 44.846704], [13.84832, 44.846715], [13.844226, 44.846499], [13.843823, 44.846157], [13.844239, 44.845826], [13.844591, 44.846037], [13.844245, 44.845822], [13.844475, 44.845638], [13.844834, 44.845844], [13.844128, 44.845415], [13.84447, 44.845634], [13.844236, 44.845816], [13.843896, 44.845598], [13.844025, 44.845986], [13.843563, 44.845707], [13.844019, 44.845992], [13.843813, 44.846154], [13.842709, 44.845812], [13.842792, 44.845363], [13.843195, 44.845714], [13.842804, 44.845357], [13.84303, 44.845223], [13.843471, 44.845589], [13.843037, 44.845218], [13.843276, 44.845077], [13.843762, 44.845475], [13.84299, 44.844824], [13.843268, 44.845071], [13.842772, 44.844986], [13.843023, 44.845216], [13.842587, 44.845472], [13.842345, 44.844975], [13.842889, 44.844588], [13.842344, 44.844967], [13.842663, 44.844382], [13.842204, 44.84471], [13.841985, 44.84449], [13.842371, 44.844193], [13.841973, 44.844479], [13.84215, 44.844062], [13.841525, 44.844313], [13.84119, 44.843939], [13.839811, 44.84122], [13.840042, 44.840968], [13.839458, 44.840983], [13.838497, 44.84024], [13.839252, 44.839787], [13.838431, 44.840153], [13.838086, 44.839897], [13.838623, 44.839567], [13.838072, 44.83986], [13.837585, 44.83941], [13.838171, 44.839118], [13.837687, 44.838665], [13.838077, 44.839073], [13.837794, 44.839243], [13.837252, 44.838785], [13.837765, 44.83926], [13.837554, 44.839383], [13.836575, 44.83878], [13.836883, 44.838314], [13.837299, 44.838377], [13.838826, 44.837808], [13.837297, 44.838349], [13.837039, 44.838165], [13.839049, 44.837406], [13.840837, 44.837108], [13.841569, 44.836227], [13.841298, 44.835721], [13.840562, 44.835141], [13.83814, 44.834715], [13.836003, 44.835427], [13.83535, 44.833704], [13.83353, 44.832914], [13.832763, 44.833578], [13.831315, 44.833834], [13.83045, 44.835092], [13.828457, 44.835118], [13.827763, 44.835628], [13.828445, 44.835865], [13.827116, 44.835841], [13.826984, 44.836271], [13.827763, 44.837719], [13.828422, 44.837933], [13.8292, 44.838912], [13.831601, 44.839268], [13.832518, 44.841149], [13.83435, 44.84214], [13.834022, 44.842521], [13.834548, 44.842364], [13.835062, 44.843283], [13.834605, 44.843849], [13.832635, 44.843473], [13.831394, 44.843858], [13.831712, 44.845359], [13.831526, 44.846312], [13.830696, 44.847163], [13.830755, 44.848046], [13.831536, 44.848561], [13.836377, 44.849394], [13.836337, 44.850475], [13.834163, 44.850595], [13.832551, 44.850201], [13.830618, 44.85038], [13.830075, 44.850808], [13.829569, 44.852083], [13.829962, 44.853985], [13.829538, 44.854069], [13.827617, 44.853395], [13.825984, 44.853445], [13.824923, 44.853968], [13.82494, 44.854775], [13.82672, 44.856842], [13.826677, 44.857916], [13.826351, 44.858059], [13.826093, 44.857699], [13.826255, 44.858098], [13.825839, 44.858245], [13.823797, 44.856982], [13.822946, 44.856909], [13.822884, 44.856675], [13.822044, 44.856799], [13.821684, 44.857662], [13.821943, 44.859264], [13.82021, 44.859783], [13.818607, 44.86072], [13.815387, 44.860468], [13.81485, 44.859919], [13.816411, 44.858614], [13.815282, 44.857843], [13.815135, 44.857345], [13.817235, 44.856122], [13.817643, 44.855145], [13.817195, 44.854449], [13.813413, 44.854371], [13.812301, 44.854804], [13.811377, 44.856375], [13.809097, 44.857028], [13.810316, 44.857643], [13.811006, 44.857567], [13.812746, 44.858556], [13.814016, 44.85976], [13.813837, 44.86034], [13.811992, 44.86168], [13.811021, 44.861735], [13.810053, 44.860049], [13.809128, 44.85933], [13.806863, 44.859092], [13.806178, 44.86005], [13.806794, 44.861317], [13.805284, 44.860922], [13.804946, 44.861294], [13.804173, 44.861148], [13.803512, 44.862028], [13.802172, 44.860616], [13.801244, 44.860514], [13.800491, 44.861019], [13.800599, 44.86071], [13.800128, 44.860751], [13.798261, 44.861584], [13.798381, 44.86193], [13.797406, 44.862568], [13.796611, 44.863762], [13.796362, 44.865004], [13.796932, 44.867497], [13.795492, 44.868367], [13.793374, 44.871323], [13.792831, 44.872681], [13.793099, 44.874572], [13.794482, 44.875779], [13.794799, 44.876478], [13.791032, 44.884847], [13.791105, 44.88487], [13.794904, 44.876441], [13.797343, 44.875293], [13.796802, 44.875441], [13.79766, 44.874538], [13.798485, 44.875123], [13.798128, 44.875066], [13.800393, 44.875522], [13.800179, 44.876181], [13.800424, 44.875528], [13.802053, 44.875327], [13.803255, 44.874562], [13.804373, 44.872772], [13.806054, 44.873018], [13.807051, 44.872623], [13.807603, 44.871993], [13.807554, 44.871314], [13.806906, 44.871019], [13.807411, 44.870402], [13.806857, 44.871026], [13.806418, 44.870817], [13.805944, 44.870554], [13.806416, 44.869897], [13.807088, 44.869729], [13.807144, 44.869378], [13.808443, 44.869507], [13.810588, 44.869177], [13.810344, 44.868864], [13.810984, 44.868284], [13.814752, 44.866751], [13.815728, 44.865777], [13.81779, 44.865336], [13.815926, 44.865649], [13.815476, 44.864546], [13.816958, 44.863876], [13.818672, 44.863617], [13.818977, 44.864197], [13.819891, 44.864271], [13.820352, 44.863894], [13.823447, 44.864159], [13.825811, 44.863975], [13.826511, 44.864347], [13.826892, 44.865894], [13.827771, 44.866519], [13.82961, 44.866353], [13.829991, 44.866032], [13.829402, 44.865416], [13.829318, 44.864652], [13.82845, 44.864082], [13.828659, 44.863293], [13.82943, 44.863402], [13.829254, 44.86403], [13.829613, 44.86343], [13.830235, 44.863517], [13.830115, 44.863943], [13.831513, 44.864158], [13.8312, 44.865214], [13.831522, 44.865262], [13.831941, 44.863842], [13.836826, 44.864553], [13.838438, 44.865875], [13.839006, 44.865591], [13.842058, 44.867869], [13.840898, 44.86953], [13.840972, 44.871115], [13.840656, 44.871379], [13.838243, 44.872018], [13.837916, 44.871406], [13.836964, 44.871461], [13.836852, 44.871257], [13.836947, 44.871669], [13.83632, 44.871838], [13.836105, 44.871445], [13.83397, 44.871995], [13.835186, 44.874881], [13.838969, 44.875598], [13.83843, 44.872921], [13.838836, 44.871983], [13.841398, 44.871304], [13.845297, 44.872568], [13.845104, 44.872855], [13.843932, 44.872504], [13.845099, 44.872864], [13.844776, 44.87322], [13.843679, 44.872925], [13.844938, 44.873381], [13.846246, 44.873794], [13.845139, 44.873343], [13.845305, 44.872947], [13.846549, 44.873351], [13.845317, 44.872929], [13.8455, 44.872635], [13.84748, 44.873302], [13.847101, 44.87345], [13.847792, 44.873408], [13.848091, 44.874598], [13.846215, 44.874836], [13.846239, 44.875068], [13.847454, 44.875064], [13.847026, 44.876175], [13.846412, 44.876065], [13.845669, 44.878063], [13.845992, 44.878117], [13.845841, 44.879424], [13.846245, 44.879431], [13.847938, 44.882718], [13.84803, 44.883297], [13.847535, 44.88363], [13.847945, 44.883595], [13.848523, 44.885613], [13.847739, 44.883987], [13.846368, 44.883847], [13.844741, 44.883718], [13.844044, 44.884105], [13.843005, 44.884078], [13.841828, 44.885361], [13.841359, 44.885103], [13.841434, 44.885308], [13.840644, 44.885551], [13.839878, 44.885297], [13.839599, 44.885701], [13.838153, 44.885214], [13.838391, 44.884787], [13.838107, 44.88519], [13.834827, 44.884455], [13.834504, 44.884081], [13.835162, 44.883132], [13.835948, 44.882791], [13.835423, 44.882927], [13.835111, 44.882261], [13.833732, 44.881638], [13.833899, 44.881353], [13.833571, 44.881687], [13.832113, 44.881127], [13.832661, 44.87933], [13.833087, 44.879258], [13.83266, 44.879274], [13.831194, 44.877877], [13.830461, 44.877959], [13.829767, 44.877412], [13.829719, 44.877674], [13.828365, 44.877802], [13.828323, 44.877442], [13.828231, 44.877445], [13.82804, 44.877958], [13.825409, 44.878729], [13.822889, 44.879082], [13.822575, 44.879042], [13.822661, 44.878497], [13.822501, 44.879079], [13.822112, 44.879071], [13.820471, 44.877854], [13.820219, 44.87799], [13.819916, 44.877587], [13.819445, 44.877623], [13.818739, 44.876037], [13.81778, 44.875722], [13.817014, 44.875936], [13.816865, 44.876554], [13.818293, 44.877474], [13.817132, 44.87826], [13.815729, 44.878909], [13.813537, 44.878633], [13.811454, 44.878973], [13.811409, 44.880402], [13.810196, 44.880614], [13.811447, 44.880446], [13.811728, 44.882483], [13.811254, 44.883068], [13.810076, 44.883234], [13.809169, 44.882506], [13.807447, 44.882166], [13.805553, 44.88306], [13.804451, 44.8842], [13.80412, 44.885813], [13.804576, 44.88684], [13.804667, 44.888746], [13.806713, 44.890291], [13.805836, 44.891789], [13.806018, 44.89314], [13.802575, 44.891892], [13.803367, 44.891958], [13.800827, 44.891716], [13.800335, 44.890998], [13.79869, 44.890178], [13.796548, 44.890217], [13.796209, 44.889907], [13.795347, 44.889905], [13.794513, 44.890247], [13.794158, 44.890858], [13.794347, 44.891257], [13.794655, 44.891157], [13.794518, 44.891535], [13.796633, 44.89331], [13.79759, 44.894637], [13.800443, 44.894972], [13.802821, 44.895874], [13.803467, 44.897825], [13.80497, 44.898528], [13.806145, 44.89889], [13.807557, 44.898576], [13.809072, 44.898862], [13.809194, 44.899064], [13.80864, 44.899236], [13.808225, 44.898959], [13.808636, 44.899252], [13.809006, 44.899138], [13.809424, 44.899448], [13.808982, 44.899836], [13.809307, 44.901379], [13.809605, 44.901307], [13.80996, 44.90222], [13.80958, 44.902316], [13.809996, 44.902295], [13.81056, 44.903738], [13.810605, 44.905817], [13.812456, 44.905295], [13.816241, 44.905617], [13.818425, 44.906502], [13.823372, 44.905428]]], [[[13.823571, 44.876692], [13.82389, 44.874372], [13.821816, 44.874383], [13.82208, 44.876237], [13.823434, 44.876137], [13.823571, 44.876692]]], [[[13.800136, 44.87619], [13.799887, 44.876844], [13.799923, 44.876851], [13.800173, 44.876198], [13.800136, 44.87619]]], [[[13.78999, 44.898522], [13.789002, 44.898264], [13.786956, 44.898436], [13.785665, 44.897681], [13.784472, 44.897651], [13.783804, 44.897973], [13.783769, 44.898837], [13.784633, 44.899575], [13.78701, 44.900259], [13.786758, 44.900324], [13.787713, 44.900859], [13.788969, 44.90095], [13.790185, 44.900724], [13.790818, 44.900131], [13.79062, 44.899069], [13.78999, 44.898522]]], [[[13.797446, 44.899599], [13.797797, 44.899496], [13.796089, 44.89969], [13.795943, 44.900943], [13.797036, 44.901949], [13.800391, 44.90293], [13.800315, 44.902646], [13.800265, 44.902343], [13.800839, 44.902097], [13.798, 44.899642], [13.797446, 44.899599]]], [[[13.751789, 44.92668], [13.752617, 44.926324], [13.753626, 44.925221], [13.756165, 44.925378], [13.758116, 44.923985], [13.759569, 44.9244], [13.759967, 44.924012], [13.760506, 44.924045], [13.760645, 44.923541], [13.760181, 44.922827], [13.761384, 44.922364], [13.759779, 44.922654], [13.759645, 44.922398], [13.759156, 44.922749], [13.756388, 44.922707], [13.755529, 44.922267], [13.755849, 44.920911], [13.759839, 44.920116], [13.761547, 44.9213], [13.761787, 44.921161], [13.761499, 44.920882], [13.762188, 44.921228], [13.762267, 44.921709], [13.761665, 44.922392], [13.764704, 44.922184], [13.76455, 44.922923], [13.765013, 44.92229], [13.767197, 44.921298], [13.767927, 44.919556], [13.769275, 44.919174], [13.770259, 44.918539], [13.769523, 44.918951], [13.768345, 44.918791], [13.767787, 44.917027], [13.768016, 44.91655], [13.76877, 44.916571], [13.768752, 44.917127], [13.768918, 44.916577], [13.77108, 44.916727], [13.771844, 44.9172], [13.771429, 44.91767], [13.77207, 44.917394], [13.775251, 44.918053], [13.77581, 44.919072], [13.776494, 44.919301], [13.777246, 44.919163], [13.777575, 44.918244], [13.777047, 44.917686], [13.777215, 44.916378], [13.777484, 44.916007], [13.778287, 44.915917], [13.779441, 44.915265], [13.780083, 44.913897], [13.779771, 44.913413], [13.778416, 44.912703], [13.776641, 44.912581], [13.774989, 44.911967], [13.774637, 44.911562], [13.774859, 44.911329], [13.77426, 44.91135], [13.773385, 44.910288], [13.773817, 44.910053], [13.776021, 44.910603], [13.778108, 44.909831], [13.780594, 44.910263], [13.781639, 44.909506], [13.781484, 44.908134], [13.782376, 44.907893], [13.782721, 44.907486], [13.781836, 44.906692], [13.780577, 44.904586], [13.779303, 44.903912], [13.778047, 44.903723], [13.776182, 44.904491], [13.775444, 44.90622], [13.773536, 44.907441], [13.772813, 44.90743], [13.771985, 44.906887], [13.772473, 44.906356], [13.771977, 44.906721], [13.771544, 44.905995], [13.771808, 44.905329], [13.772847, 44.905018], [13.772935, 44.904468], [13.772131, 44.904312], [13.770914, 44.904931], [13.768859, 44.904547], [13.768432, 44.904199], [13.770509, 44.902221], [13.769004, 44.901543], [13.767272, 44.901742], [13.765346, 44.900986], [13.764282, 44.901315], [13.763944, 44.902473], [13.764458, 44.903876], [13.765905, 44.905611], [13.765583, 44.906596], [13.76361, 44.907352], [13.76322, 44.907768], [13.762014, 44.907757], [13.761395, 44.907495], [13.762228, 44.906496], [13.761759, 44.905561], [13.760756, 44.905376], [13.758677, 44.905916], [13.757866, 44.905649], [13.758189, 44.904099], [13.75912, 44.902742], [13.759079, 44.901531], [13.758103, 44.899506], [13.758458, 44.898804], [13.758456, 44.89675], [13.759474, 44.894886], [13.759761, 44.892959], [13.759504, 44.892517], [13.758793, 44.892411], [13.757848, 44.892827], [13.756858, 44.892846], [13.75554, 44.893497], [13.754421, 44.893276], [13.75408, 44.892804], [13.754425, 44.891976], [13.754048, 44.891861], [13.754157, 44.891259], [13.753656, 44.891148], [13.754773, 44.889415], [13.754665, 44.888207], [13.753018, 44.887608], [13.751159, 44.887773], [13.750413, 44.888566], [13.752356, 44.890044], [13.752408, 44.890945], [13.751769, 44.891439], [13.751243, 44.89155], [13.749136, 44.891063], [13.74806, 44.890549], [13.747478, 44.890875], [13.746634, 44.890831], [13.746176, 44.891458], [13.746094, 44.892134], [13.747016, 44.893441], [13.746869, 44.894633], [13.747223, 44.895112], [13.748353, 44.89546], [13.751419, 44.895385], [13.752494, 44.894797], [13.753415, 44.895433], [13.753881, 44.896536], [13.752985, 44.898568], [13.750319, 44.898612], [13.749261, 44.899238], [13.74898, 44.899792], [13.749527, 44.901337], [13.749057, 44.901705], [13.747353, 44.901793], [13.746793, 44.902198], [13.747449, 44.903981], [13.745692, 44.905573], [13.745772, 44.906091], [13.746296, 44.906391], [13.749647, 44.907384], [13.752075, 44.90762], [13.754947, 44.909317], [13.755402, 44.910215], [13.755009, 44.910285], [13.755426, 44.910309], [13.755086, 44.912524], [13.755559, 44.914046], [13.754831, 44.916845], [13.754346, 44.917528], [13.753467, 44.917974], [13.750731, 44.917713], [13.749995, 44.917921], [13.749524, 44.918528], [13.74929, 44.918221], [13.748863, 44.918803], [13.749168, 44.918444], [13.7495, 44.918558], [13.749032, 44.918929], [13.748985, 44.919616], [13.749801, 44.921373], [13.749341, 44.922015], [13.745923, 44.920682], [13.745561, 44.920186], [13.744483, 44.920001], [13.743429, 44.920801], [13.743055, 44.920628], [13.743346, 44.921005], [13.741727, 44.922749], [13.740372, 44.922611], [13.74035, 44.921726], [13.7397, 44.921284], [13.738974, 44.921434], [13.73796, 44.922248], [13.736357, 44.922544], [13.735783, 44.923034], [13.736539, 44.924295], [13.736106, 44.924604], [13.73454, 44.92481], [13.733923, 44.925509], [13.734249, 44.926105], [13.735002, 44.926466], [13.738797, 44.926763], [13.740568, 44.926339], [13.742992, 44.926848], [13.744263, 44.926724], [13.745848, 44.927546], [13.747252, 44.92761], [13.74858, 44.927122], [13.749089, 44.92628], [13.750477, 44.926711], [13.751789, 44.92668]]], [[[13.74767, 44.911754], [13.747905, 44.911037], [13.747402, 44.910314], [13.745968, 44.910021], [13.745488, 44.910393], [13.745796, 44.911181], [13.747084, 44.911944], [13.747442, 44.913108], [13.748628, 44.913387], [13.750205, 44.912929], [13.749643, 44.912662], [13.749784, 44.912465], [13.749623, 44.91265], [13.74767, 44.911754]]], [[[13.738478, 44.938747], [13.740001, 44.939863], [13.741956, 44.940035], [13.745923, 44.937913], [13.746972, 44.936851], [13.746875, 44.935782], [13.747599, 44.934772], [13.746552, 44.933865], [13.746479, 44.933249], [13.746841, 44.933201], [13.747925, 44.931677], [13.749905, 44.931256], [13.750112, 44.930926], [13.750183, 44.930332], [13.749303, 44.929427], [13.748638, 44.929217], [13.746906, 44.92963], [13.745825, 44.928657], [13.744509, 44.928621], [13.741435, 44.929488], [13.740065, 44.930169], [13.739539, 44.930934], [13.741561, 44.932355], [13.740879, 44.933191], [13.741293, 44.934633], [13.742423, 44.935051], [13.743106, 44.93588], [13.74278, 44.936502], [13.742335, 44.93631], [13.7405, 44.936651], [13.740392, 44.936271], [13.740432, 44.936664], [13.739396, 44.936907], [13.738511, 44.936659], [13.738778, 44.936416], [13.738152, 44.935807], [13.738262, 44.934725], [13.737759, 44.933999], [13.736209, 44.933654], [13.73439, 44.934375], [13.734441, 44.933872], [13.733765, 44.933904], [13.733693, 44.933169], [13.735615, 44.931676], [13.735494, 44.930782], [13.734298, 44.930533], [13.733874, 44.930763], [13.729994, 44.930685], [13.729721, 44.931224], [13.729952, 44.931859], [13.731219, 44.932708], [13.731462, 44.933632], [13.73107, 44.934096], [13.729399, 44.934706], [13.728969, 44.935723], [13.730236, 44.93677], [13.734364, 44.936873], [13.734361, 44.937957], [13.73304, 44.940029], [13.733871, 44.940857], [13.735068, 44.941168], [13.7368, 44.940862], [13.737421, 44.940214], [13.737372, 44.939065], [13.738005, 44.938722], [13.738478, 44.938747]]]]}, "properties": {"id": 85, "razina": "jls", "name": "Pula - Pola", "jls_name": "Pula - Pola", "jls_maticni_broj": "03590", "zupanija": "Istarska", "area_km2": 53.8408, "stanovnistvo": 52220, "naselja_count": 1, "partial": false, "palette_idx": 0, "source": "DGU rpj:naselje (unija naselja)"}}, {"type": "Feature", "id": 86, "geometry": {"type": "Polygon", "coordinates": [[[13.910055, 44.928244], [13.909058, 44.927186], [13.906641, 44.925791], [13.903581, 44.924858], [13.902666, 44.923975], [13.900027, 44.922434], [13.898083, 44.920593], [13.894568, 44.918888], [13.893477, 44.915356], [13.892544, 44.914012], [13.891737, 44.913575], [13.891184, 44.912744], [13.889602, 44.91272], [13.887929, 44.910755], [13.885099, 44.908302], [13.88554, 44.907176], [13.888743, 44.906991], [13.889433, 44.908257], [13.893812, 44.908646], [13.89526, 44.907498], [13.893169, 44.906493], [13.89131, 44.903513], [13.889528, 44.902635], [13.888495, 44.903185], [13.884628, 44.90407], [13.88323, 44.903949], [13.883764, 44.901858], [13.878585, 44.900379], [13.874094, 44.900533], [13.872627, 44.901148], [13.872324, 44.902301], [13.872706, 44.903887], [13.875119, 44.90765], [13.87435, 44.907744], [13.873981, 44.90895], [13.868068, 44.90862], [13.867286, 44.908045], [13.866538, 44.907949], [13.860368, 44.909291], [13.858977, 44.909235], [13.856445, 44.910127], [13.855604, 44.908551], [13.855246, 44.906547], [13.850394, 44.907301], [13.848506, 44.907274], [13.848547, 44.907742], [13.848002, 44.907772], [13.847936, 44.907368], [13.847345, 44.907593], [13.84709, 44.906766], [13.843296, 44.907375], [13.841638, 44.906381], [13.839649, 44.906426], [13.838099, 44.911076], [13.835829, 44.914513], [13.836607, 44.916501], [13.837894, 44.919774], [13.835871, 44.922205], [13.835474, 44.923198], [13.836414, 44.923898], [13.837863, 44.924229], [13.8383, 44.922997], [13.838782, 44.923157], [13.839869, 44.922919], [13.841879, 44.924212], [13.843703, 44.927587], [13.843447, 44.929854], [13.843883, 44.930428], [13.842865, 44.930682], [13.846455, 44.938962], [13.842339, 44.939844], [13.840814, 44.940313], [13.840914, 44.94057], [13.838776, 44.940677], [13.829448, 44.942732], [13.83, 44.944894], [13.831185, 44.946452], [13.831373, 44.947481], [13.832457, 44.948016], [13.832339, 44.948312], [13.831796, 44.948348], [13.831839, 44.948875], [13.828945, 44.949558], [13.830104, 44.951219], [13.829956, 44.952183], [13.830662, 44.952403], [13.830407, 44.952798], [13.831004, 44.953079], [13.831021, 44.954917], [13.829639, 44.955734], [13.829708, 44.956108], [13.82681, 44.956933], [13.826545, 44.956668], [13.825392, 44.956954], [13.825158, 44.957365], [13.823774, 44.957502], [13.823888, 44.957884], [13.821218, 44.958002], [13.821221, 44.958737], [13.820679, 44.95865], [13.819933, 44.954676], [13.816665, 44.947295], [13.814256, 44.946146], [13.813549, 44.946164], [13.811351, 44.944396], [13.808882, 44.938749], [13.807531, 44.939537], [13.805991, 44.941152], [13.790651, 44.939884], [13.789591, 44.940988], [13.788867, 44.945258], [13.788424, 44.946054], [13.784071, 44.949077], [13.783532, 44.948898], [13.783955, 44.949323], [13.78339, 44.950449], [13.781889, 44.951537], [13.783333, 44.953545], [13.785769, 44.95527], [13.785645, 44.955965], [13.784773, 44.956492], [13.783976, 44.955622], [13.784119, 44.956711], [13.781019, 44.957775], [13.780665, 44.958381], [13.78111, 44.958821], [13.7807, 44.960233], [13.776812, 44.961642], [13.775925, 44.963128], [13.774782, 44.963773], [13.773272, 44.965471], [13.770656, 44.966508], [13.769707, 44.9686], [13.767362, 44.970728], [13.767148, 44.971132], [13.767518, 44.971802], [13.766364, 44.973876], [13.765198, 44.974555], [13.764692, 44.975799], [13.76502, 44.976628], [13.765533, 44.976787], [13.765645, 44.977886], [13.764984, 44.979437], [13.762435, 44.980473], [13.760896, 44.983256], [13.762261, 44.984789], [13.761509, 44.984767], [13.763294, 44.985233], [13.763696, 44.985543], [13.763514, 44.985804], [13.759457, 44.986139], [13.756527, 44.987183], [13.754401, 44.985367], [13.753256, 44.985251], [13.750262, 44.985893], [13.747478, 44.986022], [13.746558, 44.985941], [13.745726, 44.985327], [13.744867, 44.98531], [13.74372, 44.986006], [13.742766, 44.987273], [13.741406, 44.987591], [13.738029, 44.986254], [13.738653, 44.985914], [13.737938, 44.986177], [13.736346, 44.985347], [13.736446, 44.985617], [13.735362, 44.985827], [13.737505, 44.988366], [13.737102, 44.988661], [13.740395, 44.992185], [13.74035, 44.992561], [13.741015, 44.993075], [13.745779, 44.994827], [13.746046, 44.995566], [13.746622, 44.995749], [13.7481, 44.997504], [13.749406, 44.997748], [13.7511, 44.998697], [13.751905, 44.998749], [13.755276, 45.000713], [13.755865, 45.000533], [13.76082, 45.004217], [13.763202, 45.00394], [13.763805, 45.00471], [13.765029, 45.004376], [13.767244, 45.005207], [13.767812, 45.004316], [13.777482, 45.011358], [13.780217, 45.013141], [13.795489, 45.018963], [13.800478, 45.021603], [13.801886, 45.021758], [13.803306, 45.021666], [13.815667, 45.018996], [13.816844, 45.018078], [13.818149, 45.01857], [13.821462, 45.018864], [13.825067, 45.016938], [13.825796, 45.01499], [13.830543, 45.016788], [13.83341, 45.015113], [13.833956, 45.015425], [13.835405, 45.014956], [13.836948, 45.015055], [13.840056, 45.015764], [13.840668, 45.014988], [13.842034, 45.014338], [13.841585, 45.013672], [13.840128, 45.012985], [13.838307, 45.01141], [13.837246, 45.011135], [13.836844, 45.009137], [13.838396, 45.007788], [13.839542, 45.00604], [13.840707, 45.005734], [13.842007, 45.003803], [13.842757, 45.00304], [13.84563, 45.001927], [13.847908, 45.000475], [13.849132, 44.99871], [13.851728, 44.996246], [13.852198, 44.993655], [13.851781, 44.990891], [13.855464, 44.990263], [13.855392, 44.989875], [13.856116, 44.989931], [13.857265, 44.98943], [13.857005, 44.988803], [13.858599, 44.988698], [13.859395, 44.988224], [13.863553, 44.987907], [13.864003, 44.987366], [13.86375, 44.98684], [13.867194, 44.986375], [13.866717, 44.98509], [13.870796, 44.984281], [13.870661, 44.983678], [13.873586, 44.983207], [13.877081, 44.987629], [13.878456, 44.988454], [13.87858, 44.989313], [13.877643, 44.989349], [13.877744, 44.989634], [13.881341, 44.991621], [13.883203, 44.994469], [13.886478, 44.996228], [13.889811, 44.995396], [13.890904, 44.998661], [13.892609, 44.999672], [13.894475, 45.002135], [13.896944, 45.003863], [13.898508, 45.003344], [13.900198, 45.002275], [13.90116, 45.002905], [13.902542, 45.002821], [13.903162, 45.003083], [13.908609, 45.001355], [13.91043, 45.001663], [13.910962, 45.001257], [13.910855, 45.000556], [13.908635, 44.995751], [13.905088, 44.992563], [13.903053, 44.990054], [13.900696, 44.988478], [13.89901, 44.986853], [13.893587, 44.983524], [13.890551, 44.975891], [13.891908, 44.976368], [13.893097, 44.976425], [13.897155, 44.978159], [13.898623, 44.977947], [13.900653, 44.978624], [13.903778, 44.978886], [13.904824, 44.97855], [13.905146, 44.977631], [13.905975, 44.977104], [13.900625, 44.973246], [13.90091, 44.971308], [13.89942, 44.969169], [13.900072, 44.968747], [13.901699, 44.968801], [13.903515, 44.969354], [13.906812, 44.968878], [13.907752, 44.969053], [13.909545, 44.970063], [13.914687, 44.971746], [13.917484, 44.971613], [13.919688, 44.97288], [13.921063, 44.973126], [13.921236, 44.970741], [13.923165, 44.968385], [13.923013, 44.96783], [13.921753, 44.966421], [13.92111, 44.964506], [13.917315, 44.96247], [13.916475, 44.960407], [13.918162, 44.958878], [13.920164, 44.957695], [13.924943, 44.956762], [13.923015, 44.952098], [13.921758, 44.946892], [13.920944, 44.945931], [13.921493, 44.94554], [13.920327, 44.94425], [13.919827, 44.942899], [13.919089, 44.942998], [13.918497, 44.94172], [13.917883, 44.941329], [13.915391, 44.940889], [13.912893, 44.94089], [13.910864, 44.93657], [13.909516, 44.932469], [13.909932, 44.931752], [13.912257, 44.931238], [13.911284, 44.928866], [13.910055, 44.928244]]]}, "properties": {"id": 86, "razina": "jls", "name": "Vodnjan - Dignano", "jls_name": "Vodnjan - Dignano", "jls_maticni_broj": "05029", "zupanija": "Istarska", "area_km2": 98.6184, "stanovnistvo": 5838, "naselja_count": 4, "partial": false, "palette_idx": 0, "source": "DGU rpj:naselje (unija naselja)"}}, {"type": "Feature", "id": 87, "geometry": {"type": "Polygon", "coordinates": [[[13.829758, 44.901097], [13.823372, 44.905428], [13.818425, 44.906502], [13.816241, 44.905617], [13.812456, 44.905295], [13.810605, 44.905817], [13.811107, 44.906816], [13.811478, 44.906629], [13.811111, 44.90612], [13.812246, 44.906642], [13.813153, 44.908072], [13.812763, 44.908403], [13.812366, 44.908218], [13.811969, 44.908649], [13.811452, 44.90843], [13.80926, 44.90944], [13.808966, 44.909872], [13.809361, 44.909929], [13.809363, 44.911173], [13.809808, 44.911364], [13.809369, 44.911842], [13.809845, 44.911449], [13.81055, 44.911668], [13.811897, 44.912364], [13.812476, 44.913228], [13.8146, 44.914359], [13.813411, 44.914597], [13.812254, 44.913533], [13.811225, 44.913707], [13.809442, 44.91302], [13.808866, 44.912551], [13.809263, 44.911969], [13.808288, 44.912531], [13.806435, 44.912728], [13.804071, 44.914453], [13.804026, 44.915372], [13.802716, 44.917785], [13.802673, 44.918836], [13.801542, 44.919947], [13.801523, 44.921259], [13.801083, 44.921217], [13.801605, 44.921318], [13.801554, 44.922186], [13.800869, 44.922871], [13.801538, 44.923499], [13.801433, 44.924956], [13.802406, 44.925563], [13.802769, 44.926481], [13.802558, 44.927182], [13.801386, 44.926991], [13.802527, 44.927255], [13.802039, 44.927627], [13.802453, 44.927784], [13.802298, 44.928184], [13.801488, 44.928076], [13.800862, 44.927457], [13.801138, 44.927938], [13.801859, 44.928295], [13.801749, 44.930769], [13.800959, 44.931194], [13.799692, 44.932654], [13.797786, 44.933444], [13.795848, 44.936585], [13.794987, 44.937163], [13.794734, 44.936939], [13.794754, 44.937309], [13.794091, 44.93728], [13.792694, 44.938321], [13.792469, 44.938175], [13.790651, 44.939884], [13.805991, 44.941152], [13.807531, 44.939537], [13.808882, 44.938749], [13.811351, 44.944396], [13.813549, 44.946164], [13.814256, 44.946146], [13.816665, 44.947295], [13.819933, 44.954676], [13.820679, 44.95865], [13.821221, 44.958737], [13.821218, 44.958002], [13.823888, 44.957884], [13.823774, 44.957502], [13.825158, 44.957365], [13.825392, 44.956954], [13.826545, 44.956668], [13.82681, 44.956933], [13.829708, 44.956108], [13.829639, 44.955734], [13.831021, 44.954917], [13.831004, 44.953079], [13.830407, 44.952798], [13.830662, 44.952403], [13.829956, 44.952183], [13.830104, 44.951219], [13.828945, 44.949558], [13.831839, 44.948875], [13.831796, 44.948348], [13.832339, 44.948312], [13.832457, 44.948016], [13.831373, 44.947481], [13.831185, 44.946452], [13.83, 44.944894], [13.829448, 44.942732], [13.838776, 44.940677], [13.840914, 44.94057], [13.840814, 44.940313], [13.842339, 44.939844], [13.846455, 44.938962], [13.842865, 44.930682], [13.843883, 44.930428], [13.843447, 44.929854], [13.843703, 44.927587], [13.841879, 44.924212], [13.839869, 44.922919], [13.838782, 44.923157], [13.8383, 44.922997], [13.837863, 44.924229], [13.836414, 44.923898], [13.835474, 44.923198], [13.835871, 44.922205], [13.837894, 44.919774], [13.836607, 44.916501], [13.835829, 44.914513], [13.829758, 44.901097]]]}, "properties": {"id": 87, "razina": "jls", "name": "Fazana - Fasana", "jls_name": "Fazana - Fasana", "jls_maticni_broj": "06190", "zupanija": "Istarska", "area_km2": 13.6438, "stanovnistvo": 3463, "naselja_count": 2, "partial": false, "palette_idx": 0, "source": "DGU rpj:naselje (unija naselja)"}}, {"type": "Feature", "id": 88, "geometry": {"type": "MultiPolygon", "coordinates": [[[[13.891298, 44.758242], [13.891214, 44.757743], [13.8905, 44.757615], [13.890495, 44.758168], [13.891298, 44.758242]]], [[[13.900301, 44.768115], [13.901861, 44.76862], [13.902378, 44.768484], [13.901928, 44.767532], [13.901049, 44.767371], [13.900458, 44.766768], [13.899775, 44.766801], [13.900301, 44.768115]]], [[[13.89799, 44.808133], [13.892459, 44.809819], [13.888773, 44.808526], [13.886667, 44.809018], [13.885877, 44.810399], [13.885359, 44.809565], [13.882343, 44.80794], [13.882185, 44.807261], [13.880051, 44.805617], [13.878328, 44.806249], [13.874556, 44.804668], [13.873063, 44.804973], [13.873025, 44.805786], [13.874558, 44.806897], [13.878255, 44.808048], [13.878576, 44.808799], [13.878325, 44.810372], [13.877416, 44.809095], [13.875492, 44.808776], [13.873524, 44.809169], [13.872609, 44.808826], [13.871712, 44.808886], [13.87057, 44.810368], [13.8692, 44.808698], [13.867843, 44.80841], [13.865865, 44.809318], [13.864668, 44.810305], [13.864326, 44.81103], [13.862254, 44.811838], [13.862025, 44.812453], [13.862298, 44.813582], [13.863407, 44.814714], [13.8646, 44.815224], [13.865639, 44.815176], [13.864809, 44.815564], [13.864581, 44.816171], [13.865565, 44.817021], [13.865475, 44.817325], [13.865791, 44.81747], [13.865661, 44.817146], [13.866009, 44.817131], [13.872506, 44.818792], [13.874363, 44.819687], [13.874344, 44.820209], [13.874941, 44.820569], [13.874767, 44.821008], [13.872921, 44.820888], [13.869533, 44.822098], [13.867375, 44.822125], [13.865991, 44.820988], [13.865751, 44.821155], [13.865099, 44.820933], [13.865183, 44.820196], [13.865023, 44.820934], [13.864591, 44.820702], [13.864738, 44.819828], [13.864335, 44.81909], [13.8619, 44.816034], [13.860567, 44.815563], [13.858736, 44.815853], [13.856539, 44.815552], [13.854802, 44.816125], [13.853374, 44.817769], [13.853602, 44.81821], [13.85673, 44.820241], [13.8565, 44.821128], [13.855829, 44.821487], [13.854272, 44.821592], [13.851122, 44.821319], [13.850311, 44.822028], [13.848058, 44.822846], [13.846405, 44.825597], [13.846128, 44.827248], [13.847155, 44.828256], [13.849849, 44.82819], [13.850716, 44.82759], [13.851436, 44.826276], [13.851968, 44.826207], [13.852718, 44.827012], [13.852812, 44.827754], [13.854297, 44.828877], [13.856164, 44.828718], [13.857129, 44.827345], [13.857877, 44.826963], [13.858326, 44.827135], [13.858452, 44.827856], [13.859175, 44.828656], [13.8601, 44.828735], [13.86136, 44.828286], [13.86227, 44.829143], [13.862473, 44.829593], [13.861076, 44.830356], [13.860637, 44.831092], [13.860954, 44.833239], [13.859677, 44.833442], [13.858018, 44.832339], [13.856272, 44.832807], [13.855895, 44.832582], [13.855092, 44.832696], [13.853667, 44.832228], [13.85281, 44.832498], [13.852418, 44.831517], [13.851396, 44.830946], [13.848885, 44.831113], [13.84607, 44.830734], [13.844017, 44.831405], [13.843652, 44.83179], [13.843604, 44.833265], [13.84411, 44.834462], [13.845302, 44.835505], [13.844823, 44.836404], [13.845606, 44.835969], [13.847251, 44.837039], [13.846912, 44.837599], [13.844362, 44.837965], [13.844234, 44.83896], [13.84356, 44.839359], [13.845149, 44.840524], [13.844965, 44.840845], [13.845356, 44.841285], [13.848095, 44.842263], [13.849572, 44.842406], [13.85151, 44.842141], [13.852561, 44.841252], [13.852729, 44.842055], [13.853499, 44.842675], [13.855163, 44.84381], [13.853278, 44.845323], [13.852724, 44.847089], [13.857153, 44.846502], [13.858803, 44.847112], [13.858426, 44.847656], [13.859339, 44.848131], [13.860573, 44.848215], [13.860859, 44.847838], [13.863175, 44.848778], [13.86444, 44.848024], [13.865374, 44.848449], [13.86772, 44.848004], [13.870362, 44.848693], [13.872619, 44.846703], [13.873813, 44.846271], [13.875715, 44.846459], [13.879291, 44.844841], [13.879069, 44.844604], [13.880151, 44.844107], [13.880545, 44.844266], [13.881867, 44.843703], [13.881705, 44.843457], [13.883285, 44.842829], [13.881067, 44.840971], [13.881258, 44.840198], [13.882012, 44.839491], [13.883107, 44.838807], [13.883824, 44.837439], [13.886957, 44.83689], [13.888552, 44.837541], [13.89012, 44.837476], [13.891033, 44.836983], [13.89144, 44.837243], [13.892756, 44.836942], [13.895251, 44.835653], [13.895984, 44.836085], [13.896086, 44.836934], [13.898318, 44.837981], [13.898917, 44.837895], [13.899483, 44.838399], [13.900156, 44.838301], [13.901513, 44.839611], [13.900633, 44.84018], [13.900458, 44.840784], [13.903778, 44.8418], [13.904003, 44.846438], [13.904614, 44.848888], [13.906492, 44.853144], [13.909084, 44.854632], [13.913574, 44.856451], [13.914214, 44.857597], [13.917663, 44.856924], [13.917861, 44.857649], [13.920799, 44.857131], [13.920658, 44.85634], [13.922636, 44.855954], [13.922273, 44.854003], [13.922617, 44.852984], [13.92222, 44.85306], [13.922045, 44.852702], [13.921763, 44.849841], [13.920957, 44.85002], [13.920971, 44.848726], [13.920147, 44.848731], [13.920416, 44.847975], [13.92392, 44.845735], [13.926859, 44.843038], [13.928539, 44.841973], [13.935435, 44.83932], [13.942941, 44.837238], [13.942201, 44.835939], [13.942007, 44.834412], [13.942647, 44.833097], [13.942663, 44.831395], [13.945407, 44.830697], [13.9477, 44.829671], [13.946927, 44.828158], [13.947191, 44.826582], [13.946851, 44.82517], [13.950287, 44.824433], [13.952407, 44.822604], [13.958387, 44.821094], [13.960295, 44.819181], [13.960379, 44.817577], [13.959967, 44.815733], [13.960457, 44.814914], [13.961415, 44.814553], [13.961756, 44.815207], [13.96605, 44.813928], [13.965706, 44.813145], [13.965127, 44.813311], [13.964305, 44.811552], [13.966261, 44.810681], [13.966462, 44.810173], [13.965438, 44.803597], [13.963564, 44.803403], [13.96242, 44.803688], [13.958828, 44.805404], [13.955187, 44.804845], [13.952686, 44.803529], [13.95027, 44.803288], [13.94775, 44.803551], [13.94691, 44.80439], [13.943485, 44.805775], [13.943538, 44.806285], [13.942696, 44.807554], [13.942968, 44.809107], [13.941061, 44.810478], [13.941175, 44.81077], [13.939926, 44.811473], [13.938294, 44.811642], [13.937665, 44.812292], [13.936382, 44.812592], [13.934307, 44.813955], [13.93158, 44.813367], [13.929654, 44.811879], [13.930502, 44.810974], [13.93049, 44.809824], [13.932558, 44.809381], [13.929674, 44.805751], [13.929915, 44.805189], [13.930842, 44.805125], [13.931512, 44.804744], [13.931652, 44.803597], [13.930798, 44.803193], [13.929559, 44.803144], [13.928997, 44.804029], [13.929682, 44.805223], [13.928152, 44.805841], [13.927715, 44.806771], [13.926609, 44.807986], [13.926312, 44.807942], [13.927888, 44.810095], [13.928203, 44.814306], [13.929248, 44.814275], [13.929602, 44.814935], [13.929829, 44.814675], [13.930368, 44.814944], [13.932066, 44.814988], [13.933759, 44.816406], [13.933927, 44.81706], [13.933173, 44.816931], [13.933881, 44.817109], [13.933786, 44.817323], [13.933064, 44.817157], [13.933775, 44.817338], [13.93364, 44.817558], [13.932922, 44.81739], [13.93363, 44.817572], [13.933473, 44.817831], [13.932735, 44.817626], [13.933463, 44.817848], [13.933312, 44.818086], [13.932354, 44.817795], [13.933138, 44.818054], [13.93225, 44.819276], [13.93079, 44.818603], [13.931756, 44.819236], [13.931829, 44.819692], [13.930595, 44.819737], [13.929827, 44.820088], [13.929023, 44.81969], [13.929582, 44.81922], [13.929197, 44.819062], [13.92907, 44.817985], [13.927687, 44.816518], [13.925219, 44.816226], [13.922389, 44.816324], [13.92177, 44.817105], [13.921428, 44.818863], [13.922401, 44.820306], [13.92348, 44.821104], [13.925395, 44.819885], [13.926798, 44.819675], [13.928255, 44.820165], [13.928348, 44.821429], [13.926346, 44.822332], [13.92488, 44.822499], [13.925268, 44.82272], [13.924706, 44.824349], [13.923794, 44.824952], [13.923911, 44.825727], [13.923447, 44.825391], [13.921894, 44.825148], [13.920095, 44.825321], [13.918994, 44.825925], [13.918068, 44.827455], [13.917155, 44.82747], [13.916704, 44.827467], [13.915671, 44.828468], [13.915085, 44.828579], [13.9146, 44.829271], [13.910857, 44.829603], [13.909833, 44.830096], [13.908825, 44.830034], [13.908773, 44.829483], [13.909516, 44.828383], [13.909029, 44.827695], [13.909801, 44.827579], [13.910054, 44.82723], [13.90993, 44.826219], [13.910509, 44.824718], [13.909411, 44.823002], [13.908334, 44.822145], [13.907943, 44.822157], [13.907723, 44.823033], [13.906981, 44.823728], [13.905287, 44.823428], [13.901959, 44.824349], [13.898545, 44.824485], [13.898461, 44.824209], [13.899309, 44.823622], [13.899682, 44.824042], [13.899409, 44.823576], [13.900063, 44.823998], [13.899635, 44.823615], [13.900074, 44.823331], [13.900513, 44.823765], [13.900095, 44.823283], [13.901004, 44.822346], [13.902216, 44.822788], [13.901241, 44.822297], [13.901475, 44.822039], [13.902475, 44.822494], [13.901497, 44.822015], [13.901726, 44.821756], [13.902773, 44.822196], [13.901737, 44.821741], [13.902049, 44.821404], [13.903083, 44.821839], [13.902068, 44.821386], [13.902451, 44.820962], [13.903513, 44.82145], [13.903699, 44.821931], [13.903552, 44.821436], [13.902471, 44.820934], [13.902959, 44.820747], [13.902511, 44.818444], [13.901112, 44.817708], [13.899103, 44.81778], [13.898145, 44.819096], [13.896158, 44.820422], [13.893821, 44.820532], [13.89282, 44.822723], [13.889481, 44.824482], [13.887128, 44.823626], [13.884829, 44.82428], [13.883994, 44.824007], [13.882529, 44.821723], [13.882915, 44.820375], [13.884843, 44.819367], [13.887393, 44.81884], [13.887833, 44.817082], [13.891968, 44.816089], [13.893031, 44.816238], [13.894736, 44.817162], [13.895855, 44.817189], [13.898304, 44.816859], [13.899774, 44.8162], [13.900101, 44.815614], [13.901106, 44.814949], [13.903311, 44.814625], [13.907234, 44.815272], [13.913003, 44.814535], [13.913753, 44.814015], [13.914326, 44.812787], [13.91722, 44.812396], [13.918168, 44.811965], [13.918269, 44.811031], [13.916275, 44.80979], [13.916051, 44.808668], [13.916882, 44.808942], [13.916776, 44.809284], [13.916978, 44.808911], [13.918321, 44.809149], [13.91953, 44.808823], [13.919856, 44.808011], [13.918733, 44.806435], [13.918768, 44.805919], [13.919797, 44.805282], [13.923279, 44.804135], [13.924375, 44.803275], [13.924347, 44.802692], [13.923278, 44.801758], [13.922432, 44.80142], [13.920453, 44.801511], [13.919894, 44.800855], [13.920912, 44.799139], [13.919428, 44.79785], [13.919431, 44.797256], [13.919654, 44.796973], [13.921095, 44.796718], [13.921388, 44.795942], [13.920023, 44.795463], [13.919644, 44.796309], [13.918663, 44.796191], [13.917403, 44.794995], [13.917858, 44.794062], [13.91779, 44.793156], [13.916709, 44.792365], [13.914389, 44.793069], [13.913771, 44.792787], [13.914738, 44.790979], [13.914, 44.789346], [13.915814, 44.787434], [13.915987, 44.78585], [13.916479, 44.7855], [13.917487, 44.785419], [13.918644, 44.786253], [13.919426, 44.78576], [13.919212, 44.785323], [13.918447, 44.785063], [13.91741, 44.785164], [13.916786, 44.783688], [13.917298, 44.782519], [13.917911, 44.782099], [13.919789, 44.78183], [13.920294, 44.78141], [13.920337, 44.780516], [13.919305, 44.778855], [13.918458, 44.778584], [13.916726, 44.779024], [13.916844, 44.778398], [13.913777, 44.777269], [13.912975, 44.776644], [13.912413, 44.775579], [13.913313, 44.774563], [13.91409, 44.77452], [13.917296, 44.775284], [13.919973, 44.776921], [13.920925, 44.777126], [13.921798, 44.776925], [13.921889, 44.776102], [13.921167, 44.774962], [13.921581, 44.774522], [13.922712, 44.774226], [13.922626, 44.773613], [13.917881, 44.772965], [13.917036, 44.772616], [13.916957, 44.772014], [13.918239, 44.771424], [13.920211, 44.771848], [13.920768, 44.771681], [13.921672, 44.770888], [13.923082, 44.770761], [13.924449, 44.769396], [13.926093, 44.769888], [13.926524, 44.769758], [13.926494, 44.768799], [13.925058, 44.768519], [13.925145, 44.767033], [13.924209, 44.76657], [13.922483, 44.76666], [13.921572, 44.767815], [13.921399, 44.766931], [13.920755, 44.766423], [13.919066, 44.766166], [13.917453, 44.766941], [13.916723, 44.768095], [13.916349, 44.767893], [13.915451, 44.768206], [13.915676, 44.767954], [13.915136, 44.767841], [13.913393, 44.768051], [13.912377, 44.768761], [13.911961, 44.768601], [13.911653, 44.769013], [13.909459, 44.768289], [13.907399, 44.768466], [13.905354, 44.769425], [13.905429, 44.770469], [13.906657, 44.771857], [13.907719, 44.772315], [13.906519, 44.773002], [13.906423, 44.77392], [13.905699, 44.774335], [13.905295, 44.775066], [13.905416, 44.775868], [13.906272, 44.776978], [13.904143, 44.777697], [13.903651, 44.778392], [13.903645, 44.780223], [13.904806, 44.781495], [13.903637, 44.782236], [13.903436, 44.782913], [13.904014, 44.784139], [13.907146, 44.785856], [13.906224, 44.786827], [13.904925, 44.786456], [13.905095, 44.786046], [13.904847, 44.786501], [13.903236, 44.785813], [13.902166, 44.785722], [13.901668, 44.786242], [13.903544, 44.789481], [13.902884, 44.789976], [13.901331, 44.790358], [13.900926, 44.791613], [13.903409, 44.793908], [13.903719, 44.796556], [13.904877, 44.797326], [13.902635, 44.797534], [13.901885, 44.799226], [13.901943, 44.799993], [13.902573, 44.800826], [13.903454, 44.801484], [13.904244, 44.801464], [13.903663, 44.802422], [13.903742, 44.805397], [13.904228, 44.80571], [13.903398, 44.805623], [13.902394, 44.806353], [13.901654, 44.807853], [13.902664, 44.808349], [13.901185, 44.808433], [13.900162, 44.809112], [13.899897, 44.808326], [13.899095, 44.808048], [13.89799, 44.808133]]], [[[13.849574, 44.817739], [13.849007, 44.817783], [13.846885, 44.819484], [13.844467, 44.820695], [13.843539, 44.821492], [13.843241, 44.822338], [13.84363, 44.822539], [13.845812, 44.822174], [13.847188, 44.821763], [13.847746, 44.820244], [13.849786, 44.819107], [13.849574, 44.817739]]], [[[13.8406, 44.824028], [13.842291, 44.8242], [13.843292, 44.823519], [13.841935, 44.82275], [13.841072, 44.82321], [13.8406, 44.824028]]], [[[13.945611, 44.769783], [13.94515, 44.770559], [13.945144, 44.772022], [13.944342, 44.77238], [13.94474, 44.774708], [13.946297, 44.775312], [13.946926, 44.774729], [13.94734, 44.773561], [13.948543, 44.773188], [13.949306, 44.772555], [13.948451, 44.770341], [13.946945, 44.76962], [13.945704, 44.770002], [13.945611, 44.769783]]], [[[13.925546, 44.7779], [13.924939, 44.778274], [13.925049, 44.778733], [13.926867, 44.779199], [13.927409, 44.778867], [13.926312, 44.777882], [13.926052, 44.778082], [13.925546, 44.7779]]], [[[13.935268, 44.78416], [13.932973, 44.783305], [13.931969, 44.783705], [13.931731, 44.783505], [13.931121, 44.783938], [13.930788, 44.783794], [13.930177, 44.785228], [13.930451, 44.786216], [13.932145, 44.787077], [13.932, 44.787332], [13.93218, 44.787075], [13.933165, 44.787859], [13.934553, 44.788199], [13.935707, 44.787948], [13.936974, 44.786785], [13.936833, 44.786242], [13.935915, 44.785996], [13.935268, 44.78416]]], [[[13.945718, 44.790368], [13.945581, 44.791388], [13.94723, 44.793784], [13.949091, 44.794254], [13.950002, 44.793239], [13.949807, 44.790664], [13.948277, 44.789882], [13.945718, 44.790368]]], [[[13.924653, 44.793639], [13.925495, 44.793902], [13.926427, 44.793654], [13.926662, 44.793161], [13.925962, 44.792448], [13.925415, 44.792353], [13.92474, 44.792656], [13.92438, 44.793216], [13.924653, 44.793639]]], [[[13.908235, 44.817646], [13.907925, 44.818658], [13.908843, 44.818991], [13.909584, 44.81888], [13.909702, 44.818373], [13.908821, 44.817615], [13.908235, 44.817646]]], [[[13.91217, 44.824908], [13.91342, 44.825372], [13.914077, 44.825104], [13.914011, 44.824654], [13.913614, 44.824305], [13.912667, 44.824172], [13.91217, 44.824908]]]]}, "properties": {"id": 88, "razina": "jls", "name": "Medulin", "jls_name": "Medulin", "jls_maticni_broj": "02631", "zupanija": "Istarska", "area_km2": 34.1233, "stanovnistvo": 6552, "naselja_count": 8, "partial": false, "palette_idx": 0, "source": "DGU rpj:naselje (unija naselja)"}}, {"type": "Feature", "id": 89, "geometry": {"type": "MultiPolygon", "coordinates": [[[[13.981841, 44.791871], [13.98152, 44.792222], [13.98213, 44.792836], [13.982554, 44.792497], [13.981841, 44.791871]]], [[[13.984907, 44.798834], [13.984367, 44.798171], [13.983428, 44.797753], [13.981688, 44.798047], [13.981894, 44.798617], [13.9838, 44.799461], [13.984919, 44.800396], [13.986383, 44.800646], [13.987026, 44.800031], [13.986355, 44.799095], [13.984907, 44.798834]]], [[[13.979718, 44.839772], [13.980593, 44.837865], [13.981893, 44.83682], [13.982494, 44.836725], [13.982227, 44.836067], [13.983814, 44.835994], [13.985217, 44.83528], [13.985398, 44.834234], [13.986778, 44.833236], [13.986567, 44.832175], [13.98803, 44.831906], [13.989051, 44.831131], [13.98862, 44.830019], [13.988748, 44.828749], [13.988135, 44.828307], [13.984976, 44.828225], [13.984954, 44.827829], [13.985655, 44.827715], [13.986263, 44.826824], [13.985885, 44.825779], [13.984801, 44.825146], [13.983475, 44.825345], [13.983304, 44.824811], [13.983344, 44.825141], [13.982849, 44.825408], [13.981537, 44.825599], [13.981708, 44.824923], [13.982394, 44.82467], [13.98118, 44.82406], [13.980931, 44.823586], [13.980385, 44.823765], [13.979949, 44.823442], [13.978492, 44.823391], [13.977979, 44.822071], [13.976608, 44.82077], [13.975923, 44.820525], [13.974684, 44.820998], [13.972546, 44.821138], [13.971848, 44.821029], [13.971525, 44.820661], [13.973278, 44.820022], [13.973536, 44.819451], [13.974038, 44.819842], [13.974352, 44.818492], [13.974845, 44.81843], [13.974944, 44.819017], [13.975487, 44.818872], [13.975641, 44.819267], [13.975956, 44.819226], [13.9759, 44.818706], [13.975653, 44.818922], [13.975224, 44.818677], [13.975008, 44.818148], [13.975193, 44.8178], [13.976153, 44.817574], [13.976057, 44.817152], [13.976832, 44.817237], [13.978415, 44.818082], [13.978129, 44.81764], [13.978726, 44.817547], [13.979905, 44.818024], [13.981364, 44.818], [13.981511, 44.817701], [13.983385, 44.818036], [13.983994, 44.817418], [13.984225, 44.817701], [13.983891, 44.818214], [13.984474, 44.818692], [13.983795, 44.819309], [13.984482, 44.819979], [13.984049, 44.820368], [13.984063, 44.820952], [13.984931, 44.821481], [13.984666, 44.821743], [13.986404, 44.821219], [13.987376, 44.82052], [13.990203, 44.821091], [13.991646, 44.819864], [13.990599, 44.818604], [13.990656, 44.818236], [13.991139, 44.81788], [13.991606, 44.818077], [13.991807, 44.817683], [13.991362, 44.817052], [13.989824, 44.816266], [13.989844, 44.815884], [13.990539, 44.815324], [13.991674, 44.815421], [13.991471, 44.814511], [13.991992, 44.814102], [13.992604, 44.814273], [13.99319, 44.813827], [13.994821, 44.813847], [13.995956, 44.81324], [13.998239, 44.812953], [13.999287, 44.812509], [14.000256, 44.811508], [14.000113, 44.809977], [13.99893, 44.808867], [13.996655, 44.807731], [13.994369, 44.808028], [13.994293, 44.807851], [13.996679, 44.807317], [13.996728, 44.806913], [13.998301, 44.807098], [13.999895, 44.806353], [14.003149, 44.805833], [14.003445, 44.805291], [14.003052, 44.804786], [14.002398, 44.804754], [14.002529, 44.804055], [14.001993, 44.802974], [14.000404, 44.802227], [13.999144, 44.802324], [13.997033, 44.803208], [13.996646, 44.803674], [13.996187, 44.803394], [13.995937, 44.803966], [13.99543, 44.804029], [13.995207, 44.803762], [13.994298, 44.804214], [13.992378, 44.804227], [13.991799, 44.80483], [13.990628, 44.805159], [13.990704, 44.805979], [13.990169, 44.805147], [13.989447, 44.805404], [13.98899, 44.80493], [13.988072, 44.804887], [13.9884, 44.804385], [13.98749, 44.803121], [13.985497, 44.803813], [13.982258, 44.803053], [13.978799, 44.803115], [13.977517, 44.803524], [13.976288, 44.803221], [13.976094, 44.803553], [13.975532, 44.80359], [13.974959, 44.804637], [13.974592, 44.804517], [13.97232, 44.805225], [13.965438, 44.803597], [13.966462, 44.810173], [13.966261, 44.810681], [13.964305, 44.811552], [13.965127, 44.813311], [13.965706, 44.813145], [13.96605, 44.813928], [13.961756, 44.815207], [13.961415, 44.814553], [13.960457, 44.814914], [13.959967, 44.815733], [13.960379, 44.817577], [13.960295, 44.819181], [13.958387, 44.821094], [13.952407, 44.822604], [13.950287, 44.824433], [13.946851, 44.82517], [13.947191, 44.826582], [13.946927, 44.828158], [13.9477, 44.829671], [13.945407, 44.830697], [13.942663, 44.831395], [13.942647, 44.833097], [13.942007, 44.834412], [13.942201, 44.835939], [13.942941, 44.837238], [13.935435, 44.83932], [13.928539, 44.841973], [13.926859, 44.843038], [13.92392, 44.845735], [13.920416, 44.847975], [13.920147, 44.848731], [13.920971, 44.848726], [13.920957, 44.85002], [13.921763, 44.849841], [13.922045, 44.852702], [13.92222, 44.85306], [13.922617, 44.852984], [13.922273, 44.854003], [13.922636, 44.855954], [13.920658, 44.85634], [13.920799, 44.857131], [13.917861, 44.857649], [13.917663, 44.856924], [13.914214, 44.857597], [13.915167, 44.86027], [13.916341, 44.861648], [13.916731, 44.86386], [13.915494, 44.863823], [13.914461, 44.864173], [13.912746, 44.863793], [13.91311, 44.864519], [13.908154, 44.86538], [13.900028, 44.867479], [13.89948, 44.867344], [13.900032, 44.868425], [13.902616, 44.870684], [13.902877, 44.871855], [13.901919, 44.872754], [13.902223, 44.873556], [13.904845, 44.879632], [13.9022, 44.88042], [13.901432, 44.881463], [13.899893, 44.881842], [13.898572, 44.880715], [13.893174, 44.880035], [13.89223, 44.880367], [13.891669, 44.880241], [13.890931, 44.880824], [13.888434, 44.881447], [13.886968, 44.881326], [13.890322, 44.888997], [13.890269, 44.88943], [13.889087, 44.889696], [13.890137, 44.890142], [13.889892, 44.890596], [13.892469, 44.890596], [13.892915, 44.89149], [13.892934, 44.893109], [13.897661, 44.893819], [13.903072, 44.895868], [13.905084, 44.896953], [13.905512, 44.897613], [13.90553, 44.906196], [13.906387, 44.906491], [13.907955, 44.906229], [13.908295, 44.906511], [13.911142, 44.906398], [13.912359, 44.906896], [13.913049, 44.906448], [13.916834, 44.906544], [13.917642, 44.907625], [13.917723, 44.908538], [13.918433, 44.908554], [13.919939, 44.909555], [13.926704, 44.908195], [13.929188, 44.914203], [13.930739, 44.917157], [13.92832, 44.917402], [13.928891, 44.919195], [13.928864, 44.920513], [13.931245, 44.922444], [13.933321, 44.923106], [13.936106, 44.926047], [13.936817, 44.925894], [13.937071, 44.926561], [13.936055, 44.926865], [13.93707, 44.928873], [13.93929, 44.928058], [13.94001, 44.929536], [13.94124, 44.929391], [13.941267, 44.930733], [13.944818, 44.929953], [13.946085, 44.930364], [13.958236, 44.927823], [13.959008, 44.927374], [13.96168, 44.926826], [13.973057, 44.926544], [13.974799, 44.925068], [13.974161, 44.923278], [13.974452, 44.922364], [13.974138, 44.92139], [13.974938, 44.920011], [13.974438, 44.919205], [13.977656, 44.916367], [13.977463, 44.915431], [13.978947, 44.914361], [13.979699, 44.912863], [13.98153, 44.911854], [13.982936, 44.909264], [13.982487, 44.907029], [13.982992, 44.90654], [13.982808, 44.904956], [13.981004, 44.903994], [13.980567, 44.902651], [13.980795, 44.90215], [13.980522, 44.901812], [13.980753, 44.900898], [13.98258, 44.899024], [13.98328, 44.896991], [13.982155, 44.895238], [13.980339, 44.894213], [13.98033, 44.893549], [13.981134, 44.892596], [13.981775, 44.89244], [13.982387, 44.893302], [13.984519, 44.893867], [13.984964, 44.893708], [13.98619, 44.892741], [13.986266, 44.892216], [13.98826, 44.891547], [13.990978, 44.88977], [13.991363, 44.888395], [13.989284, 44.887208], [13.994884, 44.886401], [13.998579, 44.887169], [14.001128, 44.888042], [14.003033, 44.887423], [14.002909, 44.886981], [14.003836, 44.885703], [14.003596, 44.883277], [14.003013, 44.882058], [14.00169, 44.88278], [14.001606, 44.882188], [14.000278, 44.880637], [13.998786, 44.880061], [13.997467, 44.880215], [13.99688, 44.881475], [13.996066, 44.881103], [13.995057, 44.881297], [13.994505, 44.880397], [13.99323, 44.880096], [13.993631, 44.879337], [13.99295, 44.878616], [13.990283, 44.878435], [13.990841, 44.877742], [13.991485, 44.877779], [13.993103, 44.876737], [13.991958, 44.875297], [13.991176, 44.874841], [13.991574, 44.874445], [13.990791, 44.873706], [13.992897, 44.873814], [13.99553, 44.873258], [13.99489, 44.871241], [13.995723, 44.871173], [13.997014, 44.870312], [13.994687, 44.867208], [13.996106, 44.866186], [13.99839, 44.865237], [14.000474, 44.865211], [14.001254, 44.864247], [14.000716, 44.862659], [14.000251, 44.862416], [13.999475, 44.862892], [13.998227, 44.862698], [13.997571, 44.863152], [13.996959, 44.862697], [13.996283, 44.862807], [13.995273, 44.862077], [13.993849, 44.862076], [13.992962, 44.861239], [13.992544, 44.861324], [13.99163, 44.860317], [13.991774, 44.857231], [13.990331, 44.855349], [13.989512, 44.854909], [13.987239, 44.854636], [13.986346, 44.854813], [13.985998, 44.854504], [13.984695, 44.854483], [13.983999, 44.853125], [13.98286, 44.852507], [13.981226, 44.853634], [13.98056, 44.853547], [13.982284, 44.851263], [13.982218, 44.848501], [13.981379, 44.847423], [13.981169, 44.845092], [13.978777, 44.842979], [13.979627, 44.84222], [13.978158, 44.840395], [13.979718, 44.839772]]]]}, "properties": {"id": 89, "razina": "jls", "name": "Liznjan - Lisignano", "jls_name": "Liznjan - Lisignano", "jls_maticni_broj": "02356", "zupanija": "Istarska", "area_km2": 68.0784, "stanovnistvo": 4087, "naselja_count": 5, "partial": false, "palette_idx": 0, "source": "DGU rpj:naselje (unija naselja)"}}, {"type": "Feature", "id": 90, "geometry": {"type": "MultiPolygon", "coordinates": [[[[13.937071, 44.926561], [13.936817, 44.925894], [13.936106, 44.926047], [13.933321, 44.923106], [13.931245, 44.922444], [13.928864, 44.920513], [13.928891, 44.919195], [13.92832, 44.917402], [13.930739, 44.917157], [13.929188, 44.914203], [13.926704, 44.908195], [13.919939, 44.909555], [13.918433, 44.908554], [13.917723, 44.908538], [13.917642, 44.907625], [13.916834, 44.906544], [13.913049, 44.906448], [13.912359, 44.906896], [13.911142, 44.906398], [13.908295, 44.906511], [13.907955, 44.906229], [13.906387, 44.906491], [13.90553, 44.906196], [13.905512, 44.897613], [13.905084, 44.896953], [13.903072, 44.895868], [13.897661, 44.893819], [13.892934, 44.893109], [13.89042, 44.893519], [13.889508, 44.893394], [13.88927, 44.893999], [13.88977, 44.89601], [13.888997, 44.89655], [13.886139, 44.897541], [13.886331, 44.897754], [13.88547, 44.898714], [13.888351, 44.902156], [13.889528, 44.902635], [13.89131, 44.903513], [13.893169, 44.906493], [13.89526, 44.907498], [13.893812, 44.908646], [13.889433, 44.908257], [13.888743, 44.906991], [13.88554, 44.907176], [13.885099, 44.908302], [13.887929, 44.910755], [13.889602, 44.91272], [13.891184, 44.912744], [13.891737, 44.913575], [13.892544, 44.914012], [13.893477, 44.915356], [13.894568, 44.918888], [13.898083, 44.920593], [13.900027, 44.922434], [13.902666, 44.923975], [13.903581, 44.924858], [13.906641, 44.925791], [13.909058, 44.927186], [13.910055, 44.928244], [13.911284, 44.928866], [13.912257, 44.931238], [13.909932, 44.931752], [13.909516, 44.932469], [13.910864, 44.93657], [13.912893, 44.94089], [13.915391, 44.940889], [13.917883, 44.941329], [13.918497, 44.94172], [13.919089, 44.942998], [13.919827, 44.942899], [13.920327, 44.94425], [13.921493, 44.94554], [13.920944, 44.945931], [13.921758, 44.946892], [13.923015, 44.952098], [13.924943, 44.956762], [13.920164, 44.957695], [13.918162, 44.958878], [13.916475, 44.960407], [13.917315, 44.96247], [13.92111, 44.964506], [13.921753, 44.966421], [13.923013, 44.96783], [13.923165, 44.968385], [13.921236, 44.970741], [13.921063, 44.973126], [13.919688, 44.97288], [13.917484, 44.971613], [13.914687, 44.971746], [13.909545, 44.970063], [13.907752, 44.969053], [13.906812, 44.968878], [13.903515, 44.969354], [13.901699, 44.968801], [13.900072, 44.968747], [13.89942, 44.969169], [13.90091, 44.971308], [13.900625, 44.973246], [13.905975, 44.977104], [13.905146, 44.977631], [13.904824, 44.97855], [13.903778, 44.978886], [13.900653, 44.978624], [13.898623, 44.977947], [13.897155, 44.978159], [13.893097, 44.976425], [13.891908, 44.976368], [13.890551, 44.975891], [13.893587, 44.983524], [13.89901, 44.986853], [13.900696, 44.988478], [13.903053, 44.990054], [13.905088, 44.992563], [13.908635, 44.995751], [13.910855, 45.000556], [13.910962, 45.001257], [13.91043, 45.001663], [13.908609, 45.001355], [13.903162, 45.003083], [13.902542, 45.002821], [13.90116, 45.002905], [13.900198, 45.002275], [13.898508, 45.003344], [13.896944, 45.003863], [13.89871, 45.006276], [13.899443, 45.006475], [13.901327, 45.006069], [13.903606, 45.006428], [13.907261, 45.005486], [13.90741, 45.005224], [13.908199, 45.005805], [13.908761, 45.007297], [13.909539, 45.006853], [13.909517, 45.007793], [13.912612, 45.008789], [13.912254, 45.009944], [13.914977, 45.010367], [13.915718, 45.012195], [13.91662, 45.01317], [13.916391, 45.013461], [13.917449, 45.015992], [13.91819, 45.016352], [13.917795, 45.017295], [13.921331, 45.018553], [13.923112, 45.019913], [13.926884, 45.020596], [13.92871, 45.020111], [13.930076, 45.020418], [13.934265, 45.019662], [13.936788, 45.01834], [13.936988, 45.017624], [13.937241, 45.018005], [13.938877, 45.017734], [13.938588, 45.017588], [13.947204, 45.014311], [13.947544, 45.014148], [13.951855, 45.01218], [13.952768, 45.011314], [13.955545, 45.011821], [13.956672, 45.011165], [13.95811, 45.011384], [13.960058, 45.009874], [13.959785, 45.009509], [13.960091, 45.009418], [13.960098, 45.008661], [13.960686, 45.008269], [13.960887, 45.008503], [13.96186, 45.008135], [13.963903, 45.006177], [13.964854, 45.006434], [13.965805, 45.004767], [13.96613, 45.004941], [13.970436, 45.003523], [13.972994, 45.00341], [13.974948, 45.002815], [13.977495, 45.002529], [13.980765, 45.007939], [13.979297, 45.0088], [13.979712, 45.010278], [13.980303, 45.010655], [13.979487, 45.010975], [13.980145, 45.011336], [13.979221, 45.011518], [13.980511, 45.012499], [13.980112, 45.012845], [13.979049, 45.012182], [13.979328, 45.013079], [13.977553, 45.012145], [13.976812, 45.013108], [13.977098, 45.013729], [13.975936, 45.014779], [13.975922, 45.015312], [13.975333, 45.015995], [13.975044, 45.015696], [13.974312, 45.016234], [13.975383, 45.016779], [13.978233, 45.019409], [13.97988, 45.020469], [13.981577, 45.022102], [13.983341, 45.022571], [13.984786, 45.023569], [13.985293, 45.02537], [13.986365, 45.026291], [13.987678, 45.026793], [13.988318, 45.02774], [13.992617, 45.029398], [13.993165, 45.030938], [13.994138, 45.032133], [13.994325, 45.034538], [13.995249, 45.034607], [13.996719, 45.035224], [13.995962, 45.03626], [13.996724, 45.036424], [13.997331, 45.035331], [13.998202, 45.03546], [13.999497, 45.033539], [14.00197, 45.034503], [14.003145, 45.034645], [14.001192, 45.028423], [13.999873, 45.026659], [13.998486, 45.023725], [13.997754, 45.019912], [13.99906, 45.020703], [14.000242, 45.021973], [14.002865, 45.023005], [14.00351, 45.023762], [14.003782, 45.024945], [14.004543, 45.021697], [14.004057, 45.020911], [14.003785, 45.018991], [14.003992, 45.015231], [14.003663, 45.013237], [14.007806, 45.012646], [14.009794, 45.01277], [14.011045, 45.009878], [14.011661, 45.007044], [14.014135, 45.005224], [14.015672, 45.004988], [14.018052, 45.004089], [14.019984, 45.003882], [14.022236, 45.004625], [14.02432, 45.005782], [14.024663, 45.006958], [14.028666, 45.007262], [14.029456, 45.006973], [14.03035, 45.007211], [14.033098, 45.005566], [14.034834, 45.005323], [14.03816, 45.004168], [14.037366, 45.003495], [14.037888, 45.002105], [14.037435, 45.00079], [14.037779, 45.000395], [14.038569, 45.000224], [14.039404, 45.000612], [14.04048, 45.001127], [14.041944, 45.001177], [14.046344, 45.000113], [14.048152, 44.999228], [14.049061, 44.998558], [14.048696, 44.997246], [14.047978, 44.996394], [14.048709, 44.995539], [14.052718, 44.996762], [14.05777, 44.995855], [14.058736, 44.99477], [14.060846, 44.994809], [14.062564, 44.994374], [14.06572, 44.994235], [14.068036, 44.99372], [14.069864, 44.992957], [14.070967, 44.991717], [14.070541, 44.990065], [14.071615, 44.986876], [14.071223, 44.984317], [14.072379, 44.98258], [14.073136, 44.980454], [14.074935, 44.979202], [14.076155, 44.978742], [14.07663, 44.978045], [14.075874, 44.977414], [14.075403, 44.977529], [14.075605, 44.977251], [14.07362, 44.975994], [14.07215, 44.975618], [14.070116, 44.976244], [14.068744, 44.977212], [14.066174, 44.978008], [14.065378, 44.978624], [14.064227, 44.978243], [14.063489, 44.977245], [14.066016, 44.976067], [14.066887, 44.974176], [14.065182, 44.972127], [14.0635, 44.97098], [14.064385, 44.969475], [14.064557, 44.967207], [14.063298, 44.966546], [14.059327, 44.965499], [14.058032, 44.963781], [14.05589, 44.962758], [14.054526, 44.962794], [14.053164, 44.963341], [14.052343, 44.962942], [14.054547, 44.960589], [14.056363, 44.959879], [14.056773, 44.959258], [14.055832, 44.958652], [14.054361, 44.958338], [14.055009, 44.957854], [14.054269, 44.956698], [14.050554, 44.955175], [14.051157, 44.954375], [14.052021, 44.95449], [14.052941, 44.954185], [14.054636, 44.950843], [14.054524, 44.949232], [14.053595, 44.947828], [14.050782, 44.946848], [14.050223, 44.946897], [14.047305, 44.948086], [14.04688, 44.948703], [14.044489, 44.948784], [14.038354, 44.951078], [14.036701, 44.951311], [14.036061, 44.952116], [14.036534, 44.953178], [14.036367, 44.953633], [14.034606, 44.953304], [14.033659, 44.953193], [14.031583, 44.954162], [14.032329, 44.952621], [14.031266, 44.95161], [14.033493, 44.9512], [14.035078, 44.949619], [14.03508, 44.949039], [14.036323, 44.949215], [14.037368, 44.948966], [14.040228, 44.947415], [14.040858, 44.946301], [14.038549, 44.944467], [14.043383, 44.944852], [14.044708, 44.94468], [14.047013, 44.942487], [14.045384, 44.941872], [14.045386, 44.941475], [14.048986, 44.940406], [14.049949, 44.939644], [14.05038, 44.938188], [14.049894, 44.937201], [14.048263, 44.93585], [14.046856, 44.935596], [14.046407, 44.935183], [14.045109, 44.934835], [14.043277, 44.935342], [14.043031, 44.934525], [14.041436, 44.933882], [14.041707, 44.933418], [14.044586, 44.932884], [14.045597, 44.931555], [14.043768, 44.92996], [14.040724, 44.929077], [14.042741, 44.928169], [14.043131, 44.926997], [14.042576, 44.926261], [14.038718, 44.92569], [14.040385, 44.925066], [14.041809, 44.923844], [14.040697, 44.922748], [14.039544, 44.922243], [14.0398, 44.922097], [14.039022, 44.919981], [14.038455, 44.920011], [14.039081, 44.919602], [14.038724, 44.918021], [14.037733, 44.918136], [14.038544, 44.917888], [14.038258, 44.917674], [14.036822, 44.91713], [14.035169, 44.917297], [14.03385, 44.919339], [14.033034, 44.919171], [14.032538, 44.919361], [14.031827, 44.921218], [14.031977, 44.922657], [14.030355, 44.923066], [14.029524, 44.924082], [14.027358, 44.926372], [14.026311, 44.926208], [14.026399, 44.925241], [14.026912, 44.925055], [14.028008, 44.923124], [14.028504, 44.920713], [14.029003, 44.919683], [14.028786, 44.919372], [14.028228, 44.919389], [14.02755, 44.920022], [14.025079, 44.920175], [14.024857, 44.919984], [14.025832, 44.918271], [14.025578, 44.917656], [14.023962, 44.917409], [14.023104, 44.918028], [14.022733, 44.917853], [14.022681, 44.91788], [14.02311, 44.91804], [14.022212, 44.918409], [14.021677, 44.918222], [14.021385, 44.91671], [14.020483, 44.91635], [14.019228, 44.916421], [14.018966, 44.915648], [14.02063, 44.914978], [14.021191, 44.91485], [14.022384, 44.915306], [14.023937, 44.915165], [14.024912, 44.914619], [14.02502, 44.914182], [14.025953, 44.914178], [14.026545, 44.913752], [14.028602, 44.913423], [14.029798, 44.912764], [14.029626, 44.912111], [14.027955, 44.911419], [14.027227, 44.910503], [14.02557, 44.910191], [14.02617, 44.90995], [14.027375, 44.908477], [14.027241, 44.908109], [14.026166, 44.908007], [14.027516, 44.906691], [14.027065, 44.904917], [14.026333, 44.904347], [14.023092, 44.904656], [14.024261, 44.903368], [14.024082, 44.902634], [14.023482, 44.902169], [14.021691, 44.901873], [14.01961, 44.90227], [14.018923, 44.901687], [14.019735, 44.90076], [14.019037, 44.899129], [14.017239, 44.897979], [14.015558, 44.896337], [14.014999, 44.896459], [14.014593, 44.899058], [14.01378, 44.900679], [14.01259, 44.901493], [14.012196, 44.901444], [14.012285, 44.899452], [14.010251, 44.899214], [14.011224, 44.897725], [14.010803, 44.897368], [14.009717, 44.897448], [14.009644, 44.896244], [14.008537, 44.894878], [14.006635, 44.894487], [14.007516, 44.893567], [14.006687, 44.892798], [14.004322, 44.892573], [14.003114, 44.892793], [14.002423, 44.893296], [14.001507, 44.892794], [14.000312, 44.892635], [13.999148, 44.893134], [13.998013, 44.894137], [13.997309, 44.892261], [13.99655, 44.891886], [13.99601, 44.891956], [13.994012, 44.893135], [13.993334, 44.893902], [13.99209, 44.894386], [13.991295, 44.895506], [13.989742, 44.895441], [13.98769, 44.896778], [13.986324, 44.899042], [13.98564, 44.899312], [13.985921, 44.899494], [13.98561, 44.899933], [13.985256, 44.89978], [13.985596, 44.899945], [13.984653, 44.900719], [13.983983, 44.902178], [13.983565, 44.902228], [13.983382, 44.902662], [13.982953, 44.902616], [13.982095, 44.903176], [13.981492, 44.902386], [13.981014, 44.902715], [13.980795, 44.90215], [13.980567, 44.902651], [13.981004, 44.903994], [13.982808, 44.904956], [13.982992, 44.90654], [13.982487, 44.907029], [13.982936, 44.909264], [13.98153, 44.911854], [13.979699, 44.912863], [13.978947, 44.914361], [13.977463, 44.915431], [13.977656, 44.916367], [13.974438, 44.919205], [13.974938, 44.920011], [13.974138, 44.92139], [13.974452, 44.922364], [13.974161, 44.923278], [13.974799, 44.925068], [13.973057, 44.926544], [13.96168, 44.926826], [13.959008, 44.927374], [13.958236, 44.927823], [13.946085, 44.930364], [13.944818, 44.929953], [13.941267, 44.930733], [13.94124, 44.929391], [13.94001, 44.929536], [13.93929, 44.928058], [13.93707, 44.928873], [13.936055, 44.926865], [13.937071, 44.926561]]], [[[14.028513, 44.911586], [14.028693, 44.911612], [14.028647, 44.911595], [14.028595, 44.91158], [14.028513, 44.911586]]], [[[14.0287, 44.91166], [14.028859, 44.911772], [14.028969, 44.911756], [14.028778, 44.911667], [14.0287, 44.91166]]], [[[14.029443, 44.911947], [14.029296, 44.911892], [14.029076, 44.911803], [14.029027, 44.911811], [14.029208, 44.911904], [14.029443, 44.911947]]], [[[14.030608, 44.922932], [14.030519, 44.922975], [14.030599, 44.922973], [14.030648, 44.922943], [14.030608, 44.922932]]]]}, "properties": {"id": 90, "razina": "jls", "name": "Marcana", "jls_name": "Marcana", "jls_maticni_broj": "02542", "zupanija": "Istarska", "area_km2": 130.304, "stanovnistvo": 4250, "naselja_count": 22, "partial": false, "palette_idx": 0, "source": "DGU rpj:naselje (unija naselja)"}}, {"type": "Feature", "id": 91, "geometry": {"type": "Polygon", "coordinates": [[[13.975936, 45.014779], [13.977098, 45.013729], [13.976812, 45.013108], [13.977553, 45.012145], [13.979328, 45.013079], [13.979049, 45.012182], [13.980112, 45.012845], [13.980511, 45.012499], [13.979221, 45.011518], [13.980145, 45.011336], [13.979487, 45.010975], [13.980303, 45.010655], [13.979712, 45.010278], [13.979297, 45.0088], [13.980765, 45.007939], [13.977495, 45.002529], [13.974948, 45.002815], [13.972994, 45.00341], [13.970436, 45.003523], [13.96613, 45.004941], [13.965805, 45.004767], [13.964854, 45.006434], [13.963903, 45.006177], [13.96186, 45.008135], [13.960887, 45.008503], [13.960686, 45.008269], [13.960098, 45.008661], [13.960091, 45.009418], [13.959785, 45.009509], [13.960058, 45.009874], [13.95811, 45.011384], [13.956672, 45.011165], [13.955545, 45.011821], [13.952768, 45.011314], [13.951855, 45.01218], [13.947544, 45.014148], [13.947204, 45.014311], [13.938588, 45.017588], [13.938877, 45.017734], [13.937241, 45.018005], [13.936988, 45.017624], [13.936788, 45.01834], [13.934265, 45.019662], [13.930076, 45.020418], [13.92871, 45.020111], [13.926884, 45.020596], [13.926588, 45.02103], [13.92767, 45.023375], [13.927519, 45.024559], [13.92862, 45.02575], [13.929312, 45.027978], [13.928975, 45.02974], [13.928555, 45.029767], [13.928283, 45.032674], [13.927834, 45.032561], [13.926778, 45.035119], [13.926914, 45.037738], [13.925256, 45.037694], [13.9249, 45.03967], [13.923181, 45.040818], [13.922723, 45.041497], [13.923504, 45.041811], [13.923394, 45.042987], [13.924725, 45.043388], [13.924692, 45.044527], [13.923694, 45.044517], [13.924095, 45.045719], [13.924078, 45.047679], [13.925304, 45.049994], [13.925097, 45.050651], [13.926088, 45.053763], [13.92734, 45.055187], [13.927539, 45.056678], [13.927392, 45.058688], [13.928598, 45.061026], [13.929087, 45.063565], [13.929842, 45.064038], [13.931224, 45.065828], [13.931272, 45.067146], [13.931583, 45.067118], [13.933981, 45.073077], [13.933342, 45.074389], [13.933939, 45.074613], [13.933736, 45.075996], [13.934295, 45.07612], [13.934879, 45.077048], [13.934656, 45.078295], [13.935028, 45.078455], [13.934128, 45.082233], [13.934388, 45.083364], [13.93437, 45.084538], [13.933888, 45.085068], [13.934448, 45.085213], [13.934125, 45.086257], [13.934554, 45.086523], [13.934242, 45.088685], [13.934592, 45.089254], [13.933921, 45.08967], [13.937707, 45.091742], [13.94356, 45.09331], [13.945736, 45.093614], [13.947087, 45.094356], [13.949962, 45.095007], [13.950438, 45.095466], [13.954708, 45.095065], [13.958713, 45.095978], [13.961947, 45.097354], [13.969323, 45.098468], [13.972188, 45.099941], [13.973922, 45.101268], [13.975283, 45.101338], [13.97885, 45.102719], [13.984583, 45.103839], [13.990039, 45.103189], [13.990381, 45.111407], [13.990994, 45.123689], [13.990721, 45.130302], [13.995802, 45.138649], [13.998662, 45.140459], [14.002267, 45.143726], [14.003439, 45.14351], [14.004113, 45.144541], [14.004637, 45.144406], [14.007646, 45.14898], [14.008926, 45.149829], [14.008892, 45.152831], [14.012728, 45.15456], [14.014438, 45.151952], [14.018677, 45.149664], [14.020801, 45.147756], [14.02371, 45.147186], [14.026856, 45.145922], [14.027955, 45.145953], [14.028927, 45.145378], [14.029587, 45.144142], [14.029761, 45.142504], [14.029201, 45.141192], [14.030933, 45.138342], [14.030608, 45.13773], [14.027775, 45.135395], [14.028284, 45.133053], [14.027763, 45.131606], [14.026466, 45.130581], [14.024651, 45.130502], [14.02474, 45.129233], [14.022736, 45.126436], [14.022153, 45.124937], [14.022468, 45.121092], [14.022383, 45.120337], [14.021084, 45.118815], [14.019535, 45.118257], [14.016518, 45.118255], [14.016189, 45.117999], [14.017391, 45.115359], [14.017185, 45.114435], [14.017985, 45.110515], [14.0193, 45.109094], [14.019148, 45.108108], [14.020177, 45.106412], [14.021526, 45.104985], [14.022227, 45.103809], [14.023648, 45.101075], [14.02367, 45.100142], [14.021411, 45.097657], [14.021858, 45.09718], [14.021703, 45.096542], [14.01881, 45.093894], [14.018248, 45.093128], [14.018321, 45.092456], [14.01941, 45.09207], [14.020765, 45.091099], [14.021722, 45.089803], [14.021712, 45.089121], [14.020178, 45.087421], [14.020738, 45.08521], [14.020518, 45.084873], [14.021083, 45.084509], [14.019523, 45.08391], [14.020439, 45.082238], [14.023331, 45.081034], [14.024803, 45.080891], [14.026978, 45.080206], [14.028307, 45.079136], [14.028732, 45.077348], [14.024096, 45.074688], [14.022812, 45.073234], [14.022721, 45.072541], [14.021493, 45.071344], [14.019752, 45.070684], [14.018021, 45.070935], [14.017627, 45.070513], [14.021903, 45.069628], [14.0295, 45.070169], [14.033516, 45.068464], [14.034265, 45.067656], [14.034419, 45.066038], [14.035073, 45.063046], [14.03453, 45.061738], [14.034875, 45.061524], [14.035537, 45.061755], [14.038036, 45.060287], [14.04031, 45.056259], [14.041281, 45.054946], [14.04331, 45.053307], [14.043769, 45.052257], [14.042793, 45.048598], [14.041041, 45.044541], [14.041395, 45.044253], [14.040478, 45.042601], [14.038657, 45.040335], [14.037013, 45.039763], [14.035403, 45.040145], [14.035001, 45.040163], [14.033867, 45.03922], [14.034546, 45.037787], [14.034313, 45.037111], [14.035011, 45.036181], [14.037166, 45.035752], [14.037391, 45.035311], [14.037045, 45.034085], [14.038622, 45.033051], [14.039155, 45.031356], [14.038782, 45.028941], [14.03961, 45.028424], [14.042247, 45.024642], [14.042308, 45.023061], [14.042961, 45.022058], [14.042905, 45.019727], [14.046581, 45.016582], [14.046834, 45.014698], [14.044064, 45.010898], [14.042048, 45.007281], [14.039999, 45.005259], [14.038455, 45.00477], [14.03816, 45.004168], [14.034834, 45.005323], [14.033098, 45.005566], [14.03035, 45.007211], [14.029456, 45.006973], [14.028666, 45.007262], [14.024663, 45.006958], [14.02432, 45.005782], [14.022236, 45.004625], [14.019984, 45.003882], [14.018052, 45.004089], [14.015672, 45.004988], [14.014135, 45.005224], [14.011661, 45.007044], [14.011045, 45.009878], [14.009794, 45.01277], [14.007806, 45.012646], [14.003663, 45.013237], [14.003992, 45.015231], [14.003785, 45.018991], [14.004057, 45.020911], [14.004543, 45.021697], [14.003782, 45.024945], [14.00351, 45.023762], [14.002865, 45.023005], [14.000242, 45.021973], [13.99906, 45.020703], [13.997754, 45.019912], [13.998486, 45.023725], [13.999873, 45.026659], [14.001192, 45.028423], [14.003145, 45.034645], [14.00197, 45.034503], [13.999497, 45.033539], [13.998202, 45.03546], [13.997331, 45.035331], [13.996724, 45.036424], [13.995962, 45.03626], [13.996719, 45.035224], [13.995249, 45.034607], [13.994325, 45.034538], [13.994138, 45.032133], [13.993165, 45.030938], [13.992617, 45.029398], [13.988318, 45.02774], [13.987678, 45.026793], [13.986365, 45.026291], [13.985293, 45.02537], [13.984786, 45.023569], [13.983341, 45.022571], [13.981577, 45.022102], [13.97988, 45.020469], [13.978233, 45.019409], [13.975383, 45.016779], [13.974312, 45.016234], [13.975044, 45.015696], [13.975333, 45.015995], [13.975922, 45.015312], [13.975936, 45.014779]]]}, "properties": {"id": 91, "razina": "jls", "name": "Barban", "jls_name": "Barban", "jls_maticni_broj": "00060", "zupanija": "Istarska", "area_km2": 90.8268, "stanovnistvo": 2491, "naselja_count": 23, "partial": false, "palette_idx": 0, "source": "DGU rpj:naselje (unija naselja)"}}, {"type": "Feature", "id": 92, "geometry": {"type": "Polygon", "coordinates": [[[13.878456, 44.988454], [13.877081, 44.987629], [13.873586, 44.983207], [13.870661, 44.983678], [13.870796, 44.984281], [13.866717, 44.98509], [13.867194, 44.986375], [13.86375, 44.98684], [13.864003, 44.987366], [13.863553, 44.987907], [13.859395, 44.988224], [13.858599, 44.988698], [13.857005, 44.988803], [13.857265, 44.98943], [13.856116, 44.989931], [13.855392, 44.989875], [13.855464, 44.990263], [13.851781, 44.990891], [13.852198, 44.993655], [13.851728, 44.996246], [13.849132, 44.99871], [13.847908, 45.000475], [13.84563, 45.001927], [13.842757, 45.00304], [13.842007, 45.003803], [13.840707, 45.005734], [13.839542, 45.00604], [13.838396, 45.007788], [13.836844, 45.009137], [13.837246, 45.011135], [13.838307, 45.01141], [13.840128, 45.012985], [13.841585, 45.013672], [13.842034, 45.014338], [13.840668, 45.014988], [13.840056, 45.015764], [13.836948, 45.015055], [13.835405, 45.014956], [13.833956, 45.015425], [13.83341, 45.015113], [13.830543, 45.016788], [13.825796, 45.01499], [13.825067, 45.016938], [13.821462, 45.018864], [13.818149, 45.01857], [13.816844, 45.018078], [13.815667, 45.018996], [13.817836, 45.024029], [13.825288, 45.026402], [13.827995, 45.028012], [13.829823, 45.029573], [13.831099, 45.030078], [13.833249, 45.03401], [13.83755, 45.036728], [13.838833, 45.03742], [13.839013, 45.037188], [13.839729, 45.037546], [13.839475, 45.037776], [13.841037, 45.038532], [13.841905, 45.03965], [13.844215, 45.041364], [13.846615, 45.041693], [13.846765, 45.043024], [13.8481, 45.043504], [13.85145, 45.047019], [13.853186, 45.049443], [13.853904, 45.051867], [13.854788, 45.052728], [13.85545, 45.054486], [13.857505, 45.056928], [13.857262, 45.05862], [13.854484, 45.063804], [13.854028, 45.063813], [13.851909, 45.066591], [13.85113, 45.066726], [13.849683, 45.067731], [13.847896, 45.070416], [13.846472, 45.07187], [13.845741, 45.071432], [13.844723, 45.074574], [13.84324, 45.075736], [13.842472, 45.075683], [13.841526, 45.077767], [13.841049, 45.077672], [13.840843, 45.079044], [13.839561, 45.079972], [13.838951, 45.080877], [13.835931, 45.085668], [13.834435, 45.086075], [13.834434, 45.08652], [13.832845, 45.087472], [13.825932, 45.089458], [13.822717, 45.090066], [13.823217, 45.092013], [13.825714, 45.09328], [13.827073, 45.093639], [13.833838, 45.097814], [13.83474, 45.097794], [13.834939, 45.098171], [13.836451, 45.098669], [13.837099, 45.099339], [13.840014, 45.10024], [13.839947, 45.100484], [13.842469, 45.102057], [13.844894, 45.102705], [13.845271, 45.103534], [13.848296, 45.105064], [13.856162, 45.107556], [13.857796, 45.108427], [13.860508, 45.10926], [13.863506, 45.109401], [13.866176, 45.109047], [13.868977, 45.10809], [13.876658, 45.108141], [13.878032, 45.107787], [13.879323, 45.108078], [13.883775, 45.106903], [13.883847, 45.10689], [13.885431, 45.10671], [13.891183, 45.106965], [13.893061, 45.10587], [13.897304, 45.105321], [13.898663, 45.105322], [13.901478, 45.104597], [13.906429, 45.104156], [13.909881, 45.102748], [13.912888, 45.102648], [13.915157, 45.102006], [13.9179, 45.100325], [13.918655, 45.100346], [13.920659, 45.098425], [13.921007, 45.09857], [13.925764, 45.09493], [13.926058, 45.095116], [13.92679, 45.094853], [13.933921, 45.08967], [13.934592, 45.089254], [13.934242, 45.088685], [13.934554, 45.086523], [13.934125, 45.086257], [13.934448, 45.085213], [13.933888, 45.085068], [13.93437, 45.084538], [13.934388, 45.083364], [13.934128, 45.082233], [13.935028, 45.078455], [13.934656, 45.078295], [13.934879, 45.077048], [13.934295, 45.07612], [13.933736, 45.075996], [13.933939, 45.074613], [13.933342, 45.074389], [13.933981, 45.073077], [13.931583, 45.067118], [13.931272, 45.067146], [13.931224, 45.065828], [13.929842, 45.064038], [13.929087, 45.063565], [13.928598, 45.061026], [13.927392, 45.058688], [13.927539, 45.056678], [13.92734, 45.055187], [13.926088, 45.053763], [13.925097, 45.050651], [13.925304, 45.049994], [13.924078, 45.047679], [13.924095, 45.045719], [13.923694, 45.044517], [13.924692, 45.044527], [13.924725, 45.043388], [13.923394, 45.042987], [13.923504, 45.041811], [13.922723, 45.041497], [13.923181, 45.040818], [13.9249, 45.03967], [13.925256, 45.037694], [13.926914, 45.037738], [13.926778, 45.035119], [13.927834, 45.032561], [13.928283, 45.032674], [13.928555, 45.029767], [13.928975, 45.02974], [13.929312, 45.027978], [13.92862, 45.02575], [13.927519, 45.024559], [13.92767, 45.023375], [13.926588, 45.02103], [13.926884, 45.020596], [13.923112, 45.019913], [13.921331, 45.018553], [13.917795, 45.017295], [13.91819, 45.016352], [13.917449, 45.015992], [13.916391, 45.013461], [13.91662, 45.01317], [13.915718, 45.012195], [13.914977, 45.010367], [13.912254, 45.009944], [13.912612, 45.008789], [13.909517, 45.007793], [13.909539, 45.006853], [13.908761, 45.007297], [13.908199, 45.005805], [13.90741, 45.005224], [13.907261, 45.005486], [13.903606, 45.006428], [13.901327, 45.006069], [13.899443, 45.006475], [13.89871, 45.006276], [13.896944, 45.003863], [13.894475, 45.002135], [13.892609, 44.999672], [13.890904, 44.998661], [13.889811, 44.995396], [13.886478, 44.996228], [13.883203, 44.994469], [13.881341, 44.991621], [13.877744, 44.989634], [13.877643, 44.989349], [13.87858, 44.989313], [13.878456, 44.988454]]]}, "properties": {"id": 92, "razina": "jls", "name": "Svetvincenat", "jls_name": "Svetvincenat", "jls_maticni_broj": "04359", "zupanija": "Istarska", "area_km2": 82.5396, "stanovnistvo": 2179, "naselja_count": 19, "partial": false, "palette_idx": 0, "source": "DGU rpj:naselje (unija naselja)"}}, {"type": "Feature", "id": 93, "geometry": {"type": "MultiPolygon", "coordinates": [[[[13.846885, 44.819484], [13.844467, 44.820695], [13.843539, 44.821492], [13.843241, 44.822338], [13.84363, 44.822539], [13.845812, 44.822174], [13.847188, 44.821763], [13.847746, 44.820244], [13.849786, 44.819107], [13.849574, 44.817739], [13.849007, 44.817783], [13.846885, 44.819484]]], [[[13.841935, 44.82275], [13.841072, 44.82321], [13.8406, 44.824028], [13.842291, 44.8242], [13.843292, 44.823519], [13.841935, 44.82275]]], [[[13.844806, 44.828585], [13.844488, 44.827884], [13.842299, 44.826255], [13.839137, 44.826562], [13.838671, 44.826854], [13.839473, 44.827878], [13.839112, 44.830305], [13.840089, 44.831415], [13.841278, 44.83155], [13.842239, 44.831106], [13.842726, 44.829997], [13.843128, 44.829904], [13.8432, 44.830143], [13.843156, 44.829884], [13.844537, 44.829165], [13.844806, 44.828585]]], [[[13.853667, 44.832228], [13.85281, 44.832498], [13.852418, 44.831517], [13.851396, 44.830946], [13.848885, 44.831113], [13.84607, 44.830734], [13.844017, 44.831405], [13.843652, 44.83179], [13.843604, 44.833265], [13.84411, 44.834462], [13.845302, 44.835505], [13.844823, 44.836404], [13.845606, 44.835969], [13.847251, 44.837039], [13.846912, 44.837599], [13.844362, 44.837965], [13.843434, 44.838299], [13.843273, 44.838136], [13.843402, 44.83831], [13.842606, 44.838717], [13.842279, 44.838476], [13.842756, 44.83885], [13.842526, 44.839047], [13.84136, 44.839163], [13.842573, 44.8391], [13.842357, 44.839648], [13.841309, 44.839755], [13.842412, 44.839676], [13.84251, 44.840162], [13.841423, 44.84027], [13.842516, 44.840185], [13.842592, 44.8407], [13.841501, 44.840807], [13.842597, 44.840724], [13.842668, 44.841218], [13.841603, 44.841326], [13.842673, 44.841243], [13.842752, 44.841679], [13.84169, 44.841791], [13.842757, 44.841704], [13.842851, 44.842139], [13.841794, 44.842251], [13.842855, 44.842166], [13.84294, 44.842608], [13.841882, 44.842715], [13.842936, 44.84263], [13.843002, 44.842907], [13.84268, 44.842962], [13.842248, 44.843299], [13.842686, 44.843023], [13.843168, 44.843379], [13.842752, 44.843671], [13.84319, 44.843392], [13.843672, 44.843743], [13.843277, 44.844047], [13.84371, 44.843772], [13.844331, 44.844043], [13.843812, 44.844436], [13.844483, 44.843967], [13.845182, 44.844053], [13.844251, 44.844747], [13.84522, 44.844051], [13.845951, 44.844137], [13.844847, 44.84496], [13.84598, 44.84414], [13.846415, 44.844445], [13.845496, 44.845131], [13.846435, 44.844454], [13.846853, 44.844766], [13.846098, 44.845323], [13.846869, 44.844783], [13.84729, 44.845092], [13.846727, 44.845512], [13.847313, 44.845105], [13.848657, 44.845257], [13.849235, 44.846023], [13.849708, 44.845902], [13.850126, 44.846009], [13.850521, 44.845663], [13.85017, 44.846024], [13.850598, 44.846198], [13.849592, 44.845952], [13.849061, 44.846704], [13.84832, 44.846715], [13.844226, 44.846499], [13.843823, 44.846157], [13.844239, 44.845826], [13.844591, 44.846037], [13.844245, 44.845822], [13.844475, 44.845638], [13.844834, 44.845844], [13.844128, 44.845415], [13.84447, 44.845634], [13.844236, 44.845816], [13.843896, 44.845598], [13.844025, 44.845986], [13.843563, 44.845707], [13.844019, 44.845992], [13.843813, 44.846154], [13.842709, 44.845812], [13.842792, 44.845363], [13.843195, 44.845714], [13.842804, 44.845357], [13.84303, 44.845223], [13.843471, 44.845589], [13.843037, 44.845218], [13.843276, 44.845077], [13.843762, 44.845475], [13.84299, 44.844824], [13.843268, 44.845071], [13.842772, 44.844986], [13.843023, 44.845216], [13.842587, 44.845472], [13.842345, 44.844975], [13.842889, 44.844588], [13.842344, 44.844967], [13.842663, 44.844382], [13.842204, 44.84471], [13.841985, 44.84449], [13.842371, 44.844193], [13.841973, 44.844479], [13.84215, 44.844062], [13.841525, 44.844313], [13.84119, 44.843939], [13.839811, 44.84122], [13.840042, 44.840968], [13.839458, 44.840983], [13.838497, 44.84024], [13.839252, 44.839787], [13.838431, 44.840153], [13.838086, 44.839897], [13.838623, 44.839567], [13.838072, 44.83986], [13.837585, 44.83941], [13.838171, 44.839118], [13.837687, 44.838665], [13.838077, 44.839073], [13.837794, 44.839243], [13.837252, 44.838785], [13.837765, 44.83926], [13.837554, 44.839383], [13.836575, 44.83878], [13.836883, 44.838314], [13.837299, 44.838377], [13.838826, 44.837808], [13.837297, 44.838349], [13.837039, 44.838165], [13.839049, 44.837406], [13.840837, 44.837108], [13.841569, 44.836227], [13.841298, 44.835721], [13.840562, 44.835141], [13.83814, 44.834715], [13.836003, 44.835427], [13.83535, 44.833704], [13.83353, 44.832914], [13.832763, 44.833578], [13.831315, 44.833834], [13.83045, 44.835092], [13.828457, 44.835118], [13.827763, 44.835628], [13.828445, 44.835865], [13.827116, 44.835841], [13.826984, 44.836271], [13.827763, 44.837719], [13.828422, 44.837933], [13.8292, 44.838912], [13.831601, 44.839268], [13.832518, 44.841149], [13.83435, 44.84214], [13.834022, 44.842521], [13.834548, 44.842364], [13.835062, 44.843283], [13.834605, 44.843849], [13.832635, 44.843473], [13.831394, 44.843858], [13.831712, 44.845359], [13.831526, 44.846312], [13.830696, 44.847163], [13.830755, 44.848046], [13.831536, 44.848561], [13.836377, 44.849394], [13.836337, 44.850475], [13.834163, 44.850595], [13.832551, 44.850201], [13.830618, 44.85038], [13.830075, 44.850808], [13.829569, 44.852083], [13.829962, 44.853985], [13.829538, 44.854069], [13.827617, 44.853395], [13.825984, 44.853445], [13.824923, 44.853968], [13.82494, 44.854775], [13.82672, 44.856842], [13.826677, 44.857916], [13.826351, 44.858059], [13.826093, 44.857699], [13.826255, 44.858098], [13.825839, 44.858245], [13.823797, 44.856982], [13.822946, 44.856909], [13.822884, 44.856675], [13.822044, 44.856799], [13.821684, 44.857662], [13.821943, 44.859264], [13.82021, 44.859783], [13.818607, 44.86072], [13.815387, 44.860468], [13.81485, 44.859919], [13.816411, 44.858614], [13.815282, 44.857843], [13.815135, 44.857345], [13.817235, 44.856122], [13.817643, 44.855145], [13.817195, 44.854449], [13.813413, 44.854371], [13.812301, 44.854804], [13.811377, 44.856375], [13.809097, 44.857028], [13.810316, 44.857643], [13.811006, 44.857567], [13.812746, 44.858556], [13.814016, 44.85976], [13.813837, 44.86034], [13.811992, 44.86168], [13.811021, 44.861735], [13.810053, 44.860049], [13.809128, 44.85933], [13.806863, 44.859092], [13.806178, 44.86005], [13.806794, 44.861317], [13.805284, 44.860922], [13.804946, 44.861294], [13.804173, 44.861148], [13.803512, 44.862028], [13.802172, 44.860616], [13.801244, 44.860514], [13.800491, 44.861019], [13.800599, 44.86071], [13.800128, 44.860751], [13.798261, 44.861584], [13.798381, 44.86193], [13.797406, 44.862568], [13.796611, 44.863762], [13.796362, 44.865004], [13.796932, 44.867497], [13.795492, 44.868367], [13.793374, 44.871323], [13.792831, 44.872681], [13.793099, 44.874572], [13.794482, 44.875779], [13.794799, 44.876478], [13.791032, 44.884847], [13.791105, 44.88487], [13.794904, 44.876441], [13.797343, 44.875293], [13.796802, 44.875441], [13.79766, 44.874538], [13.798485, 44.875123], [13.798128, 44.875066], [13.800393, 44.875522], [13.800179, 44.876181], [13.800424, 44.875528], [13.802053, 44.875327], [13.803255, 44.874562], [13.804373, 44.872772], [13.806054, 44.873018], [13.807051, 44.872623], [13.807603, 44.871993], [13.807554, 44.871314], [13.806906, 44.871019], [13.807411, 44.870402], [13.806857, 44.871026], [13.806418, 44.870817], [13.805944, 44.870554], [13.806416, 44.869897], [13.807088, 44.869729], [13.807144, 44.869378], [13.808443, 44.869507], [13.810588, 44.869177], [13.810344, 44.868864], [13.810984, 44.868284], [13.814752, 44.866751], [13.815728, 44.865777], [13.81779, 44.865336], [13.815926, 44.865649], [13.815476, 44.864546], [13.816958, 44.863876], [13.818672, 44.863617], [13.818977, 44.864197], [13.819891, 44.864271], [13.820352, 44.863894], [13.823447, 44.864159], [13.825811, 44.863975], [13.826511, 44.864347], [13.826892, 44.865894], [13.827771, 44.866519], [13.82961, 44.866353], [13.829991, 44.866032], [13.829402, 44.865416], [13.829318, 44.864652], [13.82845, 44.864082], [13.828659, 44.863293], [13.82943, 44.863402], [13.829254, 44.86403], [13.829613, 44.86343], [13.830235, 44.863517], [13.830115, 44.863943], [13.831513, 44.864158], [13.8312, 44.865214], [13.831522, 44.865262], [13.831941, 44.863842], [13.836826, 44.864553], [13.838438, 44.865875], [13.839006, 44.865591], [13.842058, 44.867869], [13.840898, 44.86953], [13.840972, 44.871115], [13.840656, 44.871379], [13.838243, 44.872018], [13.837916, 44.871406], [13.836964, 44.871461], [13.836852, 44.871257], [13.836947, 44.871669], [13.83632, 44.871838], [13.836105, 44.871445], [13.83397, 44.871995], [13.835186, 44.874881], [13.838969, 44.875598], [13.83843, 44.872921], [13.838836, 44.871983], [13.841398, 44.871304], [13.845297, 44.872568], [13.845104, 44.872855], [13.843932, 44.872504], [13.845099, 44.872864], [13.844776, 44.87322], [13.843679, 44.872925], [13.844938, 44.873381], [13.846246, 44.873794], [13.845139, 44.873343], [13.845305, 44.872947], [13.846549, 44.873351], [13.845317, 44.872929], [13.8455, 44.872635], [13.84748, 44.873302], [13.847101, 44.87345], [13.847792, 44.873408], [13.848091, 44.874598], [13.846215, 44.874836], [13.846239, 44.875068], [13.847454, 44.875064], [13.847026, 44.876175], [13.846412, 44.876065], [13.845669, 44.878063], [13.845992, 44.878117], [13.845841, 44.879424], [13.846245, 44.879431], [13.847938, 44.882718], [13.84803, 44.883297], [13.847535, 44.88363], [13.847945, 44.883595], [13.848523, 44.885613], [13.847739, 44.883987], [13.846368, 44.883847], [13.844741, 44.883718], [13.844044, 44.884105], [13.843005, 44.884078], [13.841828, 44.885361], [13.841359, 44.885103], [13.841434, 44.885308], [13.840644, 44.885551], [13.839878, 44.885297], [13.839599, 44.885701], [13.838153, 44.885214], [13.838391, 44.884787], [13.838107, 44.88519], [13.834827, 44.884455], [13.834504, 44.884081], [13.835162, 44.883132], [13.835948, 44.882791], [13.835423, 44.882927], [13.835111, 44.882261], [13.833732, 44.881638], [13.833899, 44.881353], [13.833571, 44.881687], [13.832113, 44.881127], [13.832661, 44.87933], [13.833087, 44.879258], [13.83266, 44.879274], [13.831194, 44.877877], [13.830461, 44.877959], [13.829767, 44.877412], [13.829719, 44.877674], [13.828365, 44.877802], [13.828323, 44.877442], [13.828231, 44.877445], [13.82804, 44.877958], [13.825409, 44.878729], [13.822889, 44.879082], [13.822575, 44.879042], [13.822661, 44.878497], [13.822501, 44.879079], [13.822112, 44.879071], [13.820471, 44.877854], [13.820219, 44.87799], [13.819916, 44.877587], [13.819445, 44.877623], [13.818739, 44.876037], [13.81778, 44.875722], [13.817014, 44.875936], [13.816865, 44.876554], [13.818293, 44.877474], [13.817132, 44.87826], [13.815729, 44.878909], [13.813537, 44.878633], [13.811454, 44.878973], [13.811409, 44.880402], [13.810196, 44.880614], [13.811447, 44.880446], [13.811728, 44.882483], [13.811254, 44.883068], [13.810076, 44.883234], [13.809169, 44.882506], [13.807447, 44.882166], [13.805553, 44.88306], [13.804451, 44.8842], [13.80412, 44.885813], [13.804576, 44.88684], [13.804667, 44.888746], [13.806713, 44.890291], [13.805836, 44.891789], [13.806018, 44.89314], [13.802575, 44.891892], [13.803367, 44.891958], [13.800827, 44.891716], [13.800335, 44.890998], [13.79869, 44.890178], [13.796548, 44.890217], [13.796209, 44.889907], [13.795347, 44.889905], [13.794513, 44.890247], [13.794158, 44.890858], [13.794347, 44.891257], [13.794655, 44.891157], [13.794518, 44.891535], [13.796633, 44.89331], [13.79759, 44.894637], [13.800443, 44.894972], [13.802821, 44.895874], [13.803467, 44.897825], [13.80497, 44.898528], [13.806145, 44.89889], [13.807557, 44.898576], [13.809072, 44.898862], [13.809194, 44.899064], [13.80864, 44.899236], [13.808225, 44.898959], [13.808636, 44.899252], [13.809006, 44.899138], [13.809424, 44.899448], [13.808982, 44.899836], [13.809307, 44.901379], [13.809605, 44.901307], [13.80996, 44.90222], [13.80958, 44.902316], [13.809996, 44.902295], [13.81056, 44.903738], [13.810605, 44.905817], [13.811107, 44.906816], [13.811478, 44.906629], [13.811111, 44.90612], [13.812246, 44.906642], [13.813153, 44.908072], [13.812763, 44.908403], [13.812366, 44.908218], [13.811969, 44.908649], [13.811452, 44.90843], [13.80926, 44.90944], [13.808966, 44.909872], [13.809361, 44.909929], [13.809363, 44.911173], [13.809808, 44.911364], [13.809369, 44.911842], [13.809845, 44.911449], [13.81055, 44.911668], [13.811897, 44.912364], [13.812476, 44.913228], [13.8146, 44.914359], [13.813411, 44.914597], [13.812254, 44.913533], [13.811225, 44.913707], [13.809442, 44.91302], [13.808866, 44.912551], [13.809263, 44.911969], [13.808288, 44.912531], [13.806435, 44.912728], [13.804071, 44.914453], [13.804026, 44.915372], [13.802716, 44.917785], [13.802673, 44.918836], [13.801542, 44.919947], [13.801523, 44.921259], [13.801083, 44.921217], [13.801605, 44.921318], [13.801554, 44.922186], [13.800869, 44.922871], [13.801538, 44.923499], [13.801433, 44.924956], [13.802406, 44.925563], [13.802769, 44.926481], [13.802558, 44.927182], [13.801386, 44.926991], [13.802527, 44.927255], [13.802039, 44.927627], [13.802453, 44.927784], [13.802298, 44.928184], [13.801488, 44.928076], [13.800862, 44.927457], [13.801138, 44.927938], [13.801859, 44.928295], [13.801749, 44.930769], [13.800959, 44.931194], [13.799692, 44.932654], [13.797786, 44.933444], [13.795848, 44.936585], [13.794987, 44.937163], [13.794734, 44.936939], [13.794754, 44.937309], [13.794091, 44.93728], [13.792694, 44.938321], [13.792469, 44.938175], [13.790651, 44.939884], [13.789591, 44.940988], [13.788867, 44.945258], [13.788424, 44.946054], [13.784071, 44.949077], [13.783532, 44.948898], [13.783955, 44.949323], [13.78339, 44.950449], [13.781889, 44.951537], [13.783333, 44.953545], [13.785769, 44.95527], [13.785645, 44.955965], [13.784773, 44.956492], [13.783976, 44.955622], [13.784119, 44.956711], [13.781019, 44.957775], [13.780665, 44.958381], [13.78111, 44.958821], [13.7807, 44.960233], [13.776812, 44.961642], [13.775925, 44.963128], [13.774782, 44.963773], [13.773272, 44.965471], [13.770656, 44.966508], [13.769707, 44.9686], [13.767362, 44.970728], [13.767148, 44.971132], [13.767518, 44.971802], [13.766364, 44.973876], [13.765198, 44.974555], [13.764692, 44.975799], [13.76502, 44.976628], [13.765533, 44.976787], [13.765645, 44.977886], [13.764984, 44.979437], [13.762435, 44.980473], [13.760896, 44.983256], [13.762261, 44.984789], [13.761509, 44.984767], [13.763294, 44.985233], [13.763696, 44.985543], [13.763514, 44.985804], [13.759457, 44.986139], [13.756527, 44.987183], [13.754401, 44.985367], [13.753256, 44.985251], [13.750262, 44.985893], [13.747478, 44.986022], [13.746558, 44.985941], [13.745726, 44.985327], [13.744867, 44.98531], [13.74372, 44.986006], [13.742766, 44.987273], [13.741406, 44.987591], [13.738029, 44.986254], [13.738653, 44.985914], [13.737938, 44.986177], [13.736346, 44.985347], [13.736446, 44.985617], [13.735362, 44.985827], [13.737505, 44.988366], [13.737102, 44.988661], [13.740395, 44.992185], [13.74035, 44.992561], [13.741015, 44.993075], [13.745779, 44.994827], [13.746046, 44.995566], [13.746622, 44.995749], [13.7481, 44.997504], [13.749406, 44.997748], [13.7511, 44.998697], [13.751905, 44.998749], [13.755276, 45.000713], [13.755865, 45.000533], [13.76082, 45.004217], [13.763202, 45.00394], [13.763805, 45.00471], [13.765029, 45.004376], [13.767244, 45.005207], [13.767812, 45.004316], [13.777482, 45.011358], [13.780217, 45.013141], [13.795489, 45.018963], [13.800478, 45.021603], [13.801886, 45.021758], [13.803306, 45.021666], [13.815667, 45.018996], [13.817836, 45.024029], [13.825288, 45.026402], [13.827995, 45.028012], [13.829823, 45.029573], [13.831099, 45.030078], [13.833249, 45.03401], [13.83755, 45.036728], [13.838833, 45.03742], [13.839013, 45.037188], [13.839729, 45.037546], [13.839475, 45.037776], [13.841037, 45.038532], [13.841905, 45.03965], [13.844215, 45.041364], [13.846615, 45.041693], [13.846765, 45.043024], [13.8481, 45.043504], [13.85145, 45.047019], [13.853186, 45.049443], [13.853904, 45.051867], [13.854788, 45.052728], [13.85545, 45.054486], [13.857505, 45.056928], [13.857262, 45.05862], [13.854484, 45.063804], [13.854028, 45.063813], [13.851909, 45.066591], [13.85113, 45.066726], [13.849683, 45.067731], [13.847896, 45.070416], [13.846472, 45.07187], [13.845741, 45.071432], [13.844723, 45.074574], [13.84324, 45.075736], [13.842472, 45.075683], [13.841526, 45.077767], [13.841049, 45.077672], [13.840843, 45.079044], [13.839561, 45.079972], [13.838951, 45.080877], [13.835931, 45.085668], [13.834435, 45.086075], [13.834434, 45.08652], [13.832845, 45.087472], [13.825932, 45.089458], [13.822717, 45.090066], [13.823217, 45.092013], [13.825714, 45.09328], [13.827073, 45.093639], [13.833838, 45.097814], [13.83474, 45.097794], [13.834939, 45.098171], [13.836451, 45.098669], [13.837099, 45.099339], [13.840014, 45.10024], [13.839947, 45.100484], [13.842469, 45.102057], [13.844894, 45.102705], [13.845271, 45.103534], [13.848296, 45.105064], [13.856162, 45.107556], [13.857796, 45.108427], [13.860508, 45.10926], [13.863506, 45.109401], [13.866176, 45.109047], [13.868977, 45.10809], [13.876658, 45.108141], [13.878032, 45.107787], [13.879323, 45.108078], [13.883775, 45.106903], [13.883847, 45.10689], [13.885431, 45.10671], [13.891183, 45.106965], [13.893061, 45.10587], [13.897304, 45.105321], [13.898663, 45.105322], [13.901478, 45.104597], [13.906429, 45.104156], [13.909881, 45.102748], [13.912888, 45.102648], [13.915157, 45.102006], [13.9179, 45.100325], [13.918655, 45.100346], [13.920659, 45.098425], [13.921007, 45.09857], [13.925764, 45.09493], [13.926058, 45.095116], [13.92679, 45.094853], [13.933921, 45.08967], [13.937707, 45.091742], [13.94356, 45.09331], [13.945736, 45.093614], [13.947087, 45.094356], [13.949962, 45.095007], [13.950438, 45.095466], [13.954708, 45.095065], [13.958713, 45.095978], [13.961947, 45.097354], [13.969323, 45.098468], [13.972188, 45.099941], [13.973922, 45.101268], [13.975283, 45.101338], [13.97885, 45.102719], [13.984583, 45.103839], [13.990039, 45.103189], [13.990381, 45.111407], [13.990994, 45.123689], [13.990721, 45.130302], [13.995802, 45.138649], [13.998662, 45.140459], [14.002267, 45.143726], [14.003439, 45.14351], [14.004113, 45.144541], [14.004637, 45.144406], [14.007646, 45.14898], [14.008926, 45.149829], [14.008892, 45.152831], [14.012728, 45.15456], [14.014438, 45.151952], [14.018677, 45.149664], [14.020801, 45.147756], [14.02371, 45.147186], [14.026856, 45.145922], [14.027955, 45.145953], [14.028927, 45.145378], [14.029587, 45.144142], [14.029761, 45.142504], [14.029201, 45.141192], [14.030933, 45.138342], [14.030608, 45.13773], [14.027775, 45.135395], [14.028284, 45.133053], [14.027763, 45.131606], [14.026466, 45.130581], [14.024651, 45.130502], [14.02474, 45.129233], [14.022736, 45.126436], [14.022153, 45.124937], [14.022468, 45.121092], [14.022383, 45.120337], [14.021084, 45.118815], [14.019535, 45.118257], [14.016518, 45.118255], [14.016189, 45.117999], [14.017391, 45.115359], [14.017185, 45.114435], [14.017985, 45.110515], [14.0193, 45.109094], [14.019148, 45.108108], [14.020177, 45.106412], [14.021526, 45.104985], [14.022227, 45.103809], [14.023648, 45.101075], [14.02367, 45.100142], [14.021411, 45.097657], [14.021858, 45.09718], [14.021703, 45.096542], [14.01881, 45.093894], [14.018248, 45.093128], [14.018321, 45.092456], [14.01941, 45.09207], [14.020765, 45.091099], [14.021722, 45.089803], [14.021712, 45.089121], [14.020178, 45.087421], [14.020738, 45.08521], [14.020518, 45.084873], [14.021083, 45.084509], [14.019523, 45.08391], [14.020439, 45.082238], [14.023331, 45.081034], [14.024803, 45.080891], [14.026978, 45.080206], [14.028307, 45.079136], [14.028732, 45.077348], [14.024096, 45.074688], [14.022812, 45.073234], [14.022721, 45.072541], [14.021493, 45.071344], [14.019752, 45.070684], [14.018021, 45.070935], [14.017627, 45.070513], [14.021903, 45.069628], [14.0295, 45.070169], [14.033516, 45.068464], [14.034265, 45.067656], [14.034419, 45.066038], [14.035073, 45.063046], [14.03453, 45.061738], [14.034875, 45.061524], [14.035537, 45.061755], [14.038036, 45.060287], [14.04031, 45.056259], [14.041281, 45.054946], [14.04331, 45.053307], [14.043769, 45.052257], [14.042793, 45.048598], [14.041041, 45.044541], [14.041395, 45.044253], [14.040478, 45.042601], [14.038657, 45.040335], [14.037013, 45.039763], [14.035403, 45.040145], [14.035001, 45.040163], [14.033867, 45.03922], [14.034546, 45.037787], [14.034313, 45.037111], [14.035011, 45.036181], [14.037166, 45.035752], [14.037391, 45.035311], [14.037045, 45.034085], [14.038622, 45.033051], [14.039155, 45.031356], [14.038782, 45.028941], [14.03961, 45.028424], [14.042247, 45.024642], [14.042308, 45.023061], [14.042961, 45.022058], [14.042905, 45.019727], [14.046581, 45.016582], [14.046834, 45.014698], [14.044064, 45.010898], [14.042048, 45.007281], [14.039999, 45.005259], [14.038455, 45.00477], [14.03816, 45.004168], [14.037366, 45.003495], [14.037888, 45.002105], [14.037435, 45.00079], [14.037779, 45.000395], [14.038569, 45.000224], [14.039404, 45.000612], [14.04048, 45.001127], [14.041944, 45.001177], [14.046344, 45.000113], [14.048152, 44.999228], [14.049061, 44.998558], [14.048696, 44.997246], [14.047978, 44.996394], [14.048709, 44.995539], [14.052718, 44.996762], [14.05777, 44.995855], [14.058736, 44.99477], [14.060846, 44.994809], [14.062564, 44.994374], [14.06572, 44.994235], [14.068036, 44.99372], [14.069864, 44.992957], [14.070967, 44.991717], [14.070541, 44.990065], [14.071615, 44.986876], [14.071223, 44.984317], [14.072379, 44.98258], [14.073136, 44.980454], [14.074935, 44.979202], [14.076155, 44.978742], [14.07663, 44.978045], [14.075874, 44.977414], [14.075403, 44.977529], [14.075605, 44.977251], [14.07362, 44.975994], [14.07215, 44.975618], [14.070116, 44.976244], [14.068744, 44.977212], [14.066174, 44.978008], [14.065378, 44.978624], [14.064227, 44.978243], [14.063489, 44.977245], [14.066016, 44.976067], [14.066887, 44.974176], [14.065182, 44.972127], [14.0635, 44.97098], [14.064385, 44.969475], [14.064557, 44.967207], [14.063298, 44.966546], [14.059327, 44.965499], [14.058032, 44.963781], [14.05589, 44.962758], [14.054526, 44.962794], [14.053164, 44.963341], [14.052343, 44.962942], [14.054547, 44.960589], [14.056363, 44.959879], [14.056773, 44.959258], [14.055832, 44.958652], [14.054361, 44.958338], [14.055009, 44.957854], [14.054269, 44.956698], [14.050554, 44.955175], [14.051157, 44.954375], [14.052021, 44.95449], [14.052941, 44.954185], [14.054636, 44.950843], [14.054524, 44.949232], [14.053595, 44.947828], [14.050782, 44.946848], [14.050223, 44.946897], [14.047305, 44.948086], [14.04688, 44.948703], [14.044489, 44.948784], [14.038354, 44.951078], [14.036701, 44.951311], [14.036061, 44.952116], [14.036534, 44.953178], [14.036367, 44.953633], [14.034606, 44.953304], [14.033659, 44.953193], [14.031583, 44.954162], [14.032329, 44.952621], [14.031266, 44.95161], [14.033493, 44.9512], [14.035078, 44.949619], [14.03508, 44.949039], [14.036323, 44.949215], [14.037368, 44.948966], [14.040228, 44.947415], [14.040858, 44.946301], [14.038549, 44.944467], [14.043383, 44.944852], [14.044708, 44.94468], [14.047013, 44.942487], [14.045384, 44.941872], [14.045386, 44.941475], [14.048986, 44.940406], [14.049949, 44.939644], [14.05038, 44.938188], [14.049894, 44.937201], [14.048263, 44.93585], [14.046856, 44.935596], [14.046407, 44.935183], [14.045109, 44.934835], [14.043277, 44.935342], [14.043031, 44.934525], [14.041436, 44.933882], [14.041707, 44.933418], [14.044586, 44.932884], [14.045597, 44.931555], [14.043768, 44.92996], [14.040724, 44.929077], [14.042741, 44.928169], [14.043131, 44.926997], [14.042576, 44.926261], [14.038718, 44.92569], [14.040385, 44.925066], [14.041809, 44.923844], [14.040697, 44.922748], [14.039544, 44.922243], [14.0398, 44.922097], [14.039022, 44.919981], [14.038455, 44.920011], [14.039081, 44.919602], [14.038724, 44.918021], [14.037733, 44.918136], [14.038544, 44.917888], [14.038258, 44.917674], [14.036822, 44.91713], [14.035169, 44.917297], [14.03385, 44.919339], [14.033034, 44.919171], [14.032538, 44.919361], [14.031827, 44.921218], [14.031977, 44.922657], [14.030355, 44.923066], [14.029524, 44.924082], [14.027358, 44.926372], [14.026311, 44.926208], [14.026399, 44.925241], [14.026912, 44.925055], [14.028008, 44.923124], [14.028504, 44.920713], [14.029003, 44.919683], [14.028786, 44.919372], [14.028228, 44.919389], [14.02755, 44.920022], [14.025079, 44.920175], [14.024857, 44.919984], [14.025832, 44.918271], [14.025578, 44.917656], [14.023962, 44.917409], [14.023104, 44.918028], [14.022733, 44.917853], [14.022681, 44.91788], [14.02311, 44.91804], [14.022212, 44.918409], [14.021677, 44.918222], [14.021385, 44.91671], [14.020483, 44.91635], [14.019228, 44.916421], [14.018966, 44.915648], [14.02063, 44.914978], [14.021191, 44.91485], [14.022384, 44.915306], [14.023937, 44.915165], [14.024912, 44.914619], [14.02502, 44.914182], [14.025953, 44.914178], [14.026545, 44.913752], [14.028602, 44.913423], [14.029798, 44.912764], [14.029626, 44.912111], [14.027955, 44.911419], [14.027227, 44.910503], [14.02557, 44.910191], [14.02617, 44.90995], [14.027375, 44.908477], [14.027241, 44.908109], [14.026166, 44.908007], [14.027516, 44.906691], [14.027065, 44.904917], [14.026333, 44.904347], [14.023092, 44.904656], [14.024261, 44.903368], [14.024082, 44.902634], [14.023482, 44.902169], [14.021691, 44.901873], [14.01961, 44.90227], [14.018923, 44.901687], [14.019735, 44.90076], [14.019037, 44.899129], [14.017239, 44.897979], [14.015558, 44.896337], [14.014999, 44.896459], [14.014593, 44.899058], [14.01378, 44.900679], [14.01259, 44.901493], [14.012196, 44.901444], [14.012285, 44.899452], [14.010251, 44.899214], [14.011224, 44.897725], [14.010803, 44.897368], [14.009717, 44.897448], [14.009644, 44.896244], [14.008537, 44.894878], [14.006635, 44.894487], [14.007516, 44.893567], [14.006687, 44.892798], [14.004322, 44.892573], [14.003114, 44.892793], [14.002423, 44.893296], [14.001507, 44.892794], [14.000312, 44.892635], [13.999148, 44.893134], [13.998013, 44.894137], [13.997309, 44.892261], [13.99655, 44.891886], [13.99601, 44.891956], [13.994012, 44.893135], [13.993334, 44.893902], [13.99209, 44.894386], [13.991295, 44.895506], [13.989742, 44.895441], [13.98769, 44.896778], [13.986324, 44.899042], [13.98564, 44.899312], [13.985921, 44.899494], [13.98561, 44.899933], [13.985256, 44.89978], [13.985596, 44.899945], [13.984653, 44.900719], [13.983983, 44.902178], [13.983565, 44.902228], [13.983382, 44.902662], [13.982953, 44.902616], [13.982095, 44.903176], [13.981492, 44.902386], [13.981014, 44.902715], [13.980795, 44.90215], [13.980522, 44.901812], [13.980753, 44.900898], [13.98258, 44.899024], [13.98328, 44.896991], [13.982155, 44.895238], [13.980339, 44.894213], [13.98033, 44.893549], [13.981134, 44.892596], [13.981775, 44.89244], [13.982387, 44.893302], [13.984519, 44.893867], [13.984964, 44.893708], [13.98619, 44.892741], [13.986266, 44.892216], [13.98826, 44.891547], [13.990978, 44.88977], [13.991363, 44.888395], [13.989284, 44.887208], [13.994884, 44.886401], [13.998579, 44.887169], [14.001128, 44.888042], [14.003033, 44.887423], [14.002909, 44.886981], [14.003836, 44.885703], [14.003596, 44.883277], [14.003013, 44.882058], [14.00169, 44.88278], [14.001606, 44.882188], [14.000278, 44.880637], [13.998786, 44.880061], [13.997467, 44.880215], [13.99688, 44.881475], [13.996066, 44.881103], [13.995057, 44.881297], [13.994505, 44.880397], [13.99323, 44.880096], [13.993631, 44.879337], [13.99295, 44.878616], [13.990283, 44.878435], [13.990841, 44.877742], [13.991485, 44.877779], [13.993103, 44.876737], [13.991958, 44.875297], [13.991176, 44.874841], [13.991574, 44.874445], [13.990791, 44.873706], [13.992897, 44.873814], [13.99553, 44.873258], [13.99489, 44.871241], [13.995723, 44.871173], [13.997014, 44.870312], [13.994687, 44.867208], [13.996106, 44.866186], [13.99839, 44.865237], [14.000474, 44.865211], [14.001254, 44.864247], [14.000716, 44.862659], [14.000251, 44.862416], [13.999475, 44.862892], [13.998227, 44.862698], [13.997571, 44.863152], [13.996959, 44.862697], [13.996283, 44.862807], [13.995273, 44.862077], [13.993849, 44.862076], [13.992962, 44.861239], [13.992544, 44.861324], [13.99163, 44.860317], [13.991774, 44.857231], [13.990331, 44.855349], [13.989512, 44.854909], [13.987239, 44.854636], [13.986346, 44.854813], [13.985998, 44.854504], [13.984695, 44.854483], [13.983999, 44.853125], [13.98286, 44.852507], [13.981226, 44.853634], [13.98056, 44.853547], [13.982284, 44.851263], [13.982218, 44.848501], [13.981379, 44.847423], [13.981169, 44.845092], [13.978777, 44.842979], [13.979627, 44.84222], [13.978158, 44.840395], [13.979718, 44.839772], [13.980593, 44.837865], [13.981893, 44.83682], [13.982494, 44.836725], [13.982227, 44.836067], [13.983814, 44.835994], [13.985217, 44.83528], [13.985398, 44.834234], [13.986778, 44.833236], [13.986567, 44.832175], [13.98803, 44.831906], [13.989051, 44.831131], [13.98862, 44.830019], [13.988748, 44.828749], [13.988135, 44.828307], [13.984976, 44.828225], [13.984954, 44.827829], [13.985655, 44.827715], [13.986263, 44.826824], [13.985885, 44.825779], [13.984801, 44.825146], [13.983475, 44.825345], [13.983304, 44.824811], [13.983344, 44.825141], [13.982849, 44.825408], [13.981537, 44.825599], [13.981708, 44.824923], [13.982394, 44.82467], [13.98118, 44.82406], [13.980931, 44.823586], [13.980385, 44.823765], [13.979949, 44.823442], [13.978492, 44.823391], [13.977979, 44.822071], [13.976608, 44.82077], [13.975923, 44.820525], [13.974684, 44.820998], [13.972546, 44.821138], [13.971848, 44.821029], [13.971525, 44.820661], [13.973278, 44.820022], [13.973536, 44.819451], [13.974038, 44.819842], [13.974352, 44.818492], [13.974845, 44.81843], [13.974944, 44.819017], [13.975487, 44.818872], [13.975641, 44.819267], [13.975956, 44.819226], [13.9759, 44.818706], [13.975653, 44.818922], [13.975224, 44.818677], [13.975008, 44.818148], [13.975193, 44.8178], [13.976153, 44.817574], [13.976057, 44.817152], [13.976832, 44.817237], [13.978415, 44.818082], [13.978129, 44.81764], [13.978726, 44.817547], [13.979905, 44.818024], [13.981364, 44.818], [13.981511, 44.817701], [13.983385, 44.818036], [13.983994, 44.817418], [13.984225, 44.817701], [13.983891, 44.818214], [13.984474, 44.818692], [13.983795, 44.819309], [13.984482, 44.819979], [13.984049, 44.820368], [13.984063, 44.820952], [13.984931, 44.821481], [13.984666, 44.821743], [13.986404, 44.821219], [13.987376, 44.82052], [13.990203, 44.821091], [13.991646, 44.819864], [13.990599, 44.818604], [13.990656, 44.818236], [13.991139, 44.81788], [13.991606, 44.818077], [13.991807, 44.817683], [13.991362, 44.817052], [13.989824, 44.816266], [13.989844, 44.815884], [13.990539, 44.815324], [13.991674, 44.815421], [13.991471, 44.814511], [13.991992, 44.814102], [13.992604, 44.814273], [13.99319, 44.813827], [13.994821, 44.813847], [13.995956, 44.81324], [13.998239, 44.812953], [13.999287, 44.812509], [14.000256, 44.811508], [14.000113, 44.809977], [13.99893, 44.808867], [13.996655, 44.807731], [13.994369, 44.808028], [13.994293, 44.807851], [13.996679, 44.807317], [13.996728, 44.806913], [13.998301, 44.807098], [13.999895, 44.806353], [14.003149, 44.805833], [14.003445, 44.805291], [14.003052, 44.804786], [14.002398, 44.804754], [14.002529, 44.804055], [14.001993, 44.802974], [14.000404, 44.802227], [13.999144, 44.802324], [13.997033, 44.803208], [13.996646, 44.803674], [13.996187, 44.803394], [13.995937, 44.803966], [13.99543, 44.804029], [13.995207, 44.803762], [13.994298, 44.804214], [13.992378, 44.804227], [13.991799, 44.80483], [13.990628, 44.805159], [13.990704, 44.805979], [13.990169, 44.805147], [13.989447, 44.805404], [13.98899, 44.80493], [13.988072, 44.804887], [13.9884, 44.804385], [13.98749, 44.803121], [13.985497, 44.803813], [13.982258, 44.803053], [13.978799, 44.803115], [13.977517, 44.803524], [13.976288, 44.803221], [13.976094, 44.803553], [13.975532, 44.80359], [13.974959, 44.804637], [13.974592, 44.804517], [13.97232, 44.805225], [13.965438, 44.803597], [13.963564, 44.803403], [13.96242, 44.803688], [13.958828, 44.805404], [13.955187, 44.804845], [13.952686, 44.803529], [13.95027, 44.803288], [13.94775, 44.803551], [13.94691, 44.80439], [13.943485, 44.805775], [13.943538, 44.806285], [13.942696, 44.807554], [13.942968, 44.809107], [13.941061, 44.810478], [13.941175, 44.81077], [13.939926, 44.811473], [13.938294, 44.811642], [13.937665, 44.812292], [13.936382, 44.812592], [13.934307, 44.813955], [13.93158, 44.813367], [13.929654, 44.811879], [13.930502, 44.810974], [13.93049, 44.809824], [13.932558, 44.809381], [13.929674, 44.805751], [13.929915, 44.805189], [13.930842, 44.805125], [13.931512, 44.804744], [13.931652, 44.803597], [13.930798, 44.803193], [13.929559, 44.803144], [13.928997, 44.804029], [13.929682, 44.805223], [13.928152, 44.805841], [13.927715, 44.806771], [13.926609, 44.807986], [13.926312, 44.807942], [13.927888, 44.810095], [13.928203, 44.814306], [13.929248, 44.814275], [13.929602, 44.814935], [13.929829, 44.814675], [13.930368, 44.814944], [13.932066, 44.814988], [13.933759, 44.816406], [13.933927, 44.81706], [13.933173, 44.816931], [13.933881, 44.817109], [13.933786, 44.817323], [13.933064, 44.817157], [13.933775, 44.817338], [13.93364, 44.817558], [13.932922, 44.81739], [13.93363, 44.817572], [13.933473, 44.817831], [13.932735, 44.817626], [13.933463, 44.817848], [13.933312, 44.818086], [13.932354, 44.817795], [13.933138, 44.818054], [13.93225, 44.819276], [13.93079, 44.818603], [13.931756, 44.819236], [13.931829, 44.819692], [13.930595, 44.819737], [13.929827, 44.820088], [13.929023, 44.81969], [13.929582, 44.81922], [13.929197, 44.819062], [13.92907, 44.817985], [13.927687, 44.816518], [13.925219, 44.816226], [13.922389, 44.816324], [13.92177, 44.817105], [13.921428, 44.818863], [13.922401, 44.820306], [13.92348, 44.821104], [13.925395, 44.819885], [13.926798, 44.819675], [13.928255, 44.820165], [13.928348, 44.821429], [13.926346, 44.822332], [13.92488, 44.822499], [13.925268, 44.82272], [13.924706, 44.824349], [13.923794, 44.824952], [13.923911, 44.825727], [13.923447, 44.825391], [13.921894, 44.825148], [13.920095, 44.825321], [13.918994, 44.825925], [13.918068, 44.827455], [13.917155, 44.82747], [13.916704, 44.827467], [13.915671, 44.828468], [13.915085, 44.828579], [13.9146, 44.829271], [13.910857, 44.829603], [13.909833, 44.830096], [13.908825, 44.830034], [13.908773, 44.829483], [13.909516, 44.828383], [13.909029, 44.827695], [13.909801, 44.827579], [13.910054, 44.82723], [13.90993, 44.826219], [13.910509, 44.824718], [13.909411, 44.823002], [13.908334, 44.822145], [13.907943, 44.822157], [13.907723, 44.823033], [13.906981, 44.823728], [13.905287, 44.823428], [13.901959, 44.824349], [13.898545, 44.824485], [13.898461, 44.824209], [13.899309, 44.823622], [13.899682, 44.824042], [13.899409, 44.823576], [13.900063, 44.823998], [13.899635, 44.823615], [13.900074, 44.823331], [13.900513, 44.823765], [13.900095, 44.823283], [13.901004, 44.822346], [13.902216, 44.822788], [13.901241, 44.822297], [13.901475, 44.822039], [13.902475, 44.822494], [13.901497, 44.822015], [13.901726, 44.821756], [13.902773, 44.822196], [13.901737, 44.821741], [13.902049, 44.821404], [13.903083, 44.821839], [13.902068, 44.821386], [13.902451, 44.820962], [13.903513, 44.82145], [13.903699, 44.821931], [13.903552, 44.821436], [13.902471, 44.820934], [13.902959, 44.820747], [13.902511, 44.818444], [13.901112, 44.817708], [13.899103, 44.81778], [13.898145, 44.819096], [13.896158, 44.820422], [13.893821, 44.820532], [13.89282, 44.822723], [13.889481, 44.824482], [13.887128, 44.823626], [13.884829, 44.82428], [13.883994, 44.824007], [13.882529, 44.821723], [13.882915, 44.820375], [13.884843, 44.819367], [13.887393, 44.81884], [13.887833, 44.817082], [13.891968, 44.816089], [13.893031, 44.816238], [13.894736, 44.817162], [13.895855, 44.817189], [13.898304, 44.816859], [13.899774, 44.8162], [13.900101, 44.815614], [13.901106, 44.814949], [13.903311, 44.814625], [13.907234, 44.815272], [13.913003, 44.814535], [13.913753, 44.814015], [13.914326, 44.812787], [13.91722, 44.812396], [13.918168, 44.811965], [13.918269, 44.811031], [13.916275, 44.80979], [13.916051, 44.808668], [13.916882, 44.808942], [13.916776, 44.809284], [13.916978, 44.808911], [13.918321, 44.809149], [13.91953, 44.808823], [13.919856, 44.808011], [13.918733, 44.806435], [13.918768, 44.805919], [13.919797, 44.805282], [13.923279, 44.804135], [13.924375, 44.803275], [13.924347, 44.802692], [13.923278, 44.801758], [13.922432, 44.80142], [13.920453, 44.801511], [13.919894, 44.800855], [13.920912, 44.799139], [13.919428, 44.79785], [13.919431, 44.797256], [13.919654, 44.796973], [13.921095, 44.796718], [13.921388, 44.795942], [13.920023, 44.795463], [13.919644, 44.796309], [13.918663, 44.796191], [13.917403, 44.794995], [13.917858, 44.794062], [13.91779, 44.793156], [13.916709, 44.792365], [13.914389, 44.793069], [13.913771, 44.792787], [13.914738, 44.790979], [13.914, 44.789346], [13.915814, 44.787434], [13.915987, 44.78585], [13.916479, 44.7855], [13.917487, 44.785419], [13.918644, 44.786253], [13.919426, 44.78576], [13.919212, 44.785323], [13.918447, 44.785063], [13.91741, 44.785164], [13.916786, 44.783688], [13.917298, 44.782519], [13.917911, 44.782099], [13.919789, 44.78183], [13.920294, 44.78141], [13.920337, 44.780516], [13.919305, 44.778855], [13.918458, 44.778584], [13.916726, 44.779024], [13.916844, 44.778398], [13.913777, 44.777269], [13.912975, 44.776644], [13.912413, 44.775579], [13.913313, 44.774563], [13.91409, 44.77452], [13.917296, 44.775284], [13.919973, 44.776921], [13.920925, 44.777126], [13.921798, 44.776925], [13.921889, 44.776102], [13.921167, 44.774962], [13.921581, 44.774522], [13.922712, 44.774226], [13.922626, 44.773613], [13.917881, 44.772965], [13.917036, 44.772616], [13.916957, 44.772014], [13.918239, 44.771424], [13.920211, 44.771848], [13.920768, 44.771681], [13.921672, 44.770888], [13.923082, 44.770761], [13.924449, 44.769396], [13.926093, 44.769888], [13.926524, 44.769758], [13.926494, 44.768799], [13.925058, 44.768519], [13.925145, 44.767033], [13.924209, 44.76657], [13.922483, 44.76666], [13.921572, 44.767815], [13.921399, 44.766931], [13.920755, 44.766423], [13.919066, 44.766166], [13.917453, 44.766941], [13.916723, 44.768095], [13.916349, 44.767893], [13.915451, 44.768206], [13.915676, 44.767954], [13.915136, 44.767841], [13.913393, 44.768051], [13.912377, 44.768761], [13.911961, 44.768601], [13.911653, 44.769013], [13.909459, 44.768289], [13.907399, 44.768466], [13.905354, 44.769425], [13.905429, 44.770469], [13.906657, 44.771857], [13.907719, 44.772315], [13.906519, 44.773002], [13.906423, 44.77392], [13.905699, 44.774335], [13.905295, 44.775066], [13.905416, 44.775868], [13.906272, 44.776978], [13.904143, 44.777697], [13.903651, 44.778392], [13.903645, 44.780223], [13.904806, 44.781495], [13.903637, 44.782236], [13.903436, 44.782913], [13.904014, 44.784139], [13.907146, 44.785856], [13.906224, 44.786827], [13.904925, 44.786456], [13.905095, 44.786046], [13.904847, 44.786501], [13.903236, 44.785813], [13.902166, 44.785722], [13.901668, 44.786242], [13.903544, 44.789481], [13.902884, 44.789976], [13.901331, 44.790358], [13.900926, 44.791613], [13.903409, 44.793908], [13.903719, 44.796556], [13.904877, 44.797326], [13.902635, 44.797534], [13.901885, 44.799226], [13.901943, 44.799993], [13.902573, 44.800826], [13.903454, 44.801484], [13.904244, 44.801464], [13.903663, 44.802422], [13.903742, 44.805397], [13.904228, 44.80571], [13.903398, 44.805623], [13.902394, 44.806353], [13.901654, 44.807853], [13.902664, 44.808349], [13.901185, 44.808433], [13.900162, 44.809112], [13.899897, 44.808326], [13.899095, 44.808048], [13.89799, 44.808133], [13.892459, 44.809819], [13.888773, 44.808526], [13.886667, 44.809018], [13.885877, 44.810399], [13.885359, 44.809565], [13.882343, 44.80794], [13.882185, 44.807261], [13.880051, 44.805617], [13.878328, 44.806249], [13.874556, 44.804668], [13.873063, 44.804973], [13.873025, 44.805786], [13.874558, 44.806897], [13.878255, 44.808048], [13.878576, 44.808799], [13.878325, 44.810372], [13.877416, 44.809095], [13.875492, 44.808776], [13.873524, 44.809169], [13.872609, 44.808826], [13.871712, 44.808886], [13.87057, 44.810368], [13.8692, 44.808698], [13.867843, 44.80841], [13.865865, 44.809318], [13.864668, 44.810305], [13.864326, 44.81103], [13.862254, 44.811838], [13.862025, 44.812453], [13.862298, 44.813582], [13.863407, 44.814714], [13.8646, 44.815224], [13.865639, 44.815176], [13.864809, 44.815564], [13.864581, 44.816171], [13.865565, 44.817021], [13.865475, 44.817325], [13.865791, 44.81747], [13.865661, 44.817146], [13.866009, 44.817131], [13.872506, 44.818792], [13.874363, 44.819687], [13.874344, 44.820209], [13.874941, 44.820569], [13.874767, 44.821008], [13.872921, 44.820888], [13.869533, 44.822098], [13.867375, 44.822125], [13.865991, 44.820988], [13.865751, 44.821155], [13.865099, 44.820933], [13.865183, 44.820196], [13.865023, 44.820934], [13.864591, 44.820702], [13.864738, 44.819828], [13.864335, 44.81909], [13.8619, 44.816034], [13.860567, 44.815563], [13.858736, 44.815853], [13.856539, 44.815552], [13.854802, 44.816125], [13.853374, 44.817769], [13.853602, 44.81821], [13.85673, 44.820241], [13.8565, 44.821128], [13.855829, 44.821487], [13.854272, 44.821592], [13.851122, 44.821319], [13.850311, 44.822028], [13.848058, 44.822846], [13.846405, 44.825597], [13.846128, 44.827248], [13.847155, 44.828256], [13.849849, 44.82819], [13.850716, 44.82759], [13.851436, 44.826276], [13.851968, 44.826207], [13.852718, 44.827012], [13.852812, 44.827754], [13.854297, 44.828877], [13.856164, 44.828718], [13.857129, 44.827345], [13.857877, 44.826963], [13.858326, 44.827135], [13.858452, 44.827856], [13.859175, 44.828656], [13.8601, 44.828735], [13.86136, 44.828286], [13.86227, 44.829143], [13.862473, 44.829593], [13.861076, 44.830356], [13.860637, 44.831092], [13.860954, 44.833239], [13.859677, 44.833442], [13.858018, 44.832339], [13.856272, 44.832807], [13.855895, 44.832582], [13.855092, 44.832696], [13.853667, 44.832228]]], [[[13.824713, 44.872499], [13.825382, 44.873077], [13.825812, 44.873003], [13.826841, 44.872825], [13.827262, 44.871864], [13.826476, 44.870839], [13.824915, 44.870207], [13.824231, 44.870518], [13.823874, 44.871331], [13.824713, 44.872499]]], [[[13.821816, 44.874383], [13.82208, 44.876237], [13.823434, 44.876137], [13.823571, 44.876692], [13.82389, 44.874372], [13.821816, 44.874383]]], [[[13.799923, 44.876851], [13.800173, 44.876198], [13.800136, 44.87619], [13.799887, 44.876844], [13.799923, 44.876851]]], [[[13.785665, 44.897681], [13.784472, 44.897651], [13.783804, 44.897973], [13.783769, 44.898837], [13.784633, 44.899575], [13.78701, 44.900259], [13.786758, 44.900324], [13.787713, 44.900859], [13.788969, 44.90095], [13.790185, 44.900724], [13.790818, 44.900131], [13.79062, 44.899069], [13.78999, 44.898522], [13.789002, 44.898264], [13.786956, 44.898436], [13.785665, 44.897681]]], [[[13.795943, 44.900943], [13.797036, 44.901949], [13.800391, 44.90293], [13.800315, 44.902646], [13.800265, 44.902343], [13.800839, 44.902097], [13.798, 44.899642], [13.797446, 44.899599], [13.797797, 44.899496], [13.796089, 44.89969], [13.795943, 44.900943]]], [[[13.740328, 44.899813], [13.738343, 44.900011], [13.737539, 44.900657], [13.737837, 44.901581], [13.739868, 44.902978], [13.740186, 44.903801], [13.74105, 44.903814], [13.740326, 44.903665], [13.739953, 44.90288], [13.741449, 44.901411], [13.741294, 44.900679], [13.740792, 44.900489], [13.74104, 44.900316], [13.740328, 44.899813]]], [[[13.756165, 44.925378], [13.758116, 44.923985], [13.759569, 44.9244], [13.759967, 44.924012], [13.760506, 44.924045], [13.760645, 44.923541], [13.760181, 44.922827], [13.761384, 44.922364], [13.759779, 44.922654], [13.759645, 44.922398], [13.759156, 44.922749], [13.756388, 44.922707], [13.755529, 44.922267], [13.755849, 44.920911], [13.759839, 44.920116], [13.761547, 44.9213], [13.761787, 44.921161], [13.761499, 44.920882], [13.762188, 44.921228], [13.762267, 44.921709], [13.761665, 44.922392], [13.764704, 44.922184], [13.76455, 44.922923], [13.765013, 44.92229], [13.767197, 44.921298], [13.767927, 44.919556], [13.769275, 44.919174], [13.770259, 44.918539], [13.769523, 44.918951], [13.768345, 44.918791], [13.767787, 44.917027], [13.768016, 44.91655], [13.76877, 44.916571], [13.768752, 44.917127], [13.768918, 44.916577], [13.77108, 44.916727], [13.771844, 44.9172], [13.771429, 44.91767], [13.77207, 44.917394], [13.775251, 44.918053], [13.77581, 44.919072], [13.776494, 44.919301], [13.777246, 44.919163], [13.777575, 44.918244], [13.777047, 44.917686], [13.777215, 44.916378], [13.777484, 44.916007], [13.778287, 44.915917], [13.779441, 44.915265], [13.780083, 44.913897], [13.779771, 44.913413], [13.778416, 44.912703], [13.776641, 44.912581], [13.774989, 44.911967], [13.774637, 44.911562], [13.774859, 44.911329], [13.77426, 44.91135], [13.773385, 44.910288], [13.773817, 44.910053], [13.776021, 44.910603], [13.778108, 44.909831], [13.780594, 44.910263], [13.781639, 44.909506], [13.781484, 44.908134], [13.782376, 44.907893], [13.782721, 44.907486], [13.781836, 44.906692], [13.780577, 44.904586], [13.779303, 44.903912], [13.778047, 44.903723], [13.776182, 44.904491], [13.775444, 44.90622], [13.773536, 44.907441], [13.772813, 44.90743], [13.771985, 44.906887], [13.772473, 44.906356], [13.771977, 44.906721], [13.771544, 44.905995], [13.771808, 44.905329], [13.772847, 44.905018], [13.772935, 44.904468], [13.772131, 44.904312], [13.770914, 44.904931], [13.768859, 44.904547], [13.768432, 44.904199], [13.770509, 44.902221], [13.769004, 44.901543], [13.767272, 44.901742], [13.765346, 44.900986], [13.764282, 44.901315], [13.763944, 44.902473], [13.764458, 44.903876], [13.765905, 44.905611], [13.765583, 44.906596], [13.76361, 44.907352], [13.76322, 44.907768], [13.762014, 44.907757], [13.761395, 44.907495], [13.762228, 44.906496], [13.761759, 44.905561], [13.760756, 44.905376], [13.758677, 44.905916], [13.757866, 44.905649], [13.758189, 44.904099], [13.75912, 44.902742], [13.759079, 44.901531], [13.758103, 44.899506], [13.758458, 44.898804], [13.758456, 44.89675], [13.759474, 44.894886], [13.759761, 44.892959], [13.759504, 44.892517], [13.758793, 44.892411], [13.757848, 44.892827], [13.756858, 44.892846], [13.75554, 44.893497], [13.754421, 44.893276], [13.75408, 44.892804], [13.754425, 44.891976], [13.754048, 44.891861], [13.754157, 44.891259], [13.753656, 44.891148], [13.754773, 44.889415], [13.754665, 44.888207], [13.753018, 44.887608], [13.751159, 44.887773], [13.750413, 44.888566], [13.752356, 44.890044], [13.752408, 44.890945], [13.751769, 44.891439], [13.751243, 44.89155], [13.749136, 44.891063], [13.74806, 44.890549], [13.747478, 44.890875], [13.746634, 44.890831], [13.746176, 44.891458], [13.746094, 44.892134], [13.747016, 44.893441], [13.746869, 44.894633], [13.747223, 44.895112], [13.748353, 44.89546], [13.751419, 44.895385], [13.752494, 44.894797], [13.753415, 44.895433], [13.753881, 44.896536], [13.752985, 44.898568], [13.750319, 44.898612], [13.749261, 44.899238], [13.74898, 44.899792], [13.749527, 44.901337], [13.749057, 44.901705], [13.747353, 44.901793], [13.746793, 44.902198], [13.747449, 44.903981], [13.745692, 44.905573], [13.745772, 44.906091], [13.746296, 44.906391], [13.749647, 44.907384], [13.752075, 44.90762], [13.754947, 44.909317], [13.755402, 44.910215], [13.755009, 44.910285], [13.755426, 44.910309], [13.755086, 44.912524], [13.755559, 44.914046], [13.754831, 44.916845], [13.754346, 44.917528], [13.753467, 44.917974], [13.750731, 44.917713], [13.749995, 44.917921], [13.749524, 44.918528], [13.74929, 44.918221], [13.748863, 44.918803], [13.749168, 44.918444], [13.7495, 44.918558], [13.749032, 44.918929], [13.748985, 44.919616], [13.749801, 44.921373], [13.749341, 44.922015], [13.745923, 44.920682], [13.745561, 44.920186], [13.744483, 44.920001], [13.743429, 44.920801], [13.743055, 44.920628], [13.743346, 44.921005], [13.741727, 44.922749], [13.740372, 44.922611], [13.74035, 44.921726], [13.7397, 44.921284], [13.738974, 44.921434], [13.73796, 44.922248], [13.736357, 44.922544], [13.735783, 44.923034], [13.736539, 44.924295], [13.736106, 44.924604], [13.73454, 44.92481], [13.733923, 44.925509], [13.734249, 44.926105], [13.735002, 44.926466], [13.738797, 44.926763], [13.740568, 44.926339], [13.742992, 44.926848], [13.744263, 44.926724], [13.745848, 44.927546], [13.747252, 44.92761], [13.74858, 44.927122], [13.749089, 44.92628], [13.750477, 44.926711], [13.751789, 44.92668], [13.752617, 44.926324], [13.753626, 44.925221], [13.756165, 44.925378]]], [[[13.732286, 44.910257], [13.73319, 44.909795], [13.732879, 44.90729], [13.732145, 44.905974], [13.731891, 44.906167], [13.731755, 44.905895], [13.730716, 44.906026], [13.729717, 44.906678], [13.7292, 44.907864], [13.729605, 44.909428], [13.727667, 44.910458], [13.727557, 44.910152], [13.726931, 44.910099], [13.725909, 44.910633], [13.725451, 44.912051], [13.725389, 44.913011], [13.725873, 44.913485], [13.729573, 44.914322], [13.730428, 44.913757], [13.729843, 44.912414], [13.730249, 44.912214], [13.729254, 44.912175], [13.72901, 44.911444], [13.73011, 44.910357], [13.732286, 44.910257]]], [[[13.747402, 44.910314], [13.745968, 44.910021], [13.745488, 44.910393], [13.745796, 44.911181], [13.747084, 44.911944], [13.747442, 44.913108], [13.748628, 44.913387], [13.750205, 44.912929], [13.749643, 44.912662], [13.749784, 44.912465], [13.749623, 44.91265], [13.74767, 44.911754], [13.747905, 44.911037], [13.747402, 44.910314]]], [[[13.715371, 44.914886], [13.716591, 44.91531], [13.720141, 44.914921], [13.720416, 44.914438], [13.719067, 44.91419], [13.716786, 44.914261], [13.716561, 44.91397], [13.715371, 44.914886]]], [[[13.727173, 44.91934], [13.72798, 44.919638], [13.730159, 44.919276], [13.730434, 44.919604], [13.730561, 44.918387], [13.730006, 44.917565], [13.728618, 44.917509], [13.72725, 44.918206], [13.727173, 44.91934]]], [[[13.725585, 44.929648], [13.726564, 44.930153], [13.72658, 44.929545], [13.725859, 44.929206], [13.725585, 44.929648]]], [[[13.724032, 44.933949], [13.724162, 44.933435], [13.722753, 44.933058], [13.72223, 44.933193], [13.722136, 44.934033], [13.722786, 44.934243], [13.724032, 44.933949]]], [[[13.741956, 44.940035], [13.745923, 44.937913], [13.746972, 44.936851], [13.746875, 44.935782], [13.747599, 44.934772], [13.746552, 44.933865], [13.746479, 44.933249], [13.746841, 44.933201], [13.747925, 44.931677], [13.749905, 44.931256], [13.750112, 44.930926], [13.750183, 44.930332], [13.749303, 44.929427], [13.748638, 44.929217], [13.746906, 44.92963], [13.745825, 44.928657], [13.744509, 44.928621], [13.741435, 44.929488], [13.740065, 44.930169], [13.739539, 44.930934], [13.741561, 44.932355], [13.740879, 44.933191], [13.741293, 44.934633], [13.742423, 44.935051], [13.743106, 44.93588], [13.74278, 44.936502], [13.742335, 44.93631], [13.7405, 44.936651], [13.740392, 44.936271], [13.740432, 44.936664], [13.739396, 44.936907], [13.738511, 44.936659], [13.738778, 44.936416], [13.738152, 44.935807], [13.738262, 44.934725], [13.737759, 44.933999], [13.736209, 44.933654], [13.73439, 44.934375], [13.734441, 44.933872], [13.733765, 44.933904], [13.733693, 44.933169], [13.735615, 44.931676], [13.735494, 44.930782], [13.734298, 44.930533], [13.733874, 44.930763], [13.729994, 44.930685], [13.729721, 44.931224], [13.729952, 44.931859], [13.731219, 44.932708], [13.731462, 44.933632], [13.73107, 44.934096], [13.729399, 44.934706], [13.728969, 44.935723], [13.730236, 44.93677], [13.734364, 44.936873], [13.734361, 44.937957], [13.73304, 44.940029], [13.733871, 44.940857], [13.735068, 44.941168], [13.7368, 44.940862], [13.737421, 44.940214], [13.737372, 44.939065], [13.738005, 44.938722], [13.738478, 44.938747], [13.740001, 44.939863], [13.741956, 44.940035]]], [[[13.723011, 44.93934], [13.72387, 44.939411], [13.725339, 44.938819], [13.725614, 44.938309], [13.724689, 44.937375], [13.723511, 44.937249], [13.722895, 44.937669], [13.722683, 44.939028], [13.723011, 44.93934]]], [[[13.717159, 44.938107], [13.71794, 44.939769], [13.717263, 44.940509], [13.718268, 44.940573], [13.718396, 44.940022], [13.719588, 44.939237], [13.719805, 44.938674], [13.719713, 44.937436], [13.719133, 44.9369], [13.71767, 44.937245], [13.717159, 44.938107]]], [[[13.721178, 44.944099], [13.721971, 44.944334], [13.722542, 44.943767], [13.721494, 44.943528], [13.721178, 44.944099]]], [[[13.709107, 44.944867], [13.708639, 44.945318], [13.709228, 44.946036], [13.709991, 44.946007], [13.710869, 44.945468], [13.709984, 44.94468], [13.709107, 44.944867]]], [[[13.8905, 44.757615], [13.890495, 44.758168], [13.891298, 44.758242], [13.891214, 44.757743], [13.8905, 44.757615]]], [[[13.901928, 44.767532], [13.901049, 44.767371], [13.900458, 44.766768], [13.899775, 44.766801], [13.900301, 44.768115], [13.901861, 44.76862], [13.902378, 44.768484], [13.901928, 44.767532]]], [[[13.909584, 44.81888], [13.909702, 44.818373], [13.908821, 44.817615], [13.908235, 44.817646], [13.907925, 44.818658], [13.908843, 44.818991], [13.909584, 44.81888]]], [[[13.914077, 44.825104], [13.914011, 44.824654], [13.913614, 44.824305], [13.912667, 44.824172], [13.91217, 44.824908], [13.91342, 44.825372], [13.914077, 44.825104]]], [[[13.945144, 44.772022], [13.944342, 44.77238], [13.94474, 44.774708], [13.946297, 44.775312], [13.946926, 44.774729], [13.94734, 44.773561], [13.948543, 44.773188], [13.949306, 44.772555], [13.948451, 44.770341], [13.946945, 44.76962], [13.945704, 44.770002], [13.945611, 44.769783], [13.94515, 44.770559], [13.945144, 44.772022]]], [[[13.926867, 44.779199], [13.927409, 44.778867], [13.926312, 44.777882], [13.926052, 44.778082], [13.925546, 44.7779], [13.924939, 44.778274], [13.925049, 44.778733], [13.926867, 44.779199]]], [[[13.931969, 44.783705], [13.931731, 44.783505], [13.931121, 44.783938], [13.930788, 44.783794], [13.930177, 44.785228], [13.930451, 44.786216], [13.932145, 44.787077], [13.932, 44.787332], [13.93218, 44.787075], [13.933165, 44.787859], [13.934553, 44.788199], [13.935707, 44.787948], [13.936974, 44.786785], [13.936833, 44.786242], [13.935915, 44.785996], [13.935268, 44.78416], [13.932973, 44.783305], [13.931969, 44.783705]]], [[[13.949091, 44.794254], [13.950002, 44.793239], [13.949807, 44.790664], [13.948277, 44.789882], [13.945718, 44.790368], [13.945581, 44.791388], [13.94723, 44.793784], [13.949091, 44.794254]]], [[[13.98152, 44.792222], [13.98213, 44.792836], [13.982554, 44.792497], [13.981841, 44.791871], [13.98152, 44.792222]]], [[[13.926662, 44.793161], [13.925962, 44.792448], [13.925415, 44.792353], [13.92474, 44.792656], [13.92438, 44.793216], [13.924653, 44.793639], [13.925495, 44.793902], [13.926427, 44.793654], [13.926662, 44.793161]]], [[[13.981688, 44.798047], [13.981894, 44.798617], [13.9838, 44.799461], [13.984919, 44.800396], [13.986383, 44.800646], [13.987026, 44.800031], [13.986355, 44.799095], [13.984907, 44.798834], [13.984367, 44.798171], [13.983428, 44.797753], [13.981688, 44.798047]]], [[[14.028647, 44.911595], [14.028595, 44.91158], [14.028513, 44.911586], [14.028693, 44.911612], [14.028647, 44.911595]]], [[[14.028969, 44.911756], [14.028778, 44.911667], [14.0287, 44.91166], [14.028859, 44.911772], [14.028969, 44.911756]]], [[[14.029027, 44.911811], [14.029208, 44.911904], [14.029443, 44.911947], [14.029296, 44.911892], [14.029076, 44.911803], [14.029027, 44.911811]]], [[[14.030599, 44.922973], [14.030648, 44.922943], [14.030608, 44.922932], [14.030519, 44.922975], [14.030599, 44.922973]]]]}, "properties": {"id": 93, "razina": "regija", "name": "Urbano podrucje Pula", "jls_name": "Urbano podrucje Pula", "jls_maticni_broj": "*", "zupanija": "Istarska", "area_km2": 571.9751, "stanovnistvo": 81080, "naselja_count": 84, "parts": 37, "holes": 0, "palette_idx": 0, "source": "DGU rpj:naselje (dissolve svih naselja)"}}]}