{"type": "FeatureCollection", "features": [{"type": "Feature", "id": 1, "geometry": {"type": "Polygon", "coordinates": [[[16.477086, 45.422244], [16.476342, 45.420587], [16.478894, 45.418755], [16.482136, 45.417976], [16.491168, 45.418582], [16.495054, 45.417412], [16.49812, 45.416074], [16.500685, 45.4144], [16.496954, 45.410818], [16.493337, 45.409213], [16.493146, 45.408423], [16.492175, 45.407512], [16.490902, 45.407975], [16.490252, 45.407896], [16.490105, 45.408166], [16.489504, 45.407717], [16.489413, 45.407461], [16.491399, 45.406654], [16.491476, 45.406191], [16.49107, 45.405979], [16.483344, 45.405865], [16.483384, 45.406195], [16.482398, 45.406286], [16.481672, 45.40494], [16.480028, 45.403648], [16.477121, 45.402392], [16.47632, 45.40105], [16.473469, 45.402644], [16.472466, 45.402388], [16.471913, 45.403083], [16.470058, 45.402789], [16.467545, 45.402981], [16.466881, 45.403001], [16.466944, 45.403825], [16.466436, 45.403948], [16.465412, 45.405928], [16.466407, 45.406934], [16.465857, 45.407673], [16.464389, 45.407845], [16.46432, 45.408156], [16.463714, 45.408114], [16.46348, 45.408389], [16.461647, 45.407384], [16.461017, 45.407432], [16.4602, 45.40789], [16.460327, 45.40869], [16.459162, 45.408644], [16.458374, 45.409304], [16.457649, 45.409149], [16.457997, 45.40963], [16.457741, 45.409779], [16.4566, 45.409447], [16.45697, 45.410202], [16.455589, 45.410205], [16.456133, 45.410864], [16.454794, 45.41061], [16.455135, 45.411066], [16.454413, 45.411047], [16.454923, 45.411674], [16.453961, 45.412496], [16.454016, 45.412996], [16.452206, 45.41304], [16.453368, 45.413946], [16.4526, 45.414171], [16.452558, 45.414718], [16.451538, 45.414776], [16.45065, 45.415634], [16.449591, 45.415541], [16.449007, 45.415919], [16.451169, 45.41777], [16.451268, 45.419095], [16.452598, 45.419022], [16.452116, 45.420223], [16.451324, 45.420306], [16.451331, 45.42084], [16.452675, 45.421073], [16.452339, 45.421823], [16.453872, 45.422984], [16.454532, 45.423087], [16.45433, 45.423561], [16.454778, 45.423288], [16.454953, 45.422419], [16.455959, 45.42253], [16.456272, 45.422143], [16.456693, 45.422585], [16.457459, 45.422508], [16.457693, 45.424232], [16.456772, 45.424438], [16.457413, 45.424935], [16.457199, 45.425299], [16.457938, 45.425705], [16.457813, 45.426388], [16.458724, 45.426125], [16.458956, 45.426391], [16.45757, 45.427419], [16.460127, 45.429424], [16.46173, 45.429213], [16.462293, 45.429653], [16.465517, 45.427391], [16.467551, 45.427996], [16.468109, 45.427174], [16.468539, 45.427445], [16.468578, 45.428096], [16.468944, 45.428155], [16.469013, 45.426961], [16.470204, 45.426768], [16.47034, 45.427535], [16.470753, 45.427648], [16.473233, 45.42649], [16.474007, 45.42641], [16.474496, 45.425601], [16.474443, 45.424721], [16.475012, 45.424253], [16.474597, 45.423666], [16.475595, 45.42354], [16.477086, 45.422244]]]}, "properties": {"id": 1, "razina": "naselje", "name": "Blinjski Kut", "jls_name": "Sisak", "jls_maticni_broj": "03913", "zupanija": "Sisačko-moslavačka", "area_km2": 6.4882, "stanovnistvo": 194, "palette_idx": 3, "historical_zone": "Grad Sisak", "source": "DGU rpj:naselje"}}, {"type": "Feature", "id": 2, "geometry": {"type": "Polygon", "coordinates": [[[16.408399, 45.492434], [16.404752, 45.491802], [16.402732, 45.491749], [16.399809, 45.492193], [16.396718, 45.493448], [16.394995, 45.495762], [16.39524, 45.497686], [16.396449, 45.499203], [16.399209, 45.500341], [16.408371, 45.502038], [16.409247, 45.502438], [16.410794, 45.504079], [16.411029, 45.505308], [16.410693, 45.505955], [16.408469, 45.507439], [16.406223, 45.507842], [16.403194, 45.507736], [16.402705, 45.512148], [16.403144, 45.514144], [16.402996, 45.516445], [16.405142, 45.516603], [16.422693, 45.520294], [16.424146, 45.520212], [16.424939, 45.519821], [16.425256, 45.519157], [16.420053, 45.513305], [16.415721, 45.509204], [16.415309, 45.508365], [16.413381, 45.501716], [16.413998, 45.495531], [16.413293, 45.493516], [16.412422, 45.492681], [16.408399, 45.492434]]]}, "properties": {"id": 2, "razina": "naselje", "name": "Bok Palanječki", "jls_name": "Sisak", "jls_maticni_broj": "03913", "zupanija": "Sisačko-moslavačka", "area_km2": 3.1178, "stanovnistvo": 124, "palette_idx": 3, "historical_zone": "Grad Sisak", "source": "DGU rpj:naselje"}}, {"type": "Feature", "id": 3, "geometry": {"type": "Polygon", "coordinates": [[[16.464695, 45.481785], [16.459853, 45.473382], [16.461467, 45.46264], [16.445133, 45.462039], [16.445807, 45.463418], [16.446312, 45.467823], [16.445111, 45.471461], [16.443014, 45.473683], [16.439653, 45.475099], [16.437446, 45.475414], [16.433334, 45.474735], [16.428712, 45.472296], [16.427098, 45.470804], [16.426309, 45.469556], [16.425677, 45.467138], [16.422715, 45.466842], [16.419137, 45.465247], [16.417614, 45.465356], [16.416539, 45.466016], [16.416883, 45.466601], [16.41615, 45.467037], [16.417301, 45.469062], [16.417524, 45.471106], [16.418467, 45.471718], [16.420112, 45.471222], [16.422186, 45.475474], [16.422132, 45.476836], [16.42074, 45.477501], [16.41889, 45.477364], [16.417661, 45.478653], [16.4203, 45.479112], [16.420699, 45.479474], [16.421362, 45.479294], [16.428018, 45.480474], [16.431756, 45.481311], [16.431561, 45.481627], [16.431993, 45.481737], [16.435844, 45.48264], [16.4395, 45.484441], [16.440899, 45.486171], [16.444178, 45.48646], [16.445901, 45.485708], [16.466185, 45.484279], [16.464695, 45.481785]]]}, "properties": {"id": 3, "razina": "naselje", "name": "Budaševo", "jls_name": "Sisak", "jls_maticni_broj": "03913", "zupanija": "Sisačko-moslavačka", "area_km2": 5.6082, "stanovnistvo": 1373, "palette_idx": 1, "historical_zone": "Grad Sisak", "source": "DGU rpj:naselje"}}, {"type": "Feature", "id": 4, "geometry": {"type": "Polygon", "coordinates": [[[16.539903, 45.424247], [16.536778, 45.425669], [16.53082, 45.427572], [16.533056, 45.430124], [16.531595, 45.430427], [16.52904, 45.43201], [16.519946, 45.435337], [16.51805, 45.435698], [16.512722, 45.435963], [16.514371, 45.43921], [16.515933, 45.4405], [16.515676, 45.443018], [16.516523, 45.447054], [16.519226, 45.447602], [16.523876, 45.447896], [16.530939, 45.449422], [16.534629, 45.447666], [16.53737, 45.44731], [16.539596, 45.448381], [16.541901, 45.450911], [16.543092, 45.450435], [16.551881, 45.449309], [16.555514, 45.449579], [16.557234, 45.449195], [16.558967, 45.448356], [16.558598, 45.447714], [16.557402, 45.447409], [16.555283, 45.445906], [16.55626, 45.445183], [16.555745, 45.441985], [16.55597, 45.440062], [16.555613, 45.439433], [16.555867, 45.438481], [16.556666, 45.437665], [16.556845, 45.436481], [16.552576, 45.433825], [16.55183, 45.431738], [16.543509, 45.426836], [16.539903, 45.424247]]]}, "properties": {"id": 4, "razina": "naselje", "name": "Bukovsko", "jls_name": "Sisak", "jls_maticni_broj": "03913", "zupanija": "Sisačko-moslavačka", "area_km2": 6.4599, "stanovnistvo": 76, "palette_idx": 3, "historical_zone": "Grad Sisak", "source": "DGU rpj:naselje"}}, {"type": "Feature", "id": 5, "geometry": {"type": "Polygon", "coordinates": [[[16.425438, 45.439766], [16.425221, 45.438416], [16.4223, 45.437846], [16.41685, 45.436188], [16.411739, 45.435033], [16.407796, 45.43482], [16.408911, 45.432131], [16.404673, 45.431469], [16.400835, 45.431555], [16.400059, 45.431298], [16.398667, 45.432474], [16.399982, 45.434408], [16.39785, 45.434851], [16.397747, 45.435132], [16.396106, 45.435067], [16.396252, 45.435429], [16.39548, 45.435914], [16.393595, 45.435676], [16.391826, 45.436268], [16.401743, 45.438428], [16.401269, 45.439522], [16.419108, 45.446851], [16.41986, 45.445837], [16.421029, 45.446685], [16.422196, 45.446653], [16.4274, 45.447716], [16.429878, 45.449363], [16.431705, 45.452568], [16.434412, 45.455295], [16.436091, 45.456144], [16.437679, 45.45642], [16.43918, 45.456214], [16.440212, 45.455529], [16.440414, 45.453452], [16.439503, 45.451934], [16.430399, 45.44396], [16.425753, 45.441583], [16.425438, 45.439766]]]}, "properties": {"id": 5, "razina": "naselje", "name": "Crnac", "jls_name": "Sisak", "jls_maticni_broj": "03913", "zupanija": "Sisačko-moslavačka", "area_km2": 2.9453, "stanovnistvo": 656, "palette_idx": 2, "historical_zone": "Grad Sisak", "source": "DGU rpj:naselje"}}, {"type": "Feature", "id": 6, "geometry": {"type": "Polygon", "coordinates": [[[16.477086, 45.422244], [16.475595, 45.42354], [16.474597, 45.423666], [16.475012, 45.424253], [16.474443, 45.424721], [16.474496, 45.425601], [16.474007, 45.42641], [16.473233, 45.42649], [16.470753, 45.427648], [16.47034, 45.427535], [16.470204, 45.426768], [16.469013, 45.426961], [16.468944, 45.428155], [16.468578, 45.428096], [16.468539, 45.427445], [16.468109, 45.427174], [16.467551, 45.427996], [16.465517, 45.427391], [16.462293, 45.429653], [16.46173, 45.429213], [16.460127, 45.429424], [16.45757, 45.427419], [16.458956, 45.426391], [16.458724, 45.426125], [16.457813, 45.426388], [16.457938, 45.425705], [16.457199, 45.425299], [16.457413, 45.424935], [16.456772, 45.424438], [16.457693, 45.424232], [16.457459, 45.422508], [16.456693, 45.422585], [16.456272, 45.422143], [16.455959, 45.42253], [16.454953, 45.422419], [16.454778, 45.423288], [16.45433, 45.423561], [16.454532, 45.423087], [16.453872, 45.422984], [16.452339, 45.421823], [16.452675, 45.421073], [16.451331, 45.42084], [16.451324, 45.420306], [16.452116, 45.420223], [16.452598, 45.419022], [16.451268, 45.419095], [16.451169, 45.41777], [16.449007, 45.415919], [16.449591, 45.415541], [16.45065, 45.415634], [16.451538, 45.414776], [16.452558, 45.414718], [16.4526, 45.414171], [16.453368, 45.413946], [16.452206, 45.41304], [16.454016, 45.412996], [16.453961, 45.412496], [16.454923, 45.411674], [16.454413, 45.411047], [16.455135, 45.411066], [16.454794, 45.41061], [16.456133, 45.410864], [16.455589, 45.410205], [16.45697, 45.410202], [16.4566, 45.409447], [16.457741, 45.409779], [16.457997, 45.40963], [16.457649, 45.409149], [16.458374, 45.409304], [16.459162, 45.408644], [16.460327, 45.40869], [16.4602, 45.40789], [16.461017, 45.407432], [16.461647, 45.407384], [16.46348, 45.408389], [16.463714, 45.408114], [16.46432, 45.408156], [16.464389, 45.407845], [16.465857, 45.407673], [16.466407, 45.406934], [16.465412, 45.405928], [16.466436, 45.403948], [16.466944, 45.403825], [16.466881, 45.403001], [16.467545, 45.402981], [16.467123, 45.402401], [16.467345, 45.402157], [16.46678, 45.401878], [16.465981, 45.401983], [16.465936, 45.401271], [16.465355, 45.401515], [16.465113, 45.401094], [16.46424, 45.401016], [16.46397, 45.400388], [16.463072, 45.400438], [16.462128, 45.399747], [16.46197, 45.400161], [16.461164, 45.400024], [16.460873, 45.400282], [16.459496, 45.40031], [16.459573, 45.40077], [16.459169, 45.400914], [16.458797, 45.400238], [16.458369, 45.400141], [16.457945, 45.401025], [16.457399, 45.400374], [16.456654, 45.401024], [16.454244, 45.400028], [16.453963, 45.400158], [16.454304, 45.40056], [16.453508, 45.400833], [16.453107, 45.401696], [16.452724, 45.401642], [16.452786, 45.401042], [16.452357, 45.401157], [16.451934, 45.400851], [16.449647, 45.401562], [16.449229, 45.401274], [16.448492, 45.401367], [16.448542, 45.401837], [16.449119, 45.401938], [16.448591, 45.402145], [16.448953, 45.402699], [16.447676, 45.403295], [16.447508, 45.402914], [16.446717, 45.403298], [16.445049, 45.403006], [16.445427, 45.402316], [16.444529, 45.402212], [16.442961, 45.401203], [16.441602, 45.40161], [16.440626, 45.402079], [16.439397, 45.401845], [16.438187, 45.402358], [16.438472, 45.402944], [16.437875, 45.402872], [16.437815, 45.403592], [16.43608, 45.403731], [16.435584, 45.404543], [16.434518, 45.404251], [16.434081, 45.404726], [16.433852, 45.404223], [16.433266, 45.404004], [16.432627, 45.404442], [16.432552, 45.404982], [16.431886, 45.40487], [16.431451, 45.405155], [16.430763, 45.404624], [16.42985, 45.405195], [16.429796, 45.404813], [16.428561, 45.404368], [16.428284, 45.403546], [16.427705, 45.40368], [16.427218, 45.402954], [16.426403, 45.402801], [16.426288, 45.402294], [16.42558, 45.402478], [16.424979, 45.401839], [16.423667, 45.402626], [16.424352, 45.402933], [16.422535, 45.405017], [16.422477, 45.405261], [16.424938, 45.406456], [16.423417, 45.408288], [16.424963, 45.408724], [16.428263, 45.40754], [16.428786, 45.407993], [16.429157, 45.40785], [16.42889, 45.408314], [16.429394, 45.409387], [16.428838, 45.410807], [16.428985, 45.412132], [16.42796, 45.412242], [16.428283, 45.413625], [16.431203, 45.413885], [16.432901, 45.413505], [16.433363, 45.414874], [16.432846, 45.415045], [16.43339, 45.415883], [16.432764, 45.416155], [16.432766, 45.416845], [16.430748, 45.416602], [16.431099, 45.41736], [16.430732, 45.418283], [16.431444, 45.420807], [16.43184, 45.420845], [16.431149, 45.422666], [16.428333, 45.425922], [16.424327, 45.427137], [16.424499, 45.427593], [16.423114, 45.429368], [16.424119, 45.432204], [16.422799, 45.432726], [16.420262, 45.432664], [16.41685, 45.436188], [16.4223, 45.437846], [16.425221, 45.438416], [16.425438, 45.439766], [16.429411, 45.437301], [16.43314, 45.436], [16.43571, 45.435516], [16.440681, 45.435395], [16.446869, 45.436086], [16.44958, 45.436021], [16.455863, 45.434261], [16.46032, 45.435053], [16.461923, 45.43572], [16.464494, 45.438372], [16.466433, 45.442193], [16.467686, 45.443137], [16.469172, 45.443681], [16.472161, 45.44368], [16.475915, 45.442919], [16.481429, 45.440008], [16.485187, 45.436885], [16.486847, 45.434822], [16.487558, 45.432988], [16.48745, 45.431058], [16.486487, 45.428402], [16.484242, 45.426247], [16.478516, 45.423295], [16.477086, 45.422244]]]}, "properties": {"id": 6, "razina": "naselje", "name": "Donje Komarevo", "jls_name": "Sisak", "jls_maticni_broj": "03913", "zupanija": "Sisačko-moslavačka", "area_km2": 12.4648, "stanovnistvo": 255, "palette_idx": 1, "historical_zone": "Grad Sisak", "source": "DGU rpj:naselje"}}, {"type": "Feature", "id": 7, "geometry": {"type": "Polygon", "coordinates": [[[16.424979, 45.401839], [16.42372, 45.401239], [16.422231, 45.40086], [16.421691, 45.401031], [16.421445, 45.400739], [16.419995, 45.400818], [16.418677, 45.400049], [16.418151, 45.401457], [16.417565, 45.401394], [16.416926, 45.403203], [16.414686, 45.403615], [16.412047, 45.405119], [16.411229, 45.405957], [16.410116, 45.406071], [16.409966, 45.405852], [16.408717, 45.408156], [16.407842, 45.411194], [16.403071, 45.411362], [16.401282, 45.412645], [16.396389, 45.414891], [16.396929, 45.415478], [16.398859, 45.414566], [16.399483, 45.415453], [16.397012, 45.416908], [16.394723, 45.419495], [16.392896, 45.420127], [16.393601, 45.422109], [16.393635, 45.422476], [16.393199, 45.422698], [16.39508, 45.423208], [16.395346, 45.424064], [16.396588, 45.424783], [16.397205, 45.424737], [16.397866, 45.42514], [16.399001, 45.424957], [16.399586, 45.425598], [16.399856, 45.425272], [16.400713, 45.425179], [16.401249, 45.425478], [16.401302, 45.425965], [16.402291, 45.425109], [16.403717, 45.425488], [16.405645, 45.425237], [16.407109, 45.425637], [16.408257, 45.426791], [16.405976, 45.429007], [16.404673, 45.431469], [16.408911, 45.432131], [16.407796, 45.43482], [16.411739, 45.435033], [16.41685, 45.436188], [16.420262, 45.432664], [16.422799, 45.432726], [16.424119, 45.432204], [16.423114, 45.429368], [16.424499, 45.427593], [16.424327, 45.427137], [16.428333, 45.425922], [16.431149, 45.422666], [16.43184, 45.420845], [16.431444, 45.420807], [16.430732, 45.418283], [16.431099, 45.41736], [16.430748, 45.416602], [16.432766, 45.416845], [16.432764, 45.416155], [16.43339, 45.415883], [16.432846, 45.415045], [16.433363, 45.414874], [16.432901, 45.413505], [16.431203, 45.413885], [16.428283, 45.413625], [16.42796, 45.412242], [16.428985, 45.412132], [16.428838, 45.410807], [16.429394, 45.409387], [16.42889, 45.408314], [16.429157, 45.40785], [16.428786, 45.407993], [16.428263, 45.40754], [16.424963, 45.408724], [16.423417, 45.408288], [16.424938, 45.406456], [16.422477, 45.405261], [16.422535, 45.405017], [16.424352, 45.402933], [16.423667, 45.402626], [16.424979, 45.401839]]]}, "properties": {"id": 7, "razina": "naselje", "name": "Gornje Komarevo", "jls_name": "Sisak", "jls_maticni_broj": "03913", "zupanija": "Sisačko-moslavačka", "area_km2": 6.7877, "stanovnistvo": 425, "palette_idx": 0, "historical_zone": "Grad Sisak", "source": "DGU rpj:naselje"}}, {"type": "Feature", "id": 8, "geometry": {"type": "Polygon", "coordinates": [[[16.316288, 45.56709], [16.318572, 45.565798], [16.320374, 45.564157], [16.320034, 45.556654], [16.316989, 45.547329], [16.316192, 45.545756], [16.315175, 45.544859], [16.319569, 45.54125], [16.317264, 45.53763], [16.31652, 45.537501], [16.29948, 45.524799], [16.29359, 45.516703], [16.293334, 45.516046], [16.295506, 45.515125], [16.294254, 45.514299], [16.294168, 45.513739], [16.292852, 45.513264], [16.290091, 45.514529], [16.274496, 45.517609], [16.273317, 45.51391], [16.270258, 45.514218], [16.253149, 45.51293], [16.244507, 45.519605], [16.242976, 45.524493], [16.245259, 45.526357], [16.243474, 45.527688], [16.245089, 45.529108], [16.245156, 45.530593], [16.244462, 45.531341], [16.245388, 45.53193], [16.249547, 45.536305], [16.252424, 45.540049], [16.259973, 45.545102], [16.266847, 45.547871], [16.26806, 45.549052], [16.269447, 45.548184], [16.271106, 45.548245], [16.273108, 45.547762], [16.274896, 45.547873], [16.275521, 45.54797], [16.276608, 45.549038], [16.282923, 45.552015], [16.284807, 45.550666], [16.287025, 45.551473], [16.288423, 45.551342], [16.290042, 45.55184], [16.290706, 45.552586], [16.290851, 45.553854], [16.291398, 45.554484], [16.291187, 45.555266], [16.287694, 45.559172], [16.286267, 45.563471], [16.284819, 45.565395], [16.284202, 45.568523], [16.284099, 45.569891], [16.285258, 45.570952], [16.285405, 45.572304], [16.28593, 45.573018], [16.288073, 45.573805], [16.290715, 45.57337], [16.294425, 45.573502], [16.295804, 45.575277], [16.297378, 45.575914], [16.2977, 45.575127], [16.302697, 45.573932], [16.302789, 45.572502], [16.303234, 45.571871], [16.305797, 45.571912], [16.3066, 45.571648], [16.307588, 45.569105], [16.310876, 45.56624], [16.313072, 45.565643], [16.314269, 45.565677], [16.315139, 45.565918], [16.316288, 45.56709]]]}, "properties": {"id": 8, "razina": "naselje", "name": "Greda", "jls_name": "Sisak", "jls_maticni_broj": "03913", "zupanija": "Sisačko-moslavačka", "area_km2": 23.4951, "stanovnistvo": 763, "palette_idx": 2, "historical_zone": "Grad Sisak", "source": "DGU rpj:naselje"}}, {"type": "Feature", "id": 9, "geometry": {"type": "Polygon", "coordinates": [[[16.604439, 45.444459], [16.605617, 45.44329], [16.606381, 45.440211], [16.605886, 45.436473], [16.609844, 45.435185], [16.611588, 45.43678], [16.624983, 45.430017], [16.617302, 45.424932], [16.615094, 45.422844], [16.612807, 45.423439], [16.610935, 45.423517], [16.609416, 45.423179], [16.608504, 45.42249], [16.608363, 45.420928], [16.609576, 45.418482], [16.609059, 45.417311], [16.610118, 45.417061], [16.611544, 45.41487], [16.613275, 45.415551], [16.614721, 45.41433], [16.615541, 45.412166], [16.615182, 45.410876], [16.616701, 45.409754], [16.617589, 45.408509], [16.616301, 45.407824], [16.612305, 45.403729], [16.60924, 45.402102], [16.606721, 45.401203], [16.604058, 45.400771], [16.601745, 45.401093], [16.599481, 45.402265], [16.598626, 45.403209], [16.598314, 45.404084], [16.598429, 45.409029], [16.598239, 45.411105], [16.597438, 45.413287], [16.594672, 45.416641], [16.591361, 45.419416], [16.589113, 45.420383], [16.586958, 45.420859], [16.583266, 45.421355], [16.581972, 45.421281], [16.578491, 45.420372], [16.577258, 45.419373], [16.573833, 45.414931], [16.571745, 45.413081], [16.567879, 45.410709], [16.5585, 45.407383], [16.548507, 45.403073], [16.540574, 45.400872], [16.539382, 45.407826], [16.533525, 45.407786], [16.535837, 45.409955], [16.5367, 45.411268], [16.538699, 45.410911], [16.538901, 45.412692], [16.539538, 45.413592], [16.539523, 45.41437], [16.540229, 45.415142], [16.539226, 45.415462], [16.540392, 45.418451], [16.540692, 45.418399], [16.54191, 45.419969], [16.540918, 45.420312], [16.542673, 45.422324], [16.539903, 45.424247], [16.543509, 45.426836], [16.55183, 45.431738], [16.552576, 45.433825], [16.556845, 45.436481], [16.556666, 45.437665], [16.555867, 45.438481], [16.555613, 45.439433], [16.55597, 45.440062], [16.555745, 45.441985], [16.55626, 45.445183], [16.555283, 45.445906], [16.557402, 45.447409], [16.558598, 45.447714], [16.558967, 45.448356], [16.557234, 45.449195], [16.555514, 45.449579], [16.551881, 45.449309], [16.543092, 45.450435], [16.541901, 45.450911], [16.542781, 45.453041], [16.543138, 45.455957], [16.542394, 45.464291], [16.539462, 45.46809], [16.542208, 45.468851], [16.543719, 45.467755], [16.545069, 45.468527], [16.545807, 45.468532], [16.555777, 45.464191], [16.565339, 45.459247], [16.570414, 45.455136], [16.574987, 45.450723], [16.579102, 45.444401], [16.579955, 45.441535], [16.581464, 45.439086], [16.583104, 45.438797], [16.585727, 45.438879], [16.588186, 45.439592], [16.591287, 45.439826], [16.590971, 45.440475], [16.592983, 45.440744], [16.594388, 45.442276], [16.600237, 45.443799], [16.604439, 45.444459]]]}, "properties": {"id": 9, "razina": "naselje", "name": "Gušće", "jls_name": "Sisak", "jls_maticni_broj": "03913", "zupanija": "Sisačko-moslavačka", "area_km2": 23.9227, "stanovnistvo": 288, "palette_idx": 0, "historical_zone": "Grad Sisak", "source": "DGU rpj:naselje"}}, {"type": "Feature", "id": 10, "geometry": {"type": "Polygon", "coordinates": [[[16.484511, 45.509971], [16.484067, 45.509108], [16.484417, 45.508818], [16.480995, 45.506845], [16.466664, 45.496603], [16.450888, 45.495633], [16.447596, 45.494943], [16.44575, 45.49539], [16.444172, 45.493994], [16.442216, 45.491437], [16.438339, 45.491777], [16.438177, 45.490218], [16.435063, 45.48538], [16.431867, 45.483927], [16.431055, 45.483254], [16.428701, 45.482303], [16.425698, 45.485333], [16.418559, 45.482824], [16.418713, 45.482564], [16.415585, 45.480669], [16.414848, 45.48182], [16.411728, 45.483447], [16.410974, 45.484656], [16.408866, 45.485142], [16.40901, 45.485888], [16.40973, 45.486568], [16.408529, 45.488875], [16.408399, 45.492434], [16.412422, 45.492681], [16.413293, 45.493516], [16.413998, 45.495531], [16.413381, 45.501716], [16.415309, 45.508365], [16.415721, 45.509204], [16.420053, 45.513305], [16.425256, 45.519157], [16.426597, 45.518965], [16.428025, 45.519449], [16.436498, 45.520147], [16.436664, 45.521716], [16.438288, 45.521969], [16.437665, 45.523123], [16.437382, 45.523048], [16.43653, 45.52373], [16.436415, 45.524263], [16.436932, 45.52492], [16.436249, 45.526211], [16.438964, 45.529913], [16.449869, 45.532392], [16.4499, 45.531088], [16.451621, 45.530076], [16.452631, 45.527165], [16.454848, 45.524776], [16.45575, 45.524445], [16.45846, 45.524351], [16.459038, 45.523804], [16.459171, 45.522863], [16.459577, 45.522684], [16.46165, 45.52351], [16.464122, 45.522707], [16.466691, 45.520749], [16.468229, 45.519059], [16.470916, 45.519152], [16.471655, 45.518927], [16.471922, 45.516982], [16.475629, 45.51609], [16.477863, 45.514464], [16.480093, 45.511758], [16.484511, 45.509971]]]}, "properties": {"id": 10, "razina": "naselje", "name": "Hrastelnica", "jls_name": "Sisak", "jls_maticni_broj": "03913", "zupanija": "Sisačko-moslavačka", "area_km2": 17.2516, "stanovnistvo": 744, "palette_idx": 1, "historical_zone": "Grad Sisak", "source": "DGU rpj:naselje"}}, {"type": "Feature", "id": 11, "geometry": {"type": "Polygon", "coordinates": [[[16.319231, 45.498893], [16.319222, 45.498531], [16.320268, 45.498297], [16.320447, 45.497025], [16.323524, 45.495847], [16.322998, 45.495182], [16.32551, 45.49407], [16.323971, 45.490654], [16.322567, 45.49004], [16.320158, 45.488036], [16.322872, 45.485776], [16.322444, 45.48465], [16.3155, 45.487505], [16.314192, 45.484475], [16.314936, 45.483542], [16.315361, 45.482136], [16.31208, 45.481797], [16.311687, 45.481401], [16.309232, 45.481331], [16.308918, 45.480899], [16.306493, 45.481423], [16.304047, 45.478832], [16.302041, 45.479962], [16.300755, 45.479341], [16.298812, 45.477072], [16.298336, 45.476979], [16.297861, 45.475825], [16.294451, 45.475385], [16.29401, 45.472827], [16.292195, 45.47358], [16.286027, 45.473575], [16.285285, 45.474418], [16.284021, 45.474855], [16.282246, 45.474903], [16.281547, 45.475675], [16.285977, 45.480745], [16.289475, 45.483721], [16.291398, 45.484484], [16.293402, 45.487397], [16.2959, 45.490078], [16.296354, 45.491605], [16.298219, 45.493505], [16.29788, 45.494053], [16.299622, 45.495547], [16.301658, 45.496396], [16.303954, 45.498562], [16.304608, 45.498831], [16.30606, 45.497664], [16.307719, 45.498978], [16.310532, 45.497145], [16.314964, 45.498008], [16.318107, 45.498961], [16.319231, 45.498893]]]}, "properties": {"id": 11, "razina": "naselje", "name": "Jazvenik", "jls_name": "Sisak", "jls_maticni_broj": "03913", "zupanija": "Sisačko-moslavačka", "area_km2": 4.741, "stanovnistvo": 118, "palette_idx": 3, "historical_zone": "Grad Sisak", "source": "DGU rpj:naselje"}}, {"type": "Feature", "id": 12, "geometry": {"type": "Polygon", "coordinates": [[[16.396389, 45.414891], [16.401282, 45.412645], [16.403071, 45.411362], [16.407842, 45.411194], [16.408717, 45.408156], [16.409966, 45.405852], [16.409313, 45.406072], [16.40817, 45.405433], [16.407643, 45.405979], [16.406082, 45.405416], [16.40609, 45.405082], [16.404674, 45.404817], [16.404042, 45.404148], [16.403688, 45.404242], [16.403678, 45.403583], [16.403031, 45.402976], [16.402106, 45.402752], [16.401974, 45.402224], [16.402264, 45.402096], [16.401853, 45.401722], [16.402189, 45.400601], [16.40146, 45.400343], [16.401656, 45.400007], [16.401149, 45.399968], [16.401159, 45.399667], [16.400811, 45.399747], [16.400702, 45.398226], [16.399553, 45.397545], [16.39947, 45.39674], [16.399203, 45.396843], [16.398833, 45.39644], [16.399145, 45.396238], [16.395684, 45.393855], [16.390866, 45.395154], [16.392053, 45.397208], [16.387026, 45.39923], [16.385792, 45.399157], [16.38498, 45.398027], [16.383749, 45.397354], [16.382936, 45.396035], [16.381359, 45.39492], [16.379458, 45.391928], [16.378394, 45.390994], [16.377199, 45.392565], [16.375914, 45.393333], [16.374437, 45.395599], [16.368145, 45.39412], [16.36543, 45.393891], [16.36523, 45.394832], [16.364493, 45.395808], [16.365401, 45.396534], [16.365295, 45.397063], [16.364757, 45.397345], [16.365515, 45.397636], [16.365297, 45.398068], [16.364721, 45.398166], [16.365088, 45.398534], [16.364463, 45.399984], [16.365504, 45.400623], [16.36551, 45.400946], [16.364811, 45.401083], [16.364297, 45.400827], [16.364111, 45.401072], [16.364369, 45.401429], [16.365193, 45.401569], [16.36458, 45.402976], [16.36494, 45.403874], [16.363461, 45.404332], [16.363937, 45.404737], [16.363563, 45.405088], [16.364497, 45.405351], [16.363842, 45.406004], [16.365126, 45.406254], [16.364957, 45.407071], [16.36545, 45.407273], [16.365006, 45.40758], [16.365977, 45.407961], [16.364983, 45.408445], [16.366198, 45.408709], [16.366327, 45.409005], [16.364687, 45.41023], [16.365606, 45.410811], [16.365462, 45.411228], [16.364889, 45.411391], [16.365559, 45.411689], [16.365178, 45.411882], [16.364146, 45.411731], [16.364385, 45.412768], [16.363722, 45.413539], [16.365709, 45.414018], [16.372838, 45.412399], [16.374639, 45.413353], [16.376132, 45.413056], [16.378595, 45.414494], [16.381579, 45.414991], [16.384653, 45.416568], [16.384361, 45.416819], [16.384942, 45.417738], [16.385981, 45.41856], [16.386635, 45.418278], [16.387265, 45.418518], [16.388284, 45.418393], [16.393304, 45.416441], [16.396389, 45.414891]]]}, "properties": {"id": 12, "razina": "naselje", "name": "Klobučak", "jls_name": "Sisak", "jls_maticni_broj": "03913", "zupanija": "Sisačko-moslavačka", "area_km2": 6.6576, "stanovnistvo": 51, "palette_idx": 3, "historical_zone": "Grad Sisak", "source": "DGU rpj:naselje"}}, {"type": "Feature", "id": 13, "geometry": {"type": "Polygon", "coordinates": [[[16.687907, 45.426717], [16.68876, 45.426585], [16.689404, 45.42683], [16.692498, 45.428603], [16.696064, 45.428646], [16.697009, 45.42783], [16.697059, 45.424969], [16.697523, 45.42408], [16.698832, 45.423814], [16.701994, 45.423857], [16.703426, 45.423077], [16.704901, 45.421299], [16.706052, 45.421329], [16.708225, 45.42228], [16.708936, 45.422264], [16.709575, 45.421729], [16.709337, 45.419021], [16.708729, 45.417966], [16.707668, 45.417306], [16.704523, 45.416675], [16.703824, 45.416046], [16.701664, 45.415209], [16.698852, 45.41324], [16.693886, 45.406521], [16.674392, 45.404097], [16.665302, 45.399982], [16.667984, 45.398288], [16.668913, 45.397276], [16.668176, 45.396543], [16.66557, 45.395346], [16.665546, 45.394677], [16.664872, 45.393766], [16.662158, 45.391398], [16.658554, 45.39164], [16.646269, 45.391082], [16.644297, 45.385836], [16.643222, 45.384583], [16.641701, 45.383157], [16.638302, 45.382093], [16.637083, 45.382129], [16.636342, 45.38256], [16.635915, 45.383176], [16.635819, 45.384569], [16.636862, 45.386561], [16.64012, 45.390907], [16.630973, 45.390644], [16.627426, 45.391186], [16.625207, 45.39243], [16.624306, 45.393454], [16.623272, 45.39502], [16.621486, 45.399325], [16.6214, 45.401594], [16.622737, 45.406182], [16.624322, 45.406054], [16.627743, 45.404999], [16.6284, 45.406771], [16.634992, 45.406817], [16.634956, 45.407518], [16.635918, 45.408021], [16.639559, 45.409425], [16.640746, 45.409487], [16.642246, 45.411168], [16.642433, 45.412284], [16.639955, 45.415549], [16.643052, 45.416187], [16.644992, 45.416982], [16.646626, 45.417007], [16.65288, 45.418658], [16.677253, 45.430136], [16.67836, 45.42991], [16.681377, 45.430778], [16.68309, 45.43037], [16.683154, 45.429581], [16.681284, 45.428426], [16.680888, 45.42783], [16.681672, 45.426763], [16.682898, 45.425992], [16.684881, 45.425818], [16.685762, 45.426644], [16.687907, 45.426717]]]}, "properties": {"id": 13, "razina": "naselje", "name": "Kratečko", "jls_name": "Sisak", "jls_maticni_broj": "03913", "zupanija": "Sisačko-moslavačka", "area_km2": 16.2094, "stanovnistvo": 139, "palette_idx": 1, "historical_zone": "Grad Sisak", "source": "DGU rpj:naselje"}}, {"type": "Feature", "id": 14, "geometry": {"type": "Polygon", "coordinates": [[[16.391996, 45.361041], [16.390522, 45.359662], [16.389459, 45.359195], [16.389106, 45.359337], [16.388565, 45.358842], [16.388354, 45.356314], [16.38773, 45.356004], [16.386776, 45.35736], [16.387149, 45.357573], [16.385638, 45.358472], [16.385639, 45.358769], [16.383667, 45.359076], [16.38289, 45.358945], [16.382327, 45.358446], [16.381628, 45.36048], [16.378272, 45.363882], [16.377117, 45.364739], [16.375364, 45.36691], [16.376477, 45.366751], [16.377485, 45.368005], [16.378436, 45.367716], [16.378577, 45.36819], [16.378912, 45.367977], [16.37974, 45.369238], [16.379512, 45.369735], [16.380164, 45.369869], [16.3806, 45.369536], [16.381611, 45.369518], [16.38227, 45.370052], [16.382097, 45.370831], [16.384507, 45.371473], [16.384185, 45.371893], [16.385949, 45.372354], [16.385865, 45.372877], [16.387425, 45.372947], [16.387649, 45.37218], [16.38905, 45.371374], [16.388796, 45.370643], [16.389196, 45.370343], [16.389087, 45.369042], [16.390988, 45.368454], [16.390908, 45.367768], [16.39167, 45.367623], [16.392261, 45.366505], [16.394522, 45.365577], [16.394209, 45.365269], [16.393267, 45.365271], [16.392461, 45.364877], [16.391023, 45.363525], [16.391187, 45.362821], [16.390073, 45.362575], [16.390344, 45.361897], [16.39005, 45.361192], [16.391996, 45.361041]]]}, "properties": {"id": 14, "razina": "naselje", "name": "Letovanci", "jls_name": "Sisak", "jls_maticni_broj": "03913", "zupanija": "Sisačko-moslavačka", "area_km2": 1.3215, "stanovnistvo": 42, "palette_idx": 0, "historical_zone": "Grad Sisak", "source": "DGU rpj:naselje"}}, {"type": "Feature", "id": 15, "geometry": {"type": "Polygon", "coordinates": [[[16.745633, 45.414805], [16.746686, 45.414164], [16.747682, 45.412101], [16.748625, 45.411483], [16.748282, 45.410326], [16.749133, 45.409414], [16.747933, 45.40733], [16.745896, 45.407845], [16.745478, 45.407708], [16.744945, 45.406096], [16.743846, 45.405265], [16.743891, 45.404889], [16.744321, 45.404615], [16.746025, 45.404625], [16.747286, 45.404081], [16.749056, 45.403886], [16.749196, 45.40336], [16.748361, 45.401802], [16.753286, 45.395245], [16.756322, 45.393304], [16.759842, 45.392464], [16.760628, 45.391906], [16.760827, 45.390788], [16.759766, 45.389817], [16.759799, 45.38933], [16.761857, 45.389016], [16.762549, 45.388489], [16.760862, 45.386478], [16.761474, 45.384556], [16.760227, 45.383156], [16.759551, 45.38132], [16.758547, 45.380051], [16.759403, 45.377567], [16.758382, 45.374857], [16.756716, 45.372816], [16.756978, 45.371389], [16.758114, 45.370504], [16.759672, 45.370244], [16.763302, 45.37159], [16.766042, 45.371552], [16.76768, 45.368991], [16.771565, 45.365323], [16.775156, 45.363216], [16.778628, 45.363026], [16.779708, 45.362621], [16.781086, 45.361179], [16.781154, 45.360218], [16.777805, 45.358694], [16.77342, 45.35516], [16.772623, 45.352445], [16.772476, 45.349503], [16.773184, 45.348024], [16.767127, 45.347624], [16.761212, 45.348023], [16.758192, 45.347561], [16.756435, 45.347766], [16.754774, 45.34839], [16.753143, 45.350237], [16.752347, 45.35297], [16.753451, 45.355464], [16.757632, 45.361811], [16.755121, 45.36257], [16.748023, 45.362887], [16.743965, 45.363894], [16.742537, 45.364299], [16.740622, 45.364374], [16.737932, 45.364072], [16.734365, 45.36299], [16.722462, 45.362186], [16.722365, 45.359815], [16.721665, 45.359512], [16.721621, 45.358996], [16.722484, 45.35863], [16.722593, 45.357688], [16.723276, 45.357388], [16.724427, 45.355939], [16.724897, 45.354383], [16.724812, 45.353249], [16.723479, 45.351139], [16.721287, 45.349305], [16.714362, 45.346581], [16.712839, 45.346347], [16.711006, 45.346784], [16.709148, 45.348542], [16.709038, 45.350065], [16.709929, 45.352269], [16.711527, 45.353969], [16.716939, 45.355895], [16.718848, 45.357029], [16.719511, 45.359136], [16.71833, 45.360243], [16.719599, 45.360896], [16.720679, 45.36091], [16.721393, 45.362164], [16.718571, 45.361822], [16.714299, 45.359394], [16.712592, 45.358846], [16.711304, 45.36074], [16.709067, 45.361568], [16.709, 45.362182], [16.707592, 45.36384], [16.705716, 45.36437], [16.703114, 45.363791], [16.702254, 45.364195], [16.702545, 45.367403], [16.703678, 45.368373], [16.706692, 45.368864], [16.708645, 45.368068], [16.71023, 45.366898], [16.711294, 45.366963], [16.711802, 45.367412], [16.711966, 45.369119], [16.711474, 45.370446], [16.711939, 45.375026], [16.713804, 45.377348], [16.713613, 45.377883], [16.711799, 45.379368], [16.711754, 45.380077], [16.712255, 45.380706], [16.711901, 45.381098], [16.712314, 45.381434], [16.712679, 45.380952], [16.714398, 45.380771], [16.716251, 45.379098], [16.717773, 45.37904], [16.718793, 45.379778], [16.719702, 45.381451], [16.720885, 45.382572], [16.724584, 45.383467], [16.726792, 45.383089], [16.730603, 45.380521], [16.731328, 45.380454], [16.732017, 45.380815], [16.731761, 45.381553], [16.729478, 45.382678], [16.728611, 45.384656], [16.729906, 45.385419], [16.732704, 45.385092], [16.734351, 45.385468], [16.735553, 45.38693], [16.736038, 45.388846], [16.735017, 45.389412], [16.731259, 45.389674], [16.729992, 45.390398], [16.729604, 45.391983], [16.731002, 45.394633], [16.73096, 45.395667], [16.728194, 45.397229], [16.727728, 45.398314], [16.730109, 45.400936], [16.729858, 45.401556], [16.727141, 45.404083], [16.726801, 45.409114], [16.724975, 45.411944], [16.723167, 45.412146], [16.721213, 45.411267], [16.721104, 45.412177], [16.721844, 45.412399], [16.7211, 45.412989], [16.722164, 45.413293], [16.721925, 45.414234], [16.722737, 45.414516], [16.72371, 45.41424], [16.724496, 45.415695], [16.725462, 45.415795], [16.726086, 45.415343], [16.726631, 45.416343], [16.728166, 45.416587], [16.730569, 45.415426], [16.731498, 45.416446], [16.731383, 45.416942], [16.734395, 45.418565], [16.736103, 45.416612], [16.736458, 45.415712], [16.737298, 45.415382], [16.738851, 45.413773], [16.740897, 45.413787], [16.742521, 45.415105], [16.745633, 45.414805]]]}, "properties": {"id": 15, "razina": "naselje", "name": "Lonja", "jls_name": "Sisak", "jls_maticni_broj": "03913", "zupanija": "Sisačko-moslavačka", "area_km2": 19.9434, "stanovnistvo": 83, "palette_idx": 0, "historical_zone": "Grad Sisak", "source": "DGU rpj:naselje"}}, {"type": "Feature", "id": 16, "geometry": {"type": "Polygon", "coordinates": [[[16.539903, 45.424247], [16.542673, 45.422324], [16.540918, 45.420312], [16.54191, 45.419969], [16.540692, 45.418399], [16.540392, 45.418451], [16.539226, 45.415462], [16.540229, 45.415142], [16.539523, 45.41437], [16.539538, 45.413592], [16.538901, 45.412692], [16.538699, 45.410911], [16.5367, 45.411268], [16.535837, 45.409955], [16.533525, 45.407786], [16.539382, 45.407826], [16.540574, 45.400872], [16.534773, 45.399765], [16.531932, 45.399703], [16.530007, 45.40003], [16.527328, 45.401427], [16.52614, 45.402473], [16.523391, 45.405897], [16.521286, 45.408253], [16.519415, 45.409256], [16.506175, 45.411724], [16.500685, 45.4144], [16.503071, 45.419626], [16.5071, 45.421047], [16.508895, 45.422838], [16.509568, 45.422444], [16.512302, 45.423862], [16.514238, 45.425343], [16.514699, 45.425996], [16.514216, 45.42615], [16.517591, 45.432821], [16.518816, 45.432693], [16.519946, 45.435337], [16.52904, 45.43201], [16.531595, 45.430427], [16.533056, 45.430124], [16.53082, 45.427572], [16.536778, 45.425669], [16.539903, 45.424247]]]}, "properties": {"id": 16, "razina": "naselje", "name": "Lukavec Posavski", "jls_name": "Sisak", "jls_maticni_broj": "03913", "zupanija": "Sisačko-moslavačka", "area_km2": 6.9583, "stanovnistvo": 103, "palette_idx": 1, "historical_zone": "Grad Sisak", "source": "DGU rpj:naselje"}}, {"type": "Feature", "id": 17, "geometry": {"type": "Polygon", "coordinates": [[[16.409966, 45.405852], [16.410116, 45.406071], [16.411229, 45.405957], [16.412047, 45.405119], [16.414686, 45.403615], [16.416926, 45.403203], [16.417565, 45.401394], [16.418151, 45.401457], [16.418677, 45.400049], [16.419995, 45.400818], [16.421445, 45.400739], [16.421691, 45.401031], [16.422231, 45.40086], [16.42372, 45.401239], [16.42423, 45.400702], [16.423504, 45.399312], [16.422506, 45.399493], [16.422443, 45.399279], [16.422919, 45.399211], [16.422685, 45.398581], [16.42206, 45.398557], [16.422551, 45.398031], [16.422441, 45.397194], [16.421914, 45.397168], [16.421251, 45.396598], [16.420759, 45.39679], [16.419873, 45.39624], [16.419199, 45.396693], [16.418162, 45.396636], [16.418218, 45.396861], [16.417477, 45.39705], [16.41715, 45.396711], [16.416422, 45.396857], [16.416559, 45.39655], [16.415395, 45.396338], [16.414726, 45.395337], [16.416923, 45.393984], [16.417631, 45.392719], [16.419783, 45.391763], [16.418061, 45.391193], [16.416076, 45.389571], [16.416038, 45.386211], [16.415016, 45.383848], [16.415279, 45.382309], [16.417239, 45.380274], [16.41862, 45.375477], [16.417049, 45.375298], [16.417009, 45.374733], [16.414273, 45.374691], [16.414275, 45.37376], [16.413874, 45.37371], [16.413971, 45.373222], [16.413524, 45.373093], [16.414036, 45.371153], [16.413413, 45.370964], [16.412887, 45.369962], [16.413435, 45.367672], [16.410105, 45.366784], [16.409675, 45.367895], [16.406341, 45.366539], [16.406007, 45.367034], [16.405028, 45.366949], [16.404804, 45.367347], [16.401109, 45.366548], [16.401085, 45.366098], [16.400053, 45.365903], [16.399859, 45.364074], [16.394257, 45.363442], [16.393257, 45.362826], [16.391996, 45.361041], [16.39005, 45.361192], [16.390344, 45.361897], [16.390073, 45.362575], [16.391187, 45.362821], [16.391023, 45.363525], [16.392461, 45.364877], [16.393267, 45.365271], [16.394209, 45.365269], [16.394522, 45.365577], [16.392261, 45.366505], [16.39167, 45.367623], [16.390908, 45.367768], [16.390988, 45.368454], [16.389087, 45.369042], [16.389196, 45.370343], [16.388796, 45.370643], [16.38905, 45.371374], [16.387649, 45.37218], [16.387425, 45.372947], [16.38708, 45.375172], [16.386226, 45.374925], [16.386408, 45.375973], [16.385714, 45.376071], [16.385116, 45.376555], [16.382969, 45.38005], [16.384222, 45.380846], [16.385764, 45.383236], [16.387925, 45.384696], [16.388791, 45.387279], [16.390558, 45.388679], [16.394044, 45.390423], [16.394688, 45.391074], [16.395279, 45.392199], [16.395309, 45.39273], [16.394893, 45.393024], [16.395684, 45.393855], [16.399145, 45.396238], [16.398833, 45.39644], [16.399203, 45.396843], [16.39947, 45.39674], [16.399553, 45.397545], [16.400702, 45.398226], [16.400811, 45.399747], [16.401159, 45.399667], [16.401149, 45.399968], [16.401656, 45.400007], [16.40146, 45.400343], [16.402189, 45.400601], [16.401853, 45.401722], [16.402264, 45.402096], [16.401974, 45.402224], [16.402106, 45.402752], [16.403031, 45.402976], [16.403678, 45.403583], [16.403688, 45.404242], [16.404042, 45.404148], [16.404674, 45.404817], [16.40609, 45.405082], [16.406082, 45.405416], [16.407643, 45.405979], [16.40817, 45.405433], [16.409313, 45.406072], [16.409966, 45.405852]]]}, "properties": {"id": 17, "razina": "naselje", "name": "Madžari", "jls_name": "Sisak", "jls_maticni_broj": "03913", "zupanija": "Sisačko-moslavačka", "area_km2": 8.4279, "stanovnistvo": 199, "palette_idx": 2, "historical_zone": "Grad Sisak", "source": "DGU rpj:naselje"}}, {"type": "Feature", "id": 18, "geometry": {"type": "Polygon", "coordinates": [[[16.721213, 45.411267], [16.723167, 45.412146], [16.724975, 45.411944], [16.726801, 45.409114], [16.727141, 45.404083], [16.729858, 45.401556], [16.730109, 45.400936], [16.727728, 45.398314], [16.728194, 45.397229], [16.73096, 45.395667], [16.731002, 45.394633], [16.729604, 45.391983], [16.729992, 45.390398], [16.705118, 45.38783], [16.693007, 45.384242], [16.691885, 45.384532], [16.691262, 45.385355], [16.684609, 45.385548], [16.684725, 45.380314], [16.683043, 45.380132], [16.682871, 45.379197], [16.681878, 45.378981], [16.6809, 45.378065], [16.678628, 45.376975], [16.675666, 45.378434], [16.668028, 45.379741], [16.665963, 45.380253], [16.663776, 45.381319], [16.663676, 45.382454], [16.666144, 45.386069], [16.666356, 45.387947], [16.665911, 45.388616], [16.664297, 45.390439], [16.662158, 45.391398], [16.664872, 45.393766], [16.665546, 45.394677], [16.66557, 45.395346], [16.668176, 45.396543], [16.668913, 45.397276], [16.667984, 45.398288], [16.665302, 45.399982], [16.674392, 45.404097], [16.693886, 45.406521], [16.698852, 45.41324], [16.701664, 45.415209], [16.703824, 45.416046], [16.703705, 45.415338], [16.704094, 45.414927], [16.706371, 45.41288], [16.707534, 45.41235], [16.7096, 45.412457], [16.711808, 45.414043], [16.712938, 45.414487], [16.713525, 45.41396], [16.714179, 45.412115], [16.715682, 45.411323], [16.719072, 45.410623], [16.721213, 45.411267]]]}, "properties": {"id": 18, "razina": "naselje", "name": "Mužilovčica", "jls_name": "Sisak", "jls_maticni_broj": "03913", "zupanija": "Sisačko-moslavačka", "area_km2": 13.0561, "stanovnistvo": 57, "palette_idx": 2, "historical_zone": "Grad Sisak", "source": "DGU rpj:naselje"}}, {"type": "Feature", "id": 19, "geometry": {"type": "Polygon", "coordinates": [[[16.391826, 45.436268], [16.388168, 45.434304], [16.385177, 45.433223], [16.383338, 45.431925], [16.381774, 45.43317], [16.379234, 45.432345], [16.377476, 45.432136], [16.37711, 45.432859], [16.37548, 45.432444], [16.37505, 45.432043], [16.373353, 45.432], [16.374652, 45.430338], [16.373854, 45.429725], [16.373168, 45.430147], [16.370774, 45.428317], [16.370942, 45.428039], [16.36588, 45.426193], [16.365879, 45.426889], [16.366582, 45.427504], [16.366241, 45.430922], [16.366465, 45.433521], [16.36418, 45.435743], [16.362792, 45.440807], [16.367391, 45.442366], [16.366413, 45.443801], [16.369114, 45.444711], [16.370339, 45.445667], [16.374236, 45.444102], [16.378366, 45.443181], [16.383433, 45.440365], [16.384627, 45.438079], [16.389503, 45.438474], [16.391826, 45.436268]]]}, "properties": {"id": 19, "razina": "naselje", "name": "Novo Pračno", "jls_name": "Sisak", "jls_maticni_broj": "03913", "zupanija": "Sisačko-moslavačka", "area_km2": 2.3893, "stanovnistvo": 346, "palette_idx": 3, "historical_zone": "Grad Sisak", "source": "DGU rpj:naselje"}}, {"type": "Feature", "id": 20, "geometry": {"type": "Polygon", "coordinates": [[[16.404673, 45.431469], [16.405976, 45.429007], [16.408257, 45.426791], [16.407109, 45.425637], [16.405645, 45.425237], [16.403717, 45.425488], [16.402291, 45.425109], [16.401302, 45.425965], [16.401249, 45.425478], [16.400713, 45.425179], [16.399856, 45.425272], [16.399586, 45.425598], [16.399001, 45.424957], [16.397866, 45.42514], [16.397205, 45.424737], [16.396588, 45.424783], [16.395346, 45.424064], [16.39508, 45.423208], [16.393199, 45.422698], [16.393635, 45.422476], [16.393601, 45.422109], [16.392896, 45.420127], [16.394723, 45.419495], [16.397012, 45.416908], [16.399483, 45.415453], [16.398859, 45.414566], [16.396929, 45.415478], [16.396389, 45.414891], [16.393304, 45.416441], [16.388284, 45.418393], [16.387265, 45.418518], [16.386635, 45.418278], [16.385981, 45.41856], [16.384942, 45.417738], [16.384361, 45.416819], [16.384653, 45.416568], [16.381579, 45.414991], [16.378595, 45.414494], [16.376132, 45.413056], [16.374639, 45.413353], [16.372838, 45.412399], [16.365709, 45.414018], [16.363722, 45.413539], [16.36299, 45.413629], [16.363301, 45.414066], [16.362361, 45.414431], [16.362733, 45.414951], [16.361532, 45.415323], [16.362095, 45.415627], [16.361576, 45.415934], [16.362208, 45.41621], [16.362068, 45.416925], [16.361226, 45.416975], [16.361291, 45.417713], [16.360098, 45.418596], [16.361223, 45.418695], [16.361161, 45.419407], [16.360497, 45.419369], [16.361128, 45.420032], [16.361047, 45.423956], [16.365551, 45.425152], [16.36588, 45.426193], [16.370942, 45.428039], [16.370774, 45.428317], [16.373168, 45.430147], [16.373854, 45.429725], [16.374652, 45.430338], [16.373353, 45.432], [16.37505, 45.432043], [16.37548, 45.432444], [16.37711, 45.432859], [16.377476, 45.432136], [16.379234, 45.432345], [16.381774, 45.43317], [16.383338, 45.431925], [16.385177, 45.433223], [16.388168, 45.434304], [16.391826, 45.436268], [16.393595, 45.435676], [16.39548, 45.435914], [16.396252, 45.435429], [16.396106, 45.435067], [16.397747, 45.435132], [16.39785, 45.434851], [16.399982, 45.434408], [16.398667, 45.432474], [16.400059, 45.431298], [16.400835, 45.431555], [16.404673, 45.431469]]]}, "properties": {"id": 20, "razina": "naselje", "name": "Novo Selo", "jls_name": "Sisak", "jls_maticni_broj": "03913", "zupanija": "Sisačko-moslavačka", "area_km2": 5.5067, "stanovnistvo": 536, "palette_idx": 1, "historical_zone": "Grad Sisak", "source": "DGU rpj:naselje"}}, {"type": "Feature", "id": 21, "geometry": {"type": "Polygon", "coordinates": [[[16.564804, 45.487434], [16.563222, 45.487106], [16.561373, 45.485006], [16.558518, 45.483266], [16.557164, 45.482779], [16.555364, 45.482875], [16.553585, 45.483858], [16.551973, 45.484242], [16.546583, 45.483526], [16.541422, 45.483664], [16.537164, 45.4842], [16.534136, 45.487156], [16.532415, 45.488145], [16.527655, 45.488738], [16.525401, 45.489699], [16.519999, 45.491022], [16.516713, 45.490706], [16.509453, 45.49118], [16.503333, 45.48975], [16.5008, 45.490367], [16.499402, 45.490314], [16.499053, 45.489557], [16.498391, 45.489373], [16.492981, 45.490819], [16.49112, 45.490977], [16.49036, 45.491634], [16.488091, 45.49091], [16.482765, 45.487185], [16.480256, 45.486013], [16.481546, 45.482594], [16.478438, 45.479016], [16.477042, 45.479718], [16.475623, 45.47999], [16.474594, 45.47935], [16.473698, 45.479386], [16.464695, 45.481785], [16.466185, 45.484279], [16.445901, 45.485708], [16.444178, 45.48646], [16.440899, 45.486171], [16.4395, 45.484441], [16.435844, 45.48264], [16.431993, 45.481737], [16.431055, 45.483254], [16.431867, 45.483927], [16.435063, 45.48538], [16.438177, 45.490218], [16.438339, 45.491777], [16.442216, 45.491437], [16.444172, 45.493994], [16.44575, 45.49539], [16.447596, 45.494943], [16.450888, 45.495633], [16.466664, 45.496603], [16.480995, 45.506845], [16.484417, 45.508818], [16.484067, 45.509108], [16.484511, 45.509971], [16.48561, 45.510302], [16.486072, 45.510853], [16.484359, 45.512475], [16.484451, 45.513539], [16.485246, 45.513874], [16.487613, 45.513821], [16.489764, 45.514215], [16.490021, 45.514983], [16.489452, 45.516164], [16.489671, 45.517265], [16.490794, 45.518831], [16.493071, 45.52084], [16.494397, 45.521427], [16.496938, 45.520865], [16.498658, 45.521512], [16.501441, 45.521669], [16.502929, 45.52102], [16.504009, 45.520949], [16.507736, 45.522209], [16.511704, 45.522244], [16.512983, 45.521713], [16.513412, 45.520432], [16.515718, 45.519427], [16.516101, 45.518311], [16.521929, 45.518423], [16.523956, 45.518926], [16.527994, 45.518938], [16.532, 45.519325], [16.532488, 45.519128], [16.532747, 45.518449], [16.532021, 45.514918], [16.533718, 45.512727], [16.535834, 45.511498], [16.535152, 45.50808], [16.537007, 45.505617], [16.535107, 45.502337], [16.534933, 45.501145], [16.538217, 45.496683], [16.540962, 45.494633], [16.543464, 45.494687], [16.54483, 45.49572], [16.544705, 45.497458], [16.545142, 45.498004], [16.54963, 45.498727], [16.550401, 45.499886], [16.550719, 45.501962], [16.551594, 45.502916], [16.553206, 45.503568], [16.555785, 45.503342], [16.560039, 45.500134], [16.560976, 45.499053], [16.561853, 45.496625], [16.564136, 45.49279], [16.563629, 45.488643], [16.564804, 45.487434]]]}, "properties": {"id": 21, "razina": "naselje", "name": "Novo Selo Palanječko", "jls_name": "Sisak", "jls_maticni_broj": "03913", "zupanija": "Sisačko-moslavačka", "area_km2": 22.5336, "stanovnistvo": 447, "palette_idx": 2, "historical_zone": "Grad Sisak", "source": "DGU rpj:naselje"}}, {"type": "Feature", "id": 22, "geometry": {"type": "Polygon", "coordinates": [[[16.349416, 45.500615], [16.349722, 45.499558], [16.35214, 45.497549], [16.353697, 45.49538], [16.34287, 45.497334], [16.34008, 45.49808], [16.335062, 45.500372], [16.330084, 45.503806], [16.331061, 45.505982], [16.333504, 45.505607], [16.333842, 45.506581], [16.333805, 45.512396], [16.3346, 45.513365], [16.336627, 45.513414], [16.337412, 45.515676], [16.33952, 45.518438], [16.339663, 45.52028], [16.340667, 45.521767], [16.342521, 45.520665], [16.343354, 45.519337], [16.343849, 45.517534], [16.343477, 45.51571], [16.342628, 45.514893], [16.341745, 45.508953], [16.341659, 45.507436], [16.342244, 45.505276], [16.341772, 45.504822], [16.341884, 45.504247], [16.342991, 45.504066], [16.344948, 45.50231], [16.345293, 45.500424], [16.349416, 45.500615]]]}, "properties": {"id": 22, "razina": "naselje", "name": "Odra Sisačka", "jls_name": "Sisak", "jls_maticni_broj": "03913", "zupanija": "Sisačko-moslavačka", "area_km2": 1.83, "stanovnistvo": 687, "palette_idx": 3, "historical_zone": "Grad Sisak", "source": "DGU rpj:naselje"}}, {"type": "Feature", "id": 23, "geometry": {"type": "Polygon", "coordinates": [[[16.438964, 45.529913], [16.436249, 45.526211], [16.436932, 45.52492], [16.436415, 45.524263], [16.43653, 45.52373], [16.437382, 45.523048], [16.437665, 45.523123], [16.438288, 45.521969], [16.436664, 45.521716], [16.436498, 45.520147], [16.428025, 45.519449], [16.426597, 45.518965], [16.425256, 45.519157], [16.424939, 45.519821], [16.424146, 45.520212], [16.422693, 45.520294], [16.405142, 45.516603], [16.402996, 45.516445], [16.401969, 45.516536], [16.400699, 45.517109], [16.398608, 45.520148], [16.399886, 45.521148], [16.401077, 45.521132], [16.401119, 45.522603], [16.401908, 45.522877], [16.40162, 45.52401], [16.401863, 45.527072], [16.403089, 45.526602], [16.40628, 45.529454], [16.407102, 45.530606], [16.41047, 45.529758], [16.423544, 45.531036], [16.421834, 45.535725], [16.429107, 45.537331], [16.431958, 45.529283], [16.436659, 45.53027], [16.438964, 45.529913]]]}, "properties": {"id": 23, "razina": "naselje", "name": "Palanjek", "jls_name": "Sisak", "jls_maticni_broj": "03913", "zupanija": "Sisačko-moslavačka", "area_km2": 3.9454, "stanovnistvo": 355, "palette_idx": 2, "historical_zone": "Grad Sisak", "source": "DGU rpj:naselje"}}, {"type": "Feature", "id": 24, "geometry": {"type": "Polygon", "coordinates": [[[16.537653, 45.477315], [16.537783, 45.473437], [16.540623, 45.472471], [16.541121, 45.47179], [16.540883, 45.470728], [16.539081, 45.468662], [16.539048, 45.468283], [16.539462, 45.46809], [16.542394, 45.464291], [16.543138, 45.455957], [16.542781, 45.453041], [16.541901, 45.450911], [16.539596, 45.448381], [16.53737, 45.44731], [16.534629, 45.447666], [16.530939, 45.449422], [16.523876, 45.447896], [16.519226, 45.447602], [16.516523, 45.447054], [16.515676, 45.443018], [16.515933, 45.4405], [16.514371, 45.43921], [16.512722, 45.435963], [16.51805, 45.435698], [16.519946, 45.435337], [16.518816, 45.432693], [16.517591, 45.432821], [16.514216, 45.42615], [16.514699, 45.425996], [16.514238, 45.425343], [16.512302, 45.423862], [16.509568, 45.422444], [16.508895, 45.422838], [16.5071, 45.421047], [16.503071, 45.419626], [16.500685, 45.4144], [16.49812, 45.416074], [16.495054, 45.417412], [16.491168, 45.418582], [16.482136, 45.417976], [16.478894, 45.418755], [16.476342, 45.420587], [16.477086, 45.422244], [16.478516, 45.423295], [16.484242, 45.426247], [16.486487, 45.428402], [16.48745, 45.431058], [16.487558, 45.432988], [16.486847, 45.434822], [16.485187, 45.436885], [16.481429, 45.440008], [16.475915, 45.442919], [16.472161, 45.44368], [16.469172, 45.443681], [16.467686, 45.443137], [16.466433, 45.442193], [16.464494, 45.438372], [16.461923, 45.43572], [16.46032, 45.435053], [16.45681, 45.437439], [16.449975, 45.445221], [16.45396, 45.449317], [16.460384, 45.45704], [16.464226, 45.456965], [16.46584, 45.459001], [16.466211, 45.458878], [16.466034, 45.459174], [16.470064, 45.461408], [16.471798, 45.461251], [16.474002, 45.459299], [16.475325, 45.460067], [16.476855, 45.459364], [16.477441, 45.459719], [16.480618, 45.463975], [16.481237, 45.465662], [16.484459, 45.470444], [16.496297, 45.466649], [16.499093, 45.466709], [16.499069, 45.471273], [16.508513, 45.47101], [16.511726, 45.46999], [16.514448, 45.470639], [16.520773, 45.473658], [16.523127, 45.473464], [16.523528, 45.473648], [16.523795, 45.474795], [16.530048, 45.477914], [16.533243, 45.477256], [16.534413, 45.477314], [16.535141, 45.477779], [16.536042, 45.477895], [16.537653, 45.477315]]]}, "properties": {"id": 24, "razina": "naselje", "name": "Prelošćica", "jls_name": "Sisak", "jls_maticni_broj": "03913", "zupanija": "Sisačko-moslavačka", "area_km2": 25.1677, "stanovnistvo": 474, "palette_idx": 2, "historical_zone": "Grad Sisak", "source": "DGU rpj:naselje"}}, {"type": "Feature", "id": 25, "geometry": {"type": "Polygon", "coordinates": [[[16.337096, 45.571255], [16.338217, 45.570961], [16.338683, 45.57029], [16.338778, 45.569422], [16.338286, 45.568467], [16.337084, 45.567554], [16.335495, 45.566947], [16.33315, 45.567872], [16.331526, 45.568903], [16.329329, 45.566907], [16.329825, 45.565112], [16.333537, 45.563121], [16.336421, 45.563226], [16.339854, 45.562063], [16.342102, 45.561975], [16.345583, 45.561001], [16.345703, 45.559583], [16.344395, 45.558589], [16.340345, 45.558484], [16.338576, 45.554696], [16.340936, 45.553625], [16.342693, 45.554231], [16.342995, 45.553753], [16.342828, 45.552697], [16.344158, 45.552424], [16.344564, 45.551931], [16.345418, 45.551641], [16.346099, 45.549688], [16.345532, 45.548495], [16.345529, 45.547423], [16.346079, 45.546676], [16.345449, 45.546166], [16.344983, 45.544992], [16.34378, 45.543954], [16.344265, 45.542552], [16.343607, 45.541763], [16.341898, 45.541061], [16.341751, 45.53957], [16.340672, 45.538103], [16.341127, 45.536785], [16.341114, 45.534297], [16.341968, 45.533133], [16.342026, 45.531764], [16.340777, 45.531483], [16.339327, 45.531848], [16.337387, 45.533558], [16.336535, 45.533902], [16.335856, 45.533864], [16.334217, 45.532833], [16.331769, 45.53407], [16.326813, 45.534298], [16.326667, 45.533935], [16.327211, 45.533767], [16.326253, 45.532689], [16.326789, 45.531926], [16.326658, 45.531086], [16.324468, 45.527605], [16.324671, 45.526703], [16.322274, 45.526415], [16.321474, 45.525802], [16.32052, 45.526086], [16.318864, 45.525587], [16.319218, 45.522516], [16.3179, 45.520355], [16.318754, 45.518935], [16.319105, 45.517309], [16.32068, 45.514986], [16.320609, 45.513843], [16.322525, 45.512607], [16.320728, 45.508227], [16.318882, 45.507283], [16.316312, 45.503489], [16.317387, 45.502496], [16.318971, 45.502337], [16.319231, 45.498893], [16.318107, 45.498961], [16.314964, 45.498008], [16.310532, 45.497145], [16.307719, 45.498978], [16.30606, 45.497664], [16.304608, 45.498831], [16.303954, 45.498562], [16.301658, 45.496396], [16.299622, 45.495547], [16.29788, 45.494053], [16.298219, 45.493505], [16.296354, 45.491605], [16.2959, 45.490078], [16.293402, 45.487397], [16.291398, 45.484484], [16.289475, 45.483721], [16.285977, 45.480745], [16.281547, 45.475675], [16.277742, 45.477443], [16.277853, 45.480382], [16.276871, 45.480649], [16.276533, 45.483156], [16.277572, 45.488375], [16.278224, 45.489313], [16.278883, 45.491724], [16.277957, 45.493965], [16.275606, 45.496898], [16.27712, 45.4982], [16.278342, 45.498469], [16.280288, 45.499515], [16.281891, 45.501328], [16.282209, 45.502723], [16.282995, 45.503651], [16.28395, 45.504115], [16.285395, 45.503905], [16.28614, 45.504338], [16.285339, 45.505436], [16.287155, 45.508056], [16.27889, 45.509559], [16.27235, 45.510263], [16.273317, 45.51391], [16.274496, 45.517609], [16.290091, 45.514529], [16.292852, 45.513264], [16.294168, 45.513739], [16.294254, 45.514299], [16.295506, 45.515125], [16.293334, 45.516046], [16.29359, 45.516703], [16.29948, 45.524799], [16.31652, 45.537501], [16.317264, 45.53763], [16.319569, 45.54125], [16.315175, 45.544859], [16.316192, 45.545756], [16.316989, 45.547329], [16.320034, 45.556654], [16.320374, 45.564157], [16.318572, 45.565798], [16.316288, 45.56709], [16.316379, 45.569727], [16.316934, 45.570184], [16.319476, 45.570959], [16.320782, 45.571834], [16.322362, 45.574062], [16.323375, 45.573902], [16.324467, 45.57312], [16.325778, 45.57103], [16.328063, 45.570359], [16.329153, 45.570382], [16.33072, 45.571051], [16.331973, 45.572776], [16.332726, 45.57323], [16.333868, 45.572973], [16.335573, 45.571744], [16.337096, 45.571255]]]}, "properties": {"id": 25, "razina": "naselje", "name": "Sela", "jls_name": "Sisak", "jls_maticni_broj": "03913", "zupanija": "Sisačko-moslavačka", "area_km2": 19.8356, "stanovnistvo": 886, "palette_idx": 0, "historical_zone": "Grad Sisak", "source": "DGU rpj:naselje"}}, {"type": "Feature", "id": 26, "geometry": {"type": "Polygon", "coordinates": [[[16.403194, 45.507736], [16.406223, 45.507842], [16.408469, 45.507439], [16.410693, 45.505955], [16.411029, 45.505308], [16.410794, 45.504079], [16.409247, 45.502438], [16.408371, 45.502038], [16.399209, 45.500341], [16.396449, 45.499203], [16.39524, 45.497686], [16.394995, 45.495762], [16.396718, 45.493448], [16.399809, 45.492193], [16.402732, 45.491749], [16.404752, 45.491802], [16.408399, 45.492434], [16.408529, 45.488875], [16.40973, 45.486568], [16.40901, 45.485888], [16.408866, 45.485142], [16.410974, 45.484656], [16.411728, 45.483447], [16.414848, 45.48182], [16.415585, 45.480669], [16.418713, 45.482564], [16.418559, 45.482824], [16.425698, 45.485333], [16.428701, 45.482303], [16.431055, 45.483254], [16.431993, 45.481737], [16.431561, 45.481627], [16.431756, 45.481311], [16.428018, 45.480474], [16.421362, 45.479294], [16.420699, 45.479474], [16.4203, 45.479112], [16.417661, 45.478653], [16.41889, 45.477364], [16.42074, 45.477501], [16.422132, 45.476836], [16.422186, 45.475474], [16.420112, 45.471222], [16.418467, 45.471718], [16.417524, 45.471106], [16.417301, 45.469062], [16.41615, 45.467037], [16.416883, 45.466601], [16.416539, 45.466016], [16.415101, 45.464585], [16.416815, 45.463611], [16.418039, 45.460879], [16.416906, 45.451079], [16.417683, 45.448771], [16.419108, 45.446851], [16.401269, 45.439522], [16.401743, 45.438428], [16.391826, 45.436268], [16.389503, 45.438474], [16.384627, 45.438079], [16.383433, 45.440365], [16.378366, 45.443181], [16.374236, 45.444102], [16.370339, 45.445667], [16.369114, 45.444711], [16.366413, 45.443801], [16.366271, 45.445146], [16.365196, 45.4459], [16.365488, 45.446369], [16.365091, 45.446924], [16.366368, 45.447737], [16.367655, 45.449293], [16.367795, 45.451179], [16.364929, 45.456671], [16.362639, 45.469569], [16.360467, 45.473759], [16.357361, 45.478394], [16.356385, 45.480724], [16.355337, 45.481929], [16.351695, 45.484953], [16.350411, 45.486858], [16.350494, 45.488847], [16.351294, 45.491724], [16.352241, 45.492851], [16.354753, 45.493789], [16.353697, 45.49538], [16.35214, 45.497549], [16.349722, 45.499558], [16.349416, 45.500615], [16.349266, 45.504461], [16.351546, 45.506566], [16.353423, 45.507214], [16.359049, 45.508202], [16.363704, 45.510275], [16.367399, 45.511215], [16.368748, 45.512107], [16.369296, 45.512068], [16.37367, 45.50975], [16.378866, 45.50914], [16.380765, 45.508619], [16.381531, 45.50905], [16.3825, 45.508529], [16.383624, 45.508969], [16.384462, 45.508831], [16.387108, 45.507689], [16.391499, 45.505171], [16.393875, 45.50449], [16.396137, 45.504635], [16.400101, 45.507103], [16.403194, 45.507736]]]}, "properties": {"id": 26, "razina": "naselje", "name": "Sisak", "jls_name": "Sisak", "jls_maticni_broj": "03913", "zupanija": "Sisačko-moslavačka", "area_km2": 32.0108, "stanovnistvo": 27859, "palette_idx": 0, "historical_zone": "Grad Sisak", "source": "DGU rpj:naselje"}}, {"type": "Feature", "id": 27, "geometry": {"type": "Polygon", "coordinates": [[[16.32737, 45.481692], [16.328373, 45.480942], [16.328164, 45.48053], [16.331785, 45.478459], [16.33236, 45.477623], [16.333698, 45.477095], [16.344268, 45.475106], [16.344374, 45.473484], [16.345376, 45.473526], [16.346124, 45.473913], [16.346826, 45.473389], [16.347965, 45.473815], [16.348395, 45.473542], [16.349031, 45.473646], [16.349225, 45.474654], [16.349898, 45.47429], [16.350473, 45.4744], [16.349979, 45.47391], [16.350764, 45.473705], [16.351565, 45.474929], [16.352481, 45.474455], [16.352743, 45.475164], [16.353626, 45.474196], [16.354235, 45.475031], [16.353646, 45.47547], [16.354261, 45.475846], [16.35376, 45.476258], [16.354635, 45.476564], [16.35592, 45.476355], [16.355909, 45.476899], [16.354357, 45.478521], [16.35439, 45.479427], [16.353804, 45.480339], [16.354241, 45.480584], [16.353847, 45.480983], [16.355337, 45.481929], [16.356385, 45.480724], [16.357361, 45.478394], [16.360467, 45.473759], [16.362639, 45.469569], [16.364929, 45.456671], [16.367795, 45.451179], [16.367655, 45.449293], [16.366368, 45.447737], [16.365091, 45.446924], [16.360587, 45.445296], [16.356814, 45.444882], [16.354114, 45.445015], [16.351418, 45.445736], [16.349482, 45.446773], [16.348197, 45.448587], [16.347733, 45.450564], [16.346384, 45.452792], [16.345091, 45.454065], [16.344048, 45.454649], [16.33775, 45.456718], [16.335994, 45.457819], [16.331793, 45.469512], [16.330412, 45.471581], [16.327752, 45.473008], [16.325622, 45.473231], [16.323621, 45.472651], [16.319848, 45.469659], [16.316714, 45.466075], [16.314086, 45.464444], [16.312502, 45.46401], [16.310039, 45.463753], [16.303766, 45.46521], [16.300504, 45.465558], [16.296663, 45.465403], [16.296363, 45.467879], [16.294981, 45.469721], [16.29458, 45.472377], [16.29401, 45.472827], [16.294451, 45.475385], [16.297861, 45.475825], [16.298336, 45.476979], [16.298812, 45.477072], [16.300755, 45.479341], [16.302041, 45.479962], [16.304047, 45.478832], [16.306493, 45.481423], [16.308918, 45.480899], [16.309232, 45.481331], [16.311687, 45.481401], [16.31208, 45.481797], [16.315361, 45.482136], [16.314936, 45.483542], [16.314192, 45.484475], [16.3155, 45.487505], [16.322444, 45.48465], [16.322826, 45.482566], [16.322493, 45.481472], [16.323366, 45.480425], [16.325466, 45.480786], [16.32737, 45.481692]]]}, "properties": {"id": 27, "razina": "naselje", "name": "Stara Drenčina", "jls_name": "Sisak", "jls_maticni_broj": "03913", "zupanija": "Sisačko-moslavačka", "area_km2": 11.2689, "stanovnistvo": 179, "palette_idx": 2, "historical_zone": "Grad Sisak", "source": "DGU rpj:naselje"}}, {"type": "Feature", "id": 28, "geometry": {"type": "Polygon", "coordinates": [[[16.353697, 45.49538], [16.354753, 45.493789], [16.352241, 45.492851], [16.351294, 45.491724], [16.350494, 45.488847], [16.350411, 45.486858], [16.351695, 45.484953], [16.355337, 45.481929], [16.353847, 45.480983], [16.354241, 45.480584], [16.353804, 45.480339], [16.35439, 45.479427], [16.354357, 45.478521], [16.355909, 45.476899], [16.35592, 45.476355], [16.354635, 45.476564], [16.35376, 45.476258], [16.354261, 45.475846], [16.353646, 45.47547], [16.354235, 45.475031], [16.353626, 45.474196], [16.352743, 45.475164], [16.352481, 45.474455], [16.351565, 45.474929], [16.350764, 45.473705], [16.349979, 45.47391], [16.350473, 45.4744], [16.349898, 45.47429], [16.349225, 45.474654], [16.349031, 45.473646], [16.348395, 45.473542], [16.347965, 45.473815], [16.346826, 45.473389], [16.346124, 45.473913], [16.345376, 45.473526], [16.344374, 45.473484], [16.344268, 45.475106], [16.333698, 45.477095], [16.33236, 45.477623], [16.331785, 45.478459], [16.328164, 45.48053], [16.328373, 45.480942], [16.32737, 45.481692], [16.328789, 45.482541], [16.328234, 45.483446], [16.328925, 45.484742], [16.330161, 45.485945], [16.329889, 45.486115], [16.3303, 45.486952], [16.331353, 45.488294], [16.332037, 45.488003], [16.332783, 45.488832], [16.333245, 45.490624], [16.332654, 45.491293], [16.334326, 45.493158], [16.333879, 45.49358], [16.333852, 45.494781], [16.333186, 45.495386], [16.333586, 45.495824], [16.334413, 45.495501], [16.335341, 45.497136], [16.335062, 45.500372], [16.34008, 45.49808], [16.34287, 45.497334], [16.353697, 45.49538]]]}, "properties": {"id": 28, "razina": "naselje", "name": "Staro Pračno", "jls_name": "Sisak", "jls_maticni_broj": "03913", "zupanija": "Sisačko-moslavačka", "area_km2": 4.105, "stanovnistvo": 721, "palette_idx": 4, "historical_zone": "Grad Sisak", "source": "DGU rpj:naselje"}}, {"type": "Feature", "id": 29, "geometry": {"type": "Polygon", "coordinates": [[[16.458486, 45.370314], [16.457425, 45.368124], [16.456454, 45.367705], [16.455089, 45.362989], [16.454211, 45.361879], [16.450691, 45.359326], [16.446646, 45.358357], [16.446055, 45.357605], [16.441852, 45.354943], [16.44056, 45.353758], [16.43939, 45.353507], [16.439184, 45.353069], [16.437881, 45.352474], [16.431272, 45.352207], [16.430177, 45.351737], [16.426047, 45.351306], [16.424976, 45.350774], [16.423998, 45.351133], [16.42057, 45.350939], [16.419112, 45.350325], [16.418661, 45.349312], [16.417296, 45.348041], [16.414974, 45.347622], [16.413635, 45.345649], [16.412353, 45.344906], [16.408174, 45.344764], [16.407183, 45.343336], [16.405976, 45.342929], [16.405637, 45.342304], [16.405222, 45.342144], [16.402984, 45.342532], [16.400778, 45.341889], [16.399647, 45.340967], [16.399684, 45.339485], [16.397364, 45.336888], [16.396094, 45.336642], [16.394813, 45.335989], [16.392529, 45.335909], [16.389683, 45.336635], [16.388477, 45.33739], [16.387189, 45.339863], [16.3866, 45.342418], [16.387563, 45.34334], [16.387388, 45.344684], [16.387598, 45.345037], [16.389001, 45.345083], [16.390982, 45.345635], [16.39442, 45.347697], [16.393393, 45.349891], [16.393702, 45.350342], [16.391946, 45.350951], [16.389707, 45.354676], [16.38773, 45.356004], [16.388354, 45.356314], [16.388565, 45.358842], [16.389106, 45.359337], [16.389459, 45.359195], [16.390522, 45.359662], [16.391996, 45.361041], [16.393257, 45.362826], [16.394257, 45.363442], [16.399859, 45.364074], [16.400053, 45.365903], [16.401085, 45.366098], [16.401109, 45.366548], [16.404804, 45.367347], [16.405028, 45.366949], [16.406007, 45.367034], [16.406341, 45.366539], [16.409675, 45.367895], [16.410105, 45.366784], [16.413435, 45.367672], [16.412887, 45.369962], [16.413413, 45.370964], [16.414036, 45.371153], [16.413524, 45.373093], [16.413971, 45.373222], [16.413874, 45.37371], [16.414275, 45.37376], [16.414273, 45.374691], [16.417009, 45.374733], [16.417049, 45.375298], [16.41862, 45.375477], [16.42242, 45.374934], [16.423093, 45.377059], [16.423737, 45.377543], [16.427305, 45.376688], [16.427429, 45.377127], [16.426992, 45.377515], [16.427564, 45.377743], [16.428834, 45.376498], [16.427316, 45.375948], [16.426912, 45.374959], [16.428252, 45.375824], [16.429639, 45.376102], [16.431699, 45.375558], [16.431656, 45.374506], [16.431071, 45.373361], [16.430537, 45.373083], [16.430446, 45.371882], [16.435743, 45.370469], [16.436181, 45.370764], [16.437123, 45.37301], [16.438077, 45.37299], [16.438742, 45.371726], [16.439612, 45.371061], [16.439548, 45.369911], [16.44148, 45.36958], [16.442145, 45.368426], [16.444775, 45.369915], [16.447478, 45.373382], [16.447823, 45.374974], [16.44849, 45.375458], [16.448851, 45.378391], [16.452626, 45.376178], [16.45365, 45.376143], [16.454719, 45.375469], [16.456923, 45.37353], [16.456656, 45.372979], [16.455438, 45.372553], [16.456604, 45.371313], [16.458486, 45.370314]]]}, "properties": {"id": 29, "razina": "naselje", "name": "Staro Selo", "jls_name": "Sisak", "jls_maticni_broj": "03913", "zupanija": "Sisačko-moslavačka", "area_km2": 12.6249, "stanovnistvo": 60, "palette_idx": 1, "historical_zone": "Grad Sisak", "source": "DGU rpj:naselje"}}, {"type": "Feature", "id": 30, "geometry": {"type": "Polygon", "coordinates": [[[16.340777, 45.531483], [16.340389, 45.529513], [16.340667, 45.521767], [16.339663, 45.52028], [16.33952, 45.518438], [16.337412, 45.515676], [16.336627, 45.513414], [16.3346, 45.513365], [16.333805, 45.512396], [16.333842, 45.506581], [16.333504, 45.505607], [16.331061, 45.505982], [16.330084, 45.503806], [16.335062, 45.500372], [16.335341, 45.497136], [16.334413, 45.495501], [16.333586, 45.495824], [16.333186, 45.495386], [16.333852, 45.494781], [16.333879, 45.49358], [16.334326, 45.493158], [16.332654, 45.491293], [16.333245, 45.490624], [16.332783, 45.488832], [16.332037, 45.488003], [16.331353, 45.488294], [16.3303, 45.486952], [16.329889, 45.486115], [16.330161, 45.485945], [16.328925, 45.484742], [16.328234, 45.483446], [16.328789, 45.482541], [16.32737, 45.481692], [16.325466, 45.480786], [16.323366, 45.480425], [16.322493, 45.481472], [16.322826, 45.482566], [16.322444, 45.48465], [16.322872, 45.485776], [16.320158, 45.488036], [16.322567, 45.49004], [16.323971, 45.490654], [16.32551, 45.49407], [16.322998, 45.495182], [16.323524, 45.495847], [16.320447, 45.497025], [16.320268, 45.498297], [16.319222, 45.498531], [16.319231, 45.498893], [16.318971, 45.502337], [16.317387, 45.502496], [16.316312, 45.503489], [16.318882, 45.507283], [16.320728, 45.508227], [16.322525, 45.512607], [16.320609, 45.513843], [16.32068, 45.514986], [16.319105, 45.517309], [16.318754, 45.518935], [16.3179, 45.520355], [16.319218, 45.522516], [16.318864, 45.525587], [16.32052, 45.526086], [16.321474, 45.525802], [16.322274, 45.526415], [16.324671, 45.526703], [16.324468, 45.527605], [16.326658, 45.531086], [16.326789, 45.531926], [16.326253, 45.532689], [16.327211, 45.533767], [16.326667, 45.533935], [16.326813, 45.534298], [16.331769, 45.53407], [16.334217, 45.532833], [16.335856, 45.533864], [16.336535, 45.533902], [16.337387, 45.533558], [16.339327, 45.531848], [16.340777, 45.531483]]]}, "properties": {"id": 30, "razina": "naselje", "name": "Stupno", "jls_name": "Sisak", "jls_maticni_broj": "03913", "zupanija": "Sisačko-moslavačka", "area_km2": 6.3558, "stanovnistvo": 427, "palette_idx": 1, "historical_zone": "Grad Sisak", "source": "DGU rpj:naselje"}}, {"type": "Feature", "id": 31, "geometry": {"type": "Polygon", "coordinates": [[[16.712592, 45.358846], [16.702523, 45.356241], [16.700318, 45.355233], [16.697944, 45.353821], [16.696863, 45.35271], [16.695305, 45.352054], [16.691619, 45.351757], [16.688669, 45.35278], [16.679767, 45.360181], [16.677641, 45.361331], [16.671346, 45.363968], [16.669981, 45.365142], [16.669786, 45.36646], [16.670012, 45.367275], [16.671171, 45.368154], [16.67642, 45.370471], [16.67862, 45.372138], [16.67945, 45.373584], [16.679538, 45.374995], [16.678628, 45.376975], [16.6809, 45.378065], [16.681878, 45.378981], [16.682871, 45.379197], [16.683043, 45.380132], [16.684725, 45.380314], [16.684609, 45.385548], [16.691262, 45.385355], [16.691885, 45.384532], [16.693007, 45.384242], [16.705118, 45.38783], [16.729992, 45.390398], [16.731259, 45.389674], [16.735017, 45.389412], [16.736038, 45.388846], [16.735553, 45.38693], [16.734351, 45.385468], [16.732704, 45.385092], [16.729906, 45.385419], [16.728611, 45.384656], [16.729478, 45.382678], [16.731761, 45.381553], [16.732017, 45.380815], [16.731328, 45.380454], [16.730603, 45.380521], [16.726792, 45.383089], [16.724584, 45.383467], [16.720885, 45.382572], [16.719702, 45.381451], [16.718793, 45.379778], [16.717773, 45.37904], [16.716251, 45.379098], [16.714398, 45.380771], [16.712679, 45.380952], [16.712314, 45.381434], [16.711901, 45.381098], [16.712255, 45.380706], [16.711754, 45.380077], [16.711799, 45.379368], [16.713613, 45.377883], [16.713804, 45.377348], [16.711939, 45.375026], [16.711474, 45.370446], [16.711966, 45.369119], [16.711802, 45.367412], [16.711294, 45.366963], [16.71023, 45.366898], [16.708645, 45.368068], [16.706692, 45.368864], [16.703678, 45.368373], [16.702545, 45.367403], [16.702254, 45.364195], [16.703114, 45.363791], [16.705716, 45.36437], [16.707592, 45.36384], [16.709, 45.362182], [16.709067, 45.361568], [16.711304, 45.36074], [16.712592, 45.358846]]]}, "properties": {"id": 31, "razina": "naselje", "name": "Suvoj", "jls_name": "Sisak", "jls_maticni_broj": "03913", "zupanija": "Sisačko-moslavačka", "area_km2": 10.0719, "stanovnistvo": 31, "palette_idx": 3, "historical_zone": "Grad Sisak", "source": "DGU rpj:naselje"}}, {"type": "Feature", "id": 32, "geometry": {"type": "Polygon", "coordinates": [[[16.541422, 45.483664], [16.541109, 45.48108], [16.540079, 45.480097], [16.53895, 45.47784], [16.537653, 45.477315], [16.536042, 45.477895], [16.535141, 45.477779], [16.534413, 45.477314], [16.533243, 45.477256], [16.530048, 45.477914], [16.523795, 45.474795], [16.523528, 45.473648], [16.523127, 45.473464], [16.520773, 45.473658], [16.514448, 45.470639], [16.511726, 45.46999], [16.508513, 45.47101], [16.499069, 45.471273], [16.499093, 45.466709], [16.496297, 45.466649], [16.484459, 45.470444], [16.481237, 45.465662], [16.480618, 45.463975], [16.477441, 45.459719], [16.476855, 45.459364], [16.475325, 45.460067], [16.474002, 45.459299], [16.471798, 45.461251], [16.470064, 45.461408], [16.466034, 45.459174], [16.466211, 45.458878], [16.46584, 45.459001], [16.464226, 45.456965], [16.460384, 45.45704], [16.45396, 45.449317], [16.449975, 45.445221], [16.45681, 45.437439], [16.46032, 45.435053], [16.455863, 45.434261], [16.44958, 45.436021], [16.446869, 45.436086], [16.440681, 45.435395], [16.43571, 45.435516], [16.43314, 45.436], [16.429411, 45.437301], [16.425438, 45.439766], [16.425753, 45.441583], [16.430399, 45.44396], [16.439503, 45.451934], [16.440414, 45.453452], [16.440212, 45.455529], [16.43918, 45.456214], [16.437679, 45.45642], [16.436091, 45.456144], [16.434412, 45.455295], [16.431705, 45.452568], [16.429878, 45.449363], [16.4274, 45.447716], [16.422196, 45.446653], [16.421029, 45.446685], [16.41986, 45.445837], [16.419108, 45.446851], [16.417683, 45.448771], [16.416906, 45.451079], [16.418039, 45.460879], [16.416815, 45.463611], [16.415101, 45.464585], [16.416539, 45.466016], [16.417614, 45.465356], [16.419137, 45.465247], [16.422715, 45.466842], [16.425677, 45.467138], [16.426309, 45.469556], [16.427098, 45.470804], [16.428712, 45.472296], [16.433334, 45.474735], [16.437446, 45.475414], [16.439653, 45.475099], [16.443014, 45.473683], [16.445111, 45.471461], [16.446312, 45.467823], [16.445807, 45.463418], [16.445133, 45.462039], [16.461467, 45.46264], [16.459853, 45.473382], [16.464695, 45.481785], [16.473698, 45.479386], [16.474594, 45.47935], [16.475623, 45.47999], [16.477042, 45.479718], [16.478438, 45.479016], [16.481546, 45.482594], [16.480256, 45.486013], [16.482765, 45.487185], [16.488091, 45.49091], [16.49036, 45.491634], [16.49112, 45.490977], [16.492981, 45.490819], [16.498391, 45.489373], [16.499053, 45.489557], [16.499402, 45.490314], [16.5008, 45.490367], [16.503333, 45.48975], [16.509453, 45.49118], [16.516713, 45.490706], [16.519999, 45.491022], [16.525401, 45.489699], [16.527655, 45.488738], [16.532415, 45.488145], [16.534136, 45.487156], [16.537164, 45.4842], [16.541422, 45.483664]]]}, "properties": {"id": 32, "razina": "naselje", "name": "Topolovac", "jls_name": "Sisak", "jls_maticni_broj": "03913", "zupanija": "Sisačko-moslavačka", "area_km2": 22.0739, "stanovnistvo": 742, "palette_idx": 3, "historical_zone": "Grad Sisak", "source": "DGU rpj:naselje"}}, {"type": "Feature", "id": 33, "geometry": {"type": "Polygon", "coordinates": [[[16.569129, 45.487577], [16.570349, 45.487143], [16.572466, 45.485254], [16.576186, 45.484989], [16.579613, 45.483496], [16.584714, 45.482289], [16.588195, 45.482146], [16.59305, 45.482489], [16.595199, 45.482211], [16.596901, 45.481196], [16.598062, 45.478316], [16.598931, 45.477767], [16.600184, 45.477844], [16.600724, 45.478223], [16.60241, 45.480564], [16.605234, 45.481152], [16.607377, 45.481022], [16.609006, 45.479547], [16.609662, 45.479412], [16.614922, 45.479975], [16.616644, 45.479607], [16.641453, 45.468203], [16.641252, 45.467681], [16.637749, 45.465905], [16.637671, 45.465527], [16.639303, 45.464132], [16.639419, 45.463568], [16.63671, 45.455033], [16.626333, 45.451182], [16.624115, 45.450919], [16.616512, 45.448511], [16.615557, 45.448643], [16.614554, 45.449392], [16.613629, 45.449252], [16.612009, 45.448551], [16.611533, 45.447692], [16.610596, 45.447713], [16.609338, 45.446968], [16.607799, 45.445343], [16.607842, 45.444576], [16.604439, 45.444459], [16.600237, 45.443799], [16.594388, 45.442276], [16.592983, 45.440744], [16.590971, 45.440475], [16.591287, 45.439826], [16.588186, 45.439592], [16.585727, 45.438879], [16.583104, 45.438797], [16.581464, 45.439086], [16.579955, 45.441535], [16.579102, 45.444401], [16.574987, 45.450723], [16.570414, 45.455136], [16.565339, 45.459247], [16.555777, 45.464191], [16.545807, 45.468532], [16.545069, 45.468527], [16.543719, 45.467755], [16.542208, 45.468851], [16.539462, 45.46809], [16.539048, 45.468283], [16.539081, 45.468662], [16.540883, 45.470728], [16.541121, 45.47179], [16.540623, 45.472471], [16.537783, 45.473437], [16.537653, 45.477315], [16.53895, 45.47784], [16.540079, 45.480097], [16.541109, 45.48108], [16.541422, 45.483664], [16.546583, 45.483526], [16.551973, 45.484242], [16.553585, 45.483858], [16.555364, 45.482875], [16.557164, 45.482779], [16.558518, 45.483266], [16.561373, 45.485006], [16.563222, 45.487106], [16.564804, 45.487434], [16.569129, 45.487577]]]}, "properties": {"id": 33, "razina": "naselje", "name": "Veliko Svinjičko", "jls_name": "Sisak", "jls_maticni_broj": "03913", "zupanija": "Sisačko-moslavačka", "area_km2": 24.8772, "stanovnistvo": 226, "palette_idx": 1, "historical_zone": "Grad Sisak", "source": "DGU rpj:naselje"}}, {"type": "Feature", "id": 34, "geometry": {"type": "Polygon", "coordinates": [[[16.276871, 45.480649], [16.277853, 45.480382], [16.277742, 45.477443], [16.281547, 45.475675], [16.282246, 45.474903], [16.284021, 45.474855], [16.285285, 45.474418], [16.286027, 45.473575], [16.292195, 45.47358], [16.29401, 45.472827], [16.29458, 45.472377], [16.294981, 45.469721], [16.296363, 45.467879], [16.296663, 45.465403], [16.288076, 45.464606], [16.272877, 45.461983], [16.271923, 45.4646], [16.270849, 45.466121], [16.270738, 45.467089], [16.271583, 45.469511], [16.273204, 45.481611], [16.276871, 45.480649]]]}, "properties": {"id": 34, "razina": "naselje", "name": "Vurot", "jls_name": "Sisak", "jls_maticni_broj": "03913", "zupanija": "Sisačko-moslavačka", "area_km2": 2.4922, "stanovnistvo": 112, "palette_idx": 1, "historical_zone": "Grad Sisak", "source": "DGU rpj:naselje"}}, {"type": "Feature", "id": 35, "geometry": {"type": "Polygon", "coordinates": [[[16.684779, 45.467199], [16.687134, 45.466558], [16.688008, 45.465645], [16.686616, 45.463818], [16.687467, 45.462942], [16.687435, 45.462398], [16.685435, 45.461938], [16.684942, 45.46155], [16.685402, 45.461154], [16.689326, 45.45994], [16.689681, 45.459039], [16.687995, 45.455564], [16.688891, 45.45312], [16.688791, 45.452372], [16.687832, 45.451453], [16.68489, 45.449791], [16.684356, 45.448577], [16.686224, 45.447119], [16.68741, 45.446862], [16.689533, 45.447277], [16.691171, 45.44708], [16.693037, 45.446536], [16.694099, 45.445546], [16.693108, 45.44283], [16.69265, 45.439037], [16.693337, 45.437442], [16.691672, 45.436111], [16.691412, 45.435445], [16.693371, 45.433714], [16.69432, 45.430886], [16.692751, 45.430321], [16.691431, 45.43085], [16.690103, 45.432275], [16.688665, 45.432311], [16.687107, 45.428653], [16.687907, 45.426717], [16.685762, 45.426644], [16.684881, 45.425818], [16.682898, 45.425992], [16.681672, 45.426763], [16.680888, 45.42783], [16.681284, 45.428426], [16.683154, 45.429581], [16.68309, 45.43037], [16.681377, 45.430778], [16.67836, 45.42991], [16.677253, 45.430136], [16.65288, 45.418658], [16.646626, 45.417007], [16.644992, 45.416982], [16.643052, 45.416187], [16.639955, 45.415549], [16.642433, 45.412284], [16.642246, 45.411168], [16.640746, 45.409487], [16.639559, 45.409425], [16.635918, 45.408021], [16.634956, 45.407518], [16.634992, 45.406817], [16.6284, 45.406771], [16.627743, 45.404999], [16.624322, 45.406054], [16.622737, 45.406182], [16.622452, 45.408423], [16.62149, 45.409081], [16.620231, 45.409187], [16.617589, 45.408509], [16.616701, 45.409754], [16.615182, 45.410876], [16.615541, 45.412166], [16.614721, 45.41433], [16.613275, 45.415551], [16.611544, 45.41487], [16.610118, 45.417061], [16.609059, 45.417311], [16.609576, 45.418482], [16.608363, 45.420928], [16.608504, 45.42249], [16.609416, 45.423179], [16.610935, 45.423517], [16.612807, 45.423439], [16.615094, 45.422844], [16.617302, 45.424932], [16.624983, 45.430017], [16.611588, 45.43678], [16.609844, 45.435185], [16.605886, 45.436473], [16.606381, 45.440211], [16.605617, 45.44329], [16.604439, 45.444459], [16.607842, 45.444576], [16.607799, 45.445343], [16.609338, 45.446968], [16.610596, 45.447713], [16.611533, 45.447692], [16.612009, 45.448551], [16.613629, 45.449252], [16.614554, 45.449392], [16.615557, 45.448643], [16.616512, 45.448511], [16.624115, 45.450919], [16.626333, 45.451182], [16.63671, 45.455033], [16.639419, 45.463568], [16.639303, 45.464132], [16.637671, 45.465527], [16.637749, 45.465905], [16.641252, 45.467681], [16.641453, 45.468203], [16.647161, 45.465602], [16.657251, 45.460949], [16.658326, 45.461247], [16.659804, 45.463038], [16.660732, 45.463384], [16.662096, 45.462114], [16.664116, 45.462242], [16.664437, 45.460855], [16.665289, 45.46037], [16.668071, 45.460869], [16.669604, 45.462594], [16.670103, 45.462528], [16.671809, 45.460859], [16.67256, 45.460562], [16.673027, 45.460831], [16.673282, 45.462191], [16.673713, 45.462422], [16.674382, 45.462303], [16.675283, 45.46152], [16.67945, 45.461609], [16.681576, 45.463827], [16.683811, 45.465193], [16.684057, 45.466693], [16.684779, 45.467199]]]}, "properties": {"id": 35, "razina": "naselje", "name": "Čigoč", "jls_name": "Sisak", "jls_maticni_broj": "03913", "zupanija": "Sisačko-moslavačka", "area_km2": 28.0074, "stanovnistvo": 53, "palette_idx": 3, "historical_zone": "Grad Sisak", "source": "DGU rpj:naselje"}}, {"type": "Feature", "id": 36, "geometry": {"type": "Polygon", "coordinates": [[[16.368559, 45.51285], [16.368748, 45.512107], [16.367399, 45.511215], [16.363704, 45.510275], [16.359049, 45.508202], [16.353423, 45.507214], [16.351546, 45.506566], [16.349266, 45.504461], [16.349416, 45.500615], [16.345293, 45.500424], [16.344948, 45.50231], [16.342991, 45.504066], [16.341884, 45.504247], [16.341772, 45.504822], [16.342244, 45.505276], [16.341659, 45.507436], [16.341745, 45.508953], [16.342628, 45.514893], [16.343477, 45.51571], [16.343849, 45.517534], [16.343354, 45.519337], [16.342521, 45.520665], [16.340667, 45.521767], [16.340389, 45.529513], [16.340777, 45.531483], [16.342026, 45.531764], [16.342919, 45.531569], [16.34446, 45.530307], [16.345863, 45.530083], [16.347395, 45.530267], [16.349164, 45.529249], [16.350662, 45.530076], [16.35153, 45.530048], [16.35194, 45.529349], [16.351244, 45.528175], [16.351307, 45.527465], [16.352483, 45.526871], [16.354912, 45.526664], [16.356532, 45.525914], [16.356876, 45.524701], [16.356418, 45.524219], [16.353359, 45.523407], [16.352887, 45.522043], [16.354398, 45.51989], [16.356939, 45.517871], [16.357857, 45.51524], [16.359452, 45.513544], [16.361106, 45.512985], [16.361721, 45.513107], [16.363505, 45.514325], [16.363952, 45.515515], [16.364944, 45.516065], [16.365926, 45.515579], [16.365371, 45.514113], [16.365798, 45.513443], [16.368559, 45.51285]]]}, "properties": {"id": 36, "razina": "naselje", "name": "Žabno", "jls_name": "Sisak", "jls_maticni_broj": "03913", "zupanija": "Sisačko-moslavačka", "area_km2": 3.5506, "stanovnistvo": 414, "palette_idx": 2, "historical_zone": "Grad Sisak", "source": "DGU rpj:naselje"}}, {"type": "Feature", "id": 37, "geometry": {"type": "Polygon", "coordinates": [[[16.465113, 45.401094], [16.464697, 45.400545], [16.464733, 45.399505], [16.465231, 45.398677], [16.464977, 45.398217], [16.465413, 45.397876], [16.464759, 45.397867], [16.465376, 45.397731], [16.465328, 45.397347], [16.46465, 45.397594], [16.464904, 45.397398], [16.463936, 45.397129], [16.464445, 45.396608], [16.46436, 45.396011], [16.463985, 45.396003], [16.464457, 45.395849], [16.464482, 45.395457], [16.46361, 45.394885], [16.464143, 45.3948], [16.463998, 45.394476], [16.463319, 45.394484], [16.463453, 45.394092], [16.462149, 45.393475], [16.461529, 45.393496], [16.46159, 45.393166], [16.46106, 45.393315], [16.460683, 45.393017], [16.461031, 45.392804], [16.459565, 45.391771], [16.459943, 45.391452], [16.459308, 45.391409], [16.45943, 45.390887], [16.45878, 45.390365], [16.457873, 45.390227], [16.457495, 45.390727], [16.457056, 45.390599], [16.456663, 45.390833], [16.456587, 45.3916], [16.456134, 45.391472], [16.455589, 45.391738], [16.455302, 45.391461], [16.454607, 45.391705], [16.45438, 45.391418], [16.452808, 45.391257], [16.452304, 45.39167], [16.449993, 45.39021], [16.449751, 45.389689], [16.449147, 45.389646], [16.449661, 45.389337], [16.449042, 45.388901], [16.449446, 45.387645], [16.451262, 45.386263], [16.451343, 45.385553], [16.450943, 45.384599], [16.449437, 45.383631], [16.449229, 45.382033], [16.449858, 45.380576], [16.448851, 45.378391], [16.44849, 45.375458], [16.447823, 45.374974], [16.447478, 45.373382], [16.444775, 45.369915], [16.442145, 45.368426], [16.44148, 45.36958], [16.439548, 45.369911], [16.439612, 45.371061], [16.438742, 45.371726], [16.438077, 45.37299], [16.437123, 45.37301], [16.436181, 45.370764], [16.435743, 45.370469], [16.430446, 45.371882], [16.430537, 45.373083], [16.431071, 45.373361], [16.431656, 45.374506], [16.431699, 45.375558], [16.429639, 45.376102], [16.428252, 45.375824], [16.426912, 45.374959], [16.427316, 45.375948], [16.428834, 45.376498], [16.427564, 45.377743], [16.426992, 45.377515], [16.427429, 45.377127], [16.427305, 45.376688], [16.423737, 45.377543], [16.423093, 45.377059], [16.42242, 45.374934], [16.41862, 45.375477], [16.417239, 45.380274], [16.415279, 45.382309], [16.416391, 45.38236], [16.418417, 45.383199], [16.419587, 45.384233], [16.419885, 45.385056], [16.42126, 45.385784], [16.421637, 45.385714], [16.422701, 45.386473], [16.422412, 45.387098], [16.424196, 45.388287], [16.427254, 45.387999], [16.42842, 45.387351], [16.430839, 45.387532], [16.432286, 45.387305], [16.43257, 45.387603], [16.432938, 45.387364], [16.433884, 45.387771], [16.436353, 45.387763], [16.436568, 45.387978], [16.437151, 45.387719], [16.438226, 45.387964], [16.439342, 45.388469], [16.439247, 45.388708], [16.440015, 45.388876], [16.440229, 45.389436], [16.440765, 45.389363], [16.440847, 45.38998], [16.442387, 45.390721], [16.442963, 45.393043], [16.442428, 45.394517], [16.440563, 45.395428], [16.43979, 45.39641], [16.439694, 45.396953], [16.440288, 45.396918], [16.44027, 45.397252], [16.439312, 45.399027], [16.439302, 45.399968], [16.440168, 45.401186], [16.440536, 45.401123], [16.440423, 45.401354], [16.440999, 45.401143], [16.441157, 45.401395], [16.441403, 45.401204], [16.441602, 45.40161], [16.442961, 45.401203], [16.444529, 45.402212], [16.445427, 45.402316], [16.445049, 45.403006], [16.446717, 45.403298], [16.447508, 45.402914], [16.447676, 45.403295], [16.448953, 45.402699], [16.448591, 45.402145], [16.449119, 45.401938], [16.448542, 45.401837], [16.448492, 45.401367], [16.449229, 45.401274], [16.449647, 45.401562], [16.451934, 45.400851], [16.452357, 45.401157], [16.452786, 45.401042], [16.452724, 45.401642], [16.453107, 45.401696], [16.453508, 45.400833], [16.454304, 45.40056], [16.453963, 45.400158], [16.454244, 45.400028], [16.456654, 45.401024], [16.457399, 45.400374], [16.457945, 45.401025], [16.458369, 45.400141], [16.458797, 45.400238], [16.459169, 45.400914], [16.459573, 45.40077], [16.459496, 45.40031], [16.460873, 45.400282], [16.461164, 45.400024], [16.46197, 45.400161], [16.462128, 45.399747], [16.463072, 45.400438], [16.46397, 45.400388], [16.46424, 45.401016], [16.465113, 45.401094]]]}, "properties": {"id": 37, "razina": "naselje", "name": "Bestrma", "jls_name": "Sunja", "jls_maticni_broj": "04260", "zupanija": "Sisačko-moslavačka", "area_km2": 6.1273, "stanovnistvo": 71, "palette_idx": 3, "historical_zone": "Sunja", "source": "DGU rpj:naselje"}}, {"type": "Feature", "id": 38, "geometry": {"type": "Polygon", "coordinates": [[[16.665911, 45.388616], [16.658148, 45.386556], [16.65731, 45.387634], [16.653388, 45.388128], [16.646836, 45.387357], [16.648183, 45.386805], [16.64888, 45.386829], [16.650698, 45.385872], [16.651254, 45.385156], [16.651186, 45.384394], [16.653041, 45.383806], [16.654265, 45.382181], [16.653757, 45.381674], [16.6474, 45.379237], [16.645401, 45.377823], [16.644765, 45.376587], [16.644837, 45.37552], [16.645605, 45.374327], [16.647644, 45.372827], [16.647348, 45.370962], [16.649404, 45.369761], [16.650557, 45.369654], [16.651472, 45.367621], [16.647325, 45.365577], [16.643599, 45.365092], [16.64138, 45.363971], [16.639279, 45.363791], [16.638904, 45.367465], [16.637077, 45.369297], [16.635388, 45.3694], [16.635177, 45.372692], [16.634279, 45.373574], [16.634082, 45.374817], [16.635192, 45.375081], [16.634845, 45.37619], [16.635255, 45.376604], [16.634197, 45.378373], [16.632962, 45.37814], [16.631912, 45.378283], [16.629177, 45.377026], [16.627482, 45.378915], [16.629302, 45.380311], [16.628727, 45.380604], [16.628577, 45.381951], [16.627366, 45.383523], [16.627431, 45.384637], [16.624019, 45.385308], [16.623128, 45.385936], [16.624543, 45.386817], [16.623139, 45.387136], [16.623488, 45.387497], [16.625261, 45.3874], [16.625358, 45.387865], [16.628421, 45.387663], [16.628864, 45.389048], [16.629849, 45.389759], [16.631012, 45.389968], [16.630973, 45.390644], [16.64012, 45.390907], [16.636862, 45.386561], [16.635819, 45.384569], [16.635915, 45.383176], [16.636342, 45.38256], [16.637083, 45.382129], [16.638302, 45.382093], [16.641701, 45.383157], [16.643222, 45.384583], [16.644297, 45.385836], [16.646269, 45.391082], [16.658554, 45.39164], [16.662158, 45.391398], [16.664297, 45.390439], [16.665911, 45.388616]]]}, "properties": {"id": 38, "razina": "naselje", "name": "Bistrač", "jls_name": "Sunja", "jls_maticni_broj": "04260", "zupanija": "Sisačko-moslavačka", "area_km2": 3.8715, "stanovnistvo": 36, "palette_idx": 3, "historical_zone": "Sunja", "source": "DGU rpj:naselje"}}, {"type": "Feature", "id": 39, "geometry": {"type": "Polygon", "coordinates": [[[16.441602, 45.40161], [16.441403, 45.401204], [16.441157, 45.401395], [16.440999, 45.401143], [16.440423, 45.401354], [16.440536, 45.401123], [16.440168, 45.401186], [16.439302, 45.399968], [16.439312, 45.399027], [16.44027, 45.397252], [16.440288, 45.396918], [16.439694, 45.396953], [16.43979, 45.39641], [16.440563, 45.395428], [16.442428, 45.394517], [16.442963, 45.393043], [16.442387, 45.390721], [16.440847, 45.38998], [16.440765, 45.389363], [16.440229, 45.389436], [16.440015, 45.388876], [16.439247, 45.388708], [16.439342, 45.388469], [16.438226, 45.387964], [16.437151, 45.387719], [16.436568, 45.387978], [16.436353, 45.387763], [16.433884, 45.387771], [16.432938, 45.387364], [16.43257, 45.387603], [16.432286, 45.387305], [16.430839, 45.387532], [16.42842, 45.387351], [16.427254, 45.387999], [16.424196, 45.388287], [16.422412, 45.387098], [16.422701, 45.386473], [16.421637, 45.385714], [16.42126, 45.385784], [16.419885, 45.385056], [16.419587, 45.384233], [16.418417, 45.383199], [16.416391, 45.38236], [16.415279, 45.382309], [16.415016, 45.383848], [16.416038, 45.386211], [16.416076, 45.389571], [16.418061, 45.391193], [16.419783, 45.391763], [16.417631, 45.392719], [16.416923, 45.393984], [16.414726, 45.395337], [16.415395, 45.396338], [16.416559, 45.39655], [16.416422, 45.396857], [16.41715, 45.396711], [16.417477, 45.39705], [16.418218, 45.396861], [16.418162, 45.396636], [16.419199, 45.396693], [16.419873, 45.39624], [16.420759, 45.39679], [16.421251, 45.396598], [16.421914, 45.397168], [16.422441, 45.397194], [16.422551, 45.398031], [16.42206, 45.398557], [16.422685, 45.398581], [16.422919, 45.399211], [16.422443, 45.399279], [16.422506, 45.399493], [16.423504, 45.399312], [16.42423, 45.400702], [16.42372, 45.401239], [16.424979, 45.401839], [16.42558, 45.402478], [16.426288, 45.402294], [16.426403, 45.402801], [16.427218, 45.402954], [16.427705, 45.40368], [16.428284, 45.403546], [16.428561, 45.404368], [16.429796, 45.404813], [16.42985, 45.405195], [16.430763, 45.404624], [16.431451, 45.405155], [16.431886, 45.40487], [16.432552, 45.404982], [16.432627, 45.404442], [16.433266, 45.404004], [16.433852, 45.404223], [16.434081, 45.404726], [16.434518, 45.404251], [16.435584, 45.404543], [16.43608, 45.403731], [16.437815, 45.403592], [16.437875, 45.402872], [16.438472, 45.402944], [16.438187, 45.402358], [16.439397, 45.401845], [16.440626, 45.402079], [16.441602, 45.40161]]]}, "properties": {"id": 39, "razina": "naselje", "name": "Blinjska Greda", "jls_name": "Sunja", "jls_maticni_broj": "04260", "zupanija": "Sisačko-moslavačka", "area_km2": 3.1471, "stanovnistvo": 18, "palette_idx": 4, "historical_zone": "Sunja", "source": "DGU rpj:naselje"}}, {"type": "Feature", "id": 40, "geometry": {"type": "Polygon", "coordinates": [[[16.678628, 45.376975], [16.679538, 45.374995], [16.67945, 45.373584], [16.67862, 45.372138], [16.67642, 45.370471], [16.671171, 45.368154], [16.670012, 45.367275], [16.669786, 45.36646], [16.669981, 45.365142], [16.671346, 45.363968], [16.677641, 45.361331], [16.673477, 45.358331], [16.670107, 45.356387], [16.670343, 45.356172], [16.66954, 45.355616], [16.670828, 45.353875], [16.669597, 45.353011], [16.67031, 45.351902], [16.670817, 45.347935], [16.671585, 45.345752], [16.66987, 45.341697], [16.670056, 45.339687], [16.670721, 45.339697], [16.672973, 45.338511], [16.67185, 45.337504], [16.670908, 45.337591], [16.668143, 45.336001], [16.666438, 45.336723], [16.66605, 45.33659], [16.66609, 45.335316], [16.66569, 45.334534], [16.657949, 45.334586], [16.657925, 45.334366], [16.657241, 45.334367], [16.652116, 45.324086], [16.650327, 45.321226], [16.650713, 45.320642], [16.653825, 45.321363], [16.654861, 45.319853], [16.654658, 45.319495], [16.653809, 45.319438], [16.652586, 45.318534], [16.652407, 45.317002], [16.652765, 45.316211], [16.652376, 45.314954], [16.650966, 45.315821], [16.649252, 45.315867], [16.648803, 45.315237], [16.647153, 45.315879], [16.646408, 45.315734], [16.641716, 45.315286], [16.638843, 45.321307], [16.639072, 45.321491], [16.634652, 45.328314], [16.63357, 45.328276], [16.633386, 45.328588], [16.629842, 45.334293], [16.627557, 45.337091], [16.625943, 45.33849], [16.625042, 45.337906], [16.624239, 45.33574], [16.62343, 45.334775], [16.621979, 45.334805], [16.619314, 45.335423], [16.6173, 45.337479], [16.613085, 45.339039], [16.611807, 45.339793], [16.611321, 45.341409], [16.612302, 45.34305], [16.612593, 45.345484], [16.618054, 45.346077], [16.619268, 45.345581], [16.620448, 45.344574], [16.622148, 45.341712], [16.62752, 45.342948], [16.63215, 45.343167], [16.637506, 45.342592], [16.642123, 45.34434], [16.644387, 45.343256], [16.646506, 45.340976], [16.647852, 45.341307], [16.649144, 45.342596], [16.644376, 45.352697], [16.640904, 45.360136], [16.639646, 45.361331], [16.639279, 45.363791], [16.64138, 45.363971], [16.643599, 45.365092], [16.647325, 45.365577], [16.651472, 45.367621], [16.650557, 45.369654], [16.649404, 45.369761], [16.647348, 45.370962], [16.647644, 45.372827], [16.645605, 45.374327], [16.644837, 45.37552], [16.644765, 45.376587], [16.645401, 45.377823], [16.6474, 45.379237], [16.653757, 45.381674], [16.654265, 45.382181], [16.653041, 45.383806], [16.651186, 45.384394], [16.651254, 45.385156], [16.650698, 45.385872], [16.64888, 45.386829], [16.648183, 45.386805], [16.646836, 45.387357], [16.653388, 45.388128], [16.65731, 45.387634], [16.658148, 45.386556], [16.665911, 45.388616], [16.666356, 45.387947], [16.666144, 45.386069], [16.663676, 45.382454], [16.663776, 45.381319], [16.665963, 45.380253], [16.668028, 45.379741], [16.675666, 45.378434], [16.678628, 45.376975]]]}, "properties": {"id": 40, "razina": "naselje", "name": "Bobovac", "jls_name": "Sunja", "jls_maticni_broj": "04260", "zupanija": "Sisačko-moslavačka", "area_km2": 16.8683, "stanovnistvo": 248, "palette_idx": 0, "historical_zone": "Sunja", "source": "DGU rpj:naselje"}}, {"type": "Feature", "id": 41, "geometry": {"type": "Polygon", "coordinates": [[[16.504113, 45.387975], [16.506624, 45.386133], [16.508534, 45.38285], [16.507709, 45.382205], [16.506484, 45.380026], [16.506085, 45.380171], [16.501955, 45.376081], [16.498694, 45.373694], [16.499738, 45.372923], [16.500355, 45.371715], [16.502524, 45.369506], [16.500202, 45.368838], [16.501647, 45.366508], [16.501238, 45.363515], [16.496572, 45.363313], [16.496541, 45.362684], [16.497426, 45.362549], [16.497865, 45.361987], [16.497432, 45.360324], [16.49551, 45.360289], [16.495651, 45.360708], [16.494651, 45.36149], [16.494666, 45.362631], [16.494325, 45.362677], [16.493614, 45.36428], [16.493284, 45.365422], [16.493627, 45.365656], [16.492961, 45.366411], [16.492512, 45.36646], [16.489083, 45.37062], [16.488225, 45.371052], [16.487441, 45.371099], [16.486438, 45.371745], [16.483384, 45.371833], [16.482748, 45.372124], [16.481203, 45.371436], [16.47996, 45.371619], [16.479916, 45.371264], [16.477809, 45.370431], [16.477195, 45.37068], [16.4749, 45.370648], [16.472451, 45.371388], [16.470323, 45.371053], [16.468287, 45.371208], [16.468955, 45.371721], [16.470866, 45.373479], [16.471673, 45.373703], [16.471922, 45.374613], [16.472768, 45.375572], [16.473927, 45.375883], [16.479123, 45.379605], [16.479707, 45.379645], [16.480305, 45.38077], [16.481691, 45.38115], [16.484396, 45.383212], [16.485863, 45.384746], [16.486596, 45.38498], [16.486688, 45.385658], [16.487196, 45.385613], [16.487861, 45.386057], [16.488113, 45.38567], [16.488376, 45.386009], [16.488801, 45.385807], [16.488674, 45.386324], [16.489316, 45.386082], [16.489832, 45.386647], [16.491184, 45.386364], [16.491184, 45.386146], [16.491723, 45.386453], [16.493018, 45.386534], [16.493282, 45.386946], [16.497371, 45.387413], [16.500797, 45.387213], [16.504113, 45.387975]]]}, "properties": {"id": 41, "razina": "naselje", "name": "Brđani Cesta", "jls_name": "Sunja", "jls_maticni_broj": "04260", "zupanija": "Sisačko-moslavačka", "area_km2": 4.2633, "stanovnistvo": 94, "palette_idx": 1, "historical_zone": "Sunja", "source": "DGU rpj:naselje"}}, {"type": "Feature", "id": 42, "geometry": {"type": "Polygon", "coordinates": [[[16.504113, 45.387975], [16.500797, 45.387213], [16.497371, 45.387413], [16.493282, 45.386946], [16.493018, 45.386534], [16.491723, 45.386453], [16.491184, 45.386146], [16.491184, 45.386364], [16.489832, 45.386647], [16.489316, 45.386082], [16.488674, 45.386324], [16.488801, 45.385807], [16.488376, 45.386009], [16.488113, 45.38567], [16.487861, 45.386057], [16.487196, 45.385613], [16.486688, 45.385658], [16.486596, 45.38498], [16.485863, 45.384746], [16.484396, 45.383212], [16.481691, 45.38115], [16.480305, 45.38077], [16.479707, 45.379645], [16.479123, 45.379605], [16.473927, 45.375883], [16.472768, 45.375572], [16.471922, 45.374613], [16.471673, 45.373703], [16.470866, 45.373479], [16.468955, 45.371721], [16.465234, 45.37329], [16.465663, 45.3739], [16.464069, 45.374259], [16.464819, 45.37437], [16.465125, 45.375251], [16.464722, 45.375595], [16.465219, 45.376173], [16.465739, 45.376245], [16.46599, 45.377405], [16.466613, 45.377561], [16.466511, 45.378218], [16.468087, 45.379302], [16.468259, 45.380649], [16.468838, 45.381406], [16.468807, 45.382418], [16.470068, 45.383247], [16.469516, 45.383908], [16.47021, 45.384247], [16.469302, 45.384324], [16.469603, 45.384802], [16.468809, 45.385056], [16.469531, 45.385264], [16.469323, 45.385665], [16.470532, 45.386843], [16.470411, 45.387613], [16.469171, 45.388226], [16.469142, 45.388824], [16.469393, 45.389089], [16.469852, 45.388932], [16.469949, 45.389295], [16.46959, 45.389888], [16.470533, 45.389858], [16.470706, 45.390077], [16.471363, 45.389803], [16.471501, 45.390504], [16.473024, 45.390888], [16.473076, 45.391223], [16.473881, 45.390815], [16.474158, 45.391224], [16.473846, 45.391425], [16.475568, 45.391212], [16.476027, 45.391498], [16.476325, 45.391305], [16.47585, 45.390988], [16.476308, 45.390879], [16.476429, 45.39125], [16.477052, 45.391256], [16.47694, 45.391701], [16.478714, 45.391342], [16.479137, 45.391702], [16.480115, 45.391129], [16.480176, 45.390678], [16.480923, 45.390841], [16.481561, 45.390091], [16.482319, 45.390679], [16.482242, 45.390129], [16.483033, 45.389975], [16.482803, 45.389518], [16.483791, 45.389712], [16.483693, 45.389248], [16.484, 45.389232], [16.484154, 45.389936], [16.484682, 45.389232], [16.484857, 45.389851], [16.48555, 45.389913], [16.485627, 45.389441], [16.48689, 45.390277], [16.487857, 45.390138], [16.487861, 45.39051], [16.48863, 45.390301], [16.488311, 45.390688], [16.489146, 45.391098], [16.489685, 45.392305], [16.492854, 45.394119], [16.492705, 45.395263], [16.492078, 45.395641], [16.49294, 45.396315], [16.492752, 45.396563], [16.494322, 45.397433], [16.493327, 45.398447], [16.493068, 45.399508], [16.493596, 45.400119], [16.497233, 45.401954], [16.496755, 45.403098], [16.49695, 45.404306], [16.498169, 45.404935], [16.499252, 45.406186], [16.500631, 45.407057], [16.50478, 45.409002], [16.506175, 45.411724], [16.519415, 45.409256], [16.521286, 45.408253], [16.523391, 45.405897], [16.521356, 45.404975], [16.519643, 45.405089], [16.519416, 45.40396], [16.518724, 45.403544], [16.51852, 45.402733], [16.515784, 45.40325], [16.515062, 45.402835], [16.514187, 45.403148], [16.51367, 45.402984], [16.512239, 45.401612], [16.512596, 45.401171], [16.511413, 45.400336], [16.509926, 45.397631], [16.508685, 45.397079], [16.508561, 45.396396], [16.50754, 45.396273], [16.506891, 45.395762], [16.507234, 45.394961], [16.506627, 45.394162], [16.506791, 45.393465], [16.507167, 45.39343], [16.50684, 45.393044], [16.507438, 45.391686], [16.507946, 45.391594], [16.5078, 45.390874], [16.506735, 45.390314], [16.507155, 45.389869], [16.507045, 45.389273], [16.504113, 45.387975]]]}, "properties": {"id": 42, "razina": "naselje", "name": "Brđani Kosa", "jls_name": "Sunja", "jls_maticni_broj": "04260", "zupanija": "Sisačko-moslavačka", "area_km2": 5.6711, "stanovnistvo": 69, "palette_idx": 3, "historical_zone": "Sunja", "source": "DGU rpj:naselje"}}, {"type": "Feature", "id": 43, "geometry": {"type": "Polygon", "coordinates": [[[16.729699, 45.331093], [16.724041, 45.330947], [16.721058, 45.331328], [16.711381, 45.333689], [16.703932, 45.334866], [16.694344, 45.335019], [16.700113, 45.341072], [16.700531, 45.340505], [16.702993, 45.339802], [16.704812, 45.340062], [16.707624, 45.339654], [16.709374, 45.34182], [16.707624, 45.343766], [16.708456, 45.344579], [16.709372, 45.344479], [16.711006, 45.346784], [16.712839, 45.346347], [16.714362, 45.346581], [16.721287, 45.349305], [16.723479, 45.351139], [16.724812, 45.353249], [16.724897, 45.354383], [16.724427, 45.355939], [16.723276, 45.357388], [16.722593, 45.357688], [16.722484, 45.35863], [16.721621, 45.358996], [16.721665, 45.359512], [16.722365, 45.359815], [16.722462, 45.362186], [16.734365, 45.36299], [16.737932, 45.364072], [16.740622, 45.364374], [16.742537, 45.364299], [16.743965, 45.363894], [16.740649, 45.356602], [16.736054, 45.351871], [16.735675, 45.350762], [16.739211, 45.350327], [16.740447, 45.346548], [16.742152, 45.346666], [16.744454, 45.344243], [16.747385, 45.342056], [16.747712, 45.340866], [16.750537, 45.336536], [16.745038, 45.334823], [16.744538, 45.335407], [16.733678, 45.331783], [16.729699, 45.331093]]]}, "properties": {"id": 43, "razina": "naselje", "name": "Crkveni Bok", "jls_name": "Sunja", "jls_maticni_broj": "04260", "zupanija": "Sisačko-moslavačka", "area_km2": 7.7469, "stanovnistvo": 75, "palette_idx": 2, "historical_zone": "Sunja", "source": "DGU rpj:naselje"}}, {"type": "Feature", "id": 44, "geometry": {"type": "Polygon", "coordinates": [[[16.598429, 45.409029], [16.595602, 45.409088], [16.592518, 45.410599], [16.591558, 45.407672], [16.590363, 45.408542], [16.586355, 45.409722], [16.58632, 45.409282], [16.583821, 45.409304], [16.583717, 45.408999], [16.577236, 45.40974], [16.576137, 45.409729], [16.575938, 45.409123], [16.574667, 45.408585], [16.571745, 45.413081], [16.573833, 45.414931], [16.577258, 45.419373], [16.578491, 45.420372], [16.581972, 45.421281], [16.583266, 45.421355], [16.586958, 45.420859], [16.589113, 45.420383], [16.591361, 45.419416], [16.594672, 45.416641], [16.597438, 45.413287], [16.598239, 45.411105], [16.598429, 45.409029]]]}, "properties": {"id": 44, "razina": "naselje", "name": "Donja Letina", "jls_name": "Sunja", "jls_maticni_broj": "04260", "zupanija": "Sisačko-moslavačka", "area_km2": 2.1001, "stanovnistvo": 20, "palette_idx": 3, "historical_zone": "Sunja", "source": "DGU rpj:naselje"}}, {"type": "Feature", "id": 45, "geometry": {"type": "Polygon", "coordinates": [[[16.61962, 45.356659], [16.619041, 45.354247], [16.615503, 45.351621], [16.611564, 45.353933], [16.608297, 45.353117], [16.608677, 45.35234], [16.607851, 45.350606], [16.608496, 45.349095], [16.597212, 45.343554], [16.596711, 45.34282], [16.594163, 45.340955], [16.596474, 45.339342], [16.594887, 45.338166], [16.59637, 45.337002], [16.595212, 45.336147], [16.592855, 45.335555], [16.588261, 45.333114], [16.586876, 45.331919], [16.584636, 45.331336], [16.584617, 45.330864], [16.583288, 45.331022], [16.583056, 45.331299], [16.582109, 45.33106], [16.581352, 45.329156], [16.580793, 45.329067], [16.580793, 45.328727], [16.57989, 45.328674], [16.580118, 45.328288], [16.579763, 45.328262], [16.579393, 45.327473], [16.57872, 45.327662], [16.579011, 45.327196], [16.578421, 45.326869], [16.578053, 45.327192], [16.577786, 45.327004], [16.578091, 45.326852], [16.577823, 45.326404], [16.577391, 45.326404], [16.577912, 45.326054], [16.577416, 45.326073], [16.576818, 45.325598], [16.576336, 45.325769], [16.576258, 45.324971], [16.574707, 45.324193], [16.574465, 45.323413], [16.573664, 45.323414], [16.573421, 45.32224], [16.572837, 45.322142], [16.572709, 45.321524], [16.571612, 45.320676], [16.571777, 45.320138], [16.571116, 45.319816], [16.571369, 45.319493], [16.570174, 45.319082], [16.569904, 45.317078], [16.57041, 45.315868], [16.568858, 45.314256], [16.568653, 45.312957], [16.569326, 45.311953], [16.56958, 45.312553], [16.569847, 45.312454], [16.569755, 45.311262], [16.57204, 45.311048], [16.573143, 45.310367], [16.573981, 45.310793], [16.574666, 45.310637], [16.575919, 45.308987], [16.575673, 45.308481], [16.576271, 45.308382], [16.577033, 45.308919], [16.578499, 45.308124], [16.578334, 45.307593], [16.579352, 45.307687], [16.57941, 45.306774], [16.581383, 45.306202], [16.580656, 45.304383], [16.579639, 45.303503], [16.579441, 45.302004], [16.578374, 45.301008], [16.578012, 45.300023], [16.576726, 45.301001], [16.576814, 45.301456], [16.575316, 45.302459], [16.575596, 45.302791], [16.575114, 45.303071], [16.575298, 45.303342], [16.574713, 45.303121], [16.57447, 45.303508], [16.574793, 45.303717], [16.574374, 45.303631], [16.574645, 45.303988], [16.574261, 45.303908], [16.574184, 45.304389], [16.573762, 45.304004], [16.573154, 45.304399], [16.571939, 45.306128], [16.572409, 45.30664], [16.571844, 45.307413], [16.571404, 45.307305], [16.569331, 45.308816], [16.567141, 45.309148], [16.566794, 45.310418], [16.56387, 45.311509], [16.562773, 45.312183], [16.563029, 45.312637], [16.562211, 45.312876], [16.561935, 45.312595], [16.56127, 45.312761], [16.560471, 45.311521], [16.559867, 45.3116], [16.560492, 45.312646], [16.561462, 45.313193], [16.559246, 45.314802], [16.557618, 45.315076], [16.557847, 45.315843], [16.556766, 45.315745], [16.557168, 45.317153], [16.556246, 45.317123], [16.556602, 45.317743], [16.559868, 45.319665], [16.554519, 45.320435], [16.55354, 45.32016], [16.552369, 45.32051], [16.552555, 45.321402], [16.550843, 45.321769], [16.551111, 45.322428], [16.550381, 45.322581], [16.550907, 45.324067], [16.549807, 45.324278], [16.549776, 45.323879], [16.548244, 45.323872], [16.548376, 45.324402], [16.547729, 45.324453], [16.548141, 45.326024], [16.545899, 45.326648], [16.547001, 45.327728], [16.548286, 45.330306], [16.543773, 45.331315], [16.544666, 45.332322], [16.544973, 45.33225], [16.545207, 45.333038], [16.545803, 45.333057], [16.547591, 45.333982], [16.548616, 45.333883], [16.549465, 45.334196], [16.548786, 45.335023], [16.548134, 45.335247], [16.548498, 45.33591], [16.548005, 45.336547], [16.548322, 45.336816], [16.547931, 45.337558], [16.548656, 45.338838], [16.548354, 45.339139], [16.54862, 45.339767], [16.544205, 45.341799], [16.540576, 45.344026], [16.541014, 45.34434], [16.542105, 45.34423], [16.543017, 45.343701], [16.543581, 45.343795], [16.544356, 45.345586], [16.544025, 45.346855], [16.544419, 45.347053], [16.545287, 45.346634], [16.546378, 45.346791], [16.546156, 45.347811], [16.544709, 45.348136], [16.545749, 45.34925], [16.547129, 45.34892], [16.548064, 45.348088], [16.548583, 45.348354], [16.54897, 45.349259], [16.551335, 45.349706], [16.552056, 45.350788], [16.553562, 45.350379], [16.555717, 45.350817], [16.558068, 45.347009], [16.558646, 45.346727], [16.558708, 45.347099], [16.55818, 45.347419], [16.558641, 45.348062], [16.560159, 45.348285], [16.559679, 45.348712], [16.55953, 45.348554], [16.559481, 45.34891], [16.559969, 45.34898], [16.560648, 45.348338], [16.560798, 45.349546], [16.561966, 45.349697], [16.56398, 45.348579], [16.565006, 45.348653], [16.567057, 45.346987], [16.568055, 45.347751], [16.571952, 45.346585], [16.576326, 45.349449], [16.57721, 45.348733], [16.576164, 45.348201], [16.578224, 45.346287], [16.580916, 45.347843], [16.581177, 45.347589], [16.58254, 45.348058], [16.583143, 45.348498], [16.582452, 45.349406], [16.585343, 45.350561], [16.588991, 45.351189], [16.592175, 45.353148], [16.595992, 45.358853], [16.598637, 45.359149], [16.602044, 45.360218], [16.604024, 45.363495], [16.606307, 45.362791], [16.609356, 45.360509], [16.611218, 45.360301], [16.611502, 45.359703], [16.612523, 45.359169], [16.614354, 45.359221], [16.614601, 45.358984], [16.614296, 45.35843], [16.614826, 45.357769], [16.616729, 45.357355], [16.617678, 45.356577], [16.618553, 45.356826], [16.618768, 45.356603], [16.61962, 45.356659]]]}, "properties": {"id": 45, "razina": "naselje", "name": "Donji Hrastovac", "jls_name": "Sunja", "jls_maticni_broj": "04260", "zupanija": "Sisačko-moslavačka", "area_km2": 13.9631, "stanovnistvo": 143, "palette_idx": 1, "historical_zone": "Sunja", "source": "DGU rpj:naselje"}}, {"type": "Feature", "id": 46, "geometry": {"type": "Polygon", "coordinates": [[[16.545277, 45.364935], [16.538979, 45.362866], [16.546231, 45.358227], [16.54599, 45.35672], [16.544542, 45.355745], [16.540683, 45.354399], [16.539955, 45.354547], [16.537957, 45.353702], [16.537927, 45.352778], [16.535852, 45.351788], [16.533537, 45.352671], [16.532196, 45.352684], [16.52927, 45.351205], [16.526933, 45.351358], [16.526566, 45.350906], [16.526567, 45.351166], [16.525978, 45.351327], [16.524396, 45.350956], [16.524009, 45.351309], [16.523068, 45.350572], [16.518336, 45.349276], [16.516041, 45.34805], [16.514604, 45.346448], [16.51333, 45.345885], [16.512047, 45.345773], [16.507534, 45.343523], [16.505684, 45.342913], [16.503549, 45.341389], [16.50252, 45.34103], [16.500308, 45.342052], [16.498016, 45.342281], [16.497625, 45.342951], [16.498172, 45.343759], [16.500468, 45.345068], [16.50427, 45.345839], [16.504049, 45.348556], [16.503458, 45.348804], [16.502846, 45.348519], [16.501401, 45.34907], [16.499604, 45.348528], [16.499018, 45.348776], [16.49739, 45.348345], [16.4967, 45.348473], [16.496127, 45.348281], [16.496036, 45.347858], [16.495776, 45.348336], [16.494981, 45.347812], [16.494057, 45.347757], [16.49394, 45.347363], [16.492299, 45.347583], [16.491539, 45.349645], [16.491278, 45.349588], [16.490765, 45.350251], [16.49105, 45.350481], [16.490317, 45.35102], [16.49105, 45.35168], [16.491492, 45.351588], [16.491536, 45.35206], [16.491019, 45.352163], [16.495866, 45.354792], [16.498078, 45.356893], [16.499309, 45.359537], [16.500252, 45.35952], [16.500029, 45.359858], [16.500318, 45.359992], [16.501286, 45.35917], [16.50093, 45.35984], [16.50136, 45.360015], [16.502162, 45.359205], [16.502915, 45.3597], [16.503171, 45.36102], [16.504019, 45.360998], [16.504789, 45.362159], [16.506227, 45.362749], [16.507064, 45.36272], [16.507178, 45.362356], [16.507995, 45.362035], [16.508502, 45.3621], [16.509847, 45.362589], [16.509578, 45.363179], [16.509909, 45.363237], [16.511377, 45.362406], [16.511367, 45.363645], [16.513156, 45.363368], [16.513611, 45.36363], [16.513897, 45.363122], [16.514497, 45.363952], [16.51517, 45.363668], [16.51607, 45.36412], [16.516669, 45.363704], [16.517331, 45.363981], [16.517279, 45.363289], [16.518428, 45.363537], [16.518148, 45.362961], [16.518621, 45.362658], [16.519328, 45.36245], [16.520035, 45.362917], [16.520256, 45.362574], [16.519873, 45.361962], [16.520374, 45.361651], [16.521626, 45.362097], [16.522068, 45.361899], [16.522053, 45.362543], [16.522908, 45.362366], [16.523173, 45.362989], [16.5236, 45.363082], [16.524528, 45.362823], [16.524867, 45.362127], [16.52559, 45.361973], [16.526828, 45.362537], [16.526764, 45.361458], [16.527984, 45.361283], [16.528537, 45.362123], [16.527525, 45.362683], [16.528694, 45.362957], [16.52878, 45.363725], [16.528325, 45.364358], [16.528943, 45.36453], [16.528651, 45.365099], [16.529697, 45.365463], [16.528685, 45.366159], [16.529969, 45.366143], [16.529441, 45.36666], [16.530197, 45.367492], [16.529962, 45.367875], [16.529316, 45.367684], [16.529346, 45.368224], [16.530183, 45.368695], [16.528974, 45.369434], [16.529409, 45.370235], [16.528175, 45.370687], [16.531908, 45.370193], [16.540823, 45.366969], [16.545277, 45.364935]]]}, "properties": {"id": 46, "razina": "naselje", "name": "Drljača", "jls_name": "Sunja", "jls_maticni_broj": "04260", "zupanija": "Sisačko-moslavačka", "area_km2": 6.3101, "stanovnistvo": 184, "palette_idx": 3, "historical_zone": "Sunja", "source": "DGU rpj:naselje"}}, {"type": "Feature", "id": 47, "geometry": {"type": "Polygon", "coordinates": [[[16.577236, 45.40974], [16.580937, 45.403056], [16.565238, 45.397164], [16.56172, 45.403798], [16.560406, 45.4033], [16.5585, 45.407383], [16.567879, 45.410709], [16.571745, 45.413081], [16.574667, 45.408585], [16.575938, 45.409123], [16.576137, 45.409729], [16.577236, 45.40974]]]}, "properties": {"id": 47, "razina": "naselje", "name": "Gornja Letina", "jls_name": "Sunja", "jls_maticni_broj": "04260", "zupanija": "Sisačko-moslavačka", "area_km2": 1.6691, "stanovnistvo": 54, "palette_idx": 2, "historical_zone": "Sunja", "source": "DGU rpj:naselje"}}, {"type": "Feature", "id": 48, "geometry": {"type": "Polygon", "coordinates": [[[16.5585, 45.407383], [16.560406, 45.4033], [16.56172, 45.403798], [16.565238, 45.397164], [16.561105, 45.395493], [16.560248, 45.396137], [16.557468, 45.393895], [16.556129, 45.393271], [16.554547, 45.396025], [16.552229, 45.395639], [16.551343, 45.396226], [16.549779, 45.396192], [16.548977, 45.396638], [16.542446, 45.392723], [16.538912, 45.391939], [16.538771, 45.392153], [16.536129, 45.391558], [16.534007, 45.391531], [16.532897, 45.391521], [16.531854, 45.395279], [16.52983, 45.397733], [16.530007, 45.40003], [16.531932, 45.399703], [16.534773, 45.399765], [16.540574, 45.400872], [16.548507, 45.403073], [16.5585, 45.407383]]]}, "properties": {"id": 48, "razina": "naselje", "name": "Gradusa Posavska", "jls_name": "Sunja", "jls_maticni_broj": "04260", "zupanija": "Sisačko-moslavačka", "area_km2": 2.4518, "stanovnistvo": 65, "palette_idx": 3, "historical_zone": "Sunja", "source": "DGU rpj:naselje"}}, {"type": "Feature", "id": 49, "geometry": {"type": "Polygon", "coordinates": [[[16.598429, 45.409029], [16.598314, 45.404084], [16.598626, 45.403209], [16.599481, 45.402265], [16.601745, 45.401093], [16.604058, 45.400771], [16.606721, 45.401203], [16.60924, 45.402102], [16.612305, 45.403729], [16.611326, 45.399715], [16.612861, 45.399616], [16.613281, 45.402604], [16.613575, 45.402932], [16.614886, 45.402955], [16.615731, 45.402638], [16.616107, 45.401071], [16.617089, 45.40028], [16.617035, 45.398859], [16.611744, 45.393111], [16.612274, 45.392929], [16.610208, 45.389145], [16.605425, 45.388878], [16.604188, 45.388508], [16.603439, 45.389684], [16.601782, 45.389767], [16.597398, 45.388091], [16.597319, 45.387584], [16.595098, 45.385623], [16.593481, 45.38484], [16.592025, 45.387217], [16.593542, 45.387587], [16.593092, 45.390539], [16.59093, 45.389928], [16.587741, 45.389768], [16.584084, 45.388952], [16.583927, 45.387916], [16.584685, 45.38625], [16.582324, 45.385086], [16.580739, 45.385087], [16.58054, 45.382], [16.574833, 45.380097], [16.573696, 45.379427], [16.573411, 45.379181], [16.573554, 45.377718], [16.571474, 45.377029], [16.570262, 45.376035], [16.570225, 45.374835], [16.568503, 45.374293], [16.567901, 45.373774], [16.567208, 45.372206], [16.564969, 45.371544], [16.563384, 45.371448], [16.556028, 45.368523], [16.545277, 45.364935], [16.540823, 45.366969], [16.531908, 45.370193], [16.528175, 45.370687], [16.527987, 45.371172], [16.527415, 45.370748], [16.527089, 45.370902], [16.527896, 45.372207], [16.526318, 45.372527], [16.526865, 45.373261], [16.52603, 45.374563], [16.527313, 45.375636], [16.527448, 45.376836], [16.528894, 45.379452], [16.528538, 45.380761], [16.529523, 45.3822], [16.529069, 45.383888], [16.52951, 45.384923], [16.53077, 45.386134], [16.533263, 45.387469], [16.534085, 45.38846], [16.534074, 45.38932], [16.533671, 45.389671], [16.53456, 45.389854], [16.534366, 45.390291], [16.535005, 45.390591], [16.534007, 45.391531], [16.536129, 45.391558], [16.538771, 45.392153], [16.538912, 45.391939], [16.542446, 45.392723], [16.548977, 45.396638], [16.549779, 45.396192], [16.551343, 45.396226], [16.552229, 45.395639], [16.554547, 45.396025], [16.556129, 45.393271], [16.557468, 45.393895], [16.560248, 45.396137], [16.561105, 45.395493], [16.565238, 45.397164], [16.580937, 45.403056], [16.577236, 45.40974], [16.583717, 45.408999], [16.583821, 45.409304], [16.58632, 45.409282], [16.586355, 45.409722], [16.590363, 45.408542], [16.591558, 45.407672], [16.592518, 45.410599], [16.595602, 45.409088], [16.598429, 45.409029]]]}, "properties": {"id": 49, "razina": "naselje", "name": "Greda Sunjska", "jls_name": "Sunja", "jls_maticni_broj": "04260", "zupanija": "Sisačko-moslavačka", "area_km2": 16.1197, "stanovnistvo": 278, "palette_idx": 1, "historical_zone": "Sunja", "source": "DGU rpj:naselje"}}, {"type": "Feature", "id": 50, "geometry": {"type": "Polygon", "coordinates": [[[16.773184, 45.348024], [16.775132, 45.347694], [16.775766, 45.346843], [16.775346, 45.345543], [16.773913, 45.34454], [16.767583, 45.342271], [16.765456, 45.34108], [16.764126, 45.339856], [16.763699, 45.33845], [16.764481, 45.337152], [16.771175, 45.332917], [16.775715, 45.331307], [16.779698, 45.331111], [16.782256, 45.331608], [16.786765, 45.333153], [16.789211, 45.333669], [16.790736, 45.332412], [16.790638, 45.326451], [16.787701, 45.319816], [16.78527, 45.316409], [16.780669, 45.31347], [16.77981, 45.312558], [16.779578, 45.310956], [16.780068, 45.308914], [16.781699, 45.307125], [16.78443, 45.305561], [16.792121, 45.302727], [16.794679, 45.301328], [16.795941, 45.299193], [16.79573, 45.293616], [16.76914, 45.29326], [16.730914, 45.292703], [16.729699, 45.331093], [16.733678, 45.331783], [16.744538, 45.335407], [16.745038, 45.334823], [16.750537, 45.336536], [16.747712, 45.340866], [16.747385, 45.342056], [16.744454, 45.344243], [16.742152, 45.346666], [16.740447, 45.346548], [16.739211, 45.350327], [16.735675, 45.350762], [16.736054, 45.351871], [16.740649, 45.356602], [16.743965, 45.363894], [16.748023, 45.362887], [16.755121, 45.36257], [16.757632, 45.361811], [16.753451, 45.355464], [16.752347, 45.35297], [16.753143, 45.350237], [16.754774, 45.34839], [16.756435, 45.347766], [16.758192, 45.347561], [16.761212, 45.348023], [16.767127, 45.347624], [16.773184, 45.348024]]]}, "properties": {"id": 50, "razina": "naselje", "name": "Ivanjski Bok", "jls_name": "Sunja", "jls_maticni_broj": "04260", "zupanija": "Sisačko-moslavačka", "area_km2": 24.8811, "stanovnistvo": 11, "palette_idx": 1, "historical_zone": "Sunja", "source": "DGU rpj:naselje"}}, {"type": "Feature", "id": 51, "geometry": {"type": "Polygon", "coordinates": [[[16.633386, 45.328588], [16.63357, 45.328276], [16.634652, 45.328314], [16.639072, 45.321491], [16.638843, 45.321307], [16.637267, 45.321003], [16.636965, 45.319809], [16.634743, 45.319431], [16.631591, 45.318091], [16.626071, 45.314901], [16.62628, 45.314294], [16.625525, 45.313601], [16.626329, 45.313092], [16.623022, 45.310126], [16.622357, 45.310937], [16.62065, 45.310606], [16.620344, 45.307514], [16.619156, 45.3067], [16.618774, 45.305184], [16.618119, 45.304844], [16.618178, 45.304116], [16.617185, 45.303558], [16.616348, 45.3023], [16.614969, 45.301694], [16.61435, 45.300404], [16.613248, 45.300391], [16.61262, 45.299905], [16.611522, 45.300089], [16.610192, 45.299648], [16.608625, 45.29841], [16.606595, 45.297534], [16.606076, 45.296329], [16.604621, 45.295777], [16.603646, 45.294768], [16.603299, 45.293617], [16.602776, 45.29367], [16.602169, 45.29328], [16.601797, 45.292939], [16.600704, 45.294039], [16.601027, 45.295027], [16.599183, 45.296009], [16.599611, 45.296276], [16.598411, 45.297482], [16.599479, 45.299079], [16.599795, 45.300945], [16.600829, 45.303087], [16.600817, 45.30407], [16.60286, 45.305045], [16.602535, 45.30566], [16.602902, 45.305809], [16.603421, 45.307639], [16.604351, 45.308087], [16.604482, 45.308483], [16.605509, 45.308678], [16.608018, 45.310678], [16.610251, 45.310716], [16.610224, 45.312307], [16.611989, 45.313089], [16.613353, 45.315922], [16.614564, 45.316894], [16.615685, 45.318669], [16.61772, 45.317425], [16.61849, 45.318014], [16.617427, 45.318695], [16.61809, 45.319597], [16.616975, 45.320103], [16.618448, 45.322187], [16.619522, 45.323036], [16.61957, 45.323639], [16.621312, 45.32525], [16.622597, 45.325976], [16.625752, 45.326629], [16.628475, 45.328016], [16.630092, 45.328186], [16.630066, 45.328515], [16.633386, 45.328588]]]}, "properties": {"id": 51, "razina": "naselje", "name": "Jasenovčani", "jls_name": "Sunja", "jls_maticni_broj": "04260", "zupanija": "Sisačko-moslavačka", "area_km2": 4.1533, "stanovnistvo": 14, "palette_idx": 3, "historical_zone": "Sunja", "source": "DGU rpj:naselje"}}, {"type": "Feature", "id": 52, "geometry": {"type": "Polygon", "coordinates": [[[16.468955, 45.371721], [16.468287, 45.371208], [16.467751, 45.368997], [16.46445, 45.367202], [16.463517, 45.36531], [16.460267, 45.368892], [16.458486, 45.370314], [16.456604, 45.371313], [16.455438, 45.372553], [16.456656, 45.372979], [16.456923, 45.37353], [16.454719, 45.375469], [16.45365, 45.376143], [16.452626, 45.376178], [16.448851, 45.378391], [16.449858, 45.380576], [16.449229, 45.382033], [16.449437, 45.383631], [16.450943, 45.384599], [16.451343, 45.385553], [16.451262, 45.386263], [16.449446, 45.387645], [16.449042, 45.388901], [16.449661, 45.389337], [16.449147, 45.389646], [16.449751, 45.389689], [16.449993, 45.39021], [16.452304, 45.39167], [16.452808, 45.391257], [16.45438, 45.391418], [16.454607, 45.391705], [16.455302, 45.391461], [16.455589, 45.391738], [16.456134, 45.391472], [16.456587, 45.3916], [16.456663, 45.390833], [16.457056, 45.390599], [16.457495, 45.390727], [16.457873, 45.390227], [16.45878, 45.390365], [16.45943, 45.390887], [16.459308, 45.391409], [16.459943, 45.391452], [16.459565, 45.391771], [16.461031, 45.392804], [16.460683, 45.393017], [16.46106, 45.393315], [16.46159, 45.393166], [16.461529, 45.393496], [16.462149, 45.393475], [16.463453, 45.394092], [16.463319, 45.394484], [16.463998, 45.394476], [16.464143, 45.3948], [16.46361, 45.394885], [16.464482, 45.395457], [16.464457, 45.395849], [16.463985, 45.396003], [16.46436, 45.396011], [16.464445, 45.396608], [16.463936, 45.397129], [16.464904, 45.397398], [16.46465, 45.397594], [16.465328, 45.397347], [16.465376, 45.397731], [16.464759, 45.397867], [16.465413, 45.397876], [16.464977, 45.398217], [16.465231, 45.398677], [16.464733, 45.399505], [16.464697, 45.400545], [16.465113, 45.401094], [16.465355, 45.401515], [16.465936, 45.401271], [16.465981, 45.401983], [16.46678, 45.401878], [16.467345, 45.402157], [16.467123, 45.402401], [16.467545, 45.402981], [16.470058, 45.402789], [16.471913, 45.403083], [16.472466, 45.402388], [16.473469, 45.402644], [16.47632, 45.40105], [16.477121, 45.402392], [16.480028, 45.403648], [16.481672, 45.40494], [16.482398, 45.406286], [16.483384, 45.406195], [16.483344, 45.405865], [16.49107, 45.405979], [16.491476, 45.406191], [16.491399, 45.406654], [16.489413, 45.407461], [16.489504, 45.407717], [16.490105, 45.408166], [16.490252, 45.407896], [16.490902, 45.407975], [16.492175, 45.407512], [16.493146, 45.408423], [16.493337, 45.409213], [16.496954, 45.410818], [16.500685, 45.4144], [16.506175, 45.411724], [16.50478, 45.409002], [16.500631, 45.407057], [16.499252, 45.406186], [16.498169, 45.404935], [16.49695, 45.404306], [16.496755, 45.403098], [16.497233, 45.401954], [16.493596, 45.400119], [16.493068, 45.399508], [16.493327, 45.398447], [16.494322, 45.397433], [16.492752, 45.396563], [16.49294, 45.396315], [16.492078, 45.395641], [16.492705, 45.395263], [16.492854, 45.394119], [16.489685, 45.392305], [16.489146, 45.391098], [16.488311, 45.390688], [16.48863, 45.390301], [16.487861, 45.39051], [16.487857, 45.390138], [16.48689, 45.390277], [16.485627, 45.389441], [16.48555, 45.389913], [16.484857, 45.389851], [16.484682, 45.389232], [16.484154, 45.389936], [16.484, 45.389232], [16.483693, 45.389248], [16.483791, 45.389712], [16.482803, 45.389518], [16.483033, 45.389975], [16.482242, 45.390129], [16.482319, 45.390679], [16.481561, 45.390091], [16.480923, 45.390841], [16.480176, 45.390678], [16.480115, 45.391129], [16.479137, 45.391702], [16.478714, 45.391342], [16.47694, 45.391701], [16.477052, 45.391256], [16.476429, 45.39125], [16.476308, 45.390879], [16.47585, 45.390988], [16.476325, 45.391305], [16.476027, 45.391498], [16.475568, 45.391212], [16.473846, 45.391425], [16.474158, 45.391224], [16.473881, 45.390815], [16.473076, 45.391223], [16.473024, 45.390888], [16.471501, 45.390504], [16.471363, 45.389803], [16.470706, 45.390077], [16.470533, 45.389858], [16.46959, 45.389888], [16.469949, 45.389295], [16.469852, 45.388932], [16.469393, 45.389089], [16.469142, 45.388824], [16.469171, 45.388226], [16.470411, 45.387613], [16.470532, 45.386843], [16.469323, 45.385665], [16.469531, 45.385264], [16.468809, 45.385056], [16.469603, 45.384802], [16.469302, 45.384324], [16.47021, 45.384247], [16.469516, 45.383908], [16.470068, 45.383247], [16.468807, 45.382418], [16.468838, 45.381406], [16.468259, 45.380649], [16.468087, 45.379302], [16.466511, 45.378218], [16.466613, 45.377561], [16.46599, 45.377405], [16.465739, 45.376245], [16.465219, 45.376173], [16.464722, 45.375595], [16.465125, 45.375251], [16.464819, 45.37437], [16.464069, 45.374259], [16.465663, 45.3739], [16.465234, 45.37329], [16.468955, 45.371721]]]}, "properties": {"id": 52, "razina": "naselje", "name": "Kinjačka", "jls_name": "Sunja", "jls_maticni_broj": "04260", "zupanija": "Sisačko-moslavačka", "area_km2": 7.2537, "stanovnistvo": 167, "palette_idx": 0, "historical_zone": "Sunja", "source": "DGU rpj:naselje"}}, {"type": "Feature", "id": 53, "geometry": {"type": "Polygon", "coordinates": [[[16.476157, 45.348957], [16.476434, 45.348789], [16.476008, 45.348298], [16.475254, 45.348197], [16.474638, 45.348464], [16.473879, 45.348113], [16.473891, 45.34731], [16.473555, 45.347604], [16.47273, 45.347418], [16.472589, 45.346812], [16.472093, 45.346593], [16.469716, 45.346555], [16.468359, 45.343808], [16.467582, 45.343704], [16.467207, 45.343911], [16.46453, 45.342615], [16.464187, 45.343294], [16.461957, 45.342788], [16.461569, 45.343119], [16.460481, 45.343005], [16.458761, 45.343513], [16.457766, 45.342746], [16.45711, 45.342693], [16.455623, 45.341487], [16.4556, 45.341032], [16.454098, 45.340447], [16.45212, 45.337426], [16.451084, 45.337557], [16.45153, 45.337265], [16.450474, 45.336834], [16.451178, 45.336564], [16.451521, 45.336016], [16.449408, 45.333595], [16.447971, 45.334962], [16.448511, 45.337698], [16.447556, 45.338585], [16.447026, 45.340975], [16.447675, 45.34149], [16.447492, 45.342234], [16.446047, 45.344296], [16.444207, 45.34526], [16.442062, 45.348675], [16.442561, 45.349911], [16.442559, 45.352087], [16.444019, 45.353352], [16.444643, 45.354705], [16.447647, 45.356148], [16.448564, 45.357207], [16.455199, 45.35915], [16.458108, 45.360383], [16.460505, 45.357934], [16.463646, 45.358063], [16.463646, 45.357582], [16.465308, 45.357647], [16.467021, 45.356302], [16.469806, 45.355191], [16.47014, 45.354758], [16.470925, 45.354648], [16.471185, 45.353122], [16.472156, 45.353058], [16.472634, 45.352598], [16.472308, 45.35248], [16.472468, 45.352235], [16.473606, 45.351556], [16.473963, 45.349695], [16.47496, 45.349083], [16.476157, 45.348957]]]}, "properties": {"id": 53, "razina": "naselje", "name": "Kladari", "jls_name": "Sunja", "jls_maticni_broj": "04260", "zupanija": "Sisačko-moslavačka", "area_km2": 3.9205, "stanovnistvo": 1, "palette_idx": 1, "historical_zone": "Sunja", "source": "DGU rpj:naselje"}}, {"type": "Feature", "id": 54, "geometry": {"type": "Polygon", "coordinates": [[[16.652376, 45.314954], [16.653069, 45.312698], [16.65375, 45.311355], [16.654284, 45.311102], [16.65425, 45.309772], [16.654656, 45.309381], [16.654164, 45.308999], [16.654538, 45.308284], [16.65674, 45.307736], [16.656889, 45.306071], [16.655656, 45.305831], [16.656392, 45.305364], [16.655692, 45.304765], [16.656974, 45.304423], [16.656717, 45.303491], [16.656031, 45.303537], [16.656002, 45.302483], [16.65431, 45.301375], [16.651646, 45.300759], [16.651499, 45.300291], [16.650681, 45.300254], [16.650947, 45.299172], [16.648919, 45.299045], [16.648584, 45.298788], [16.649115, 45.298471], [16.647923, 45.298132], [16.648276, 45.297776], [16.647761, 45.297702], [16.648227, 45.297497], [16.647708, 45.297373], [16.647724, 45.296828], [16.646388, 45.296994], [16.646183, 45.296621], [16.645515, 45.296791], [16.645862, 45.294605], [16.644735, 45.294166], [16.642278, 45.291804], [16.641401, 45.291492], [16.640777, 45.290187], [16.638741, 45.28913], [16.637491, 45.289159], [16.6354, 45.287293], [16.634306, 45.286933], [16.634025, 45.285881], [16.631117, 45.28731], [16.629236, 45.287013], [16.628538, 45.286607], [16.627568, 45.287094], [16.626956, 45.286512], [16.627428, 45.286172], [16.626576, 45.285863], [16.625794, 45.286428], [16.625381, 45.286217], [16.624737, 45.286648], [16.624343, 45.288144], [16.625842, 45.289186], [16.625877, 45.289532], [16.624183, 45.289558], [16.623287, 45.289116], [16.622294, 45.289196], [16.622078, 45.28882], [16.620925, 45.288518], [16.619136, 45.288507], [16.618508, 45.288587], [16.615669, 45.291116], [16.611799, 45.290121], [16.611121, 45.289183], [16.607948, 45.289624], [16.605983, 45.290434], [16.609488, 45.292344], [16.610987, 45.292712], [16.613553, 45.294517], [16.616822, 45.295466], [16.61724, 45.296137], [16.618545, 45.296322], [16.618483, 45.296589], [16.619692, 45.296476], [16.619703, 45.296729], [16.620124, 45.296728], [16.620083, 45.297166], [16.62082, 45.297336], [16.620747, 45.297685], [16.6214, 45.297766], [16.621796, 45.298674], [16.623428, 45.299281], [16.623313, 45.299697], [16.624418, 45.2998], [16.624314, 45.30023], [16.624714, 45.300245], [16.624462, 45.300453], [16.625388, 45.300586], [16.625294, 45.300972], [16.626651, 45.301216], [16.626815, 45.301997], [16.627651, 45.302309], [16.627659, 45.30258], [16.62788, 45.302319], [16.628494, 45.302564], [16.629047, 45.302344], [16.630061, 45.303036], [16.631353, 45.302857], [16.631724, 45.303253], [16.631204, 45.303778], [16.632803, 45.305173], [16.633263, 45.305788], [16.632998, 45.306161], [16.634131, 45.307108], [16.63501, 45.307355], [16.637595, 45.309584], [16.639744, 45.312045], [16.642002, 45.313038], [16.646408, 45.315734], [16.647153, 45.315879], [16.648803, 45.315237], [16.649252, 45.315867], [16.650966, 45.315821], [16.652376, 45.314954]]]}, "properties": {"id": 54, "razina": "naselje", "name": "Kostreši Šaški", "jls_name": "Sunja", "jls_maticni_broj": "04260", "zupanija": "Sisačko-moslavačka", "area_km2": 5.6641, "stanovnistvo": 43, "palette_idx": 1, "historical_zone": "Sunja", "source": "DGU rpj:naselje"}}, {"type": "Feature", "id": 55, "geometry": {"type": "Polygon", "coordinates": [[[16.595992, 45.358853], [16.587868, 45.358206], [16.587352, 45.359942], [16.582282, 45.360941], [16.579542, 45.363417], [16.579289, 45.364387], [16.581404, 45.364776], [16.580118, 45.367225], [16.589123, 45.369328], [16.592167, 45.369592], [16.596487, 45.370716], [16.599349, 45.366826], [16.599544, 45.365904], [16.60143, 45.365066], [16.602506, 45.364002], [16.604087, 45.363831], [16.604024, 45.363495], [16.602044, 45.360218], [16.598637, 45.359149], [16.595992, 45.358853]]]}, "properties": {"id": 55, "razina": "naselje", "name": "Krivaj Sunjski", "jls_name": "Sunja", "jls_maticni_broj": "04260", "zupanija": "Sisačko-moslavačka", "area_km2": 1.7405, "stanovnistvo": 97, "palette_idx": 3, "historical_zone": "Sunja", "source": "DGU rpj:naselje"}}, {"type": "Feature", "id": 56, "geometry": {"type": "Polygon", "coordinates": [[[16.468332, 45.331002], [16.468144, 45.331251], [16.466871, 45.330899], [16.464204, 45.330797], [16.462967, 45.329119], [16.462166, 45.326711], [16.461628, 45.326359], [16.460489, 45.326345], [16.459804, 45.325815], [16.458963, 45.324155], [16.455474, 45.323219], [16.453382, 45.323413], [16.451104, 45.322676], [16.449313, 45.320915], [16.447684, 45.320613], [16.44627, 45.319311], [16.445358, 45.319189], [16.445517, 45.321351], [16.445061, 45.321979], [16.446208, 45.323634], [16.445983, 45.323909], [16.446651, 45.324251], [16.446546, 45.32445], [16.446243, 45.324271], [16.445898, 45.325065], [16.448952, 45.326279], [16.448416, 45.327152], [16.451257, 45.329107], [16.450295, 45.329405], [16.450947, 45.331454], [16.450042, 45.332223], [16.450155, 45.332668], [16.449408, 45.333595], [16.451521, 45.336016], [16.451178, 45.336564], [16.450474, 45.336834], [16.45153, 45.337265], [16.451084, 45.337557], [16.45212, 45.337426], [16.454098, 45.340447], [16.4556, 45.341032], [16.455623, 45.341487], [16.45711, 45.342693], [16.457766, 45.342746], [16.458761, 45.343513], [16.460481, 45.343005], [16.461569, 45.343119], [16.461957, 45.342788], [16.464187, 45.343294], [16.46453, 45.342615], [16.467207, 45.343911], [16.467582, 45.343704], [16.467411, 45.343089], [16.46901, 45.342376], [16.469702, 45.342589], [16.47037, 45.342292], [16.470286, 45.341912], [16.471559, 45.341139], [16.470812, 45.340215], [16.46953, 45.34031], [16.468578, 45.337944], [16.469097, 45.33795], [16.469761, 45.337322], [16.469559, 45.336768], [16.469916, 45.335789], [16.470953, 45.335058], [16.470362, 45.334932], [16.471123, 45.334373], [16.471309, 45.333407], [16.470208, 45.332853], [16.470437, 45.332516], [16.468332, 45.331002]]]}, "properties": {"id": 56, "razina": "naselje", "name": "Mala Gradusa", "jls_name": "Sunja", "jls_maticni_broj": "04260", "zupanija": "Sisačko-moslavačka", "area_km2": 2.8529, "stanovnistvo": 5, "palette_idx": 3, "historical_zone": "Sunja", "source": "DGU rpj:naselje"}}, {"type": "Feature", "id": 57, "geometry": {"type": "Polygon", "coordinates": [[[16.499309, 45.359537], [16.498078, 45.356893], [16.495866, 45.354792], [16.491019, 45.352163], [16.491536, 45.35206], [16.491492, 45.351588], [16.49105, 45.35168], [16.490317, 45.35102], [16.49105, 45.350481], [16.490765, 45.350251], [16.491278, 45.349588], [16.491539, 45.349645], [16.492299, 45.347583], [16.49394, 45.347363], [16.494057, 45.347757], [16.494981, 45.347812], [16.495776, 45.348336], [16.496036, 45.347858], [16.496127, 45.348281], [16.4967, 45.348473], [16.49739, 45.348345], [16.499018, 45.348776], [16.499604, 45.348528], [16.501401, 45.34907], [16.502846, 45.348519], [16.503458, 45.348804], [16.504049, 45.348556], [16.50427, 45.345839], [16.500468, 45.345068], [16.498172, 45.343759], [16.497625, 45.342951], [16.498016, 45.342281], [16.500308, 45.342052], [16.50252, 45.34103], [16.504057, 45.340051], [16.506537, 45.340111], [16.506967, 45.33968], [16.508555, 45.339643], [16.507564, 45.333653], [16.507243, 45.333662], [16.507605, 45.333406], [16.50585, 45.333469], [16.505793, 45.333912], [16.504939, 45.334582], [16.504666, 45.334417], [16.503973, 45.33482], [16.502684, 45.334752], [16.498926, 45.333855], [16.496934, 45.331248], [16.495789, 45.331553], [16.493284, 45.330955], [16.491891, 45.331057], [16.490219, 45.330417], [16.487277, 45.330497], [16.485182, 45.329791], [16.483698, 45.330282], [16.48262, 45.330061], [16.482527, 45.330339], [16.481785, 45.330494], [16.47811, 45.329831], [16.476101, 45.328611], [16.47486, 45.329673], [16.469146, 45.330336], [16.469447, 45.330577], [16.468332, 45.331002], [16.470437, 45.332516], [16.470208, 45.332853], [16.471309, 45.333407], [16.471123, 45.334373], [16.470362, 45.334932], [16.470953, 45.335058], [16.469916, 45.335789], [16.469559, 45.336768], [16.469761, 45.337322], [16.469097, 45.33795], [16.468578, 45.337944], [16.46953, 45.34031], [16.470812, 45.340215], [16.471559, 45.341139], [16.470286, 45.341912], [16.47037, 45.342292], [16.469702, 45.342589], [16.46901, 45.342376], [16.467411, 45.343089], [16.467582, 45.343704], [16.468359, 45.343808], [16.469716, 45.346555], [16.472093, 45.346593], [16.472589, 45.346812], [16.47273, 45.347418], [16.473555, 45.347604], [16.473891, 45.34731], [16.473879, 45.348113], [16.474638, 45.348464], [16.475254, 45.348197], [16.476008, 45.348298], [16.476434, 45.348789], [16.476157, 45.348957], [16.477098, 45.349327], [16.476949, 45.349523], [16.477603, 45.349411], [16.477533, 45.349697], [16.478405, 45.349586], [16.478425, 45.349977], [16.478831, 45.349725], [16.479079, 45.350159], [16.480129, 45.350487], [16.480486, 45.350166], [16.481011, 45.350347], [16.480872, 45.350787], [16.481486, 45.350752], [16.481555, 45.351653], [16.482619, 45.352683], [16.482688, 45.353192], [16.483797, 45.353737], [16.484006, 45.355158], [16.485185, 45.354697], [16.485473, 45.35483], [16.484947, 45.355703], [16.485542, 45.355849], [16.485779, 45.357134], [16.486552, 45.35733], [16.487008, 45.356995], [16.488093, 45.357327], [16.488648, 45.357928], [16.489153, 45.357543], [16.489004, 45.35827], [16.489401, 45.358738], [16.490352, 45.358431], [16.490441, 45.35901], [16.491482, 45.358472], [16.491888, 45.358898], [16.492294, 45.358333], [16.493166, 45.358926], [16.493751, 45.35857], [16.494177, 45.359178], [16.494662, 45.359105], [16.494696, 45.359816], [16.495486, 45.35994], [16.49551, 45.360289], [16.497432, 45.360324], [16.498863, 45.360103], [16.498896, 45.359869], [16.499434, 45.360056], [16.499309, 45.359537]]]}, "properties": {"id": 57, "razina": "naselje", "name": "Mala Paukova", "jls_name": "Sunja", "jls_maticni_broj": "04260", "zupanija": "Sisačko-moslavačka", "area_km2": 6.2218, "stanovnistvo": 21, "palette_idx": 0, "historical_zone": "Sunja", "source": "DGU rpj:naselje"}}, {"type": "Feature", "id": 58, "geometry": {"type": "Polygon", "coordinates": [[[16.579289, 45.364387], [16.579542, 45.363417], [16.582282, 45.360941], [16.587352, 45.359942], [16.587868, 45.358206], [16.595992, 45.358853], [16.592175, 45.353148], [16.588991, 45.351189], [16.585343, 45.350561], [16.582452, 45.349406], [16.583143, 45.348498], [16.58254, 45.348058], [16.581177, 45.347589], [16.580916, 45.347843], [16.578224, 45.346287], [16.576164, 45.348201], [16.57721, 45.348733], [16.576326, 45.349449], [16.574551, 45.351545], [16.572516, 45.351078], [16.570755, 45.353392], [16.567571, 45.352721], [16.56744, 45.353454], [16.56783, 45.353944], [16.567582, 45.354364], [16.566605, 45.354575], [16.566606, 45.354978], [16.568055, 45.3551], [16.567818, 45.355955], [16.568381, 45.356358], [16.569218, 45.356538], [16.569963, 45.356123], [16.570229, 45.35687], [16.571042, 45.357477], [16.571688, 45.357453], [16.571117, 45.358253], [16.572538, 45.358344], [16.573027, 45.358758], [16.57364, 45.358553], [16.574668, 45.359084], [16.575736, 45.360408], [16.575296, 45.361235], [16.576574, 45.361398], [16.576857, 45.362076], [16.575675, 45.362909], [16.576484, 45.363608], [16.575834, 45.364132], [16.5758, 45.364697], [16.576578, 45.364828], [16.577751, 45.363976], [16.579289, 45.364387]]]}, "properties": {"id": 58, "razina": "naselje", "name": "Novoselci", "jls_name": "Sunja", "jls_maticni_broj": "04260", "zupanija": "Sisačko-moslavačka", "area_km2": 2.1196, "stanovnistvo": 28, "palette_idx": 2, "historical_zone": "Sunja", "source": "DGU rpj:naselje"}}, {"type": "Feature", "id": 59, "geometry": {"type": "Polygon", "coordinates": [[[16.646408, 45.315734], [16.642002, 45.313038], [16.639744, 45.312045], [16.637595, 45.309584], [16.63501, 45.307355], [16.634131, 45.307108], [16.632998, 45.306161], [16.633263, 45.305788], [16.632803, 45.305173], [16.631204, 45.303778], [16.631724, 45.303253], [16.631353, 45.302857], [16.630061, 45.303036], [16.629047, 45.302344], [16.628494, 45.302564], [16.62788, 45.302319], [16.627659, 45.30258], [16.627651, 45.302309], [16.626815, 45.301997], [16.626651, 45.301216], [16.625294, 45.300972], [16.625388, 45.300586], [16.624462, 45.300453], [16.624714, 45.300245], [16.624314, 45.30023], [16.624418, 45.2998], [16.623313, 45.299697], [16.623428, 45.299281], [16.621796, 45.298674], [16.6214, 45.297766], [16.620747, 45.297685], [16.62082, 45.297336], [16.620083, 45.297166], [16.620124, 45.296728], [16.619703, 45.296729], [16.619692, 45.296476], [16.618483, 45.296589], [16.618545, 45.296322], [16.61724, 45.296137], [16.616822, 45.295466], [16.613553, 45.294517], [16.610987, 45.292712], [16.609488, 45.292344], [16.605983, 45.290434], [16.604377, 45.291396], [16.604738, 45.292618], [16.604008, 45.292822], [16.602884, 45.292298], [16.602618, 45.293112], [16.602169, 45.29328], [16.602776, 45.29367], [16.603299, 45.293617], [16.603646, 45.294768], [16.604621, 45.295777], [16.606076, 45.296329], [16.606595, 45.297534], [16.608625, 45.29841], [16.610192, 45.299648], [16.611522, 45.300089], [16.61262, 45.299905], [16.613248, 45.300391], [16.61435, 45.300404], [16.614969, 45.301694], [16.616348, 45.3023], [16.617185, 45.303558], [16.618178, 45.304116], [16.618119, 45.304844], [16.618774, 45.305184], [16.619156, 45.3067], [16.620344, 45.307514], [16.62065, 45.310606], [16.622357, 45.310937], [16.623022, 45.310126], [16.626329, 45.313092], [16.625525, 45.313601], [16.62628, 45.314294], [16.626071, 45.314901], [16.631591, 45.318091], [16.634743, 45.319431], [16.636965, 45.319809], [16.637267, 45.321003], [16.638843, 45.321307], [16.641716, 45.315286], [16.646408, 45.315734]]]}, "properties": {"id": 59, "razina": "naselje", "name": "Papići", "jls_name": "Sunja", "jls_maticni_broj": "04260", "zupanija": "Sisačko-moslavačka", "area_km2": 3.2069, "stanovnistvo": 34, "palette_idx": 2, "historical_zone": "Sunja", "source": "DGU rpj:naselje"}}, {"type": "Feature", "id": 60, "geometry": {"type": "Polygon", "coordinates": [[[16.523391, 45.405897], [16.52614, 45.402473], [16.527328, 45.401427], [16.530007, 45.40003], [16.52983, 45.397733], [16.531854, 45.395279], [16.532897, 45.391521], [16.534007, 45.391531], [16.535005, 45.390591], [16.534366, 45.390291], [16.53456, 45.389854], [16.533671, 45.389671], [16.534074, 45.38932], [16.534085, 45.38846], [16.533263, 45.387469], [16.53077, 45.386134], [16.52951, 45.384923], [16.529069, 45.383888], [16.529523, 45.3822], [16.528538, 45.380761], [16.528894, 45.379452], [16.527448, 45.376836], [16.527313, 45.375636], [16.52603, 45.374563], [16.526865, 45.373261], [16.526318, 45.372527], [16.527896, 45.372207], [16.527089, 45.370902], [16.527415, 45.370748], [16.527987, 45.371172], [16.528175, 45.370687], [16.529409, 45.370235], [16.528974, 45.369434], [16.530183, 45.368695], [16.529346, 45.368224], [16.529316, 45.367684], [16.529962, 45.367875], [16.530197, 45.367492], [16.529441, 45.36666], [16.529969, 45.366143], [16.528685, 45.366159], [16.529697, 45.365463], [16.528651, 45.365099], [16.528943, 45.36453], [16.528325, 45.364358], [16.52878, 45.363725], [16.528694, 45.362957], [16.527525, 45.362683], [16.528537, 45.362123], [16.527984, 45.361283], [16.526764, 45.361458], [16.526828, 45.362537], [16.52559, 45.361973], [16.524867, 45.362127], [16.524528, 45.362823], [16.5236, 45.363082], [16.523173, 45.362989], [16.522908, 45.362366], [16.522053, 45.362543], [16.522068, 45.361899], [16.521626, 45.362097], [16.520374, 45.361651], [16.519873, 45.361962], [16.520256, 45.362574], [16.520035, 45.362917], [16.519328, 45.36245], [16.518621, 45.362658], [16.518148, 45.362961], [16.518428, 45.363537], [16.517279, 45.363289], [16.517331, 45.363981], [16.516669, 45.363704], [16.51607, 45.36412], [16.51517, 45.363668], [16.514497, 45.363952], [16.513897, 45.363122], [16.513611, 45.36363], [16.513156, 45.363368], [16.511367, 45.363645], [16.511377, 45.362406], [16.509909, 45.363237], [16.509578, 45.363179], [16.509847, 45.362589], [16.508502, 45.3621], [16.507995, 45.362035], [16.507178, 45.362356], [16.507064, 45.36272], [16.506227, 45.362749], [16.504789, 45.362159], [16.504019, 45.360998], [16.503171, 45.36102], [16.502915, 45.3597], [16.502162, 45.359205], [16.50136, 45.360015], [16.50093, 45.35984], [16.501286, 45.35917], [16.500318, 45.359992], [16.500029, 45.359858], [16.500252, 45.35952], [16.499309, 45.359537], [16.499434, 45.360056], [16.498896, 45.359869], [16.498863, 45.360103], [16.497432, 45.360324], [16.497865, 45.361987], [16.497426, 45.362549], [16.496541, 45.362684], [16.496572, 45.363313], [16.501238, 45.363515], [16.501647, 45.366508], [16.500202, 45.368838], [16.502524, 45.369506], [16.500355, 45.371715], [16.499738, 45.372923], [16.498694, 45.373694], [16.501955, 45.376081], [16.506085, 45.380171], [16.506484, 45.380026], [16.507709, 45.382205], [16.508534, 45.38285], [16.506624, 45.386133], [16.504113, 45.387975], [16.507045, 45.389273], [16.507155, 45.389869], [16.506735, 45.390314], [16.5078, 45.390874], [16.507946, 45.391594], [16.507438, 45.391686], [16.50684, 45.393044], [16.507167, 45.39343], [16.506791, 45.393465], [16.506627, 45.394162], [16.507234, 45.394961], [16.506891, 45.395762], [16.50754, 45.396273], [16.508561, 45.396396], [16.508685, 45.397079], [16.509926, 45.397631], [16.511413, 45.400336], [16.512596, 45.401171], [16.512239, 45.401612], [16.51367, 45.402984], [16.514187, 45.403148], [16.515062, 45.402835], [16.515784, 45.40325], [16.51852, 45.402733], [16.518724, 45.403544], [16.519416, 45.40396], [16.519643, 45.405089], [16.521356, 45.404975], [16.523391, 45.405897]]]}, "properties": {"id": 60, "razina": "naselje", "name": "Petrinjci", "jls_name": "Sunja", "jls_maticni_broj": "04260", "zupanija": "Sisačko-moslavačka", "area_km2": 8.8452, "stanovnistvo": 137, "palette_idx": 2, "historical_zone": "Sunja", "source": "DGU rpj:naselje"}}, {"type": "Feature", "id": 61, "geometry": {"type": "Polygon", "coordinates": [[[16.619771, 45.331173], [16.6191, 45.330697], [16.619177, 45.329573], [16.616507, 45.32873], [16.613655, 45.328444], [16.611054, 45.327641], [16.61044, 45.327116], [16.61092, 45.326871], [16.610057, 45.32571], [16.610592, 45.32528], [16.608444, 45.323484], [16.607231, 45.321825], [16.604769, 45.320575], [16.604253, 45.319426], [16.602111, 45.317732], [16.601514, 45.317406], [16.599817, 45.317296], [16.599739, 45.316558], [16.59703, 45.315171], [16.596391, 45.314226], [16.595413, 45.314148], [16.594861, 45.311168], [16.593701, 45.310416], [16.592717, 45.308807], [16.591847, 45.308746], [16.590551, 45.307586], [16.590184, 45.307746], [16.587289, 45.306506], [16.58628, 45.306448], [16.585096, 45.305747], [16.583935, 45.305692], [16.583066, 45.305212], [16.581383, 45.306202], [16.57941, 45.306774], [16.579352, 45.307687], [16.578334, 45.307593], [16.578499, 45.308124], [16.577033, 45.308919], [16.576271, 45.308382], [16.575673, 45.308481], [16.575919, 45.308987], [16.576517, 45.309882], [16.578194, 45.310694], [16.578209, 45.311318], [16.579839, 45.313301], [16.58239, 45.314453], [16.582738, 45.314335], [16.582818, 45.314591], [16.583892, 45.314656], [16.584175, 45.314426], [16.584618, 45.314646], [16.584336, 45.315209], [16.58483, 45.315577], [16.585562, 45.315584], [16.586155, 45.316181], [16.587862, 45.316196], [16.588304, 45.317235], [16.591971, 45.32133], [16.593178, 45.320756], [16.594247, 45.322038], [16.593824, 45.322608], [16.598096, 45.324326], [16.59834, 45.324096], [16.599514, 45.324898], [16.598841, 45.325308], [16.599585, 45.325733], [16.598697, 45.326588], [16.603013, 45.329183], [16.602654, 45.329462], [16.603921, 45.330271], [16.606105, 45.331301], [16.607356, 45.329679], [16.608623, 45.330119], [16.609123, 45.330921], [16.611418, 45.330094], [16.61363, 45.333129], [16.618381, 45.331142], [16.619771, 45.331173]]]}, "properties": {"id": 61, "razina": "naselje", "name": "Pobrđani", "jls_name": "Sunja", "jls_maticni_broj": "04260", "zupanija": "Sisačko-moslavačka", "area_km2": 2.9111, "stanovnistvo": 12, "palette_idx": 0, "historical_zone": "Sunja", "source": "DGU rpj:naselje"}}, {"type": "Feature", "id": 62, "geometry": {"type": "Polygon", "coordinates": [[[16.536592, 45.332944], [16.535755, 45.331599], [16.536094, 45.330684], [16.537583, 45.330228], [16.537819, 45.329643], [16.535526, 45.327925], [16.534749, 45.328185], [16.533708, 45.327786], [16.533378, 45.326876], [16.535197, 45.325783], [16.53492, 45.324742], [16.535486, 45.323841], [16.53509, 45.322652], [16.535485, 45.321807], [16.534707, 45.321092], [16.535246, 45.320077], [16.536991, 45.319153], [16.536818, 45.318642], [16.535302, 45.317742], [16.535291, 45.316321], [16.534822, 45.315694], [16.531113, 45.314421], [16.527865, 45.316903], [16.524341, 45.318242], [16.522049, 45.318025], [16.519407, 45.318208], [16.515663, 45.31716], [16.510315, 45.317099], [16.506976, 45.318787], [16.507703, 45.319658], [16.508072, 45.321057], [16.509768, 45.322454], [16.510576, 45.322686], [16.510915, 45.32424], [16.50933, 45.324514], [16.508971, 45.325196], [16.50937, 45.32559], [16.509221, 45.326082], [16.510407, 45.327009], [16.511056, 45.330053], [16.511784, 45.330277], [16.511814, 45.333461], [16.51281, 45.333771], [16.513063, 45.334597], [16.513339, 45.334403], [16.513879, 45.334743], [16.514477, 45.334565], [16.514511, 45.334905], [16.515373, 45.334451], [16.515235, 45.334759], [16.515971, 45.334954], [16.517108, 45.334645], [16.517097, 45.335083], [16.518342, 45.335051], [16.518469, 45.334719], [16.519273, 45.334759], [16.519043, 45.334476], [16.519905, 45.334313], [16.520365, 45.333665], [16.523364, 45.333746], [16.52451, 45.333386], [16.524179, 45.333164], [16.52455, 45.333118], [16.525018, 45.333647], [16.52568, 45.332908], [16.526836, 45.332566], [16.527974, 45.332902], [16.528103, 45.33264], [16.5282, 45.332839], [16.529369, 45.332435], [16.532035, 45.333567], [16.53519, 45.33364], [16.535807, 45.335861], [16.536081, 45.335133], [16.537388, 45.334728], [16.536592, 45.332944]]]}, "properties": {"id": 62, "razina": "naselje", "name": "Radonja Luka", "jls_name": "Sunja", "jls_maticni_broj": "04260", "zupanija": "Sisačko-moslavačka", "area_km2": 3.7816, "stanovnistvo": 30, "palette_idx": 0, "historical_zone": "Sunja", "source": "DGU rpj:naselje"}}, {"type": "Feature", "id": 63, "geometry": {"type": "Polygon", "coordinates": [[[16.627426, 45.391186], [16.627088, 45.390273], [16.623358, 45.390565], [16.622856, 45.39005], [16.622018, 45.39046], [16.618886, 45.387802], [16.616441, 45.388974], [16.61414, 45.388927], [16.613784, 45.388279], [16.613172, 45.388183], [16.613425, 45.386776], [16.610707, 45.386573], [16.610208, 45.389145], [16.612274, 45.392929], [16.611744, 45.393111], [16.617035, 45.398859], [16.617089, 45.40028], [16.616107, 45.401071], [16.615731, 45.402638], [16.614886, 45.402955], [16.613575, 45.402932], [16.613281, 45.402604], [16.612861, 45.399616], [16.611326, 45.399715], [16.612305, 45.403729], [16.616301, 45.407824], [16.617589, 45.408509], [16.620231, 45.409187], [16.62149, 45.409081], [16.622452, 45.408423], [16.622737, 45.406182], [16.6214, 45.401594], [16.621486, 45.399325], [16.623272, 45.39502], [16.624306, 45.393454], [16.625207, 45.39243], [16.627426, 45.391186]]]}, "properties": {"id": 63, "razina": "naselje", "name": "Selišće Sunjsko", "jls_name": "Sunja", "jls_maticni_broj": "04260", "zupanija": "Sisačko-moslavačka", "area_km2": 1.6144, "stanovnistvo": 20, "palette_idx": 2, "historical_zone": "Sunja", "source": "DGU rpj:naselje"}}, {"type": "Feature", "id": 64, "geometry": {"type": "Polygon", "coordinates": [[[16.447971, 45.334962], [16.44651, 45.333926], [16.445714, 45.332831], [16.443695, 45.333558], [16.442243, 45.333573], [16.441324, 45.332956], [16.438322, 45.333924], [16.436809, 45.335024], [16.436591, 45.33554], [16.434166, 45.336587], [16.433371, 45.337988], [16.432267, 45.338715], [16.431294, 45.339093], [16.429675, 45.338557], [16.427835, 45.339581], [16.425368, 45.340179], [16.425367, 45.340748], [16.423927, 45.341988], [16.423221, 45.343311], [16.420196, 45.345109], [16.419406, 45.347459], [16.41855, 45.347676], [16.418661, 45.349312], [16.419112, 45.350325], [16.42057, 45.350939], [16.423998, 45.351133], [16.424976, 45.350774], [16.426047, 45.351306], [16.430177, 45.351737], [16.431272, 45.352207], [16.437881, 45.352474], [16.439184, 45.353069], [16.43939, 45.353507], [16.44056, 45.353758], [16.441852, 45.354943], [16.446055, 45.357605], [16.446646, 45.358357], [16.450691, 45.359326], [16.454211, 45.361879], [16.456076, 45.360599], [16.458108, 45.360383], [16.455199, 45.35915], [16.448564, 45.357207], [16.447647, 45.356148], [16.444643, 45.354705], [16.444019, 45.353352], [16.442559, 45.352087], [16.442561, 45.349911], [16.442062, 45.348675], [16.444207, 45.34526], [16.446047, 45.344296], [16.447492, 45.342234], [16.447675, 45.34149], [16.447026, 45.340975], [16.447556, 45.338585], [16.448511, 45.337698], [16.447971, 45.334962]]]}, "properties": {"id": 64, "razina": "naselje", "name": "Sjeverovac", "jls_name": "Sunja", "jls_maticni_broj": "04260", "zupanija": "Sisačko-moslavačka", "area_km2": 3.5254, "stanovnistvo": 21, "palette_idx": 0, "historical_zone": "Sunja", "source": "DGU rpj:naselje"}}, {"type": "Feature", "id": 65, "geometry": {"type": "Polygon", "coordinates": [[[16.685226, 45.303376], [16.687389, 45.303017], [16.689783, 45.300787], [16.691605, 45.296499], [16.692243, 45.295883], [16.689822, 45.294464], [16.690881, 45.292684], [16.690133, 45.292255], [16.689688, 45.292852], [16.688799, 45.292788], [16.685721, 45.291328], [16.684969, 45.29187], [16.683766, 45.29106], [16.680371, 45.292901], [16.680032, 45.293373], [16.678924, 45.29354], [16.679188, 45.294238], [16.677464, 45.294993], [16.674466, 45.291898], [16.675551, 45.290307], [16.674435, 45.28901], [16.674718, 45.288919], [16.674348, 45.288329], [16.672336, 45.289763], [16.671513, 45.289865], [16.671057, 45.289274], [16.670178, 45.289456], [16.67039, 45.288985], [16.669212, 45.288957], [16.669878, 45.288545], [16.669648, 45.287705], [16.670639, 45.287093], [16.670426, 45.286782], [16.669532, 45.286824], [16.668898, 45.286111], [16.668408, 45.286023], [16.668173, 45.286991], [16.666263, 45.286693], [16.666622, 45.287511], [16.666125, 45.28732], [16.665674, 45.288297], [16.664666, 45.288385], [16.663737, 45.287345], [16.664231, 45.28647], [16.662981, 45.286395], [16.663613, 45.285548], [16.662145, 45.285103], [16.662589, 45.284466], [16.661172, 45.284605], [16.659969, 45.283836], [16.659381, 45.282466], [16.659842, 45.281497], [16.659288, 45.28196], [16.658474, 45.281618], [16.658217, 45.2802], [16.657371, 45.280529], [16.656585, 45.280289], [16.65607, 45.28072], [16.655502, 45.280568], [16.656599, 45.279002], [16.657291, 45.279437], [16.657678, 45.278649], [16.656315, 45.27784], [16.655434, 45.277867], [16.655505, 45.277378], [16.654943, 45.276768], [16.654215, 45.276835], [16.653246, 45.27742], [16.652568, 45.277139], [16.652217, 45.276492], [16.653062, 45.276675], [16.653613, 45.275529], [16.653219, 45.275385], [16.652536, 45.275977], [16.651713, 45.276014], [16.651747, 45.275555], [16.65123, 45.275453], [16.6509, 45.274795], [16.649932, 45.274853], [16.648867, 45.274305], [16.649826, 45.273502], [16.648651, 45.273264], [16.648911, 45.272385], [16.647724, 45.27253], [16.647074, 45.271817], [16.645226, 45.272277], [16.64457, 45.272164], [16.644919, 45.27183], [16.644459, 45.271604], [16.644791, 45.271031], [16.643779, 45.271269], [16.643305, 45.270771], [16.643514, 45.269979], [16.642966, 45.269194], [16.64242, 45.269379], [16.64207, 45.269128], [16.64205, 45.267871], [16.63942, 45.267201], [16.64081, 45.267076], [16.639578, 45.266415], [16.640437, 45.266285], [16.639925, 45.265602], [16.638521, 45.265846], [16.63735, 45.2667], [16.63663, 45.266773], [16.636431, 45.267381], [16.635701, 45.267813], [16.634225, 45.270385], [16.634944, 45.271164], [16.634453, 45.27205], [16.636102, 45.272225], [16.636034, 45.273762], [16.636385, 45.274095], [16.635822, 45.274645], [16.635718, 45.275828], [16.636005, 45.275935], [16.635156, 45.277062], [16.63567, 45.278076], [16.635089, 45.278817], [16.633611, 45.278958], [16.633371, 45.280561], [16.632302, 45.280795], [16.629728, 45.282682], [16.630522, 45.282961], [16.630124, 45.284837], [16.630762, 45.285714], [16.631452, 45.285175], [16.63197, 45.285776], [16.633338, 45.2853], [16.634138, 45.285353], [16.634025, 45.285881], [16.634306, 45.286933], [16.6354, 45.287293], [16.637491, 45.289159], [16.638741, 45.28913], [16.640777, 45.290187], [16.641401, 45.291492], [16.642278, 45.291804], [16.644735, 45.294166], [16.645862, 45.294605], [16.645515, 45.296791], [16.646183, 45.296621], [16.646388, 45.296994], [16.647724, 45.296828], [16.647708, 45.297373], [16.648227, 45.297497], [16.647761, 45.297702], [16.648276, 45.297776], [16.647923, 45.298132], [16.649115, 45.298471], [16.648584, 45.298788], [16.648919, 45.299045], [16.650947, 45.299172], [16.650681, 45.300254], [16.651499, 45.300291], [16.651646, 45.300759], [16.65431, 45.301375], [16.656002, 45.302483], [16.656031, 45.303537], [16.656717, 45.303491], [16.656974, 45.304423], [16.655692, 45.304765], [16.656392, 45.305364], [16.655656, 45.305831], [16.656889, 45.306071], [16.65674, 45.307736], [16.654538, 45.308284], [16.654164, 45.308999], [16.654656, 45.309381], [16.65425, 45.309772], [16.654284, 45.311102], [16.65375, 45.311355], [16.653069, 45.312698], [16.652376, 45.314954], [16.652765, 45.316211], [16.652407, 45.317002], [16.652586, 45.318534], [16.653809, 45.319438], [16.654658, 45.319495], [16.654861, 45.319853], [16.653825, 45.321363], [16.650713, 45.320642], [16.650327, 45.321226], [16.652116, 45.324086], [16.657241, 45.334367], [16.657925, 45.334366], [16.657949, 45.334586], [16.66569, 45.334534], [16.664957, 45.33428], [16.663025, 45.331253], [16.663016, 45.326965], [16.665412, 45.323966], [16.671103, 45.323928], [16.672185, 45.310687], [16.676051, 45.3076], [16.678856, 45.306003], [16.682924, 45.303743], [16.685226, 45.303376]]]}, "properties": {"id": 65, "razina": "naselje", "name": "Slovinci", "jls_name": "Sunja", "jls_maticni_broj": "04260", "zupanija": "Sisačko-moslavačka", "area_km2": 13.2113, "stanovnistvo": 116, "palette_idx": 2, "historical_zone": "Sunja", "source": "DGU rpj:naselje"}}, {"type": "Feature", "id": 66, "geometry": {"type": "Polygon", "coordinates": [[[16.644376, 45.352697], [16.649144, 45.342596], [16.647852, 45.341307], [16.646506, 45.340976], [16.644387, 45.343256], [16.642123, 45.34434], [16.637506, 45.342592], [16.63215, 45.343167], [16.62752, 45.342948], [16.622148, 45.341712], [16.620448, 45.344574], [16.619268, 45.345581], [16.618054, 45.346077], [16.612593, 45.345484], [16.612302, 45.34305], [16.611321, 45.341409], [16.611807, 45.339793], [16.613085, 45.339039], [16.6173, 45.337479], [16.619314, 45.335423], [16.621979, 45.334805], [16.62343, 45.334775], [16.624239, 45.33574], [16.624195, 45.333964], [16.619771, 45.331173], [16.618381, 45.331142], [16.61363, 45.333129], [16.611418, 45.330094], [16.609123, 45.330921], [16.608623, 45.330119], [16.607356, 45.329679], [16.606105, 45.331301], [16.603921, 45.330271], [16.602654, 45.329462], [16.603013, 45.329183], [16.598697, 45.326588], [16.599585, 45.325733], [16.598841, 45.325308], [16.599514, 45.324898], [16.59834, 45.324096], [16.598096, 45.324326], [16.593824, 45.322608], [16.594247, 45.322038], [16.593178, 45.320756], [16.591971, 45.32133], [16.588304, 45.317235], [16.587862, 45.316196], [16.586155, 45.316181], [16.585562, 45.315584], [16.58483, 45.315577], [16.584336, 45.315209], [16.584618, 45.314646], [16.584175, 45.314426], [16.583892, 45.314656], [16.582818, 45.314591], [16.582738, 45.314335], [16.58239, 45.314453], [16.579839, 45.313301], [16.578209, 45.311318], [16.578194, 45.310694], [16.576517, 45.309882], [16.575919, 45.308987], [16.574666, 45.310637], [16.573981, 45.310793], [16.573143, 45.310367], [16.57204, 45.311048], [16.569755, 45.311262], [16.569847, 45.312454], [16.56958, 45.312553], [16.569326, 45.311953], [16.568653, 45.312957], [16.568858, 45.314256], [16.57041, 45.315868], [16.569904, 45.317078], [16.570174, 45.319082], [16.571369, 45.319493], [16.571116, 45.319816], [16.571777, 45.320138], [16.571612, 45.320676], [16.572709, 45.321524], [16.572837, 45.322142], [16.573421, 45.32224], [16.573664, 45.323414], [16.574465, 45.323413], [16.574707, 45.324193], [16.576258, 45.324971], [16.576336, 45.325769], [16.576818, 45.325598], [16.577416, 45.326073], [16.577912, 45.326054], [16.577391, 45.326404], [16.577823, 45.326404], [16.578091, 45.326852], [16.577786, 45.327004], [16.578053, 45.327192], [16.578421, 45.326869], [16.579011, 45.327196], [16.57872, 45.327662], [16.579393, 45.327473], [16.579763, 45.328262], [16.580118, 45.328288], [16.57989, 45.328674], [16.580793, 45.328727], [16.580793, 45.329067], [16.581352, 45.329156], [16.582109, 45.33106], [16.583056, 45.331299], [16.583288, 45.331022], [16.584617, 45.330864], [16.584636, 45.331336], [16.586876, 45.331919], [16.588261, 45.333114], [16.592855, 45.335555], [16.595212, 45.336147], [16.59637, 45.337002], [16.594887, 45.338166], [16.596474, 45.339342], [16.594163, 45.340955], [16.596711, 45.34282], [16.597212, 45.343554], [16.608496, 45.349095], [16.607851, 45.350606], [16.608677, 45.35234], [16.608297, 45.353117], [16.611564, 45.353933], [16.615503, 45.351621], [16.619041, 45.354247], [16.61962, 45.356659], [16.620987, 45.356148], [16.623187, 45.356086], [16.624926, 45.354781], [16.626885, 45.355338], [16.628747, 45.355074], [16.629423, 45.354673], [16.631156, 45.355002], [16.63262, 45.354699], [16.633016, 45.354565], [16.633185, 45.353516], [16.633708, 45.353337], [16.634085, 45.352497], [16.635692, 45.352813], [16.636413, 45.352475], [16.637718, 45.352633], [16.638393, 45.352315], [16.640242, 45.352141], [16.641877, 45.352609], [16.642309, 45.352335], [16.642833, 45.352627], [16.643473, 45.35241], [16.644376, 45.352697]]]}, "properties": {"id": 66, "razina": "naselje", "name": "Staza", "jls_name": "Sunja", "jls_maticni_broj": "04260", "zupanija": "Sisačko-moslavačka", "area_km2": 9.5433, "stanovnistvo": 170, "palette_idx": 3, "historical_zone": "Sunja", "source": "DGU rpj:naselje"}}, {"type": "Feature", "id": 67, "geometry": {"type": "Polygon", "coordinates": [[[16.711006, 45.346784], [16.709372, 45.344479], [16.708456, 45.344579], [16.707624, 45.343766], [16.709374, 45.34182], [16.707624, 45.339654], [16.704812, 45.340062], [16.702993, 45.339802], [16.700531, 45.340505], [16.700113, 45.341072], [16.694344, 45.335019], [16.694313, 45.33396], [16.692438, 45.331992], [16.693943, 45.331083], [16.694259, 45.33055], [16.692451, 45.327952], [16.69066, 45.327695], [16.68884, 45.327045], [16.689495, 45.307272], [16.689394, 45.30694], [16.687594, 45.306158], [16.685226, 45.303376], [16.682924, 45.303743], [16.678856, 45.306003], [16.676051, 45.3076], [16.672185, 45.310687], [16.671103, 45.323928], [16.665412, 45.323966], [16.663016, 45.326965], [16.663025, 45.331253], [16.664957, 45.33428], [16.66569, 45.334534], [16.66609, 45.335316], [16.66605, 45.33659], [16.666438, 45.336723], [16.668143, 45.336001], [16.670908, 45.337591], [16.67185, 45.337504], [16.672973, 45.338511], [16.670721, 45.339697], [16.670056, 45.339687], [16.66987, 45.341697], [16.671585, 45.345752], [16.670817, 45.347935], [16.67031, 45.351902], [16.669597, 45.353011], [16.670828, 45.353875], [16.66954, 45.355616], [16.670343, 45.356172], [16.670107, 45.356387], [16.673477, 45.358331], [16.677641, 45.361331], [16.679767, 45.360181], [16.688669, 45.35278], [16.691619, 45.351757], [16.695305, 45.352054], [16.696863, 45.35271], [16.697944, 45.353821], [16.700318, 45.355233], [16.702523, 45.356241], [16.712592, 45.358846], [16.714299, 45.359394], [16.718571, 45.361822], [16.721393, 45.362164], [16.720679, 45.36091], [16.719599, 45.360896], [16.71833, 45.360243], [16.719511, 45.359136], [16.718848, 45.357029], [16.716939, 45.355895], [16.711527, 45.353969], [16.709929, 45.352269], [16.709038, 45.350065], [16.709148, 45.348542], [16.711006, 45.346784]]]}, "properties": {"id": 67, "razina": "naselje", "name": "Strmen", "jls_name": "Sunja", "jls_maticni_broj": "04260", "zupanija": "Sisačko-moslavačka", "area_km2": 12.4382, "stanovnistvo": 60, "palette_idx": 1, "historical_zone": "Sunja", "source": "DGU rpj:naselje"}}, {"type": "Feature", "id": 68, "geometry": {"type": "Polygon", "coordinates": [[[16.630973, 45.390644], [16.631012, 45.389968], [16.629849, 45.389759], [16.628864, 45.389048], [16.628421, 45.387663], [16.625358, 45.387865], [16.625261, 45.3874], [16.623488, 45.387497], [16.623139, 45.387136], [16.624543, 45.386817], [16.623128, 45.385936], [16.624019, 45.385308], [16.627431, 45.384637], [16.627366, 45.383523], [16.628577, 45.381951], [16.628727, 45.380604], [16.629302, 45.380311], [16.627482, 45.378915], [16.629177, 45.377026], [16.631912, 45.378283], [16.632962, 45.37814], [16.634197, 45.378373], [16.635255, 45.376604], [16.634845, 45.37619], [16.635192, 45.375081], [16.634082, 45.374817], [16.634279, 45.373574], [16.635177, 45.372692], [16.635388, 45.3694], [16.633883, 45.36951], [16.631823, 45.371103], [16.615495, 45.37281], [16.612311, 45.374725], [16.609113, 45.373302], [16.609733, 45.371014], [16.608291, 45.369316], [16.607198, 45.369446], [16.606906, 45.369165], [16.604485, 45.370882], [16.602858, 45.368802], [16.599544, 45.365904], [16.599349, 45.366826], [16.596487, 45.370716], [16.592167, 45.369592], [16.589123, 45.369328], [16.580118, 45.367225], [16.581404, 45.364776], [16.579289, 45.364387], [16.577751, 45.363976], [16.576578, 45.364828], [16.5758, 45.364697], [16.575834, 45.364132], [16.576484, 45.363608], [16.575675, 45.362909], [16.576857, 45.362076], [16.576574, 45.361398], [16.575296, 45.361235], [16.575736, 45.360408], [16.574668, 45.359084], [16.57364, 45.358553], [16.573027, 45.358758], [16.572538, 45.358344], [16.571117, 45.358253], [16.571688, 45.357453], [16.571042, 45.357477], [16.570229, 45.35687], [16.569963, 45.356123], [16.569218, 45.356538], [16.568381, 45.356358], [16.567818, 45.355955], [16.568055, 45.3551], [16.566606, 45.354978], [16.566605, 45.354575], [16.567582, 45.354364], [16.56783, 45.353944], [16.56744, 45.353454], [16.567571, 45.352721], [16.567247, 45.351915], [16.566194, 45.351105], [16.565093, 45.35107], [16.56474, 45.349538], [16.563656, 45.349731], [16.563656, 45.350367], [16.56311, 45.350549], [16.562207, 45.350584], [16.561966, 45.349697], [16.560798, 45.349546], [16.560648, 45.348338], [16.559969, 45.34898], [16.559481, 45.34891], [16.55953, 45.348554], [16.559679, 45.348712], [16.560159, 45.348285], [16.558641, 45.348062], [16.55818, 45.347419], [16.558708, 45.347099], [16.558646, 45.346727], [16.558068, 45.347009], [16.555717, 45.350817], [16.556459, 45.351472], [16.553374, 45.353669], [16.553041, 45.353424], [16.549954, 45.355203], [16.549063, 45.355098], [16.548149, 45.356459], [16.54599, 45.35672], [16.546231, 45.358227], [16.538979, 45.362866], [16.545277, 45.364935], [16.556028, 45.368523], [16.563384, 45.371448], [16.564969, 45.371544], [16.567208, 45.372206], [16.567901, 45.373774], [16.568503, 45.374293], [16.570225, 45.374835], [16.570262, 45.376035], [16.571474, 45.377029], [16.573554, 45.377718], [16.573411, 45.379181], [16.573696, 45.379427], [16.574833, 45.380097], [16.58054, 45.382], [16.580739, 45.385087], [16.582324, 45.385086], [16.584685, 45.38625], [16.583927, 45.387916], [16.584084, 45.388952], [16.587741, 45.389768], [16.59093, 45.389928], [16.593092, 45.390539], [16.593542, 45.387587], [16.592025, 45.387217], [16.593481, 45.38484], [16.595098, 45.385623], [16.597319, 45.387584], [16.597398, 45.388091], [16.601782, 45.389767], [16.603439, 45.389684], [16.604188, 45.388508], [16.605425, 45.388878], [16.610208, 45.389145], [16.610707, 45.386573], [16.613425, 45.386776], [16.613172, 45.388183], [16.613784, 45.388279], [16.61414, 45.388927], [16.616441, 45.388974], [16.618886, 45.387802], [16.622018, 45.39046], [16.622856, 45.39005], [16.623358, 45.390565], [16.627088, 45.390273], [16.627426, 45.391186], [16.630973, 45.390644]]]}, "properties": {"id": 68, "razina": "naselje", "name": "Sunja", "jls_name": "Sunja", "jls_maticni_broj": "04260", "zupanija": "Sisačko-moslavačka", "area_km2": 13.3252, "stanovnistvo": 1170, "palette_idx": 0, "historical_zone": "Sunja", "source": "DGU rpj:naselje"}}, {"type": "Feature", "id": 69, "geometry": {"type": "Polygon", "coordinates": [[[16.634025, 45.285881], [16.634138, 45.285353], [16.633338, 45.2853], [16.63197, 45.285776], [16.631452, 45.285175], [16.630762, 45.285714], [16.630124, 45.284837], [16.630522, 45.282961], [16.629728, 45.282682], [16.632302, 45.280795], [16.633371, 45.280561], [16.633611, 45.278958], [16.635089, 45.278817], [16.63567, 45.278076], [16.635156, 45.277062], [16.636005, 45.275935], [16.635718, 45.275828], [16.635822, 45.274645], [16.636385, 45.274095], [16.636034, 45.273762], [16.636102, 45.272225], [16.634453, 45.27205], [16.634944, 45.271164], [16.634225, 45.270385], [16.635701, 45.267813], [16.636431, 45.267381], [16.635776, 45.267066], [16.634846, 45.267091], [16.635421, 45.267366], [16.63525, 45.267933], [16.633185, 45.268389], [16.633559, 45.266485], [16.633296, 45.266688], [16.632412, 45.266551], [16.631877, 45.266941], [16.631658, 45.26635], [16.631256, 45.266334], [16.630156, 45.26721], [16.629707, 45.266538], [16.630211, 45.266246], [16.629625, 45.265647], [16.629155, 45.265915], [16.629558, 45.266546], [16.628055, 45.266783], [16.628501, 45.266215], [16.628122, 45.266102], [16.627867, 45.265228], [16.627374, 45.265261], [16.627639, 45.265657], [16.626585, 45.266525], [16.625252, 45.265903], [16.624123, 45.266627], [16.624065, 45.266238], [16.623204, 45.266385], [16.6231, 45.265972], [16.622308, 45.26581], [16.622402, 45.266742], [16.62285, 45.267106], [16.622609, 45.267309], [16.621817, 45.266864], [16.621335, 45.266938], [16.621106, 45.267157], [16.621576, 45.267262], [16.621462, 45.267448], [16.619455, 45.268139], [16.619213, 45.267945], [16.617733, 45.268165], [16.617571, 45.267695], [16.617009, 45.267542], [16.616998, 45.268149], [16.616253, 45.268442], [16.616869, 45.268898], [16.61625, 45.269134], [16.615985, 45.268721], [16.615445, 45.268745], [16.615699, 45.269458], [16.615091, 45.26937], [16.614553, 45.270164], [16.614058, 45.269646], [16.613645, 45.269825], [16.612913, 45.271195], [16.612213, 45.271317], [16.612178, 45.270952], [16.611399, 45.271626], [16.610721, 45.271343], [16.609918, 45.27153], [16.609354, 45.270526], [16.608906, 45.27068], [16.60866, 45.270472], [16.608018, 45.270578], [16.608432, 45.271096], [16.607743, 45.270927], [16.607836, 45.271494], [16.607102, 45.271754], [16.606871, 45.270911], [16.606699, 45.271252], [16.605999, 45.271244], [16.605839, 45.271625], [16.605287, 45.271213], [16.605036, 45.272007], [16.605599, 45.272176], [16.604888, 45.272598], [16.605554, 45.27263], [16.605279, 45.273019], [16.605601, 45.273481], [16.604396, 45.273665], [16.60489, 45.273697], [16.605028, 45.273964], [16.604512, 45.274208], [16.605006, 45.274434], [16.604158, 45.275553], [16.605031, 45.275479], [16.605308, 45.276435], [16.60516, 45.276808], [16.604723, 45.27684], [16.60485, 45.277229], [16.603999, 45.277259], [16.60439, 45.277623], [16.603816, 45.277575], [16.603541, 45.277835], [16.604161, 45.278012], [16.60376, 45.278142], [16.60437, 45.279122], [16.603968, 45.27909], [16.603923, 45.279584], [16.603418, 45.279552], [16.603362, 45.28046], [16.602685, 45.28042], [16.602226, 45.280906], [16.602674, 45.281044], [16.602135, 45.281344], [16.601331, 45.281072], [16.60143, 45.281626], [16.601038, 45.281822], [16.601365, 45.281776], [16.60117, 45.282122], [16.601611, 45.282341], [16.601319, 45.283356], [16.601008, 45.283357], [16.60021, 45.284765], [16.599245, 45.284904], [16.599311, 45.285447], [16.598479, 45.286313], [16.600822, 45.288313], [16.602525, 45.2895], [16.603114, 45.289568], [16.604377, 45.291396], [16.605983, 45.290434], [16.607948, 45.289624], [16.611121, 45.289183], [16.611799, 45.290121], [16.615669, 45.291116], [16.618508, 45.288587], [16.619136, 45.288507], [16.620925, 45.288518], [16.622078, 45.28882], [16.622294, 45.289196], [16.623287, 45.289116], [16.624183, 45.289558], [16.625877, 45.289532], [16.625842, 45.289186], [16.624343, 45.288144], [16.624737, 45.286648], [16.625381, 45.286217], [16.625794, 45.286428], [16.626576, 45.285863], [16.627428, 45.286172], [16.626956, 45.286512], [16.627568, 45.287094], [16.628538, 45.286607], [16.629236, 45.287013], [16.631117, 45.28731], [16.634025, 45.285881]]]}, "properties": {"id": 69, "razina": "naselje", "name": "Timarci", "jls_name": "Sunja", "jls_maticni_broj": "04260", "zupanija": "Sisačko-moslavačka", "area_km2": 5.5242, "stanovnistvo": 83, "palette_idx": 0, "historical_zone": "Sunja", "source": "DGU rpj:naselje"}}, {"type": "Feature", "id": 70, "geometry": {"type": "Polygon", "coordinates": [[[16.576326, 45.349449], [16.571952, 45.346585], [16.568055, 45.347751], [16.567057, 45.346987], [16.565006, 45.348653], [16.56398, 45.348579], [16.561966, 45.349697], [16.562207, 45.350584], [16.56311, 45.350549], [16.563656, 45.350367], [16.563656, 45.349731], [16.56474, 45.349538], [16.565093, 45.35107], [16.566194, 45.351105], [16.567247, 45.351915], [16.567571, 45.352721], [16.570755, 45.353392], [16.572516, 45.351078], [16.574551, 45.351545], [16.576326, 45.349449]]]}, "properties": {"id": 70, "razina": "naselje", "name": "Vedro Polje", "jls_name": "Sunja", "jls_maticni_broj": "04260", "zupanija": "Sisačko-moslavačka", "area_km2": 0.4442, "stanovnistvo": 95, "palette_idx": 3, "historical_zone": "Sunja", "source": "DGU rpj:naselje"}}, {"type": "Feature", "id": 71, "geometry": {"type": "Polygon", "coordinates": [[[16.447971, 45.334962], [16.449408, 45.333595], [16.450155, 45.332668], [16.450042, 45.332223], [16.450947, 45.331454], [16.450295, 45.329405], [16.451257, 45.329107], [16.448416, 45.327152], [16.448952, 45.326279], [16.445898, 45.325065], [16.446243, 45.324271], [16.446546, 45.32445], [16.446651, 45.324251], [16.445983, 45.323909], [16.446208, 45.323634], [16.445061, 45.321979], [16.445517, 45.321351], [16.445358, 45.319189], [16.441074, 45.31798], [16.435905, 45.318246], [16.43415, 45.318826], [16.433055, 45.318762], [16.432256, 45.319354], [16.430402, 45.319707], [16.429463, 45.318018], [16.427648, 45.317759], [16.426811, 45.31731], [16.426611, 45.317767], [16.425478, 45.318398], [16.421463, 45.318278], [16.418871, 45.317378], [16.41571, 45.3178], [16.415309, 45.317924], [16.414576, 45.319684], [16.415162, 45.321938], [16.413346, 45.322111], [16.412389, 45.323208], [16.410941, 45.324242], [16.406435, 45.325511], [16.404417, 45.326814], [16.401145, 45.327954], [16.399643, 45.328531], [16.395122, 45.331565], [16.394242, 45.332713], [16.395985, 45.333665], [16.394813, 45.335989], [16.396094, 45.336642], [16.397364, 45.336888], [16.399684, 45.339485], [16.399647, 45.340967], [16.400778, 45.341889], [16.402984, 45.342532], [16.405222, 45.342144], [16.405637, 45.342304], [16.405976, 45.342929], [16.407183, 45.343336], [16.408174, 45.344764], [16.412353, 45.344906], [16.413635, 45.345649], [16.414974, 45.347622], [16.417296, 45.348041], [16.418661, 45.349312], [16.41855, 45.347676], [16.419406, 45.347459], [16.420196, 45.345109], [16.423221, 45.343311], [16.423927, 45.341988], [16.425367, 45.340748], [16.425368, 45.340179], [16.427835, 45.339581], [16.429675, 45.338557], [16.431294, 45.339093], [16.432267, 45.338715], [16.433371, 45.337988], [16.434166, 45.336587], [16.436591, 45.33554], [16.436809, 45.335024], [16.438322, 45.333924], [16.441324, 45.332956], [16.442243, 45.333573], [16.443695, 45.333558], [16.445714, 45.332831], [16.44651, 45.333926], [16.447971, 45.334962]]]}, "properties": {"id": 71, "razina": "naselje", "name": "Velika Gradusa", "jls_name": "Sunja", "jls_maticni_broj": "04260", "zupanija": "Sisačko-moslavačka", "area_km2": 8.7039, "stanovnistvo": 48, "palette_idx": 2, "historical_zone": "Sunja", "source": "DGU rpj:naselje"}}, {"type": "Feature", "id": 72, "geometry": {"type": "Polygon", "coordinates": [[[16.49551, 45.360289], [16.495486, 45.35994], [16.494696, 45.359816], [16.494662, 45.359105], [16.494177, 45.359178], [16.493751, 45.35857], [16.493166, 45.358926], [16.492294, 45.358333], [16.491888, 45.358898], [16.491482, 45.358472], [16.490441, 45.35901], [16.490352, 45.358431], [16.489401, 45.358738], [16.489004, 45.35827], [16.489153, 45.357543], [16.488648, 45.357928], [16.488093, 45.357327], [16.487008, 45.356995], [16.486552, 45.35733], [16.485779, 45.357134], [16.485542, 45.355849], [16.484947, 45.355703], [16.485473, 45.35483], [16.485185, 45.354697], [16.484006, 45.355158], [16.483797, 45.353737], [16.482688, 45.353192], [16.482619, 45.352683], [16.481555, 45.351653], [16.481486, 45.350752], [16.480872, 45.350787], [16.481011, 45.350347], [16.480486, 45.350166], [16.480129, 45.350487], [16.479079, 45.350159], [16.478831, 45.349725], [16.478425, 45.349977], [16.478405, 45.349586], [16.477533, 45.349697], [16.477603, 45.349411], [16.476949, 45.349523], [16.477098, 45.349327], [16.476157, 45.348957], [16.47496, 45.349083], [16.473963, 45.349695], [16.473606, 45.351556], [16.472468, 45.352235], [16.472308, 45.35248], [16.472634, 45.352598], [16.472156, 45.353058], [16.471185, 45.353122], [16.470925, 45.354648], [16.47014, 45.354758], [16.469806, 45.355191], [16.467021, 45.356302], [16.465308, 45.357647], [16.463646, 45.357582], [16.463646, 45.358063], [16.460505, 45.357934], [16.458108, 45.360383], [16.456076, 45.360599], [16.454211, 45.361879], [16.455089, 45.362989], [16.456454, 45.367705], [16.457425, 45.368124], [16.458486, 45.370314], [16.460267, 45.368892], [16.463517, 45.36531], [16.46445, 45.367202], [16.467751, 45.368997], [16.468287, 45.371208], [16.470323, 45.371053], [16.472451, 45.371388], [16.4749, 45.370648], [16.477195, 45.37068], [16.477809, 45.370431], [16.479916, 45.371264], [16.47996, 45.371619], [16.481203, 45.371436], [16.482748, 45.372124], [16.483384, 45.371833], [16.486438, 45.371745], [16.487441, 45.371099], [16.488225, 45.371052], [16.489083, 45.37062], [16.492512, 45.36646], [16.492961, 45.366411], [16.493627, 45.365656], [16.493284, 45.365422], [16.493614, 45.36428], [16.494325, 45.362677], [16.494666, 45.362631], [16.494651, 45.36149], [16.495651, 45.360708], [16.49551, 45.360289]]]}, "properties": {"id": 72, "razina": "naselje", "name": "Vukoševac", "jls_name": "Sunja", "jls_maticni_broj": "04260", "zupanija": "Sisačko-moslavačka", "area_km2": 4.8267, "stanovnistvo": 10, "palette_idx": 2, "historical_zone": "Sunja", "source": "DGU rpj:naselje"}}, {"type": "Feature", "id": 73, "geometry": {"type": "Polygon", "coordinates": [[[16.633386, 45.328588], [16.630066, 45.328515], [16.630092, 45.328186], [16.628475, 45.328016], [16.625752, 45.326629], [16.622597, 45.325976], [16.621312, 45.32525], [16.61957, 45.323639], [16.619522, 45.323036], [16.618448, 45.322187], [16.616975, 45.320103], [16.61809, 45.319597], [16.617427, 45.318695], [16.61849, 45.318014], [16.61772, 45.317425], [16.615685, 45.318669], [16.614564, 45.316894], [16.613353, 45.315922], [16.611989, 45.313089], [16.610224, 45.312307], [16.610251, 45.310716], [16.608018, 45.310678], [16.605509, 45.308678], [16.604482, 45.308483], [16.604351, 45.308087], [16.603421, 45.307639], [16.602902, 45.305809], [16.602535, 45.30566], [16.60286, 45.305045], [16.600817, 45.30407], [16.600829, 45.303087], [16.599795, 45.300945], [16.599479, 45.299079], [16.598411, 45.297482], [16.597829, 45.29723], [16.596826, 45.297672], [16.596235, 45.297083], [16.594889, 45.297966], [16.595379, 45.298551], [16.594853, 45.298641], [16.595507, 45.299665], [16.594713, 45.299097], [16.593942, 45.29937], [16.593157, 45.300425], [16.591739, 45.300678], [16.59094, 45.300195], [16.590096, 45.300984], [16.588058, 45.301323], [16.587082, 45.302159], [16.587362, 45.303255], [16.589506, 45.304274], [16.590543, 45.30527], [16.591755, 45.305568], [16.593185, 45.306415], [16.593563, 45.307296], [16.592654, 45.308155], [16.592717, 45.308807], [16.593701, 45.310416], [16.594861, 45.311168], [16.595413, 45.314148], [16.596391, 45.314226], [16.59703, 45.315171], [16.599739, 45.316558], [16.599817, 45.317296], [16.601514, 45.317406], [16.602111, 45.317732], [16.604253, 45.319426], [16.604769, 45.320575], [16.607231, 45.321825], [16.608444, 45.323484], [16.610592, 45.32528], [16.610057, 45.32571], [16.61092, 45.326871], [16.61044, 45.327116], [16.611054, 45.327641], [16.613655, 45.328444], [16.616507, 45.32873], [16.619177, 45.329573], [16.6191, 45.330697], [16.619771, 45.331173], [16.624195, 45.333964], [16.624239, 45.33574], [16.625042, 45.337906], [16.625943, 45.33849], [16.627557, 45.337091], [16.629842, 45.334293], [16.633386, 45.328588]]]}, "properties": {"id": 73, "razina": "naselje", "name": "Čapljani", "jls_name": "Sunja", "jls_maticni_broj": "04260", "zupanija": "Sisačko-moslavačka", "area_km2": 4.0289, "stanovnistvo": 28, "palette_idx": 1, "historical_zone": "Sunja", "source": "DGU rpj:naselje"}}, {"type": "Feature", "id": 74, "geometry": {"type": "Polygon", "coordinates": [[[16.555717, 45.350817], [16.553562, 45.350379], [16.552056, 45.350788], [16.551335, 45.349706], [16.54897, 45.349259], [16.548583, 45.348354], [16.548064, 45.348088], [16.547129, 45.34892], [16.545749, 45.34925], [16.544709, 45.348136], [16.546156, 45.347811], [16.546378, 45.346791], [16.545287, 45.346634], [16.544419, 45.347053], [16.544025, 45.346855], [16.544356, 45.345586], [16.543581, 45.343795], [16.543017, 45.343701], [16.542105, 45.34423], [16.541014, 45.34434], [16.540576, 45.344026], [16.544205, 45.341799], [16.54862, 45.339767], [16.548354, 45.339139], [16.548656, 45.338838], [16.547931, 45.337558], [16.548322, 45.336816], [16.548005, 45.336547], [16.548498, 45.33591], [16.548134, 45.335247], [16.548786, 45.335023], [16.549465, 45.334196], [16.548616, 45.333883], [16.547591, 45.333982], [16.545803, 45.333057], [16.545207, 45.333038], [16.544973, 45.33225], [16.544666, 45.332322], [16.543773, 45.331315], [16.54087, 45.331377], [16.536592, 45.332944], [16.537388, 45.334728], [16.536081, 45.335133], [16.535807, 45.335861], [16.53519, 45.33364], [16.532035, 45.333567], [16.529369, 45.332435], [16.5282, 45.332839], [16.528103, 45.33264], [16.527974, 45.332902], [16.526836, 45.332566], [16.52568, 45.332908], [16.525018, 45.333647], [16.52455, 45.333118], [16.524179, 45.333164], [16.52451, 45.333386], [16.523364, 45.333746], [16.520365, 45.333665], [16.519905, 45.334313], [16.519043, 45.334476], [16.519273, 45.334759], [16.518469, 45.334719], [16.518342, 45.335051], [16.517097, 45.335083], [16.517108, 45.334645], [16.515971, 45.334954], [16.515235, 45.334759], [16.515373, 45.334451], [16.514511, 45.334905], [16.514477, 45.334565], [16.513879, 45.334743], [16.513339, 45.334403], [16.513063, 45.334597], [16.51281, 45.333771], [16.511814, 45.333461], [16.511585, 45.333707], [16.511505, 45.333362], [16.50975, 45.33344], [16.510119, 45.333854], [16.509451, 45.333742], [16.509271, 45.33332], [16.508105, 45.333341], [16.507564, 45.333653], [16.508555, 45.339643], [16.506967, 45.33968], [16.506537, 45.340111], [16.504057, 45.340051], [16.50252, 45.34103], [16.503549, 45.341389], [16.505684, 45.342913], [16.507534, 45.343523], [16.512047, 45.345773], [16.51333, 45.345885], [16.514604, 45.346448], [16.516041, 45.34805], [16.518336, 45.349276], [16.523068, 45.350572], [16.524009, 45.351309], [16.524396, 45.350956], [16.525978, 45.351327], [16.526567, 45.351166], [16.526566, 45.350906], [16.526933, 45.351358], [16.52927, 45.351205], [16.532196, 45.352684], [16.533537, 45.352671], [16.535852, 45.351788], [16.537927, 45.352778], [16.537957, 45.353702], [16.539955, 45.354547], [16.540683, 45.354399], [16.544542, 45.355745], [16.54599, 45.35672], [16.548149, 45.356459], [16.549063, 45.355098], [16.549954, 45.355203], [16.553041, 45.353424], [16.553374, 45.353669], [16.556459, 45.351472], [16.555717, 45.350817]]]}, "properties": {"id": 74, "razina": "naselje", "name": "Četvrtkovac", "jls_name": "Sunja", "jls_maticni_broj": "04260", "zupanija": "Sisačko-moslavačka", "area_km2": 6.2882, "stanovnistvo": 139, "palette_idx": 2, "historical_zone": "Sunja", "source": "DGU rpj:naselje"}}, {"type": "Feature", "id": 75, "geometry": {"type": "Polygon", "coordinates": [[[16.729699, 45.331093], [16.730914, 45.292703], [16.731075, 45.287738], [16.729586, 45.288042], [16.728846, 45.287202], [16.728028, 45.287196], [16.72768, 45.287749], [16.728141, 45.289174], [16.727897, 45.28948], [16.726776, 45.289762], [16.725022, 45.289466], [16.725201, 45.278981], [16.711809, 45.278734], [16.711834, 45.27714], [16.710993, 45.276722], [16.711073, 45.276346], [16.709344, 45.273778], [16.70948, 45.272431], [16.708917, 45.272471], [16.70687, 45.271062], [16.703067, 45.266985], [16.698921, 45.264827], [16.698065, 45.265159], [16.696122, 45.263863], [16.695327, 45.264586], [16.690828, 45.26176], [16.690274, 45.261976], [16.688354, 45.260966], [16.687872, 45.261885], [16.687485, 45.261434], [16.687781, 45.260982], [16.687233, 45.258673], [16.685582, 45.257141], [16.683245, 45.257773], [16.683388, 45.258315], [16.68145, 45.257945], [16.679484, 45.258158], [16.678515, 45.256882], [16.674688, 45.254968], [16.67311, 45.252286], [16.672555, 45.250141], [16.670524, 45.248764], [16.668942, 45.246465], [16.667796, 45.245692], [16.663564, 45.245514], [16.662014, 45.244936], [16.66092, 45.246127], [16.657499, 45.247982], [16.653191, 45.251955], [16.652211, 45.253457], [16.652554, 45.255246], [16.653593, 45.256209], [16.652938, 45.25796], [16.65311, 45.260587], [16.65532, 45.263132], [16.65485, 45.26349], [16.655251, 45.263855], [16.654861, 45.264585], [16.655268, 45.265157], [16.65508, 45.265834], [16.654055, 45.266045], [16.653288, 45.266852], [16.65261, 45.26694], [16.653355, 45.268098], [16.653317, 45.269269], [16.652749, 45.270297], [16.653687, 45.271264], [16.655433, 45.27191], [16.657654, 45.27188], [16.660667, 45.272974], [16.659784, 45.273769], [16.660012, 45.274659], [16.660931, 45.275224], [16.660364, 45.27648], [16.659025, 45.276785], [16.65862, 45.27726], [16.658892, 45.277433], [16.658317, 45.277562], [16.658077, 45.277284], [16.658137, 45.27798], [16.657678, 45.278649], [16.657291, 45.279437], [16.656599, 45.279002], [16.655502, 45.280568], [16.65607, 45.28072], [16.656585, 45.280289], [16.657371, 45.280529], [16.658217, 45.2802], [16.658474, 45.281618], [16.659288, 45.28196], [16.659842, 45.281497], [16.659381, 45.282466], [16.659969, 45.283836], [16.661172, 45.284605], [16.662589, 45.284466], [16.662145, 45.285103], [16.663613, 45.285548], [16.662981, 45.286395], [16.664231, 45.28647], [16.663737, 45.287345], [16.664666, 45.288385], [16.665674, 45.288297], [16.666125, 45.28732], [16.666622, 45.287511], [16.666263, 45.286693], [16.668173, 45.286991], [16.668408, 45.286023], [16.668898, 45.286111], [16.669532, 45.286824], [16.670426, 45.286782], [16.670639, 45.287093], [16.669648, 45.287705], [16.669878, 45.288545], [16.669212, 45.288957], [16.67039, 45.288985], [16.670178, 45.289456], [16.671057, 45.289274], [16.671513, 45.289865], [16.672336, 45.289763], [16.674348, 45.288329], [16.674718, 45.288919], [16.674435, 45.28901], [16.675551, 45.290307], [16.674466, 45.291898], [16.677464, 45.294993], [16.679188, 45.294238], [16.678924, 45.29354], [16.680032, 45.293373], [16.680371, 45.292901], [16.683766, 45.29106], [16.684969, 45.29187], [16.685721, 45.291328], [16.688799, 45.292788], [16.689688, 45.292852], [16.690133, 45.292255], [16.690881, 45.292684], [16.689822, 45.294464], [16.692243, 45.295883], [16.691605, 45.296499], [16.689783, 45.300787], [16.687389, 45.303017], [16.685226, 45.303376], [16.687594, 45.306158], [16.689394, 45.30694], [16.689495, 45.307272], [16.68884, 45.327045], [16.69066, 45.327695], [16.692451, 45.327952], [16.694259, 45.33055], [16.693943, 45.331083], [16.692438, 45.331992], [16.694313, 45.33396], [16.694344, 45.335019], [16.703932, 45.334866], [16.711381, 45.333689], [16.721058, 45.331328], [16.724041, 45.330947], [16.729699, 45.331093]]]}, "properties": {"id": 75, "razina": "naselje", "name": "Šaš", "jls_name": "Sunja", "jls_maticni_broj": "04260", "zupanija": "Sisačko-moslavačka", "area_km2": 32.084, "stanovnistvo": 168, "palette_idx": 0, "historical_zone": "Sunja", "source": "DGU rpj:naselje"}}, {"type": "Feature", "id": 76, "geometry": {"type": "Polygon", "coordinates": [[[16.639279, 45.363791], [16.639646, 45.361331], [16.640904, 45.360136], [16.644376, 45.352697], [16.643473, 45.35241], [16.642833, 45.352627], [16.642309, 45.352335], [16.641877, 45.352609], [16.640242, 45.352141], [16.638393, 45.352315], [16.637718, 45.352633], [16.636413, 45.352475], [16.635692, 45.352813], [16.634085, 45.352497], [16.633708, 45.353337], [16.633185, 45.353516], [16.633016, 45.354565], [16.63262, 45.354699], [16.631156, 45.355002], [16.629423, 45.354673], [16.628747, 45.355074], [16.626885, 45.355338], [16.624926, 45.354781], [16.623187, 45.356086], [16.620987, 45.356148], [16.61962, 45.356659], [16.618768, 45.356603], [16.618553, 45.356826], [16.617678, 45.356577], [16.616729, 45.357355], [16.614826, 45.357769], [16.614296, 45.35843], [16.614601, 45.358984], [16.614354, 45.359221], [16.612523, 45.359169], [16.611502, 45.359703], [16.611218, 45.360301], [16.609356, 45.360509], [16.606307, 45.362791], [16.604024, 45.363495], [16.604087, 45.363831], [16.602506, 45.364002], [16.60143, 45.365066], [16.599544, 45.365904], [16.602858, 45.368802], [16.604485, 45.370882], [16.606906, 45.369165], [16.607198, 45.369446], [16.608291, 45.369316], [16.609733, 45.371014], [16.609113, 45.373302], [16.612311, 45.374725], [16.615495, 45.37281], [16.631823, 45.371103], [16.633883, 45.36951], [16.635388, 45.3694], [16.637077, 45.369297], [16.638904, 45.367465], [16.639279, 45.363791]]]}, "properties": {"id": 76, "razina": "naselje", "name": "Žreme", "jls_name": "Sunja", "jls_maticni_broj": "04260", "zupanija": "Sisačko-moslavačka", "area_km2": 4.8471, "stanovnistvo": 41, "palette_idx": 2, "historical_zone": "Sunja", "source": "DGU rpj:naselje"}}, {"type": "Feature", "id": 77, "geometry": {"type": "Polygon", "coordinates": [[[16.337106, 45.630511], [16.333334, 45.63059], [16.331269, 45.631677], [16.330036, 45.630676], [16.327454, 45.63219], [16.330563, 45.634286], [16.332417, 45.636442], [16.333252, 45.638008], [16.333139, 45.638977], [16.332493, 45.639753], [16.329641, 45.639927], [16.328844, 45.641244], [16.331296, 45.642156], [16.328435, 45.645773], [16.33493, 45.647011], [16.33816, 45.647202], [16.342313, 45.646746], [16.343614, 45.646296], [16.344965, 45.645242], [16.345295, 45.644501], [16.345114, 45.643318], [16.337106, 45.630511]]]}, "properties": {"id": 77, "razina": "naselje", "name": "Desni Dubrovčak", "jls_name": "Martinska Ves", "jls_maticni_broj": "02593", "zupanija": "Sisačko-moslavačka", "area_km2": 1.5985, "stanovnistvo": 65, "palette_idx": 2, "historical_zone": "Martinska Ves", "source": "DGU rpj:naselje"}}, {"type": "Feature", "id": 78, "geometry": {"type": "Polygon", "coordinates": [[[16.361292, 45.600758], [16.36156, 45.600341], [16.36113, 45.599726], [16.359407, 45.59924], [16.349871, 45.600345], [16.347099, 45.599938], [16.346065, 45.599503], [16.345579, 45.598858], [16.346087, 45.596641], [16.34743, 45.594669], [16.348963, 45.591104], [16.35, 45.589855], [16.352237, 45.588248], [16.351296, 45.587108], [16.350298, 45.584198], [16.348067, 45.581143], [16.347625, 45.581017], [16.347199, 45.581513], [16.337096, 45.571255], [16.335573, 45.571744], [16.333868, 45.572973], [16.332726, 45.57323], [16.331973, 45.572776], [16.33072, 45.571051], [16.329153, 45.570382], [16.328063, 45.570359], [16.325778, 45.57103], [16.324467, 45.57312], [16.323375, 45.573902], [16.322362, 45.574062], [16.32029, 45.577745], [16.32259, 45.589379], [16.324201, 45.593395], [16.324331, 45.595093], [16.323303, 45.595906], [16.323257, 45.596329], [16.324567, 45.599488], [16.324312, 45.599883], [16.329228, 45.605339], [16.330949, 45.604739], [16.331825, 45.604804], [16.331713, 45.606039], [16.332843, 45.606025], [16.332252, 45.607201], [16.334052, 45.60991], [16.335319, 45.611003], [16.336062, 45.611265], [16.337533, 45.610831], [16.339252, 45.611045], [16.339453, 45.61168], [16.343294, 45.612345], [16.345461, 45.613574], [16.347344, 45.615395], [16.350656, 45.614227], [16.351442, 45.617034], [16.352175, 45.617027], [16.352309, 45.61447], [16.352904, 45.612519], [16.353987, 45.610787], [16.35467, 45.607653], [16.356675, 45.604767], [16.361292, 45.600758]]]}, "properties": {"id": 78, "razina": "naselje", "name": "Desno Trebarjevo", "jls_name": "Martinska Ves", "jls_maticni_broj": "02593", "zupanija": "Sisačko-moslavačka", "area_km2": 8.7999, "stanovnistvo": 273, "palette_idx": 2, "historical_zone": "Martinska Ves", "source": "DGU rpj:naselje"}}, {"type": "Feature", "id": 79, "geometry": {"type": "Polygon", "coordinates": [[[16.337106, 45.630511], [16.335772, 45.627767], [16.334385, 45.621373], [16.333085, 45.617509], [16.333177, 45.616696], [16.333972, 45.615839], [16.334917, 45.615632], [16.337381, 45.616102], [16.348693, 45.620843], [16.351451, 45.621552], [16.352917, 45.621682], [16.353615, 45.620701], [16.352175, 45.617027], [16.351442, 45.617034], [16.350656, 45.614227], [16.347344, 45.615395], [16.345461, 45.613574], [16.343294, 45.612345], [16.339453, 45.61168], [16.339252, 45.611045], [16.337533, 45.610831], [16.336062, 45.611265], [16.335319, 45.611003], [16.334052, 45.60991], [16.332252, 45.607201], [16.332843, 45.606025], [16.331713, 45.606039], [16.331825, 45.604804], [16.330949, 45.604739], [16.329228, 45.605339], [16.324312, 45.599883], [16.324567, 45.599488], [16.323257, 45.596329], [16.323303, 45.595906], [16.324331, 45.595093], [16.324201, 45.593395], [16.32259, 45.589379], [16.32029, 45.577745], [16.322362, 45.574062], [16.320782, 45.571834], [16.319476, 45.570959], [16.316934, 45.570184], [16.316379, 45.569727], [16.316288, 45.56709], [16.315139, 45.565918], [16.314269, 45.565677], [16.313072, 45.565643], [16.310876, 45.56624], [16.307588, 45.569105], [16.3066, 45.571648], [16.305797, 45.571912], [16.303234, 45.571871], [16.302789, 45.572502], [16.302697, 45.573932], [16.2977, 45.575127], [16.297378, 45.575914], [16.299551, 45.576842], [16.299687, 45.577306], [16.298729, 45.578428], [16.298743, 45.578945], [16.301141, 45.580323], [16.301549, 45.581041], [16.300881, 45.58155], [16.298737, 45.581306], [16.298035, 45.58152], [16.297499, 45.584408], [16.296334, 45.584559], [16.29355, 45.584161], [16.29259, 45.584661], [16.29249, 45.585515], [16.293179, 45.58634], [16.295989, 45.586738], [16.296583, 45.587194], [16.295354, 45.59], [16.29325, 45.591084], [16.292018, 45.591155], [16.290541, 45.590684], [16.289252, 45.590642], [16.288365, 45.590934], [16.288344, 45.591631], [16.288967, 45.592523], [16.291479, 45.593033], [16.291069, 45.594568], [16.292223, 45.596157], [16.292188, 45.596971], [16.29113, 45.597234], [16.290529, 45.596112], [16.289615, 45.595979], [16.288875, 45.597193], [16.286813, 45.597892], [16.285508, 45.598771], [16.284806, 45.598706], [16.283829, 45.598063], [16.28323, 45.59808], [16.28249, 45.599452], [16.281515, 45.600138], [16.279745, 45.599592], [16.278539, 45.599737], [16.279293, 45.602191], [16.28096, 45.60313], [16.279972, 45.604146], [16.279902, 45.605418], [16.279067, 45.605657], [16.277266, 45.605115], [16.275057, 45.605925], [16.27415, 45.605929], [16.268188, 45.613337], [16.268641, 45.613554], [16.279101, 45.618649], [16.279193, 45.617854], [16.280137, 45.617405], [16.281749, 45.617482], [16.281909, 45.617772], [16.282836, 45.617566], [16.285213, 45.617698], [16.284114, 45.615584], [16.289495, 45.613231], [16.296381, 45.610147], [16.297971, 45.609762], [16.300489, 45.610183], [16.307576, 45.612588], [16.310892, 45.616671], [16.317328, 45.621529], [16.317596, 45.623096], [16.320446, 45.626658], [16.321544, 45.626926], [16.32366, 45.628573], [16.325446, 45.630894], [16.327454, 45.63219], [16.330036, 45.630676], [16.331269, 45.631677], [16.333334, 45.63059], [16.337106, 45.630511]]]}, "properties": {"id": 79, "razina": "naselje", "name": "Desno Željezno", "jls_name": "Martinska Ves", "jls_maticni_broj": "02593", "zupanija": "Sisačko-moslavačka", "area_km2": 17.4371, "stanovnistvo": 127, "palette_idx": 1, "historical_zone": "Martinska Ves", "source": "DGU rpj:naselje"}}, {"type": "Feature", "id": 80, "geometry": {"type": "Polygon", "coordinates": [[[16.327454, 45.63219], [16.325446, 45.630894], [16.32366, 45.628573], [16.321544, 45.626926], [16.320446, 45.626658], [16.317596, 45.623096], [16.317328, 45.621529], [16.310892, 45.616671], [16.307576, 45.612588], [16.300489, 45.610183], [16.297971, 45.609762], [16.296381, 45.610147], [16.289495, 45.613231], [16.291639, 45.615445], [16.291248, 45.617504], [16.293724, 45.618108], [16.293589, 45.619229], [16.294635, 45.619484], [16.29544, 45.620235], [16.296746, 45.619935], [16.298252, 45.62174], [16.297233, 45.622598], [16.296775, 45.623567], [16.300186, 45.624858], [16.300537, 45.626102], [16.30131, 45.626735], [16.303095, 45.629834], [16.304306, 45.630902], [16.301887, 45.634577], [16.303021, 45.634646], [16.304563, 45.635685], [16.307754, 45.639012], [16.310073, 45.640734], [16.311453, 45.641238], [16.316193, 45.640976], [16.318622, 45.64116], [16.319807, 45.642937], [16.322088, 45.644415], [16.328435, 45.645773], [16.331296, 45.642156], [16.328844, 45.641244], [16.329641, 45.639927], [16.332493, 45.639753], [16.333139, 45.638977], [16.333252, 45.638008], [16.332417, 45.636442], [16.330563, 45.634286], [16.327454, 45.63219]]]}, "properties": {"id": 80, "razina": "naselje", "name": "Jezero Posavsko", "jls_name": "Martinska Ves", "jls_maticni_broj": "02593", "zupanija": "Sisačko-moslavačka", "area_km2": 5.9299, "stanovnistvo": 56, "palette_idx": 3, "historical_zone": "Martinska Ves", "source": "DGU rpj:naselje"}}, {"type": "Feature", "id": 81, "geometry": {"type": "Polygon", "coordinates": [[[16.409303, 45.603591], [16.407489, 45.603535], [16.405281, 45.604973], [16.389239, 45.598451], [16.385619, 45.602672], [16.373452, 45.597376], [16.364009, 45.594147], [16.364527, 45.595036], [16.363456, 45.597614], [16.365286, 45.598346], [16.365593, 45.598799], [16.363428, 45.600302], [16.362961, 45.601192], [16.361292, 45.600758], [16.356675, 45.604767], [16.35467, 45.607653], [16.353987, 45.610787], [16.352904, 45.612519], [16.352309, 45.61447], [16.352175, 45.617027], [16.353615, 45.620701], [16.352917, 45.621682], [16.351451, 45.621552], [16.351396, 45.622719], [16.352425, 45.623185], [16.356333, 45.62383], [16.360838, 45.626737], [16.363659, 45.627191], [16.365683, 45.628301], [16.366696, 45.628245], [16.369626, 45.626906], [16.374387, 45.628062], [16.375365, 45.628042], [16.376933, 45.627347], [16.378881, 45.627723], [16.379737, 45.627382], [16.379874, 45.626526], [16.380385, 45.626321], [16.381189, 45.626466], [16.382444, 45.627315], [16.38474, 45.627115], [16.386402, 45.627406], [16.387288, 45.628288], [16.387881, 45.629639], [16.388628, 45.629679], [16.389532, 45.629305], [16.391012, 45.629421], [16.392187, 45.62192], [16.394646, 45.62102], [16.395925, 45.620951], [16.397591, 45.621464], [16.398383, 45.621309], [16.398837, 45.620633], [16.398398, 45.61922], [16.398679, 45.618478], [16.401842, 45.618024], [16.405341, 45.616862], [16.405802, 45.616355], [16.406111, 45.614866], [16.408014, 45.614275], [16.408146, 45.613823], [16.407376, 45.612493], [16.408759, 45.612241], [16.408922, 45.611788], [16.408127, 45.610668], [16.4083, 45.608191], [16.407277, 45.606798], [16.407543, 45.606269], [16.408909, 45.605516], [16.409303, 45.603591]]]}, "properties": {"id": 81, "razina": "naselje", "name": "Lijeva Luka", "jls_name": "Martinska Ves", "jls_maticni_broj": "02593", "zupanija": "Sisačko-moslavačka", "area_km2": 11.391, "stanovnistvo": 197, "palette_idx": 0, "historical_zone": "Martinska Ves", "source": "DGU rpj:naselje"}}, {"type": "Feature", "id": 82, "geometry": {"type": "Polygon", "coordinates": [[[16.363445, 45.630453], [16.362641, 45.630689], [16.352636, 45.62593], [16.347426, 45.623987], [16.346182, 45.623888], [16.341813, 45.62474], [16.33682, 45.620373], [16.335584, 45.621201], [16.334385, 45.621373], [16.335772, 45.627767], [16.337106, 45.630511], [16.345114, 45.643318], [16.345295, 45.644501], [16.344965, 45.645242], [16.343614, 45.646296], [16.342313, 45.646746], [16.33816, 45.647202], [16.33493, 45.647011], [16.328435, 45.645773], [16.322088, 45.644415], [16.319807, 45.642937], [16.318622, 45.64116], [16.316193, 45.640976], [16.314293, 45.647526], [16.314546, 45.65009], [16.319037, 45.649898], [16.319861, 45.658746], [16.324359, 45.658526], [16.331106, 45.658224], [16.330911, 45.656136], [16.341205, 45.655675], [16.339855, 45.654453], [16.345181, 45.652225], [16.345247, 45.651166], [16.345927, 45.650954], [16.344926, 45.649756], [16.350162, 45.64796], [16.350382, 45.649434], [16.356697, 45.64725], [16.356304, 45.643202], [16.36469, 45.640134], [16.363445, 45.630453]]]}, "properties": {"id": 82, "razina": "naselje", "name": "Lijevi Dubrovčak", "jls_name": "Martinska Ves", "jls_maticni_broj": "02593", "zupanija": "Sisačko-moslavačka", "area_km2": 6.8665, "stanovnistvo": 324, "palette_idx": 0, "historical_zone": "Martinska Ves", "source": "DGU rpj:naselje"}}, {"type": "Feature", "id": 83, "geometry": {"type": "Polygon", "coordinates": [[[16.364009, 45.594147], [16.359578, 45.592617], [16.359003, 45.59264], [16.356847, 45.589211], [16.356876, 45.587187], [16.354613, 45.587329], [16.352237, 45.588248], [16.35, 45.589855], [16.348963, 45.591104], [16.34743, 45.594669], [16.346087, 45.596641], [16.345579, 45.598858], [16.346065, 45.599503], [16.347099, 45.599938], [16.349871, 45.600345], [16.359407, 45.59924], [16.36113, 45.599726], [16.36156, 45.600341], [16.361292, 45.600758], [16.362961, 45.601192], [16.363428, 45.600302], [16.365593, 45.598799], [16.365286, 45.598346], [16.363456, 45.597614], [16.364527, 45.595036], [16.364009, 45.594147]]]}, "properties": {"id": 83, "razina": "naselje", "name": "Lijevo Trebarjevo", "jls_name": "Martinska Ves", "jls_maticni_broj": "02593", "zupanija": "Sisačko-moslavačka", "area_km2": 1.4241, "stanovnistvo": 54, "palette_idx": 3, "historical_zone": "Martinska Ves", "source": "DGU rpj:naselje"}}, {"type": "Feature", "id": 84, "geometry": {"type": "Polygon", "coordinates": [[[16.363445, 45.630453], [16.365653, 45.62982], [16.365683, 45.628301], [16.363659, 45.627191], [16.360838, 45.626737], [16.356333, 45.62383], [16.352425, 45.623185], [16.351396, 45.622719], [16.351451, 45.621552], [16.348693, 45.620843], [16.337381, 45.616102], [16.334917, 45.615632], [16.333972, 45.615839], [16.333177, 45.616696], [16.333085, 45.617509], [16.334385, 45.621373], [16.335584, 45.621201], [16.33682, 45.620373], [16.341813, 45.62474], [16.346182, 45.623888], [16.347426, 45.623987], [16.352636, 45.62593], [16.362641, 45.630689], [16.363445, 45.630453]]]}, "properties": {"id": 84, "razina": "naselje", "name": "Lijevo Željezno", "jls_name": "Martinska Ves", "jls_maticni_broj": "02593", "zupanija": "Sisačko-moslavačka", "area_km2": 1.172, "stanovnistvo": 8, "palette_idx": 2, "historical_zone": "Martinska Ves", "source": "DGU rpj:naselje"}}, {"type": "Feature", "id": 85, "geometry": {"type": "Polygon", "coordinates": [[[16.403307, 45.556782], [16.400232, 45.55682], [16.397661, 45.556519], [16.395645, 45.556089], [16.393816, 45.555165], [16.391874, 45.553041], [16.390806, 45.550728], [16.390229, 45.54754], [16.385899, 45.547196], [16.38351, 45.547723], [16.3825, 45.548844], [16.378771, 45.548744], [16.377591, 45.550239], [16.377526, 45.551532], [16.376256, 45.551648], [16.378035, 45.55839], [16.377947, 45.559882], [16.377576, 45.561282], [16.381554, 45.562836], [16.382838, 45.562647], [16.385415, 45.56391], [16.3847, 45.564536], [16.385129, 45.565729], [16.385755, 45.566067], [16.387953, 45.565648], [16.390402, 45.565817], [16.393104, 45.566175], [16.395289, 45.566118], [16.398706, 45.565181], [16.40315, 45.562991], [16.409265, 45.562001], [16.409928, 45.559956], [16.409305, 45.557657], [16.407441, 45.556685], [16.403307, 45.556782]]]}, "properties": {"id": 85, "razina": "naselje", "name": "Ljubljanica", "jls_name": "Martinska Ves", "jls_maticni_broj": "02593", "zupanija": "Sisačko-moslavačka", "area_km2": 3.1819, "stanovnistvo": 18, "palette_idx": 3, "historical_zone": "Martinska Ves", "source": "DGU rpj:naselje"}}, {"type": "Feature", "id": 86, "geometry": {"type": "Polygon", "coordinates": [[[16.461335, 45.569009], [16.458972, 45.570968], [16.458699, 45.572834], [16.454858, 45.574753], [16.453884, 45.574746], [16.450826, 45.572974], [16.450649, 45.572061], [16.451077, 45.570622], [16.450429, 45.569121], [16.449178, 45.567986], [16.449531, 45.567713], [16.44881, 45.565396], [16.44805, 45.564387], [16.449006, 45.563577], [16.447097, 45.561224], [16.446346, 45.560846], [16.446996, 45.559606], [16.44657, 45.558641], [16.445963, 45.558336], [16.44298, 45.558277], [16.438721, 45.557136], [16.436008, 45.5569], [16.434673, 45.557504], [16.433984, 45.557459], [16.433358, 45.558577], [16.431008, 45.559108], [16.42978, 45.559893], [16.429736, 45.560543], [16.427842, 45.560209], [16.426921, 45.562335], [16.423918, 45.56197], [16.421228, 45.561266], [16.421034, 45.561749], [16.418135, 45.560681], [16.417748, 45.560363], [16.417535, 45.558356], [16.417127, 45.557993], [16.419808, 45.557307], [16.415542, 45.554661], [16.410511, 45.554599], [16.409859, 45.555016], [16.404791, 45.554371], [16.403643, 45.555482], [16.403307, 45.556782], [16.407441, 45.556685], [16.409305, 45.557657], [16.409928, 45.559956], [16.409265, 45.562001], [16.40315, 45.562991], [16.398706, 45.565181], [16.395289, 45.566118], [16.393104, 45.566175], [16.390402, 45.565817], [16.390181, 45.571619], [16.389496, 45.572192], [16.390207, 45.572505], [16.389213, 45.576167], [16.391279, 45.576783], [16.394457, 45.576754], [16.396966, 45.578236], [16.39782, 45.577719], [16.400464, 45.577126], [16.402282, 45.576018], [16.406629, 45.577023], [16.410384, 45.578346], [16.41279, 45.579587], [16.415769, 45.57975], [16.42188, 45.581696], [16.435347, 45.59128], [16.436143, 45.592365], [16.437516, 45.597281], [16.437733, 45.599812], [16.441911, 45.598402], [16.443927, 45.598966], [16.444943, 45.597431], [16.444321, 45.596091], [16.444706, 45.595138], [16.444238, 45.594118], [16.444664, 45.593321], [16.446293, 45.59272], [16.449463, 45.592922], [16.450172, 45.591015], [16.45159, 45.589105], [16.453276, 45.58782], [16.452787, 45.587027], [16.451485, 45.586621], [16.451228, 45.58603], [16.451811, 45.585586], [16.453855, 45.585549], [16.454618, 45.584242], [16.455302, 45.583858], [16.457369, 45.58394], [16.458647, 45.582846], [16.460035, 45.582647], [16.461877, 45.58107], [16.467573, 45.578636], [16.461335, 45.569009]]]}, "properties": {"id": 86, "razina": "naselje", "name": "Mahovo", "jls_name": "Martinska Ves", "jls_maticni_broj": "02593", "zupanija": "Sisačko-moslavačka", "area_km2": 14.0051, "stanovnistvo": 233, "palette_idx": 2, "historical_zone": "Martinska Ves", "source": "DGU rpj:naselje"}}, {"type": "Feature", "id": 87, "geometry": {"type": "Polygon", "coordinates": [[[16.437733, 45.599812], [16.437516, 45.597281], [16.436143, 45.592365], [16.435347, 45.59128], [16.42188, 45.581696], [16.415769, 45.57975], [16.41279, 45.579587], [16.410384, 45.578346], [16.406629, 45.577023], [16.402282, 45.576018], [16.400464, 45.577126], [16.39782, 45.577719], [16.396966, 45.578236], [16.394457, 45.576754], [16.391279, 45.576783], [16.389213, 45.576167], [16.390207, 45.572505], [16.389496, 45.572192], [16.390181, 45.571619], [16.390402, 45.565817], [16.387953, 45.565648], [16.385755, 45.566067], [16.385129, 45.565729], [16.3847, 45.564536], [16.385415, 45.56391], [16.382838, 45.562647], [16.381554, 45.562836], [16.377576, 45.561282], [16.377947, 45.559882], [16.375265, 45.558416], [16.374117, 45.556806], [16.372562, 45.556579], [16.371992, 45.557818], [16.371003, 45.558728], [16.365566, 45.560349], [16.362795, 45.560079], [16.360272, 45.560179], [16.356312, 45.55886], [16.349178, 45.560883], [16.345583, 45.561001], [16.342102, 45.561975], [16.339854, 45.562063], [16.336421, 45.563226], [16.333537, 45.563121], [16.329825, 45.565112], [16.329329, 45.566907], [16.331526, 45.568903], [16.33315, 45.567872], [16.335495, 45.566947], [16.337084, 45.567554], [16.338286, 45.568467], [16.338778, 45.569422], [16.338683, 45.57029], [16.338217, 45.570961], [16.337096, 45.571255], [16.347199, 45.581513], [16.347625, 45.581017], [16.348067, 45.581143], [16.350298, 45.584198], [16.351296, 45.587108], [16.352237, 45.588248], [16.354613, 45.587329], [16.356876, 45.587187], [16.356847, 45.589211], [16.359003, 45.59264], [16.359578, 45.592617], [16.364009, 45.594147], [16.373452, 45.597376], [16.385619, 45.602672], [16.389239, 45.598451], [16.405281, 45.604973], [16.407489, 45.603535], [16.409303, 45.603591], [16.409872, 45.602812], [16.412262, 45.60317], [16.413971, 45.60144], [16.416032, 45.601222], [16.417079, 45.601483], [16.418719, 45.6026], [16.420606, 45.603009], [16.42217, 45.604372], [16.426188, 45.605047], [16.426875, 45.604664], [16.426585, 45.603741], [16.426923, 45.602126], [16.42586, 45.601274], [16.425642, 45.600611], [16.426405, 45.599671], [16.428099, 45.598677], [16.428641, 45.597753], [16.429574, 45.597669], [16.431341, 45.598305], [16.434033, 45.598549], [16.437733, 45.599812]]]}, "properties": {"id": 87, "razina": "naselje", "name": "Martinska Ves", "jls_name": "Martinska Ves", "jls_maticni_broj": "02593", "zupanija": "Sisačko-moslavačka", "area_km2": 22.5157, "stanovnistvo": 540, "palette_idx": 1, "historical_zone": "Martinska Ves", "source": "DGU rpj:naselje"}}, {"type": "Feature", "id": 88, "geometry": {"type": "Polygon", "coordinates": [[[16.449869, 45.532392], [16.438964, 45.529913], [16.436659, 45.53027], [16.431958, 45.529283], [16.429107, 45.537331], [16.421834, 45.535725], [16.420199, 45.540154], [16.410508, 45.539365], [16.403723, 45.538314], [16.399563, 45.538868], [16.393605, 45.538928], [16.390973, 45.539513], [16.392896, 45.540836], [16.393245, 45.542031], [16.390229, 45.54754], [16.390806, 45.550728], [16.391874, 45.553041], [16.393816, 45.555165], [16.395645, 45.556089], [16.397661, 45.556519], [16.400232, 45.55682], [16.403307, 45.556782], [16.403643, 45.555482], [16.404791, 45.554371], [16.409859, 45.555016], [16.410511, 45.554599], [16.415542, 45.554661], [16.419808, 45.557307], [16.417127, 45.557993], [16.417535, 45.558356], [16.417748, 45.560363], [16.418135, 45.560681], [16.421034, 45.561749], [16.421228, 45.561266], [16.423918, 45.56197], [16.426921, 45.562335], [16.427842, 45.560209], [16.429736, 45.560543], [16.42978, 45.559893], [16.431008, 45.559108], [16.433358, 45.558577], [16.433984, 45.557459], [16.434673, 45.557504], [16.436008, 45.5569], [16.438721, 45.557136], [16.44298, 45.558277], [16.445963, 45.558336], [16.44657, 45.558641], [16.446996, 45.559606], [16.446346, 45.560846], [16.447097, 45.561224], [16.449006, 45.563577], [16.44805, 45.564387], [16.44881, 45.565396], [16.449531, 45.567713], [16.449178, 45.567986], [16.450429, 45.569121], [16.451077, 45.570622], [16.450649, 45.572061], [16.450826, 45.572974], [16.453884, 45.574746], [16.454858, 45.574753], [16.458699, 45.572834], [16.458972, 45.570968], [16.461335, 45.569009], [16.462827, 45.567365], [16.460293, 45.565447], [16.460353, 45.564814], [16.465254, 45.563265], [16.467508, 45.563659], [16.467974, 45.563121], [16.4679, 45.561918], [16.467013, 45.56138], [16.464308, 45.56139], [16.463812, 45.561136], [16.463092, 45.55949], [16.463003, 45.557771], [16.462432, 45.557021], [16.458414, 45.556654], [16.45541, 45.554617], [16.453036, 45.554363], [16.452351, 45.553799], [16.452094, 45.553142], [16.453194, 45.551197], [16.453661, 45.549477], [16.453334, 45.54742], [16.453667, 45.545947], [16.451677, 45.543961], [16.451945, 45.541141], [16.450281, 45.540251], [16.449942, 45.539724], [16.450177, 45.538359], [16.451745, 45.536989], [16.452033, 45.536284], [16.45191, 45.535744], [16.450501, 45.534708], [16.449869, 45.532392]]]}, "properties": {"id": 88, "razina": "naselje", "name": "Setuš", "jls_name": "Martinska Ves", "jls_maticni_broj": "02593", "zupanija": "Sisačko-moslavačka", "area_km2": 13.4285, "stanovnistvo": 119, "palette_idx": 0, "historical_zone": "Martinska Ves", "source": "DGU rpj:naselje"}}, {"type": "Feature", "id": 89, "geometry": {"type": "Polygon", "coordinates": [[[16.398608, 45.520148], [16.400699, 45.517109], [16.401969, 45.516536], [16.402996, 45.516445], [16.403144, 45.514144], [16.402705, 45.512148], [16.403194, 45.507736], [16.400101, 45.507103], [16.396137, 45.504635], [16.393875, 45.50449], [16.391499, 45.505171], [16.387108, 45.507689], [16.384462, 45.508831], [16.383624, 45.508969], [16.3825, 45.508529], [16.381531, 45.50905], [16.380765, 45.508619], [16.378866, 45.50914], [16.37367, 45.50975], [16.369296, 45.512068], [16.368748, 45.512107], [16.368559, 45.51285], [16.370936, 45.515557], [16.370944, 45.51674], [16.372047, 45.51737], [16.375566, 45.521162], [16.376828, 45.52194], [16.378773, 45.523959], [16.378232, 45.521595], [16.379325, 45.520293], [16.381702, 45.520289], [16.383604, 45.520889], [16.38805, 45.523274], [16.389725, 45.523769], [16.391453, 45.5239], [16.395434, 45.522956], [16.396906, 45.522045], [16.398608, 45.520148]]]}, "properties": {"id": 89, "razina": "naselje", "name": "Strelečko", "jls_name": "Martinska Ves", "jls_maticni_broj": "02593", "zupanija": "Sisačko-moslavačka", "area_km2": 3.7854, "stanovnistvo": 455, "palette_idx": 1, "historical_zone": "Martinska Ves", "source": "DGU rpj:naselje"}}, {"type": "Feature", "id": 90, "geometry": {"type": "Polygon", "coordinates": [[[16.421834, 45.535725], [16.423544, 45.531036], [16.41047, 45.529758], [16.407102, 45.530606], [16.40628, 45.529454], [16.403089, 45.526602], [16.401863, 45.527072], [16.40162, 45.52401], [16.401908, 45.522877], [16.401119, 45.522603], [16.401077, 45.521132], [16.399886, 45.521148], [16.398608, 45.520148], [16.396906, 45.522045], [16.395434, 45.522956], [16.391453, 45.5239], [16.389725, 45.523769], [16.38805, 45.523274], [16.383604, 45.520889], [16.381702, 45.520289], [16.379325, 45.520293], [16.378232, 45.521595], [16.378773, 45.523959], [16.382046, 45.528904], [16.381722, 45.530821], [16.379474, 45.533332], [16.379504, 45.533981], [16.380342, 45.534702], [16.38292, 45.536105], [16.390973, 45.539513], [16.393605, 45.538928], [16.399563, 45.538868], [16.403723, 45.538314], [16.410508, 45.539365], [16.420199, 45.540154], [16.421834, 45.535725]]]}, "properties": {"id": 90, "razina": "naselje", "name": "Tišina Erdedska", "jls_name": "Martinska Ves", "jls_maticni_broj": "02593", "zupanija": "Sisačko-moslavačka", "area_km2": 4.6628, "stanovnistvo": 265, "palette_idx": 3, "historical_zone": "Martinska Ves", "source": "DGU rpj:naselje"}}, {"type": "Feature", "id": 91, "geometry": {"type": "Polygon", "coordinates": [[[16.380342, 45.534702], [16.379504, 45.533981], [16.379474, 45.533332], [16.381722, 45.530821], [16.382046, 45.528904], [16.378773, 45.523959], [16.376828, 45.52194], [16.375566, 45.521162], [16.372047, 45.51737], [16.370944, 45.51674], [16.370936, 45.515557], [16.368559, 45.51285], [16.365798, 45.513443], [16.365371, 45.514113], [16.365926, 45.515579], [16.364944, 45.516065], [16.363952, 45.515515], [16.363505, 45.514325], [16.361721, 45.513107], [16.361106, 45.512985], [16.359452, 45.513544], [16.357857, 45.51524], [16.356939, 45.517871], [16.354398, 45.51989], [16.352887, 45.522043], [16.353359, 45.523407], [16.356418, 45.524219], [16.356876, 45.524701], [16.356532, 45.525914], [16.354912, 45.526664], [16.352483, 45.526871], [16.351307, 45.527465], [16.351244, 45.528175], [16.35194, 45.529349], [16.35153, 45.530048], [16.350662, 45.530076], [16.349164, 45.529249], [16.347395, 45.530267], [16.345863, 45.530083], [16.34446, 45.530307], [16.342919, 45.531569], [16.342026, 45.531764], [16.341968, 45.533133], [16.341114, 45.534297], [16.341127, 45.536785], [16.340672, 45.538103], [16.341751, 45.53957], [16.341898, 45.541061], [16.343607, 45.541763], [16.344265, 45.542552], [16.34587, 45.543267], [16.346018, 45.54389], [16.34764, 45.544132], [16.348447, 45.543968], [16.34962, 45.54434], [16.353028, 45.542779], [16.360338, 45.541068], [16.360551, 45.539136], [16.362392, 45.53613], [16.362329, 45.534389], [16.361372, 45.531668], [16.363054, 45.528818], [16.365921, 45.527113], [16.372248, 45.526359], [16.373572, 45.526707], [16.373105, 45.527473], [16.366822, 45.528136], [16.365822, 45.528925], [16.366206, 45.5312], [16.368925, 45.534727], [16.368311, 45.53553], [16.369326, 45.536538], [16.370381, 45.536422], [16.372174, 45.536986], [16.376525, 45.534924], [16.380342, 45.534702]]]}, "properties": {"id": 91, "razina": "naselje", "name": "Tišina Kaptolska", "jls_name": "Martinska Ves", "jls_maticni_broj": "02593", "zupanija": "Sisačko-moslavačka", "area_km2": 5.6968, "stanovnistvo": 219, "palette_idx": 4, "historical_zone": "Martinska Ves", "source": "DGU rpj:naselje"}}, {"type": "Feature", "id": 92, "geometry": {"type": "Polygon", "coordinates": [[[16.377947, 45.559882], [16.378035, 45.55839], [16.376256, 45.551648], [16.377526, 45.551532], [16.377591, 45.550239], [16.378771, 45.548744], [16.3825, 45.548844], [16.38351, 45.547723], [16.385899, 45.547196], [16.390229, 45.54754], [16.393245, 45.542031], [16.392896, 45.540836], [16.390973, 45.539513], [16.38292, 45.536105], [16.380342, 45.534702], [16.376525, 45.534924], [16.372174, 45.536986], [16.370381, 45.536422], [16.369326, 45.536538], [16.368311, 45.53553], [16.368925, 45.534727], [16.366206, 45.5312], [16.365822, 45.528925], [16.366822, 45.528136], [16.373105, 45.527473], [16.373572, 45.526707], [16.372248, 45.526359], [16.365921, 45.527113], [16.363054, 45.528818], [16.361372, 45.531668], [16.362329, 45.534389], [16.362392, 45.53613], [16.360551, 45.539136], [16.360338, 45.541068], [16.353028, 45.542779], [16.34962, 45.54434], [16.348447, 45.543968], [16.34764, 45.544132], [16.346018, 45.54389], [16.34587, 45.543267], [16.344265, 45.542552], [16.34378, 45.543954], [16.344983, 45.544992], [16.345449, 45.546166], [16.346079, 45.546676], [16.345529, 45.547423], [16.345532, 45.548495], [16.346099, 45.549688], [16.345418, 45.551641], [16.344564, 45.551931], [16.344158, 45.552424], [16.342828, 45.552697], [16.342995, 45.553753], [16.342693, 45.554231], [16.340936, 45.553625], [16.338576, 45.554696], [16.340345, 45.558484], [16.344395, 45.558589], [16.345703, 45.559583], [16.345583, 45.561001], [16.349178, 45.560883], [16.356312, 45.55886], [16.360272, 45.560179], [16.362795, 45.560079], [16.365566, 45.560349], [16.371003, 45.558728], [16.371992, 45.557818], [16.372562, 45.556579], [16.374117, 45.556806], [16.375265, 45.558416], [16.377947, 45.559882]]]}, "properties": {"id": 92, "razina": "naselje", "name": "Žirčica", "jls_name": "Martinska Ves", "jls_maticni_broj": "02593", "zupanija": "Sisačko-moslavačka", "area_km2": 7.6968, "stanovnistvo": 108, "palette_idx": 2, "historical_zone": "Martinska Ves", "source": "DGU rpj:naselje"}}, {"type": "Feature", "id": 93, "geometry": {"type": "Polygon", "coordinates": [[[16.386776, 45.35736], [16.387149, 45.357573], [16.385638, 45.358472], [16.385639, 45.358769], [16.383667, 45.359076], [16.38289, 45.358945], [16.382327, 45.358446], [16.381628, 45.36048], [16.378272, 45.363882], [16.377117, 45.364739], [16.375364, 45.36691], [16.376477, 45.366751], [16.377485, 45.368005], [16.378436, 45.367716], [16.378577, 45.36819], [16.378912, 45.367977], [16.37974, 45.369238], [16.379512, 45.369735], [16.380164, 45.369869], [16.3806, 45.369536], [16.381611, 45.369518], [16.38227, 45.370052], [16.382097, 45.370831], [16.384507, 45.371473], [16.384185, 45.371893], [16.385949, 45.372354], [16.385865, 45.372877], [16.387425, 45.372947], [16.38708, 45.375172], [16.386226, 45.374925], [16.386408, 45.375973], [16.385714, 45.376071], [16.385116, 45.376555], [16.382969, 45.38005], [16.384222, 45.380846], [16.385764, 45.383236], [16.387925, 45.384696], [16.388791, 45.387279], [16.390558, 45.388679], [16.394044, 45.390423], [16.394688, 45.391074], [16.395279, 45.392199], [16.395309, 45.39273], [16.394893, 45.393024], [16.395684, 45.393855], [16.390866, 45.395154], [16.392053, 45.397208], [16.387026, 45.39923], [16.385792, 45.399157], [16.38498, 45.398027], [16.383749, 45.397354], [16.382936, 45.396035], [16.381359, 45.39492], [16.379458, 45.391928], [16.378394, 45.390994], [16.377199, 45.392565], [16.375914, 45.393333], [16.374437, 45.395599], [16.368145, 45.39412], [16.36543, 45.393891], [16.36523, 45.394832], [16.364493, 45.395808], [16.365401, 45.396534], [16.365295, 45.397063], [16.364757, 45.397345], [16.365515, 45.397636], [16.365297, 45.398068], [16.364721, 45.398166], [16.365088, 45.398534], [16.364463, 45.399984], [16.365504, 45.400623], [16.36551, 45.400946], [16.364811, 45.401083], [16.364297, 45.400827], [16.364111, 45.401072], [16.364369, 45.401429], [16.365193, 45.401569], [16.36458, 45.402976], [16.36494, 45.403874], [16.363461, 45.404332], [16.363937, 45.404737], [16.363563, 45.405088], [16.364497, 45.405351], [16.363842, 45.406004], [16.365126, 45.406254], [16.364957, 45.407071], [16.36545, 45.407273], [16.365006, 45.40758], [16.365977, 45.407961], [16.364983, 45.408445], [16.366198, 45.408709], [16.366327, 45.409005], [16.364687, 45.41023], [16.365606, 45.410811], [16.365462, 45.411228], [16.364889, 45.411391], [16.365559, 45.411689], [16.365178, 45.411882], [16.364146, 45.411731], [16.364385, 45.412768], [16.363722, 45.413539], [16.36299, 45.413629], [16.363301, 45.414066], [16.362361, 45.414431], [16.362733, 45.414951], [16.361532, 45.415323], [16.362095, 45.415627], [16.361576, 45.415934], [16.362208, 45.41621], [16.362068, 45.416925], [16.361226, 45.416975], [16.361291, 45.417713], [16.360098, 45.418596], [16.361223, 45.418695], [16.361161, 45.419407], [16.360497, 45.419369], [16.361128, 45.420032], [16.361047, 45.423956], [16.365551, 45.425152], [16.36588, 45.426193], [16.365879, 45.426889], [16.366582, 45.427504], [16.366241, 45.430922], [16.366465, 45.433521], [16.36418, 45.435743], [16.362792, 45.440807], [16.367391, 45.442366], [16.366413, 45.443801], [16.366271, 45.445146], [16.365196, 45.4459], [16.365488, 45.446369], [16.365091, 45.446924], [16.360587, 45.445296], [16.356814, 45.444882], [16.354114, 45.445015], [16.351418, 45.445736], [16.349482, 45.446773], [16.348197, 45.448587], [16.347733, 45.450564], [16.346384, 45.452792], [16.345091, 45.454065], [16.344048, 45.454649], [16.33775, 45.456718], [16.335994, 45.457819], [16.331793, 45.469512], [16.330412, 45.471581], [16.327752, 45.473008], [16.325622, 45.473231], [16.323621, 45.472651], [16.319848, 45.469659], [16.316714, 45.466075], [16.314086, 45.464444], [16.312502, 45.46401], [16.310039, 45.463753], [16.303766, 45.46521], [16.300504, 45.465558], [16.296663, 45.465403], [16.288076, 45.464606], [16.272877, 45.461983], [16.271923, 45.4646], [16.270849, 45.466121], [16.270738, 45.467089], [16.271583, 45.469511], [16.273204, 45.481611], [16.276871, 45.480649], [16.276533, 45.483156], [16.277572, 45.488375], [16.278224, 45.489313], [16.278883, 45.491724], [16.277957, 45.493965], [16.275606, 45.496898], [16.27712, 45.4982], [16.278342, 45.498469], [16.280288, 45.499515], [16.281891, 45.501328], [16.282209, 45.502723], [16.282995, 45.503651], [16.28395, 45.504115], [16.285395, 45.503905], [16.28614, 45.504338], [16.285339, 45.505436], [16.287155, 45.508056], [16.27889, 45.509559], [16.27235, 45.510263], [16.273317, 45.51391], [16.270258, 45.514218], [16.253149, 45.51293], [16.244507, 45.519605], [16.242976, 45.524493], [16.245259, 45.526357], [16.243474, 45.527688], [16.245089, 45.529108], [16.245156, 45.530593], [16.244462, 45.531341], [16.245388, 45.53193], [16.249547, 45.536305], [16.252424, 45.540049], [16.259973, 45.545102], [16.266847, 45.547871], [16.26806, 45.549052], [16.269447, 45.548184], [16.271106, 45.548245], [16.273108, 45.547762], [16.274896, 45.547873], [16.275521, 45.54797], [16.276608, 45.549038], [16.282923, 45.552015], [16.284807, 45.550666], [16.287025, 45.551473], [16.288423, 45.551342], [16.290042, 45.55184], [16.290706, 45.552586], [16.290851, 45.553854], [16.291398, 45.554484], [16.291187, 45.555266], [16.287694, 45.559172], [16.286267, 45.563471], [16.284819, 45.565395], [16.284202, 45.568523], [16.284099, 45.569891], [16.285258, 45.570952], [16.285405, 45.572304], [16.28593, 45.573018], [16.288073, 45.573805], [16.290715, 45.57337], [16.294425, 45.573502], [16.295804, 45.575277], [16.297378, 45.575914], [16.2977, 45.575127], [16.302697, 45.573932], [16.302789, 45.572502], [16.303234, 45.571871], [16.305797, 45.571912], [16.3066, 45.571648], [16.307588, 45.569105], [16.310876, 45.56624], [16.313072, 45.565643], [16.314269, 45.565677], [16.315139, 45.565918], [16.316288, 45.56709], [16.316379, 45.569727], [16.316934, 45.570184], [16.319476, 45.570959], [16.320782, 45.571834], [16.322362, 45.574062], [16.323375, 45.573902], [16.324467, 45.57312], [16.325778, 45.57103], [16.328063, 45.570359], [16.329153, 45.570382], [16.33072, 45.571051], [16.331973, 45.572776], [16.332726, 45.57323], [16.333868, 45.572973], [16.335573, 45.571744], [16.337096, 45.571255], [16.338217, 45.570961], [16.338683, 45.57029], [16.338778, 45.569422], [16.338286, 45.568467], [16.337084, 45.567554], [16.335495, 45.566947], [16.33315, 45.567872], [16.331526, 45.568903], [16.329329, 45.566907], [16.329825, 45.565112], [16.333537, 45.563121], [16.336421, 45.563226], [16.339854, 45.562063], [16.342102, 45.561975], [16.345583, 45.561001], [16.345703, 45.559583], [16.344395, 45.558589], [16.340345, 45.558484], [16.338576, 45.554696], [16.340936, 45.553625], [16.342693, 45.554231], [16.342995, 45.553753], [16.342828, 45.552697], [16.344158, 45.552424], [16.344564, 45.551931], [16.345418, 45.551641], [16.346099, 45.549688], [16.345532, 45.548495], [16.345529, 45.547423], [16.346079, 45.546676], [16.345449, 45.546166], [16.344983, 45.544992], [16.34378, 45.543954], [16.344265, 45.542552], [16.343607, 45.541763], [16.341898, 45.541061], [16.341751, 45.53957], [16.340672, 45.538103], [16.341127, 45.536785], [16.341114, 45.534297], [16.341968, 45.533133], [16.342026, 45.531764], [16.342919, 45.531569], [16.34446, 45.530307], [16.345863, 45.530083], [16.347395, 45.530267], [16.349164, 45.529249], [16.350662, 45.530076], [16.35153, 45.530048], [16.35194, 45.529349], [16.351244, 45.528175], [16.351307, 45.527465], [16.352483, 45.526871], [16.354912, 45.526664], [16.356532, 45.525914], [16.356876, 45.524701], [16.356418, 45.524219], [16.353359, 45.523407], [16.352887, 45.522043], [16.354398, 45.51989], [16.356939, 45.517871], [16.357857, 45.51524], [16.359452, 45.513544], [16.361106, 45.512985], [16.361721, 45.513107], [16.363505, 45.514325], [16.363952, 45.515515], [16.364944, 45.516065], [16.365926, 45.515579], [16.365371, 45.514113], [16.365798, 45.513443], [16.368559, 45.51285], [16.368748, 45.512107], [16.369296, 45.512068], [16.37367, 45.50975], [16.378866, 45.50914], [16.380765, 45.508619], [16.381531, 45.50905], [16.3825, 45.508529], [16.383624, 45.508969], [16.384462, 45.508831], [16.387108, 45.507689], [16.391499, 45.505171], [16.393875, 45.50449], [16.396137, 45.504635], [16.400101, 45.507103], [16.403194, 45.507736], [16.402705, 45.512148], [16.403144, 45.514144], [16.402996, 45.516445], [16.401969, 45.516536], [16.400699, 45.517109], [16.398608, 45.520148], [16.399886, 45.521148], [16.401077, 45.521132], [16.401119, 45.522603], [16.401908, 45.522877], [16.40162, 45.52401], [16.401863, 45.527072], [16.403089, 45.526602], [16.40628, 45.529454], [16.407102, 45.530606], [16.41047, 45.529758], [16.423544, 45.531036], [16.421834, 45.535725], [16.429107, 45.537331], [16.431958, 45.529283], [16.436659, 45.53027], [16.438964, 45.529913], [16.449869, 45.532392], [16.4499, 45.531088], [16.451621, 45.530076], [16.452631, 45.527165], [16.454848, 45.524776], [16.45575, 45.524445], [16.45846, 45.524351], [16.459038, 45.523804], [16.459171, 45.522863], [16.459577, 45.522684], [16.46165, 45.52351], [16.464122, 45.522707], [16.466691, 45.520749], [16.468229, 45.519059], [16.470916, 45.519152], [16.471655, 45.518927], [16.471922, 45.516982], [16.475629, 45.51609], [16.477863, 45.514464], [16.480093, 45.511758], [16.484511, 45.509971], [16.48561, 45.510302], [16.486072, 45.510853], [16.484359, 45.512475], [16.484451, 45.513539], [16.485246, 45.513874], [16.487613, 45.513821], [16.489764, 45.514215], [16.490021, 45.514983], [16.489452, 45.516164], [16.489671, 45.517265], [16.490794, 45.518831], [16.493071, 45.52084], [16.494397, 45.521427], [16.496938, 45.520865], [16.498658, 45.521512], [16.501441, 45.521669], [16.502929, 45.52102], [16.504009, 45.520949], [16.507736, 45.522209], [16.511704, 45.522244], [16.512983, 45.521713], [16.513412, 45.520432], [16.515718, 45.519427], [16.516101, 45.518311], [16.521929, 45.518423], [16.523956, 45.518926], [16.527994, 45.518938], [16.532, 45.519325], [16.532488, 45.519128], [16.532747, 45.518449], [16.532021, 45.514918], [16.533718, 45.512727], [16.535834, 45.511498], [16.535152, 45.50808], [16.537007, 45.505617], [16.535107, 45.502337], [16.534933, 45.501145], [16.538217, 45.496683], [16.540962, 45.494633], [16.543464, 45.494687], [16.54483, 45.49572], [16.544705, 45.497458], [16.545142, 45.498004], [16.54963, 45.498727], [16.550401, 45.499886], [16.550719, 45.501962], [16.551594, 45.502916], [16.553206, 45.503568], [16.555785, 45.503342], [16.560039, 45.500134], [16.560976, 45.499053], [16.561853, 45.496625], [16.564136, 45.49279], [16.563629, 45.488643], [16.564804, 45.487434], [16.569129, 45.487577], [16.570349, 45.487143], [16.572466, 45.485254], [16.576186, 45.484989], [16.579613, 45.483496], [16.584714, 45.482289], [16.588195, 45.482146], [16.59305, 45.482489], [16.595199, 45.482211], [16.596901, 45.481196], [16.598062, 45.478316], [16.598931, 45.477767], [16.600184, 45.477844], [16.600724, 45.478223], [16.60241, 45.480564], [16.605234, 45.481152], [16.607377, 45.481022], [16.609006, 45.479547], [16.609662, 45.479412], [16.614922, 45.479975], [16.616644, 45.479607], [16.641453, 45.468203], [16.647161, 45.465602], [16.657251, 45.460949], [16.658326, 45.461247], [16.659804, 45.463038], [16.660732, 45.463384], [16.662096, 45.462114], [16.664116, 45.462242], [16.664437, 45.460855], [16.665289, 45.46037], [16.668071, 45.460869], [16.669604, 45.462594], [16.670103, 45.462528], [16.671809, 45.460859], [16.67256, 45.460562], [16.673027, 45.460831], [16.673282, 45.462191], [16.673713, 45.462422], [16.674382, 45.462303], [16.675283, 45.46152], [16.67945, 45.461609], [16.681576, 45.463827], [16.683811, 45.465193], [16.684057, 45.466693], [16.684779, 45.467199], [16.687134, 45.466558], [16.688008, 45.465645], [16.686616, 45.463818], [16.687467, 45.462942], [16.687435, 45.462398], [16.685435, 45.461938], [16.684942, 45.46155], [16.685402, 45.461154], [16.689326, 45.45994], [16.689681, 45.459039], [16.687995, 45.455564], [16.688891, 45.45312], [16.688791, 45.452372], [16.687832, 45.451453], [16.68489, 45.449791], [16.684356, 45.448577], [16.686224, 45.447119], [16.68741, 45.446862], [16.689533, 45.447277], [16.691171, 45.44708], [16.693037, 45.446536], [16.694099, 45.445546], [16.693108, 45.44283], [16.69265, 45.439037], [16.693337, 45.437442], [16.691672, 45.436111], [16.691412, 45.435445], [16.693371, 45.433714], [16.69432, 45.430886], [16.692751, 45.430321], [16.691431, 45.43085], [16.690103, 45.432275], [16.688665, 45.432311], [16.687107, 45.428653], [16.687907, 45.426717], [16.68876, 45.426585], [16.689404, 45.42683], [16.692498, 45.428603], [16.696064, 45.428646], [16.697009, 45.42783], [16.697059, 45.424969], [16.697523, 45.42408], [16.698832, 45.423814], [16.701994, 45.423857], [16.703426, 45.423077], [16.704901, 45.421299], [16.706052, 45.421329], [16.708225, 45.42228], [16.708936, 45.422264], [16.709575, 45.421729], [16.709337, 45.419021], [16.708729, 45.417966], [16.707668, 45.417306], [16.704523, 45.416675], [16.703824, 45.416046], [16.703705, 45.415338], [16.704094, 45.414927], [16.706371, 45.41288], [16.707534, 45.41235], [16.7096, 45.412457], [16.711808, 45.414043], [16.712938, 45.414487], [16.713525, 45.41396], [16.714179, 45.412115], [16.715682, 45.411323], [16.719072, 45.410623], [16.721213, 45.411267], [16.721104, 45.412177], [16.721844, 45.412399], [16.7211, 45.412989], [16.722164, 45.413293], [16.721925, 45.414234], [16.722737, 45.414516], [16.72371, 45.41424], [16.724496, 45.415695], [16.725462, 45.415795], [16.726086, 45.415343], [16.726631, 45.416343], [16.728166, 45.416587], [16.730569, 45.415426], [16.731498, 45.416446], [16.731383, 45.416942], [16.734395, 45.418565], [16.736103, 45.416612], [16.736458, 45.415712], [16.737298, 45.415382], [16.738851, 45.413773], [16.740897, 45.413787], [16.742521, 45.415105], [16.745633, 45.414805], [16.746686, 45.414164], [16.747682, 45.412101], [16.748625, 45.411483], [16.748282, 45.410326], [16.749133, 45.409414], [16.747933, 45.40733], [16.745896, 45.407845], [16.745478, 45.407708], [16.744945, 45.406096], [16.743846, 45.405265], [16.743891, 45.404889], [16.744321, 45.404615], [16.746025, 45.404625], [16.747286, 45.404081], [16.749056, 45.403886], [16.749196, 45.40336], [16.748361, 45.401802], [16.753286, 45.395245], [16.756322, 45.393304], [16.759842, 45.392464], [16.760628, 45.391906], [16.760827, 45.390788], [16.759766, 45.389817], [16.759799, 45.38933], [16.761857, 45.389016], [16.762549, 45.388489], [16.760862, 45.386478], [16.761474, 45.384556], [16.760227, 45.383156], [16.759551, 45.38132], [16.758547, 45.380051], [16.759403, 45.377567], [16.758382, 45.374857], [16.756716, 45.372816], [16.756978, 45.371389], [16.758114, 45.370504], [16.759672, 45.370244], [16.763302, 45.37159], [16.766042, 45.371552], [16.76768, 45.368991], [16.771565, 45.365323], [16.775156, 45.363216], [16.778628, 45.363026], [16.779708, 45.362621], [16.781086, 45.361179], [16.781154, 45.360218], [16.777805, 45.358694], [16.77342, 45.35516], [16.772623, 45.352445], [16.772476, 45.349503], [16.773184, 45.348024], [16.767127, 45.347624], [16.761212, 45.348023], [16.758192, 45.347561], [16.756435, 45.347766], [16.754774, 45.34839], [16.753143, 45.350237], [16.752347, 45.35297], [16.753451, 45.355464], [16.757632, 45.361811], [16.755121, 45.36257], [16.748023, 45.362887], [16.743965, 45.363894], [16.742537, 45.364299], [16.740622, 45.364374], [16.737932, 45.364072], [16.734365, 45.36299], [16.722462, 45.362186], [16.722365, 45.359815], [16.721665, 45.359512], [16.721621, 45.358996], [16.722484, 45.35863], [16.722593, 45.357688], [16.723276, 45.357388], [16.724427, 45.355939], [16.724897, 45.354383], [16.724812, 45.353249], [16.723479, 45.351139], [16.721287, 45.349305], [16.714362, 45.346581], [16.712839, 45.346347], [16.711006, 45.346784], [16.709148, 45.348542], [16.709038, 45.350065], [16.709929, 45.352269], [16.711527, 45.353969], [16.716939, 45.355895], [16.718848, 45.357029], [16.719511, 45.359136], [16.71833, 45.360243], [16.719599, 45.360896], [16.720679, 45.36091], [16.721393, 45.362164], [16.718571, 45.361822], [16.714299, 45.359394], [16.712592, 45.358846], [16.702523, 45.356241], [16.700318, 45.355233], [16.697944, 45.353821], [16.696863, 45.35271], [16.695305, 45.352054], [16.691619, 45.351757], [16.688669, 45.35278], [16.679767, 45.360181], [16.677641, 45.361331], [16.671346, 45.363968], [16.669981, 45.365142], [16.669786, 45.36646], [16.670012, 45.367275], [16.671171, 45.368154], [16.67642, 45.370471], [16.67862, 45.372138], [16.67945, 45.373584], [16.679538, 45.374995], [16.678628, 45.376975], [16.675666, 45.378434], [16.668028, 45.379741], [16.665963, 45.380253], [16.663776, 45.381319], [16.663676, 45.382454], [16.666144, 45.386069], [16.666356, 45.387947], [16.665911, 45.388616], [16.664297, 45.390439], [16.662158, 45.391398], [16.658554, 45.39164], [16.646269, 45.391082], [16.644297, 45.385836], [16.643222, 45.384583], [16.641701, 45.383157], [16.638302, 45.382093], [16.637083, 45.382129], [16.636342, 45.38256], [16.635915, 45.383176], [16.635819, 45.384569], [16.636862, 45.386561], [16.64012, 45.390907], [16.630973, 45.390644], [16.627426, 45.391186], [16.625207, 45.39243], [16.624306, 45.393454], [16.623272, 45.39502], [16.621486, 45.399325], [16.6214, 45.401594], [16.622737, 45.406182], [16.622452, 45.408423], [16.62149, 45.409081], [16.620231, 45.409187], [16.617589, 45.408509], [16.616301, 45.407824], [16.612305, 45.403729], [16.60924, 45.402102], [16.606721, 45.401203], [16.604058, 45.400771], [16.601745, 45.401093], [16.599481, 45.402265], [16.598626, 45.403209], [16.598314, 45.404084], [16.598429, 45.409029], [16.598239, 45.411105], [16.597438, 45.413287], [16.594672, 45.416641], [16.591361, 45.419416], [16.589113, 45.420383], [16.586958, 45.420859], [16.583266, 45.421355], [16.581972, 45.421281], [16.578491, 45.420372], [16.577258, 45.419373], [16.573833, 45.414931], [16.571745, 45.413081], [16.567879, 45.410709], [16.5585, 45.407383], [16.548507, 45.403073], [16.540574, 45.400872], [16.534773, 45.399765], [16.531932, 45.399703], [16.530007, 45.40003], [16.527328, 45.401427], [16.52614, 45.402473], [16.523391, 45.405897], [16.521286, 45.408253], [16.519415, 45.409256], [16.506175, 45.411724], [16.500685, 45.4144], [16.496954, 45.410818], [16.493337, 45.409213], [16.493146, 45.408423], [16.492175, 45.407512], [16.490902, 45.407975], [16.490252, 45.407896], [16.490105, 45.408166], [16.489504, 45.407717], [16.489413, 45.407461], [16.491399, 45.406654], [16.491476, 45.406191], [16.49107, 45.405979], [16.483344, 45.405865], [16.483384, 45.406195], [16.482398, 45.406286], [16.481672, 45.40494], [16.480028, 45.403648], [16.477121, 45.402392], [16.47632, 45.40105], [16.473469, 45.402644], [16.472466, 45.402388], [16.471913, 45.403083], [16.470058, 45.402789], [16.467545, 45.402981], [16.467123, 45.402401], [16.467345, 45.402157], [16.46678, 45.401878], [16.465981, 45.401983], [16.465936, 45.401271], [16.465355, 45.401515], [16.465113, 45.401094], [16.46424, 45.401016], [16.46397, 45.400388], [16.463072, 45.400438], [16.462128, 45.399747], [16.46197, 45.400161], [16.461164, 45.400024], [16.460873, 45.400282], [16.459496, 45.40031], [16.459573, 45.40077], [16.459169, 45.400914], [16.458797, 45.400238], [16.458369, 45.400141], [16.457945, 45.401025], [16.457399, 45.400374], [16.456654, 45.401024], [16.454244, 45.400028], [16.453963, 45.400158], [16.454304, 45.40056], [16.453508, 45.400833], [16.453107, 45.401696], [16.452724, 45.401642], [16.452786, 45.401042], [16.452357, 45.401157], [16.451934, 45.400851], [16.449647, 45.401562], [16.449229, 45.401274], [16.448492, 45.401367], [16.448542, 45.401837], [16.449119, 45.401938], [16.448591, 45.402145], [16.448953, 45.402699], [16.447676, 45.403295], [16.447508, 45.402914], [16.446717, 45.403298], [16.445049, 45.403006], [16.445427, 45.402316], [16.444529, 45.402212], [16.442961, 45.401203], [16.441602, 45.40161], [16.440626, 45.402079], [16.439397, 45.401845], [16.438187, 45.402358], [16.438472, 45.402944], [16.437875, 45.402872], [16.437815, 45.403592], [16.43608, 45.403731], [16.435584, 45.404543], [16.434518, 45.404251], [16.434081, 45.404726], [16.433852, 45.404223], [16.433266, 45.404004], [16.432627, 45.404442], [16.432552, 45.404982], [16.431886, 45.40487], [16.431451, 45.405155], [16.430763, 45.404624], [16.42985, 45.405195], [16.429796, 45.404813], [16.428561, 45.404368], [16.428284, 45.403546], [16.427705, 45.40368], [16.427218, 45.402954], [16.426403, 45.402801], [16.426288, 45.402294], [16.42558, 45.402478], [16.424979, 45.401839], [16.42372, 45.401239], [16.42423, 45.400702], [16.423504, 45.399312], [16.422506, 45.399493], [16.422443, 45.399279], [16.422919, 45.399211], [16.422685, 45.398581], [16.42206, 45.398557], [16.422551, 45.398031], [16.422441, 45.397194], [16.421914, 45.397168], [16.421251, 45.396598], [16.420759, 45.39679], [16.419873, 45.39624], [16.419199, 45.396693], [16.418162, 45.396636], [16.418218, 45.396861], [16.417477, 45.39705], [16.41715, 45.396711], [16.416422, 45.396857], [16.416559, 45.39655], [16.415395, 45.396338], [16.414726, 45.395337], [16.416923, 45.393984], [16.417631, 45.392719], [16.419783, 45.391763], [16.418061, 45.391193], [16.416076, 45.389571], [16.416038, 45.386211], [16.415016, 45.383848], [16.415279, 45.382309], [16.417239, 45.380274], [16.41862, 45.375477], [16.42242, 45.374934], [16.423093, 45.377059], [16.423737, 45.377543], [16.427305, 45.376688], [16.427429, 45.377127], [16.426992, 45.377515], [16.427564, 45.377743], [16.428834, 45.376498], [16.427316, 45.375948], [16.426912, 45.374959], [16.428252, 45.375824], [16.429639, 45.376102], [16.431699, 45.375558], [16.431656, 45.374506], [16.431071, 45.373361], [16.430537, 45.373083], [16.430446, 45.371882], [16.435743, 45.370469], [16.436181, 45.370764], [16.437123, 45.37301], [16.438077, 45.37299], [16.438742, 45.371726], [16.439612, 45.371061], [16.439548, 45.369911], [16.44148, 45.36958], [16.442145, 45.368426], [16.444775, 45.369915], [16.447478, 45.373382], [16.447823, 45.374974], [16.44849, 45.375458], [16.448851, 45.378391], [16.452626, 45.376178], [16.45365, 45.376143], [16.454719, 45.375469], [16.456923, 45.37353], [16.456656, 45.372979], [16.455438, 45.372553], [16.456604, 45.371313], [16.458486, 45.370314], [16.457425, 45.368124], [16.456454, 45.367705], [16.455089, 45.362989], [16.454211, 45.361879], [16.450691, 45.359326], [16.446646, 45.358357], [16.446055, 45.357605], [16.441852, 45.354943], [16.44056, 45.353758], [16.43939, 45.353507], [16.439184, 45.353069], [16.437881, 45.352474], [16.431272, 45.352207], [16.430177, 45.351737], [16.426047, 45.351306], [16.424976, 45.350774], [16.423998, 45.351133], [16.42057, 45.350939], [16.419112, 45.350325], [16.418661, 45.349312], [16.417296, 45.348041], [16.414974, 45.347622], [16.413635, 45.345649], [16.412353, 45.344906], [16.408174, 45.344764], [16.407183, 45.343336], [16.405976, 45.342929], [16.405637, 45.342304], [16.405222, 45.342144], [16.402984, 45.342532], [16.400778, 45.341889], [16.399647, 45.340967], [16.399684, 45.339485], [16.397364, 45.336888], [16.396094, 45.336642], [16.394813, 45.335989], [16.392529, 45.335909], [16.389683, 45.336635], [16.388477, 45.33739], [16.387189, 45.339863], [16.3866, 45.342418], [16.387563, 45.34334], [16.387388, 45.344684], [16.387598, 45.345037], [16.389001, 45.345083], [16.390982, 45.345635], [16.39442, 45.347697], [16.393393, 45.349891], [16.393702, 45.350342], [16.391946, 45.350951], [16.389707, 45.354676], [16.38773, 45.356004], [16.386776, 45.35736]]]}, "properties": {"id": 93, "razina": "jls", "name": "Sisak", "jls_name": "Sisak", "jls_maticni_broj": "03913", "zupanija": "Sisačko-moslavačka", "area_km2": 424.5034, "stanovnistvo": 40245, "naselja_count": 36, "partial": false, "historical_zone": "Grad Sisak", "palette_idx": 0, "source": "DGU rpj:naselje (unija naselja)"}}, {"type": "Feature", "id": 94, "geometry": {"type": "Polygon", "coordinates": [[[16.535526, 45.327925], [16.534749, 45.328185], [16.533708, 45.327786], [16.533378, 45.326876], [16.535197, 45.325783], [16.53492, 45.324742], [16.535486, 45.323841], [16.53509, 45.322652], [16.535485, 45.321807], [16.534707, 45.321092], [16.535246, 45.320077], [16.536991, 45.319153], [16.536818, 45.318642], [16.535302, 45.317742], [16.535291, 45.316321], [16.534822, 45.315694], [16.531113, 45.314421], [16.527865, 45.316903], [16.524341, 45.318242], [16.522049, 45.318025], [16.519407, 45.318208], [16.515663, 45.31716], [16.510315, 45.317099], [16.506976, 45.318787], [16.507703, 45.319658], [16.508072, 45.321057], [16.509768, 45.322454], [16.510576, 45.322686], [16.510915, 45.32424], [16.50933, 45.324514], [16.508971, 45.325196], [16.50937, 45.32559], [16.509221, 45.326082], [16.510407, 45.327009], [16.511056, 45.330053], [16.511784, 45.330277], [16.511814, 45.333461], [16.511585, 45.333707], [16.511505, 45.333362], [16.50975, 45.33344], [16.510119, 45.333854], [16.509451, 45.333742], [16.509271, 45.33332], [16.508105, 45.333341], [16.507564, 45.333653], [16.507243, 45.333662], [16.507605, 45.333406], [16.50585, 45.333469], [16.505793, 45.333912], [16.504939, 45.334582], [16.504666, 45.334417], [16.503973, 45.33482], [16.502684, 45.334752], [16.498926, 45.333855], [16.496934, 45.331248], [16.495789, 45.331553], [16.493284, 45.330955], [16.491891, 45.331057], [16.490219, 45.330417], [16.487277, 45.330497], [16.485182, 45.329791], [16.483698, 45.330282], [16.48262, 45.330061], [16.482527, 45.330339], [16.481785, 45.330494], [16.47811, 45.329831], [16.476101, 45.328611], [16.47486, 45.329673], [16.469146, 45.330336], [16.469447, 45.330577], [16.468332, 45.331002], [16.468144, 45.331251], [16.466871, 45.330899], [16.464204, 45.330797], [16.462967, 45.329119], [16.462166, 45.326711], [16.461628, 45.326359], [16.460489, 45.326345], [16.459804, 45.325815], [16.458963, 45.324155], [16.455474, 45.323219], [16.453382, 45.323413], [16.451104, 45.322676], [16.449313, 45.320915], [16.447684, 45.320613], [16.44627, 45.319311], [16.445358, 45.319189], [16.441074, 45.31798], [16.435905, 45.318246], [16.43415, 45.318826], [16.433055, 45.318762], [16.432256, 45.319354], [16.430402, 45.319707], [16.429463, 45.318018], [16.427648, 45.317759], [16.426811, 45.31731], [16.426611, 45.317767], [16.425478, 45.318398], [16.421463, 45.318278], [16.418871, 45.317378], [16.41571, 45.3178], [16.415309, 45.317924], [16.414576, 45.319684], [16.415162, 45.321938], [16.413346, 45.322111], [16.412389, 45.323208], [16.410941, 45.324242], [16.406435, 45.325511], [16.404417, 45.326814], [16.401145, 45.327954], [16.399643, 45.328531], [16.395122, 45.331565], [16.394242, 45.332713], [16.395985, 45.333665], [16.394813, 45.335989], [16.396094, 45.336642], [16.397364, 45.336888], [16.399684, 45.339485], [16.399647, 45.340967], [16.400778, 45.341889], [16.402984, 45.342532], [16.405222, 45.342144], [16.405637, 45.342304], [16.405976, 45.342929], [16.407183, 45.343336], [16.408174, 45.344764], [16.412353, 45.344906], [16.413635, 45.345649], [16.414974, 45.347622], [16.417296, 45.348041], [16.418661, 45.349312], [16.419112, 45.350325], [16.42057, 45.350939], [16.423998, 45.351133], [16.424976, 45.350774], [16.426047, 45.351306], [16.430177, 45.351737], [16.431272, 45.352207], [16.437881, 45.352474], [16.439184, 45.353069], [16.43939, 45.353507], [16.44056, 45.353758], [16.441852, 45.354943], [16.446055, 45.357605], [16.446646, 45.358357], [16.450691, 45.359326], [16.454211, 45.361879], [16.455089, 45.362989], [16.456454, 45.367705], [16.457425, 45.368124], [16.458486, 45.370314], [16.456604, 45.371313], [16.455438, 45.372553], [16.456656, 45.372979], [16.456923, 45.37353], [16.454719, 45.375469], [16.45365, 45.376143], [16.452626, 45.376178], [16.448851, 45.378391], [16.44849, 45.375458], [16.447823, 45.374974], [16.447478, 45.373382], [16.444775, 45.369915], [16.442145, 45.368426], [16.44148, 45.36958], [16.439548, 45.369911], [16.439612, 45.371061], [16.438742, 45.371726], [16.438077, 45.37299], [16.437123, 45.37301], [16.436181, 45.370764], [16.435743, 45.370469], [16.430446, 45.371882], [16.430537, 45.373083], [16.431071, 45.373361], [16.431656, 45.374506], [16.431699, 45.375558], [16.429639, 45.376102], [16.428252, 45.375824], [16.426912, 45.374959], [16.427316, 45.375948], [16.428834, 45.376498], [16.427564, 45.377743], [16.426992, 45.377515], [16.427429, 45.377127], [16.427305, 45.376688], [16.423737, 45.377543], [16.423093, 45.377059], [16.42242, 45.374934], [16.41862, 45.375477], [16.417239, 45.380274], [16.415279, 45.382309], [16.415016, 45.383848], [16.416038, 45.386211], [16.416076, 45.389571], [16.418061, 45.391193], [16.419783, 45.391763], [16.417631, 45.392719], [16.416923, 45.393984], [16.414726, 45.395337], [16.415395, 45.396338], [16.416559, 45.39655], [16.416422, 45.396857], [16.41715, 45.396711], [16.417477, 45.39705], [16.418218, 45.396861], [16.418162, 45.396636], [16.419199, 45.396693], [16.419873, 45.39624], [16.420759, 45.39679], [16.421251, 45.396598], [16.421914, 45.397168], [16.422441, 45.397194], [16.422551, 45.398031], [16.42206, 45.398557], [16.422685, 45.398581], [16.422919, 45.399211], [16.422443, 45.399279], [16.422506, 45.399493], [16.423504, 45.399312], [16.42423, 45.400702], [16.42372, 45.401239], [16.424979, 45.401839], [16.42558, 45.402478], [16.426288, 45.402294], [16.426403, 45.402801], [16.427218, 45.402954], [16.427705, 45.40368], [16.428284, 45.403546], [16.428561, 45.404368], [16.429796, 45.404813], [16.42985, 45.405195], [16.430763, 45.404624], [16.431451, 45.405155], [16.431886, 45.40487], [16.432552, 45.404982], [16.432627, 45.404442], [16.433266, 45.404004], [16.433852, 45.404223], [16.434081, 45.404726], [16.434518, 45.404251], [16.435584, 45.404543], [16.43608, 45.403731], [16.437815, 45.403592], [16.437875, 45.402872], [16.438472, 45.402944], [16.438187, 45.402358], [16.439397, 45.401845], [16.440626, 45.402079], [16.441602, 45.40161], [16.442961, 45.401203], [16.444529, 45.402212], [16.445427, 45.402316], [16.445049, 45.403006], [16.446717, 45.403298], [16.447508, 45.402914], [16.447676, 45.403295], [16.448953, 45.402699], [16.448591, 45.402145], [16.449119, 45.401938], [16.448542, 45.401837], [16.448492, 45.401367], [16.449229, 45.401274], [16.449647, 45.401562], [16.451934, 45.400851], [16.452357, 45.401157], [16.452786, 45.401042], [16.452724, 45.401642], [16.453107, 45.401696], [16.453508, 45.400833], [16.454304, 45.40056], [16.453963, 45.400158], [16.454244, 45.400028], [16.456654, 45.401024], [16.457399, 45.400374], [16.457945, 45.401025], [16.458369, 45.400141], [16.458797, 45.400238], [16.459169, 45.400914], [16.459573, 45.40077], [16.459496, 45.40031], [16.460873, 45.400282], [16.461164, 45.400024], [16.46197, 45.400161], [16.462128, 45.399747], [16.463072, 45.400438], [16.46397, 45.400388], [16.46424, 45.401016], [16.465113, 45.401094], [16.465355, 45.401515], [16.465936, 45.401271], [16.465981, 45.401983], [16.46678, 45.401878], [16.467345, 45.402157], [16.467123, 45.402401], [16.467545, 45.402981], [16.470058, 45.402789], [16.471913, 45.403083], [16.472466, 45.402388], [16.473469, 45.402644], [16.47632, 45.40105], [16.477121, 45.402392], [16.480028, 45.403648], [16.481672, 45.40494], [16.482398, 45.406286], [16.483384, 45.406195], [16.483344, 45.405865], [16.49107, 45.405979], [16.491476, 45.406191], [16.491399, 45.406654], [16.489413, 45.407461], [16.489504, 45.407717], [16.490105, 45.408166], [16.490252, 45.407896], [16.490902, 45.407975], [16.492175, 45.407512], [16.493146, 45.408423], [16.493337, 45.409213], [16.496954, 45.410818], [16.500685, 45.4144], [16.506175, 45.411724], [16.519415, 45.409256], [16.521286, 45.408253], [16.523391, 45.405897], [16.52614, 45.402473], [16.527328, 45.401427], [16.530007, 45.40003], [16.531932, 45.399703], [16.534773, 45.399765], [16.540574, 45.400872], [16.548507, 45.403073], [16.5585, 45.407383], [16.567879, 45.410709], [16.571745, 45.413081], [16.573833, 45.414931], [16.577258, 45.419373], [16.578491, 45.420372], [16.581972, 45.421281], [16.583266, 45.421355], [16.586958, 45.420859], [16.589113, 45.420383], [16.591361, 45.419416], [16.594672, 45.416641], [16.597438, 45.413287], [16.598239, 45.411105], [16.598429, 45.409029], [16.598314, 45.404084], [16.598626, 45.403209], [16.599481, 45.402265], [16.601745, 45.401093], [16.604058, 45.400771], [16.606721, 45.401203], [16.60924, 45.402102], [16.612305, 45.403729], [16.616301, 45.407824], [16.617589, 45.408509], [16.620231, 45.409187], [16.62149, 45.409081], [16.622452, 45.408423], [16.622737, 45.406182], [16.6214, 45.401594], [16.621486, 45.399325], [16.623272, 45.39502], [16.624306, 45.393454], [16.625207, 45.39243], [16.627426, 45.391186], [16.630973, 45.390644], [16.64012, 45.390907], [16.636862, 45.386561], [16.635819, 45.384569], [16.635915, 45.383176], [16.636342, 45.38256], [16.637083, 45.382129], [16.638302, 45.382093], [16.641701, 45.383157], [16.643222, 45.384583], [16.644297, 45.385836], [16.646269, 45.391082], [16.658554, 45.39164], [16.662158, 45.391398], [16.664297, 45.390439], [16.665911, 45.388616], [16.666356, 45.387947], [16.666144, 45.386069], [16.663676, 45.382454], [16.663776, 45.381319], [16.665963, 45.380253], [16.668028, 45.379741], [16.675666, 45.378434], [16.678628, 45.376975], [16.679538, 45.374995], [16.67945, 45.373584], [16.67862, 45.372138], [16.67642, 45.370471], [16.671171, 45.368154], [16.670012, 45.367275], [16.669786, 45.36646], [16.669981, 45.365142], [16.671346, 45.363968], [16.677641, 45.361331], [16.679767, 45.360181], [16.688669, 45.35278], [16.691619, 45.351757], [16.695305, 45.352054], [16.696863, 45.35271], [16.697944, 45.353821], [16.700318, 45.355233], [16.702523, 45.356241], [16.712592, 45.358846], [16.714299, 45.359394], [16.718571, 45.361822], [16.721393, 45.362164], [16.720679, 45.36091], [16.719599, 45.360896], [16.71833, 45.360243], [16.719511, 45.359136], [16.718848, 45.357029], [16.716939, 45.355895], [16.711527, 45.353969], [16.709929, 45.352269], [16.709038, 45.350065], [16.709148, 45.348542], [16.711006, 45.346784], [16.712839, 45.346347], [16.714362, 45.346581], [16.721287, 45.349305], [16.723479, 45.351139], [16.724812, 45.353249], [16.724897, 45.354383], [16.724427, 45.355939], [16.723276, 45.357388], [16.722593, 45.357688], [16.722484, 45.35863], [16.721621, 45.358996], [16.721665, 45.359512], [16.722365, 45.359815], [16.722462, 45.362186], [16.734365, 45.36299], [16.737932, 45.364072], [16.740622, 45.364374], [16.742537, 45.364299], [16.743965, 45.363894], [16.748023, 45.362887], [16.755121, 45.36257], [16.757632, 45.361811], [16.753451, 45.355464], [16.752347, 45.35297], [16.753143, 45.350237], [16.754774, 45.34839], [16.756435, 45.347766], [16.758192, 45.347561], [16.761212, 45.348023], [16.767127, 45.347624], [16.773184, 45.348024], [16.775132, 45.347694], [16.775766, 45.346843], [16.775346, 45.345543], [16.773913, 45.34454], [16.767583, 45.342271], [16.765456, 45.34108], [16.764126, 45.339856], [16.763699, 45.33845], [16.764481, 45.337152], [16.771175, 45.332917], [16.775715, 45.331307], [16.779698, 45.331111], [16.782256, 45.331608], [16.786765, 45.333153], [16.789211, 45.333669], [16.790736, 45.332412], [16.790638, 45.326451], [16.787701, 45.319816], [16.78527, 45.316409], [16.780669, 45.31347], [16.77981, 45.312558], [16.779578, 45.310956], [16.780068, 45.308914], [16.781699, 45.307125], [16.78443, 45.305561], [16.792121, 45.302727], [16.794679, 45.301328], [16.795941, 45.299193], [16.79573, 45.293616], [16.76914, 45.29326], [16.730914, 45.292703], [16.731075, 45.287738], [16.729586, 45.288042], [16.728846, 45.287202], [16.728028, 45.287196], [16.72768, 45.287749], [16.728141, 45.289174], [16.727897, 45.28948], [16.726776, 45.289762], [16.725022, 45.289466], [16.725201, 45.278981], [16.711809, 45.278734], [16.711834, 45.27714], [16.710993, 45.276722], [16.711073, 45.276346], [16.709344, 45.273778], [16.70948, 45.272431], [16.708917, 45.272471], [16.70687, 45.271062], [16.703067, 45.266985], [16.698921, 45.264827], [16.698065, 45.265159], [16.696122, 45.263863], [16.695327, 45.264586], [16.690828, 45.26176], [16.690274, 45.261976], [16.688354, 45.260966], [16.687872, 45.261885], [16.687485, 45.261434], [16.687781, 45.260982], [16.687233, 45.258673], [16.685582, 45.257141], [16.683245, 45.257773], [16.683388, 45.258315], [16.68145, 45.257945], [16.679484, 45.258158], [16.678515, 45.256882], [16.674688, 45.254968], [16.67311, 45.252286], [16.672555, 45.250141], [16.670524, 45.248764], [16.668942, 45.246465], [16.667796, 45.245692], [16.663564, 45.245514], [16.662014, 45.244936], [16.66092, 45.246127], [16.657499, 45.247982], [16.653191, 45.251955], [16.652211, 45.253457], [16.652554, 45.255246], [16.653593, 45.256209], [16.652938, 45.25796], [16.65311, 45.260587], [16.65532, 45.263132], [16.65485, 45.26349], [16.655251, 45.263855], [16.654861, 45.264585], [16.655268, 45.265157], [16.65508, 45.265834], [16.654055, 45.266045], [16.653288, 45.266852], [16.65261, 45.26694], [16.653355, 45.268098], [16.653317, 45.269269], [16.652749, 45.270297], [16.653687, 45.271264], [16.655433, 45.27191], [16.657654, 45.27188], [16.660667, 45.272974], [16.659784, 45.273769], [16.660012, 45.274659], [16.660931, 45.275224], [16.660364, 45.27648], [16.659025, 45.276785], [16.65862, 45.27726], [16.658892, 45.277433], [16.658317, 45.277562], [16.658077, 45.277284], [16.658137, 45.27798], [16.657678, 45.278649], [16.656315, 45.27784], [16.655434, 45.277867], [16.655505, 45.277378], [16.654943, 45.276768], [16.654215, 45.276835], [16.653246, 45.27742], [16.652568, 45.277139], [16.652217, 45.276492], [16.653062, 45.276675], [16.653613, 45.275529], [16.653219, 45.275385], [16.652536, 45.275977], [16.651713, 45.276014], [16.651747, 45.275555], [16.65123, 45.275453], [16.6509, 45.274795], [16.649932, 45.274853], [16.648867, 45.274305], [16.649826, 45.273502], [16.648651, 45.273264], [16.648911, 45.272385], [16.647724, 45.27253], [16.647074, 45.271817], [16.645226, 45.272277], [16.64457, 45.272164], [16.644919, 45.27183], [16.644459, 45.271604], [16.644791, 45.271031], [16.643779, 45.271269], [16.643305, 45.270771], [16.643514, 45.269979], [16.642966, 45.269194], [16.64242, 45.269379], [16.64207, 45.269128], [16.64205, 45.267871], [16.63942, 45.267201], [16.64081, 45.267076], [16.639578, 45.266415], [16.640437, 45.266285], [16.639925, 45.265602], [16.638521, 45.265846], [16.63735, 45.2667], [16.63663, 45.266773], [16.636431, 45.267381], [16.635776, 45.267066], [16.634846, 45.267091], [16.635421, 45.267366], [16.63525, 45.267933], [16.633185, 45.268389], [16.633559, 45.266485], [16.633296, 45.266688], [16.632412, 45.266551], [16.631877, 45.266941], [16.631658, 45.26635], [16.631256, 45.266334], [16.630156, 45.26721], [16.629707, 45.266538], [16.630211, 45.266246], [16.629625, 45.265647], [16.629155, 45.265915], [16.629558, 45.266546], [16.628055, 45.266783], [16.628501, 45.266215], [16.628122, 45.266102], [16.627867, 45.265228], [16.627374, 45.265261], [16.627639, 45.265657], [16.626585, 45.266525], [16.625252, 45.265903], [16.624123, 45.266627], [16.624065, 45.266238], [16.623204, 45.266385], [16.6231, 45.265972], [16.622308, 45.26581], [16.622402, 45.266742], [16.62285, 45.267106], [16.622609, 45.267309], [16.621817, 45.266864], [16.621335, 45.266938], [16.621106, 45.267157], [16.621576, 45.267262], [16.621462, 45.267448], [16.619455, 45.268139], [16.619213, 45.267945], [16.617733, 45.268165], [16.617571, 45.267695], [16.617009, 45.267542], [16.616998, 45.268149], [16.616253, 45.268442], [16.616869, 45.268898], [16.61625, 45.269134], [16.615985, 45.268721], [16.615445, 45.268745], [16.615699, 45.269458], [16.615091, 45.26937], [16.614553, 45.270164], [16.614058, 45.269646], [16.613645, 45.269825], [16.612913, 45.271195], [16.612213, 45.271317], [16.612178, 45.270952], [16.611399, 45.271626], [16.610721, 45.271343], [16.609918, 45.27153], [16.609354, 45.270526], [16.608906, 45.27068], [16.60866, 45.270472], [16.608018, 45.270578], [16.608432, 45.271096], [16.607743, 45.270927], [16.607836, 45.271494], [16.607102, 45.271754], [16.606871, 45.270911], [16.606699, 45.271252], [16.605999, 45.271244], [16.605839, 45.271625], [16.605287, 45.271213], [16.605036, 45.272007], [16.605599, 45.272176], [16.604888, 45.272598], [16.605554, 45.27263], [16.605279, 45.273019], [16.605601, 45.273481], [16.604396, 45.273665], [16.60489, 45.273697], [16.605028, 45.273964], [16.604512, 45.274208], [16.605006, 45.274434], [16.604158, 45.275553], [16.605031, 45.275479], [16.605308, 45.276435], [16.60516, 45.276808], [16.604723, 45.27684], [16.60485, 45.277229], [16.603999, 45.277259], [16.60439, 45.277623], [16.603816, 45.277575], [16.603541, 45.277835], [16.604161, 45.278012], [16.60376, 45.278142], [16.60437, 45.279122], [16.603968, 45.27909], [16.603923, 45.279584], [16.603418, 45.279552], [16.603362, 45.28046], [16.602685, 45.28042], [16.602226, 45.280906], [16.602674, 45.281044], [16.602135, 45.281344], [16.601331, 45.281072], [16.60143, 45.281626], [16.601038, 45.281822], [16.601365, 45.281776], [16.60117, 45.282122], [16.601611, 45.282341], [16.601319, 45.283356], [16.601008, 45.283357], [16.60021, 45.284765], [16.599245, 45.284904], [16.599311, 45.285447], [16.598479, 45.286313], [16.600822, 45.288313], [16.602525, 45.2895], [16.603114, 45.289568], [16.604377, 45.291396], [16.604738, 45.292618], [16.604008, 45.292822], [16.602884, 45.292298], [16.602618, 45.293112], [16.602169, 45.29328], [16.601797, 45.292939], [16.600704, 45.294039], [16.601027, 45.295027], [16.599183, 45.296009], [16.599611, 45.296276], [16.598411, 45.297482], [16.597829, 45.29723], [16.596826, 45.297672], [16.596235, 45.297083], [16.594889, 45.297966], [16.595379, 45.298551], [16.594853, 45.298641], [16.595507, 45.299665], [16.594713, 45.299097], [16.593942, 45.29937], [16.593157, 45.300425], [16.591739, 45.300678], [16.59094, 45.300195], [16.590096, 45.300984], [16.588058, 45.301323], [16.587082, 45.302159], [16.587362, 45.303255], [16.589506, 45.304274], [16.590543, 45.30527], [16.591755, 45.305568], [16.593185, 45.306415], [16.593563, 45.307296], [16.592654, 45.308155], [16.592717, 45.308807], [16.591847, 45.308746], [16.590551, 45.307586], [16.590184, 45.307746], [16.587289, 45.306506], [16.58628, 45.306448], [16.585096, 45.305747], [16.583935, 45.305692], [16.583066, 45.305212], [16.581383, 45.306202], [16.580656, 45.304383], [16.579639, 45.303503], [16.579441, 45.302004], [16.578374, 45.301008], [16.578012, 45.300023], [16.576726, 45.301001], [16.576814, 45.301456], [16.575316, 45.302459], [16.575596, 45.302791], [16.575114, 45.303071], [16.575298, 45.303342], [16.574713, 45.303121], [16.57447, 45.303508], [16.574793, 45.303717], [16.574374, 45.303631], [16.574645, 45.303988], [16.574261, 45.303908], [16.574184, 45.304389], [16.573762, 45.304004], [16.573154, 45.304399], [16.571939, 45.306128], [16.572409, 45.30664], [16.571844, 45.307413], [16.571404, 45.307305], [16.569331, 45.308816], [16.567141, 45.309148], [16.566794, 45.310418], [16.56387, 45.311509], [16.562773, 45.312183], [16.563029, 45.312637], [16.562211, 45.312876], [16.561935, 45.312595], [16.56127, 45.312761], [16.560471, 45.311521], [16.559867, 45.3116], [16.560492, 45.312646], [16.561462, 45.313193], [16.559246, 45.314802], [16.557618, 45.315076], [16.557847, 45.315843], [16.556766, 45.315745], [16.557168, 45.317153], [16.556246, 45.317123], [16.556602, 45.317743], [16.559868, 45.319665], [16.554519, 45.320435], [16.55354, 45.32016], [16.552369, 45.32051], [16.552555, 45.321402], [16.550843, 45.321769], [16.551111, 45.322428], [16.550381, 45.322581], [16.550907, 45.324067], [16.549807, 45.324278], [16.549776, 45.323879], [16.548244, 45.323872], [16.548376, 45.324402], [16.547729, 45.324453], [16.548141, 45.326024], [16.545899, 45.326648], [16.547001, 45.327728], [16.548286, 45.330306], [16.543773, 45.331315], [16.54087, 45.331377], [16.536592, 45.332944], [16.535755, 45.331599], [16.536094, 45.330684], [16.537583, 45.330228], [16.537819, 45.329643], [16.535526, 45.327925]]]}, "properties": {"id": 94, "razina": "jls", "name": "Sunja", "jls_name": "Sunja", "jls_maticni_broj": "04260", "zupanija": "Sisačko-moslavačka", "area_km2": 288.2667, "stanovnistvo": 4124, "naselja_count": 40, "partial": false, "historical_zone": "Sunja", "palette_idx": 0, "source": "DGU rpj:naselje (unija naselja)"}}, {"type": "Feature", "id": 95, "geometry": {"type": "Polygon", "coordinates": [[[16.365798, 45.513443], [16.365371, 45.514113], [16.365926, 45.515579], [16.364944, 45.516065], [16.363952, 45.515515], [16.363505, 45.514325], [16.361721, 45.513107], [16.361106, 45.512985], [16.359452, 45.513544], [16.357857, 45.51524], [16.356939, 45.517871], [16.354398, 45.51989], [16.352887, 45.522043], [16.353359, 45.523407], [16.356418, 45.524219], [16.356876, 45.524701], [16.356532, 45.525914], [16.354912, 45.526664], [16.352483, 45.526871], [16.351307, 45.527465], [16.351244, 45.528175], [16.35194, 45.529349], [16.35153, 45.530048], [16.350662, 45.530076], [16.349164, 45.529249], [16.347395, 45.530267], [16.345863, 45.530083], [16.34446, 45.530307], [16.342919, 45.531569], [16.342026, 45.531764], [16.341968, 45.533133], [16.341114, 45.534297], [16.341127, 45.536785], [16.340672, 45.538103], [16.341751, 45.53957], [16.341898, 45.541061], [16.343607, 45.541763], [16.344265, 45.542552], [16.34378, 45.543954], [16.344983, 45.544992], [16.345449, 45.546166], [16.346079, 45.546676], [16.345529, 45.547423], [16.345532, 45.548495], [16.346099, 45.549688], [16.345418, 45.551641], [16.344564, 45.551931], [16.344158, 45.552424], [16.342828, 45.552697], [16.342995, 45.553753], [16.342693, 45.554231], [16.340936, 45.553625], [16.338576, 45.554696], [16.340345, 45.558484], [16.344395, 45.558589], [16.345703, 45.559583], [16.345583, 45.561001], [16.342102, 45.561975], [16.339854, 45.562063], [16.336421, 45.563226], [16.333537, 45.563121], [16.329825, 45.565112], [16.329329, 45.566907], [16.331526, 45.568903], [16.33315, 45.567872], [16.335495, 45.566947], [16.337084, 45.567554], [16.338286, 45.568467], [16.338778, 45.569422], [16.338683, 45.57029], [16.338217, 45.570961], [16.337096, 45.571255], [16.335573, 45.571744], [16.333868, 45.572973], [16.332726, 45.57323], [16.331973, 45.572776], [16.33072, 45.571051], [16.329153, 45.570382], [16.328063, 45.570359], [16.325778, 45.57103], [16.324467, 45.57312], [16.323375, 45.573902], [16.322362, 45.574062], [16.320782, 45.571834], [16.319476, 45.570959], [16.316934, 45.570184], [16.316379, 45.569727], [16.316288, 45.56709], [16.315139, 45.565918], [16.314269, 45.565677], [16.313072, 45.565643], [16.310876, 45.56624], [16.307588, 45.569105], [16.3066, 45.571648], [16.305797, 45.571912], [16.303234, 45.571871], [16.302789, 45.572502], [16.302697, 45.573932], [16.2977, 45.575127], [16.297378, 45.575914], [16.299551, 45.576842], [16.299687, 45.577306], [16.298729, 45.578428], [16.298743, 45.578945], [16.301141, 45.580323], [16.301549, 45.581041], [16.300881, 45.58155], [16.298737, 45.581306], [16.298035, 45.58152], [16.297499, 45.584408], [16.296334, 45.584559], [16.29355, 45.584161], [16.29259, 45.584661], [16.29249, 45.585515], [16.293179, 45.58634], [16.295989, 45.586738], [16.296583, 45.587194], [16.295354, 45.59], [16.29325, 45.591084], [16.292018, 45.591155], [16.290541, 45.590684], [16.289252, 45.590642], [16.288365, 45.590934], [16.288344, 45.591631], [16.288967, 45.592523], [16.291479, 45.593033], [16.291069, 45.594568], [16.292223, 45.596157], [16.292188, 45.596971], [16.29113, 45.597234], [16.290529, 45.596112], [16.289615, 45.595979], [16.288875, 45.597193], [16.286813, 45.597892], [16.285508, 45.598771], [16.284806, 45.598706], [16.283829, 45.598063], [16.28323, 45.59808], [16.28249, 45.599452], [16.281515, 45.600138], [16.279745, 45.599592], [16.278539, 45.599737], [16.279293, 45.602191], [16.28096, 45.60313], [16.279972, 45.604146], [16.279902, 45.605418], [16.279067, 45.605657], [16.277266, 45.605115], [16.275057, 45.605925], [16.27415, 45.605929], [16.268188, 45.613337], [16.268641, 45.613554], [16.279101, 45.618649], [16.279193, 45.617854], [16.280137, 45.617405], [16.281749, 45.617482], [16.281909, 45.617772], [16.282836, 45.617566], [16.285213, 45.617698], [16.284114, 45.615584], [16.289495, 45.613231], [16.291639, 45.615445], [16.291248, 45.617504], [16.293724, 45.618108], [16.293589, 45.619229], [16.294635, 45.619484], [16.29544, 45.620235], [16.296746, 45.619935], [16.298252, 45.62174], [16.297233, 45.622598], [16.296775, 45.623567], [16.300186, 45.624858], [16.300537, 45.626102], [16.30131, 45.626735], [16.303095, 45.629834], [16.304306, 45.630902], [16.301887, 45.634577], [16.303021, 45.634646], [16.304563, 45.635685], [16.307754, 45.639012], [16.310073, 45.640734], [16.311453, 45.641238], [16.316193, 45.640976], [16.314293, 45.647526], [16.314546, 45.65009], [16.319037, 45.649898], [16.319861, 45.658746], [16.324359, 45.658526], [16.331106, 45.658224], [16.330911, 45.656136], [16.341205, 45.655675], [16.339855, 45.654453], [16.345181, 45.652225], [16.345247, 45.651166], [16.345927, 45.650954], [16.344926, 45.649756], [16.350162, 45.64796], [16.350382, 45.649434], [16.356697, 45.64725], [16.356304, 45.643202], [16.36469, 45.640134], [16.363445, 45.630453], [16.365653, 45.62982], [16.365683, 45.628301], [16.366696, 45.628245], [16.369626, 45.626906], [16.374387, 45.628062], [16.375365, 45.628042], [16.376933, 45.627347], [16.378881, 45.627723], [16.379737, 45.627382], [16.379874, 45.626526], [16.380385, 45.626321], [16.381189, 45.626466], [16.382444, 45.627315], [16.38474, 45.627115], [16.386402, 45.627406], [16.387288, 45.628288], [16.387881, 45.629639], [16.388628, 45.629679], [16.389532, 45.629305], [16.391012, 45.629421], [16.392187, 45.62192], [16.394646, 45.62102], [16.395925, 45.620951], [16.397591, 45.621464], [16.398383, 45.621309], [16.398837, 45.620633], [16.398398, 45.61922], [16.398679, 45.618478], [16.401842, 45.618024], [16.405341, 45.616862], [16.405802, 45.616355], [16.406111, 45.614866], [16.408014, 45.614275], [16.408146, 45.613823], [16.407376, 45.612493], [16.408759, 45.612241], [16.408922, 45.611788], [16.408127, 45.610668], [16.4083, 45.608191], [16.407277, 45.606798], [16.407543, 45.606269], [16.408909, 45.605516], [16.409303, 45.603591], [16.409872, 45.602812], [16.412262, 45.60317], [16.413971, 45.60144], [16.416032, 45.601222], [16.417079, 45.601483], [16.418719, 45.6026], [16.420606, 45.603009], [16.42217, 45.604372], [16.426188, 45.605047], [16.426875, 45.604664], [16.426585, 45.603741], [16.426923, 45.602126], [16.42586, 45.601274], [16.425642, 45.600611], [16.426405, 45.599671], [16.428099, 45.598677], [16.428641, 45.597753], [16.429574, 45.597669], [16.431341, 45.598305], [16.434033, 45.598549], [16.437733, 45.599812], [16.441911, 45.598402], [16.443927, 45.598966], [16.444943, 45.597431], [16.444321, 45.596091], [16.444706, 45.595138], [16.444238, 45.594118], [16.444664, 45.593321], [16.446293, 45.59272], [16.449463, 45.592922], [16.450172, 45.591015], [16.45159, 45.589105], [16.453276, 45.58782], [16.452787, 45.587027], [16.451485, 45.586621], [16.451228, 45.58603], [16.451811, 45.585586], [16.453855, 45.585549], [16.454618, 45.584242], [16.455302, 45.583858], [16.457369, 45.58394], [16.458647, 45.582846], [16.460035, 45.582647], [16.461877, 45.58107], [16.467573, 45.578636], [16.461335, 45.569009], [16.462827, 45.567365], [16.460293, 45.565447], [16.460353, 45.564814], [16.465254, 45.563265], [16.467508, 45.563659], [16.467974, 45.563121], [16.4679, 45.561918], [16.467013, 45.56138], [16.464308, 45.56139], [16.463812, 45.561136], [16.463092, 45.55949], [16.463003, 45.557771], [16.462432, 45.557021], [16.458414, 45.556654], [16.45541, 45.554617], [16.453036, 45.554363], [16.452351, 45.553799], [16.452094, 45.553142], [16.453194, 45.551197], [16.453661, 45.549477], [16.453334, 45.54742], [16.453667, 45.545947], [16.451677, 45.543961], [16.451945, 45.541141], [16.450281, 45.540251], [16.449942, 45.539724], [16.450177, 45.538359], [16.451745, 45.536989], [16.452033, 45.536284], [16.45191, 45.535744], [16.450501, 45.534708], [16.449869, 45.532392], [16.438964, 45.529913], [16.436659, 45.53027], [16.431958, 45.529283], [16.429107, 45.537331], [16.421834, 45.535725], [16.423544, 45.531036], [16.41047, 45.529758], [16.407102, 45.530606], [16.40628, 45.529454], [16.403089, 45.526602], [16.401863, 45.527072], [16.40162, 45.52401], [16.401908, 45.522877], [16.401119, 45.522603], [16.401077, 45.521132], [16.399886, 45.521148], [16.398608, 45.520148], [16.400699, 45.517109], [16.401969, 45.516536], [16.402996, 45.516445], [16.403144, 45.514144], [16.402705, 45.512148], [16.403194, 45.507736], [16.400101, 45.507103], [16.396137, 45.504635], [16.393875, 45.50449], [16.391499, 45.505171], [16.387108, 45.507689], [16.384462, 45.508831], [16.383624, 45.508969], [16.3825, 45.508529], [16.381531, 45.50905], [16.380765, 45.508619], [16.378866, 45.50914], [16.37367, 45.50975], [16.369296, 45.512068], [16.368748, 45.512107], [16.368559, 45.51285], [16.365798, 45.513443]]]}, "properties": {"id": 95, "razina": "jls", "name": "Martinska Ves", "jls_name": "Martinska Ves", "jls_maticni_broj": "02593", "zupanija": "Sisačko-moslavačka", "area_km2": 129.592, "stanovnistvo": 3061, "naselja_count": 16, "partial": false, "historical_zone": "Martinska Ves", "palette_idx": 0, "source": "DGU rpj:naselje (unija naselja)"}}, {"type": "Feature", "id": 96, "geometry": {"type": "Polygon", "coordinates": [[[16.387149, 45.357573], [16.385638, 45.358472], [16.385639, 45.358769], [16.383667, 45.359076], [16.38289, 45.358945], [16.382327, 45.358446], [16.381628, 45.36048], [16.378272, 45.363882], [16.377117, 45.364739], [16.375364, 45.36691], [16.376477, 45.366751], [16.377485, 45.368005], [16.378436, 45.367716], [16.378577, 45.36819], [16.378912, 45.367977], [16.37974, 45.369238], [16.379512, 45.369735], [16.380164, 45.369869], [16.3806, 45.369536], [16.381611, 45.369518], [16.38227, 45.370052], [16.382097, 45.370831], [16.384507, 45.371473], [16.384185, 45.371893], [16.385949, 45.372354], [16.385865, 45.372877], [16.387425, 45.372947], [16.38708, 45.375172], [16.386226, 45.374925], [16.386408, 45.375973], [16.385714, 45.376071], [16.385116, 45.376555], [16.382969, 45.38005], [16.384222, 45.380846], [16.385764, 45.383236], [16.387925, 45.384696], [16.388791, 45.387279], [16.390558, 45.388679], [16.394044, 45.390423], [16.394688, 45.391074], [16.395279, 45.392199], [16.395309, 45.39273], [16.394893, 45.393024], [16.395684, 45.393855], [16.390866, 45.395154], [16.392053, 45.397208], [16.387026, 45.39923], [16.385792, 45.399157], [16.38498, 45.398027], [16.383749, 45.397354], [16.382936, 45.396035], [16.381359, 45.39492], [16.379458, 45.391928], [16.378394, 45.390994], [16.377199, 45.392565], [16.375914, 45.393333], [16.374437, 45.395599], [16.368145, 45.39412], [16.36543, 45.393891], [16.36523, 45.394832], [16.364493, 45.395808], [16.365401, 45.396534], [16.365295, 45.397063], [16.364757, 45.397345], [16.365515, 45.397636], [16.365297, 45.398068], [16.364721, 45.398166], [16.365088, 45.398534], [16.364463, 45.399984], [16.365504, 45.400623], [16.36551, 45.400946], [16.364811, 45.401083], [16.364297, 45.400827], [16.364111, 45.401072], [16.364369, 45.401429], [16.365193, 45.401569], [16.36458, 45.402976], [16.36494, 45.403874], [16.363461, 45.404332], [16.363937, 45.404737], [16.363563, 45.405088], [16.364497, 45.405351], [16.363842, 45.406004], [16.365126, 45.406254], [16.364957, 45.407071], [16.36545, 45.407273], [16.365006, 45.40758], [16.365977, 45.407961], [16.364983, 45.408445], [16.366198, 45.408709], [16.366327, 45.409005], [16.364687, 45.41023], [16.365606, 45.410811], [16.365462, 45.411228], [16.364889, 45.411391], [16.365559, 45.411689], [16.365178, 45.411882], [16.364146, 45.411731], [16.364385, 45.412768], [16.363722, 45.413539], [16.36299, 45.413629], [16.363301, 45.414066], [16.362361, 45.414431], [16.362733, 45.414951], [16.361532, 45.415323], [16.362095, 45.415627], [16.361576, 45.415934], [16.362208, 45.41621], [16.362068, 45.416925], [16.361226, 45.416975], [16.361291, 45.417713], [16.360098, 45.418596], [16.361223, 45.418695], [16.361161, 45.419407], [16.360497, 45.419369], [16.361128, 45.420032], [16.361047, 45.423956], [16.365551, 45.425152], [16.36588, 45.426193], [16.365879, 45.426889], [16.366582, 45.427504], [16.366241, 45.430922], [16.366465, 45.433521], [16.36418, 45.435743], [16.362792, 45.440807], [16.367391, 45.442366], [16.366413, 45.443801], [16.366271, 45.445146], [16.365196, 45.4459], [16.365488, 45.446369], [16.365091, 45.446924], [16.360587, 45.445296], [16.356814, 45.444882], [16.354114, 45.445015], [16.351418, 45.445736], [16.349482, 45.446773], [16.348197, 45.448587], [16.347733, 45.450564], [16.346384, 45.452792], [16.345091, 45.454065], [16.344048, 45.454649], [16.33775, 45.456718], [16.335994, 45.457819], [16.331793, 45.469512], [16.330412, 45.471581], [16.327752, 45.473008], [16.325622, 45.473231], [16.323621, 45.472651], [16.319848, 45.469659], [16.316714, 45.466075], [16.314086, 45.464444], [16.312502, 45.46401], [16.310039, 45.463753], [16.303766, 45.46521], [16.300504, 45.465558], [16.296663, 45.465403], [16.288076, 45.464606], [16.272877, 45.461983], [16.271923, 45.4646], [16.270849, 45.466121], [16.270738, 45.467089], [16.271583, 45.469511], [16.273204, 45.481611], [16.276871, 45.480649], [16.276533, 45.483156], [16.277572, 45.488375], [16.278224, 45.489313], [16.278883, 45.491724], [16.277957, 45.493965], [16.275606, 45.496898], [16.27712, 45.4982], [16.278342, 45.498469], [16.280288, 45.499515], [16.281891, 45.501328], [16.282209, 45.502723], [16.282995, 45.503651], [16.28395, 45.504115], [16.285395, 45.503905], [16.28614, 45.504338], [16.285339, 45.505436], [16.287155, 45.508056], [16.27889, 45.509559], [16.27235, 45.510263], [16.273317, 45.51391], [16.270258, 45.514218], [16.253149, 45.51293], [16.244507, 45.519605], [16.242976, 45.524493], [16.245259, 45.526357], [16.243474, 45.527688], [16.245089, 45.529108], [16.245156, 45.530593], [16.244462, 45.531341], [16.245388, 45.53193], [16.249547, 45.536305], [16.252424, 45.540049], [16.259973, 45.545102], [16.266847, 45.547871], [16.26806, 45.549052], [16.269447, 45.548184], [16.271106, 45.548245], [16.273108, 45.547762], [16.274896, 45.547873], [16.275521, 45.54797], [16.276608, 45.549038], [16.282923, 45.552015], [16.284807, 45.550666], [16.287025, 45.551473], [16.288423, 45.551342], [16.290042, 45.55184], [16.290706, 45.552586], [16.290851, 45.553854], [16.291398, 45.554484], [16.291187, 45.555266], [16.287694, 45.559172], [16.286267, 45.563471], [16.284819, 45.565395], [16.284202, 45.568523], [16.284099, 45.569891], [16.285258, 45.570952], [16.285405, 45.572304], [16.28593, 45.573018], [16.288073, 45.573805], [16.290715, 45.57337], [16.294425, 45.573502], [16.295804, 45.575277], [16.297378, 45.575914], [16.299551, 45.576842], [16.299687, 45.577306], [16.298729, 45.578428], [16.298743, 45.578945], [16.301141, 45.580323], [16.301549, 45.581041], [16.300881, 45.58155], [16.298737, 45.581306], [16.298035, 45.58152], [16.297499, 45.584408], [16.296334, 45.584559], [16.29355, 45.584161], [16.29259, 45.584661], [16.29249, 45.585515], [16.293179, 45.58634], [16.295989, 45.586738], [16.296583, 45.587194], [16.295354, 45.59], [16.29325, 45.591084], [16.292018, 45.591155], [16.290541, 45.590684], [16.289252, 45.590642], [16.288365, 45.590934], [16.288344, 45.591631], [16.288967, 45.592523], [16.291479, 45.593033], [16.291069, 45.594568], [16.292223, 45.596157], [16.292188, 45.596971], [16.29113, 45.597234], [16.290529, 45.596112], [16.289615, 45.595979], [16.288875, 45.597193], [16.286813, 45.597892], [16.285508, 45.598771], [16.284806, 45.598706], [16.283829, 45.598063], [16.28323, 45.59808], [16.28249, 45.599452], [16.281515, 45.600138], [16.279745, 45.599592], [16.278539, 45.599737], [16.279293, 45.602191], [16.28096, 45.60313], [16.279972, 45.604146], [16.279902, 45.605418], [16.279067, 45.605657], [16.277266, 45.605115], [16.275057, 45.605925], [16.27415, 45.605929], [16.268188, 45.613337], [16.268641, 45.613554], [16.279101, 45.618649], [16.279193, 45.617854], [16.280137, 45.617405], [16.281749, 45.617482], [16.281909, 45.617772], [16.282836, 45.617566], [16.285213, 45.617698], [16.284114, 45.615584], [16.289495, 45.613231], [16.291639, 45.615445], [16.291248, 45.617504], [16.293724, 45.618108], [16.293589, 45.619229], [16.294635, 45.619484], [16.29544, 45.620235], [16.296746, 45.619935], [16.298252, 45.62174], [16.297233, 45.622598], [16.296775, 45.623567], [16.300186, 45.624858], [16.300537, 45.626102], [16.30131, 45.626735], [16.303095, 45.629834], [16.304306, 45.630902], [16.301887, 45.634577], [16.303021, 45.634646], [16.304563, 45.635685], [16.307754, 45.639012], [16.310073, 45.640734], [16.311453, 45.641238], [16.316193, 45.640976], [16.314293, 45.647526], [16.314546, 45.65009], [16.319037, 45.649898], [16.319861, 45.658746], [16.324359, 45.658526], [16.331106, 45.658224], [16.330911, 45.656136], [16.341205, 45.655675], [16.339855, 45.654453], [16.345181, 45.652225], [16.345247, 45.651166], [16.345927, 45.650954], [16.344926, 45.649756], [16.350162, 45.64796], [16.350382, 45.649434], [16.356697, 45.64725], [16.356304, 45.643202], [16.36469, 45.640134], [16.363445, 45.630453], [16.365653, 45.62982], [16.365683, 45.628301], [16.366696, 45.628245], [16.369626, 45.626906], [16.374387, 45.628062], [16.375365, 45.628042], [16.376933, 45.627347], [16.378881, 45.627723], [16.379737, 45.627382], [16.379874, 45.626526], [16.380385, 45.626321], [16.381189, 45.626466], [16.382444, 45.627315], [16.38474, 45.627115], [16.386402, 45.627406], [16.387288, 45.628288], [16.387881, 45.629639], [16.388628, 45.629679], [16.389532, 45.629305], [16.391012, 45.629421], [16.392187, 45.62192], [16.394646, 45.62102], [16.395925, 45.620951], [16.397591, 45.621464], [16.398383, 45.621309], [16.398837, 45.620633], [16.398398, 45.61922], [16.398679, 45.618478], [16.401842, 45.618024], [16.405341, 45.616862], [16.405802, 45.616355], [16.406111, 45.614866], [16.408014, 45.614275], [16.408146, 45.613823], [16.407376, 45.612493], [16.408759, 45.612241], [16.408922, 45.611788], [16.408127, 45.610668], [16.4083, 45.608191], [16.407277, 45.606798], [16.407543, 45.606269], [16.408909, 45.605516], [16.409303, 45.603591], [16.409872, 45.602812], [16.412262, 45.60317], [16.413971, 45.60144], [16.416032, 45.601222], [16.417079, 45.601483], [16.418719, 45.6026], [16.420606, 45.603009], [16.42217, 45.604372], [16.426188, 45.605047], [16.426875, 45.604664], [16.426585, 45.603741], [16.426923, 45.602126], [16.42586, 45.601274], [16.425642, 45.600611], [16.426405, 45.599671], [16.428099, 45.598677], [16.428641, 45.597753], [16.429574, 45.597669], [16.431341, 45.598305], [16.434033, 45.598549], [16.437733, 45.599812], [16.441911, 45.598402], [16.443927, 45.598966], [16.444943, 45.597431], [16.444321, 45.596091], [16.444706, 45.595138], [16.444238, 45.594118], [16.444664, 45.593321], [16.446293, 45.59272], [16.449463, 45.592922], [16.450172, 45.591015], [16.45159, 45.589105], [16.453276, 45.58782], [16.452787, 45.587027], [16.451485, 45.586621], [16.451228, 45.58603], [16.451811, 45.585586], [16.453855, 45.585549], [16.454618, 45.584242], [16.455302, 45.583858], [16.457369, 45.58394], [16.458647, 45.582846], [16.460035, 45.582647], [16.461877, 45.58107], [16.467573, 45.578636], [16.461335, 45.569009], [16.462827, 45.567365], [16.460293, 45.565447], [16.460353, 45.564814], [16.465254, 45.563265], [16.467508, 45.563659], [16.467974, 45.563121], [16.4679, 45.561918], [16.467013, 45.56138], [16.464308, 45.56139], [16.463812, 45.561136], [16.463092, 45.55949], [16.463003, 45.557771], [16.462432, 45.557021], [16.458414, 45.556654], [16.45541, 45.554617], [16.453036, 45.554363], [16.452351, 45.553799], [16.452094, 45.553142], [16.453194, 45.551197], [16.453661, 45.549477], [16.453334, 45.54742], [16.453667, 45.545947], [16.451677, 45.543961], [16.451945, 45.541141], [16.450281, 45.540251], [16.449942, 45.539724], [16.450177, 45.538359], [16.451745, 45.536989], [16.452033, 45.536284], [16.45191, 45.535744], [16.450501, 45.534708], [16.449869, 45.532392], [16.4499, 45.531088], [16.451621, 45.530076], [16.452631, 45.527165], [16.454848, 45.524776], [16.45575, 45.524445], [16.45846, 45.524351], [16.459038, 45.523804], [16.459171, 45.522863], [16.459577, 45.522684], [16.46165, 45.52351], [16.464122, 45.522707], [16.466691, 45.520749], [16.468229, 45.519059], [16.470916, 45.519152], [16.471655, 45.518927], [16.471922, 45.516982], [16.475629, 45.51609], [16.477863, 45.514464], [16.480093, 45.511758], [16.484511, 45.509971], [16.48561, 45.510302], [16.486072, 45.510853], [16.484359, 45.512475], [16.484451, 45.513539], [16.485246, 45.513874], [16.487613, 45.513821], [16.489764, 45.514215], [16.490021, 45.514983], [16.489452, 45.516164], [16.489671, 45.517265], [16.490794, 45.518831], [16.493071, 45.52084], [16.494397, 45.521427], [16.496938, 45.520865], [16.498658, 45.521512], [16.501441, 45.521669], [16.502929, 45.52102], [16.504009, 45.520949], [16.507736, 45.522209], [16.511704, 45.522244], [16.512983, 45.521713], [16.513412, 45.520432], [16.515718, 45.519427], [16.516101, 45.518311], [16.521929, 45.518423], [16.523956, 45.518926], [16.527994, 45.518938], [16.532, 45.519325], [16.532488, 45.519128], [16.532747, 45.518449], [16.532021, 45.514918], [16.533718, 45.512727], [16.535834, 45.511498], [16.535152, 45.50808], [16.537007, 45.505617], [16.535107, 45.502337], [16.534933, 45.501145], [16.538217, 45.496683], [16.540962, 45.494633], [16.543464, 45.494687], [16.54483, 45.49572], [16.544705, 45.497458], [16.545142, 45.498004], [16.54963, 45.498727], [16.550401, 45.499886], [16.550719, 45.501962], [16.551594, 45.502916], [16.553206, 45.503568], [16.555785, 45.503342], [16.560039, 45.500134], [16.560976, 45.499053], [16.561853, 45.496625], [16.564136, 45.49279], [16.563629, 45.488643], [16.564804, 45.487434], [16.569129, 45.487577], [16.570349, 45.487143], [16.572466, 45.485254], [16.576186, 45.484989], [16.579613, 45.483496], [16.584714, 45.482289], [16.588195, 45.482146], [16.59305, 45.482489], [16.595199, 45.482211], [16.596901, 45.481196], [16.598062, 45.478316], [16.598931, 45.477767], [16.600184, 45.477844], [16.600724, 45.478223], [16.60241, 45.480564], [16.605234, 45.481152], [16.607377, 45.481022], [16.609006, 45.479547], [16.609662, 45.479412], [16.614922, 45.479975], [16.616644, 45.479607], [16.641453, 45.468203], [16.647161, 45.465602], [16.657251, 45.460949], [16.658326, 45.461247], [16.659804, 45.463038], [16.660732, 45.463384], [16.662096, 45.462114], [16.664116, 45.462242], [16.664437, 45.460855], [16.665289, 45.46037], [16.668071, 45.460869], [16.669604, 45.462594], [16.670103, 45.462528], [16.671809, 45.460859], [16.67256, 45.460562], [16.673027, 45.460831], [16.673282, 45.462191], [16.673713, 45.462422], [16.674382, 45.462303], [16.675283, 45.46152], [16.67945, 45.461609], [16.681576, 45.463827], [16.683811, 45.465193], [16.684057, 45.466693], [16.684779, 45.467199], [16.687134, 45.466558], [16.688008, 45.465645], [16.686616, 45.463818], [16.687467, 45.462942], [16.687435, 45.462398], [16.685435, 45.461938], [16.684942, 45.46155], [16.685402, 45.461154], [16.689326, 45.45994], [16.689681, 45.459039], [16.687995, 45.455564], [16.688891, 45.45312], [16.688791, 45.452372], [16.687832, 45.451453], [16.68489, 45.449791], [16.684356, 45.448577], [16.686224, 45.447119], [16.68741, 45.446862], [16.689533, 45.447277], [16.691171, 45.44708], [16.693037, 45.446536], [16.694099, 45.445546], [16.693108, 45.44283], [16.69265, 45.439037], [16.693337, 45.437442], [16.691672, 45.436111], [16.691412, 45.435445], [16.693371, 45.433714], [16.69432, 45.430886], [16.692751, 45.430321], [16.691431, 45.43085], [16.690103, 45.432275], [16.688665, 45.432311], [16.687107, 45.428653], [16.687907, 45.426717], [16.68876, 45.426585], [16.689404, 45.42683], [16.692498, 45.428603], [16.696064, 45.428646], [16.697009, 45.42783], [16.697059, 45.424969], [16.697523, 45.42408], [16.698832, 45.423814], [16.701994, 45.423857], [16.703426, 45.423077], [16.704901, 45.421299], [16.706052, 45.421329], [16.708225, 45.42228], [16.708936, 45.422264], [16.709575, 45.421729], [16.709337, 45.419021], [16.708729, 45.417966], [16.707668, 45.417306], [16.704523, 45.416675], [16.703824, 45.416046], [16.703705, 45.415338], [16.704094, 45.414927], [16.706371, 45.41288], [16.707534, 45.41235], [16.7096, 45.412457], [16.711808, 45.414043], [16.712938, 45.414487], [16.713525, 45.41396], [16.714179, 45.412115], [16.715682, 45.411323], [16.719072, 45.410623], [16.721213, 45.411267], [16.721104, 45.412177], [16.721844, 45.412399], [16.7211, 45.412989], [16.722164, 45.413293], [16.721925, 45.414234], [16.722737, 45.414516], [16.72371, 45.41424], [16.724496, 45.415695], [16.725462, 45.415795], [16.726086, 45.415343], [16.726631, 45.416343], [16.728166, 45.416587], [16.730569, 45.415426], [16.731498, 45.416446], [16.731383, 45.416942], [16.734395, 45.418565], [16.736103, 45.416612], [16.736458, 45.415712], [16.737298, 45.415382], [16.738851, 45.413773], [16.740897, 45.413787], [16.742521, 45.415105], [16.745633, 45.414805], [16.746686, 45.414164], [16.747682, 45.412101], [16.748625, 45.411483], [16.748282, 45.410326], [16.749133, 45.409414], [16.747933, 45.40733], [16.745896, 45.407845], [16.745478, 45.407708], [16.744945, 45.406096], [16.743846, 45.405265], [16.743891, 45.404889], [16.744321, 45.404615], [16.746025, 45.404625], [16.747286, 45.404081], [16.749056, 45.403886], [16.749196, 45.40336], [16.748361, 45.401802], [16.753286, 45.395245], [16.756322, 45.393304], [16.759842, 45.392464], [16.760628, 45.391906], [16.760827, 45.390788], [16.759766, 45.389817], [16.759799, 45.38933], [16.761857, 45.389016], [16.762549, 45.388489], [16.760862, 45.386478], [16.761474, 45.384556], [16.760227, 45.383156], [16.759551, 45.38132], [16.758547, 45.380051], [16.759403, 45.377567], [16.758382, 45.374857], [16.756716, 45.372816], [16.756978, 45.371389], [16.758114, 45.370504], [16.759672, 45.370244], [16.763302, 45.37159], [16.766042, 45.371552], [16.76768, 45.368991], [16.771565, 45.365323], [16.775156, 45.363216], [16.778628, 45.363026], [16.779708, 45.362621], [16.781086, 45.361179], [16.781154, 45.360218], [16.777805, 45.358694], [16.77342, 45.35516], [16.772623, 45.352445], [16.772476, 45.349503], [16.773184, 45.348024], [16.775132, 45.347694], [16.775766, 45.346843], [16.775346, 45.345543], [16.773913, 45.34454], [16.767583, 45.342271], [16.765456, 45.34108], [16.764126, 45.339856], [16.763699, 45.33845], [16.764481, 45.337152], [16.771175, 45.332917], [16.775715, 45.331307], [16.779698, 45.331111], [16.782256, 45.331608], [16.786765, 45.333153], [16.789211, 45.333669], [16.790736, 45.332412], [16.790638, 45.326451], [16.787701, 45.319816], [16.78527, 45.316409], [16.780669, 45.31347], [16.77981, 45.312558], [16.779578, 45.310956], [16.780068, 45.308914], [16.781699, 45.307125], [16.78443, 45.305561], [16.792121, 45.302727], [16.794679, 45.301328], [16.795941, 45.299193], [16.79573, 45.293616], [16.76914, 45.29326], [16.730914, 45.292703], [16.731075, 45.287738], [16.729586, 45.288042], [16.728846, 45.287202], [16.728028, 45.287196], [16.72768, 45.287749], [16.728141, 45.289174], [16.727897, 45.28948], [16.726776, 45.289762], [16.725022, 45.289466], [16.725201, 45.278981], [16.711809, 45.278734], [16.711834, 45.27714], [16.710993, 45.276722], [16.711073, 45.276346], [16.709344, 45.273778], [16.70948, 45.272431], [16.708917, 45.272471], [16.70687, 45.271062], [16.703067, 45.266985], [16.698921, 45.264827], [16.698065, 45.265159], [16.696122, 45.263863], [16.695327, 45.264586], [16.690828, 45.26176], [16.690274, 45.261976], [16.688354, 45.260966], [16.687872, 45.261885], [16.687485, 45.261434], [16.687781, 45.260982], [16.687233, 45.258673], [16.685582, 45.257141], [16.683245, 45.257773], [16.683388, 45.258315], [16.68145, 45.257945], [16.679484, 45.258158], [16.678515, 45.256882], [16.674688, 45.254968], [16.67311, 45.252286], [16.672555, 45.250141], [16.670524, 45.248764], [16.668942, 45.246465], [16.667796, 45.245692], [16.663564, 45.245514], [16.662014, 45.244936], [16.66092, 45.246127], [16.657499, 45.247982], [16.653191, 45.251955], [16.652211, 45.253457], [16.652554, 45.255246], [16.653593, 45.256209], [16.652938, 45.25796], [16.65311, 45.260587], [16.65532, 45.263132], [16.65485, 45.26349], [16.655251, 45.263855], [16.654861, 45.264585], [16.655268, 45.265157], [16.65508, 45.265834], [16.654055, 45.266045], [16.653288, 45.266852], [16.65261, 45.26694], [16.653355, 45.268098], [16.653317, 45.269269], [16.652749, 45.270297], [16.653687, 45.271264], [16.655433, 45.27191], [16.657654, 45.27188], [16.660667, 45.272974], [16.659784, 45.273769], [16.660012, 45.274659], [16.660931, 45.275224], [16.660364, 45.27648], [16.659025, 45.276785], [16.65862, 45.27726], [16.658892, 45.277433], [16.658317, 45.277562], [16.658077, 45.277284], [16.658137, 45.27798], [16.657678, 45.278649], [16.656315, 45.27784], [16.655434, 45.277867], [16.655505, 45.277378], [16.654943, 45.276768], [16.654215, 45.276835], [16.653246, 45.27742], [16.652568, 45.277139], [16.652217, 45.276492], [16.653062, 45.276675], [16.653613, 45.275529], [16.653219, 45.275385], [16.652536, 45.275977], [16.651713, 45.276014], [16.651747, 45.275555], [16.65123, 45.275453], [16.6509, 45.274795], [16.649932, 45.274853], [16.648867, 45.274305], [16.649826, 45.273502], [16.648651, 45.273264], [16.648911, 45.272385], [16.647724, 45.27253], [16.647074, 45.271817], [16.645226, 45.272277], [16.64457, 45.272164], [16.644919, 45.27183], [16.644459, 45.271604], [16.644791, 45.271031], [16.643779, 45.271269], [16.643305, 45.270771], [16.643514, 45.269979], [16.642966, 45.269194], [16.64242, 45.269379], [16.64207, 45.269128], [16.64205, 45.267871], [16.63942, 45.267201], [16.64081, 45.267076], [16.639578, 45.266415], [16.640437, 45.266285], [16.639925, 45.265602], [16.638521, 45.265846], [16.63735, 45.2667], [16.63663, 45.266773], [16.636431, 45.267381], [16.635776, 45.267066], [16.634846, 45.267091], [16.635421, 45.267366], [16.63525, 45.267933], [16.633185, 45.268389], [16.633559, 45.266485], [16.633296, 45.266688], [16.632412, 45.266551], [16.631877, 45.266941], [16.631658, 45.26635], [16.631256, 45.266334], [16.630156, 45.26721], [16.629707, 45.266538], [16.630211, 45.266246], [16.629625, 45.265647], [16.629155, 45.265915], [16.629558, 45.266546], [16.628055, 45.266783], [16.628501, 45.266215], [16.628122, 45.266102], [16.627867, 45.265228], [16.627374, 45.265261], [16.627639, 45.265657], [16.626585, 45.266525], [16.625252, 45.265903], [16.624123, 45.266627], [16.624065, 45.266238], [16.623204, 45.266385], [16.6231, 45.265972], [16.622308, 45.26581], [16.622402, 45.266742], [16.62285, 45.267106], [16.622609, 45.267309], [16.621817, 45.266864], [16.621335, 45.266938], [16.621106, 45.267157], [16.621576, 45.267262], [16.621462, 45.267448], [16.619455, 45.268139], [16.619213, 45.267945], [16.617733, 45.268165], [16.617571, 45.267695], [16.617009, 45.267542], [16.616998, 45.268149], [16.616253, 45.268442], [16.616869, 45.268898], [16.61625, 45.269134], [16.615985, 45.268721], [16.615445, 45.268745], [16.615699, 45.269458], [16.615091, 45.26937], [16.614553, 45.270164], [16.614058, 45.269646], [16.613645, 45.269825], [16.612913, 45.271195], [16.612213, 45.271317], [16.612178, 45.270952], [16.611399, 45.271626], [16.610721, 45.271343], [16.609918, 45.27153], [16.609354, 45.270526], [16.608906, 45.27068], [16.60866, 45.270472], [16.608018, 45.270578], [16.608432, 45.271096], [16.607743, 45.270927], [16.607836, 45.271494], [16.607102, 45.271754], [16.606871, 45.270911], [16.606699, 45.271252], [16.605999, 45.271244], [16.605839, 45.271625], [16.605287, 45.271213], [16.605036, 45.272007], [16.605599, 45.272176], [16.604888, 45.272598], [16.605554, 45.27263], [16.605279, 45.273019], [16.605601, 45.273481], [16.604396, 45.273665], [16.60489, 45.273697], [16.605028, 45.273964], [16.604512, 45.274208], [16.605006, 45.274434], [16.604158, 45.275553], [16.605031, 45.275479], [16.605308, 45.276435], [16.60516, 45.276808], [16.604723, 45.27684], [16.60485, 45.277229], [16.603999, 45.277259], [16.60439, 45.277623], [16.603816, 45.277575], [16.603541, 45.277835], [16.604161, 45.278012], [16.60376, 45.278142], [16.60437, 45.279122], [16.603968, 45.27909], [16.603923, 45.279584], [16.603418, 45.279552], [16.603362, 45.28046], [16.602685, 45.28042], [16.602226, 45.280906], [16.602674, 45.281044], [16.602135, 45.281344], [16.601331, 45.281072], [16.60143, 45.281626], [16.601038, 45.281822], [16.601365, 45.281776], [16.60117, 45.282122], [16.601611, 45.282341], [16.601319, 45.283356], [16.601008, 45.283357], [16.60021, 45.284765], [16.599245, 45.284904], [16.599311, 45.285447], [16.598479, 45.286313], [16.600822, 45.288313], [16.602525, 45.2895], [16.603114, 45.289568], [16.604377, 45.291396], [16.604738, 45.292618], [16.604008, 45.292822], [16.602884, 45.292298], [16.602618, 45.293112], [16.602169, 45.29328], [16.601797, 45.292939], [16.600704, 45.294039], [16.601027, 45.295027], [16.599183, 45.296009], [16.599611, 45.296276], [16.598411, 45.297482], [16.597829, 45.29723], [16.596826, 45.297672], [16.596235, 45.297083], [16.594889, 45.297966], [16.595379, 45.298551], [16.594853, 45.298641], [16.595507, 45.299665], [16.594713, 45.299097], [16.593942, 45.29937], [16.593157, 45.300425], [16.591739, 45.300678], [16.59094, 45.300195], [16.590096, 45.300984], [16.588058, 45.301323], [16.587082, 45.302159], [16.587362, 45.303255], [16.589506, 45.304274], [16.590543, 45.30527], [16.591755, 45.305568], [16.593185, 45.306415], [16.593563, 45.307296], [16.592654, 45.308155], [16.592717, 45.308807], [16.591847, 45.308746], [16.590551, 45.307586], [16.590184, 45.307746], [16.587289, 45.306506], [16.58628, 45.306448], [16.585096, 45.305747], [16.583935, 45.305692], [16.583066, 45.305212], [16.581383, 45.306202], [16.580656, 45.304383], [16.579639, 45.303503], [16.579441, 45.302004], [16.578374, 45.301008], [16.578012, 45.300023], [16.576726, 45.301001], [16.576814, 45.301456], [16.575316, 45.302459], [16.575596, 45.302791], [16.575114, 45.303071], [16.575298, 45.303342], [16.574713, 45.303121], [16.57447, 45.303508], [16.574793, 45.303717], [16.574374, 45.303631], [16.574645, 45.303988], [16.574261, 45.303908], [16.574184, 45.304389], [16.573762, 45.304004], [16.573154, 45.304399], [16.571939, 45.306128], [16.572409, 45.30664], [16.571844, 45.307413], [16.571404, 45.307305], [16.569331, 45.308816], [16.567141, 45.309148], [16.566794, 45.310418], [16.56387, 45.311509], [16.562773, 45.312183], [16.563029, 45.312637], [16.562211, 45.312876], [16.561935, 45.312595], [16.56127, 45.312761], [16.560471, 45.311521], [16.559867, 45.3116], [16.560492, 45.312646], [16.561462, 45.313193], [16.559246, 45.314802], [16.557618, 45.315076], [16.557847, 45.315843], [16.556766, 45.315745], [16.557168, 45.317153], [16.556246, 45.317123], [16.556602, 45.317743], [16.559868, 45.319665], [16.554519, 45.320435], [16.55354, 45.32016], [16.552369, 45.32051], [16.552555, 45.321402], [16.550843, 45.321769], [16.551111, 45.322428], [16.550381, 45.322581], [16.550907, 45.324067], [16.549807, 45.324278], [16.549776, 45.323879], [16.548244, 45.323872], [16.548376, 45.324402], [16.547729, 45.324453], [16.548141, 45.326024], [16.545899, 45.326648], [16.547001, 45.327728], [16.548286, 45.330306], [16.543773, 45.331315], [16.54087, 45.331377], [16.536592, 45.332944], [16.535755, 45.331599], [16.536094, 45.330684], [16.537583, 45.330228], [16.537819, 45.329643], [16.535526, 45.327925], [16.534749, 45.328185], [16.533708, 45.327786], [16.533378, 45.326876], [16.535197, 45.325783], [16.53492, 45.324742], [16.535486, 45.323841], [16.53509, 45.322652], [16.535485, 45.321807], [16.534707, 45.321092], [16.535246, 45.320077], [16.536991, 45.319153], [16.536818, 45.318642], [16.535302, 45.317742], [16.535291, 45.316321], [16.534822, 45.315694], [16.531113, 45.314421], [16.527865, 45.316903], [16.524341, 45.318242], [16.522049, 45.318025], [16.519407, 45.318208], [16.515663, 45.31716], [16.510315, 45.317099], [16.506976, 45.318787], [16.507703, 45.319658], [16.508072, 45.321057], [16.509768, 45.322454], [16.510576, 45.322686], [16.510915, 45.32424], [16.50933, 45.324514], [16.508971, 45.325196], [16.50937, 45.32559], [16.509221, 45.326082], [16.510407, 45.327009], [16.511056, 45.330053], [16.511784, 45.330277], [16.511814, 45.333461], [16.511585, 45.333707], [16.511505, 45.333362], [16.50975, 45.33344], [16.510119, 45.333854], [16.509451, 45.333742], [16.509271, 45.33332], [16.508105, 45.333341], [16.507564, 45.333653], [16.507243, 45.333662], [16.507605, 45.333406], [16.50585, 45.333469], [16.505793, 45.333912], [16.504939, 45.334582], [16.504666, 45.334417], [16.503973, 45.33482], [16.502684, 45.334752], [16.498926, 45.333855], [16.496934, 45.331248], [16.495789, 45.331553], [16.493284, 45.330955], [16.491891, 45.331057], [16.490219, 45.330417], [16.487277, 45.330497], [16.485182, 45.329791], [16.483698, 45.330282], [16.48262, 45.330061], [16.482527, 45.330339], [16.481785, 45.330494], [16.47811, 45.329831], [16.476101, 45.328611], [16.47486, 45.329673], [16.469146, 45.330336], [16.469447, 45.330577], [16.468332, 45.331002], [16.468144, 45.331251], [16.466871, 45.330899], [16.464204, 45.330797], [16.462967, 45.329119], [16.462166, 45.326711], [16.461628, 45.326359], [16.460489, 45.326345], [16.459804, 45.325815], [16.458963, 45.324155], [16.455474, 45.323219], [16.453382, 45.323413], [16.451104, 45.322676], [16.449313, 45.320915], [16.447684, 45.320613], [16.44627, 45.319311], [16.445358, 45.319189], [16.441074, 45.31798], [16.435905, 45.318246], [16.43415, 45.318826], [16.433055, 45.318762], [16.432256, 45.319354], [16.430402, 45.319707], [16.429463, 45.318018], [16.427648, 45.317759], [16.426811, 45.31731], [16.426611, 45.317767], [16.425478, 45.318398], [16.421463, 45.318278], [16.418871, 45.317378], [16.41571, 45.3178], [16.415309, 45.317924], [16.414576, 45.319684], [16.415162, 45.321938], [16.413346, 45.322111], [16.412389, 45.323208], [16.410941, 45.324242], [16.406435, 45.325511], [16.404417, 45.326814], [16.401145, 45.327954], [16.399643, 45.328531], [16.395122, 45.331565], [16.394242, 45.332713], [16.395985, 45.333665], [16.394813, 45.335989], [16.392529, 45.335909], [16.389683, 45.336635], [16.388477, 45.33739], [16.387189, 45.339863], [16.3866, 45.342418], [16.387563, 45.34334], [16.387388, 45.344684], [16.387598, 45.345037], [16.389001, 45.345083], [16.390982, 45.345635], [16.39442, 45.347697], [16.393393, 45.349891], [16.393702, 45.350342], [16.391946, 45.350951], [16.389707, 45.354676], [16.38773, 45.356004], [16.386776, 45.35736], [16.387149, 45.357573]]]}, "properties": {"id": 96, "razina": "regija", "name": "Urbano područje Sisak", "jls_name": "Urbano područje Sisak", "jls_maticni_broj": "*", "zupanija": "Sisačko-moslavačka", "area_km2": 842.3621, "stanovnistvo": 47430, "naselja_count": 92, "parts": 1, "holes": 0, "palette_idx": 0, "historical_zone": "Urbano područje Sisak", "source": "DGU rpj:naselje (dissolve svih naselja)"}}]}