{"type": "FeatureCollection", "features": [{"type": "Feature", "id": 1, "geometry": {"type": "Polygon", "coordinates": [[[16.089125, 45.744569], [16.091105, 45.744624], [16.097509, 45.747893], [16.098917, 45.747905], [16.101248, 45.747428], [16.102632, 45.746521], [16.103597, 45.745385], [16.104365, 45.745089], [16.105196, 45.745286], [16.105495, 45.746273], [16.106862, 45.746966], [16.107018, 45.746113], [16.108858, 45.744951], [16.109171, 45.74287], [16.110369, 45.742041], [16.110129, 45.740457], [16.110742, 45.738412], [16.110084, 45.737503], [16.109407, 45.737705], [16.106343, 45.737002], [16.105265, 45.735886], [16.103484, 45.737251], [16.102023, 45.735713], [16.099461, 45.733957], [16.098327, 45.733756], [16.096448, 45.734701], [16.095209, 45.734838], [16.094431, 45.735652], [16.094592, 45.737071], [16.095062, 45.737404], [16.097519, 45.737488], [16.097683, 45.738209], [16.096671, 45.740518], [16.094166, 45.741848], [16.092871, 45.741764], [16.091318, 45.740576], [16.089701, 45.739877], [16.088054, 45.740079], [16.087376, 45.740499], [16.086839, 45.741267], [16.088014, 45.742241], [16.089125, 45.744569]]]}, "properties": {"id": 1, "razina": "naselje", "name": "Bapča", "jls_name": "Velika Gorica", "jls_maticni_broj": "05410", "zupanija": "Zagrebačka", "area_km2": 1.6016, "stanovnistvo": 109, "palette_idx": 2, "historical_zone": "Jezgra Turopolja", "source": "DGU rpj:naselje"}}, {"type": "Feature", "id": 2, "geometry": {"type": "Polygon", "coordinates": [[[15.942043, 45.631538], [15.947025, 45.629652], [15.948467, 45.62906], [15.951915, 45.628683], [15.954452, 45.627094], [15.953452, 45.627011], [15.952714, 45.626115], [15.952491, 45.623488], [15.952173, 45.622931], [15.951738, 45.622848], [15.950066, 45.619776], [15.948571, 45.62003], [15.948039, 45.619154], [15.946139, 45.617764], [15.944852, 45.617651], [15.943191, 45.616152], [15.941765, 45.615948], [15.941463, 45.616195], [15.937916, 45.615083], [15.934584, 45.611675], [15.934316, 45.610999], [15.932256, 45.609535], [15.931172, 45.608025], [15.930078, 45.607095], [15.929499, 45.607029], [15.924978, 45.608445], [15.923973, 45.610555], [15.922781, 45.611024], [15.922858, 45.611474], [15.921373, 45.611741], [15.920647, 45.61367], [15.919944, 45.614238], [15.920736, 45.614746], [15.924001, 45.618886], [15.92505, 45.619725], [15.926643, 45.620155], [15.928624, 45.621638], [15.929549, 45.621551], [15.93148, 45.622034], [15.932168, 45.62189], [15.935192, 45.623572], [15.936707, 45.624821], [15.937261, 45.626093], [15.938029, 45.626679], [15.938078, 45.627433], [15.93866, 45.627755], [15.938267, 45.628738], [15.938755, 45.62988], [15.940818, 45.630211], [15.942043, 45.631538]]]}, "properties": {"id": 2, "razina": "naselje", "name": "Bukovčak", "jls_name": "Velika Gorica", "jls_maticni_broj": "05410", "zupanija": "Zagrebačka", "area_km2": 3.1616, "stanovnistvo": 61, "palette_idx": 1, "historical_zone": "Jezgra Turopolja", "plemenita_opcina": true, "po_skupina": "Vrhovlje", "source": "DGU rpj:naselje"}}, {"type": "Feature", "id": 3, "geometry": {"type": "Polygon", "coordinates": [[[16.148604, 45.634226], [16.147106, 45.633852], [16.145698, 45.634039], [16.145065, 45.634546], [16.143733, 45.634481], [16.143102, 45.634933], [16.141314, 45.635102], [16.140358, 45.63554], [16.139533, 45.635126], [16.136108, 45.635576], [16.135605, 45.63606], [16.134254, 45.635685], [16.133503, 45.634884], [16.131259, 45.633689], [16.129997, 45.633135], [16.12948, 45.633282], [16.128242, 45.632372], [16.127953, 45.632567], [16.127457, 45.631534], [16.127662, 45.631182], [16.12659, 45.629967], [16.127159, 45.629562], [16.126269, 45.62861], [16.126769, 45.628577], [16.127016, 45.628211], [16.125562, 45.627696], [16.12628, 45.626716], [16.126106, 45.626317], [16.125153, 45.626467], [16.12421, 45.625858], [16.123844, 45.626437], [16.123279, 45.626035], [16.122508, 45.62611], [16.121564, 45.625214], [16.121644, 45.624667], [16.120594, 45.624682], [16.120335, 45.624447], [16.119668, 45.624934], [16.118064, 45.625128], [16.118133, 45.62451], [16.11696, 45.624312], [16.117519, 45.623764], [16.116655, 45.623118], [16.115048, 45.622653], [16.115204, 45.622346], [16.114478, 45.622292], [16.114039, 45.621815], [16.113277, 45.62162], [16.113523, 45.620746], [16.113023, 45.620252], [16.113258, 45.620139], [16.112695, 45.618826], [16.109547, 45.618762], [16.10786, 45.619392], [16.106735, 45.619383], [16.105957, 45.61927], [16.104985, 45.618552], [16.10513, 45.618228], [16.105085, 45.618164], [16.102998, 45.619583], [16.099768, 45.624504], [16.098308, 45.623671], [16.096984, 45.625422], [16.096394, 45.627069], [16.096318, 45.628612], [16.096842, 45.630655], [16.098279, 45.633969], [16.100223, 45.636668], [16.100722, 45.638173], [16.102011, 45.639309], [16.106584, 45.643168], [16.113296, 45.643786], [16.116455, 45.654954], [16.118636, 45.656466], [16.130294, 45.648141], [16.148604, 45.634226]]]}, "properties": {"id": 3, "razina": "naselje", "name": "Buševec", "jls_name": "Velika Gorica", "jls_maticni_broj": "05410", "zupanija": "Zagrebačka", "area_km2": 7.6688, "stanovnistvo": 1018, "palette_idx": 0, "historical_zone": "Jezgra Turopolja", "plemenita_opcina": true, "po_skupina": "Polje", "source": "DGU rpj:naselje"}}, {"type": "Feature", "id": 4, "geometry": {"type": "Polygon", "coordinates": [[[15.954909, 45.569581], [15.954029, 45.569215], [15.953745, 45.568606], [15.953189, 45.569582], [15.952335, 45.569378], [15.951559, 45.569613], [15.951351, 45.569043], [15.951703, 45.568689], [15.951323, 45.568513], [15.950198, 45.568706], [15.949784, 45.568179], [15.948063, 45.567703], [15.947687, 45.567165], [15.94724, 45.567369], [15.947663, 45.567872], [15.94719, 45.568008], [15.945993, 45.56794], [15.945231, 45.567484], [15.945222, 45.567855], [15.944176, 45.56785], [15.943857, 45.568188], [15.942915, 45.568192], [15.942827, 45.567949], [15.94214, 45.56812], [15.94237, 45.568969], [15.940959, 45.569347], [15.939747, 45.569028], [15.940198, 45.569681], [15.939898, 45.569853], [15.937371, 45.56975], [15.936575, 45.569458], [15.936486, 45.569063], [15.935137, 45.569029], [15.934312, 45.569738], [15.933265, 45.569188], [15.932148, 45.569135], [15.931701, 45.569429], [15.931241, 45.56907], [15.930407, 45.569219], [15.930666, 45.569894], [15.930097, 45.56999], [15.930269, 45.570531], [15.929553, 45.570561], [15.928923, 45.571512], [15.929435, 45.571804], [15.928942, 45.571984], [15.929213, 45.573025], [15.929729, 45.573222], [15.929361, 45.573342], [15.929369, 45.573811], [15.929887, 45.574021], [15.92916, 45.574959], [15.930005, 45.575286], [15.930469, 45.576227], [15.931489, 45.576655], [15.931154, 45.577202], [15.93154, 45.576992], [15.931548, 45.577314], [15.931848, 45.577048], [15.932498, 45.577212], [15.932816, 45.577722], [15.9323, 45.578199], [15.932972, 45.578045], [15.933047, 45.57853], [15.934002, 45.578471], [15.933828, 45.578701], [15.934237, 45.578613], [15.934402, 45.579018], [15.935755, 45.578896], [15.935673, 45.579515], [15.936324, 45.579784], [15.935874, 45.580259], [15.93589, 45.58091], [15.937212, 45.581273], [15.93809, 45.582381], [15.939432, 45.582319], [15.941444, 45.583318], [15.944541, 45.583785], [15.947213, 45.585186], [15.948367, 45.585121], [15.949979, 45.586862], [15.953102, 45.586171], [15.954548, 45.586464], [15.954465, 45.586719], [15.960779, 45.586907], [15.962826, 45.587468], [15.962166, 45.585607], [15.963238, 45.584633], [15.96219, 45.583948], [15.962667, 45.58383], [15.962754, 45.58302], [15.961059, 45.580221], [15.960198, 45.579843], [15.960157, 45.579332], [15.95946, 45.578728], [15.957909, 45.578258], [15.957391, 45.577735], [15.957269, 45.575297], [15.956723, 45.574863], [15.957659, 45.573361], [15.956993, 45.573099], [15.957057, 45.572814], [15.955923, 45.572849], [15.956022, 45.572285], [15.956505, 45.572044], [15.955249, 45.571029], [15.956019, 45.570521], [15.956005, 45.570152], [15.954909, 45.569581]]]}, "properties": {"id": 4, "razina": "naselje", "name": "Cerovski Vrh", "jls_name": "Velika Gorica", "jls_maticni_broj": "05410", "zupanija": "Zagrebačka", "area_km2": 3.6759, "stanovnistvo": 90, "palette_idx": 2, "historical_zone": "Jezgra Turopolja", "plemenita_opcina": true, "po_skupina": "Vrhovlje", "source": "DGU rpj:naselje"}}, {"type": "Feature", "id": 5, "geometry": {"type": "Polygon", "coordinates": [[[15.977038, 45.585145], [15.978402, 45.584202], [15.979249, 45.5842], [15.982225, 45.582974], [15.984456, 45.583061], [15.985707, 45.582609], [15.985598, 45.582144], [15.982973, 45.579461], [15.982433, 45.577448], [15.982396, 45.575937], [15.982835, 45.575167], [15.982606, 45.574182], [15.983108, 45.574101], [15.983238, 45.573643], [15.983011, 45.572742], [15.982271, 45.57204], [15.982663, 45.57195], [15.982813, 45.56953], [15.983656, 45.568422], [15.983564, 45.56808], [15.982473, 45.567716], [15.982641, 45.56741], [15.982035, 45.566818], [15.981134, 45.566927], [15.980795, 45.566309], [15.98038, 45.566275], [15.980344, 45.565663], [15.97944, 45.565336], [15.980127, 45.564767], [15.978955, 45.564069], [15.980012, 45.563045], [15.97965, 45.562555], [15.979199, 45.562917], [15.978389, 45.562771], [15.979053, 45.561619], [15.978717, 45.561334], [15.979062, 45.560975], [15.978202, 45.560246], [15.978706, 45.560039], [15.978327, 45.55981], [15.978786, 45.559505], [15.977857, 45.558929], [15.978275, 45.558567], [15.977217, 45.558469], [15.976387, 45.559037], [15.974597, 45.558824], [15.974684, 45.559406], [15.97343, 45.56027], [15.973863, 45.561018], [15.97278, 45.56135], [15.972081, 45.561242], [15.972089, 45.561652], [15.970734, 45.562056], [15.971293, 45.562507], [15.970762, 45.563548], [15.969354, 45.56309], [15.968286, 45.563234], [15.967986, 45.562942], [15.967646, 45.563314], [15.966597, 45.563136], [15.965516, 45.563456], [15.964781, 45.564214], [15.964935, 45.564552], [15.963995, 45.564607], [15.963545, 45.564303], [15.963289, 45.564699], [15.963733, 45.565141], [15.962891, 45.565117], [15.961997, 45.565515], [15.961216, 45.566481], [15.962167, 45.566195], [15.962569, 45.566357], [15.962678, 45.565864], [15.964042, 45.566211], [15.964205, 45.565919], [15.965399, 45.56602], [15.966257, 45.565429], [15.966711, 45.565832], [15.966704, 45.566606], [15.967333, 45.566378], [15.967002, 45.566937], [15.967481, 45.566758], [15.968308, 45.567075], [15.968388, 45.567776], [15.967851, 45.568041], [15.96865, 45.568595], [15.968041, 45.568623], [15.968437, 45.568965], [15.967971, 45.569077], [15.967927, 45.569652], [15.969318, 45.570515], [15.969773, 45.57136], [15.9691, 45.571522], [15.970179, 45.572397], [15.969948, 45.573327], [15.970211, 45.573544], [15.969888, 45.573624], [15.970176, 45.574163], [15.969479, 45.574369], [15.969645, 45.574837], [15.96868, 45.575303], [15.96982, 45.575513], [15.96934, 45.575623], [15.969398, 45.576296], [15.968681, 45.576727], [15.968482, 45.577422], [15.968941, 45.57737], [15.969156, 45.57776], [15.969681, 45.57748], [15.969981, 45.577716], [15.969599, 45.578106], [15.970197, 45.578145], [15.969172, 45.578602], [15.969432, 45.578856], [15.969861, 45.578715], [15.969502, 45.579239], [15.970313, 45.579896], [15.969795, 45.58083], [15.969998, 45.581187], [15.97048, 45.581082], [15.970822, 45.580549], [15.971686, 45.581344], [15.971194, 45.581457], [15.971311, 45.581995], [15.971654, 45.582062], [15.971748, 45.581808], [15.973166, 45.582191], [15.972824, 45.58276], [15.973573, 45.582797], [15.973425, 45.583303], [15.973943, 45.583928], [15.974718, 45.584119], [15.974361, 45.584353], [15.974627, 45.584713], [15.976038, 45.58512], [15.976271, 45.584748], [15.976281, 45.585299], [15.977038, 45.585145]]]}, "properties": {"id": 5, "razina": "naselje", "name": "Cvetković Brdo", "jls_name": "Velika Gorica", "jls_maticni_broj": "05410", "zupanija": "Zagrebačka", "area_km2": 2.6978, "stanovnistvo": 25, "palette_idx": 2, "historical_zone": "Jezgra Turopolja", "plemenita_opcina": true, "po_skupina": "Vrhovlje", "source": "DGU rpj:naselje"}}, {"type": "Feature", "id": 6, "geometry": {"type": "Polygon", "coordinates": [[[16.012446, 45.718974], [16.014446, 45.718899], [16.01489, 45.720234], [16.016063, 45.720181], [16.018135, 45.720774], [16.017017, 45.722993], [16.01746, 45.724044], [16.018786, 45.724041], [16.018755, 45.725085], [16.017019, 45.725956], [16.016757, 45.726783], [16.015076, 45.727504], [16.017462, 45.729536], [16.01762, 45.729731], [16.019656, 45.72826], [16.020975, 45.729572], [16.029205, 45.725527], [16.029841, 45.726155], [16.031126, 45.725724], [16.030782, 45.723623], [16.031081, 45.721881], [16.031883, 45.72017], [16.033389, 45.718453], [16.032899, 45.718126], [16.037336, 45.714739], [16.029218, 45.709119], [16.031343, 45.707845], [16.029837, 45.70661], [16.031772, 45.705422], [16.032302, 45.705585], [16.033036, 45.704793], [16.031546, 45.703631], [16.029479, 45.701132], [16.028524, 45.699982], [16.024786, 45.698908], [16.022379, 45.696924], [16.018164, 45.694809], [16.015596, 45.686425], [16.012878, 45.684662], [16.011256, 45.681762], [16.010092, 45.678277], [16.011245, 45.674299], [16.012578, 45.672566], [16.012975, 45.669556], [16.013511, 45.668776], [16.012926, 45.666704], [16.014162, 45.666205], [16.015042, 45.663266], [16.014964, 45.662763], [16.01391, 45.661933], [16.013728, 45.661057], [16.015667, 45.655487], [16.015008, 45.653286], [16.014576, 45.653485], [16.014519, 45.653075], [16.013969, 45.653012], [16.01385, 45.652834], [16.014298, 45.652758], [16.013893, 45.652537], [16.014332, 45.652308], [16.013735, 45.652381], [16.013837, 45.651986], [16.013362, 45.651555], [16.013901, 45.651594], [16.013481, 45.651291], [16.013986, 45.650267], [16.013483, 45.649316], [16.013899, 45.648671], [16.013031, 45.648434], [16.012821, 45.647566], [16.012285, 45.647385], [16.01264, 45.646892], [16.012375, 45.646631], [16.011961, 45.646748], [16.011982, 45.646307], [16.011201, 45.646465], [16.010925, 45.646245], [16.010438, 45.645029], [16.007613, 45.645351], [16.004194, 45.644412], [16.001641, 45.642282], [16.001686, 45.641844], [16.001072, 45.6412], [16.001247, 45.6403], [15.999818, 45.639288], [15.999024, 45.639279], [15.997623, 45.638043], [15.995613, 45.637204], [15.994416, 45.63607], [15.993562, 45.63583], [15.99272, 45.634827], [15.99272, 45.634135], [15.992108, 45.634063], [15.98969, 45.636064], [15.988936, 45.638766], [15.988093, 45.640048], [15.989349, 45.642978], [15.990847, 45.643634], [15.992047, 45.645296], [15.991565, 45.646248], [15.991701, 45.646849], [15.99096, 45.647883], [15.990118, 45.652614], [15.990788, 45.654423], [15.991131, 45.658732], [15.992944, 45.662411], [15.99308, 45.664663], [15.993996, 45.66731], [15.995629, 45.66667], [15.995981, 45.667171], [15.9963, 45.667018], [15.996382, 45.667572], [15.996881, 45.667589], [15.997391, 45.672048], [15.998334, 45.674701], [15.999289, 45.676019], [15.99917, 45.676452], [16.000713, 45.677079], [16.001384, 45.676903], [16.003012, 45.678156], [16.003966, 45.678555], [16.004332, 45.67838], [16.004274, 45.678968], [16.005429, 45.679832], [16.005316, 45.681314], [16.005826, 45.682537], [16.005546, 45.683042], [16.005965, 45.683776], [16.005465, 45.684037], [16.005301, 45.685081], [16.003597, 45.685571], [16.003973, 45.68596], [16.004479, 45.685729], [16.004982, 45.685982], [16.004489, 45.686823], [16.004454, 45.687618], [16.00474, 45.687682], [16.003766, 45.688346], [16.003585, 45.688868], [16.002773, 45.689147], [16.002564, 45.690198], [16.003228, 45.690859], [16.004426, 45.691041], [16.005124, 45.691591], [16.004804, 45.692582], [16.005127, 45.693534], [16.004294, 45.695739], [16.005064, 45.697021], [16.006928, 45.697535], [16.007015, 45.698486], [16.007774, 45.698408], [16.007918, 45.703115], [16.011151, 45.703844], [16.012773, 45.70514], [16.009165, 45.70606], [16.010969, 45.709311], [16.009475, 45.710715], [16.007885, 45.710991], [16.008923, 45.711545], [16.009456, 45.713778], [16.008229, 45.714064], [16.008586, 45.715476], [16.008846, 45.716106], [16.010062, 45.716861], [16.009769, 45.717294], [16.010206, 45.718006], [16.011443, 45.718648], [16.012484, 45.718545], [16.012446, 45.718974]]]}, "properties": {"id": 6, "razina": "naselje", "name": "Donja Lomnica", "jls_name": "Velika Gorica", "jls_maticni_broj": "05410", "zupanija": "Zagrebačka", "area_km2": 13.4596, "stanovnistvo": 1603, "palette_idx": 1, "historical_zone": "Jezgra Turopolja", "plemenita_opcina": true, "po_skupina": "Polje", "source": "DGU rpj:naselje"}}, {"type": "Feature", "id": 7, "geometry": {"type": "Polygon", "coordinates": [[[16.163865, 45.688973], [16.161087, 45.689939], [16.158978, 45.692068], [16.15766, 45.692331], [16.156485, 45.693065], [16.156172, 45.692047], [16.149683, 45.689465], [16.150369, 45.689075], [16.148172, 45.687117], [16.141215, 45.689164], [16.140077, 45.689196], [16.139347, 45.688075], [16.136221, 45.690845], [16.133932, 45.68909], [16.133051, 45.688918], [16.132136, 45.689127], [16.130848, 45.688688], [16.127535, 45.690182], [16.126212, 45.691534], [16.127042, 45.691383], [16.127646, 45.691589], [16.126581, 45.692337], [16.12725, 45.692863], [16.126992, 45.694068], [16.127404, 45.694525], [16.128553, 45.694313], [16.128909, 45.694642], [16.130304, 45.69454], [16.130642, 45.695167], [16.129557, 45.696166], [16.126677, 45.696153], [16.126073, 45.696735], [16.126072, 45.698167], [16.125015, 45.699091], [16.125094, 45.699914], [16.126015, 45.700356], [16.128317, 45.700335], [16.128818, 45.702558], [16.130889, 45.702689], [16.133586, 45.702213], [16.134766, 45.701808], [16.134021, 45.701506], [16.133742, 45.700984], [16.133916, 45.700309], [16.13484, 45.699642], [16.135562, 45.700284], [16.13619, 45.699674], [16.138527, 45.699019], [16.139382, 45.699089], [16.139486, 45.699699], [16.140737, 45.699395], [16.141174, 45.69874], [16.142995, 45.698696], [16.143604, 45.699097], [16.144727, 45.698675], [16.145142, 45.697765], [16.145599, 45.697564], [16.145853, 45.698312], [16.147233, 45.699552], [16.147853, 45.700961], [16.149915, 45.701511], [16.151471, 45.701396], [16.152856, 45.700677], [16.153283, 45.699225], [16.154732, 45.697972], [16.157265, 45.697266], [16.159487, 45.69611], [16.161107, 45.696338], [16.161581, 45.695745], [16.160711, 45.694112], [16.161072, 45.692232], [16.161557, 45.69173], [16.162431, 45.691447], [16.165176, 45.691534], [16.166016, 45.691068], [16.166105, 45.690375], [16.166556, 45.690094], [16.167707, 45.690051], [16.168573, 45.690792], [16.169441, 45.690391], [16.169502, 45.689435], [16.167869, 45.688296], [16.167599, 45.687523], [16.167054, 45.687361], [16.16632, 45.68775], [16.166548, 45.688554], [16.165803, 45.688128], [16.165304, 45.68856], [16.163865, 45.688973]]]}, "properties": {"id": 7, "razina": "naselje", "name": "Donje Podotočje", "jls_name": "Velika Gorica", "jls_maticni_broj": "05410", "zupanija": "Zagrebačka", "area_km2": 3.1, "stanovnistvo": 365, "palette_idx": 2, "historical_zone": "Jezgra Turopolja", "source": "DGU rpj:naselje"}}, {"type": "Feature", "id": 8, "geometry": {"type": "Polygon", "coordinates": [[[16.143417, 45.774493], [16.132953, 45.774472], [16.127373, 45.774016], [16.127332, 45.774337], [16.121017, 45.774315], [16.120864, 45.77487], [16.119, 45.775106], [16.119515, 45.775805], [16.118133, 45.776188], [16.11824, 45.776878], [16.115243, 45.778554], [16.115412, 45.778739], [16.114036, 45.779753], [16.119421, 45.783469], [16.123854, 45.787565], [16.128407, 45.786787], [16.134986, 45.783364], [16.139699, 45.779711], [16.143118, 45.776149], [16.143417, 45.774493]]]}, "properties": {"id": 8, "razina": "naselje", "name": "Drenje Šćitarjevsko", "jls_name": "Velika Gorica", "jls_maticni_broj": "05410", "zupanija": "Zagrebačka", "area_km2": 2.115, "stanovnistvo": 179, "palette_idx": 1, "historical_zone": "Jezgra Turopolja", "source": "DGU rpj:naselje"}}, {"type": "Feature", "id": 9, "geometry": {"type": "Polygon", "coordinates": [[[15.948456, 45.651658], [15.949083, 45.65179], [15.950867, 45.65201], [15.953508, 45.650831], [15.954451, 45.650897], [15.954723, 45.651248], [15.954286, 45.651329], [15.955046, 45.651902], [15.954927, 45.652161], [15.955514, 45.652282], [15.955304, 45.652617], [15.955625, 45.652881], [15.955767, 45.6527], [15.955764, 45.653084], [15.956357, 45.652741], [15.957174, 45.653448], [15.958035, 45.653233], [15.958153, 45.653441], [15.95837, 45.653138], [15.958588, 45.653539], [15.959207, 45.65331], [15.959176, 45.65284], [15.958299, 45.652128], [15.959229, 45.651845], [15.958802, 45.651043], [15.959928, 45.649076], [15.959645, 45.647366], [15.960242, 45.646857], [15.961619, 45.646808], [15.963447, 45.648871], [15.964949, 45.649913], [15.967954, 45.651144], [15.972303, 45.651298], [15.972388, 45.651539], [15.97298, 45.651249], [15.974289, 45.651212], [15.975522, 45.65218], [15.977366, 45.651602], [15.979585, 45.649684], [15.979461, 45.648583], [15.978982, 45.648453], [15.979832, 45.647204], [15.978726, 45.646573], [15.978966, 45.645609], [15.980788, 45.645012], [15.982655, 45.643747], [15.981706, 45.641825], [15.981105, 45.642163], [15.980192, 45.641791], [15.978485, 45.641745], [15.976533, 45.641242], [15.975103, 45.640516], [15.97529, 45.639711], [15.975951, 45.639183], [15.977498, 45.638921], [15.979791, 45.639548], [15.981695, 45.639136], [15.982317, 45.638684], [15.981607, 45.638445], [15.982218, 45.638436], [15.982027, 45.638158], [15.982315, 45.638061], [15.98179, 45.637684], [15.982207, 45.637512], [15.981769, 45.637369], [15.982478, 45.637151], [15.982124, 45.636854], [15.982687, 45.636492], [15.98223, 45.636385], [15.982687, 45.635973], [15.981652, 45.63594], [15.981561, 45.63555], [15.982196, 45.635457], [15.981792, 45.635301], [15.982159, 45.635142], [15.981971, 45.634779], [15.982538, 45.634543], [15.982814, 45.634836], [15.982779, 45.634415], [15.984024, 45.634004], [15.984088, 45.633757], [15.983638, 45.633799], [15.984186, 45.633342], [15.984544, 45.633471], [15.984754, 45.633063], [15.985621, 45.63279], [15.985304, 45.631082], [15.9857, 45.631052], [15.985752, 45.630468], [15.986455, 45.63036], [15.986063, 45.629967], [15.986657, 45.629103], [15.986341, 45.628506], [15.986691, 45.628338], [15.986266, 45.627803], [15.9866, 45.627532], [15.986471, 45.626221], [15.986796, 45.626228], [15.986606, 45.625782], [15.987035, 45.625559], [15.986969, 45.62382], [15.987836, 45.622639], [15.988299, 45.622496], [15.991486, 45.624083], [15.992539, 45.624159], [15.992927, 45.623925], [15.99245, 45.621166], [15.991907, 45.620433], [15.992143, 45.619624], [15.991448, 45.617521], [15.99156, 45.615422], [15.988007, 45.611764], [15.987318, 45.612814], [15.985633, 45.613875], [15.981253, 45.614724], [15.978717, 45.616537], [15.977098, 45.614013], [15.977224, 45.612469], [15.976326, 45.609859], [15.976674, 45.607768], [15.976008, 45.607242], [15.975541, 45.606125], [15.973161, 45.604976], [15.973061, 45.604411], [15.972791, 45.604551], [15.971756, 45.603429], [15.970141, 45.60375], [15.969711, 45.603101], [15.969749, 45.601795], [15.972562, 45.599939], [15.972277, 45.599384], [15.971595, 45.599574], [15.970454, 45.599096], [15.969397, 45.599032], [15.968964, 45.59826], [15.968412, 45.598195], [15.966827, 45.59706], [15.964609, 45.598508], [15.96265, 45.601127], [15.961143, 45.602127], [15.959978, 45.601704], [15.958476, 45.600462], [15.958063, 45.600339], [15.957633, 45.600737], [15.958895, 45.601957], [15.960066, 45.602327], [15.959948, 45.603333], [15.95876, 45.604598], [15.960128, 45.60516], [15.960452, 45.605598], [15.960112, 45.606348], [15.962406, 45.607608], [15.959409, 45.610162], [15.956957, 45.610624], [15.955937, 45.610842], [15.955799, 45.612223], [15.955968, 45.613321], [15.957874, 45.616639], [15.957126, 45.617289], [15.957441, 45.617358], [15.957524, 45.618762], [15.956552, 45.621881], [15.957975, 45.622405], [15.95777, 45.623352], [15.958774, 45.623635], [15.957933, 45.625692], [15.958652, 45.627149], [15.95526, 45.626781], [15.954452, 45.627094], [15.951915, 45.628683], [15.948467, 45.62906], [15.947025, 45.629652], [15.947262, 45.630034], [15.946797, 45.631917], [15.947931, 45.634245], [15.948816, 45.634895], [15.950535, 45.637457], [15.94979, 45.640751], [15.950015, 45.642842], [15.949177, 45.646048], [15.949401, 45.647474], [15.948456, 45.651658]]]}, "properties": {"id": 9, "razina": "naselje", "name": "Dubranec", "jls_name": "Velika Gorica", "jls_maticni_broj": "05410", "zupanija": "Zagrebačka", "area_km2": 12.3571, "stanovnistvo": 346, "palette_idx": 0, "historical_zone": "Jezgra Turopolja", "plemenita_opcina": true, "po_skupina": "Vrhovlje", "source": "DGU rpj:naselje"}}, {"type": "Feature", "id": 10, "geometry": {"type": "Polygon", "coordinates": [[[16.012446, 45.718974], [16.012484, 45.718545], [16.011443, 45.718648], [16.010206, 45.718006], [16.009769, 45.717294], [16.010062, 45.716861], [16.008846, 45.716106], [16.008586, 45.715476], [16.008229, 45.714064], [16.009456, 45.713778], [16.008923, 45.711545], [16.007885, 45.710991], [16.009475, 45.710715], [16.010969, 45.709311], [16.009165, 45.70606], [15.985375, 45.711762], [15.986515, 45.713048], [15.987531, 45.713642], [15.987312, 45.714175], [15.987837, 45.714419], [15.987688, 45.714979], [15.985796, 45.715747], [15.985006, 45.715518], [15.983473, 45.716241], [15.983361, 45.716824], [15.984324, 45.717482], [15.985461, 45.717286], [15.986256, 45.718061], [15.988175, 45.716161], [15.989023, 45.716671], [15.989871, 45.716789], [15.991441, 45.716483], [15.992862, 45.716893], [15.99489, 45.718296], [15.996633, 45.717686], [15.99863, 45.719341], [15.999804, 45.719612], [16.000075, 45.719354], [16.001048, 45.719834], [16.004939, 45.719078], [16.009501, 45.719684], [16.012446, 45.718974]]]}, "properties": {"id": 10, "razina": "naselje", "name": "Gornja Lomnica", "jls_name": "Velika Gorica", "jls_maticni_broj": "05410", "zupanija": "Zagrebačka", "area_km2": 1.9651, "stanovnistvo": 497, "palette_idx": 4, "historical_zone": "Jezgra Turopolja", "plemenita_opcina": true, "po_skupina": "Pridružena naselja", "source": "DGU rpj:naselje"}}, {"type": "Feature", "id": 11, "geometry": {"type": "Polygon", "coordinates": [[[16.115924, 45.686012], [16.121108, 45.68765], [16.120863, 45.688694], [16.119776, 45.688502], [16.120866, 45.690263], [16.122755, 45.690635], [16.124963, 45.690442], [16.126212, 45.691534], [16.127535, 45.690182], [16.130848, 45.688688], [16.132136, 45.689127], [16.133051, 45.688918], [16.133932, 45.68909], [16.136221, 45.690845], [16.139347, 45.688075], [16.140077, 45.689196], [16.141215, 45.689164], [16.148172, 45.687117], [16.150369, 45.689075], [16.149683, 45.689465], [16.156172, 45.692047], [16.156485, 45.693065], [16.15766, 45.692331], [16.158978, 45.692068], [16.161087, 45.689939], [16.163865, 45.688973], [16.163423, 45.688582], [16.164392, 45.688259], [16.164357, 45.687606], [16.163543, 45.687877], [16.161763, 45.687329], [16.161835, 45.68674], [16.162538, 45.686071], [16.161475, 45.685419], [16.161056, 45.684703], [16.16045, 45.684644], [16.160142, 45.6838], [16.158334, 45.683704], [16.157966, 45.683288], [16.156912, 45.683186], [16.155918, 45.682508], [16.155703, 45.683571], [16.154357, 45.683573], [16.154584, 45.682609], [16.153446, 45.68209], [16.154024, 45.681404], [16.153608, 45.680463], [16.152443, 45.680313], [16.150198, 45.681731], [16.149476, 45.681723], [16.148995, 45.681707], [16.148751, 45.681016], [16.147621, 45.681273], [16.14763, 45.680723], [16.14533, 45.680783], [16.145467, 45.68025], [16.139186, 45.680465], [16.138531, 45.680096], [16.137198, 45.681413], [16.136674, 45.681309], [16.13632, 45.681631], [16.134567, 45.68037], [16.134098, 45.680701], [16.132403, 45.678981], [16.131176, 45.679738], [16.128443, 45.681463], [16.125842, 45.68375], [16.122376, 45.684569], [16.121331, 45.68426], [16.117689, 45.68592], [16.116464, 45.685505], [16.115924, 45.686012]]]}, "properties": {"id": 11, "razina": "naselje", "name": "Gornje Podotočje", "jls_name": "Velika Gorica", "jls_maticni_broj": "05410", "zupanija": "Zagrebačka", "area_km2": 2.9635, "stanovnistvo": 492, "palette_idx": 4, "historical_zone": "Jezgra Turopolja", "source": "DGU rpj:naselje"}}, {"type": "Feature", "id": 12, "geometry": {"type": "Polygon", "coordinates": [[[16.042768, 45.695922], [16.037272, 45.698365], [16.029479, 45.701132], [16.031546, 45.703631], [16.033036, 45.704793], [16.032302, 45.705585], [16.031772, 45.705422], [16.029837, 45.70661], [16.031343, 45.707845], [16.029218, 45.709119], [16.037336, 45.714739], [16.050551, 45.705115], [16.050115, 45.704821], [16.050307, 45.703049], [16.049965, 45.703162], [16.049533, 45.702727], [16.04862, 45.702571], [16.047082, 45.699949], [16.047865, 45.699139], [16.045075, 45.694747], [16.042768, 45.695922]]]}, "properties": {"id": 12, "razina": "naselje", "name": "Gradići", "jls_name": "Velika Gorica", "jls_maticni_broj": "05410", "zupanija": "Zagrebačka", "area_km2": 2.0969, "stanovnistvo": 1871, "palette_idx": 2, "historical_zone": "Jezgra Turopolja", "source": "DGU rpj:naselje"}}, {"type": "Feature", "id": 13, "geometry": {"type": "Polygon", "coordinates": [[[15.992108, 45.634063], [15.992307, 45.632721], [15.991226, 45.632914], [15.991096, 45.632525], [15.991276, 45.632073], [15.992469, 45.632106], [15.992626, 45.628143], [15.990803, 45.62835], [15.989879, 45.627506], [15.992938, 45.626213], [15.992793, 45.624981], [15.992927, 45.623925], [15.992539, 45.624159], [15.991486, 45.624083], [15.988299, 45.622496], [15.987836, 45.622639], [15.986969, 45.62382], [15.987035, 45.625559], [15.986606, 45.625782], [15.986796, 45.626228], [15.986471, 45.626221], [15.9866, 45.627532], [15.986266, 45.627803], [15.986691, 45.628338], [15.986341, 45.628506], [15.986657, 45.629103], [15.986063, 45.629967], [15.986455, 45.63036], [15.985752, 45.630468], [15.9857, 45.631052], [15.985304, 45.631082], [15.985621, 45.63279], [15.984754, 45.633063], [15.984544, 45.633471], [15.984186, 45.633342], [15.983638, 45.633799], [15.984088, 45.633757], [15.984024, 45.634004], [15.982779, 45.634415], [15.982814, 45.634836], [15.982538, 45.634543], [15.981971, 45.634779], [15.982159, 45.635142], [15.981792, 45.635301], [15.982196, 45.635457], [15.981561, 45.63555], [15.981652, 45.63594], [15.982687, 45.635973], [15.98223, 45.636385], [15.982687, 45.636492], [15.982124, 45.636854], [15.982478, 45.637151], [15.981769, 45.637369], [15.982207, 45.637512], [15.98179, 45.637684], [15.982315, 45.638061], [15.982027, 45.638158], [15.982218, 45.638436], [15.981607, 45.638445], [15.982317, 45.638684], [15.981695, 45.639136], [15.979791, 45.639548], [15.977498, 45.638921], [15.975951, 45.639183], [15.97529, 45.639711], [15.975103, 45.640516], [15.976533, 45.641242], [15.978485, 45.641745], [15.980192, 45.641791], [15.981105, 45.642163], [15.981706, 45.641825], [15.982655, 45.643747], [15.980788, 45.645012], [15.978966, 45.645609], [15.978726, 45.646573], [15.979832, 45.647204], [15.978982, 45.648453], [15.979461, 45.648583], [15.979585, 45.649684], [15.977366, 45.651602], [15.975522, 45.65218], [15.974971, 45.652148], [15.974835, 45.652462], [15.975336, 45.653513], [15.974926, 45.654403], [15.975576, 45.655089], [15.975044, 45.656341], [15.97649, 45.658234], [15.97665, 45.659184], [15.976301, 45.659798], [15.977268, 45.660275], [15.977317, 45.660989], [15.979023, 45.661235], [15.978998, 45.661534], [15.9804, 45.661557], [15.980438, 45.661777], [15.979845, 45.661911], [15.980652, 45.6622], [15.980121, 45.662826], [15.980521, 45.663166], [15.980226, 45.663703], [15.98063, 45.664374], [15.981559, 45.664517], [15.981664, 45.664909], [15.982411, 45.66487], [15.982775, 45.66519], [15.983413, 45.665008], [15.983743, 45.66531], [15.984554, 45.664786], [15.985308, 45.664728], [15.98587, 45.664173], [15.986268, 45.664623], [15.987101, 45.664043], [15.987397, 45.664371], [15.987794, 45.663643], [15.988461, 45.663722], [15.98841, 45.66441], [15.988933, 45.664022], [15.989496, 45.664244], [15.989319, 45.664895], [15.990147, 45.665815], [15.990066, 45.666157], [15.991031, 45.666135], [15.99259, 45.667168], [15.993221, 45.667031], [15.993996, 45.66731], [15.99308, 45.664663], [15.992944, 45.662411], [15.991131, 45.658732], [15.990788, 45.654423], [15.990118, 45.652614], [15.99096, 45.647883], [15.991701, 45.646849], [15.991565, 45.646248], [15.992047, 45.645296], [15.990847, 45.643634], [15.989349, 45.642978], [15.988093, 45.640048], [15.988936, 45.638766], [15.98969, 45.636064], [15.992108, 45.634063]]]}, "properties": {"id": 13, "razina": "naselje", "name": "Gudci", "jls_name": "Velika Gorica", "jls_maticni_broj": "05410", "zupanija": "Zagrebačka", "area_km2": 3.7894, "stanovnistvo": 384, "palette_idx": 3, "historical_zone": "Jezgra Turopolja", "source": "DGU rpj:naselje"}}, {"type": "Feature", "id": 14, "geometry": {"type": "Polygon", "coordinates": [[[15.995031, 45.601683], [15.994207, 45.600074], [15.99347, 45.599536], [15.993857, 45.598716], [15.993796, 45.597227], [15.992748, 45.595218], [15.991301, 45.594266], [15.989281, 45.593574], [15.988455, 45.592263], [15.988177, 45.591], [15.989676, 45.589082], [15.98958, 45.587204], [15.986812, 45.584961], [15.986146, 45.58394], [15.984456, 45.583061], [15.982225, 45.582974], [15.979249, 45.5842], [15.978402, 45.584202], [15.977038, 45.585145], [15.976161, 45.585826], [15.977018, 45.587292], [15.977457, 45.587419], [15.977581, 45.588696], [15.97813, 45.589026], [15.978841, 45.590927], [15.97815, 45.591881], [15.978947, 45.592219], [15.978751, 45.595173], [15.976987, 45.596722], [15.976052, 45.596905], [15.975758, 45.597924], [15.9738, 45.598643], [15.973583, 45.599246], [15.973014, 45.599516], [15.972277, 45.599384], [15.972562, 45.599939], [15.969749, 45.601795], [15.969711, 45.603101], [15.970141, 45.60375], [15.971756, 45.603429], [15.972791, 45.604551], [15.973061, 45.604411], [15.973161, 45.604976], [15.975541, 45.606125], [15.976008, 45.607242], [15.976674, 45.607768], [15.976326, 45.609859], [15.977224, 45.612469], [15.977098, 45.614013], [15.978717, 45.616537], [15.981253, 45.614724], [15.985633, 45.613875], [15.987318, 45.612814], [15.988007, 45.611764], [15.990992, 45.608408], [15.995031, 45.601683]]]}, "properties": {"id": 14, "razina": "naselje", "name": "Gustelnica", "jls_name": "Velika Gorica", "jls_maticni_broj": "05410", "zupanija": "Zagrebačka", "area_km2": 3.9719, "stanovnistvo": 100, "palette_idx": 3, "historical_zone": "Jezgra Turopolja", "plemenita_opcina": true, "po_skupina": "Vrhovlje", "source": "DGU rpj:naselje"}}, {"type": "Feature", "id": 15, "geometry": {"type": "Polygon", "coordinates": [[[16.162573, 45.701031], [16.163682, 45.700762], [16.163836, 45.700405], [16.16136, 45.697914], [16.16158, 45.696763], [16.161107, 45.696338], [16.159487, 45.69611], [16.157265, 45.697266], [16.154732, 45.697972], [16.153283, 45.699225], [16.152856, 45.700677], [16.151471, 45.701396], [16.149915, 45.701511], [16.147853, 45.700961], [16.147233, 45.699552], [16.145853, 45.698312], [16.145599, 45.697564], [16.145142, 45.697765], [16.144727, 45.698675], [16.143604, 45.699097], [16.142995, 45.698696], [16.141174, 45.69874], [16.140737, 45.699395], [16.139486, 45.699699], [16.139382, 45.699089], [16.138527, 45.699019], [16.13619, 45.699674], [16.135562, 45.700284], [16.13484, 45.699642], [16.133916, 45.700309], [16.133742, 45.700984], [16.134021, 45.701506], [16.134766, 45.701808], [16.133586, 45.702213], [16.134174, 45.704811], [16.133904, 45.706077], [16.134432, 45.706766], [16.136654, 45.707253], [16.136351, 45.707928], [16.138902, 45.708331], [16.139565, 45.708817], [16.141917, 45.708809], [16.141709, 45.708264], [16.143281, 45.708232], [16.144339, 45.707302], [16.145904, 45.707494], [16.146677, 45.707313], [16.147099, 45.707712], [16.148495, 45.707947], [16.149752, 45.70731], [16.152959, 45.707284], [16.153909, 45.706763], [16.154151, 45.705791], [16.155234, 45.705024], [16.157108, 45.704637], [16.157958, 45.703954], [16.160185, 45.703125], [16.160881, 45.701973], [16.162573, 45.701031]]]}, "properties": {"id": 15, "razina": "naselje", "name": "Jagodno", "jls_name": "Velika Gorica", "jls_maticni_broj": "05410", "zupanija": "Zagrebačka", "area_km2": 1.88, "stanovnistvo": 533, "palette_idx": 4, "historical_zone": "Jezgra Turopolja", "source": "DGU rpj:naselje"}}, {"type": "Feature", "id": 16, "geometry": {"type": "Polygon", "coordinates": [[[15.977038, 45.585145], [15.976281, 45.585299], [15.976271, 45.584748], [15.976038, 45.58512], [15.974627, 45.584713], [15.974361, 45.584353], [15.974718, 45.584119], [15.973943, 45.583928], [15.973425, 45.583303], [15.973573, 45.582797], [15.972824, 45.58276], [15.973166, 45.582191], [15.971748, 45.581808], [15.971654, 45.582062], [15.971311, 45.581995], [15.971194, 45.581457], [15.971686, 45.581344], [15.970822, 45.580549], [15.97048, 45.581082], [15.969998, 45.581187], [15.969795, 45.58083], [15.970313, 45.579896], [15.969502, 45.579239], [15.969861, 45.578715], [15.969432, 45.578856], [15.969172, 45.578602], [15.970197, 45.578145], [15.969599, 45.578106], [15.969981, 45.577716], [15.969681, 45.57748], [15.969156, 45.57776], [15.968941, 45.57737], [15.968482, 45.577422], [15.968681, 45.576727], [15.969398, 45.576296], [15.96934, 45.575623], [15.96982, 45.575513], [15.96868, 45.575303], [15.969645, 45.574837], [15.969479, 45.574369], [15.970176, 45.574163], [15.969888, 45.573624], [15.970211, 45.573544], [15.969948, 45.573327], [15.970179, 45.572397], [15.9691, 45.571522], [15.969773, 45.57136], [15.969318, 45.570515], [15.967927, 45.569652], [15.967971, 45.569077], [15.968437, 45.568965], [15.968041, 45.568623], [15.96865, 45.568595], [15.967851, 45.568041], [15.968388, 45.567776], [15.968308, 45.567075], [15.967481, 45.566758], [15.967002, 45.566937], [15.967333, 45.566378], [15.966704, 45.566606], [15.966711, 45.565832], [15.966257, 45.565429], [15.965399, 45.56602], [15.964205, 45.565919], [15.964042, 45.566211], [15.962678, 45.565864], [15.962569, 45.566357], [15.960341, 45.567892], [15.959761, 45.567195], [15.958955, 45.567142], [15.958081, 45.567768], [15.958452, 45.568397], [15.957244, 45.568403], [15.954909, 45.569581], [15.956005, 45.570152], [15.956019, 45.570521], [15.955249, 45.571029], [15.956505, 45.572044], [15.956022, 45.572285], [15.955923, 45.572849], [15.957057, 45.572814], [15.956993, 45.573099], [15.957659, 45.573361], [15.956723, 45.574863], [15.957269, 45.575297], [15.957391, 45.577735], [15.957909, 45.578258], [15.95946, 45.578728], [15.960157, 45.579332], [15.960198, 45.579843], [15.961059, 45.580221], [15.962754, 45.58302], [15.962667, 45.58383], [15.96219, 45.583948], [15.963238, 45.584633], [15.962166, 45.585607], [15.962826, 45.587468], [15.960779, 45.586907], [15.954465, 45.586719], [15.955352, 45.587242], [15.956311, 45.587372], [15.958602, 45.588915], [15.958376, 45.589218], [15.959224, 45.589783], [15.960798, 45.589806], [15.961266, 45.590228], [15.961252, 45.59097], [15.96088, 45.590916], [15.961217, 45.591604], [15.963041, 45.593435], [15.964005, 45.593877], [15.964788, 45.59507], [15.966938, 45.595355], [15.967793, 45.595117], [15.967783, 45.596352], [15.966827, 45.59706], [15.968412, 45.598195], [15.968964, 45.59826], [15.969397, 45.599032], [15.970454, 45.599096], [15.971595, 45.599574], [15.972277, 45.599384], [15.973014, 45.599516], [15.973583, 45.599246], [15.9738, 45.598643], [15.975758, 45.597924], [15.976052, 45.596905], [15.976987, 45.596722], [15.978751, 45.595173], [15.978947, 45.592219], [15.97815, 45.591881], [15.978841, 45.590927], [15.97813, 45.589026], [15.977581, 45.588696], [15.977457, 45.587419], [15.977018, 45.587292], [15.976161, 45.585826], [15.977038, 45.585145]]]}, "properties": {"id": 16, "razina": "naselje", "name": "Jerebić", "jls_name": "Velika Gorica", "jls_maticni_broj": "05410", "zupanija": "Zagrebačka", "area_km2": 3.6188, "stanovnistvo": 38, "palette_idx": 1, "historical_zone": "Jezgra Turopolja", "plemenita_opcina": true, "po_skupina": "Pridružena naselja", "source": "DGU rpj:naselje"}}, {"type": "Feature", "id": 17, "geometry": {"type": "Polygon", "coordinates": [[[16.04042, 45.604178], [16.040843, 45.601046], [16.039573, 45.601384], [16.03821, 45.601325], [16.036637, 45.602361], [16.035926, 45.603338], [16.035444, 45.602758], [16.034833, 45.602886], [16.034641, 45.602419], [16.033826, 45.602154], [16.034039, 45.60167], [16.033645, 45.601822], [16.033443, 45.601285], [16.03312, 45.601499], [16.032713, 45.601203], [16.031992, 45.601294], [16.031534, 45.601822], [16.030823, 45.601814], [16.027404, 45.600917], [16.02642, 45.601543], [16.022227, 45.599793], [16.020892, 45.59975], [16.021366, 45.600183], [16.020301, 45.600825], [16.020267, 45.601541], [16.019879, 45.601788], [16.020245, 45.601888], [16.020258, 45.602294], [16.019651, 45.602918], [16.021062, 45.603296], [16.020091, 45.60499], [16.020975, 45.606587], [16.021075, 45.607358], [16.020528, 45.608003], [16.020911, 45.609028], [16.021123, 45.609267], [16.022408, 45.608895], [16.023453, 45.608977], [16.023419, 45.609617], [16.023843, 45.609745], [16.023251, 45.610425], [16.024689, 45.610515], [16.0242, 45.610939], [16.025023, 45.611336], [16.024812, 45.613174], [16.025204, 45.613399], [16.025907, 45.613256], [16.025281, 45.614056], [16.026457, 45.614436], [16.027982, 45.616402], [16.029369, 45.617399], [16.028395, 45.61776], [16.027355, 45.617523], [16.028225, 45.618236], [16.027793, 45.619109], [16.028915, 45.618907], [16.028309, 45.620608], [16.027645, 45.62123], [16.028437, 45.621721], [16.02699, 45.622233], [16.027454, 45.623505], [16.028367, 45.624365], [16.030895, 45.627408], [16.032852, 45.628335], [16.033609, 45.628145], [16.034083, 45.628405], [16.034739, 45.627734], [16.036305, 45.627202], [16.037321, 45.627454], [16.038832, 45.629345], [16.039584, 45.631587], [16.040279, 45.631714], [16.040488, 45.632807], [16.039508, 45.633321], [16.040182, 45.633813], [16.040995, 45.633937], [16.041157, 45.633638], [16.04156, 45.633798], [16.041572, 45.633489], [16.042008, 45.633808], [16.043591, 45.632199], [16.045429, 45.63116], [16.045651, 45.628465], [16.045167, 45.628266], [16.04551, 45.627999], [16.045918, 45.628196], [16.046764, 45.627957], [16.046391, 45.627353], [16.046798, 45.626815], [16.046267, 45.626836], [16.045896, 45.626069], [16.046335, 45.626117], [16.04608, 45.625858], [16.04658, 45.625427], [16.04606, 45.625262], [16.04648, 45.624341], [16.047411, 45.624056], [16.047375, 45.623302], [16.048426, 45.620971], [16.047904, 45.619977], [16.048391, 45.619541], [16.047598, 45.619245], [16.048402, 45.618632], [16.047878, 45.618358], [16.048231, 45.617662], [16.047755, 45.61741], [16.047308, 45.617623], [16.046145, 45.616317], [16.045617, 45.616322], [16.045455, 45.614804], [16.044727, 45.614702], [16.044928, 45.614493], [16.044492, 45.614367], [16.044256, 45.61379], [16.043953, 45.613982], [16.043306, 45.613609], [16.042362, 45.613866], [16.042047, 45.613341], [16.041484, 45.613516], [16.041616, 45.609294], [16.041103, 45.607897], [16.041218, 45.606496], [16.040154, 45.605216], [16.04042, 45.604178]]]}, "properties": {"id": 17, "razina": "naselje", "name": "Ključić Brdo", "jls_name": "Velika Gorica", "jls_maticni_broj": "05410", "zupanija": "Zagrebačka", "area_km2": 4.6029, "stanovnistvo": 233, "palette_idx": 3, "historical_zone": "Jezgra Turopolja", "source": "DGU rpj:naselje"}}, {"type": "Feature", "id": 18, "geometry": {"type": "Polygon", "coordinates": [[[16.099461, 45.733957], [16.102023, 45.735713], [16.103484, 45.737251], [16.105265, 45.735886], [16.106343, 45.737002], [16.109407, 45.737705], [16.110084, 45.737503], [16.111712, 45.734594], [16.111615, 45.732666], [16.113408, 45.731745], [16.11219, 45.731872], [16.110785, 45.73128], [16.110418, 45.729665], [16.108912, 45.729051], [16.108682, 45.728405], [16.109161, 45.72629], [16.108198, 45.72609], [16.107531, 45.726525], [16.10534, 45.726448], [16.10382, 45.725626], [16.102445, 45.725524], [16.098949, 45.72376], [16.098821, 45.723347], [16.094374, 45.723959], [16.094556, 45.725777], [16.095134, 45.726825], [16.094908, 45.727093], [16.09594, 45.728424], [16.097708, 45.7321], [16.099461, 45.733957]]]}, "properties": {"id": 18, "razina": "naselje", "name": "Kobilić", "jls_name": "Velika Gorica", "jls_maticni_broj": "05410", "zupanija": "Zagrebačka", "area_km2": 1.3189, "stanovnistvo": 536, "palette_idx": 3, "historical_zone": "Jezgra Turopolja", "plemenita_opcina": true, "po_skupina": "Polje", "source": "DGU rpj:naselje"}}, {"type": "Feature", "id": 19, "geometry": {"type": "Polygon", "coordinates": [[[16.028367, 45.624365], [16.027454, 45.623505], [16.02699, 45.622233], [16.028437, 45.621721], [16.027645, 45.62123], [16.028309, 45.620608], [16.028915, 45.618907], [16.027793, 45.619109], [16.028225, 45.618236], [16.027355, 45.617523], [16.028395, 45.61776], [16.029369, 45.617399], [16.027982, 45.616402], [16.026457, 45.614436], [16.025281, 45.614056], [16.025907, 45.613256], [16.025204, 45.613399], [16.024812, 45.613174], [16.025023, 45.611336], [16.0242, 45.610939], [16.024689, 45.610515], [16.023251, 45.610425], [16.023843, 45.609745], [16.023419, 45.609617], [16.023453, 45.608977], [16.022408, 45.608895], [16.021123, 45.609267], [16.020911, 45.609028], [16.020528, 45.608003], [16.021075, 45.607358], [16.020975, 45.606587], [16.020091, 45.60499], [16.021062, 45.603296], [16.019651, 45.602918], [16.020258, 45.602294], [16.020245, 45.601888], [16.019879, 45.601788], [16.020267, 45.601541], [16.020301, 45.600825], [16.021366, 45.600183], [16.020892, 45.59975], [16.01988, 45.599582], [16.017387, 45.600484], [16.016521, 45.600209], [16.015914, 45.600747], [16.015948, 45.601455], [16.014855, 45.601374], [16.01343, 45.601868], [16.010085, 45.601812], [16.009936, 45.602194], [16.008545, 45.60188], [16.006567, 45.600647], [16.005834, 45.598316], [16.001373, 45.598663], [15.998697, 45.59965], [15.99709, 45.5999], [15.995242, 45.601184], [15.995031, 45.601683], [15.990992, 45.608408], [15.988007, 45.611764], [15.99156, 45.615422], [15.991448, 45.617521], [15.992143, 45.619624], [15.991907, 45.620433], [15.99245, 45.621166], [15.992927, 45.623925], [15.992793, 45.624981], [15.998767, 45.6255], [16.001343, 45.624384], [16.000859, 45.622887], [16.001191, 45.622704], [16.000475, 45.622281], [16.000573, 45.621539], [16.001263, 45.621788], [16.001741, 45.621585], [16.001922, 45.620947], [16.003194, 45.620389], [16.004997, 45.620173], [16.006379, 45.619469], [16.008002, 45.619539], [16.008391, 45.619177], [16.009259, 45.620693], [16.010982, 45.621263], [16.012784, 45.621096], [16.013059, 45.620567], [16.012402, 45.620016], [16.012906, 45.619647], [16.016114, 45.61938], [16.018017, 45.620175], [16.017969, 45.620628], [16.019763, 45.622306], [16.020675, 45.622085], [16.02131, 45.622299], [16.021205, 45.622778], [16.021761, 45.622951], [16.023143, 45.62275], [16.02392, 45.623179], [16.025056, 45.622954], [16.025524, 45.623817], [16.026617, 45.623738], [16.026805, 45.623309], [16.028367, 45.624365]]]}, "properties": {"id": 19, "razina": "naselje", "name": "Kozjača", "jls_name": "Velika Gorica", "jls_maticni_broj": "05410", "zupanija": "Zagrebačka", "area_km2": 6.1267, "stanovnistvo": 305, "palette_idx": 1, "historical_zone": "Jezgra Turopolja", "source": "DGU rpj:naselje"}}, {"type": "Feature", "id": 20, "geometry": {"type": "Polygon", "coordinates": [[[16.222715, 45.649897], [16.223531, 45.648047], [16.228887, 45.643166], [16.226892, 45.640576], [16.227487, 45.639171], [16.227255, 45.637093], [16.228852, 45.635543], [16.229078, 45.634321], [16.228353, 45.633526], [16.226692, 45.633244], [16.225821, 45.632687], [16.225488, 45.630295], [16.225827, 45.629642], [16.230261, 45.629667], [16.234775, 45.631039], [16.239109, 45.630738], [16.240717, 45.629931], [16.241824, 45.63031], [16.242475, 45.630017], [16.241335, 45.628206], [16.241585, 45.627578], [16.241982, 45.627521], [16.244793, 45.629694], [16.24719, 45.629581], [16.247914, 45.630594], [16.249037, 45.630713], [16.249569, 45.629835], [16.248896, 45.628478], [16.249455, 45.628319], [16.251359, 45.628827], [16.252598, 45.628249], [16.25216, 45.625829], [16.252465, 45.624682], [16.254148, 45.622568], [16.254186, 45.62176], [16.254037, 45.619946], [16.252241, 45.618288], [16.251657, 45.617089], [16.251779, 45.616419], [16.252572, 45.615773], [16.254942, 45.615088], [16.25539, 45.614707], [16.255741, 45.614128], [16.255719, 45.612391], [16.257988, 45.611727], [16.259149, 45.608879], [16.260302, 45.607683], [16.26428, 45.605737], [16.266528, 45.605388], [16.265138, 45.603858], [16.264101, 45.603335], [16.264099, 45.602852], [16.263459, 45.602864], [16.263025, 45.602214], [16.262438, 45.602026], [16.261256, 45.602807], [16.260484, 45.602261], [16.257744, 45.602505], [16.255416, 45.601653], [16.254826, 45.602257], [16.254793, 45.603496], [16.253313, 45.602762], [16.251991, 45.601354], [16.250864, 45.600832], [16.251174, 45.600112], [16.250968, 45.59857], [16.251636, 45.597643], [16.250951, 45.597027], [16.250882, 45.595612], [16.249542, 45.595371], [16.24789, 45.594062], [16.246804, 45.591927], [16.244166, 45.591996], [16.242914, 45.591328], [16.242006, 45.591499], [16.240712, 45.592439], [16.239202, 45.592641], [16.238914, 45.593415], [16.243567, 45.596068], [16.240988, 45.598966], [16.236311, 45.602411], [16.235615, 45.603592], [16.236998, 45.604334], [16.235232, 45.606563], [16.233496, 45.608096], [16.23177, 45.608019], [16.223618, 45.608879], [16.216837, 45.609942], [16.202703, 45.609772], [16.204559, 45.604198], [16.204327, 45.603951], [16.203985, 45.604247], [16.202896, 45.605099], [16.201375, 45.605319], [16.198612, 45.606529], [16.196219, 45.608792], [16.194036, 45.613294], [16.194821, 45.6178], [16.194705, 45.61952], [16.190738, 45.627616], [16.189147, 45.629162], [16.186317, 45.634709], [16.18261, 45.638449], [16.180249, 45.639648], [16.17886, 45.639848], [16.178796, 45.640547], [16.179524, 45.640824], [16.179011, 45.64134], [16.179256, 45.641579], [16.18096, 45.642391], [16.182883, 45.642399], [16.183575, 45.642707], [16.183646, 45.643072], [16.1847, 45.643128], [16.184378, 45.644089], [16.184609, 45.644578], [16.184034, 45.645145], [16.184601, 45.645835], [16.184386, 45.6465], [16.185034, 45.647169], [16.187176, 45.648137], [16.187101, 45.648664], [16.151793, 45.668547], [16.149727, 45.668731], [16.149815, 45.669479], [16.143091, 45.670337], [16.131425, 45.673754], [16.125576, 45.674976], [16.126985, 45.677304], [16.129092, 45.677127], [16.131176, 45.679738], [16.132403, 45.678981], [16.134098, 45.680701], [16.134567, 45.68037], [16.13632, 45.681631], [16.136674, 45.681309], [16.137198, 45.681413], [16.138531, 45.680096], [16.139186, 45.680465], [16.145467, 45.68025], [16.14533, 45.680783], [16.14763, 45.680723], [16.147621, 45.681273], [16.148751, 45.681016], [16.148995, 45.681707], [16.149476, 45.681723], [16.150198, 45.681731], [16.152443, 45.680313], [16.153608, 45.680463], [16.154024, 45.681404], [16.153446, 45.68209], [16.154584, 45.682609], [16.154357, 45.683573], [16.155703, 45.683571], [16.155918, 45.682508], [16.156912, 45.683186], [16.157966, 45.683288], [16.158334, 45.683704], [16.160142, 45.6838], [16.16045, 45.684644], [16.161056, 45.684703], [16.161475, 45.685419], [16.162538, 45.686071], [16.161835, 45.68674], [16.161763, 45.687329], [16.163543, 45.687877], [16.164357, 45.687606], [16.164392, 45.688259], [16.163423, 45.688582], [16.163865, 45.688973], [16.165304, 45.68856], [16.165803, 45.688128], [16.166548, 45.688554], [16.16632, 45.68775], [16.167054, 45.687361], [16.167599, 45.687523], [16.168633, 45.686769], [16.169633, 45.683579], [16.170793, 45.682736], [16.172864, 45.681898], [16.173848, 45.680861], [16.175238, 45.676156], [16.177093, 45.67356], [16.175146, 45.67146], [16.175411, 45.670625], [16.176393, 45.669813], [16.179182, 45.668335], [16.193638, 45.667764], [16.199043, 45.667083], [16.200958, 45.665777], [16.200335, 45.664381], [16.203906, 45.662293], [16.2047, 45.66232], [16.205773, 45.66363], [16.207001, 45.664071], [16.20809, 45.663877], [16.208741, 45.663289], [16.209376, 45.660277], [16.214322, 45.655528], [16.215405, 45.655165], [16.217406, 45.655159], [16.220748, 45.656108], [16.222015, 45.655628], [16.222312, 45.654843], [16.221334, 45.652641], [16.222715, 45.649897]]]}, "properties": {"id": 20, "razina": "naselje", "name": "Kuče", "jls_name": "Velika Gorica", "jls_maticni_broj": "05410", "zupanija": "Zagrebačka", "area_km2": 32.7863, "stanovnistvo": 1370, "palette_idx": 0, "historical_zone": "Jezgra Turopolja", "plemenita_opcina": true, "po_skupina": "Polje", "source": "DGU rpj:naselje"}}, {"type": "Feature", "id": 21, "geometry": {"type": "Polygon", "coordinates": [[[16.116455, 45.654954], [16.113296, 45.643786], [16.106584, 45.643168], [16.102011, 45.639309], [16.10098, 45.639254], [16.100312, 45.643236], [16.099814, 45.643258], [16.098545, 45.644113], [16.098207, 45.65031], [16.100152, 45.650353], [16.099929, 45.650961], [16.095921, 45.650874], [16.095638, 45.656514], [16.09904, 45.656567], [16.098926, 45.65531], [16.100486, 45.656676], [16.100067, 45.657879], [16.100837, 45.657936], [16.10224, 45.657199], [16.115514, 45.655483], [16.116455, 45.654954]]]}, "properties": {"id": 21, "razina": "naselje", "name": "Lazi Turopoljski", "jls_name": "Velika Gorica", "jls_maticni_broj": "05410", "zupanija": "Zagrebačka", "area_km2": 2.124, "stanovnistvo": 30, "palette_idx": 1, "historical_zone": "Jezgra Turopolja", "plemenita_opcina": true, "po_skupina": "Pridružena naselja", "source": "DGU rpj:naselje"}}, {"type": "Feature", "id": 22, "geometry": {"type": "Polygon", "coordinates": [[[16.141297, 45.738508], [16.142491, 45.738637], [16.143362, 45.739109], [16.144707, 45.73871], [16.144517, 45.738018], [16.145726, 45.737036], [16.147851, 45.737931], [16.150626, 45.736383], [16.150935, 45.735875], [16.147403, 45.733592], [16.146731, 45.732827], [16.148641, 45.731032], [16.149912, 45.732122], [16.151451, 45.731407], [16.15163, 45.730667], [16.150324, 45.728617], [16.147584, 45.727056], [16.146126, 45.727005], [16.145693, 45.725937], [16.144578, 45.725971], [16.144484, 45.725513], [16.142983, 45.7252], [16.143256, 45.724327], [16.144361, 45.723987], [16.144996, 45.724107], [16.145228, 45.724569], [16.145849, 45.724445], [16.145693, 45.722955], [16.14307, 45.721488], [16.142108, 45.7197], [16.141163, 45.719334], [16.140462, 45.720086], [16.138089, 45.71958], [16.136728, 45.718131], [16.132763, 45.717044], [16.133306, 45.71621], [16.131999, 45.715027], [16.130665, 45.714618], [16.128579, 45.716062], [16.128394, 45.71689], [16.127577, 45.716998], [16.126267, 45.715641], [16.125759, 45.713511], [16.122224, 45.712608], [16.121881, 45.711974], [16.122454, 45.711527], [16.120736, 45.710763], [16.120109, 45.711979], [16.117982, 45.712843], [16.118576, 45.713205], [16.119233, 45.714423], [16.118252, 45.715257], [16.119227, 45.716065], [16.118894, 45.716804], [16.116907, 45.717129], [16.116918, 45.717343], [16.118586, 45.719032], [16.11736, 45.718901], [16.116877, 45.719345], [16.114299, 45.719105], [16.112786, 45.719753], [16.111312, 45.71958], [16.110922, 45.720447], [16.111492, 45.722208], [16.109977, 45.72252], [16.109373, 45.721721], [16.107852, 45.721307], [16.107491, 45.719855], [16.106795, 45.720517], [16.105902, 45.72078], [16.104915, 45.720686], [16.103929, 45.720143], [16.102107, 45.720062], [16.100326, 45.722604], [16.09851, 45.722917], [16.098821, 45.723347], [16.098949, 45.72376], [16.102445, 45.725524], [16.10382, 45.725626], [16.10534, 45.726448], [16.107531, 45.726525], [16.108198, 45.72609], [16.109161, 45.72629], [16.108682, 45.728405], [16.108912, 45.729051], [16.110418, 45.729665], [16.110785, 45.73128], [16.11219, 45.731872], [16.113408, 45.731745], [16.111615, 45.732666], [16.111712, 45.734594], [16.110084, 45.737503], [16.110742, 45.738412], [16.110129, 45.740457], [16.110369, 45.742041], [16.11111, 45.742556], [16.112201, 45.742669], [16.114214, 45.742293], [16.116315, 45.739879], [16.116613, 45.738419], [16.117743, 45.737479], [16.118087, 45.73736], [16.120062, 45.738096], [16.121662, 45.736347], [16.122342, 45.7363], [16.123071, 45.736959], [16.12444, 45.736408], [16.125256, 45.735743], [16.125392, 45.734548], [16.126561, 45.733583], [16.134988, 45.736572], [16.136462, 45.736323], [16.136888, 45.736838], [16.136059, 45.737337], [16.136326, 45.738655], [16.139896, 45.738001], [16.141297, 45.738508]]]}, "properties": {"id": 22, "razina": "naselje", "name": "Lazina Čička", "jls_name": "Velika Gorica", "jls_maticni_broj": "05410", "zupanija": "Zagrebačka", "area_km2": 6.9609, "stanovnistvo": 582, "palette_idx": 1, "historical_zone": "Jezgra Turopolja", "source": "DGU rpj:naselje"}}, {"type": "Feature", "id": 23, "geometry": {"type": "Polygon", "coordinates": [[[16.136028, 45.760122], [16.136978, 45.758763], [16.137851, 45.758768], [16.13941, 45.759488], [16.140334, 45.758761], [16.14293, 45.758012], [16.143248, 45.758479], [16.144801, 45.757769], [16.143909, 45.754837], [16.144843, 45.754282], [16.147143, 45.754794], [16.147794, 45.754523], [16.147415, 45.753612], [16.14784, 45.752672], [16.149026, 45.752245], [16.148765, 45.750497], [16.149967, 45.749349], [16.150023, 45.74848], [16.150626, 45.747741], [16.150853, 45.746917], [16.150501, 45.746187], [16.150956, 45.745913], [16.152065, 45.746043], [16.151431, 45.745522], [16.151941, 45.744671], [16.151785, 45.744175], [16.153223, 45.7417], [16.153344, 45.7399], [16.152576, 45.740149], [16.151053, 45.739892], [16.149876, 45.739004], [16.144707, 45.73871], [16.143362, 45.739109], [16.142491, 45.738637], [16.141297, 45.738508], [16.14028, 45.739599], [16.140917, 45.739938], [16.140565, 45.740845], [16.139829, 45.740936], [16.138692, 45.742315], [16.135946, 45.743853], [16.136878, 45.745067], [16.136655, 45.746603], [16.134797, 45.747459], [16.133426, 45.747488], [16.132619, 45.748418], [16.131058, 45.749042], [16.128554, 45.74967], [16.126955, 45.749563], [16.125062, 45.751958], [16.12783, 45.753003], [16.126234, 45.753796], [16.127048, 45.754459], [16.125496, 45.754997], [16.124604, 45.755883], [16.124194, 45.755816], [16.123978, 45.75756], [16.124684, 45.758704], [16.129086, 45.759983], [16.129543, 45.759474], [16.13238, 45.760401], [16.134307, 45.759958], [16.136028, 45.760122]]]}, "properties": {"id": 23, "razina": "naselje", "name": "Lekneno", "jls_name": "Velika Gorica", "jls_maticni_broj": "05410", "zupanija": "Zagrebačka", "area_km2": 3.1324, "stanovnistvo": 350, "palette_idx": 2, "historical_zone": "Jezgra Turopolja", "source": "DGU rpj:naselje"}}, {"type": "Feature", "id": 24, "geometry": {"type": "Polygon", "coordinates": [[[15.966782, 45.682442], [15.965628, 45.683949], [15.965905, 45.684327], [15.965586, 45.685212], [15.964782, 45.68581], [15.965081, 45.686091], [15.96462, 45.686546], [15.964949, 45.687077], [15.964475, 45.687113], [15.964903, 45.688337], [15.964528, 45.689351], [15.963994, 45.689484], [15.965228, 45.689566], [15.964229, 45.690229], [15.963713, 45.69024], [15.963806, 45.690458], [15.965177, 45.69048], [15.964897, 45.691291], [15.965725, 45.691177], [15.966046, 45.690808], [15.966112, 45.69138], [15.966607, 45.691737], [15.965944, 45.691996], [15.965923, 45.692345], [15.966488, 45.692399], [15.966424, 45.692737], [15.965883, 45.692928], [15.965544, 45.692449], [15.965189, 45.692805], [15.965023, 45.693313], [15.96536, 45.693526], [15.964915, 45.694052], [15.965721, 45.69486], [15.965164, 45.695442], [15.965777, 45.695415], [15.966087, 45.695902], [15.966453, 45.69571], [15.966213, 45.696315], [15.966849, 45.696311], [15.966791, 45.696686], [15.967524, 45.696725], [15.967975, 45.697285], [15.968377, 45.697114], [15.968806, 45.697654], [15.968554, 45.697913], [15.969224, 45.697745], [15.969892, 45.6986], [15.970492, 45.698329], [15.970378, 45.698666], [15.970833, 45.69861], [15.970645, 45.698998], [15.971371, 45.699179], [15.971415, 45.699684], [15.97234, 45.700585], [15.973274, 45.700485], [15.973644, 45.70013], [15.974379, 45.700581], [15.975037, 45.700249], [15.975328, 45.700757], [15.975825, 45.700774], [15.975734, 45.701195], [15.976477, 45.701666], [15.976446, 45.703041], [15.977715, 45.703991], [15.977584, 45.704276], [15.978452, 45.704493], [15.978402, 45.704014], [15.978954, 45.703768], [15.97865, 45.703093], [15.97897, 45.702939], [15.978852, 45.703392], [15.97956, 45.703653], [15.979251, 45.70399], [15.980739, 45.704038], [15.982026, 45.706372], [15.982327, 45.709848], [15.98297, 45.710302], [15.984252, 45.710347], [15.984526, 45.711227], [15.985375, 45.711762], [16.009165, 45.70606], [16.012773, 45.70514], [16.011151, 45.703844], [16.007918, 45.703115], [16.007774, 45.698408], [16.007015, 45.698486], [16.006928, 45.697535], [16.005064, 45.697021], [16.004294, 45.695739], [16.005127, 45.693534], [16.004804, 45.692582], [16.005124, 45.691591], [16.004426, 45.691041], [16.003228, 45.690859], [16.002564, 45.690198], [16.002773, 45.689147], [16.003585, 45.688868], [16.003766, 45.688346], [16.00474, 45.687682], [16.004454, 45.687618], [16.004489, 45.686823], [16.004982, 45.685982], [16.004479, 45.685729], [16.003973, 45.68596], [16.003597, 45.685571], [16.005301, 45.685081], [16.005465, 45.684037], [16.005965, 45.683776], [16.005546, 45.683042], [16.005826, 45.682537], [16.005316, 45.681314], [16.005429, 45.679832], [16.004274, 45.678968], [16.004332, 45.67838], [16.003966, 45.678555], [16.003012, 45.678156], [16.001384, 45.676903], [16.000713, 45.677079], [15.99917, 45.676452], [15.999289, 45.676019], [15.998334, 45.674701], [15.997391, 45.672048], [15.996881, 45.667589], [15.996382, 45.667572], [15.9963, 45.667018], [15.995981, 45.667171], [15.995629, 45.66667], [15.993996, 45.66731], [15.993221, 45.667031], [15.99259, 45.667168], [15.991031, 45.666135], [15.990066, 45.666157], [15.990147, 45.665815], [15.989319, 45.664895], [15.989496, 45.664244], [15.988933, 45.664022], [15.98841, 45.66441], [15.988461, 45.663722], [15.987794, 45.663643], [15.987397, 45.664371], [15.987101, 45.664043], [15.986268, 45.664623], [15.98587, 45.664173], [15.985308, 45.664728], [15.984554, 45.664786], [15.983748, 45.668163], [15.983826, 45.669564], [15.981665, 45.671628], [15.978652, 45.672983], [15.978772, 45.673277], [15.97587, 45.672471], [15.9757, 45.672182], [15.967982, 45.672125], [15.966608, 45.671024], [15.966033, 45.671193], [15.965275, 45.67191], [15.965173, 45.672943], [15.964663, 45.673314], [15.964924, 45.673947], [15.965394, 45.673996], [15.96506, 45.674401], [15.965548, 45.674452], [15.965395, 45.675185], [15.965974, 45.675282], [15.965755, 45.675694], [15.966386, 45.675713], [15.96574, 45.676051], [15.966319, 45.676548], [15.965966, 45.676873], [15.966361, 45.676888], [15.966955, 45.677568], [15.96651, 45.678303], [15.966971, 45.678345], [15.966851, 45.679461], [15.966312, 45.680278], [15.96661, 45.680553], [15.967604, 45.680504], [15.967529, 45.681097], [15.967885, 45.681237], [15.967322, 45.682464], [15.966782, 45.682442]]]}, "properties": {"id": 24, "razina": "naselje", "name": "Lukavec", "jls_name": "Velika Gorica", "jls_maticni_broj": "05410", "zupanija": "Zagrebačka", "area_km2": 12.1752, "stanovnistvo": 1260, "palette_idx": 2, "historical_zone": "Jezgra Turopolja", "plemenita_opcina": true, "po_skupina": "Polje", "source": "DGU rpj:naselje"}}, {"type": "Feature", "id": 25, "geometry": {"type": "Polygon", "coordinates": [[[16.063771, 45.639668], [16.062906, 45.640204], [16.062062, 45.639585], [16.061426, 45.640047], [16.061631, 45.640367], [16.061129, 45.640506], [16.06083, 45.639944], [16.059979, 45.640014], [16.058878, 45.640819], [16.057538, 45.641205], [16.055136, 45.640214], [16.054127, 45.640651], [16.053794, 45.640444], [16.053849, 45.639561], [16.052664, 45.639848], [16.053075, 45.640684], [16.051871, 45.640569], [16.050754, 45.640021], [16.049854, 45.638699], [16.048685, 45.638658], [16.048229, 45.638374], [16.048329, 45.637342], [16.047336, 45.63692], [16.047416, 45.637389], [16.046369, 45.637471], [16.044998, 45.638969], [16.044576, 45.638838], [16.044735, 45.638455], [16.043689, 45.638215], [16.043425, 45.638395], [16.043762, 45.638634], [16.043253, 45.639118], [16.04256, 45.639284], [16.042143, 45.639624], [16.042792, 45.641531], [16.04465, 45.644525], [16.049417, 45.644607], [16.049764, 45.644876], [16.053612, 45.645077], [16.054907, 45.645458], [16.053158, 45.653553], [16.059209, 45.65534], [16.06035, 45.65596], [16.069507, 45.651667], [16.062659, 45.645876], [16.064638, 45.644683], [16.063041, 45.643105], [16.064301, 45.642499], [16.064864, 45.641305], [16.064287, 45.639523], [16.063771, 45.639668]]]}, "properties": {"id": 25, "razina": "naselje", "name": "Mala Buna", "jls_name": "Velika Gorica", "jls_maticni_broj": "05410", "zupanija": "Zagrebačka", "area_km2": 1.9813, "stanovnistvo": 248, "palette_idx": 3, "historical_zone": "Jezgra Turopolja", "source": "DGU rpj:naselje"}}, {"type": "Feature", "id": 26, "geometry": {"type": "Polygon", "coordinates": [[[16.075266, 45.753221], [16.076926, 45.754116], [16.080672, 45.756444], [16.084575, 45.759429], [16.085613, 45.758593], [16.086049, 45.757316], [16.084735, 45.754843], [16.084335, 45.754476], [16.083538, 45.754696], [16.082916, 45.753918], [16.081819, 45.754194], [16.077384, 45.751484], [16.075266, 45.753221]]]}, "properties": {"id": 26, "razina": "naselje", "name": "Mala Kosnica", "jls_name": "Velika Gorica", "jls_maticni_broj": "05410", "zupanija": "Zagrebačka", "area_km2": 0.2715, "stanovnistvo": 44, "palette_idx": 2, "historical_zone": "Jezgra Turopolja", "source": "DGU rpj:naselje"}}, {"type": "Feature", "id": 27, "geometry": {"type": "Polygon", "coordinates": [[[15.966033, 45.671193], [15.966608, 45.671024], [15.967982, 45.672125], [15.9757, 45.672182], [15.97587, 45.672471], [15.978772, 45.673277], [15.978652, 45.672983], [15.981665, 45.671628], [15.983826, 45.669564], [15.983748, 45.668163], [15.984554, 45.664786], [15.983743, 45.66531], [15.983413, 45.665008], [15.982775, 45.66519], [15.982411, 45.66487], [15.981664, 45.664909], [15.981559, 45.664517], [15.98063, 45.664374], [15.980226, 45.663703], [15.980521, 45.663166], [15.980121, 45.662826], [15.980652, 45.6622], [15.979845, 45.661911], [15.980438, 45.661777], [15.9804, 45.661557], [15.978998, 45.661534], [15.979023, 45.661235], [15.977317, 45.660989], [15.977268, 45.660275], [15.976301, 45.659798], [15.97665, 45.659184], [15.97649, 45.658234], [15.975044, 45.656341], [15.975576, 45.655089], [15.974926, 45.654403], [15.975336, 45.653513], [15.974835, 45.652462], [15.974971, 45.652148], [15.975522, 45.65218], [15.974289, 45.651212], [15.97298, 45.651249], [15.972388, 45.651539], [15.972303, 45.651298], [15.967954, 45.651144], [15.964949, 45.649913], [15.963447, 45.648871], [15.961619, 45.646808], [15.960242, 45.646857], [15.959645, 45.647366], [15.959928, 45.649076], [15.958802, 45.651043], [15.959229, 45.651845], [15.958299, 45.652128], [15.959176, 45.65284], [15.959207, 45.65331], [15.958588, 45.653539], [15.95837, 45.653138], [15.958153, 45.653441], [15.958035, 45.653233], [15.957174, 45.653448], [15.956357, 45.652741], [15.955764, 45.653084], [15.955767, 45.6527], [15.955625, 45.652881], [15.955304, 45.652617], [15.955514, 45.652282], [15.954927, 45.652161], [15.955046, 45.651902], [15.954286, 45.651329], [15.954723, 45.651248], [15.954451, 45.650897], [15.953508, 45.650831], [15.950867, 45.65201], [15.949083, 45.65179], [15.949333, 45.652272], [15.950978, 45.65314], [15.952166, 45.654936], [15.956657, 45.656102], [15.957732, 45.658193], [15.957162, 45.660223], [15.958787, 45.663255], [15.958908, 45.664881], [15.959804, 45.665703], [15.961118, 45.665844], [15.961866, 45.666296], [15.962913, 45.667462], [15.962785, 45.668561], [15.96526, 45.670285], [15.96579, 45.670271], [15.966231, 45.670834], [15.966033, 45.671193]]]}, "properties": {"id": 27, "razina": "naselje", "name": "Markuševec Turopoljski", "jls_name": "Velika Gorica", "jls_maticni_broj": "05410", "zupanija": "Zagrebačka", "area_km2": 3.8981, "stanovnistvo": 378, "palette_idx": 4, "historical_zone": "Jezgra Turopolja", "plemenita_opcina": true, "po_skupina": "Pridružena naselja", "source": "DGU rpj:naselje"}}, {"type": "Feature", "id": 28, "geometry": {"type": "Polygon", "coordinates": [[[16.034123, 45.754887], [16.036339, 45.754731], [16.038029, 45.755026], [16.036626, 45.757872], [16.037054, 45.75979], [16.038255, 45.760834], [16.038803, 45.761961], [16.043033, 45.759894], [16.046685, 45.758699], [16.050682, 45.758039], [16.054555, 45.758315], [16.05821, 45.759454], [16.060777, 45.760894], [16.063208, 45.763164], [16.066347, 45.767154], [16.069761, 45.765906], [16.071886, 45.764633], [16.072464, 45.763738], [16.072263, 45.762283], [16.07007, 45.759824], [16.070672, 45.757395], [16.070151, 45.756291], [16.069184, 45.755772], [16.06962, 45.753934], [16.076684, 45.754322], [16.076926, 45.754116], [16.075266, 45.753221], [16.067048, 45.74974], [16.058449, 45.747465], [16.049531, 45.746311], [16.040511, 45.746269], [16.03535, 45.746741], [16.035018, 45.747168], [16.034975, 45.747711], [16.036373, 45.748595], [16.035176, 45.7504], [16.034146, 45.750369], [16.034349, 45.75394], [16.03374, 45.754213], [16.034123, 45.754887]]]}, "properties": {"id": 28, "razina": "naselje", "name": "Mičevec", "jls_name": "Velika Gorica", "jls_maticni_broj": "05410", "zupanija": "Zagrebačka", "area_km2": 4.1952, "stanovnistvo": 1251, "palette_idx": 1, "historical_zone": "Jezgra Turopolja", "source": "DGU rpj:naselje"}}, {"type": "Feature", "id": 29, "geometry": {"type": "Polygon", "coordinates": [[[16.102011, 45.639309], [16.100722, 45.638173], [16.100223, 45.636668], [16.098279, 45.633969], [16.096842, 45.630655], [16.096642, 45.63106], [16.096088, 45.63118], [16.096105, 45.630289], [16.095178, 45.6306], [16.094411, 45.630058], [16.094302, 45.630502], [16.093342, 45.630668], [16.093898, 45.630148], [16.092856, 45.630125], [16.093545, 45.629231], [16.092868, 45.629233], [16.092289, 45.629986], [16.091888, 45.629989], [16.091388, 45.629849], [16.09219, 45.629102], [16.091558, 45.629413], [16.091124, 45.629079], [16.090849, 45.629559], [16.089395, 45.628941], [16.089276, 45.629157], [16.089724, 45.629293], [16.088953, 45.629912], [16.088958, 45.629139], [16.08869, 45.629624], [16.088235, 45.629216], [16.087423, 45.629494], [16.087539, 45.628979], [16.086411, 45.628835], [16.085919, 45.629135], [16.08622, 45.629547], [16.085786, 45.629777], [16.085559, 45.628744], [16.084569, 45.628706], [16.08455, 45.629301], [16.083607, 45.629361], [16.083851, 45.628971], [16.08302, 45.62873], [16.082563, 45.629441], [16.082049, 45.629575], [16.08182, 45.629362], [16.082395, 45.629095], [16.081534, 45.629201], [16.08143, 45.628712], [16.080641, 45.628996], [16.080827, 45.629183], [16.07997, 45.629868], [16.080471, 45.629908], [16.080304, 45.631148], [16.079676, 45.630802], [16.079487, 45.631284], [16.07908, 45.630961], [16.078261, 45.631502], [16.07832, 45.631114], [16.077573, 45.631037], [16.077712, 45.630198], [16.076734, 45.631051], [16.077102, 45.631449], [16.076322, 45.631936], [16.075269, 45.631395], [16.075799, 45.632875], [16.075314, 45.63298], [16.075455, 45.633375], [16.074699, 45.633563], [16.074148, 45.633345], [16.073705, 45.634025], [16.072876, 45.634362], [16.071579, 45.634098], [16.070484, 45.634867], [16.070655, 45.635173], [16.069821, 45.635955], [16.069472, 45.635943], [16.069062, 45.637414], [16.067921, 45.636929], [16.067309, 45.637648], [16.066465, 45.637355], [16.064963, 45.638295], [16.063546, 45.637776], [16.062949, 45.638267], [16.063323, 45.638599], [16.062828, 45.63877], [16.063771, 45.639668], [16.064287, 45.639523], [16.064864, 45.641305], [16.064301, 45.642499], [16.063041, 45.643105], [16.064638, 45.644683], [16.062659, 45.645876], [16.069507, 45.651667], [16.06035, 45.65596], [16.061942, 45.657224], [16.062065, 45.65781], [16.062704, 45.658294], [16.071677, 45.662887], [16.073077, 45.663784], [16.074087, 45.665156], [16.076382, 45.666649], [16.078925, 45.667475], [16.081418, 45.669842], [16.081363, 45.670639], [16.083594, 45.672114], [16.082104, 45.674805], [16.082503, 45.67559], [16.082243, 45.677215], [16.081267, 45.677372], [16.081335, 45.678126], [16.08032, 45.679006], [16.080196, 45.680242], [16.08378, 45.681227], [16.084083, 45.680245], [16.08528, 45.680503], [16.086643, 45.679943], [16.09332, 45.675098], [16.095134, 45.676114], [16.095576, 45.675932], [16.096196, 45.67628], [16.097817, 45.676306], [16.099086, 45.675485], [16.099518, 45.673946], [16.100773, 45.672381], [16.103842, 45.672192], [16.103762, 45.671485], [16.104156, 45.671361], [16.1066, 45.67155], [16.10846, 45.670427], [16.111797, 45.669897], [16.113694, 45.668756], [16.115237, 45.668532], [16.117678, 45.667622], [16.118636, 45.656466], [16.116455, 45.654954], [16.115514, 45.655483], [16.10224, 45.657199], [16.100837, 45.657936], [16.100067, 45.657879], [16.100486, 45.656676], [16.098926, 45.65531], [16.09904, 45.656567], [16.095638, 45.656514], [16.095921, 45.650874], [16.099929, 45.650961], [16.100152, 45.650353], [16.098207, 45.65031], [16.098545, 45.644113], [16.099814, 45.643258], [16.100312, 45.643236], [16.10098, 45.639254], [16.102011, 45.639309]]]}, "properties": {"id": 29, "razina": "naselje", "name": "Mraclin", "jls_name": "Velika Gorica", "jls_maticni_broj": "05410", "zupanija": "Zagrebačka", "area_km2": 13.9632, "stanovnistvo": 1026, "palette_idx": 2, "historical_zone": "Jezgra Turopolja", "plemenita_opcina": true, "po_skupina": "Polje", "source": "DGU rpj:naselje"}}, {"type": "Feature", "id": 30, "geometry": {"type": "Polygon", "coordinates": [[[16.078193, 45.774599], [16.079421, 45.775892], [16.079421, 45.775568], [16.083515, 45.778777], [16.090942, 45.78132], [16.094082, 45.782018], [16.098376, 45.78399], [16.107114, 45.779248], [16.109165, 45.778561], [16.110284, 45.777681], [16.100604, 45.772276], [16.09415, 45.76772], [16.092032, 45.7701], [16.089245, 45.770327], [16.087859, 45.771001], [16.083566, 45.771235], [16.081812, 45.772357], [16.080496, 45.772672], [16.079521, 45.773644], [16.07842, 45.774071], [16.078193, 45.774599]]]}, "properties": {"id": 30, "razina": "naselje", "name": "Novaki Šćitarjevski", "jls_name": "Velika Gorica", "jls_maticni_broj": "05410", "zupanija": "Zagrebačka", "area_km2": 2.2751, "stanovnistvo": 152, "palette_idx": 1, "historical_zone": "Jezgra Turopolja", "source": "DGU rpj:naselje"}}, {"type": "Feature", "id": 31, "geometry": {"type": "Polygon", "coordinates": [[[16.131999, 45.715027], [16.132672, 45.714245], [16.132588, 45.713757], [16.132101, 45.713597], [16.132793, 45.712686], [16.132387, 45.71234], [16.132431, 45.711532], [16.133048, 45.711424], [16.132836, 45.710882], [16.134699, 45.710065], [16.134492, 45.709186], [16.136351, 45.707928], [16.136654, 45.707253], [16.134432, 45.706766], [16.133904, 45.706077], [16.134174, 45.704811], [16.133586, 45.702213], [16.130889, 45.702689], [16.128818, 45.702558], [16.128317, 45.700335], [16.126015, 45.700356], [16.125094, 45.699914], [16.125015, 45.699091], [16.12403, 45.698993], [16.123823, 45.699547], [16.123452, 45.69961], [16.123698, 45.700814], [16.123249, 45.701734], [16.121561, 45.702269], [16.120045, 45.702133], [16.118414, 45.701385], [16.117893, 45.699137], [16.116921, 45.698379], [16.116086, 45.698312], [16.115968, 45.698524], [16.114341, 45.698072], [16.108012, 45.698305], [16.10689, 45.698627], [16.106365, 45.698881], [16.106807, 45.70087], [16.103681, 45.701228], [16.102192, 45.701853], [16.100957, 45.701241], [16.0993, 45.70111], [16.097015, 45.701471], [16.096784, 45.70112], [16.095939, 45.700971], [16.094066, 45.702127], [16.101469, 45.70636], [16.100337, 45.706993], [16.098315, 45.707362], [16.094052, 45.714634], [16.094255, 45.71509], [16.0924, 45.715976], [16.094903, 45.717018], [16.094905, 45.718993], [16.095807, 45.720552], [16.095991, 45.72206], [16.097019, 45.721746], [16.09851, 45.722917], [16.100326, 45.722604], [16.102107, 45.720062], [16.103929, 45.720143], [16.104915, 45.720686], [16.105902, 45.72078], [16.106795, 45.720517], [16.107491, 45.719855], [16.107852, 45.721307], [16.109373, 45.721721], [16.109977, 45.72252], [16.111492, 45.722208], [16.110922, 45.720447], [16.111312, 45.71958], [16.112786, 45.719753], [16.114299, 45.719105], [16.116877, 45.719345], [16.11736, 45.718901], [16.118586, 45.719032], [16.116918, 45.717343], [16.116907, 45.717129], [16.118894, 45.716804], [16.119227, 45.716065], [16.118252, 45.715257], [16.119233, 45.714423], [16.118576, 45.713205], [16.117982, 45.712843], [16.120109, 45.711979], [16.120736, 45.710763], [16.122454, 45.711527], [16.121881, 45.711974], [16.122224, 45.712608], [16.125759, 45.713511], [16.126267, 45.715641], [16.127577, 45.716998], [16.128394, 45.71689], [16.128579, 45.716062], [16.130665, 45.714618], [16.131999, 45.715027]]]}, "properties": {"id": 31, "razina": "naselje", "name": "Novo Čiče", "jls_name": "Velika Gorica", "jls_maticni_broj": "05410", "zupanija": "Zagrebačka", "area_km2": 5.7307, "stanovnistvo": 1142, "palette_idx": 3, "historical_zone": "Jezgra Turopolja", "source": "DGU rpj:naselje"}}, {"type": "Feature", "id": 32, "geometry": {"type": "Polygon", "coordinates": [[[16.093298, 45.762138], [16.089952, 45.764199], [16.09415, 45.76772], [16.100604, 45.772276], [16.110284, 45.777681], [16.113303, 45.775745], [16.112915, 45.774967], [16.112427, 45.774769], [16.112419, 45.774048], [16.113399, 45.773368], [16.113839, 45.772021], [16.114202, 45.772324], [16.114764, 45.770736], [16.113601, 45.770694], [16.113729, 45.76988], [16.114388, 45.769756], [16.11419, 45.767867], [16.11309, 45.76797], [16.112444, 45.76589], [16.111712, 45.766045], [16.11141, 45.763698], [16.10945, 45.764216], [16.108105, 45.763361], [16.105558, 45.762954], [16.105569, 45.762142], [16.105277, 45.762137], [16.104185, 45.762454], [16.10376, 45.762937], [16.100512, 45.762964], [16.09767, 45.7639], [16.096248, 45.76301], [16.093298, 45.762138]]]}, "properties": {"id": 32, "razina": "naselje", "name": "Obrezina", "jls_name": "Velika Gorica", "jls_maticni_broj": "05410", "zupanija": "Zagrebačka", "area_km2": 1.8153, "stanovnistvo": 403, "palette_idx": 2, "historical_zone": "Jezgra Turopolja", "source": "DGU rpj:naselje"}}, {"type": "Feature", "id": 33, "geometry": {"type": "Polygon", "coordinates": [[[16.148604, 45.634226], [16.149065, 45.634346], [16.151058, 45.632958], [16.146026, 45.628365], [16.147151, 45.627787], [16.141141, 45.621159], [16.139022, 45.622032], [16.136798, 45.619092], [16.13201, 45.614754], [16.128714, 45.615071], [16.128753, 45.615973], [16.12567, 45.616904], [16.123406, 45.616342], [16.122424, 45.61665], [16.1148, 45.616537], [16.107081, 45.614565], [16.106088, 45.616994], [16.10513, 45.618228], [16.104985, 45.618552], [16.105957, 45.61927], [16.106735, 45.619383], [16.10786, 45.619392], [16.109547, 45.618762], [16.112695, 45.618826], [16.113258, 45.620139], [16.113023, 45.620252], [16.113523, 45.620746], [16.113277, 45.62162], [16.114039, 45.621815], [16.114478, 45.622292], [16.115204, 45.622346], [16.115048, 45.622653], [16.116655, 45.623118], [16.117519, 45.623764], [16.11696, 45.624312], [16.118133, 45.62451], [16.118064, 45.625128], [16.119668, 45.624934], [16.120335, 45.624447], [16.120594, 45.624682], [16.121644, 45.624667], [16.121564, 45.625214], [16.122508, 45.62611], [16.123279, 45.626035], [16.123844, 45.626437], [16.12421, 45.625858], [16.125153, 45.626467], [16.126106, 45.626317], [16.12628, 45.626716], [16.125562, 45.627696], [16.127016, 45.628211], [16.126769, 45.628577], [16.126269, 45.62861], [16.127159, 45.629562], [16.12659, 45.629967], [16.127662, 45.631182], [16.127457, 45.631534], [16.127953, 45.632567], [16.128242, 45.632372], [16.12948, 45.633282], [16.129997, 45.633135], [16.131259, 45.633689], [16.133503, 45.634884], [16.134254, 45.635685], [16.135605, 45.63606], [16.136108, 45.635576], [16.139533, 45.635126], [16.140358, 45.63554], [16.141314, 45.635102], [16.143102, 45.634933], [16.143733, 45.634481], [16.145065, 45.634546], [16.145698, 45.634039], [16.147106, 45.633852], [16.148604, 45.634226]]]}, "properties": {"id": 33, "razina": "naselje", "name": "Ogulinec", "jls_name": "Velika Gorica", "jls_maticni_broj": "05410", "zupanija": "Zagrebačka", "area_km2": 3.8878, "stanovnistvo": 313, "palette_idx": 1, "historical_zone": "Jezgra Turopolja", "source": "DGU rpj:naselje"}}, {"type": "Feature", "id": 34, "geometry": {"type": "Polygon", "coordinates": [[[16.082024, 45.683264], [16.086643, 45.679943], [16.08528, 45.680503], [16.084083, 45.680245], [16.08378, 45.681227], [16.080196, 45.680242], [16.08032, 45.679006], [16.081335, 45.678126], [16.081267, 45.677372], [16.082243, 45.677215], [16.082503, 45.67559], [16.082104, 45.674805], [16.083594, 45.672114], [16.081363, 45.670639], [16.081418, 45.669842], [16.078925, 45.667475], [16.076382, 45.666649], [16.074087, 45.665156], [16.073077, 45.663784], [16.071677, 45.662887], [16.062704, 45.658294], [16.062065, 45.65781], [16.061942, 45.657224], [16.06035, 45.65596], [16.059209, 45.65534], [16.053158, 45.653553], [16.052628, 45.654544], [16.053051, 45.66052], [16.056195, 45.663686], [16.058123, 45.666782], [16.05909, 45.6714], [16.058828, 45.674759], [16.056226, 45.680229], [16.058222, 45.679989], [16.059248, 45.680402], [16.061719, 45.679715], [16.064199, 45.680811], [16.064781, 45.681406], [16.065323, 45.68109], [16.074497, 45.68291], [16.075861, 45.684128], [16.078894, 45.68491], [16.079257, 45.685257], [16.082024, 45.683264]]]}, "properties": {"id": 34, "razina": "naselje", "name": "Okuje", "jls_name": "Velika Gorica", "jls_maticni_broj": "05410", "zupanija": "Zagrebačka", "area_km2": 4.5364, "stanovnistvo": 430, "palette_idx": 1, "historical_zone": "Jezgra Turopolja", "source": "DGU rpj:naselje"}}, {"type": "Feature", "id": 35, "geometry": {"type": "Polygon", "coordinates": [[[16.099933, 45.756053], [16.097359, 45.754931], [16.095322, 45.753098], [16.084918, 45.745976], [16.083465, 45.746278], [16.082988, 45.746669], [16.082541, 45.747928], [16.084084, 45.749197], [16.083571, 45.749425], [16.084016, 45.749865], [16.083327, 45.750175], [16.084565, 45.750987], [16.08567, 45.750117], [16.08595, 45.750294], [16.084743, 45.751103], [16.08561, 45.751158], [16.085976, 45.752438], [16.087272, 45.752952], [16.087498, 45.753664], [16.086158, 45.753973], [16.088652, 45.75563], [16.088096, 45.756002], [16.085504, 45.754287], [16.084735, 45.754843], [16.086049, 45.757316], [16.085613, 45.758593], [16.084575, 45.759429], [16.089952, 45.764199], [16.093298, 45.762138], [16.096706, 45.75971], [16.099933, 45.756053]]]}, "properties": {"id": 35, "razina": "naselje", "name": "Petina", "jls_name": "Velika Gorica", "jls_maticni_broj": "05410", "zupanija": "Zagrebačka", "area_km2": 1.276, "stanovnistvo": 193, "palette_idx": 1, "historical_zone": "Jezgra Turopolja", "source": "DGU rpj:naselje"}}, {"type": "Feature", "id": 36, "geometry": {"type": "Polygon", "coordinates": [[[15.95876, 45.604598], [15.958614, 45.604765], [15.957274, 45.604034], [15.95701, 45.602489], [15.955158, 45.601126], [15.954697, 45.598984], [15.953987, 45.598616], [15.956061, 45.594731], [15.954914, 45.594049], [15.955091, 45.593613], [15.952897, 45.591276], [15.950768, 45.587243], [15.949979, 45.586862], [15.948367, 45.585121], [15.947213, 45.585186], [15.944541, 45.583785], [15.941444, 45.583318], [15.939432, 45.582319], [15.93809, 45.582381], [15.938559, 45.583735], [15.938011, 45.585316], [15.939442, 45.587982], [15.938773, 45.589947], [15.939942, 45.590377], [15.943127, 45.593036], [15.943445, 45.593609], [15.943153, 45.594336], [15.944178, 45.595464], [15.943908, 45.596318], [15.943417, 45.596412], [15.944217, 45.597525], [15.946325, 45.596724], [15.946274, 45.597505], [15.947088, 45.598156], [15.948168, 45.597952], [15.949472, 45.596854], [15.950471, 45.599877], [15.950241, 45.600303], [15.949406, 45.600358], [15.949222, 45.601386], [15.949537, 45.602098], [15.948783, 45.602964], [15.950572, 45.604272], [15.951655, 45.604069], [15.952173, 45.603604], [15.953644, 45.604978], [15.956364, 45.60564], [15.954778, 45.606836], [15.951176, 45.606815], [15.951054, 45.607743], [15.951583, 45.60755], [15.952046, 45.607854], [15.95214, 45.608515], [15.952644, 45.608877], [15.955184, 45.609198], [15.956957, 45.610624], [15.959409, 45.610162], [15.962406, 45.607608], [15.960112, 45.606348], [15.960452, 45.605598], [15.960128, 45.60516], [15.95876, 45.604598]]]}, "properties": {"id": 36, "razina": "naselje", "name": "Petravec", "jls_name": "Velika Gorica", "jls_maticni_broj": "05410", "zupanija": "Zagrebačka", "area_km2": 2.0666, "stanovnistvo": 78, "palette_idx": 1, "historical_zone": "Jezgra Turopolja", "plemenita_opcina": true, "po_skupina": "Pridružena naselja", "source": "DGU rpj:naselje"}}, {"type": "Feature", "id": 37, "geometry": {"type": "Polygon", "coordinates": [[[16.029479, 45.701132], [16.037272, 45.698365], [16.042768, 45.695922], [16.041633, 45.694706], [16.041475, 45.692404], [16.03715, 45.692105], [16.036391, 45.693105], [16.036203, 45.69569], [16.035221, 45.695636], [16.033534, 45.694495], [16.034189, 45.694264], [16.033119, 45.692448], [16.034654, 45.691422], [16.034408, 45.690813], [16.035033, 45.689972], [16.033531, 45.689978], [16.032256, 45.687729], [16.031978, 45.687872], [16.031177, 45.687245], [16.029497, 45.688239], [16.028522, 45.686896], [16.028218, 45.685409], [16.026284, 45.684453], [16.025602, 45.683274], [16.025993, 45.682941], [16.025737, 45.682561], [16.024768, 45.681947], [16.023837, 45.681896], [16.02328, 45.680788], [16.023719, 45.68008], [16.023149, 45.680132], [16.02349, 45.67935], [16.023091, 45.679039], [16.021929, 45.679589], [16.020913, 45.679736], [16.020914, 45.679478], [16.02009, 45.679421], [16.019495, 45.679814], [16.019378, 45.68212], [16.017763, 45.681998], [16.018553, 45.682827], [16.019305, 45.682528], [16.019141, 45.683895], [16.018934, 45.684084], [16.017455, 45.683608], [16.016087, 45.683877], [16.016839, 45.686324], [16.015596, 45.686425], [16.018164, 45.694809], [16.022379, 45.696924], [16.024786, 45.698908], [16.028524, 45.699982], [16.029479, 45.701132]]]}, "properties": {"id": 37, "razina": "naselje", "name": "Petrovina Turopoljska", "jls_name": "Velika Gorica", "jls_maticni_broj": "05410", "zupanija": "Zagrebačka", "area_km2": 2.4579, "stanovnistvo": 765, "palette_idx": 3, "historical_zone": "Jezgra Turopolja", "source": "DGU rpj:naselje"}}, {"type": "Feature", "id": 38, "geometry": {"type": "Polygon", "coordinates": [[[16.168722, 45.706909], [16.173331, 45.708086], [16.178219, 45.708331], [16.179386, 45.704692], [16.178211, 45.703954], [16.178789, 45.703505], [16.178587, 45.703071], [16.179754, 45.702616], [16.184402, 45.699369], [16.184749, 45.698183], [16.18316, 45.697596], [16.183891, 45.696697], [16.186306, 45.697574], [16.187282, 45.696219], [16.186368, 45.69491], [16.191369, 45.693574], [16.191434, 45.692583], [16.19001, 45.692309], [16.190346, 45.690488], [16.191027, 45.689301], [16.191883, 45.688639], [16.192225, 45.68757], [16.193928, 45.686823], [16.195095, 45.685859], [16.19563, 45.684612], [16.195133, 45.683725], [16.193273, 45.682125], [16.19395, 45.681272], [16.195224, 45.680569], [16.194956, 45.680109], [16.194121, 45.679779], [16.194311, 45.678194], [16.195954, 45.676956], [16.198625, 45.667375], [16.199043, 45.667083], [16.193638, 45.667764], [16.179182, 45.668335], [16.176393, 45.669813], [16.175411, 45.670625], [16.175146, 45.67146], [16.177093, 45.67356], [16.175238, 45.676156], [16.173848, 45.680861], [16.172864, 45.681898], [16.170793, 45.682736], [16.169633, 45.683579], [16.168633, 45.686769], [16.167599, 45.687523], [16.167869, 45.688296], [16.169502, 45.689435], [16.169441, 45.690391], [16.168573, 45.690792], [16.167707, 45.690051], [16.166556, 45.690094], [16.166105, 45.690375], [16.166016, 45.691068], [16.165176, 45.691534], [16.162431, 45.691447], [16.161557, 45.69173], [16.161072, 45.692232], [16.160711, 45.694112], [16.161581, 45.695745], [16.161107, 45.696338], [16.16158, 45.696763], [16.16136, 45.697914], [16.163836, 45.700405], [16.163682, 45.700762], [16.162573, 45.701031], [16.16287, 45.70397], [16.162459, 45.707453], [16.164759, 45.707021], [16.168722, 45.706909]]]}, "properties": {"id": 38, "razina": "naselje", "name": "Poljana Čička", "jls_name": "Velika Gorica", "jls_maticni_broj": "05410", "zupanija": "Zagrebačka", "area_km2": 7.5257, "stanovnistvo": 623, "palette_idx": 1, "historical_zone": "Jezgra Turopolja", "source": "DGU rpj:naselje"}}, {"type": "Feature", "id": 39, "geometry": {"type": "Polygon", "coordinates": [[[15.95876, 45.604598], [15.959948, 45.603333], [15.960066, 45.602327], [15.958895, 45.601957], [15.957633, 45.600737], [15.958063, 45.600339], [15.958476, 45.600462], [15.959978, 45.601704], [15.961143, 45.602127], [15.96265, 45.601127], [15.964609, 45.598508], [15.966827, 45.59706], [15.967783, 45.596352], [15.967793, 45.595117], [15.966938, 45.595355], [15.964788, 45.59507], [15.964005, 45.593877], [15.963041, 45.593435], [15.961217, 45.591604], [15.96088, 45.590916], [15.961252, 45.59097], [15.961266, 45.590228], [15.960798, 45.589806], [15.959224, 45.589783], [15.958376, 45.589218], [15.958602, 45.588915], [15.956311, 45.587372], [15.955352, 45.587242], [15.954465, 45.586719], [15.954548, 45.586464], [15.953102, 45.586171], [15.949979, 45.586862], [15.950768, 45.587243], [15.952897, 45.591276], [15.955091, 45.593613], [15.954914, 45.594049], [15.956061, 45.594731], [15.953987, 45.598616], [15.954697, 45.598984], [15.955158, 45.601126], [15.95701, 45.602489], [15.957274, 45.604034], [15.958614, 45.604765], [15.95876, 45.604598]]]}, "properties": {"id": 39, "razina": "naselje", "name": "Prvonožina", "jls_name": "Velika Gorica", "jls_maticni_broj": "05410", "zupanija": "Zagrebačka", "area_km2": 1.1973, "stanovnistvo": 28, "palette_idx": 3, "historical_zone": "Jezgra Turopolja", "plemenita_opcina": true, "po_skupina": "Vrhovlje", "source": "DGU rpj:naselje"}}, {"type": "Feature", "id": 40, "geometry": {"type": "Polygon", "coordinates": [[[16.17886, 45.639848], [16.178861, 45.63927], [16.17998, 45.638796], [16.179709, 45.638314], [16.178996, 45.638394], [16.178129, 45.637502], [16.177378, 45.638068], [16.176789, 45.637519], [16.176042, 45.638119], [16.174369, 45.637705], [16.172668, 45.63783], [16.172177, 45.638109], [16.17142, 45.637914], [16.171058, 45.638517], [16.170098, 45.638929], [16.169125, 45.639027], [16.166941, 45.638547], [16.165051, 45.638727], [16.164738, 45.639161], [16.164518, 45.638851], [16.162211, 45.638652], [16.161848, 45.638299], [16.15965, 45.637769], [16.15487, 45.637417], [16.154717, 45.637012], [16.153016, 45.63662], [16.15265, 45.636163], [16.151184, 45.636168], [16.150856, 45.635012], [16.149958, 45.634269], [16.145638, 45.63746], [16.148666, 45.638612], [16.145114, 45.641372], [16.146337, 45.641249], [16.14928, 45.644053], [16.146236, 45.645934], [16.145234, 45.648507], [16.145333, 45.649667], [16.144336, 45.651067], [16.141425, 45.652819], [16.139949, 45.652086], [16.139174, 45.65355], [16.130294, 45.648141], [16.118636, 45.656466], [16.117678, 45.667622], [16.119044, 45.666352], [16.122079, 45.665446], [16.123291, 45.664036], [16.125777, 45.664652], [16.125124, 45.672026], [16.125116, 45.67402], [16.125576, 45.674976], [16.131425, 45.673754], [16.143091, 45.670337], [16.149815, 45.669479], [16.149727, 45.668731], [16.151793, 45.668547], [16.187101, 45.648664], [16.187176, 45.648137], [16.185034, 45.647169], [16.184386, 45.6465], [16.184601, 45.645835], [16.184034, 45.645145], [16.184609, 45.644578], [16.184378, 45.644089], [16.1847, 45.643128], [16.183646, 45.643072], [16.183575, 45.642707], [16.182883, 45.642399], [16.18096, 45.642391], [16.179256, 45.641579], [16.179011, 45.64134], [16.179524, 45.640824], [16.178796, 45.640547], [16.17886, 45.639848]]]}, "properties": {"id": 40, "razina": "naselje", "name": "Rakitovec", "jls_name": "Velika Gorica", "jls_maticni_broj": "05410", "zupanija": "Zagrebačka", "area_km2": 11.978, "stanovnistvo": 558, "palette_idx": 1, "historical_zone": "Jezgra Turopolja", "plemenita_opcina": true, "po_skupina": "Polje", "source": "DGU rpj:naselje"}}, {"type": "Feature", "id": 41, "geometry": {"type": "Polygon", "coordinates": [[[16.170978, 45.731621], [16.169499, 45.730382], [16.168404, 45.73048], [16.168049, 45.730242], [16.167669, 45.72913], [16.167778, 45.728412], [16.169655, 45.72812], [16.170823, 45.727155], [16.169496, 45.725684], [16.168509, 45.725411], [16.168625, 45.723972], [16.170008, 45.723422], [16.173533, 45.723086], [16.173578, 45.722421], [16.173094, 45.721926], [16.173502, 45.720862], [16.17457, 45.720092], [16.17569, 45.71755], [16.172174, 45.715126], [16.172646, 45.712679], [16.171455, 45.712218], [16.165984, 45.711386], [16.166347, 45.710265], [16.166069, 45.709046], [16.166933, 45.708634], [16.168722, 45.706909], [16.164759, 45.707021], [16.162459, 45.707453], [16.16287, 45.70397], [16.162573, 45.701031], [16.160881, 45.701973], [16.160185, 45.703125], [16.157958, 45.703954], [16.157108, 45.704637], [16.155234, 45.705024], [16.154151, 45.705791], [16.153909, 45.706763], [16.152959, 45.707284], [16.149752, 45.70731], [16.148495, 45.707947], [16.147099, 45.707712], [16.146677, 45.707313], [16.145904, 45.707494], [16.144339, 45.707302], [16.143281, 45.708232], [16.141709, 45.708264], [16.141917, 45.708809], [16.139565, 45.708817], [16.138902, 45.708331], [16.136351, 45.707928], [16.134492, 45.709186], [16.134699, 45.710065], [16.132836, 45.710882], [16.133048, 45.711424], [16.132431, 45.711532], [16.132387, 45.71234], [16.132793, 45.712686], [16.132101, 45.713597], [16.132588, 45.713757], [16.132672, 45.714245], [16.131999, 45.715027], [16.133306, 45.71621], [16.132763, 45.717044], [16.136728, 45.718131], [16.138089, 45.71958], [16.140462, 45.720086], [16.141163, 45.719334], [16.142108, 45.7197], [16.14307, 45.721488], [16.145693, 45.722955], [16.145849, 45.724445], [16.145228, 45.724569], [16.144996, 45.724107], [16.144361, 45.723987], [16.143256, 45.724327], [16.142983, 45.7252], [16.144484, 45.725513], [16.144578, 45.725971], [16.145693, 45.725937], [16.146126, 45.727005], [16.147584, 45.727056], [16.150324, 45.728617], [16.15163, 45.730667], [16.151451, 45.731407], [16.149912, 45.732122], [16.148641, 45.731032], [16.146731, 45.732827], [16.147403, 45.733592], [16.150935, 45.735875], [16.153018, 45.733245], [16.155311, 45.732831], [16.155812, 45.732527], [16.155847, 45.73204], [16.157022, 45.731754], [16.158073, 45.732001], [16.158954, 45.731056], [16.159556, 45.731277], [16.159685, 45.730685], [16.16278, 45.730781], [16.162917, 45.731281], [16.163799, 45.731197], [16.164265, 45.730515], [16.164867, 45.730574], [16.165549, 45.731361], [16.167071, 45.731647], [16.167626, 45.732835], [16.168901, 45.732592], [16.170978, 45.731621]]]}, "properties": {"id": 41, "razina": "naselje", "name": "Ribnica", "jls_name": "Velika Gorica", "jls_maticni_broj": "05410", "zupanija": "Zagrebačka", "area_km2": 6.8096, "stanovnistvo": 790, "palette_idx": 0, "historical_zone": "Jezgra Turopolja", "source": "DGU rpj:naselje"}}, {"type": "Feature", "id": 42, "geometry": {"type": "Polygon", "coordinates": [[[16.102087, 45.78622], [16.104376, 45.787519], [16.107126, 45.7884], [16.1105, 45.788304], [16.117807, 45.787103], [16.119998, 45.787042], [16.123613, 45.78754], [16.123854, 45.787565], [16.119421, 45.783469], [16.114036, 45.779753], [16.110284, 45.777681], [16.109165, 45.778561], [16.107114, 45.779248], [16.098376, 45.78399], [16.102087, 45.78622]]]}, "properties": {"id": 42, "razina": "naselje", "name": "Sasi", "jls_name": "Velika Gorica", "jls_maticni_broj": "05410", "zupanija": "Zagrebačka", "area_km2": 1.2811, "stanovnistvo": 169, "palette_idx": 3, "historical_zone": "Jezgra Turopolja", "source": "DGU rpj:naselje"}}, {"type": "Feature", "id": 43, "geometry": {"type": "Polygon", "coordinates": [[[16.089125, 45.744569], [16.087587, 45.744768], [16.084918, 45.745976], [16.095322, 45.753098], [16.097359, 45.754931], [16.099933, 45.756053], [16.101219, 45.756793], [16.101278, 45.757835], [16.108347, 45.758385], [16.109642, 45.758063], [16.110061, 45.758988], [16.112504, 45.758293], [16.110571, 45.754075], [16.109351, 45.754283], [16.107856, 45.752218], [16.109363, 45.751668], [16.107766, 45.750339], [16.106391, 45.748447], [16.106862, 45.746966], [16.105495, 45.746273], [16.105196, 45.745286], [16.104365, 45.745089], [16.103597, 45.745385], [16.102632, 45.746521], [16.101248, 45.747428], [16.098917, 45.747905], [16.097509, 45.747893], [16.091105, 45.744624], [16.089125, 45.744569]]]}, "properties": {"id": 43, "razina": "naselje", "name": "Selnica Šćitarjevska", "jls_name": "Velika Gorica", "jls_maticni_broj": "05410", "zupanija": "Zagrebačka", "area_km2": 1.5861, "stanovnistvo": 468, "palette_idx": 3, "historical_zone": "Jezgra Turopolja", "source": "DGU rpj:naselje"}}, {"type": "Feature", "id": 44, "geometry": {"type": "Polygon", "coordinates": [[[16.196383, 45.748367], [16.198162, 45.74855], [16.198979, 45.749268], [16.199428, 45.751865], [16.200032, 45.752746], [16.201218, 45.753112], [16.201996, 45.753045], [16.206897, 45.750693], [16.21267, 45.747029], [16.216176, 45.745513], [16.219316, 45.745428], [16.218383, 45.746403], [16.222429, 45.747405], [16.225919, 45.748985], [16.228022, 45.748738], [16.229365, 45.747305], [16.229378, 45.745653], [16.22599, 45.741991], [16.22201, 45.736833], [16.220353, 45.737459], [16.215055, 45.740685], [16.213154, 45.739031], [16.209992, 45.737057], [16.207471, 45.73608], [16.206374, 45.738512], [16.201987, 45.736963], [16.20148, 45.738506], [16.197828, 45.737785], [16.197802, 45.737578], [16.194959, 45.737858], [16.195201, 45.739654], [16.198096, 45.739442], [16.19845, 45.741674], [16.194889, 45.741454], [16.195161, 45.744168], [16.195876, 45.744992], [16.197997, 45.746051], [16.197901, 45.747365], [16.196383, 45.748367]]]}, "properties": {"id": 44, "razina": "naselje", "name": "Sop Bukevski", "jls_name": "Velika Gorica", "jls_maticni_broj": "05410", "zupanija": "Zagrebačka", "area_km2": 2.8356, "stanovnistvo": 68, "palette_idx": 3, "historical_zone": "Jezgra Turopolja", "source": "DGU rpj:naselje"}}, {"type": "Feature", "id": 45, "geometry": {"type": "Polygon", "coordinates": [[[16.125015, 45.699091], [16.126072, 45.698167], [16.126073, 45.696735], [16.126677, 45.696153], [16.129557, 45.696166], [16.130642, 45.695167], [16.130304, 45.69454], [16.128909, 45.694642], [16.128553, 45.694313], [16.127404, 45.694525], [16.126992, 45.694068], [16.12725, 45.692863], [16.126581, 45.692337], [16.127646, 45.691589], [16.127042, 45.691383], [16.126212, 45.691534], [16.124963, 45.690442], [16.122755, 45.690635], [16.120866, 45.690263], [16.119776, 45.688502], [16.120863, 45.688694], [16.121108, 45.68765], [16.115924, 45.686012], [16.091367, 45.692517], [16.091288, 45.693049], [16.092047, 45.693652], [16.091443, 45.694022], [16.090526, 45.696632], [16.091442, 45.697595], [16.091168, 45.69771], [16.094066, 45.702127], [16.095939, 45.700971], [16.096784, 45.70112], [16.097015, 45.701471], [16.0993, 45.70111], [16.100957, 45.701241], [16.102192, 45.701853], [16.103681, 45.701228], [16.106807, 45.70087], [16.106365, 45.698881], [16.10689, 45.698627], [16.108012, 45.698305], [16.114341, 45.698072], [16.115968, 45.698524], [16.116086, 45.698312], [16.116921, 45.698379], [16.117893, 45.699137], [16.118414, 45.701385], [16.120045, 45.702133], [16.121561, 45.702269], [16.123249, 45.701734], [16.123698, 45.700814], [16.123452, 45.69961], [16.123823, 45.699547], [16.12403, 45.698993], [16.125015, 45.699091]]]}, "properties": {"id": 45, "razina": "naselje", "name": "Staro Čiče", "jls_name": "Velika Gorica", "jls_maticni_broj": "05410", "zupanija": "Zagrebačka", "area_km2": 3.4133, "stanovnistvo": 720, "palette_idx": 1, "historical_zone": "Jezgra Turopolja", "source": "DGU rpj:naselje"}}, {"type": "Feature", "id": 46, "geometry": {"type": "Polygon", "coordinates": [[[16.179666, 45.748781], [16.181097, 45.748047], [16.180348, 45.74619], [16.177781, 45.743815], [16.176289, 45.742942], [16.176677, 45.742828], [16.173278, 45.738273], [16.175567, 45.737415], [16.170978, 45.731621], [16.168901, 45.732592], [16.167626, 45.732835], [16.167071, 45.731647], [16.165549, 45.731361], [16.164867, 45.730574], [16.164265, 45.730515], [16.163799, 45.731197], [16.162917, 45.731281], [16.16278, 45.730781], [16.159685, 45.730685], [16.159556, 45.731277], [16.158954, 45.731056], [16.158073, 45.732001], [16.157022, 45.731754], [16.155847, 45.73204], [16.155812, 45.732527], [16.155311, 45.732831], [16.153018, 45.733245], [16.150935, 45.735875], [16.150626, 45.736383], [16.147851, 45.737931], [16.145726, 45.737036], [16.144517, 45.738018], [16.144707, 45.73871], [16.149876, 45.739004], [16.151053, 45.739892], [16.152576, 45.740149], [16.153344, 45.7399], [16.153223, 45.7417], [16.151785, 45.744175], [16.151941, 45.744671], [16.151431, 45.745522], [16.152065, 45.746043], [16.150956, 45.745913], [16.150501, 45.746187], [16.150853, 45.746917], [16.150626, 45.747741], [16.150023, 45.74848], [16.149967, 45.749349], [16.148765, 45.750497], [16.149026, 45.752245], [16.14784, 45.752672], [16.147415, 45.753612], [16.147794, 45.754523], [16.147143, 45.754794], [16.144843, 45.754282], [16.143909, 45.754837], [16.144801, 45.757769], [16.147762, 45.759378], [16.14835, 45.759116], [16.15678, 45.761976], [16.157991, 45.76145], [16.16286, 45.75925], [16.166623, 45.758225], [16.167975, 45.757576], [16.170699, 45.755752], [16.177627, 45.74931], [16.179666, 45.748781]]]}, "properties": {"id": 46, "razina": "naselje", "name": "Strmec Bukevski", "jls_name": "Velika Gorica", "jls_maticni_broj": "05410", "zupanija": "Zagrebačka", "area_km2": 6.1178, "stanovnistvo": 378, "palette_idx": 3, "historical_zone": "Jezgra Turopolja", "source": "DGU rpj:naselje"}}, {"type": "Feature", "id": 47, "geometry": {"type": "Polygon", "coordinates": [[[16.15678, 45.761976], [16.14835, 45.759116], [16.147762, 45.759378], [16.144801, 45.757769], [16.143248, 45.758479], [16.14293, 45.758012], [16.140334, 45.758761], [16.13941, 45.759488], [16.137851, 45.758768], [16.136978, 45.758763], [16.136028, 45.760122], [16.137129, 45.760234], [16.138248, 45.760978], [16.137493, 45.761705], [16.136174, 45.76226], [16.135791, 45.763899], [16.13606, 45.764843], [16.137362, 45.764878], [16.13943, 45.766568], [16.140617, 45.767115], [16.14578, 45.768046], [16.145605, 45.769786], [16.147038, 45.772512], [16.148346, 45.771898], [16.149635, 45.770684], [16.150438, 45.769356], [16.150566, 45.767838], [16.150095, 45.766795], [16.150413, 45.765772], [16.154479, 45.762819], [16.15678, 45.761976]]]}, "properties": {"id": 47, "razina": "naselje", "name": "Trnje", "jls_name": "Velika Gorica", "jls_maticni_broj": "05410", "zupanija": "Zagrebačka", "area_km2": 1.2794, "stanovnistvo": 48, "palette_idx": 1, "historical_zone": "Jezgra Turopolja", "source": "DGU rpj:naselje"}}, {"type": "Feature", "id": 48, "geometry": {"type": "Polygon", "coordinates": [[[16.149958, 45.634269], [16.149065, 45.634346], [16.148604, 45.634226], [16.130294, 45.648141], [16.139174, 45.65355], [16.139949, 45.652086], [16.141425, 45.652819], [16.144336, 45.651067], [16.145333, 45.649667], [16.145234, 45.648507], [16.146236, 45.645934], [16.14928, 45.644053], [16.146337, 45.641249], [16.145114, 45.641372], [16.148666, 45.638612], [16.145638, 45.63746], [16.149958, 45.634269]]]}, "properties": {"id": 48, "razina": "naselje", "name": "Turopolje", "jls_name": "Velika Gorica", "jls_maticni_broj": "05410", "zupanija": "Zagrebačka", "area_km2": 1.3497, "stanovnistvo": 776, "palette_idx": 2, "historical_zone": "Jezgra Turopolja", "source": "DGU rpj:naselje"}}, {"type": "Feature", "id": 49, "geometry": {"type": "Polygon", "coordinates": [[[16.063771, 45.639668], [16.062828, 45.63877], [16.063323, 45.638599], [16.062949, 45.638267], [16.063546, 45.637776], [16.064963, 45.638295], [16.066465, 45.637355], [16.067309, 45.637648], [16.067921, 45.636929], [16.069062, 45.637414], [16.069472, 45.635943], [16.069821, 45.635955], [16.070655, 45.635173], [16.070484, 45.634867], [16.071579, 45.634098], [16.072876, 45.634362], [16.073705, 45.634025], [16.074148, 45.633345], [16.074699, 45.633563], [16.075455, 45.633375], [16.075314, 45.63298], [16.075799, 45.632875], [16.075269, 45.631395], [16.076322, 45.631936], [16.077102, 45.631449], [16.076734, 45.631051], [16.077712, 45.630198], [16.077573, 45.631037], [16.07832, 45.631114], [16.078261, 45.631502], [16.07908, 45.630961], [16.079487, 45.631284], [16.079676, 45.630802], [16.080304, 45.631148], [16.080471, 45.629908], [16.07997, 45.629868], [16.080827, 45.629183], [16.080641, 45.628996], [16.08143, 45.628712], [16.081534, 45.629201], [16.082395, 45.629095], [16.08182, 45.629362], [16.082049, 45.629575], [16.082563, 45.629441], [16.08302, 45.62873], [16.083851, 45.628971], [16.083607, 45.629361], [16.08455, 45.629301], [16.084569, 45.628706], [16.085559, 45.628744], [16.085786, 45.629777], [16.08622, 45.629547], [16.085919, 45.629135], [16.086411, 45.628835], [16.087539, 45.628979], [16.087423, 45.629494], [16.088235, 45.629216], [16.08869, 45.629624], [16.088958, 45.629139], [16.088953, 45.629912], [16.089724, 45.629293], [16.089276, 45.629157], [16.089395, 45.628941], [16.090849, 45.629559], [16.091124, 45.629079], [16.091558, 45.629413], [16.09219, 45.629102], [16.091388, 45.629849], [16.091888, 45.629989], [16.092289, 45.629986], [16.092868, 45.629233], [16.093545, 45.629231], [16.092856, 45.630125], [16.093898, 45.630148], [16.093342, 45.630668], [16.094302, 45.630502], [16.094411, 45.630058], [16.095178, 45.6306], [16.096105, 45.630289], [16.096088, 45.63118], [16.096642, 45.63106], [16.096842, 45.630655], [16.096318, 45.628612], [16.096394, 45.627069], [16.096984, 45.625422], [16.098308, 45.623671], [16.092368, 45.620516], [16.088484, 45.618051], [16.076693, 45.61468], [16.072026, 45.612445], [16.070716, 45.612335], [16.068936, 45.611649], [16.067113, 45.609819], [16.065027, 45.605281], [16.06339, 45.602222], [16.062344, 45.601439], [16.061637, 45.601451], [16.059224, 45.600047], [16.057944, 45.599934], [16.057228, 45.599063], [16.056091, 45.599164], [16.054113, 45.599741], [16.052854, 45.599637], [16.051542, 45.598625], [16.050391, 45.598318], [16.049101, 45.598437], [16.04709, 45.599191], [16.047617, 45.601205], [16.046837, 45.602224], [16.046574, 45.603614], [16.046999, 45.605018], [16.046166, 45.606287], [16.046393, 45.606976], [16.043918, 45.605462], [16.043932, 45.604138], [16.04042, 45.604178], [16.040154, 45.605216], [16.041218, 45.606496], [16.041103, 45.607897], [16.041616, 45.609294], [16.041484, 45.613516], [16.042047, 45.613341], [16.042362, 45.613866], [16.043306, 45.613609], [16.043953, 45.613982], [16.044256, 45.61379], [16.044492, 45.614367], [16.044928, 45.614493], [16.044727, 45.614702], [16.045455, 45.614804], [16.045617, 45.616322], [16.046145, 45.616317], [16.047308, 45.617623], [16.047755, 45.61741], [16.048231, 45.617662], [16.047878, 45.618358], [16.048402, 45.618632], [16.047598, 45.619245], [16.048391, 45.619541], [16.047904, 45.619977], [16.048426, 45.620971], [16.047375, 45.623302], [16.047411, 45.624056], [16.04648, 45.624341], [16.04606, 45.625262], [16.04658, 45.625427], [16.04608, 45.625858], [16.046335, 45.626117], [16.045896, 45.626069], [16.046267, 45.626836], [16.046798, 45.626815], [16.046391, 45.627353], [16.046764, 45.627957], [16.045918, 45.628196], [16.04551, 45.627999], [16.045167, 45.628266], [16.045651, 45.628465], [16.045429, 45.63116], [16.043591, 45.632199], [16.042008, 45.633808], [16.041572, 45.633489], [16.04156, 45.633798], [16.041157, 45.633638], [16.040995, 45.633937], [16.040182, 45.633813], [16.040315, 45.634524], [16.039263, 45.634464], [16.039233, 45.634129], [16.038494, 45.634403], [16.039333, 45.63487], [16.038686, 45.635189], [16.038243, 45.635016], [16.038815, 45.635615], [16.038672, 45.635994], [16.039455, 45.63559], [16.03981, 45.636049], [16.039364, 45.636463], [16.039483, 45.636818], [16.03875, 45.636944], [16.039893, 45.637152], [16.040149, 45.637563], [16.040628, 45.637014], [16.04112, 45.63695], [16.041373, 45.637342], [16.040591, 45.637877], [16.041792, 45.638075], [16.042748, 45.638892], [16.04256, 45.639284], [16.043253, 45.639118], [16.043762, 45.638634], [16.043425, 45.638395], [16.043689, 45.638215], [16.044735, 45.638455], [16.044576, 45.638838], [16.044998, 45.638969], [16.046369, 45.637471], [16.047416, 45.637389], [16.047336, 45.63692], [16.048329, 45.637342], [16.048229, 45.638374], [16.048685, 45.638658], [16.049854, 45.638699], [16.050754, 45.640021], [16.051871, 45.640569], [16.053075, 45.640684], [16.052664, 45.639848], [16.053849, 45.639561], [16.053794, 45.640444], [16.054127, 45.640651], [16.055136, 45.640214], [16.057538, 45.641205], [16.058878, 45.640819], [16.059979, 45.640014], [16.06083, 45.639944], [16.061129, 45.640506], [16.061631, 45.640367], [16.061426, 45.640047], [16.062062, 45.639585], [16.062906, 45.640204], [16.063771, 45.639668]]]}, "properties": {"id": 49, "razina": "naselje", "name": "Velika Buna", "jls_name": "Velika Gorica", "jls_maticni_broj": "05410", "zupanija": "Zagrebačka", "area_km2": 11.4584, "stanovnistvo": 836, "palette_idx": 1, "historical_zone": "Jezgra Turopolja", "source": "DGU rpj:naselje"}}, {"type": "Feature", "id": 50, "geometry": {"type": "Polygon", "coordinates": [[[16.037336, 45.714739], [16.032899, 45.718126], [16.033389, 45.718453], [16.031883, 45.72017], [16.031081, 45.721881], [16.030782, 45.723623], [16.031126, 45.725724], [16.036954, 45.72378], [16.039615, 45.727952], [16.039138, 45.728143], [16.041664, 45.73214], [16.04431, 45.73513], [16.038698, 45.737689], [16.036859, 45.738237], [16.040511, 45.746269], [16.049531, 45.746311], [16.058449, 45.747465], [16.067048, 45.74974], [16.075266, 45.753221], [16.077384, 45.751484], [16.081819, 45.754194], [16.082916, 45.753918], [16.083538, 45.754696], [16.084335, 45.754476], [16.084735, 45.754843], [16.085504, 45.754287], [16.088096, 45.756002], [16.088652, 45.75563], [16.086158, 45.753973], [16.087498, 45.753664], [16.087272, 45.752952], [16.085976, 45.752438], [16.08561, 45.751158], [16.084743, 45.751103], [16.08595, 45.750294], [16.08567, 45.750117], [16.084565, 45.750987], [16.083327, 45.750175], [16.084016, 45.749865], [16.083571, 45.749425], [16.084084, 45.749197], [16.082541, 45.747928], [16.082988, 45.746669], [16.083465, 45.746278], [16.084918, 45.745976], [16.087587, 45.744768], [16.089125, 45.744569], [16.088014, 45.742241], [16.086839, 45.741267], [16.087376, 45.740499], [16.088054, 45.740079], [16.089701, 45.739877], [16.091318, 45.740576], [16.092871, 45.741764], [16.094166, 45.741848], [16.096671, 45.740518], [16.097683, 45.738209], [16.097519, 45.737488], [16.095062, 45.737404], [16.094592, 45.737071], [16.094431, 45.735652], [16.095209, 45.734838], [16.096448, 45.734701], [16.098327, 45.733756], [16.099461, 45.733957], [16.097708, 45.7321], [16.09594, 45.728424], [16.094908, 45.727093], [16.095134, 45.726825], [16.094556, 45.725777], [16.094374, 45.723959], [16.098821, 45.723347], [16.09851, 45.722917], [16.097019, 45.721746], [16.095991, 45.72206], [16.095807, 45.720552], [16.094905, 45.718993], [16.094903, 45.717018], [16.0924, 45.715976], [16.094255, 45.71509], [16.094052, 45.714634], [16.098315, 45.707362], [16.100337, 45.706993], [16.101469, 45.70636], [16.094066, 45.702127], [16.091168, 45.69771], [16.091442, 45.697595], [16.090526, 45.696632], [16.091443, 45.694022], [16.092047, 45.693652], [16.091288, 45.693049], [16.091367, 45.692517], [16.08985, 45.691508], [16.089739, 45.689828], [16.086715, 45.691183], [16.083905, 45.691206], [16.084965, 45.689347], [16.084482, 45.687011], [16.085592, 45.685468], [16.08559, 45.6846], [16.084499, 45.683093], [16.083605, 45.682907], [16.083034, 45.683256], [16.082024, 45.683264], [16.079257, 45.685257], [16.078894, 45.68491], [16.075861, 45.684128], [16.074497, 45.68291], [16.065323, 45.68109], [16.064781, 45.681406], [16.064199, 45.680811], [16.061719, 45.679715], [16.059248, 45.680402], [16.058222, 45.679989], [16.056226, 45.680229], [16.058828, 45.674759], [16.05909, 45.6714], [16.058123, 45.666782], [16.056195, 45.663686], [16.053051, 45.66052], [16.052628, 45.654544], [16.053158, 45.653553], [16.054907, 45.645458], [16.053612, 45.645077], [16.049764, 45.644876], [16.049417, 45.644607], [16.04465, 45.644525], [16.042792, 45.641531], [16.040605, 45.644111], [16.040312, 45.645702], [16.040771, 45.646203], [16.040725, 45.647637], [16.039265, 45.652817], [16.037534, 45.655654], [16.035229, 45.658122], [16.034071, 45.662432], [16.034504, 45.663901], [16.032309, 45.66768], [16.031854, 45.66941], [16.032046, 45.670418], [16.033034, 45.671698], [16.032754, 45.674294], [16.034124, 45.675046], [16.034295, 45.676062], [16.035521, 45.67732], [16.035645, 45.67828], [16.03642, 45.678079], [16.036165, 45.677645], [16.036581, 45.677441], [16.03656, 45.68012], [16.037056, 45.680647], [16.03672, 45.680871], [16.037187, 45.6811], [16.037383, 45.6818], [16.037778, 45.681725], [16.039009, 45.68246], [16.038896, 45.68353], [16.03839, 45.68403], [16.038727, 45.684348], [16.03783, 45.684497], [16.036891, 45.685318], [16.036401, 45.686821], [16.037275, 45.688857], [16.037272, 45.689697], [16.03674, 45.690255], [16.03715, 45.692105], [16.041475, 45.692404], [16.041633, 45.694706], [16.042768, 45.695922], [16.045075, 45.694747], [16.047865, 45.699139], [16.047082, 45.699949], [16.04862, 45.702571], [16.049533, 45.702727], [16.049965, 45.703162], [16.050307, 45.703049], [16.050115, 45.704821], [16.050551, 45.705115], [16.037336, 45.714739]]]}, "properties": {"id": 50, "razina": "naselje", "name": "Velika Gorica", "jls_name": "Velika Gorica", "jls_maticni_broj": "05410", "zupanija": "Zagrebačka", "area_km2": 36.9314, "stanovnistvo": 30036, "palette_idx": 0, "historical_zone": "Jezgra Turopolja", "plemenita_opcina": true, "po_skupina": "Polje", "source": "DGU rpj:naselje"}}, {"type": "Feature", "id": 51, "geometry": {"type": "Polygon", "coordinates": [[[16.078193, 45.774599], [16.07842, 45.774071], [16.079521, 45.773644], [16.080496, 45.772672], [16.081812, 45.772357], [16.083566, 45.771235], [16.087859, 45.771001], [16.089245, 45.770327], [16.092032, 45.7701], [16.09415, 45.76772], [16.089952, 45.764199], [16.084575, 45.759429], [16.080672, 45.756444], [16.076926, 45.754116], [16.076684, 45.754322], [16.06962, 45.753934], [16.069184, 45.755772], [16.070151, 45.756291], [16.070672, 45.757395], [16.07007, 45.759824], [16.072263, 45.762283], [16.072464, 45.763738], [16.071886, 45.764633], [16.069761, 45.765906], [16.066347, 45.767154], [16.068532, 45.769162], [16.075451, 45.772435], [16.078193, 45.774599]]]}, "properties": {"id": 51, "razina": "naselje", "name": "Velika Kosnica", "jls_name": "Velika Gorica", "jls_maticni_broj": "05410", "zupanija": "Zagrebačka", "area_km2": 2.6499, "stanovnistvo": 738, "palette_idx": 0, "historical_zone": "Jezgra Turopolja", "source": "DGU rpj:naselje"}}, {"type": "Feature", "id": 52, "geometry": {"type": "Polygon", "coordinates": [[[16.019477, 45.74803], [16.024409, 45.752132], [16.025438, 45.753676], [16.025181, 45.754482], [16.026439, 45.753849], [16.027574, 45.755129], [16.029238, 45.754823], [16.033599, 45.755499], [16.034219, 45.755382], [16.034123, 45.754887], [16.03374, 45.754213], [16.034349, 45.75394], [16.034146, 45.750369], [16.035176, 45.7504], [16.036373, 45.748595], [16.034975, 45.747711], [16.035018, 45.747168], [16.03535, 45.746741], [16.040511, 45.746269], [16.036859, 45.738237], [16.038698, 45.737689], [16.04431, 45.73513], [16.041664, 45.73214], [16.039138, 45.728143], [16.039615, 45.727952], [16.036954, 45.72378], [16.031126, 45.725724], [16.029841, 45.726155], [16.029205, 45.725527], [16.020975, 45.729572], [16.019656, 45.72826], [16.01762, 45.729731], [16.017462, 45.729536], [16.01609, 45.730568], [16.016359, 45.732718], [16.017324, 45.736013], [16.019506, 45.737654], [16.017692, 45.738685], [16.017583, 45.739816], [16.018711, 45.740414], [16.01923, 45.740373], [16.019259, 45.74093], [16.019945, 45.741255], [16.019951, 45.741587], [16.019189, 45.742523], [16.017798, 45.743155], [16.015941, 45.743489], [16.019477, 45.74803]]]}, "properties": {"id": 52, "razina": "naselje", "name": "Velika Mlaka", "jls_name": "Velika Gorica", "jls_maticni_broj": "05410", "zupanija": "Zagrebačka", "area_km2": 4.7669, "stanovnistvo": 3395, "palette_idx": 2, "historical_zone": "Jezgra Turopolja", "plemenita_opcina": true, "po_skupina": "Polje", "source": "DGU rpj:naselje"}}, {"type": "Feature", "id": 53, "geometry": {"type": "Polygon", "coordinates": [[[15.956957, 45.610624], [15.955184, 45.609198], [15.952644, 45.608877], [15.95214, 45.608515], [15.952046, 45.607854], [15.951583, 45.60755], [15.951054, 45.607743], [15.951176, 45.606815], [15.954778, 45.606836], [15.956364, 45.60564], [15.953644, 45.604978], [15.952173, 45.603604], [15.951655, 45.604069], [15.950572, 45.604272], [15.948783, 45.602964], [15.949537, 45.602098], [15.949222, 45.601386], [15.949406, 45.600358], [15.950241, 45.600303], [15.950471, 45.599877], [15.949472, 45.596854], [15.948168, 45.597952], [15.947088, 45.598156], [15.946274, 45.597505], [15.946325, 45.596724], [15.944217, 45.597525], [15.943417, 45.596412], [15.943908, 45.596318], [15.944178, 45.595464], [15.943153, 45.594336], [15.943445, 45.593609], [15.943127, 45.593036], [15.939942, 45.590377], [15.938773, 45.589947], [15.938, 45.592344], [15.937247, 45.593267], [15.936946, 45.594831], [15.936503, 45.595003], [15.935588, 45.59708], [15.935924, 45.597913], [15.936819, 45.59795], [15.937185, 45.598276], [15.936774, 45.599276], [15.937204, 45.599743], [15.936727, 45.599952], [15.937334, 45.601124], [15.936989, 45.6022], [15.937272, 45.603637], [15.938358, 45.604987], [15.939643, 45.608757], [15.938837, 45.60902], [15.938422, 45.609951], [15.937762, 45.610367], [15.934584, 45.611675], [15.937916, 45.615083], [15.941463, 45.616195], [15.941765, 45.615948], [15.943191, 45.616152], [15.944852, 45.617651], [15.946139, 45.617764], [15.948039, 45.619154], [15.948571, 45.62003], [15.950066, 45.619776], [15.951738, 45.622848], [15.952173, 45.622931], [15.952491, 45.623488], [15.952714, 45.626115], [15.953452, 45.627011], [15.954452, 45.627094], [15.95526, 45.626781], [15.958652, 45.627149], [15.957933, 45.625692], [15.958774, 45.623635], [15.95777, 45.623352], [15.957975, 45.622405], [15.956552, 45.621881], [15.957524, 45.618762], [15.957441, 45.617358], [15.957126, 45.617289], [15.957874, 45.616639], [15.955968, 45.613321], [15.955799, 45.612223], [15.955937, 45.610842], [15.956957, 45.610624]]]}, "properties": {"id": 53, "razina": "naselje", "name": "Vukomerić", "jls_name": "Velika Gorica", "jls_maticni_broj": "05410", "zupanija": "Zagrebačka", "area_km2": 3.6169, "stanovnistvo": 125, "palette_idx": 2, "historical_zone": "Jezgra Turopolja", "plemenita_opcina": true, "po_skupina": "Vrhovlje", "source": "DGU rpj:naselje"}}, {"type": "Feature", "id": 54, "geometry": {"type": "Polygon", "coordinates": [[[16.115924, 45.686012], [16.116464, 45.685505], [16.117689, 45.68592], [16.121331, 45.68426], [16.122376, 45.684569], [16.125842, 45.68375], [16.128443, 45.681463], [16.131176, 45.679738], [16.129092, 45.677127], [16.126985, 45.677304], [16.125576, 45.674976], [16.125116, 45.67402], [16.125124, 45.672026], [16.125777, 45.664652], [16.123291, 45.664036], [16.122079, 45.665446], [16.119044, 45.666352], [16.117678, 45.667622], [16.115237, 45.668532], [16.113694, 45.668756], [16.111797, 45.669897], [16.10846, 45.670427], [16.1066, 45.67155], [16.104156, 45.671361], [16.103762, 45.671485], [16.103842, 45.672192], [16.100773, 45.672381], [16.099518, 45.673946], [16.099086, 45.675485], [16.097817, 45.676306], [16.096196, 45.67628], [16.095576, 45.675932], [16.095134, 45.676114], [16.09332, 45.675098], [16.086643, 45.679943], [16.082024, 45.683264], [16.083034, 45.683256], [16.083605, 45.682907], [16.084499, 45.683093], [16.08559, 45.6846], [16.085592, 45.685468], [16.084482, 45.687011], [16.084965, 45.689347], [16.083905, 45.691206], [16.086715, 45.691183], [16.089739, 45.689828], [16.08985, 45.691508], [16.091367, 45.692517], [16.115924, 45.686012]]]}, "properties": {"id": 54, "razina": "naselje", "name": "Vukovina", "jls_name": "Velika Gorica", "jls_maticni_broj": "05410", "zupanija": "Zagrebačka", "area_km2": 6.0486, "stanovnistvo": 884, "palette_idx": 3, "historical_zone": "Jezgra Turopolja", "source": "DGU rpj:naselje"}}, {"type": "Feature", "id": 55, "geometry": {"type": "Polygon", "coordinates": [[[16.196383, 45.748367], [16.197901, 45.747365], [16.197997, 45.746051], [16.195876, 45.744992], [16.195161, 45.744168], [16.194889, 45.741454], [16.192094, 45.741283], [16.190432, 45.741651], [16.189314, 45.74079], [16.187113, 45.733923], [16.186246, 45.732276], [16.185262, 45.73171], [16.181557, 45.733162], [16.175701, 45.725733], [16.175192, 45.725977], [16.173392, 45.72451], [16.168797, 45.724289], [16.168625, 45.723972], [16.168509, 45.725411], [16.169496, 45.725684], [16.170823, 45.727155], [16.169655, 45.72812], [16.167778, 45.728412], [16.167669, 45.72913], [16.168049, 45.730242], [16.168404, 45.73048], [16.169499, 45.730382], [16.170978, 45.731621], [16.175567, 45.737415], [16.173278, 45.738273], [16.176677, 45.742828], [16.176289, 45.742942], [16.177781, 45.743815], [16.180348, 45.74619], [16.181097, 45.748047], [16.183007, 45.747375], [16.18618, 45.747463], [16.192726, 45.749059], [16.196383, 45.748367]]]}, "properties": {"id": 55, "razina": "naselje", "name": "Zablatje Posavsko", "jls_name": "Velika Gorica", "jls_maticni_broj": "05410", "zupanija": "Zagrebačka", "area_km2": 2.6879, "stanovnistvo": 69, "palette_idx": 2, "historical_zone": "Jezgra Turopolja", "source": "DGU rpj:naselje"}}, {"type": "Feature", "id": 56, "geometry": {"type": "Polygon", "coordinates": [[[16.106862, 45.746966], [16.106391, 45.748447], [16.107766, 45.750339], [16.109363, 45.751668], [16.107856, 45.752218], [16.109351, 45.754283], [16.110571, 45.754075], [16.112504, 45.758293], [16.112939, 45.759214], [16.114496, 45.758791], [16.116905, 45.757245], [16.117521, 45.75751], [16.118476, 45.759298], [16.121989, 45.758572], [16.124684, 45.758704], [16.123978, 45.75756], [16.124194, 45.755816], [16.124604, 45.755883], [16.125496, 45.754997], [16.127048, 45.754459], [16.126234, 45.753796], [16.12783, 45.753003], [16.125062, 45.751958], [16.126955, 45.749563], [16.128554, 45.74967], [16.131058, 45.749042], [16.132619, 45.748418], [16.133426, 45.747488], [16.134797, 45.747459], [16.136655, 45.746603], [16.136878, 45.745067], [16.135946, 45.743853], [16.138692, 45.742315], [16.139829, 45.740936], [16.140565, 45.740845], [16.140917, 45.739938], [16.14028, 45.739599], [16.141297, 45.738508], [16.139896, 45.738001], [16.136326, 45.738655], [16.136059, 45.737337], [16.136888, 45.736838], [16.136462, 45.736323], [16.134988, 45.736572], [16.126561, 45.733583], [16.125392, 45.734548], [16.125256, 45.735743], [16.12444, 45.736408], [16.123071, 45.736959], [16.122342, 45.7363], [16.121662, 45.736347], [16.120062, 45.738096], [16.118087, 45.73736], [16.117743, 45.737479], [16.116613, 45.738419], [16.116315, 45.739879], [16.114214, 45.742293], [16.112201, 45.742669], [16.11111, 45.742556], [16.110369, 45.742041], [16.109171, 45.74287], [16.108858, 45.744951], [16.107018, 45.746113], [16.106862, 45.746966]]]}, "properties": {"id": 56, "razina": "naselje", "name": "Črnkovec", "jls_name": "Velika Gorica", "jls_maticni_broj": "05410", "zupanija": "Zagrebačka", "area_km2": 4.1764, "stanovnistvo": 339, "palette_idx": 4, "historical_zone": "Jezgra Turopolja", "source": "DGU rpj:naselje"}}, {"type": "Feature", "id": 57, "geometry": {"type": "Polygon", "coordinates": [[[16.03715, 45.692105], [16.03674, 45.690255], [16.037272, 45.689697], [16.037275, 45.688857], [16.036401, 45.686821], [16.036891, 45.685318], [16.03783, 45.684497], [16.038727, 45.684348], [16.03839, 45.68403], [16.038896, 45.68353], [16.039009, 45.68246], [16.037778, 45.681725], [16.037383, 45.6818], [16.037187, 45.6811], [16.03672, 45.680871], [16.037056, 45.680647], [16.03656, 45.68012], [16.036581, 45.677441], [16.036165, 45.677645], [16.03642, 45.678079], [16.035645, 45.67828], [16.035521, 45.67732], [16.034295, 45.676062], [16.034124, 45.675046], [16.032754, 45.674294], [16.033034, 45.671698], [16.032046, 45.670418], [16.031854, 45.66941], [16.032309, 45.66768], [16.034504, 45.663901], [16.034071, 45.662432], [16.035229, 45.658122], [16.037534, 45.655654], [16.039265, 45.652817], [16.040725, 45.647637], [16.040771, 45.646203], [16.040312, 45.645702], [16.040605, 45.644111], [16.042792, 45.641531], [16.042143, 45.639624], [16.04256, 45.639284], [16.042748, 45.638892], [16.041792, 45.638075], [16.040591, 45.637877], [16.041373, 45.637342], [16.04112, 45.63695], [16.040628, 45.637014], [16.040149, 45.637563], [16.039893, 45.637152], [16.03875, 45.636944], [16.039483, 45.636818], [16.039364, 45.636463], [16.03981, 45.636049], [16.039455, 45.63559], [16.038672, 45.635994], [16.038815, 45.635615], [16.038243, 45.635016], [16.038686, 45.635189], [16.039333, 45.63487], [16.038494, 45.634403], [16.039233, 45.634129], [16.039263, 45.634464], [16.040315, 45.634524], [16.040182, 45.633813], [16.039508, 45.633321], [16.040488, 45.632807], [16.040279, 45.631714], [16.039584, 45.631587], [16.038832, 45.629345], [16.037321, 45.627454], [16.036305, 45.627202], [16.034739, 45.627734], [16.034083, 45.628405], [16.033609, 45.628145], [16.032852, 45.628335], [16.030895, 45.627408], [16.028367, 45.624365], [16.026805, 45.623309], [16.026617, 45.623738], [16.025524, 45.623817], [16.025056, 45.622954], [16.02392, 45.623179], [16.023143, 45.62275], [16.021761, 45.622951], [16.021205, 45.622778], [16.02131, 45.622299], [16.020675, 45.622085], [16.019763, 45.622306], [16.017969, 45.620628], [16.018017, 45.620175], [16.016114, 45.61938], [16.012906, 45.619647], [16.012402, 45.620016], [16.013059, 45.620567], [16.012784, 45.621096], [16.010982, 45.621263], [16.009259, 45.620693], [16.008391, 45.619177], [16.008002, 45.619539], [16.006379, 45.619469], [16.004997, 45.620173], [16.003194, 45.620389], [16.001922, 45.620947], [16.001741, 45.621585], [16.001263, 45.621788], [16.000573, 45.621539], [16.000475, 45.622281], [16.001191, 45.622704], [16.000859, 45.622887], [16.001343, 45.624384], [15.998767, 45.6255], [15.992793, 45.624981], [15.992938, 45.626213], [15.989879, 45.627506], [15.990803, 45.62835], [15.992626, 45.628143], [15.992469, 45.632106], [15.991276, 45.632073], [15.991096, 45.632525], [15.991226, 45.632914], [15.992307, 45.632721], [15.992108, 45.634063], [15.99272, 45.634135], [15.99272, 45.634827], [15.993562, 45.63583], [15.994416, 45.63607], [15.995613, 45.637204], [15.997623, 45.638043], [15.999024, 45.639279], [15.999818, 45.639288], [16.001247, 45.6403], [16.001072, 45.6412], [16.001686, 45.641844], [16.001641, 45.642282], [16.004194, 45.644412], [16.007613, 45.645351], [16.010438, 45.645029], [16.010925, 45.646245], [16.011201, 45.646465], [16.011982, 45.646307], [16.011961, 45.646748], [16.012375, 45.646631], [16.01264, 45.646892], [16.012285, 45.647385], [16.012821, 45.647566], [16.013031, 45.648434], [16.013899, 45.648671], [16.013483, 45.649316], [16.013986, 45.650267], [16.013481, 45.651291], [16.013901, 45.651594], [16.013362, 45.651555], [16.013837, 45.651986], [16.013735, 45.652381], [16.014332, 45.652308], [16.013893, 45.652537], [16.014298, 45.652758], [16.01385, 45.652834], [16.013969, 45.653012], [16.014519, 45.653075], [16.014576, 45.653485], [16.015008, 45.653286], [16.015667, 45.655487], [16.013728, 45.661057], [16.01391, 45.661933], [16.014964, 45.662763], [16.015042, 45.663266], [16.014162, 45.666205], [16.012926, 45.666704], [16.013511, 45.668776], [16.012975, 45.669556], [16.012578, 45.672566], [16.011245, 45.674299], [16.010092, 45.678277], [16.011256, 45.681762], [16.012878, 45.684662], [16.015596, 45.686425], [16.016839, 45.686324], [16.016087, 45.683877], [16.017455, 45.683608], [16.018934, 45.684084], [16.019141, 45.683895], [16.019305, 45.682528], [16.018553, 45.682827], [16.017763, 45.681998], [16.019378, 45.68212], [16.019495, 45.679814], [16.02009, 45.679421], [16.020914, 45.679478], [16.020913, 45.679736], [16.021929, 45.679589], [16.023091, 45.679039], [16.02349, 45.67935], [16.023149, 45.680132], [16.023719, 45.68008], [16.02328, 45.680788], [16.023837, 45.681896], [16.024768, 45.681947], [16.025737, 45.682561], [16.025993, 45.682941], [16.025602, 45.683274], [16.026284, 45.684453], [16.028218, 45.685409], [16.028522, 45.686896], [16.029497, 45.688239], [16.031177, 45.687245], [16.031978, 45.687872], [16.032256, 45.687729], [16.033531, 45.689978], [16.035033, 45.689972], [16.034408, 45.690813], [16.034654, 45.691422], [16.033119, 45.692448], [16.034189, 45.694264], [16.033534, 45.694495], [16.035221, 45.695636], [16.036203, 45.69569], [16.036391, 45.693105], [16.03715, 45.692105]]]}, "properties": {"id": 57, "razina": "naselje", "name": "Šiljakovina", "jls_name": "Velika Gorica", "jls_maticni_broj": "05410", "zupanija": "Zagrebačka", "area_km2": 16.5111, "stanovnistvo": 654, "palette_idx": 2, "historical_zone": "Jezgra Turopolja", "source": "DGU rpj:naselje"}}, {"type": "Feature", "id": 58, "geometry": {"type": "Polygon", "coordinates": [[[16.143417, 45.774493], [16.1445, 45.773305], [16.147038, 45.772512], [16.145605, 45.769786], [16.14578, 45.768046], [16.140617, 45.767115], [16.13943, 45.766568], [16.137362, 45.764878], [16.13606, 45.764843], [16.135791, 45.763899], [16.136174, 45.76226], [16.137493, 45.761705], [16.138248, 45.760978], [16.137129, 45.760234], [16.136028, 45.760122], [16.134307, 45.759958], [16.13238, 45.760401], [16.129543, 45.759474], [16.129086, 45.759983], [16.124684, 45.758704], [16.121989, 45.758572], [16.118476, 45.759298], [16.117521, 45.75751], [16.116905, 45.757245], [16.114496, 45.758791], [16.112939, 45.759214], [16.112504, 45.758293], [16.110061, 45.758988], [16.109642, 45.758063], [16.108347, 45.758385], [16.101278, 45.757835], [16.101219, 45.756793], [16.099933, 45.756053], [16.096706, 45.75971], [16.093298, 45.762138], [16.096248, 45.76301], [16.09767, 45.7639], [16.100512, 45.762964], [16.10376, 45.762937], [16.104185, 45.762454], [16.105277, 45.762137], [16.105569, 45.762142], [16.105558, 45.762954], [16.108105, 45.763361], [16.10945, 45.764216], [16.11141, 45.763698], [16.111712, 45.766045], [16.112444, 45.76589], [16.11309, 45.76797], [16.11419, 45.767867], [16.114388, 45.769756], [16.113729, 45.76988], [16.113601, 45.770694], [16.114764, 45.770736], [16.114202, 45.772324], [16.113839, 45.772021], [16.113399, 45.773368], [16.112419, 45.774048], [16.112427, 45.774769], [16.112915, 45.774967], [16.113303, 45.775745], [16.110284, 45.777681], [16.114036, 45.779753], [16.115412, 45.778739], [16.115243, 45.778554], [16.11824, 45.776878], [16.118133, 45.776188], [16.119515, 45.775805], [16.119, 45.775106], [16.120864, 45.77487], [16.121017, 45.774315], [16.127332, 45.774337], [16.127373, 45.774016], [16.132953, 45.774472], [16.143417, 45.774493]]]}, "properties": {"id": 58, "razina": "naselje", "name": "Šćitarjevo", "jls_name": "Velika Gorica", "jls_maticni_broj": "05410", "zupanija": "Zagrebačka", "area_km2": 4.7129, "stanovnistvo": 573, "palette_idx": 0, "historical_zone": "Jezgra Turopolja", "source": "DGU rpj:naselje"}}, {"type": "Feature", "id": 59, "geometry": {"type": "Polygon", "coordinates": [[[15.952656, 45.496569], [15.952616, 45.495057], [15.952136, 45.493676], [15.952883, 45.491889], [15.953696, 45.491105], [15.953246, 45.488793], [15.952197, 45.48816], [15.949883, 45.485386], [15.947836, 45.483754], [15.946451, 45.481795], [15.946869, 45.480982], [15.948379, 45.480363], [15.950089, 45.47821], [15.950069, 45.477629], [15.949507, 45.47762], [15.949324, 45.477196], [15.949382, 45.476256], [15.951907, 45.473813], [15.952114, 45.472621], [15.953379, 45.472039], [15.953242, 45.470802], [15.948642, 45.469951], [15.945287, 45.470062], [15.935546, 45.473037], [15.928897, 45.473802], [15.926659, 45.47442], [15.923582, 45.476655], [15.922112, 45.478587], [15.917566, 45.484639], [15.916604, 45.487046], [15.918001, 45.489306], [15.923015, 45.494524], [15.924963, 45.498311], [15.927276, 45.497062], [15.930306, 45.49697], [15.935245, 45.494459], [15.939991, 45.496532], [15.942357, 45.49644], [15.943983, 45.496722], [15.946001, 45.497522], [15.949274, 45.497164], [15.952164, 45.496437], [15.952656, 45.496569]]]}, "properties": {"id": 59, "razina": "naselje", "name": "Auguštanovec", "jls_name": "Pokupsko", "jls_maticni_broj": "05444", "zupanija": "Zagrebačka", "area_km2": 6.3501, "stanovnistvo": 101, "palette_idx": 0, "historical_zone": "Jezgra Turopolja", "source": "DGU rpj:naselje"}}, {"type": "Feature", "id": 60, "geometry": {"type": "Polygon", "coordinates": [[[15.952616, 45.495057], [15.952656, 45.496569], [15.953325, 45.497916], [15.952594, 45.499694], [15.953257, 45.501336], [15.953812, 45.501913], [15.955952, 45.502254], [15.955534, 45.50259], [15.954942, 45.504531], [15.95362, 45.50591], [15.949549, 45.508278], [15.949193, 45.509056], [15.949278, 45.511059], [15.948678, 45.510923], [15.947902, 45.511742], [15.947101, 45.511453], [15.94687, 45.511944], [15.946532, 45.511628], [15.945823, 45.512691], [15.946623, 45.512733], [15.946581, 45.512975], [15.945789, 45.51324], [15.94555, 45.513034], [15.945233, 45.513426], [15.944126, 45.513317], [15.944815, 45.513923], [15.944358, 45.514523], [15.945041, 45.514615], [15.944559, 45.515142], [15.943687, 45.514811], [15.943854, 45.51586], [15.944713, 45.515774], [15.945236, 45.516458], [15.94646, 45.516525], [15.947697, 45.518522], [15.949018, 45.519011], [15.948182, 45.51909], [15.94789, 45.51893], [15.946723, 45.51923], [15.947836, 45.520257], [15.947972, 45.521247], [15.945816, 45.520894], [15.945341, 45.521077], [15.945729, 45.521896], [15.945304, 45.522291], [15.945313, 45.521988], [15.944249, 45.521662], [15.944213, 45.522234], [15.944863, 45.522547], [15.944511, 45.522888], [15.946267, 45.524412], [15.946543, 45.525018], [15.946182, 45.525258], [15.946576, 45.525553], [15.946193, 45.52566], [15.946746, 45.52569], [15.946705, 45.526073], [15.94723, 45.526137], [15.947913, 45.527332], [15.948789, 45.527996], [15.949849, 45.527806], [15.950578, 45.528082], [15.951089, 45.528751], [15.951556, 45.528781], [15.951658, 45.52932], [15.952374, 45.529453], [15.952988, 45.530122], [15.953405, 45.530063], [15.954818, 45.5308], [15.959458, 45.530813], [15.9607, 45.531075], [15.961437, 45.5316], [15.963431, 45.53165], [15.963967, 45.531545], [15.965286, 45.52995], [15.964734, 45.529551], [15.965235, 45.52891], [15.964847, 45.528913], [15.964595, 45.528087], [15.964006, 45.527871], [15.964431, 45.527135], [15.963434, 45.526865], [15.963554, 45.526433], [15.963122, 45.526195], [15.963508, 45.525707], [15.963195, 45.524186], [15.963977, 45.523996], [15.963677, 45.523481], [15.964175, 45.523381], [15.963969, 45.52282], [15.964519, 45.522623], [15.964106, 45.522333], [15.964369, 45.521876], [15.963742, 45.521694], [15.964185, 45.520192], [15.963321, 45.519383], [15.963634, 45.519233], [15.963322, 45.518891], [15.963974, 45.518358], [15.963686, 45.517712], [15.964147, 45.517632], [15.964346, 45.516884], [15.963871, 45.516326], [15.963142, 45.516383], [15.963256, 45.516124], [15.961914, 45.51632], [15.959572, 45.515767], [15.957361, 45.514415], [15.957341, 45.512789], [15.957636, 45.512653], [15.956044, 45.51079], [15.956535, 45.510164], [15.955917, 45.509889], [15.955661, 45.509206], [15.956289, 45.509284], [15.956411, 45.508957], [15.957909, 45.509275], [15.95769, 45.508867], [15.95837, 45.508802], [15.958484, 45.509157], [15.959077, 45.508696], [15.960415, 45.50887], [15.960641, 45.508671], [15.960186, 45.508258], [15.960506, 45.507758], [15.96089, 45.50801], [15.961516, 45.507683], [15.961596, 45.50794], [15.962157, 45.507902], [15.962725, 45.508806], [15.962756, 45.508447], [15.963455, 45.508433], [15.963748, 45.509446], [15.96453, 45.508758], [15.965547, 45.508943], [15.965254, 45.509372], [15.966339, 45.509937], [15.966019, 45.510187], [15.966637, 45.510279], [15.966817, 45.510673], [15.967304, 45.510348], [15.967272, 45.510751], [15.968054, 45.511045], [15.969922, 45.508819], [15.970001, 45.507268], [15.969379, 45.506567], [15.970267, 45.503514], [15.9727, 45.50134], [15.973822, 45.499111], [15.973141, 45.498928], [15.973613, 45.496937], [15.972513, 45.495136], [15.973581, 45.492892], [15.973015, 45.489514], [15.972527, 45.488819], [15.973112, 45.487663], [15.971706, 45.487375], [15.971218, 45.487641], [15.969678, 45.48729], [15.96842, 45.487594], [15.968357, 45.486819], [15.968967, 45.485679], [15.968653, 45.484678], [15.967388, 45.482369], [15.966116, 45.481362], [15.964921, 45.479532], [15.964584, 45.479766], [15.960541, 45.479523], [15.96085, 45.480447], [15.96002, 45.480515], [15.95977, 45.481543], [15.959605, 45.486056], [15.958306, 45.48717], [15.958507, 45.487698], [15.957373, 45.489181], [15.957128, 45.490934], [15.956123, 45.492552], [15.954333, 45.493207], [15.952616, 45.495057]]]}, "properties": {"id": 60, "razina": "naselje", "name": "Cerje Pokupsko", "jls_name": "Pokupsko", "jls_maticni_broj": "05444", "zupanija": "Zagrebačka", "area_km2": 6.6762, "stanovnistvo": 68, "palette_idx": 1, "historical_zone": "Jezgra Turopolja", "source": "DGU rpj:naselje"}}, {"type": "Feature", "id": 61, "geometry": {"type": "Polygon", "coordinates": [[[15.97996, 45.499601], [15.979901, 45.500289], [15.975666, 45.499706], [15.973822, 45.499111], [15.9727, 45.50134], [15.970267, 45.503514], [15.969379, 45.506567], [15.970001, 45.507268], [15.969922, 45.508819], [15.968054, 45.511045], [15.968421, 45.511465], [15.969092, 45.511214], [15.969228, 45.511765], [15.971113, 45.511808], [15.974992, 45.508882], [15.97838, 45.507978], [15.978982, 45.508147], [15.9792, 45.507356], [15.980426, 45.507727], [15.98053, 45.507995], [15.982905, 45.508227], [15.983533, 45.509125], [15.985329, 45.50986], [15.986727, 45.509078], [15.989254, 45.509483], [15.99068, 45.509089], [15.99146, 45.508293], [15.987809, 45.506942], [15.986793, 45.505631], [15.982059, 45.501942], [15.981484, 45.501305], [15.981664, 45.500541], [15.980748, 45.500158], [15.98073, 45.49974], [15.97996, 45.499601]]]}, "properties": {"id": 61, "razina": "naselje", "name": "Cvetnić Brdo", "jls_name": "Pokupsko", "jls_maticni_broj": "05444", "zupanija": "Zagrebačka", "area_km2": 1.2309, "stanovnistvo": 21, "palette_idx": 2, "historical_zone": "Jezgra Turopolja", "source": "DGU rpj:naselje"}}, {"type": "Feature", "id": 62, "geometry": {"type": "Polygon", "coordinates": [[[16.03964, 45.484477], [16.036659, 45.485195], [16.031098, 45.484698], [16.022683, 45.485346], [16.020987, 45.485946], [16.018299, 45.488586], [16.016406, 45.488844], [16.012108, 45.488201], [16.008591, 45.486749], [16.005625, 45.484915], [16.003113, 45.482133], [16.002463, 45.482459], [16.00244, 45.482957], [16.001444, 45.483407], [16.001732, 45.483655], [16.001203, 45.484847], [16.000439, 45.484528], [16.000028, 45.485367], [15.999518, 45.485024], [15.999609, 45.485269], [15.999253, 45.485309], [15.999117, 45.485788], [15.999656, 45.486215], [15.999244, 45.486527], [15.999356, 45.486886], [15.998842, 45.487121], [15.998504, 45.488343], [15.999233, 45.489842], [15.998998, 45.490445], [15.998388, 45.490374], [15.997974, 45.491475], [15.99723, 45.491958], [15.997712, 45.492529], [15.997336, 45.49267], [15.997175, 45.494829], [15.995719, 45.494755], [15.994901, 45.495054], [15.995055, 45.495326], [15.994588, 45.495538], [15.994058, 45.495081], [15.99317, 45.49552], [15.992435, 45.495495], [15.992218, 45.496127], [15.99062, 45.497002], [15.989763, 45.496631], [15.989668, 45.495753], [15.988797, 45.495717], [15.988374, 45.495352], [15.987501, 45.494045], [15.986578, 45.495123], [15.983382, 45.496352], [15.981767, 45.497362], [15.980356, 45.498668], [15.97996, 45.499601], [15.98073, 45.49974], [15.980748, 45.500158], [15.981664, 45.500541], [15.981484, 45.501305], [15.982059, 45.501942], [15.986793, 45.505631], [15.987809, 45.506942], [15.99146, 45.508293], [15.992069, 45.508795], [15.993236, 45.509125], [15.99413, 45.508937], [15.994627, 45.509164], [15.995895, 45.510769], [15.997042, 45.511554], [15.997283, 45.512938], [16.000113, 45.51494], [16.005315, 45.515927], [16.006762, 45.51669], [16.007596, 45.517989], [16.010479, 45.520688], [16.010542, 45.520949], [16.013116, 45.519117], [16.019395, 45.517957], [16.022182, 45.515134], [16.023307, 45.512785], [16.025309, 45.51247], [16.026969, 45.511668], [16.027156, 45.511022], [16.026606, 45.510044], [16.022671, 45.507876], [16.0236, 45.505954], [16.025246, 45.504543], [16.025827, 45.503501], [16.026817, 45.502788], [16.027731, 45.503355], [16.032579, 45.502972], [16.034782, 45.502001], [16.037798, 45.501556], [16.040444, 45.500081], [16.041706, 45.500145], [16.041612, 45.499332], [16.040763, 45.498655], [16.040785, 45.49607], [16.03998, 45.494422], [16.035547, 45.492537], [16.035841, 45.491851], [16.034939, 45.491166], [16.034915, 45.490067], [16.034371, 45.489447], [16.034673, 45.489081], [16.034243, 45.488929], [16.034398, 45.488497], [16.034076, 45.48828], [16.035928, 45.487521], [16.038102, 45.485706], [16.040142, 45.485055], [16.03964, 45.484477]]]}, "properties": {"id": 62, "razina": "naselje", "name": "Gladovec Pokupski", "jls_name": "Pokupsko", "jls_maticni_broj": "05444", "zupanija": "Zagrebačka", "area_km2": 10.8366, "stanovnistvo": 161, "palette_idx": 0, "historical_zone": "Jezgra Turopolja", "source": "DGU rpj:naselje"}}, {"type": "Feature", "id": 63, "geometry": {"type": "Polygon", "coordinates": [[[16.027731, 45.503355], [16.028211, 45.504139], [16.032441, 45.505224], [16.033555, 45.506291], [16.034241, 45.506283], [16.032645, 45.507917], [16.034896, 45.510374], [16.03625, 45.510342], [16.036353, 45.509872], [16.039467, 45.510693], [16.040463, 45.510593], [16.038111, 45.512953], [16.036456, 45.513643], [16.035839, 45.515758], [16.036495, 45.516656], [16.036144, 45.516967], [16.03637, 45.517107], [16.037231, 45.517367], [16.03726, 45.517151], [16.03789, 45.517136], [16.037469, 45.517387], [16.03838, 45.5174], [16.038638, 45.517872], [16.039441, 45.517758], [16.039856, 45.517342], [16.041526, 45.517829], [16.04289, 45.518938], [16.044496, 45.519535], [16.044523, 45.520406], [16.046068, 45.521134], [16.047774, 45.520367], [16.048856, 45.518743], [16.049074, 45.518985], [16.050348, 45.517933], [16.051559, 45.518554], [16.050579, 45.519639], [16.051287, 45.520542], [16.052648, 45.520659], [16.053502, 45.520209], [16.055459, 45.520456], [16.057175, 45.521023], [16.058167, 45.521928], [16.06209, 45.520001], [16.066167, 45.516663], [16.069127, 45.516334], [16.069649, 45.51402], [16.073391, 45.508734], [16.073482, 45.50672], [16.071681, 45.505768], [16.06836, 45.505349], [16.066586, 45.50337], [16.065084, 45.502484], [16.062905, 45.501739], [16.065974, 45.496084], [16.0726, 45.489673], [16.072912, 45.488878], [16.073069, 45.488526], [16.071958, 45.487691], [16.07197, 45.4873], [16.070908, 45.486996], [16.070695, 45.487337], [16.070125, 45.487215], [16.070373, 45.486544], [16.06997, 45.486182], [16.069399, 45.486222], [16.069237, 45.486395], [16.06976, 45.486601], [16.069066, 45.486913], [16.068427, 45.48681], [16.068336, 45.486497], [16.067443, 45.486388], [16.067953, 45.486181], [16.067953, 45.48585], [16.06745, 45.486133], [16.066286, 45.486102], [16.066528, 45.485451], [16.066202, 45.485107], [16.065793, 45.485261], [16.064283, 45.484336], [16.063209, 45.484829], [16.058534, 45.484571], [16.056351, 45.483124], [16.054838, 45.479421], [16.056038, 45.477907], [16.056362, 45.476742], [16.056823, 45.476567], [16.060104, 45.469111], [16.059659, 45.46743], [16.05871, 45.467143], [16.052842, 45.473436], [16.043017, 45.479442], [16.041857, 45.481114], [16.041069, 45.483227], [16.03964, 45.484477], [16.040142, 45.485055], [16.038102, 45.485706], [16.035928, 45.487521], [16.034076, 45.48828], [16.034398, 45.488497], [16.034243, 45.488929], [16.034673, 45.489081], [16.034371, 45.489447], [16.034915, 45.490067], [16.034939, 45.491166], [16.035841, 45.491851], [16.035547, 45.492537], [16.03998, 45.494422], [16.040785, 45.49607], [16.040763, 45.498655], [16.041612, 45.499332], [16.041706, 45.500145], [16.040444, 45.500081], [16.037798, 45.501556], [16.034782, 45.502001], [16.032579, 45.502972], [16.027731, 45.503355]]]}, "properties": {"id": 63, "razina": "naselje", "name": "Hotnja", "jls_name": "Pokupsko", "jls_maticni_broj": "05444", "zupanija": "Zagrebačka", "area_km2": 11.0433, "stanovnistvo": 211, "palette_idx": 1, "historical_zone": "Jezgra Turopolja", "source": "DGU rpj:naselje"}}, {"type": "Feature", "id": 64, "geometry": {"type": "Polygon", "coordinates": [[[15.964921, 45.479532], [15.967683, 45.475125], [15.969331, 45.475125], [15.96944, 45.472185], [15.969014, 45.470928], [15.960888, 45.47177], [15.953242, 45.470802], [15.953379, 45.472039], [15.952114, 45.472621], [15.951907, 45.473813], [15.949382, 45.476256], [15.949324, 45.477196], [15.949507, 45.47762], [15.950069, 45.477629], [15.950089, 45.47821], [15.948379, 45.480363], [15.946869, 45.480982], [15.946451, 45.481795], [15.947836, 45.483754], [15.949883, 45.485386], [15.952197, 45.48816], [15.953246, 45.488793], [15.953696, 45.491105], [15.952883, 45.491889], [15.952136, 45.493676], [15.952616, 45.495057], [15.954333, 45.493207], [15.956123, 45.492552], [15.957128, 45.490934], [15.957373, 45.489181], [15.958507, 45.487698], [15.958306, 45.48717], [15.959605, 45.486056], [15.95977, 45.481543], [15.96002, 45.480515], [15.96085, 45.480447], [15.960541, 45.479523], [15.964584, 45.479766], [15.964921, 45.479532]]]}, "properties": {"id": 64, "razina": "naselje", "name": "Lijevi Degoj", "jls_name": "Pokupsko", "jls_maticni_broj": "05444", "zupanija": "Zagrebačka", "area_km2": 2.1939, "stanovnistvo": 51, "palette_idx": 2, "historical_zone": "Jezgra Turopolja", "source": "DGU rpj:naselje"}}, {"type": "Feature", "id": 65, "geometry": {"type": "Polygon", "coordinates": [[[15.944249, 45.521662], [15.945313, 45.521988], [15.945304, 45.522291], [15.945729, 45.521896], [15.945341, 45.521077], [15.945816, 45.520894], [15.947972, 45.521247], [15.947836, 45.520257], [15.946723, 45.51923], [15.94789, 45.51893], [15.948182, 45.51909], [15.949018, 45.519011], [15.947697, 45.518522], [15.94646, 45.516525], [15.945236, 45.516458], [15.944713, 45.515774], [15.943854, 45.51586], [15.943687, 45.514811], [15.944559, 45.515142], [15.945041, 45.514615], [15.944358, 45.514523], [15.944815, 45.513923], [15.944126, 45.513317], [15.945233, 45.513426], [15.94555, 45.513034], [15.945789, 45.51324], [15.946581, 45.512975], [15.946623, 45.512733], [15.945823, 45.512691], [15.946532, 45.511628], [15.94687, 45.511944], [15.947101, 45.511453], [15.947902, 45.511742], [15.948678, 45.510923], [15.949278, 45.511059], [15.949193, 45.509056], [15.949549, 45.508278], [15.95362, 45.50591], [15.954942, 45.504531], [15.955534, 45.50259], [15.955952, 45.502254], [15.953812, 45.501913], [15.953257, 45.501336], [15.952594, 45.499694], [15.953325, 45.497916], [15.952656, 45.496569], [15.952164, 45.496437], [15.949274, 45.497164], [15.946001, 45.497522], [15.943983, 45.496722], [15.942357, 45.49644], [15.939991, 45.496532], [15.935245, 45.494459], [15.930306, 45.49697], [15.927276, 45.497062], [15.924963, 45.498311], [15.92482, 45.501474], [15.922006, 45.505749], [15.920679, 45.513218], [15.919124, 45.5149], [15.912108, 45.520761], [15.910601, 45.522332], [15.909081, 45.524912], [15.910507, 45.525379], [15.910371, 45.526941], [15.911491, 45.528053], [15.912408, 45.528491], [15.913063, 45.528389], [15.913001, 45.528815], [15.914879, 45.528971], [15.91532, 45.528493], [15.915913, 45.528744], [15.916496, 45.528528], [15.916609, 45.52882], [15.917208, 45.528832], [15.918647, 45.529588], [15.918919, 45.53121], [15.918199, 45.531622], [15.918166, 45.532702], [15.917095, 45.533464], [15.917162, 45.534849], [15.915683, 45.537472], [15.91607, 45.538279], [15.917579, 45.538853], [15.919693, 45.538089], [15.921664, 45.536767], [15.922518, 45.537206], [15.925128, 45.536833], [15.927963, 45.537565], [15.928643, 45.535849], [15.928747, 45.533777], [15.929825, 45.531103], [15.931485, 45.529648], [15.934048, 45.528346], [15.935753, 45.527929], [15.936081, 45.528219], [15.937895, 45.528458], [15.940887, 45.527496], [15.940813, 45.527033], [15.9413, 45.526767], [15.941963, 45.526819], [15.941773, 45.525923], [15.940802, 45.52556], [15.941346, 45.524496], [15.940822, 45.524458], [15.941407, 45.524149], [15.94049, 45.524261], [15.941091, 45.523397], [15.940861, 45.523174], [15.941941, 45.523128], [15.941699, 45.521991], [15.942362, 45.52109], [15.944249, 45.521662]]]}, "properties": {"id": 65, "razina": "naselje", "name": "Lijevi Štefanki", "jls_name": "Pokupsko", "jls_maticni_broj": "05444", "zupanija": "Zagrebačka", "area_km2": 9.1492, "stanovnistvo": 196, "palette_idx": 2, "historical_zone": "Jezgra Turopolja", "source": "DGU rpj:naselje"}}, {"type": "Feature", "id": 66, "geometry": {"type": "Polygon", "coordinates": [[[15.909081, 45.524912], [15.905421, 45.528685], [15.902406, 45.530227], [15.902499, 45.530825], [15.901542, 45.531505], [15.901015, 45.532546], [15.902224, 45.532908], [15.903407, 45.532656], [15.903879, 45.533114], [15.903956, 45.533761], [15.90283, 45.534327], [15.903503, 45.535111], [15.902867, 45.535868], [15.904138, 45.536055], [15.904659, 45.537706], [15.905459, 45.537401], [15.904871, 45.536618], [15.905397, 45.536415], [15.906288, 45.536566], [15.906178, 45.537374], [15.908173, 45.53774], [15.90763, 45.538364], [15.906953, 45.538406], [15.906932, 45.538911], [15.907462, 45.539243], [15.908034, 45.539327], [15.908529, 45.538727], [15.909815, 45.539342], [15.908928, 45.539635], [15.90973, 45.540739], [15.908651, 45.54126], [15.909957, 45.542079], [15.909898, 45.543069], [15.908271, 45.543963], [15.908974, 45.544759], [15.908028, 45.545843], [15.90735, 45.546056], [15.907641, 45.546807], [15.906855, 45.546845], [15.906672, 45.547457], [15.907769, 45.547507], [15.907877, 45.548055], [15.90853, 45.548383], [15.908996, 45.548662], [15.909612, 45.548382], [15.910168, 45.548773], [15.910932, 45.548514], [15.911566, 45.548653], [15.911154, 45.549839], [15.910468, 45.550036], [15.910644, 45.55062], [15.911122, 45.55035], [15.911553, 45.551648], [15.912509, 45.551405], [15.914222, 45.551728], [15.913936, 45.552361], [15.914805, 45.552912], [15.916537, 45.552725], [15.916149, 45.55353], [15.917783, 45.553769], [15.917646, 45.554084], [15.918316, 45.554537], [15.917736, 45.555153], [15.918549, 45.555802], [15.919421, 45.555717], [15.919278, 45.556452], [15.919895, 45.556411], [15.920346, 45.557026], [15.919969, 45.557157], [15.920059, 45.557458], [15.921804, 45.55803], [15.9211, 45.558284], [15.921395, 45.558541], [15.921145, 45.558823], [15.922515, 45.559283], [15.922935, 45.560594], [15.923524, 45.560573], [15.923923, 45.561408], [15.923621, 45.562141], [15.924408, 45.562696], [15.924456, 45.563301], [15.925958, 45.56391], [15.925841, 45.564848], [15.926798, 45.563985], [15.927186, 45.564159], [15.927439, 45.564965], [15.927177, 45.564848], [15.926578, 45.565264], [15.927425, 45.566331], [15.926805, 45.566206], [15.926711, 45.56698], [15.927372, 45.567334], [15.928102, 45.5671], [15.928142, 45.567703], [15.92952, 45.568367], [15.929009, 45.568805], [15.930407, 45.569219], [15.931241, 45.56907], [15.931701, 45.569429], [15.932148, 45.569135], [15.933265, 45.569188], [15.934312, 45.569738], [15.935137, 45.569029], [15.936486, 45.569063], [15.936575, 45.569458], [15.937371, 45.56975], [15.939898, 45.569853], [15.940198, 45.569681], [15.939747, 45.569028], [15.940959, 45.569347], [15.94237, 45.568969], [15.94214, 45.56812], [15.942827, 45.567949], [15.942915, 45.568192], [15.943857, 45.568188], [15.944176, 45.56785], [15.945222, 45.567855], [15.945231, 45.567484], [15.945993, 45.56794], [15.94719, 45.568008], [15.947663, 45.567872], [15.94724, 45.567369], [15.947687, 45.567165], [15.948063, 45.567703], [15.949784, 45.568179], [15.950198, 45.568706], [15.951323, 45.568513], [15.951703, 45.568689], [15.951351, 45.569043], [15.951559, 45.569613], [15.952335, 45.569378], [15.953189, 45.569582], [15.953745, 45.568606], [15.954029, 45.569215], [15.954909, 45.569581], [15.957244, 45.568403], [15.958452, 45.568397], [15.958081, 45.567768], [15.958955, 45.567142], [15.959761, 45.567195], [15.960341, 45.567892], [15.962569, 45.566357], [15.962167, 45.566195], [15.961216, 45.566481], [15.961997, 45.565515], [15.962891, 45.565117], [15.963733, 45.565141], [15.963289, 45.564699], [15.963545, 45.564303], [15.963995, 45.564607], [15.964935, 45.564552], [15.964781, 45.564214], [15.965516, 45.563456], [15.966597, 45.563136], [15.967646, 45.563314], [15.967986, 45.562942], [15.968286, 45.563234], [15.969354, 45.56309], [15.970762, 45.563548], [15.971293, 45.562507], [15.970734, 45.562056], [15.972089, 45.561652], [15.972081, 45.561242], [15.97278, 45.56135], [15.973863, 45.561018], [15.97343, 45.56027], [15.974684, 45.559406], [15.974597, 45.558824], [15.976387, 45.559037], [15.977217, 45.558469], [15.977166, 45.557914], [15.978073, 45.557462], [15.978326, 45.557627], [15.979054, 45.556731], [15.979926, 45.556531], [15.979095, 45.556342], [15.979122, 45.555748], [15.979771, 45.555578], [15.979763, 45.554977], [15.980255, 45.554877], [15.980331, 45.554246], [15.980968, 45.553889], [15.981806, 45.551677], [15.979435, 45.549715], [15.978241, 45.549825], [15.975426, 45.548844], [15.97556, 45.548427], [15.974734, 45.547507], [15.973411, 45.546905], [15.973734, 45.545871], [15.974483, 45.545173], [15.974773, 45.543216], [15.973505, 45.540909], [15.972467, 45.540073], [15.973334, 45.538557], [15.973025, 45.536177], [15.972876, 45.536045], [15.972562, 45.536352], [15.969498, 45.535273], [15.969723, 45.534966], [15.968492, 45.534156], [15.968135, 45.533332], [15.967326, 45.533634], [15.966891, 45.532862], [15.966901, 45.531693], [15.966053, 45.531267], [15.965927, 45.530755], [15.96626, 45.53062], [15.96575, 45.529923], [15.965286, 45.52995], [15.963967, 45.531545], [15.963431, 45.53165], [15.961437, 45.5316], [15.9607, 45.531075], [15.959458, 45.530813], [15.954818, 45.5308], [15.953405, 45.530063], [15.952988, 45.530122], [15.952374, 45.529453], [15.951658, 45.52932], [15.951556, 45.528781], [15.951089, 45.528751], [15.950578, 45.528082], [15.949849, 45.527806], [15.948789, 45.527996], [15.947913, 45.527332], [15.94723, 45.526137], [15.946705, 45.526073], [15.946746, 45.52569], [15.946193, 45.52566], [15.946576, 45.525553], [15.946182, 45.525258], [15.946543, 45.525018], [15.946267, 45.524412], [15.944511, 45.522888], [15.944863, 45.522547], [15.944213, 45.522234], [15.944249, 45.521662], [15.942362, 45.52109], [15.941699, 45.521991], [15.941941, 45.523128], [15.940861, 45.523174], [15.941091, 45.523397], [15.94049, 45.524261], [15.941407, 45.524149], [15.940822, 45.524458], [15.941346, 45.524496], [15.940802, 45.52556], [15.941773, 45.525923], [15.941963, 45.526819], [15.9413, 45.526767], [15.940813, 45.527033], [15.940887, 45.527496], [15.937895, 45.528458], [15.936081, 45.528219], [15.935753, 45.527929], [15.934048, 45.528346], [15.931485, 45.529648], [15.929825, 45.531103], [15.928747, 45.533777], [15.928643, 45.535849], [15.927963, 45.537565], [15.925128, 45.536833], [15.922518, 45.537206], [15.921664, 45.536767], [15.919693, 45.538089], [15.917579, 45.538853], [15.91607, 45.538279], [15.915683, 45.537472], [15.917162, 45.534849], [15.917095, 45.533464], [15.918166, 45.532702], [15.918199, 45.531622], [15.918919, 45.53121], [15.918647, 45.529588], [15.917208, 45.528832], [15.916609, 45.52882], [15.916496, 45.528528], [15.915913, 45.528744], [15.91532, 45.528493], [15.914879, 45.528971], [15.913001, 45.528815], [15.913063, 45.528389], [15.912408, 45.528491], [15.911491, 45.528053], [15.910371, 45.526941], [15.910507, 45.525379], [15.909081, 45.524912]]]}, "properties": {"id": 66, "razina": "naselje", "name": "Lukinić Brdo", "jls_name": "Pokupsko", "jls_maticni_broj": "05444", "zupanija": "Zagrebačka", "area_km2": 19.8018, "stanovnistvo": 287, "palette_idx": 0, "historical_zone": "Jezgra Turopolja", "source": "DGU rpj:naselje"}}, {"type": "Feature", "id": 67, "geometry": {"type": "Polygon", "coordinates": [[[15.977217, 45.558469], [15.978275, 45.558567], [15.977857, 45.558929], [15.978786, 45.559505], [15.978327, 45.55981], [15.978706, 45.560039], [15.978202, 45.560246], [15.979062, 45.560975], [15.978717, 45.561334], [15.979053, 45.561619], [15.978389, 45.562771], [15.979199, 45.562917], [15.97965, 45.562555], [15.980012, 45.563045], [15.978955, 45.564069], [15.980127, 45.564767], [15.97944, 45.565336], [15.980344, 45.565663], [15.98038, 45.566275], [15.980795, 45.566309], [15.981134, 45.566927], [15.982035, 45.566818], [15.982641, 45.56741], [15.982473, 45.567716], [15.983564, 45.56808], [15.983656, 45.568422], [15.98465, 45.569291], [15.985481, 45.569237], [15.985388, 45.569664], [15.986021, 45.570081], [15.985902, 45.569561], [15.986795, 45.569495], [15.986424, 45.570313], [15.986829, 45.570276], [15.987031, 45.570624], [15.988703, 45.570746], [15.988651, 45.57105], [15.989132, 45.571102], [15.988907, 45.571522], [15.989508, 45.571536], [15.989309, 45.572373], [15.990123, 45.572321], [15.989942, 45.572739], [15.990654, 45.574008], [15.990999, 45.57404], [15.990796, 45.573689], [15.991159, 45.573592], [15.991246, 45.573866], [15.991849, 45.573765], [15.992039, 45.574415], [15.991433, 45.574314], [15.991103, 45.574544], [15.991587, 45.574632], [15.991691, 45.575343], [15.992314, 45.575458], [15.992161, 45.576005], [15.993051, 45.575947], [15.992579, 45.576265], [15.992663, 45.57683], [15.993661, 45.576861], [15.993321, 45.577036], [15.993506, 45.577329], [15.992637, 45.577375], [15.992527, 45.57781], [15.993501, 45.57795], [15.993009, 45.578828], [15.993945, 45.578735], [15.994301, 45.579789], [15.994744, 45.579494], [15.995116, 45.57984], [15.995571, 45.579622], [15.996085, 45.58005], [15.996521, 45.579984], [15.996485, 45.580385], [15.997427, 45.580588], [15.998203, 45.581236], [15.998301, 45.581896], [15.998947, 45.582002], [15.999283, 45.583003], [15.999765, 45.582529], [16.000277, 45.582581], [16.001472, 45.583697], [16.001792, 45.58368], [16.001872, 45.583078], [16.002475, 45.583215], [16.002668, 45.582492], [16.001937, 45.58126], [16.002263, 45.580838], [16.003656, 45.580493], [16.002651, 45.578597], [16.003758, 45.576751], [16.009472, 45.575888], [16.010415, 45.574138], [16.00861, 45.573094], [16.008179, 45.571818], [16.00689, 45.570301], [16.00131, 45.56675], [16.001808, 45.566465], [16.001086, 45.565789], [16.001454, 45.565513], [16.000993, 45.564057], [16.00218, 45.56074], [16.001395, 45.55927], [16.00055, 45.559118], [16.000482, 45.558567], [15.999632, 45.557999], [16.00029, 45.557411], [15.999728, 45.553919], [15.998609, 45.553554], [15.992776, 45.549713], [15.992239, 45.548591], [15.992903, 45.546767], [15.990277, 45.543102], [15.988144, 45.542545], [15.98573, 45.543132], [15.984859, 45.541612], [15.984217, 45.541154], [15.982778, 45.540796], [15.982279, 45.540374], [15.981762, 45.54056], [15.978984, 45.540167], [15.978704, 45.539568], [15.978034, 45.539324], [15.977854, 45.53869], [15.976254, 45.537771], [15.974701, 45.53734], [15.974171, 45.536442], [15.973025, 45.536177], [15.973334, 45.538557], [15.972467, 45.540073], [15.973505, 45.540909], [15.974773, 45.543216], [15.974483, 45.545173], [15.973734, 45.545871], [15.973411, 45.546905], [15.974734, 45.547507], [15.97556, 45.548427], [15.975426, 45.548844], [15.978241, 45.549825], [15.979435, 45.549715], [15.981806, 45.551677], [15.980968, 45.553889], [15.980331, 45.554246], [15.980255, 45.554877], [15.979763, 45.554977], [15.979771, 45.555578], [15.979122, 45.555748], [15.979095, 45.556342], [15.979926, 45.556531], [15.979054, 45.556731], [15.978326, 45.557627], [15.978073, 45.557462], [15.977166, 45.557914], [15.977217, 45.558469]]]}, "properties": {"id": 67, "razina": "naselje", "name": "Opatija", "jls_name": "Pokupsko", "jls_maticni_broj": "05444", "zupanija": "Zagrebačka", "area_km2": 6.3492, "stanovnistvo": 139, "palette_idx": 3, "historical_zone": "Jezgra Turopolja", "source": "DGU rpj:naselje"}}, {"type": "Feature", "id": 68, "geometry": {"type": "Polygon", "coordinates": [[[16.003113, 45.482133], [16.002051, 45.480048], [15.998964, 45.476931], [15.995212, 45.474647], [15.988798, 45.471747], [15.984603, 45.47086], [15.980039, 45.470531], [15.977092, 45.469805], [15.975046, 45.469555], [15.973449, 45.469813], [15.969398, 45.470884], [15.969014, 45.470928], [15.96944, 45.472185], [15.969331, 45.475125], [15.967683, 45.475125], [15.964921, 45.479532], [15.966116, 45.481362], [15.967388, 45.482369], [15.968653, 45.484678], [15.968967, 45.485679], [15.968357, 45.486819], [15.96842, 45.487594], [15.969678, 45.48729], [15.971218, 45.487641], [15.971706, 45.487375], [15.973112, 45.487663], [15.972527, 45.488819], [15.973015, 45.489514], [15.973581, 45.492892], [15.972513, 45.495136], [15.973613, 45.496937], [15.973141, 45.498928], [15.973822, 45.499111], [15.975666, 45.499706], [15.979901, 45.500289], [15.97996, 45.499601], [15.980356, 45.498668], [15.981767, 45.497362], [15.983382, 45.496352], [15.986578, 45.495123], [15.987501, 45.494045], [15.988374, 45.495352], [15.988797, 45.495717], [15.989668, 45.495753], [15.989763, 45.496631], [15.99062, 45.497002], [15.992218, 45.496127], [15.992435, 45.495495], [15.99317, 45.49552], [15.994058, 45.495081], [15.994588, 45.495538], [15.995055, 45.495326], [15.994901, 45.495054], [15.995719, 45.494755], [15.997175, 45.494829], [15.997336, 45.49267], [15.997712, 45.492529], [15.99723, 45.491958], [15.997974, 45.491475], [15.998388, 45.490374], [15.998998, 45.490445], [15.999233, 45.489842], [15.998504, 45.488343], [15.998842, 45.487121], [15.999356, 45.486886], [15.999244, 45.486527], [15.999656, 45.486215], [15.999117, 45.485788], [15.999253, 45.485309], [15.999609, 45.485269], [15.999518, 45.485024], [16.000028, 45.485367], [16.000439, 45.484528], [16.001203, 45.484847], [16.001732, 45.483655], [16.001444, 45.483407], [16.00244, 45.482957], [16.002463, 45.482459], [16.003113, 45.482133]]]}, "properties": {"id": 68, "razina": "naselje", "name": "Pokupsko", "jls_name": "Pokupsko", "jls_maticni_broj": "05444", "zupanija": "Zagrebačka", "area_km2": 6.5293, "stanovnistvo": 186, "palette_idx": 3, "historical_zone": "Jezgra Turopolja", "source": "DGU rpj:naselje"}}, {"type": "Feature", "id": 69, "geometry": {"type": "Polygon", "coordinates": [[[16.020875, 45.54437], [16.022666, 45.543518], [16.021691, 45.542027], [16.022005, 45.541549], [16.022843, 45.541178], [16.024468, 45.54131], [16.027609, 45.539983], [16.028182, 45.539612], [16.028815, 45.538131], [16.025196, 45.535894], [16.025402, 45.535027], [16.022167, 45.532261], [16.014918, 45.529563], [16.012677, 45.526243], [16.011801, 45.525901], [16.011884, 45.524995], [16.009779, 45.523411], [16.008652, 45.523125], [16.00885, 45.522009], [16.010542, 45.520949], [16.010479, 45.520688], [16.007027, 45.521584], [16.005916, 45.521583], [16.003883, 45.520548], [16.001471, 45.520604], [16.000405, 45.521285], [16.000301, 45.52177], [15.998488, 45.522306], [15.997277, 45.521949], [15.997128, 45.522218], [15.996724, 45.521947], [15.996631, 45.522215], [15.995754, 45.522235], [15.993806, 45.521604], [15.993128, 45.521941], [15.993068, 45.52249], [15.991678, 45.522898], [15.991072, 45.522747], [15.98966, 45.523846], [15.987812, 45.523812], [15.986343, 45.524796], [15.985285, 45.526446], [15.985001, 45.526357], [15.985171, 45.525651], [15.983034, 45.525275], [15.983469, 45.524924], [15.983079, 45.524906], [15.982807, 45.524374], [15.982042, 45.524794], [15.982211, 45.524285], [15.981613, 45.524347], [15.982372, 45.523576], [15.981745, 45.523811], [15.981656, 45.523228], [15.98126, 45.523711], [15.980925, 45.523551], [15.98098, 45.523794], [15.981228, 45.524667], [15.980289, 45.526214], [15.979587, 45.526302], [15.979095, 45.527155], [15.977852, 45.527918], [15.977593, 45.529186], [15.976154, 45.529791], [15.975802, 45.530471], [15.974537, 45.531147], [15.97424, 45.53256], [15.974672, 45.533044], [15.973455, 45.533851], [15.974007, 45.534995], [15.972876, 45.536045], [15.973025, 45.536177], [15.974171, 45.536442], [15.974701, 45.53734], [15.976254, 45.537771], [15.977854, 45.53869], [15.978034, 45.539324], [15.978704, 45.539568], [15.978984, 45.540167], [15.981762, 45.54056], [15.982279, 45.540374], [15.982778, 45.540796], [15.984217, 45.541154], [15.984859, 45.541612], [15.98573, 45.543132], [15.988144, 45.542545], [15.990277, 45.543102], [15.992903, 45.546767], [15.992239, 45.548591], [15.992776, 45.549713], [15.998609, 45.553554], [15.999728, 45.553919], [16.002319, 45.554431], [16.005005, 45.554411], [16.007426, 45.554973], [16.00786, 45.554642], [16.009019, 45.554485], [16.010757, 45.553077], [16.013951, 45.552181], [16.015935, 45.55064], [16.016651, 45.549611], [16.016474, 45.547268], [16.019568, 45.547283], [16.020665, 45.546745], [16.020352, 45.546341], [16.020859, 45.545817], [16.020265, 45.545677], [16.020569, 45.545254], [16.020281, 45.545071], [16.020383, 45.544514], [16.020875, 45.54437]]]}, "properties": {"id": 69, "razina": "naselje", "name": "Roženica", "jls_name": "Pokupsko", "jls_maticni_broj": "05444", "zupanija": "Zagrebačka", "area_km2": 9.7108, "stanovnistvo": 286, "palette_idx": 1, "historical_zone": "Jezgra Turopolja", "source": "DGU rpj:naselje"}}, {"type": "Feature", "id": 70, "geometry": {"type": "Polygon", "coordinates": [[[16.055156, 45.540093], [16.055165, 45.538725], [16.055626, 45.538162], [16.056837, 45.538255], [16.057324, 45.537728], [16.058484, 45.538704], [16.058431, 45.536387], [16.05734, 45.534116], [16.057321, 45.533067], [16.057813, 45.532438], [16.056554, 45.531652], [16.05618, 45.530789], [16.056889, 45.528064], [16.056109, 45.526514], [16.056139, 45.525248], [16.057254, 45.522469], [16.058167, 45.521928], [16.057175, 45.521023], [16.055459, 45.520456], [16.053502, 45.520209], [16.052648, 45.520659], [16.051287, 45.520542], [16.050579, 45.519639], [16.051559, 45.518554], [16.050348, 45.517933], [16.049074, 45.518985], [16.048856, 45.518743], [16.047774, 45.520367], [16.046068, 45.521134], [16.044523, 45.520406], [16.044496, 45.519535], [16.04289, 45.518938], [16.041526, 45.517829], [16.039856, 45.517342], [16.039441, 45.517758], [16.038638, 45.517872], [16.03838, 45.5174], [16.037469, 45.517387], [16.03789, 45.517136], [16.03726, 45.517151], [16.037231, 45.517367], [16.03637, 45.517107], [16.036144, 45.516967], [16.036495, 45.516656], [16.035839, 45.515758], [16.036456, 45.513643], [16.038111, 45.512953], [16.040463, 45.510593], [16.039467, 45.510693], [16.036353, 45.509872], [16.03625, 45.510342], [16.034896, 45.510374], [16.032645, 45.507917], [16.034241, 45.506283], [16.033555, 45.506291], [16.032441, 45.505224], [16.028211, 45.504139], [16.027731, 45.503355], [16.026817, 45.502788], [16.025827, 45.503501], [16.025246, 45.504543], [16.0236, 45.505954], [16.022671, 45.507876], [16.026606, 45.510044], [16.027156, 45.511022], [16.026969, 45.511668], [16.025309, 45.51247], [16.023307, 45.512785], [16.022182, 45.515134], [16.019395, 45.517957], [16.013116, 45.519117], [16.010542, 45.520949], [16.00885, 45.522009], [16.008652, 45.523125], [16.009779, 45.523411], [16.011884, 45.524995], [16.011801, 45.525901], [16.012677, 45.526243], [16.014918, 45.529563], [16.022167, 45.532261], [16.025402, 45.535027], [16.025196, 45.535894], [16.028815, 45.538131], [16.028182, 45.539612], [16.027609, 45.539983], [16.024468, 45.54131], [16.022843, 45.541178], [16.022005, 45.541549], [16.021691, 45.542027], [16.022666, 45.543518], [16.020875, 45.54437], [16.022223, 45.544799], [16.023112, 45.544644], [16.024295, 45.543904], [16.025469, 45.543893], [16.027568, 45.545151], [16.030003, 45.545141], [16.030443, 45.545462], [16.034239, 45.546003], [16.035549, 45.546675], [16.036872, 45.546543], [16.038109, 45.545999], [16.038674, 45.545234], [16.041668, 45.544501], [16.043347, 45.541797], [16.044775, 45.540377], [16.045595, 45.541101], [16.047803, 45.541634], [16.050851, 45.541186], [16.051366, 45.541411], [16.051778, 45.541153], [16.052808, 45.54131], [16.053263, 45.540799], [16.05374, 45.540835], [16.053748, 45.540421], [16.055156, 45.540093]]]}, "properties": {"id": 70, "razina": "naselje", "name": "Strezojevo", "jls_name": "Pokupsko", "jls_maticni_broj": "05444", "zupanija": "Zagrebačka", "area_km2": 9.6936, "stanovnistvo": 120, "palette_idx": 3, "historical_zone": "Jezgra Turopolja", "source": "DGU rpj:naselje"}}, {"type": "Feature", "id": 71, "geometry": {"type": "Polygon", "coordinates": [[[16.010479, 45.520688], [16.007596, 45.517989], [16.006762, 45.51669], [16.005315, 45.515927], [16.000113, 45.51494], [15.997283, 45.512938], [15.997042, 45.511554], [15.995895, 45.510769], [15.994627, 45.509164], [15.99413, 45.508937], [15.993236, 45.509125], [15.992069, 45.508795], [15.99146, 45.508293], [15.99068, 45.509089], [15.989254, 45.509483], [15.986727, 45.509078], [15.985329, 45.50986], [15.983533, 45.509125], [15.982905, 45.508227], [15.98053, 45.507995], [15.980426, 45.507727], [15.9792, 45.507356], [15.978982, 45.508147], [15.97838, 45.507978], [15.974992, 45.508882], [15.971113, 45.511808], [15.971882, 45.512536], [15.972059, 45.513955], [15.973012, 45.514132], [15.972723, 45.514496], [15.9739, 45.514884], [15.974054, 45.51528], [15.973481, 45.515741], [15.974278, 45.516101], [15.974321, 45.516871], [15.975605, 45.517081], [15.975801, 45.51675], [15.976858, 45.516847], [15.977238, 45.517597], [15.976661, 45.517784], [15.977384, 45.518022], [15.978247, 45.519348], [15.977861, 45.52006], [15.978304, 45.520513], [15.97885, 45.520442], [15.9786, 45.520883], [15.979555, 45.521259], [15.979262, 45.521815], [15.979769, 45.521985], [15.979843, 45.522578], [15.980623, 45.522616], [15.980462, 45.523554], [15.98098, 45.523794], [15.980925, 45.523551], [15.98126, 45.523711], [15.981656, 45.523228], [15.981745, 45.523811], [15.982372, 45.523576], [15.981613, 45.524347], [15.982211, 45.524285], [15.982042, 45.524794], [15.982807, 45.524374], [15.983079, 45.524906], [15.983469, 45.524924], [15.983034, 45.525275], [15.985171, 45.525651], [15.985001, 45.526357], [15.985285, 45.526446], [15.986343, 45.524796], [15.987812, 45.523812], [15.98966, 45.523846], [15.991072, 45.522747], [15.991678, 45.522898], [15.993068, 45.52249], [15.993128, 45.521941], [15.993806, 45.521604], [15.995754, 45.522235], [15.996631, 45.522215], [15.996724, 45.521947], [15.997128, 45.522218], [15.997277, 45.521949], [15.998488, 45.522306], [16.000301, 45.52177], [16.000405, 45.521285], [16.001471, 45.520604], [16.003883, 45.520548], [16.005916, 45.521583], [16.007027, 45.521584], [16.010479, 45.520688]]]}, "properties": {"id": 71, "razina": "naselje", "name": "Zgurić Brdo", "jls_name": "Pokupsko", "jls_maticni_broj": "05444", "zupanija": "Zagrebačka", "area_km2": 3.3498, "stanovnistvo": 33, "palette_idx": 4, "historical_zone": "Jezgra Turopolja", "source": "DGU rpj:naselje"}}, {"type": "Feature", "id": 72, "geometry": {"type": "Polygon", "coordinates": [[[15.98098, 45.523794], [15.980462, 45.523554], [15.980623, 45.522616], [15.979843, 45.522578], [15.979769, 45.521985], [15.979262, 45.521815], [15.979555, 45.521259], [15.9786, 45.520883], [15.97885, 45.520442], [15.978304, 45.520513], [15.977861, 45.52006], [15.978247, 45.519348], [15.977384, 45.518022], [15.976661, 45.517784], [15.977238, 45.517597], [15.976858, 45.516847], [15.975801, 45.51675], [15.975605, 45.517081], [15.974321, 45.516871], [15.974278, 45.516101], [15.973481, 45.515741], [15.974054, 45.51528], [15.9739, 45.514884], [15.972723, 45.514496], [15.973012, 45.514132], [15.972059, 45.513955], [15.971882, 45.512536], [15.971113, 45.511808], [15.969228, 45.511765], [15.969092, 45.511214], [15.968421, 45.511465], [15.968054, 45.511045], [15.967272, 45.510751], [15.967304, 45.510348], [15.966817, 45.510673], [15.966637, 45.510279], [15.966019, 45.510187], [15.966339, 45.509937], [15.965254, 45.509372], [15.965547, 45.508943], [15.96453, 45.508758], [15.963748, 45.509446], [15.963455, 45.508433], [15.962756, 45.508447], [15.962725, 45.508806], [15.962157, 45.507902], [15.961596, 45.50794], [15.961516, 45.507683], [15.96089, 45.50801], [15.960506, 45.507758], [15.960186, 45.508258], [15.960641, 45.508671], [15.960415, 45.50887], [15.959077, 45.508696], [15.958484, 45.509157], [15.95837, 45.508802], [15.95769, 45.508867], [15.957909, 45.509275], [15.956411, 45.508957], [15.956289, 45.509284], [15.955661, 45.509206], [15.955917, 45.509889], [15.956535, 45.510164], [15.956044, 45.51079], [15.957636, 45.512653], [15.957341, 45.512789], [15.957361, 45.514415], [15.959572, 45.515767], [15.961914, 45.51632], [15.963256, 45.516124], [15.963142, 45.516383], [15.963871, 45.516326], [15.964346, 45.516884], [15.964147, 45.517632], [15.963686, 45.517712], [15.963974, 45.518358], [15.963322, 45.518891], [15.963634, 45.519233], [15.963321, 45.519383], [15.964185, 45.520192], [15.963742, 45.521694], [15.964369, 45.521876], [15.964106, 45.522333], [15.964519, 45.522623], [15.963969, 45.52282], [15.964175, 45.523381], [15.963677, 45.523481], [15.963977, 45.523996], [15.963195, 45.524186], [15.963508, 45.525707], [15.963122, 45.526195], [15.963554, 45.526433], [15.963434, 45.526865], [15.964431, 45.527135], [15.964006, 45.527871], [15.964595, 45.528087], [15.964847, 45.528913], [15.965235, 45.52891], [15.964734, 45.529551], [15.965286, 45.52995], [15.96575, 45.529923], [15.96626, 45.53062], [15.965927, 45.530755], [15.966053, 45.531267], [15.966901, 45.531693], [15.966891, 45.532862], [15.967326, 45.533634], [15.968135, 45.533332], [15.968492, 45.534156], [15.969723, 45.534966], [15.969498, 45.535273], [15.972562, 45.536352], [15.972876, 45.536045], [15.974007, 45.534995], [15.973455, 45.533851], [15.974672, 45.533044], [15.97424, 45.53256], [15.974537, 45.531147], [15.975802, 45.530471], [15.976154, 45.529791], [15.977593, 45.529186], [15.977852, 45.527918], [15.979095, 45.527155], [15.979587, 45.526302], [15.980289, 45.526214], [15.981228, 45.524667], [15.98098, 45.523794]]]}, "properties": {"id": 72, "razina": "naselje", "name": "Šestak Brdo", "jls_name": "Pokupsko", "jls_maticni_broj": "05444", "zupanija": "Zagrebačka", "area_km2": 2.9442, "stanovnistvo": 66, "palette_idx": 3, "historical_zone": "Jezgra Turopolja", "source": "DGU rpj:naselje"}}, {"type": "Feature", "id": 73, "geometry": {"type": "Polygon", "coordinates": [[[16.19563, 45.684612], [16.195095, 45.685859], [16.193928, 45.686823], [16.192225, 45.68757], [16.191883, 45.688639], [16.191027, 45.689301], [16.190346, 45.690488], [16.19001, 45.692309], [16.191434, 45.692583], [16.191369, 45.693574], [16.186368, 45.69491], [16.187282, 45.696219], [16.186306, 45.697574], [16.183891, 45.696697], [16.18316, 45.697596], [16.184749, 45.698183], [16.184402, 45.699369], [16.189839, 45.706004], [16.188949, 45.706279], [16.193562, 45.709346], [16.194062, 45.708969], [16.201866, 45.714001], [16.19771, 45.717109], [16.19729, 45.716831], [16.196415, 45.717499], [16.196854, 45.717788], [16.195826, 45.718264], [16.197387, 45.719354], [16.195543, 45.720727], [16.194753, 45.720263], [16.20342, 45.725995], [16.20274, 45.727335], [16.201453, 45.727767], [16.202192, 45.728536], [16.202829, 45.728417], [16.204087, 45.729949], [16.199968, 45.733387], [16.207471, 45.73608], [16.209992, 45.737057], [16.213154, 45.739031], [16.215055, 45.740685], [16.220353, 45.737459], [16.22201, 45.736833], [16.221985, 45.736806], [16.220789, 45.735403], [16.220877, 45.734861], [16.220036, 45.733412], [16.218708, 45.732098], [16.218405, 45.732138], [16.21751, 45.730909], [16.213348, 45.728254], [16.210434, 45.725697], [16.209223, 45.723353], [16.209842, 45.721673], [16.212477, 45.719009], [16.217706, 45.716539], [16.222777, 45.713154], [16.227041, 45.708968], [16.228248, 45.706791], [16.22874, 45.705111], [16.228449, 45.702729], [16.226833, 45.70021], [16.222486, 45.698848], [16.220069, 45.698918], [16.218546, 45.700874], [16.216532, 45.702243], [16.214959, 45.704308], [16.209387, 45.708459], [16.200732, 45.702904], [16.199162, 45.703614], [16.195435, 45.699209], [16.202867, 45.69601], [16.201357, 45.694295], [16.198869, 45.695352], [16.196033, 45.692212], [16.197557, 45.690732], [16.198762, 45.690178], [16.198731, 45.689248], [16.196961, 45.687246], [16.197302, 45.687096], [16.19563, 45.684612]]]}, "properties": {"id": 73, "razina": "naselje", "name": "Bukevje", "jls_name": "Orle", "jls_maticni_broj": "05428", "zupanija": "Zagrebačka", "area_km2": 7.4922, "stanovnistvo": 360, "palette_idx": 0, "historical_zone": "Jezgra Turopolja", "source": "DGU rpj:naselje"}}, {"type": "Feature", "id": 74, "geometry": {"type": "Polygon", "coordinates": [[[16.207001, 45.664071], [16.205773, 45.66363], [16.2047, 45.66232], [16.203906, 45.662293], [16.200335, 45.664381], [16.200958, 45.665777], [16.199043, 45.667083], [16.198625, 45.667375], [16.195954, 45.676956], [16.194311, 45.678194], [16.194121, 45.679779], [16.194956, 45.680109], [16.195224, 45.680569], [16.19395, 45.681272], [16.193273, 45.682125], [16.195133, 45.683725], [16.19563, 45.684612], [16.197302, 45.687096], [16.196961, 45.687246], [16.198731, 45.689248], [16.198762, 45.690178], [16.197557, 45.690732], [16.196033, 45.692212], [16.198869, 45.695352], [16.201357, 45.694295], [16.202867, 45.69601], [16.195435, 45.699209], [16.199162, 45.703614], [16.200732, 45.702904], [16.209387, 45.708459], [16.214959, 45.704308], [16.216532, 45.702243], [16.218546, 45.700874], [16.220069, 45.698918], [16.222486, 45.698848], [16.226833, 45.70021], [16.226056, 45.699257], [16.225733, 45.697581], [16.226123, 45.695301], [16.22773, 45.693839], [16.231499, 45.692279], [16.229152, 45.687783], [16.227484, 45.685784], [16.228347, 45.68538], [16.219899, 45.680645], [16.220318, 45.680174], [16.217457, 45.677817], [16.214685, 45.674839], [16.215444, 45.67344], [16.213849, 45.672078], [16.207001, 45.664071]]]}, "properties": {"id": 74, "razina": "naselje", "name": "Drnek", "jls_name": "Orle", "jls_maticni_broj": "05428", "zupanija": "Zagrebačka", "area_km2": 8.2529, "stanovnistvo": 288, "palette_idx": 2, "historical_zone": "Jezgra Turopolja", "source": "DGU rpj:naselje"}}, {"type": "Feature", "id": 75, "geometry": {"type": "Polygon", "coordinates": [[[16.194889, 45.741454], [16.19845, 45.741674], [16.198096, 45.739442], [16.195201, 45.739654], [16.194959, 45.737858], [16.197802, 45.737578], [16.197828, 45.737785], [16.20148, 45.738506], [16.201987, 45.736963], [16.206374, 45.738512], [16.207471, 45.73608], [16.199968, 45.733387], [16.204087, 45.729949], [16.202829, 45.728417], [16.202192, 45.728536], [16.201453, 45.727767], [16.20274, 45.727335], [16.20342, 45.725995], [16.194753, 45.720263], [16.191738, 45.722595], [16.184479, 45.723189], [16.183541, 45.725059], [16.17983, 45.723089], [16.173502, 45.720862], [16.173094, 45.721926], [16.173578, 45.722421], [16.173533, 45.723086], [16.170008, 45.723422], [16.168625, 45.723972], [16.168797, 45.724289], [16.173392, 45.72451], [16.175192, 45.725977], [16.175701, 45.725733], [16.181557, 45.733162], [16.185262, 45.73171], [16.186246, 45.732276], [16.187113, 45.733923], [16.189314, 45.74079], [16.190432, 45.741651], [16.192094, 45.741283], [16.194889, 45.741454]]]}, "properties": {"id": 75, "razina": "naselje", "name": "Obed", "jls_name": "Orle", "jls_maticni_broj": "05428", "zupanija": "Zagrebačka", "area_km2": 3.2512, "stanovnistvo": 39, "palette_idx": 1, "historical_zone": "Jezgra Turopolja", "source": "DGU rpj:naselje"}}, {"type": "Feature", "id": 76, "geometry": {"type": "Polygon", "coordinates": [[[16.209376, 45.660277], [16.208741, 45.663289], [16.20809, 45.663877], [16.207001, 45.664071], [16.213849, 45.672078], [16.215444, 45.67344], [16.214685, 45.674839], [16.217457, 45.677817], [16.220318, 45.680174], [16.219899, 45.680645], [16.228347, 45.68538], [16.227484, 45.685784], [16.229152, 45.687783], [16.231499, 45.692279], [16.236804, 45.690875], [16.23814, 45.68647], [16.239353, 45.686676], [16.239429, 45.685407], [16.240619, 45.683674], [16.24047, 45.683052], [16.236726, 45.681166], [16.237214, 45.680347], [16.218656, 45.671411], [16.219192, 45.668977], [16.219975, 45.667519], [16.218596, 45.665556], [16.220402, 45.664729], [16.219422, 45.664431], [16.219122, 45.664759], [16.209376, 45.660277]]]}, "properties": {"id": 76, "razina": "naselje", "name": "Orle", "jls_name": "Orle", "jls_maticni_broj": "05428", "zupanija": "Zagrebačka", "area_km2": 2.7359, "stanovnistvo": 71, "palette_idx": 1, "historical_zone": "Jezgra Turopolja", "source": "DGU rpj:naselje"}}, {"type": "Feature", "id": 77, "geometry": {"type": "Polygon", "coordinates": [[[16.27415, 45.605929], [16.270675, 45.606177], [16.268485, 45.605306], [16.266528, 45.605388], [16.26428, 45.605737], [16.260302, 45.607683], [16.259149, 45.608879], [16.257988, 45.611727], [16.255719, 45.612391], [16.255741, 45.614128], [16.25539, 45.614707], [16.254942, 45.615088], [16.252572, 45.615773], [16.251779, 45.616419], [16.251657, 45.617089], [16.252241, 45.618288], [16.254037, 45.619946], [16.254186, 45.62176], [16.256732, 45.621725], [16.260469, 45.629291], [16.263768, 45.633885], [16.26633, 45.636126], [16.264637, 45.637263], [16.273689, 45.644768], [16.275262, 45.645645], [16.276513, 45.645363], [16.276017, 45.647375], [16.276623, 45.647341], [16.278561, 45.648101], [16.277982, 45.648529], [16.281227, 45.650732], [16.280153, 45.65177], [16.286496, 45.654966], [16.287487, 45.653653], [16.286491, 45.652922], [16.287688, 45.65228], [16.290549, 45.652991], [16.292138, 45.65054], [16.292924, 45.648447], [16.292399, 45.643115], [16.293658, 45.640633], [16.289947, 45.63991], [16.289541, 45.639618], [16.289361, 45.639858], [16.287198, 45.639782], [16.285336, 45.63932], [16.284531, 45.638796], [16.284509, 45.638055], [16.284832, 45.63777], [16.285663, 45.637748], [16.285757, 45.63682], [16.285047, 45.634344], [16.283927, 45.634109], [16.28381, 45.633754], [16.282664, 45.633167], [16.283201, 45.632733], [16.282404, 45.630982], [16.279401, 45.630153], [16.278685, 45.629677], [16.27897, 45.62904], [16.273992, 45.617231], [16.267779, 45.614402], [16.268641, 45.613554], [16.268188, 45.613337], [16.27415, 45.605929]]]}, "properties": {"id": 77, "razina": "naselje", "name": "Ruča", "jls_name": "Orle", "jls_maticni_broj": "05428", "zupanija": "Zagrebačka", "area_km2": 7.1667, "stanovnistvo": 215, "palette_idx": 2, "historical_zone": "Jezgra Turopolja", "source": "DGU rpj:naselje"}}, {"type": "Feature", "id": 78, "geometry": {"type": "Polygon", "coordinates": [[[16.214322, 45.655528], [16.227435, 45.661496], [16.229691, 45.659104], [16.247836, 45.667591], [16.248783, 45.667374], [16.251011, 45.667515], [16.25809, 45.666477], [16.262425, 45.666432], [16.265202, 45.666778], [16.265858, 45.665411], [16.263775, 45.664911], [16.264341, 45.661282], [16.260483, 45.660927], [16.25844, 45.66029], [16.258117, 45.659538], [16.256201, 45.659393], [16.25475, 45.659677], [16.253333, 45.658399], [16.252677, 45.659232], [16.243988, 45.657791], [16.24029, 45.656619], [16.235044, 45.654069], [16.231768, 45.657577], [16.227903, 45.65578], [16.222715, 45.649897], [16.221334, 45.652641], [16.222312, 45.654843], [16.222015, 45.655628], [16.220748, 45.656108], [16.217406, 45.655159], [16.215405, 45.655165], [16.214322, 45.655528]]]}, "properties": {"id": 78, "razina": "naselje", "name": "Stružec Posavski", "jls_name": "Orle", "jls_maticni_broj": "05428", "zupanija": "Zagrebačka", "area_km2": 2.6605, "stanovnistvo": 71, "palette_idx": 1, "historical_zone": "Jezgra Turopolja", "source": "DGU rpj:naselje"}}, {"type": "Feature", "id": 79, "geometry": {"type": "Polygon", "coordinates": [[[16.301887, 45.634577], [16.304306, 45.630902], [16.303095, 45.629834], [16.30131, 45.626735], [16.300537, 45.626102], [16.300186, 45.624858], [16.296775, 45.623567], [16.297233, 45.622598], [16.298252, 45.62174], [16.296746, 45.619935], [16.29544, 45.620235], [16.294635, 45.619484], [16.293589, 45.619229], [16.293724, 45.618108], [16.291248, 45.617504], [16.291639, 45.615445], [16.289495, 45.613231], [16.284114, 45.615584], [16.285213, 45.617698], [16.282836, 45.617566], [16.281909, 45.617772], [16.281749, 45.617482], [16.280137, 45.617405], [16.279193, 45.617854], [16.279101, 45.618649], [16.268641, 45.613554], [16.267779, 45.614402], [16.273992, 45.617231], [16.27897, 45.62904], [16.278685, 45.629677], [16.279401, 45.630153], [16.282404, 45.630982], [16.283201, 45.632733], [16.282664, 45.633167], [16.28381, 45.633754], [16.283927, 45.634109], [16.285047, 45.634344], [16.285757, 45.63682], [16.285663, 45.637748], [16.284832, 45.63777], [16.284509, 45.638055], [16.284531, 45.638796], [16.285336, 45.63932], [16.287198, 45.639782], [16.289361, 45.639858], [16.289541, 45.639618], [16.289947, 45.63991], [16.293658, 45.640633], [16.294773, 45.639217], [16.299134, 45.635212], [16.300175, 45.634819], [16.3018, 45.634938], [16.301887, 45.634577]]]}, "properties": {"id": 79, "razina": "naselje", "name": "Suša", "jls_name": "Orle", "jls_maticni_broj": "05428", "zupanija": "Zagrebačka", "area_km2": 3.9702, "stanovnistvo": 99, "palette_idx": 0, "historical_zone": "Jezgra Turopolja", "source": "DGU rpj:naselje"}}, {"type": "Feature", "id": 80, "geometry": {"type": "Polygon", "coordinates": [[[16.265202, 45.666778], [16.276448, 45.66932], [16.283931, 45.671591], [16.286593, 45.672112], [16.288099, 45.671498], [16.288097, 45.670438], [16.285619, 45.662632], [16.285578, 45.661205], [16.287159, 45.656964], [16.28845, 45.655044], [16.290549, 45.652991], [16.287688, 45.65228], [16.286491, 45.652922], [16.287487, 45.653653], [16.286496, 45.654966], [16.280153, 45.65177], [16.281227, 45.650732], [16.277982, 45.648529], [16.278561, 45.648101], [16.276623, 45.647341], [16.276017, 45.647375], [16.276513, 45.645363], [16.275262, 45.645645], [16.273689, 45.644768], [16.264637, 45.637263], [16.26633, 45.636126], [16.263768, 45.633885], [16.260469, 45.629291], [16.256732, 45.621725], [16.254186, 45.62176], [16.254148, 45.622568], [16.252465, 45.624682], [16.25216, 45.625829], [16.252598, 45.628249], [16.251359, 45.628827], [16.249455, 45.628319], [16.248896, 45.628478], [16.249569, 45.629835], [16.249037, 45.630713], [16.247914, 45.630594], [16.24719, 45.629581], [16.244793, 45.629694], [16.241982, 45.627521], [16.241585, 45.627578], [16.241335, 45.628206], [16.242475, 45.630017], [16.241824, 45.63031], [16.240717, 45.629931], [16.239109, 45.630738], [16.234775, 45.631039], [16.230261, 45.629667], [16.225827, 45.629642], [16.225488, 45.630295], [16.225821, 45.632687], [16.226692, 45.633244], [16.228353, 45.633526], [16.229078, 45.634321], [16.228852, 45.635543], [16.227255, 45.637093], [16.227487, 45.639171], [16.226892, 45.640576], [16.228887, 45.643166], [16.223531, 45.648047], [16.222715, 45.649897], [16.227903, 45.65578], [16.231768, 45.657577], [16.235044, 45.654069], [16.24029, 45.656619], [16.243988, 45.657791], [16.252677, 45.659232], [16.253333, 45.658399], [16.25475, 45.659677], [16.256201, 45.659393], [16.258117, 45.659538], [16.25844, 45.66029], [16.260483, 45.660927], [16.264341, 45.661282], [16.263775, 45.664911], [16.265858, 45.665411], [16.265202, 45.666778]]]}, "properties": {"id": 80, "razina": "naselje", "name": "Veleševec", "jls_name": "Orle", "jls_maticni_broj": "05428", "zupanija": "Zagrebačka", "area_km2": 14.1168, "stanovnistvo": 369, "palette_idx": 3, "historical_zone": "Jezgra Turopolja", "source": "DGU rpj:naselje"}}, {"type": "Feature", "id": 81, "geometry": {"type": "Polygon", "coordinates": [[[16.247836, 45.667591], [16.229691, 45.659104], [16.227435, 45.661496], [16.214322, 45.655528], [16.209376, 45.660277], [16.219122, 45.664759], [16.219422, 45.664431], [16.220402, 45.664729], [16.218596, 45.665556], [16.219975, 45.667519], [16.219192, 45.668977], [16.218656, 45.671411], [16.237214, 45.680347], [16.236726, 45.681166], [16.24047, 45.683052], [16.240619, 45.683674], [16.239429, 45.685407], [16.239353, 45.686676], [16.23814, 45.68647], [16.236804, 45.690875], [16.239962, 45.690375], [16.247017, 45.690462], [16.248448, 45.689427], [16.247218, 45.685579], [16.24852, 45.674895], [16.246956, 45.669096], [16.246897, 45.668364], [16.247836, 45.667591]]]}, "properties": {"id": 81, "razina": "naselje", "name": "Vrbovo Posavsko", "jls_name": "Orle", "jls_maticni_broj": "05428", "zupanija": "Zagrebačka", "area_km2": 5.1102, "stanovnistvo": 150, "palette_idx": 2, "historical_zone": "Jezgra Turopolja", "source": "DGU rpj:naselje"}}, {"type": "Feature", "id": 82, "geometry": {"type": "Polygon", "coordinates": [[[16.194753, 45.720263], [16.195543, 45.720727], [16.197387, 45.719354], [16.195826, 45.718264], [16.196854, 45.717788], [16.196415, 45.717499], [16.19729, 45.716831], [16.19771, 45.717109], [16.201866, 45.714001], [16.194062, 45.708969], [16.193562, 45.709346], [16.188949, 45.706279], [16.189839, 45.706004], [16.184402, 45.699369], [16.179754, 45.702616], [16.178587, 45.703071], [16.178789, 45.703505], [16.178211, 45.703954], [16.179386, 45.704692], [16.178219, 45.708331], [16.173331, 45.708086], [16.168722, 45.706909], [16.166933, 45.708634], [16.166069, 45.709046], [16.166347, 45.710265], [16.165984, 45.711386], [16.171455, 45.712218], [16.172646, 45.712679], [16.172174, 45.715126], [16.17569, 45.71755], [16.17457, 45.720092], [16.173502, 45.720862], [16.17983, 45.723089], [16.183541, 45.725059], [16.184479, 45.723189], [16.191738, 45.722595], [16.194753, 45.720263]]]}, "properties": {"id": 82, "razina": "naselje", "name": "Čret Posavski", "jls_name": "Orle", "jls_maticni_broj": "05428", "zupanija": "Zagrebačka", "area_km2": 3.8132, "stanovnistvo": 103, "palette_idx": 2, "historical_zone": "Jezgra Turopolja", "source": "DGU rpj:naselje"}}, {"type": "Feature", "id": 83, "geometry": {"type": "Polygon", "coordinates": [[[16.107081, 45.614565], [16.106729, 45.612224], [16.109775, 45.606573], [16.108309, 45.605879], [16.107153, 45.606326], [16.103001, 45.604766], [16.101775, 45.60483], [16.09693, 45.603775], [16.096411, 45.602683], [16.096844, 45.601748], [16.095312, 45.599395], [16.094784, 45.598892], [16.093042, 45.599277], [16.090382, 45.59904], [16.090059, 45.596413], [16.086568, 45.593324], [16.085121, 45.593779], [16.082689, 45.595633], [16.080166, 45.596753], [16.07704, 45.595907], [16.073672, 45.596039], [16.070822, 45.59879], [16.069735, 45.598163], [16.068133, 45.597947], [16.0652, 45.598426], [16.064043, 45.597968], [16.062256, 45.5964], [16.062148, 45.597055], [16.060382, 45.597397], [16.05797, 45.596128], [16.057099, 45.598062], [16.056492, 45.598113], [16.056532, 45.598512], [16.055954, 45.598828], [16.056091, 45.599164], [16.057228, 45.599063], [16.057944, 45.599934], [16.059224, 45.600047], [16.061637, 45.601451], [16.062344, 45.601439], [16.06339, 45.602222], [16.065027, 45.605281], [16.066654, 45.60469], [16.067779, 45.604635], [16.067353, 45.604326], [16.069119, 45.603573], [16.070511, 45.604509], [16.070749, 45.60504], [16.07153, 45.605313], [16.072719, 45.606693], [16.074992, 45.60681], [16.076, 45.607261], [16.078505, 45.607008], [16.079689, 45.607345], [16.081102, 45.608437], [16.08202, 45.610383], [16.087467, 45.612167], [16.087342, 45.6129], [16.088822, 45.613296], [16.089494, 45.61397], [16.090286, 45.613666], [16.090589, 45.614122], [16.090653, 45.613744], [16.092124, 45.613946], [16.093034, 45.613634], [16.093585, 45.614172], [16.09389, 45.613865], [16.094457, 45.613977], [16.094212, 45.614406], [16.094609, 45.614125], [16.095742, 45.614511], [16.095799, 45.614798], [16.096075, 45.614623], [16.096697, 45.615364], [16.097019, 45.614905], [16.097146, 45.615298], [16.097766, 45.615067], [16.097978, 45.615463], [16.098776, 45.615462], [16.098952, 45.615889], [16.09958, 45.615735], [16.100065, 45.61606], [16.100914, 45.61578], [16.102489, 45.616481], [16.10274, 45.616197], [16.103067, 45.616654], [16.10337, 45.616469], [16.103922, 45.616885], [16.10413, 45.616696], [16.104293, 45.617422], [16.105085, 45.618164], [16.10513, 45.618228], [16.106088, 45.616994], [16.107081, 45.614565]]]}, "properties": {"id": 83, "razina": "naselje", "name": "Barbarići Kravarski", "jls_name": "Kravarsko", "jls_maticni_broj": "05452", "zupanija": "Zagrebačka", "area_km2": 4.7812, "stanovnistvo": 209, "palette_idx": 2, "historical_zone": "Jezgra Turopolja", "source": "DGU rpj:naselje"}}, {"type": "Feature", "id": 84, "geometry": {"type": "Polygon", "coordinates": [[[16.073482, 45.50672], [16.073391, 45.508734], [16.069649, 45.51402], [16.069127, 45.516334], [16.066167, 45.516663], [16.06209, 45.520001], [16.058167, 45.521928], [16.057254, 45.522469], [16.056139, 45.525248], [16.056109, 45.526514], [16.056889, 45.528064], [16.05618, 45.530789], [16.056554, 45.531652], [16.057813, 45.532438], [16.057321, 45.533067], [16.05734, 45.534116], [16.058431, 45.536387], [16.058484, 45.538704], [16.057324, 45.537728], [16.056837, 45.538255], [16.055626, 45.538162], [16.055165, 45.538725], [16.055156, 45.540093], [16.055508, 45.539844], [16.056518, 45.540844], [16.056144, 45.542529], [16.056911, 45.545309], [16.055958, 45.546214], [16.055092, 45.548716], [16.055286, 45.550015], [16.056156, 45.551346], [16.057541, 45.550502], [16.061777, 45.550121], [16.063198, 45.549474], [16.068142, 45.55126], [16.069832, 45.552821], [16.072708, 45.553926], [16.07308, 45.553592], [16.076809, 45.552788], [16.079956, 45.551627], [16.083511, 45.549242], [16.08386, 45.547164], [16.090591, 45.544172], [16.091581, 45.543211], [16.0929, 45.542692], [16.095415, 45.541027], [16.096553, 45.539921], [16.09865, 45.539283], [16.100922, 45.539213], [16.102488, 45.537798], [16.103376, 45.535559], [16.104552, 45.535338], [16.103852, 45.534388], [16.103572, 45.532448], [16.101197, 45.530797], [16.100217, 45.527803], [16.099703, 45.527176], [16.098513, 45.527097], [16.097359, 45.526144], [16.097568, 45.524949], [16.097064, 45.524885], [16.09805, 45.52454], [16.09764, 45.524251], [16.09843, 45.524051], [16.097901, 45.523973], [16.097859, 45.523662], [16.098382, 45.523765], [16.098553, 45.523362], [16.099051, 45.523388], [16.098774, 45.523038], [16.098106, 45.523092], [16.099211, 45.522528], [16.098929, 45.522203], [16.099433, 45.522041], [16.099027, 45.521132], [16.099788, 45.520609], [16.099435, 45.519407], [16.099884, 45.519016], [16.099253, 45.518959], [16.099515, 45.51867], [16.098964, 45.518649], [16.098877, 45.518151], [16.09822, 45.51782], [16.098958, 45.517121], [16.09934, 45.517398], [16.100341, 45.517277], [16.099999, 45.516426], [16.100522, 45.516141], [16.099915, 45.51591], [16.099891, 45.515139], [16.100847, 45.514869], [16.099746, 45.514251], [16.1007, 45.513359], [16.100064, 45.512736], [16.100855, 45.512718], [16.10047, 45.511618], [16.100071, 45.511422], [16.100267, 45.51117], [16.099839, 45.511653], [16.099418, 45.511447], [16.099591, 45.510686], [16.100753, 45.510047], [16.100687, 45.509823], [16.101563, 45.509886], [16.101621, 45.509295], [16.102422, 45.509347], [16.102084, 45.509036], [16.102501, 45.50867], [16.103239, 45.508846], [16.102674, 45.507857], [16.104051, 45.507619], [16.103028, 45.507148], [16.103198, 45.50682], [16.103895, 45.507014], [16.104225, 45.506633], [16.105091, 45.506885], [16.104884, 45.50597], [16.105585, 45.505532], [16.106046, 45.505515], [16.105866, 45.505935], [16.106316, 45.506042], [16.106572, 45.505465], [16.107197, 45.505615], [16.106851, 45.505163], [16.107263, 45.504867], [16.106926, 45.504638], [16.108114, 45.504505], [16.107414, 45.503838], [16.108202, 45.503463], [16.10739, 45.503003], [16.107435, 45.502015], [16.105053, 45.503029], [16.10263, 45.504948], [16.09659, 45.508128], [16.093484, 45.5088], [16.091344, 45.509815], [16.08957, 45.510159], [16.086802, 45.510356], [16.084282, 45.509995], [16.080677, 45.510155], [16.078909, 45.509878], [16.075864, 45.508575], [16.073482, 45.50672]]]}, "properties": {"id": 84, "razina": "naselje", "name": "Donji Hruševec", "jls_name": "Kravarsko", "jls_maticni_broj": "05452", "zupanija": "Zagrebačka", "area_km2": 13.9117, "stanovnistvo": 271, "palette_idx": 0, "historical_zone": "Jezgra Turopolja", "source": "DGU rpj:naselje"}}, {"type": "Feature", "id": 85, "geometry": {"type": "Polygon", "coordinates": [[[16.036872, 45.546543], [16.038563, 45.548493], [16.04044, 45.551954], [16.040486, 45.552734], [16.039919, 45.553747], [16.039931, 45.557274], [16.038741, 45.559202], [16.038627, 45.560609], [16.037669, 45.560852], [16.038864, 45.562574], [16.039773, 45.562852], [16.039825, 45.563411], [16.040405, 45.563874], [16.039666, 45.564852], [16.038351, 45.564496], [16.036702, 45.565096], [16.036355, 45.565694], [16.034643, 45.566124], [16.033866, 45.56593], [16.033987, 45.56646], [16.033323, 45.566395], [16.033494, 45.566789], [16.032934, 45.566782], [16.033268, 45.567656], [16.032618, 45.568547], [16.032271, 45.56841], [16.031271, 45.569311], [16.030935, 45.569096], [16.030813, 45.569608], [16.030331, 45.569302], [16.030034, 45.569667], [16.029575, 45.569416], [16.029456, 45.569925], [16.028383, 45.570142], [16.026659, 45.571368], [16.029417, 45.57122], [16.030867, 45.570276], [16.031847, 45.571691], [16.034988, 45.573903], [16.036011, 45.57424], [16.035879, 45.57478], [16.037081, 45.574645], [16.037298, 45.575621], [16.039443, 45.573861], [16.040944, 45.573117], [16.042801, 45.573419], [16.043725, 45.573722], [16.045898, 45.575214], [16.046521, 45.574784], [16.052745, 45.578981], [16.053258, 45.579048], [16.054027, 45.578351], [16.055703, 45.57803], [16.056382, 45.577427], [16.056365, 45.577002], [16.057293, 45.576716], [16.057121, 45.576534], [16.059956, 45.573123], [16.061062, 45.573138], [16.06307, 45.572535], [16.064412, 45.572628], [16.064959, 45.57223], [16.065589, 45.572952], [16.066303, 45.572831], [16.066463, 45.573109], [16.06729, 45.572795], [16.067226, 45.572451], [16.067914, 45.572491], [16.068203, 45.572139], [16.068601, 45.572474], [16.069799, 45.572584], [16.069962, 45.572232], [16.068884, 45.571797], [16.067988, 45.570293], [16.067479, 45.570283], [16.065634, 45.569185], [16.064643, 45.567072], [16.063563, 45.56636], [16.063298, 45.564193], [16.062744, 45.563741], [16.061812, 45.561427], [16.064836, 45.561695], [16.066121, 45.560659], [16.070158, 45.559464], [16.071423, 45.558287], [16.072708, 45.553926], [16.069832, 45.552821], [16.068142, 45.55126], [16.063198, 45.549474], [16.061777, 45.550121], [16.057541, 45.550502], [16.056156, 45.551346], [16.055286, 45.550015], [16.055092, 45.548716], [16.055958, 45.546214], [16.056911, 45.545309], [16.056144, 45.542529], [16.056518, 45.540844], [16.055508, 45.539844], [16.055156, 45.540093], [16.053748, 45.540421], [16.05374, 45.540835], [16.053263, 45.540799], [16.052808, 45.54131], [16.051778, 45.541153], [16.051366, 45.541411], [16.050851, 45.541186], [16.047803, 45.541634], [16.045595, 45.541101], [16.044775, 45.540377], [16.043347, 45.541797], [16.041668, 45.544501], [16.038674, 45.545234], [16.038109, 45.545999], [16.036872, 45.546543]]]}, "properties": {"id": 85, "razina": "naselje", "name": "Gladovec Kravarski", "jls_name": "Kravarsko", "jls_maticni_broj": "05452", "zupanija": "Zagrebačka", "area_km2": 7.8612, "stanovnistvo": 194, "palette_idx": 4, "historical_zone": "Jezgra Turopolja", "source": "DGU rpj:naselje"}}, {"type": "Feature", "id": 86, "geometry": {"type": "Polygon", "coordinates": [[[16.036872, 45.546543], [16.035549, 45.546675], [16.034239, 45.546003], [16.030443, 45.545462], [16.030003, 45.545141], [16.027568, 45.545151], [16.025469, 45.543893], [16.024295, 45.543904], [16.023112, 45.544644], [16.022223, 45.544799], [16.020875, 45.54437], [16.020383, 45.544514], [16.020281, 45.545071], [16.020569, 45.545254], [16.020265, 45.545677], [16.020859, 45.545817], [16.020352, 45.546341], [16.020665, 45.546745], [16.019568, 45.547283], [16.016474, 45.547268], [16.016651, 45.549611], [16.015935, 45.55064], [16.013951, 45.552181], [16.010757, 45.553077], [16.009019, 45.554485], [16.00786, 45.554642], [16.007426, 45.554973], [16.005005, 45.554411], [16.002319, 45.554431], [15.999728, 45.553919], [16.00029, 45.557411], [15.999632, 45.557999], [16.000482, 45.558567], [16.00055, 45.559118], [16.001395, 45.55927], [16.00218, 45.56074], [16.000993, 45.564057], [16.001454, 45.565513], [16.001086, 45.565789], [16.001808, 45.566465], [16.00131, 45.56675], [16.00689, 45.570301], [16.008179, 45.571818], [16.00861, 45.573094], [16.010415, 45.574138], [16.009472, 45.575888], [16.003758, 45.576751], [16.002651, 45.578597], [16.003656, 45.580493], [16.002263, 45.580838], [16.001937, 45.58126], [16.002668, 45.582492], [16.002475, 45.583215], [16.002863, 45.583255], [16.003803, 45.582481], [16.004089, 45.583169], [16.00479, 45.583169], [16.004687, 45.582573], [16.005236, 45.582955], [16.00559, 45.582679], [16.007202, 45.582976], [16.007977, 45.582554], [16.007328, 45.58252], [16.007431, 45.58216], [16.008647, 45.581839], [16.009201, 45.580992], [16.009667, 45.581138], [16.009573, 45.581449], [16.010301, 45.581069], [16.010737, 45.581396], [16.010982, 45.580913], [16.011742, 45.580802], [16.011533, 45.580056], [16.014478, 45.578805], [16.014503, 45.577754], [16.014764, 45.578074], [16.015305, 45.577845], [16.01556, 45.578296], [16.016235, 45.577807], [16.016687, 45.577846], [16.016567, 45.577235], [16.017352, 45.576576], [16.017352, 45.575895], [16.018155, 45.575914], [16.018357, 45.576292], [16.018578, 45.575825], [16.01894, 45.576335], [16.019763, 45.576272], [16.019763, 45.57594], [16.020538, 45.575915], [16.020133, 45.575438], [16.020714, 45.575496], [16.020686, 45.57521], [16.021021, 45.575282], [16.020655, 45.575081], [16.021443, 45.575054], [16.021119, 45.574699], [16.021636, 45.574609], [16.021671, 45.574288], [16.022926, 45.573881], [16.02306, 45.572981], [16.02383, 45.572754], [16.024347, 45.573013], [16.026016, 45.572447], [16.02639, 45.571813], [16.02698, 45.571739], [16.026659, 45.571368], [16.028383, 45.570142], [16.029456, 45.569925], [16.029575, 45.569416], [16.030034, 45.569667], [16.030331, 45.569302], [16.030813, 45.569608], [16.030935, 45.569096], [16.031271, 45.569311], [16.032271, 45.56841], [16.032618, 45.568547], [16.033268, 45.567656], [16.032934, 45.566782], [16.033494, 45.566789], [16.033323, 45.566395], [16.033987, 45.56646], [16.033866, 45.56593], [16.034643, 45.566124], [16.036355, 45.565694], [16.036702, 45.565096], [16.038351, 45.564496], [16.039666, 45.564852], [16.040405, 45.563874], [16.039825, 45.563411], [16.039773, 45.562852], [16.038864, 45.562574], [16.037669, 45.560852], [16.038627, 45.560609], [16.038741, 45.559202], [16.039931, 45.557274], [16.039919, 45.553747], [16.040486, 45.552734], [16.04044, 45.551954], [16.038563, 45.548493], [16.036872, 45.546543]]]}, "properties": {"id": 86, "razina": "naselje", "name": "Gornji Hruševec", "jls_name": "Kravarsko", "jls_maticni_broj": "05452", "zupanija": "Zagrebačka", "area_km2": 8.0676, "stanovnistvo": 179, "palette_idx": 2, "historical_zone": "Jezgra Turopolja", "source": "DGU rpj:naselje"}}, {"type": "Feature", "id": 87, "geometry": {"type": "Polygon", "coordinates": [[[16.032713, 45.601203], [16.03312, 45.601499], [16.033443, 45.601285], [16.033645, 45.601822], [16.034039, 45.60167], [16.033826, 45.602154], [16.034641, 45.602419], [16.034833, 45.602886], [16.035444, 45.602758], [16.035926, 45.603338], [16.036637, 45.602361], [16.03821, 45.601325], [16.039573, 45.601384], [16.040843, 45.601046], [16.04042, 45.604178], [16.043932, 45.604138], [16.043918, 45.605462], [16.046393, 45.606976], [16.046166, 45.606287], [16.046999, 45.605018], [16.046574, 45.603614], [16.046837, 45.602224], [16.047617, 45.601205], [16.04709, 45.599191], [16.049101, 45.598437], [16.050391, 45.598318], [16.051542, 45.598625], [16.052854, 45.599637], [16.054113, 45.599741], [16.056091, 45.599164], [16.055954, 45.598828], [16.056532, 45.598512], [16.056492, 45.598113], [16.057099, 45.598062], [16.05797, 45.596128], [16.060382, 45.597397], [16.062148, 45.597055], [16.062256, 45.5964], [16.0622, 45.595846], [16.061428, 45.595131], [16.061815, 45.594511], [16.064465, 45.593249], [16.062743, 45.592175], [16.062333, 45.591218], [16.061169, 45.590251], [16.063394, 45.587113], [16.063825, 45.586962], [16.063331, 45.585649], [16.063301, 45.583497], [16.062653, 45.58337], [16.061897, 45.58388], [16.059872, 45.583788], [16.05878, 45.583383], [16.05877, 45.58257], [16.059683, 45.582525], [16.06103, 45.581448], [16.06056, 45.580293], [16.061636, 45.579189], [16.063121, 45.578703], [16.065633, 45.578728], [16.067131, 45.577615], [16.068117, 45.577282], [16.069297, 45.577299], [16.071185, 45.578903], [16.074887, 45.578049], [16.077318, 45.579034], [16.077441, 45.578111], [16.076019, 45.576841], [16.075914, 45.576233], [16.075218, 45.575702], [16.074766, 45.574262], [16.07436, 45.57461], [16.074018, 45.574227], [16.072757, 45.573981], [16.073255, 45.57374], [16.07299, 45.573413], [16.071629, 45.573261], [16.07184, 45.573093], [16.071196, 45.572683], [16.070289, 45.572698], [16.070129, 45.572411], [16.069799, 45.572584], [16.068601, 45.572474], [16.068203, 45.572139], [16.067914, 45.572491], [16.067226, 45.572451], [16.06729, 45.572795], [16.066463, 45.573109], [16.066303, 45.572831], [16.065589, 45.572952], [16.064959, 45.57223], [16.064412, 45.572628], [16.06307, 45.572535], [16.061062, 45.573138], [16.059956, 45.573123], [16.057121, 45.576534], [16.057293, 45.576716], [16.056365, 45.577002], [16.056382, 45.577427], [16.055703, 45.57803], [16.054027, 45.578351], [16.053258, 45.579048], [16.052745, 45.578981], [16.046521, 45.574784], [16.045898, 45.575214], [16.043725, 45.573722], [16.042801, 45.573419], [16.040944, 45.573117], [16.039443, 45.573861], [16.037298, 45.575621], [16.037081, 45.574645], [16.035879, 45.57478], [16.036011, 45.57424], [16.034988, 45.573903], [16.031847, 45.571691], [16.030867, 45.570276], [16.029417, 45.57122], [16.026659, 45.571368], [16.02698, 45.571739], [16.02639, 45.571813], [16.026016, 45.572447], [16.024347, 45.573013], [16.02383, 45.572754], [16.02306, 45.572981], [16.022926, 45.573881], [16.021671, 45.574288], [16.021636, 45.574609], [16.02345, 45.575407], [16.024574, 45.57551], [16.025261, 45.576865], [16.027637, 45.577648], [16.028806, 45.578933], [16.027969, 45.579968], [16.029425, 45.580363], [16.029654, 45.580813], [16.030665, 45.581214], [16.030434, 45.587301], [16.028819, 45.587804], [16.027887, 45.586695], [16.027005, 45.586945], [16.028849, 45.59074], [16.029709, 45.590957], [16.030184, 45.59217], [16.031765, 45.591919], [16.032587, 45.592791], [16.032395, 45.593838], [16.032752, 45.594264], [16.032349, 45.595566], [16.032643, 45.59618], [16.032269, 45.596422], [16.032324, 45.596978], [16.031724, 45.597047], [16.031984, 45.597286], [16.031703, 45.597694], [16.032412, 45.598127], [16.032365, 45.598913], [16.031768, 45.598986], [16.03258, 45.599996], [16.032255, 45.600623], [16.032602, 45.600773], [16.032926, 45.600323], [16.033138, 45.601004], [16.032713, 45.601203]]]}, "properties": {"id": 87, "razina": "naselje", "name": "Kravarsko", "jls_name": "Kravarsko", "jls_maticni_broj": "05452", "zupanija": "Zagrebačka", "area_km2": 8.0307, "stanovnistvo": 510, "palette_idx": 0, "historical_zone": "Jezgra Turopolja", "source": "DGU rpj:naselje"}}, {"type": "Feature", "id": 88, "geometry": {"type": "Polygon", "coordinates": [[[16.021636, 45.574609], [16.021119, 45.574699], [16.021443, 45.575054], [16.020655, 45.575081], [16.021021, 45.575282], [16.020686, 45.57521], [16.020714, 45.575496], [16.020133, 45.575438], [16.020538, 45.575915], [16.019763, 45.57594], [16.019763, 45.576272], [16.01894, 45.576335], [16.018578, 45.575825], [16.018357, 45.576292], [16.018155, 45.575914], [16.017352, 45.575895], [16.017352, 45.576576], [16.016567, 45.577235], [16.016687, 45.577846], [16.016235, 45.577807], [16.01556, 45.578296], [16.015305, 45.577845], [16.014764, 45.578074], [16.014503, 45.577754], [16.014478, 45.578805], [16.011533, 45.580056], [16.011742, 45.580802], [16.010982, 45.580913], [16.010737, 45.581396], [16.010301, 45.581069], [16.009573, 45.581449], [16.009667, 45.581138], [16.009201, 45.580992], [16.008647, 45.581839], [16.007431, 45.58216], [16.007328, 45.58252], [16.007977, 45.582554], [16.007202, 45.582976], [16.007145, 45.583737], [16.008312, 45.586115], [16.009073, 45.589269], [16.009893, 45.589915], [16.010848, 45.592055], [16.013511, 45.594557], [16.016705, 45.591866], [16.017671, 45.59258], [16.020691, 45.592994], [16.021029, 45.593296], [16.022985, 45.592673], [16.02442, 45.593167], [16.025829, 45.592213], [16.026169, 45.592603], [16.02722, 45.59219], [16.030184, 45.59217], [16.029709, 45.590957], [16.028849, 45.59074], [16.027005, 45.586945], [16.027887, 45.586695], [16.028819, 45.587804], [16.030434, 45.587301], [16.030665, 45.581214], [16.029654, 45.580813], [16.029425, 45.580363], [16.027969, 45.579968], [16.028806, 45.578933], [16.027637, 45.577648], [16.025261, 45.576865], [16.024574, 45.57551], [16.02345, 45.575407], [16.021636, 45.574609]]]}, "properties": {"id": 88, "razina": "naselje", "name": "Novo Brdo", "jls_name": "Kravarsko", "jls_maticni_broj": "05452", "zupanija": "Zagrebačka", "area_km2": 2.7411, "stanovnistvo": 83, "palette_idx": 1, "historical_zone": "Jezgra Turopolja", "source": "DGU rpj:naselje"}}, {"type": "Feature", "id": 89, "geometry": {"type": "Polygon", "coordinates": [[[16.065027, 45.605281], [16.067113, 45.609819], [16.068936, 45.611649], [16.070716, 45.612335], [16.072026, 45.612445], [16.076693, 45.61468], [16.088484, 45.618051], [16.092368, 45.620516], [16.098308, 45.623671], [16.099768, 45.624504], [16.102998, 45.619583], [16.105085, 45.618164], [16.104293, 45.617422], [16.10413, 45.616696], [16.103922, 45.616885], [16.10337, 45.616469], [16.103067, 45.616654], [16.10274, 45.616197], [16.102489, 45.616481], [16.100914, 45.61578], [16.100065, 45.61606], [16.09958, 45.615735], [16.098952, 45.615889], [16.098776, 45.615462], [16.097978, 45.615463], [16.097766, 45.615067], [16.097146, 45.615298], [16.097019, 45.614905], [16.096697, 45.615364], [16.096075, 45.614623], [16.095799, 45.614798], [16.095742, 45.614511], [16.094609, 45.614125], [16.094212, 45.614406], [16.094457, 45.613977], [16.09389, 45.613865], [16.093585, 45.614172], [16.093034, 45.613634], [16.092124, 45.613946], [16.090653, 45.613744], [16.090589, 45.614122], [16.090286, 45.613666], [16.089494, 45.61397], [16.088822, 45.613296], [16.087342, 45.6129], [16.087467, 45.612167], [16.08202, 45.610383], [16.081102, 45.608437], [16.079689, 45.607345], [16.078505, 45.607008], [16.076, 45.607261], [16.074992, 45.60681], [16.072719, 45.606693], [16.07153, 45.605313], [16.070749, 45.60504], [16.070511, 45.604509], [16.069119, 45.603573], [16.067353, 45.604326], [16.067779, 45.604635], [16.066654, 45.60469], [16.065027, 45.605281]]]}, "properties": {"id": 89, "razina": "naselje", "name": "Podvornica", "jls_name": "Kravarsko", "jls_maticni_broj": "05452", "zupanija": "Zagrebačka", "area_km2": 2.1742, "stanovnistvo": 117, "palette_idx": 3, "historical_zone": "Jezgra Turopolja", "source": "DGU rpj:naselje"}}, {"type": "Feature", "id": 90, "geometry": {"type": "Polygon", "coordinates": [[[16.086568, 45.593324], [16.091071, 45.592579], [16.093692, 45.593745], [16.093863, 45.591725], [16.092661, 45.588737], [16.092722, 45.587567], [16.09615, 45.586501], [16.098702, 45.585237], [16.099371, 45.584897], [16.096182, 45.580605], [16.094445, 45.580597], [16.094661, 45.579774], [16.093146, 45.579794], [16.09206, 45.579121], [16.090104, 45.57929], [16.088899, 45.578187], [16.087511, 45.578764], [16.084799, 45.578349], [16.082907, 45.576943], [16.08042, 45.573584], [16.075914, 45.576233], [16.076019, 45.576841], [16.077441, 45.578111], [16.077318, 45.579034], [16.074887, 45.578049], [16.071185, 45.578903], [16.069297, 45.577299], [16.068117, 45.577282], [16.067131, 45.577615], [16.065633, 45.578728], [16.063121, 45.578703], [16.061636, 45.579189], [16.06056, 45.580293], [16.06103, 45.581448], [16.059683, 45.582525], [16.05877, 45.58257], [16.05878, 45.583383], [16.059872, 45.583788], [16.061897, 45.58388], [16.062653, 45.58337], [16.063301, 45.583497], [16.063331, 45.585649], [16.063825, 45.586962], [16.063394, 45.587113], [16.061169, 45.590251], [16.062333, 45.591218], [16.062743, 45.592175], [16.064465, 45.593249], [16.061815, 45.594511], [16.061428, 45.595131], [16.0622, 45.595846], [16.062256, 45.5964], [16.064043, 45.597968], [16.0652, 45.598426], [16.068133, 45.597947], [16.069735, 45.598163], [16.070822, 45.59879], [16.073672, 45.596039], [16.07704, 45.595907], [16.080166, 45.596753], [16.082689, 45.595633], [16.085121, 45.593779], [16.086568, 45.593324]]]}, "properties": {"id": 90, "razina": "naselje", "name": "Pustike", "jls_name": "Kravarsko", "jls_maticni_broj": "05452", "zupanija": "Zagrebačka", "area_km2": 5.16, "stanovnistvo": 164, "palette_idx": 3, "historical_zone": "Jezgra Turopolja", "source": "DGU rpj:naselje"}}, {"type": "Feature", "id": 91, "geometry": {"type": "Polygon", "coordinates": [[[16.002475, 45.583215], [16.001872, 45.583078], [16.001792, 45.58368], [16.001472, 45.583697], [16.000277, 45.582581], [15.999765, 45.582529], [15.999283, 45.583003], [15.998947, 45.582002], [15.998301, 45.581896], [15.998203, 45.581236], [15.997427, 45.580588], [15.996485, 45.580385], [15.996521, 45.579984], [15.996085, 45.58005], [15.995571, 45.579622], [15.995116, 45.57984], [15.994744, 45.579494], [15.994301, 45.579789], [15.993945, 45.578735], [15.993009, 45.578828], [15.993501, 45.57795], [15.992527, 45.57781], [15.992637, 45.577375], [15.993506, 45.577329], [15.993321, 45.577036], [15.993661, 45.576861], [15.992663, 45.57683], [15.992579, 45.576265], [15.993051, 45.575947], [15.992161, 45.576005], [15.992314, 45.575458], [15.991691, 45.575343], [15.991587, 45.574632], [15.991103, 45.574544], [15.991433, 45.574314], [15.992039, 45.574415], [15.991849, 45.573765], [15.991246, 45.573866], [15.991159, 45.573592], [15.990796, 45.573689], [15.990999, 45.57404], [15.990654, 45.574008], [15.989942, 45.572739], [15.990123, 45.572321], [15.989309, 45.572373], [15.989508, 45.571536], [15.988907, 45.571522], [15.989132, 45.571102], [15.988651, 45.57105], [15.988703, 45.570746], [15.987031, 45.570624], [15.986829, 45.570276], [15.986424, 45.570313], [15.986795, 45.569495], [15.985902, 45.569561], [15.986021, 45.570081], [15.985388, 45.569664], [15.985481, 45.569237], [15.98465, 45.569291], [15.983656, 45.568422], [15.982813, 45.56953], [15.982663, 45.57195], [15.982271, 45.57204], [15.983011, 45.572742], [15.983238, 45.573643], [15.983108, 45.574101], [15.982606, 45.574182], [15.982835, 45.575167], [15.982396, 45.575937], [15.982433, 45.577448], [15.982973, 45.579461], [15.985598, 45.582144], [15.985707, 45.582609], [15.984456, 45.583061], [15.986146, 45.58394], [15.986812, 45.584961], [15.98958, 45.587204], [15.989676, 45.589082], [15.988177, 45.591], [15.988455, 45.592263], [15.989281, 45.593574], [15.991301, 45.594266], [15.992748, 45.595218], [15.993796, 45.597227], [15.993857, 45.598716], [15.99347, 45.599536], [15.994207, 45.600074], [15.995031, 45.601683], [15.995242, 45.601184], [15.99709, 45.5999], [15.998697, 45.59965], [16.001373, 45.598663], [16.005834, 45.598316], [16.006736, 45.596749], [16.008436, 45.595098], [16.013511, 45.594557], [16.010848, 45.592055], [16.009893, 45.589915], [16.009073, 45.589269], [16.008312, 45.586115], [16.007145, 45.583737], [16.007202, 45.582976], [16.00559, 45.582679], [16.005236, 45.582955], [16.004687, 45.582573], [16.00479, 45.583169], [16.004089, 45.583169], [16.003803, 45.582481], [16.002863, 45.583255], [16.002475, 45.583215]]]}, "properties": {"id": 91, "razina": "naselje", "name": "Čakanec", "jls_name": "Kravarsko", "jls_maticni_broj": "05452", "zupanija": "Zagrebačka", "area_km2": 3.8194, "stanovnistvo": 47, "palette_idx": 0, "historical_zone": "Jezgra Turopolja", "source": "DGU rpj:naselje"}}, {"type": "Feature", "id": 92, "geometry": {"type": "Polygon", "coordinates": [[[16.020892, 45.59975], [16.022227, 45.599793], [16.02642, 45.601543], [16.027404, 45.600917], [16.030823, 45.601814], [16.031534, 45.601822], [16.031992, 45.601294], [16.032713, 45.601203], [16.033138, 45.601004], [16.032926, 45.600323], [16.032602, 45.600773], [16.032255, 45.600623], [16.03258, 45.599996], [16.031768, 45.598986], [16.032365, 45.598913], [16.032412, 45.598127], [16.031703, 45.597694], [16.031984, 45.597286], [16.031724, 45.597047], [16.032324, 45.596978], [16.032269, 45.596422], [16.032643, 45.59618], [16.032349, 45.595566], [16.032752, 45.594264], [16.032395, 45.593838], [16.032587, 45.592791], [16.031765, 45.591919], [16.030184, 45.59217], [16.02722, 45.59219], [16.026169, 45.592603], [16.025829, 45.592213], [16.02442, 45.593167], [16.022985, 45.592673], [16.021029, 45.593296], [16.020691, 45.592994], [16.017671, 45.59258], [16.016705, 45.591866], [16.013511, 45.594557], [16.008436, 45.595098], [16.006736, 45.596749], [16.005834, 45.598316], [16.006567, 45.600647], [16.008545, 45.60188], [16.009936, 45.602194], [16.010085, 45.601812], [16.01343, 45.601868], [16.014855, 45.601374], [16.015948, 45.601455], [16.015914, 45.600747], [16.016521, 45.600209], [16.017387, 45.600484], [16.01988, 45.599582], [16.020892, 45.59975]]]}, "properties": {"id": 92, "razina": "naselje", "name": "Žitkovčica", "jls_name": "Kravarsko", "jls_maticni_broj": "05452", "zupanija": "Zagrebačka", "area_km2": 1.7392, "stanovnistvo": 50, "palette_idx": 2, "historical_zone": "Jezgra Turopolja", "source": "DGU rpj:naselje"}}, {"type": "Feature", "id": 93, "geometry": {"type": "Polygon", "coordinates": [[[15.98396, 45.753076], [15.984574, 45.753076], [15.984824, 45.753295], [15.98435, 45.753662], [15.985053, 45.753724], [15.984275, 45.754777], [15.98472, 45.756111], [15.985616, 45.756874], [15.986902, 45.757353], [15.988431, 45.75745], [15.996796, 45.756679], [15.998362, 45.756981], [15.998958, 45.755082], [15.998595, 45.755058], [15.998319, 45.753279], [16.002447, 45.753636], [16.000974, 45.751087], [16.004149, 45.749663], [16.003017, 45.748574], [16.007637, 45.74673], [16.007445, 45.746493], [16.011834, 45.744567], [16.01091, 45.743734], [16.010101, 45.741559], [16.002331, 45.743204], [16.002531, 45.741947], [16.001686, 45.740814], [16.000733, 45.741499], [15.999703, 45.741571], [15.998119, 45.7389], [15.982762, 45.743843], [15.975001, 45.746349], [15.972694, 45.747091], [15.977701, 45.750774], [15.97987, 45.750028], [15.98396, 45.753076]]]}, "properties": {"id": 93, "razina": "naselje", "name": "Buzin", "jls_name": "Grad Zagreb", "jls_maticni_broj": "01333", "zupanija": "Grad Zagreb", "area_km2": 3.2168, "stanovnistvo": 1074, "palette_idx": 1, "historical_zone": "Zagrebački dio", "source": "DGU rpj:naselje"}}, {"type": "Feature", "id": 94, "geometry": {"type": "Polygon", "coordinates": [[[15.966033, 45.671193], [15.966231, 45.670834], [15.96579, 45.670271], [15.96526, 45.670285], [15.962785, 45.668561], [15.962913, 45.667462], [15.961866, 45.666296], [15.961118, 45.665844], [15.959804, 45.665703], [15.958908, 45.664881], [15.958787, 45.663255], [15.957162, 45.660223], [15.957732, 45.658193], [15.956657, 45.656102], [15.952166, 45.654936], [15.950978, 45.65314], [15.949333, 45.652272], [15.949083, 45.65179], [15.948456, 45.651658], [15.947118, 45.651159], [15.946253, 45.651224], [15.945128, 45.652367], [15.944545, 45.652219], [15.943708, 45.654003], [15.941257, 45.656341], [15.940068, 45.656066], [15.939191, 45.658039], [15.939119, 45.659663], [15.938205, 45.660083], [15.938996, 45.660879], [15.939973, 45.660464], [15.939982, 45.661565], [15.940461, 45.661762], [15.940315, 45.662244], [15.940951, 45.662534], [15.940671, 45.663115], [15.940334, 45.662833], [15.939464, 45.66305], [15.93883, 45.664277], [15.939214, 45.664497], [15.939428, 45.665464], [15.940434, 45.665975], [15.939702, 45.666521], [15.939846, 45.666881], [15.940657, 45.666798], [15.940729, 45.667334], [15.941499, 45.667575], [15.941352, 45.668208], [15.941992, 45.668154], [15.941968, 45.668594], [15.942444, 45.668367], [15.942542, 45.668907], [15.943222, 45.668893], [15.943592, 45.669256], [15.943167, 45.669426], [15.943646, 45.670172], [15.943321, 45.670714], [15.942939, 45.670741], [15.943186, 45.671651], [15.943739, 45.672029], [15.94821, 45.672923], [15.947107, 45.669649], [15.948721, 45.669283], [15.94864, 45.668271], [15.949062, 45.668052], [15.951593, 45.667428], [15.953128, 45.668258], [15.953948, 45.67081], [15.956928, 45.677004], [15.963644, 45.676184], [15.964663, 45.681141], [15.965371, 45.681118], [15.965552, 45.681554], [15.966441, 45.681619], [15.966782, 45.682442], [15.967322, 45.682464], [15.967885, 45.681237], [15.967529, 45.681097], [15.967604, 45.680504], [15.96661, 45.680553], [15.966312, 45.680278], [15.966851, 45.679461], [15.966971, 45.678345], [15.96651, 45.678303], [15.966955, 45.677568], [15.966361, 45.676888], [15.965966, 45.676873], [15.966319, 45.676548], [15.96574, 45.676051], [15.966386, 45.675713], [15.965755, 45.675694], [15.965974, 45.675282], [15.965395, 45.675185], [15.965548, 45.674452], [15.96506, 45.674401], [15.965394, 45.673996], [15.964924, 45.673947], [15.964663, 45.673314], [15.965173, 45.672943], [15.965275, 45.67191], [15.966033, 45.671193]]]}, "properties": {"id": 94, "razina": "naselje", "name": "Donji Dragonožec", "jls_name": "Grad Zagreb", "jls_maticni_broj": "01333", "zupanija": "Grad Zagreb", "area_km2": 3.3481, "stanovnistvo": 583, "palette_idx": 1, "historical_zone": "Zagrebački dio", "plemenita_opcina": true, "po_skupina": "Vrhovlje", "source": "DGU rpj:naselje"}}, {"type": "Feature", "id": 95, "geometry": {"type": "Polygon", "coordinates": [[[15.953619, 45.737823], [15.956414, 45.74214], [15.957062, 45.741201], [15.960167, 45.742275], [15.96102, 45.741739], [15.962322, 45.742452], [15.965035, 45.743204], [15.966181, 45.744507], [15.967375, 45.746851], [15.968004, 45.747918], [15.968438, 45.747347], [15.971993, 45.749009], [15.971022, 45.749652], [15.97061, 45.750732], [15.96965, 45.750693], [15.969135, 45.750985], [15.968952, 45.752403], [15.975524, 45.752967], [15.98396, 45.753076], [15.97987, 45.750028], [15.977701, 45.750774], [15.972694, 45.747091], [15.975001, 45.746349], [15.972766, 45.744384], [15.971989, 45.742577], [15.969317, 45.740097], [15.962551, 45.731538], [15.959195, 45.733208], [15.95873, 45.73268], [15.95835, 45.73274], [15.955518, 45.734008], [15.955255, 45.733846], [15.953889, 45.735909], [15.953619, 45.737823]]]}, "properties": {"id": 95, "razina": "naselje", "name": "Donji Čehi", "jls_name": "Grad Zagreb", "jls_maticni_broj": "01333", "zupanija": "Grad Zagreb", "area_km2": 1.7181, "stanovnistvo": 243, "palette_idx": 0, "historical_zone": "Zagrebački dio", "source": "DGU rpj:naselje"}}, {"type": "Feature", "id": 96, "geometry": {"type": "Polygon", "coordinates": [[[15.947025, 45.629652], [15.942043, 45.631538], [15.940487, 45.632327], [15.938737, 45.634107], [15.935842, 45.634089], [15.934474, 45.634874], [15.933702, 45.636276], [15.934221, 45.638196], [15.932053, 45.637718], [15.93177, 45.637225], [15.930457, 45.637458], [15.927034, 45.639668], [15.925384, 45.639805], [15.926715, 45.640978], [15.927206, 45.64353], [15.929959, 45.644501], [15.930983, 45.645701], [15.932183, 45.646363], [15.933181, 45.647521], [15.934059, 45.64958], [15.935595, 45.649145], [15.938195, 45.652724], [15.940469, 45.654864], [15.939789, 45.654852], [15.940068, 45.656066], [15.941257, 45.656341], [15.943708, 45.654003], [15.944545, 45.652219], [15.945128, 45.652367], [15.946253, 45.651224], [15.947118, 45.651159], [15.948456, 45.651658], [15.949401, 45.647474], [15.949177, 45.646048], [15.950015, 45.642842], [15.94979, 45.640751], [15.950535, 45.637457], [15.948816, 45.634895], [15.947931, 45.634245], [15.946797, 45.631917], [15.947262, 45.630034], [15.947025, 45.629652]]]}, "properties": {"id": 96, "razina": "naselje", "name": "Gornji Dragonožec", "jls_name": "Grad Zagreb", "jls_maticni_broj": "01333", "zupanija": "Grad Zagreb", "area_km2": 3.1151, "stanovnistvo": 308, "palette_idx": 2, "historical_zone": "Zagrebački dio", "plemenita_opcina": true, "po_skupina": "Vrhovlje", "source": "DGU rpj:naselje"}}, {"type": "Feature", "id": 97, "geometry": {"type": "Polygon", "coordinates": [[[15.938432, 45.744123], [15.939447, 45.746241], [15.941092, 45.74809], [15.941885, 45.749183], [15.954191, 45.750648], [15.957508, 45.748874], [15.960917, 45.749018], [15.963489, 45.748244], [15.963659, 45.748484], [15.964397, 45.747822], [15.967375, 45.746851], [15.966181, 45.744507], [15.965035, 45.743204], [15.962322, 45.742452], [15.96102, 45.741739], [15.960167, 45.742275], [15.957062, 45.741201], [15.956414, 45.74214], [15.953619, 45.737823], [15.94913, 45.733736], [15.948736, 45.735272], [15.947398, 45.736862], [15.946805, 45.736477], [15.945142, 45.73753], [15.944261, 45.739422], [15.944564, 45.739588], [15.94308, 45.740806], [15.942638, 45.743469], [15.939904, 45.743653], [15.938432, 45.744123]]]}, "properties": {"id": 97, "razina": "naselje", "name": "Gornji Čehi", "jls_name": "Grad Zagreb", "jls_maticni_broj": "01333", "zupanija": "Grad Zagreb", "area_km2": 2.1471, "stanovnistvo": 368, "palette_idx": 2, "historical_zone": "Zagrebački dio", "source": "DGU rpj:naselje"}}, {"type": "Feature", "id": 98, "geometry": {"type": "Polygon", "coordinates": [[[15.907807, 45.618122], [15.907753, 45.618393], [15.90877, 45.618925], [15.909267, 45.619662], [15.909275, 45.620458], [15.910872, 45.620871], [15.913661, 45.622756], [15.915176, 45.622569], [15.916184, 45.624527], [15.91846, 45.624843], [15.919904, 45.625614], [15.924921, 45.623683], [15.924809, 45.624315], [15.926094, 45.624742], [15.927087, 45.624371], [15.928057, 45.624745], [15.929662, 45.625961], [15.930582, 45.630244], [15.932194, 45.630525], [15.932139, 45.6316], [15.93437, 45.633463], [15.933787, 45.634116], [15.933102, 45.634055], [15.932219, 45.634428], [15.934474, 45.634874], [15.935842, 45.634089], [15.938737, 45.634107], [15.940487, 45.632327], [15.942043, 45.631538], [15.940818, 45.630211], [15.938755, 45.62988], [15.938267, 45.628738], [15.93866, 45.627755], [15.938078, 45.627433], [15.938029, 45.626679], [15.937261, 45.626093], [15.936707, 45.624821], [15.935192, 45.623572], [15.932168, 45.62189], [15.93148, 45.622034], [15.929549, 45.621551], [15.928624, 45.621638], [15.926643, 45.620155], [15.92505, 45.619725], [15.924001, 45.618886], [15.920736, 45.614746], [15.919944, 45.614238], [15.919237, 45.613989], [15.918382, 45.615132], [15.91724, 45.61589], [15.915641, 45.615916], [15.915214, 45.615243], [15.914072, 45.616401], [15.912178, 45.61702], [15.909547, 45.616424], [15.907807, 45.618122]]]}, "properties": {"id": 98, "razina": "naselje", "name": "Havidić Selo", "jls_name": "Grad Zagreb", "jls_maticni_broj": "01333", "zupanija": "Grad Zagreb", "area_km2": 1.9492, "stanovnistvo": 63, "palette_idx": 0, "historical_zone": "Zagrebački dio", "plemenita_opcina": true, "po_skupina": "Pridružena naselja", "source": "DGU rpj:naselje"}}, {"type": "Feature", "id": 99, "geometry": {"type": "Polygon", "coordinates": [[[16.012446, 45.718974], [16.009501, 45.719684], [16.004939, 45.719078], [16.001048, 45.719834], [16.000075, 45.719354], [15.999804, 45.719612], [15.99863, 45.719341], [15.996633, 45.717686], [15.99489, 45.718296], [15.992862, 45.716893], [15.991441, 45.716483], [15.989871, 45.716789], [15.989023, 45.716671], [15.988175, 45.716161], [15.986256, 45.718061], [15.988332, 45.721225], [15.990783, 45.72045], [15.991666, 45.721786], [15.993905, 45.721106], [15.994973, 45.722736], [15.99813, 45.725979], [15.998629, 45.727929], [16.000142, 45.727615], [16.000709, 45.731465], [16.001865, 45.731308], [16.002937, 45.733422], [16.006525, 45.737373], [16.008295, 45.736114], [16.00927, 45.735162], [16.016359, 45.732718], [16.01609, 45.730568], [16.017462, 45.729536], [16.015076, 45.727504], [16.016757, 45.726783], [16.017019, 45.725956], [16.018755, 45.725085], [16.018786, 45.724041], [16.01746, 45.724044], [16.017017, 45.722993], [16.018135, 45.720774], [16.016063, 45.720181], [16.01489, 45.720234], [16.014446, 45.718899], [16.012446, 45.718974]]]}, "properties": {"id": 99, "razina": "naselje", "name": "Hrašće Turopoljsko", "jls_name": "Grad Zagreb", "jls_maticni_broj": "01333", "zupanija": "Grad Zagreb", "area_km2": 2.7445, "stanovnistvo": 1232, "palette_idx": 3, "historical_zone": "Zagrebački dio", "plemenita_opcina": true, "po_skupina": "Polje", "source": "DGU rpj:naselje"}}, {"type": "Feature", "id": 100, "geometry": {"type": "Polygon", "coordinates": [[[15.900752, 45.704816], [15.898811, 45.705639], [15.898236, 45.705208], [15.897725, 45.706001], [15.895995, 45.705365], [15.895198, 45.706259], [15.893146, 45.705604], [15.891565, 45.706891], [15.890456, 45.706146], [15.8897, 45.706677], [15.887529, 45.705591], [15.886141, 45.706873], [15.88427, 45.706233], [15.883954, 45.706686], [15.882558, 45.707178], [15.879491, 45.706125], [15.878416, 45.706552], [15.877732, 45.706309], [15.875544, 45.70652], [15.875329, 45.706313], [15.87508, 45.706614], [15.873454, 45.706735], [15.87671, 45.709092], [15.878487, 45.711521], [15.880012, 45.712648], [15.882004, 45.713853], [15.883536, 45.714175], [15.885441, 45.715634], [15.89124, 45.71788], [15.893515, 45.715638], [15.894116, 45.714257], [15.896218, 45.715075], [15.897529, 45.713868], [15.898901, 45.713407], [15.898815, 45.71315], [15.899309, 45.71291], [15.899938, 45.712546], [15.899437, 45.711165], [15.900077, 45.710683], [15.899497, 45.70973], [15.899862, 45.709529], [15.90164, 45.708979], [15.901915, 45.709551], [15.90324, 45.709102], [15.903896, 45.708439], [15.904196, 45.708889], [15.904424, 45.708585], [15.904782, 45.708886], [15.90578, 45.708351], [15.905724, 45.708775], [15.906763, 45.708279], [15.907732, 45.708306], [15.907054, 45.70694], [15.906042, 45.706182], [15.900752, 45.704816]]]}, "properties": {"id": 100, "razina": "naselje", "name": "Hudi Bitek", "jls_name": "Grad Zagreb", "jls_maticni_broj": "01333", "zupanija": "Grad Zagreb", "area_km2": 1.926, "stanovnistvo": 464, "palette_idx": 1, "historical_zone": "Zagrebački dio", "source": "DGU rpj:naselje"}}, {"type": "Feature", "id": 101, "geometry": {"type": "Polygon", "coordinates": [[[15.907807, 45.618122], [15.905872, 45.618386], [15.906272, 45.619369], [15.905771, 45.620191], [15.904264, 45.620349], [15.902338, 45.619862], [15.90183, 45.619974], [15.901663, 45.620626], [15.899061, 45.621701], [15.898442, 45.622304], [15.901919, 45.627075], [15.904376, 45.628896], [15.905641, 45.631076], [15.908278, 45.632381], [15.90978, 45.632934], [15.912354, 45.635448], [15.916103, 45.636503], [15.917072, 45.637301], [15.917589, 45.638281], [15.919949, 45.639721], [15.921397, 45.640564], [15.922936, 45.640081], [15.925384, 45.639805], [15.927034, 45.639668], [15.930457, 45.637458], [15.93177, 45.637225], [15.932053, 45.637718], [15.934221, 45.638196], [15.933702, 45.636276], [15.934474, 45.634874], [15.932219, 45.634428], [15.933102, 45.634055], [15.933787, 45.634116], [15.93437, 45.633463], [15.932139, 45.6316], [15.932194, 45.630525], [15.930582, 45.630244], [15.929662, 45.625961], [15.928057, 45.624745], [15.927087, 45.624371], [15.926094, 45.624742], [15.924809, 45.624315], [15.924921, 45.623683], [15.919904, 45.625614], [15.91846, 45.624843], [15.916184, 45.624527], [15.915176, 45.622569], [15.913661, 45.622756], [15.910872, 45.620871], [15.909275, 45.620458], [15.909267, 45.619662], [15.90877, 45.618925], [15.907753, 45.618393], [15.907807, 45.618122]]]}, "properties": {"id": 101, "razina": "naselje", "name": "Lipnica", "jls_name": "Grad Zagreb", "jls_maticni_broj": "01333", "zupanija": "Grad Zagreb", "area_km2": 3.5341, "stanovnistvo": 221, "palette_idx": 1, "historical_zone": "Zagrebački dio", "plemenita_opcina": true, "po_skupina": "Pridružena naselja", "source": "DGU rpj:naselje"}}, {"type": "Feature", "id": 102, "geometry": {"type": "Polygon", "coordinates": [[[15.962551, 45.731538], [15.969317, 45.740097], [15.971989, 45.742577], [15.972766, 45.744384], [15.975001, 45.746349], [15.982762, 45.743843], [15.981257, 45.742266], [15.982686, 45.739242], [15.983822, 45.738394], [15.983587, 45.737936], [15.98398, 45.736423], [15.982748, 45.734334], [15.981043, 45.732553], [15.98322, 45.731105], [15.985751, 45.729963], [15.985251, 45.729941], [15.98458, 45.72886], [15.983049, 45.727915], [15.981849, 45.72624], [15.984155, 45.724572], [15.984069, 45.722237], [15.98269, 45.722023], [15.981084, 45.720782], [15.977821, 45.719529], [15.977618, 45.718131], [15.976422, 45.718907], [15.976718, 45.719646], [15.976068, 45.720159], [15.975482, 45.720986], [15.973977, 45.720599], [15.972424, 45.720869], [15.971502, 45.720484], [15.970058, 45.720865], [15.969646, 45.721722], [15.97025, 45.721842], [15.970584, 45.722404], [15.969598, 45.723693], [15.968267, 45.72349], [15.967086, 45.721668], [15.9655, 45.721262], [15.96465, 45.720534], [15.962181, 45.719877], [15.961187, 45.720152], [15.961011, 45.720707], [15.959817, 45.721156], [15.959458, 45.721832], [15.957486, 45.722866], [15.956464, 45.724277], [15.962551, 45.731538]]]}, "properties": {"id": 102, "razina": "naselje", "name": "Mala Mlaka", "jls_name": "Grad Zagreb", "jls_maticni_broj": "01333", "zupanija": "Grad Zagreb", "area_km2": 3.984, "stanovnistvo": 591, "palette_idx": 2, "historical_zone": "Zagrebački dio", "source": "DGU rpj:naselje"}}, {"type": "Feature", "id": 103, "geometry": {"type": "Polygon", "coordinates": [[[15.986256, 45.718061], [15.985461, 45.717286], [15.984324, 45.717482], [15.983361, 45.716824], [15.983473, 45.716241], [15.985006, 45.715518], [15.985796, 45.715747], [15.987688, 45.714979], [15.987837, 45.714419], [15.987312, 45.714175], [15.987531, 45.713642], [15.986515, 45.713048], [15.985375, 45.711762], [15.984526, 45.711227], [15.984252, 45.710347], [15.98297, 45.710302], [15.982327, 45.709848], [15.982026, 45.706372], [15.980739, 45.704038], [15.979251, 45.70399], [15.97956, 45.703653], [15.978852, 45.703392], [15.97897, 45.702939], [15.97865, 45.703093], [15.978954, 45.703768], [15.978402, 45.704014], [15.978452, 45.704493], [15.977584, 45.704276], [15.977715, 45.703991], [15.976446, 45.703041], [15.976477, 45.701666], [15.975734, 45.701195], [15.975825, 45.700774], [15.975328, 45.700757], [15.975037, 45.700249], [15.974379, 45.700581], [15.973644, 45.70013], [15.973274, 45.700485], [15.97234, 45.700585], [15.971415, 45.699684], [15.971371, 45.699179], [15.970645, 45.698998], [15.970833, 45.69861], [15.970378, 45.698666], [15.970492, 45.698329], [15.969892, 45.6986], [15.969224, 45.697745], [15.968554, 45.697913], [15.968806, 45.697654], [15.968377, 45.697114], [15.967975, 45.697285], [15.967524, 45.696725], [15.966791, 45.696686], [15.966849, 45.696311], [15.966213, 45.696315], [15.966453, 45.69571], [15.966087, 45.695902], [15.965777, 45.695415], [15.965164, 45.695442], [15.965721, 45.69486], [15.964915, 45.694052], [15.96536, 45.693526], [15.965023, 45.693313], [15.965189, 45.692805], [15.965544, 45.692449], [15.965883, 45.692928], [15.966424, 45.692737], [15.966488, 45.692399], [15.965923, 45.692345], [15.965944, 45.691996], [15.966607, 45.691737], [15.966112, 45.69138], [15.966046, 45.690808], [15.965725, 45.691177], [15.964897, 45.691291], [15.965177, 45.69048], [15.963806, 45.690458], [15.963713, 45.69024], [15.964229, 45.690229], [15.965228, 45.689566], [15.963994, 45.689484], [15.964528, 45.689351], [15.964903, 45.688337], [15.964475, 45.687113], [15.964949, 45.687077], [15.96462, 45.686546], [15.965081, 45.686091], [15.964782, 45.68581], [15.965586, 45.685212], [15.965905, 45.684327], [15.965628, 45.683949], [15.966782, 45.682442], [15.966441, 45.681619], [15.965552, 45.681554], [15.965371, 45.681118], [15.964663, 45.681141], [15.963644, 45.676184], [15.956928, 45.677004], [15.953948, 45.67081], [15.953128, 45.668258], [15.951593, 45.667428], [15.949062, 45.668052], [15.94864, 45.668271], [15.948721, 45.669283], [15.947107, 45.669649], [15.94821, 45.672923], [15.943739, 45.672029], [15.943186, 45.671651], [15.94225, 45.671644], [15.94258, 45.67208], [15.942073, 45.671957], [15.942364, 45.672277], [15.941924, 45.672457], [15.941777, 45.672217], [15.94108, 45.672431], [15.941389, 45.672081], [15.940865, 45.672037], [15.940541, 45.672352], [15.940839, 45.672646], [15.93982, 45.672773], [15.939262, 45.673174], [15.939657, 45.673383], [15.939265, 45.673572], [15.938979, 45.673382], [15.938871, 45.673769], [15.938544, 45.673596], [15.938692, 45.673212], [15.938177, 45.673262], [15.938006, 45.673597], [15.937424, 45.673654], [15.937493, 45.673941], [15.937002, 45.67398], [15.936886, 45.674536], [15.935707, 45.674619], [15.936037, 45.674879], [15.935752, 45.675281], [15.934698, 45.675502], [15.934456, 45.675191], [15.934005, 45.675404], [15.934323, 45.676097], [15.93475, 45.676223], [15.933343, 45.676693], [15.933911, 45.67708], [15.932972, 45.677217], [15.933057, 45.677542], [15.932273, 45.677637], [15.931971, 45.677205], [15.931256, 45.677585], [15.93191, 45.677678], [15.932046, 45.678102], [15.931056, 45.677952], [15.931364, 45.678379], [15.931122, 45.678595], [15.932016, 45.678559], [15.932437, 45.678848], [15.93167, 45.679027], [15.931921, 45.679748], [15.931564, 45.679776], [15.931412, 45.6793], [15.931225, 45.679924], [15.930839, 45.679705], [15.930777, 45.680049], [15.931308, 45.680286], [15.931101, 45.680547], [15.930039, 45.681043], [15.93033, 45.681418], [15.931094, 45.68107], [15.930988, 45.681931], [15.931334, 45.682275], [15.93182, 45.68217], [15.931759, 45.682253], [15.931297, 45.682371], [15.931377, 45.682609], [15.932304, 45.682752], [15.932899, 45.682492], [15.932783, 45.68316], [15.933377, 45.683148], [15.933567, 45.683468], [15.933837, 45.683119], [15.933936, 45.6837], [15.934339, 45.683423], [15.934058, 45.682843], [15.934747, 45.682699], [15.934539, 45.683708], [15.935954, 45.683725], [15.93584, 45.684116], [15.935396, 45.684028], [15.934819, 45.684691], [15.935351, 45.68482], [15.934694, 45.685007], [15.93535, 45.68572], [15.936149, 45.685198], [15.936832, 45.686074], [15.937224, 45.685533], [15.937536, 45.685687], [15.93717, 45.686266], [15.938756, 45.68584], [15.937844, 45.686424], [15.938604, 45.686859], [15.939459, 45.686511], [15.939079, 45.68739], [15.939541, 45.687331], [15.940405, 45.686385], [15.940975, 45.687046], [15.941792, 45.686807], [15.94127, 45.687098], [15.941318, 45.68779], [15.941912, 45.687672], [15.942161, 45.686926], [15.943068, 45.687513], [15.943686, 45.686874], [15.944166, 45.687326], [15.944666, 45.686997], [15.945032, 45.687712], [15.944659, 45.688484], [15.944669, 45.68887], [15.945339, 45.689223], [15.944542, 45.689395], [15.944925, 45.68979], [15.944249, 45.689724], [15.944611, 45.690448], [15.945348, 45.690454], [15.945777, 45.689625], [15.9463, 45.689739], [15.945992, 45.690099], [15.946404, 45.690461], [15.946762, 45.690154], [15.946238, 45.689373], [15.946618, 45.689251], [15.947262, 45.690502], [15.947638, 45.690588], [15.947904, 45.690128], [15.948198, 45.690196], [15.94834, 45.691442], [15.949935, 45.691721], [15.949415, 45.69276], [15.950828, 45.692764], [15.950264, 45.693163], [15.950522, 45.693385], [15.95141, 45.692813], [15.951619, 45.69353], [15.951108, 45.693941], [15.952096, 45.693724], [15.952664, 45.694238], [15.953315, 45.694122], [15.953634, 45.694381], [15.952955, 45.694841], [15.953291, 45.695176], [15.953812, 45.69491], [15.954152, 45.695375], [15.954624, 45.695035], [15.95452, 45.695643], [15.955195, 45.696145], [15.954629, 45.696443], [15.955484, 45.696846], [15.954413, 45.697563], [15.954583, 45.697885], [15.95397, 45.697724], [15.954174, 45.698256], [15.95377, 45.698258], [15.953823, 45.698771], [15.953198, 45.699189], [15.953364, 45.699589], [15.954145, 45.699719], [15.953135, 45.699999], [15.954218, 45.700193], [15.95416, 45.700475], [15.953619, 45.700463], [15.953541, 45.701027], [15.954728, 45.701347], [15.954492, 45.701698], [15.954823, 45.701985], [15.954462, 45.703044], [15.952861, 45.705004], [15.953056, 45.705637], [15.953666, 45.706635], [15.954572, 45.706915], [15.955816, 45.706584], [15.956692, 45.70682], [15.956477, 45.707933], [15.956671, 45.70819], [15.957331, 45.708063], [15.957265, 45.709156], [15.958213, 45.709938], [15.957967, 45.711369], [15.958448, 45.71272], [15.960288, 45.714149], [15.962201, 45.716862], [15.962587, 45.717106], [15.96389, 45.716548], [15.966394, 45.717065], [15.968251, 45.717859], [15.970191, 45.717805], [15.971013, 45.718168], [15.971933, 45.717857], [15.972591, 45.718154], [15.973273, 45.717831], [15.974854, 45.719686], [15.976068, 45.720159], [15.976718, 45.719646], [15.976422, 45.718907], [15.977618, 45.718131], [15.977821, 45.719529], [15.981084, 45.720782], [15.98269, 45.722023], [15.984069, 45.722237], [15.984155, 45.724572], [15.981849, 45.72624], [15.983049, 45.727915], [15.98458, 45.72886], [15.985251, 45.729941], [15.985751, 45.729963], [15.98322, 45.731105], [15.981043, 45.732553], [15.982748, 45.734334], [15.98398, 45.736423], [15.983587, 45.737936], [15.983822, 45.738394], [15.982686, 45.739242], [15.981257, 45.742266], [15.982762, 45.743843], [15.998119, 45.7389], [15.999703, 45.741571], [16.000733, 45.741499], [16.001686, 45.740814], [16.002531, 45.741947], [16.002331, 45.743204], [16.010101, 45.741559], [16.008295, 45.736114], [16.006525, 45.737373], [16.002937, 45.733422], [16.001865, 45.731308], [16.000709, 45.731465], [16.000142, 45.727615], [15.998629, 45.727929], [15.99813, 45.725979], [15.994973, 45.722736], [15.993905, 45.721106], [15.991666, 45.721786], [15.990783, 45.72045], [15.988332, 45.721225], [15.986256, 45.718061]]]}, "properties": {"id": 103, "razina": "naselje", "name": "Odra", "jls_name": "Grad Zagreb", "jls_maticni_broj": "01333", "zupanija": "Grad Zagreb", "area_km2": 13.0881, "stanovnistvo": 2630, "palette_idx": 0, "historical_zone": "Zagrebački dio", "source": "DGU rpj:naselje"}}, {"type": "Feature", "id": 104, "geometry": {"type": "Polygon", "coordinates": [[[15.944659, 45.688484], [15.942937, 45.68933], [15.941293, 45.691427], [15.941218, 45.692378], [15.942246, 45.694545], [15.941193, 45.695281], [15.938994, 45.70042], [15.939718, 45.703184], [15.939318, 45.705578], [15.938458, 45.706925], [15.939907, 45.709742], [15.936611, 45.710426], [15.936366, 45.710159], [15.935586, 45.710615], [15.935222, 45.709992], [15.932562, 45.711323], [15.93281, 45.71244], [15.932051, 45.712573], [15.931643, 45.711879], [15.931059, 45.712228], [15.93078, 45.712082], [15.930434, 45.71221], [15.93073, 45.713035], [15.929774, 45.713344], [15.928344, 45.713658], [15.927968, 45.713006], [15.927193, 45.712672], [15.925549, 45.713004], [15.926637, 45.714614], [15.923438, 45.71555], [15.923569, 45.716475], [15.924604, 45.71761], [15.922601, 45.718475], [15.922931, 45.71861], [15.92086, 45.71978], [15.921649, 45.721386], [15.920179, 45.722067], [15.921812, 45.723742], [15.92463, 45.724143], [15.925198, 45.724894], [15.932508, 45.738987], [15.932403, 45.742664], [15.936761, 45.742141], [15.937472, 45.743411], [15.938432, 45.744123], [15.939904, 45.743653], [15.942638, 45.743469], [15.94308, 45.740806], [15.944564, 45.739588], [15.944261, 45.739422], [15.945142, 45.73753], [15.946805, 45.736477], [15.947398, 45.736862], [15.948736, 45.735272], [15.94913, 45.733736], [15.953619, 45.737823], [15.953889, 45.735909], [15.955255, 45.733846], [15.955518, 45.734008], [15.95835, 45.73274], [15.95873, 45.73268], [15.959195, 45.733208], [15.962551, 45.731538], [15.956464, 45.724277], [15.957486, 45.722866], [15.959458, 45.721832], [15.959817, 45.721156], [15.961011, 45.720707], [15.961187, 45.720152], [15.962181, 45.719877], [15.96465, 45.720534], [15.9655, 45.721262], [15.967086, 45.721668], [15.968267, 45.72349], [15.969598, 45.723693], [15.970584, 45.722404], [15.97025, 45.721842], [15.969646, 45.721722], [15.970058, 45.720865], [15.971502, 45.720484], [15.972424, 45.720869], [15.973977, 45.720599], [15.975482, 45.720986], [15.976068, 45.720159], [15.974854, 45.719686], [15.973273, 45.717831], [15.972591, 45.718154], [15.971933, 45.717857], [15.971013, 45.718168], [15.970191, 45.717805], [15.968251, 45.717859], [15.966394, 45.717065], [15.96389, 45.716548], [15.962587, 45.717106], [15.962201, 45.716862], [15.960288, 45.714149], [15.958448, 45.71272], [15.957967, 45.711369], [15.958213, 45.709938], [15.957265, 45.709156], [15.957331, 45.708063], [15.956671, 45.70819], [15.956477, 45.707933], [15.956692, 45.70682], [15.955816, 45.706584], [15.954572, 45.706915], [15.953666, 45.706635], [15.953056, 45.705637], [15.952861, 45.705004], [15.954462, 45.703044], [15.954823, 45.701985], [15.954492, 45.701698], [15.954728, 45.701347], [15.953541, 45.701027], [15.953619, 45.700463], [15.95416, 45.700475], [15.954218, 45.700193], [15.953135, 45.699999], [15.954145, 45.699719], [15.953364, 45.699589], [15.953198, 45.699189], [15.953823, 45.698771], [15.95377, 45.698258], [15.954174, 45.698256], [15.95397, 45.697724], [15.954583, 45.697885], [15.954413, 45.697563], [15.955484, 45.696846], [15.954629, 45.696443], [15.955195, 45.696145], [15.95452, 45.695643], [15.954624, 45.695035], [15.954152, 45.695375], [15.953812, 45.69491], [15.953291, 45.695176], [15.952955, 45.694841], [15.953634, 45.694381], [15.953315, 45.694122], [15.952664, 45.694238], [15.952096, 45.693724], [15.951108, 45.693941], [15.951619, 45.69353], [15.95141, 45.692813], [15.950522, 45.693385], [15.950264, 45.693163], [15.950828, 45.692764], [15.949415, 45.69276], [15.949935, 45.691721], [15.94834, 45.691442], [15.948198, 45.690196], [15.947904, 45.690128], [15.947638, 45.690588], [15.947262, 45.690502], [15.946618, 45.689251], [15.946238, 45.689373], [15.946762, 45.690154], [15.946404, 45.690461], [15.945992, 45.690099], [15.9463, 45.689739], [15.945777, 45.689625], [15.945348, 45.690454], [15.944611, 45.690448], [15.944249, 45.689724], [15.944925, 45.68979], [15.944542, 45.689395], [15.945339, 45.689223], [15.944669, 45.68887], [15.944659, 45.688484]]]}, "properties": {"id": 104, "razina": "naselje", "name": "Odranski Obrež", "jls_name": "Grad Zagreb", "jls_maticni_broj": "01333", "zupanija": "Grad Zagreb", "area_km2": 10.9059, "stanovnistvo": 1503, "palette_idx": 1, "historical_zone": "Zagrebački dio", "source": "DGU rpj:naselje"}}, {"type": "Feature", "id": 105, "geometry": {"type": "Polygon", "coordinates": [[[15.895583, 45.700882], [15.896455, 45.702545], [15.8981, 45.703185], [15.900752, 45.704816], [15.906042, 45.706182], [15.907054, 45.70694], [15.907732, 45.708306], [15.90885, 45.70934], [15.911774, 45.710387], [15.914076, 45.71372], [15.915535, 45.715205], [15.916058, 45.71699], [15.915297, 45.718548], [15.915897, 45.72078], [15.916655, 45.721201], [15.919307, 45.721514], [15.920179, 45.722067], [15.921649, 45.721386], [15.92086, 45.71978], [15.922931, 45.71861], [15.922601, 45.718475], [15.924604, 45.71761], [15.923569, 45.716475], [15.923438, 45.71555], [15.926637, 45.714614], [15.925549, 45.713004], [15.927193, 45.712672], [15.927968, 45.713006], [15.928344, 45.713658], [15.929774, 45.713344], [15.93073, 45.713035], [15.930434, 45.71221], [15.93078, 45.712082], [15.931059, 45.712228], [15.931643, 45.711879], [15.932051, 45.712573], [15.93281, 45.71244], [15.932562, 45.711323], [15.935222, 45.709992], [15.935586, 45.710615], [15.936366, 45.710159], [15.936611, 45.710426], [15.939907, 45.709742], [15.938458, 45.706925], [15.939318, 45.705578], [15.939718, 45.703184], [15.938994, 45.70042], [15.941193, 45.695281], [15.942246, 45.694545], [15.941218, 45.692378], [15.941293, 45.691427], [15.942937, 45.68933], [15.944659, 45.688484], [15.945032, 45.687712], [15.944666, 45.686997], [15.944166, 45.687326], [15.943686, 45.686874], [15.943068, 45.687513], [15.942161, 45.686926], [15.941912, 45.687672], [15.941318, 45.68779], [15.94127, 45.687098], [15.941792, 45.686807], [15.940975, 45.687046], [15.940405, 45.686385], [15.939541, 45.687331], [15.939079, 45.68739], [15.939459, 45.686511], [15.938604, 45.686859], [15.937844, 45.686424], [15.938756, 45.68584], [15.93717, 45.686266], [15.937536, 45.685687], [15.937224, 45.685533], [15.936832, 45.686074], [15.936149, 45.685198], [15.93535, 45.68572], [15.934694, 45.685007], [15.935351, 45.68482], [15.934819, 45.684691], [15.935396, 45.684028], [15.93584, 45.684116], [15.935954, 45.683725], [15.934539, 45.683708], [15.934747, 45.682699], [15.934058, 45.682843], [15.934339, 45.683423], [15.933936, 45.6837], [15.933837, 45.683119], [15.933567, 45.683468], [15.933377, 45.683148], [15.932783, 45.68316], [15.932899, 45.682492], [15.932304, 45.682752], [15.931377, 45.682609], [15.931297, 45.682371], [15.931759, 45.682253], [15.93182, 45.68217], [15.931334, 45.682275], [15.930988, 45.681931], [15.931094, 45.68107], [15.93033, 45.681418], [15.930039, 45.681043], [15.931101, 45.680547], [15.930165, 45.680594], [15.930628, 45.680305], [15.93005, 45.680129], [15.929658, 45.67952], [15.929848, 45.678989], [15.928753, 45.678721], [15.928791, 45.678512], [15.929151, 45.678629], [15.928703, 45.678149], [15.929041, 45.678067], [15.929205, 45.677851], [15.92919, 45.677804], [15.928913, 45.677976], [15.928645, 45.677691], [15.92801, 45.677715], [15.928672, 45.677158], [15.928216, 45.677248], [15.928224, 45.676632], [15.927476, 45.67658], [15.927406, 45.676187], [15.925616, 45.676623], [15.925066, 45.676168], [15.926119, 45.675919], [15.92516, 45.675975], [15.9254, 45.67541], [15.924785, 45.675651], [15.924061, 45.675089], [15.924306, 45.675793], [15.923509, 45.675373], [15.923448, 45.675943], [15.922653, 45.675584], [15.923282, 45.675249], [15.922264, 45.675387], [15.922454, 45.674747], [15.921878, 45.675125], [15.921505, 45.675089], [15.921377, 45.674575], [15.920561, 45.67473], [15.920266, 45.674331], [15.92086, 45.674303], [15.920698, 45.673937], [15.921562, 45.673691], [15.921339, 45.673278], [15.921046, 45.673655], [15.920652, 45.67355], [15.920761, 45.673082], [15.920425, 45.673327], [15.920179, 45.672804], [15.918543, 45.672827], [15.918145, 45.673368], [15.917862, 45.673039], [15.917541, 45.673722], [15.916526, 45.674044], [15.916725, 45.674308], [15.917208, 45.673975], [15.917389, 45.674289], [15.916398, 45.674898], [15.916368, 45.67445], [15.914604, 45.674367], [15.914674, 45.673782], [15.914408, 45.674275], [15.914129, 45.673689], [15.91309, 45.673833], [15.913327, 45.673098], [15.912381, 45.673308], [15.912236, 45.673077], [15.912646, 45.673183], [15.912665, 45.672917], [15.912113, 45.672518], [15.911788, 45.673369], [15.91172, 45.672907], [15.910379, 45.673363], [15.910541, 45.67289], [15.909594, 45.673089], [15.910091, 45.672396], [15.909746, 45.672336], [15.909536, 45.672836], [15.909351, 45.672307], [15.909002, 45.672198], [15.909075, 45.672692], [15.908567, 45.672234], [15.908116, 45.672249], [15.90802, 45.672529], [15.908515, 45.672617], [15.90806, 45.673242], [15.907861, 45.672757], [15.907302, 45.672555], [15.907025, 45.672891], [15.90646, 45.672785], [15.906125, 45.673165], [15.904878, 45.673433], [15.904803, 45.672782], [15.904326, 45.672636], [15.903293, 45.673059], [15.903175, 45.671945], [15.902325, 45.672094], [15.901641, 45.671554], [15.901514, 45.671871], [15.900476, 45.671728], [15.899859, 45.671], [15.899674, 45.671572], [15.899373, 45.671092], [15.899291, 45.671512], [15.898412, 45.67152], [15.898005, 45.670761], [15.898602, 45.670451], [15.898279, 45.669089], [15.893964, 45.669382], [15.891758, 45.66993], [15.888641, 45.669954], [15.889296, 45.67063], [15.88887, 45.671041], [15.88927, 45.671328], [15.888778, 45.672196], [15.889693, 45.672221], [15.890168, 45.67286], [15.889102, 45.673152], [15.889688, 45.673118], [15.889701, 45.673441], [15.890174, 45.673444], [15.891183, 45.673779], [15.890855, 45.674068], [15.891668, 45.674091], [15.89102, 45.674598], [15.891915, 45.674569], [15.891774, 45.675243], [15.892437, 45.675089], [15.892325, 45.675518], [15.892753, 45.675539], [15.892394, 45.675824], [15.893103, 45.675627], [15.893373, 45.675825], [15.892867, 45.676112], [15.89268, 45.675958], [15.89268, 45.676089], [15.892825, 45.676237], [15.893489, 45.676042], [15.893654, 45.676435], [15.893224, 45.676427], [15.893518, 45.676538], [15.893987, 45.676529], [15.893789, 45.676755], [15.89512, 45.677328], [15.894593, 45.67771], [15.894156, 45.677458], [15.894156, 45.677811], [15.893609, 45.678045], [15.894494, 45.678762], [15.893938, 45.678886], [15.894497, 45.679091], [15.895131, 45.679951], [15.895541, 45.679629], [15.896093, 45.680631], [15.89643, 45.680522], [15.896487, 45.680841], [15.896768, 45.68074], [15.897464, 45.68123], [15.897197, 45.681422], [15.897641, 45.681698], [15.897309, 45.681851], [15.897678, 45.681923], [15.897232, 45.682274], [15.897485, 45.68219], [15.897636, 45.682531], [15.898074, 45.682355], [15.898141, 45.683101], [15.898516, 45.683238], [15.898068, 45.683451], [15.898564, 45.683436], [15.89841, 45.683837], [15.899084, 45.684153], [15.899237, 45.685403], [15.900747, 45.686168], [15.899985, 45.686729], [15.900623, 45.686858], [15.899924, 45.687021], [15.899981, 45.687269], [15.900534, 45.68731], [15.899987, 45.687877], [15.9008, 45.688034], [15.900286, 45.688262], [15.900801, 45.688422], [15.900189, 45.688575], [15.901202, 45.68904], [15.900814, 45.689253], [15.901449, 45.689974], [15.901134, 45.690533], [15.901915, 45.692178], [15.902509, 45.692835], [15.90414, 45.69347], [15.903294, 45.694307], [15.90325, 45.694901], [15.902514, 45.694971], [15.903333, 45.697195], [15.902584, 45.697713], [15.902794, 45.69803], [15.90238, 45.69833], [15.90285, 45.69869], [15.902039, 45.699123], [15.900226, 45.698321], [15.898349, 45.699018], [15.897226, 45.699027], [15.896411, 45.700427], [15.895583, 45.700882]]]}, "properties": {"id": 105, "razina": "naselje", "name": "Strmec", "jls_name": "Grad Zagreb", "jls_maticni_broj": "01333", "zupanija": "Grad Zagreb", "area_km2": 13.2563, "stanovnistvo": 585, "palette_idx": 2, "historical_zone": "Zagrebački dio", "source": "DGU rpj:naselje"}}, {"type": "Feature", "id": 106, "geometry": {"type": "Polygon", "coordinates": [[[16.016359, 45.732718], [16.00927, 45.735162], [16.008295, 45.736114], [16.010101, 45.741559], [16.01091, 45.743734], [16.011834, 45.744567], [16.007445, 45.746493], [16.007637, 45.74673], [16.003017, 45.748574], [16.004149, 45.749663], [16.004859, 45.750486], [16.011354, 45.747793], [16.012201, 45.748819], [16.012453, 45.750064], [16.016012, 45.74941], [16.019477, 45.74803], [16.015941, 45.743489], [16.017798, 45.743155], [16.019189, 45.742523], [16.019951, 45.741587], [16.019945, 45.741255], [16.019259, 45.74093], [16.01923, 45.740373], [16.018711, 45.740414], [16.017583, 45.739816], [16.017692, 45.738685], [16.019506, 45.737654], [16.017324, 45.736013], [16.016359, 45.732718]]]}, "properties": {"id": 106, "razina": "naselje", "name": "Veliko Polje", "jls_name": "Grad Zagreb", "jls_maticni_broj": "01333", "zupanija": "Grad Zagreb", "area_km2": 1.236, "stanovnistvo": 2122, "palette_idx": 4, "historical_zone": "Zagrebački dio", "source": "DGU rpj:naselje"}}, {"type": "Feature", "id": 107, "geometry": {"type": "Polygon", "coordinates": [[[15.920179, 45.722067], [15.919307, 45.721514], [15.916655, 45.721201], [15.915897, 45.72078], [15.915297, 45.718548], [15.916058, 45.71699], [15.915535, 45.715205], [15.914076, 45.71372], [15.911774, 45.710387], [15.90885, 45.70934], [15.907732, 45.708306], [15.906763, 45.708279], [15.905724, 45.708775], [15.90578, 45.708351], [15.904782, 45.708886], [15.904424, 45.708585], [15.904196, 45.708889], [15.903896, 45.708439], [15.90324, 45.709102], [15.901915, 45.709551], [15.90164, 45.708979], [15.899862, 45.709529], [15.899497, 45.70973], [15.900077, 45.710683], [15.899437, 45.711165], [15.899938, 45.712546], [15.899309, 45.71291], [15.900709, 45.714268], [15.901885, 45.717707], [15.903298, 45.719019], [15.902046, 45.719474], [15.902293, 45.720538], [15.904714, 45.721118], [15.906004, 45.72286], [15.907512, 45.722414], [15.907645, 45.722844], [15.908061, 45.722711], [15.908625, 45.723484], [15.91009, 45.724382], [15.909891, 45.724551], [15.912566, 45.726039], [15.912603, 45.726731], [15.911817, 45.726974], [15.912777, 45.729603], [15.925198, 45.724894], [15.92463, 45.724143], [15.921812, 45.723742], [15.920179, 45.722067]]]}, "properties": {"id": 107, "razina": "naselje", "name": "Zadvorsko", "jls_name": "Grad Zagreb", "jls_maticni_broj": "01333", "zupanija": "Grad Zagreb", "area_km2": 2.1213, "stanovnistvo": 1260, "palette_idx": 0, "historical_zone": "Zagrebački dio", "source": "DGU rpj:naselje"}}, {"type": "Feature", "id": 108, "geometry": {"type": "Polygon", "coordinates": [[[16.181012, 45.588255], [16.180522, 45.58451], [16.182273, 45.584669], [16.18171, 45.582753], [16.180938, 45.582756], [16.181398, 45.581958], [16.183353, 45.581162], [16.185217, 45.578446], [16.180945, 45.575879], [16.175091, 45.573978], [16.175368, 45.573173], [16.169592, 45.571135], [16.164008, 45.568618], [16.16219, 45.56988], [16.161931, 45.57073], [16.160208, 45.570654], [16.15802, 45.571548], [16.161275, 45.573418], [16.161531, 45.574262], [16.160288, 45.574492], [16.155792, 45.574479], [16.155153, 45.575149], [16.15442, 45.575381], [16.152122, 45.57453], [16.151347, 45.574517], [16.149403, 45.573277], [16.148542, 45.571817], [16.145176, 45.570754], [16.142536, 45.569258], [16.138149, 45.561876], [16.13694, 45.562037], [16.132231, 45.561152], [16.128133, 45.561542], [16.128037, 45.560541], [16.129113, 45.559416], [16.128922, 45.558661], [16.128416, 45.558463], [16.128955, 45.558393], [16.128285, 45.557055], [16.128348, 45.556063], [16.126257, 45.554203], [16.12544, 45.554168], [16.124755, 45.553607], [16.124079, 45.553824], [16.123582, 45.553581], [16.123295, 45.553708], [16.123518, 45.554388], [16.12255, 45.554495], [16.122761, 45.555125], [16.122069, 45.555174], [16.12072, 45.556796], [16.118565, 45.557142], [16.11813, 45.556762], [16.117732, 45.556969], [16.117432, 45.556781], [16.116927, 45.557115], [16.115756, 45.556979], [16.114552, 45.556348], [16.109314, 45.557733], [16.106107, 45.55702], [16.104858, 45.557196], [16.102468, 45.55923], [16.10046, 45.560145], [16.098737, 45.560763], [16.098012, 45.560158], [16.097309, 45.561525], [16.096434, 45.561886], [16.095206, 45.561428], [16.095631, 45.560753], [16.09504, 45.560235], [16.094823, 45.560695], [16.093723, 45.560523], [16.093589, 45.561317], [16.094328, 45.561619], [16.094411, 45.562052], [16.094202, 45.56335], [16.093226, 45.563515], [16.091262, 45.56235], [16.090945, 45.563357], [16.092111, 45.564573], [16.091934, 45.564842], [16.093358, 45.565303], [16.093356, 45.566483], [16.092927, 45.566862], [16.089782, 45.568098], [16.083902, 45.567577], [16.076989, 45.568939], [16.077007, 45.569335], [16.079274, 45.571563], [16.08042, 45.573584], [16.082907, 45.576943], [16.084799, 45.578349], [16.087511, 45.578764], [16.088899, 45.578187], [16.090104, 45.57929], [16.09206, 45.579121], [16.093146, 45.579794], [16.094661, 45.579774], [16.094445, 45.580597], [16.096182, 45.580605], [16.099371, 45.584897], [16.098702, 45.585237], [16.100117, 45.586703], [16.102699, 45.586888], [16.103397, 45.587238], [16.104016, 45.587079], [16.1044, 45.58744], [16.107824, 45.587239], [16.107605, 45.588847], [16.11124, 45.588499], [16.114317, 45.590949], [16.116434, 45.59126], [16.120268, 45.590815], [16.123527, 45.590029], [16.125515, 45.590471], [16.126058, 45.590208], [16.12763, 45.590272], [16.13067, 45.59082], [16.137242, 45.593118], [16.146016, 45.596178], [16.14925, 45.597813], [16.151703, 45.598575], [16.156407, 45.593631], [16.156006, 45.590995], [16.158632, 45.590361], [16.162059, 45.588297], [16.16297, 45.589029], [16.164532, 45.588356], [16.168885, 45.588314], [16.175929, 45.587355], [16.181012, 45.588255]]]}, "properties": {"id": 108, "razina": "naselje", "name": "Brežane Lekeničke", "jls_name": "Lekenik", "jls_maticni_broj": "02283", "zupanija": "Sisačko-moslavačka", "area_km2": 20.588, "stanovnistvo": 260, "palette_idx": 0, "historical_zone": "Lekenički dio", "source": "DGU rpj:naselje"}}, {"type": "Feature", "id": 109, "geometry": {"type": "Polygon", "coordinates": [[[16.08042, 45.573584], [16.079274, 45.571563], [16.077007, 45.569335], [16.076989, 45.568939], [16.083902, 45.567577], [16.089782, 45.568098], [16.092927, 45.566862], [16.093356, 45.566483], [16.093358, 45.565303], [16.091934, 45.564842], [16.092111, 45.564573], [16.090945, 45.563357], [16.091262, 45.56235], [16.093226, 45.563515], [16.094202, 45.56335], [16.094411, 45.562052], [16.094328, 45.561619], [16.093589, 45.561317], [16.093723, 45.560523], [16.094823, 45.560695], [16.09504, 45.560235], [16.095631, 45.560753], [16.095206, 45.561428], [16.096434, 45.561886], [16.097309, 45.561525], [16.098012, 45.560158], [16.098737, 45.560763], [16.10046, 45.560145], [16.102468, 45.55923], [16.104858, 45.557196], [16.106107, 45.55702], [16.109314, 45.557733], [16.114552, 45.556348], [16.115756, 45.556979], [16.116927, 45.557115], [16.117432, 45.556781], [16.117732, 45.556969], [16.11813, 45.556762], [16.118565, 45.557142], [16.12072, 45.556796], [16.122069, 45.555174], [16.122761, 45.555125], [16.12255, 45.554495], [16.123518, 45.554388], [16.123295, 45.553708], [16.123582, 45.553581], [16.124079, 45.553824], [16.124755, 45.553607], [16.12544, 45.554168], [16.126257, 45.554203], [16.128348, 45.556063], [16.128285, 45.557055], [16.128955, 45.558393], [16.128416, 45.558463], [16.128922, 45.558661], [16.129113, 45.559416], [16.128037, 45.560541], [16.128133, 45.561542], [16.132231, 45.561152], [16.13694, 45.562037], [16.138149, 45.561876], [16.142536, 45.569258], [16.145176, 45.570754], [16.148542, 45.571817], [16.149403, 45.573277], [16.151347, 45.574517], [16.152122, 45.57453], [16.15442, 45.575381], [16.155153, 45.575149], [16.155792, 45.574479], [16.160288, 45.574492], [16.161531, 45.574262], [16.161275, 45.573418], [16.15802, 45.571548], [16.160208, 45.570654], [16.161931, 45.57073], [16.16219, 45.56988], [16.164008, 45.568618], [16.169592, 45.571135], [16.175368, 45.573173], [16.177253, 45.570561], [16.178435, 45.569628], [16.178964, 45.568516], [16.180642, 45.568073], [16.181052, 45.567696], [16.182089, 45.567632], [16.182077, 45.567036], [16.182915, 45.567136], [16.182715, 45.566648], [16.183599, 45.566266], [16.183457, 45.565744], [16.184777, 45.565296], [16.186257, 45.56371], [16.186182, 45.562961], [16.186667, 45.562873], [16.186861, 45.563269], [16.186985, 45.562694], [16.188502, 45.562458], [16.188495, 45.561726], [16.189381, 45.561254], [16.189061, 45.559562], [16.190331, 45.559222], [16.191641, 45.55828], [16.189054, 45.557357], [16.190237, 45.554938], [16.19155, 45.555101], [16.192769, 45.55457], [16.190902, 45.552858], [16.189359, 45.552097], [16.187302, 45.549976], [16.188989, 45.549551], [16.190529, 45.548727], [16.192837, 45.546207], [16.191682, 45.54589], [16.19059, 45.545145], [16.188241, 45.544922], [16.187113, 45.545175], [16.185275, 45.544394], [16.183416, 45.544092], [16.183371, 45.543465], [16.182726, 45.543201], [16.184272, 45.542297], [16.188815, 45.542257], [16.1891, 45.54182], [16.188342, 45.540796], [16.189477, 45.540625], [16.190209, 45.539813], [16.189288, 45.538666], [16.190832, 45.536359], [16.191967, 45.536849], [16.193661, 45.534387], [16.192042, 45.534166], [16.192332, 45.533216], [16.18389, 45.532671], [16.183423, 45.531411], [16.18388, 45.530541], [16.185438, 45.530226], [16.185561, 45.529713], [16.183267, 45.527817], [16.183478, 45.527512], [16.183012, 45.526905], [16.183866, 45.525682], [16.181262, 45.523765], [16.183623, 45.522118], [16.18246, 45.521694], [16.179354, 45.522591], [16.178672, 45.519952], [16.177062, 45.519793], [16.176175, 45.521178], [16.174294, 45.521302], [16.173757, 45.520896], [16.17296, 45.520934], [16.172285, 45.521457], [16.169115, 45.522447], [16.167135, 45.521345], [16.166494, 45.521133], [16.165192, 45.521271], [16.162045, 45.519862], [16.159602, 45.520052], [16.154535, 45.519561], [16.154403, 45.520302], [16.156903, 45.522823], [16.158367, 45.525675], [16.157721, 45.526836], [16.1565, 45.527265], [16.155879, 45.528143], [16.150172, 45.531478], [16.149216, 45.532944], [16.145795, 45.53218], [16.144518, 45.531558], [16.141506, 45.53202], [16.137713, 45.53112], [16.136043, 45.530315], [16.135319, 45.529609], [16.13186, 45.528627], [16.132081, 45.527852], [16.131152, 45.527081], [16.129716, 45.526818], [16.12956, 45.526329], [16.128724, 45.527014], [16.12755, 45.527226], [16.123673, 45.526102], [16.123414, 45.526493], [16.122166, 45.526809], [16.12083, 45.528195], [16.119714, 45.527686], [16.116811, 45.527213], [16.115532, 45.528092], [16.114779, 45.530388], [16.1115, 45.533754], [16.10906, 45.533458], [16.107883, 45.534955], [16.107265, 45.534932], [16.106568, 45.534387], [16.105779, 45.535128], [16.104552, 45.535338], [16.103376, 45.535559], [16.102488, 45.537798], [16.100922, 45.539213], [16.09865, 45.539283], [16.096553, 45.539921], [16.095415, 45.541027], [16.0929, 45.542692], [16.091581, 45.543211], [16.090591, 45.544172], [16.08386, 45.547164], [16.083511, 45.549242], [16.079956, 45.551627], [16.076809, 45.552788], [16.07308, 45.553592], [16.072708, 45.553926], [16.071423, 45.558287], [16.070158, 45.559464], [16.066121, 45.560659], [16.064836, 45.561695], [16.061812, 45.561427], [16.062744, 45.563741], [16.063298, 45.564193], [16.063563, 45.56636], [16.064643, 45.567072], [16.065634, 45.569185], [16.067479, 45.570283], [16.067988, 45.570293], [16.068884, 45.571797], [16.069962, 45.572232], [16.069799, 45.572584], [16.070129, 45.572411], [16.070289, 45.572698], [16.071196, 45.572683], [16.07184, 45.573093], [16.071629, 45.573261], [16.07299, 45.573413], [16.073255, 45.57374], [16.072757, 45.573981], [16.074018, 45.574227], [16.07436, 45.57461], [16.074766, 45.574262], [16.075218, 45.575702], [16.075914, 45.576233], [16.08042, 45.573584]]]}, "properties": {"id": 109, "razina": "naselje", "name": "Cerje Letovanićko", "jls_name": "Lekenik", "jls_maticni_broj": "02283", "zupanija": "Sisačko-moslavačka", "area_km2": 34.6131, "stanovnistvo": 40, "palette_idx": 1, "historical_zone": "Lekenički dio", "source": "DGU rpj:naselje"}}, {"type": "Feature", "id": 110, "geometry": {"type": "Polygon", "coordinates": [[[16.15965, 45.637769], [16.158659, 45.635317], [16.160174, 45.634831], [16.160522, 45.633958], [16.159806, 45.633053], [16.160095, 45.632363], [16.162409, 45.630557], [16.160991, 45.629819], [16.160024, 45.62518], [16.158155, 45.623418], [16.157963, 45.622745], [16.158655, 45.621314], [16.157945, 45.620746], [16.157883, 45.618809], [16.154119, 45.6164], [16.153988, 45.615497], [16.15436, 45.614974], [16.154048, 45.614432], [16.1549, 45.613286], [16.153846, 45.612391], [16.154034, 45.611547], [16.154674, 45.61133], [16.154947, 45.610768], [16.154571, 45.609136], [16.155157, 45.607349], [16.154925, 45.607106], [16.156078, 45.606698], [16.156199, 45.606072], [16.155398, 45.605413], [16.155342, 45.604491], [16.154668, 45.604546], [16.154411, 45.603884], [16.153291, 45.604426], [16.152678, 45.603845], [16.152059, 45.604776], [16.151768, 45.603949], [16.150734, 45.6039], [16.150054, 45.604185], [16.149853, 45.603532], [16.148004, 45.603169], [16.147336, 45.603396], [16.147213, 45.603048], [16.14656, 45.603201], [16.145527, 45.602924], [16.14509, 45.602501], [16.145338, 45.601724], [16.14233, 45.600759], [16.142221, 45.600571], [16.143267, 45.600053], [16.141849, 45.598316], [16.140956, 45.597716], [16.139678, 45.597483], [16.139297, 45.596588], [16.137534, 45.596582], [16.137242, 45.593118], [16.13067, 45.59082], [16.12763, 45.590272], [16.126058, 45.590208], [16.125515, 45.590471], [16.123527, 45.590029], [16.115231, 45.59613], [16.116641, 45.599667], [16.117533, 45.60434], [16.117256, 45.603863], [16.116402, 45.604064], [16.116484, 45.603427], [16.115544, 45.603671], [16.11575, 45.603249], [16.113979, 45.602469], [16.114418, 45.602121], [16.114275, 45.601722], [16.11366, 45.601954], [16.113606, 45.601563], [16.113025, 45.601608], [16.112305, 45.602459], [16.111462, 45.602992], [16.111127, 45.602834], [16.110284, 45.603748], [16.109775, 45.606573], [16.106729, 45.612224], [16.107081, 45.614565], [16.1148, 45.616537], [16.122424, 45.61665], [16.123406, 45.616342], [16.12567, 45.616904], [16.128753, 45.615973], [16.128714, 45.615071], [16.13201, 45.614754], [16.136798, 45.619092], [16.139022, 45.622032], [16.141141, 45.621159], [16.147151, 45.627787], [16.146026, 45.628365], [16.151058, 45.632958], [16.149065, 45.634346], [16.149958, 45.634269], [16.150856, 45.635012], [16.151184, 45.636168], [16.15265, 45.636163], [16.153016, 45.63662], [16.154717, 45.637012], [16.15487, 45.637417], [16.15965, 45.637769]]]}, "properties": {"id": 110, "razina": "naselje", "name": "Donji Vukojevac", "jls_name": "Lekenik", "jls_maticni_broj": "02283", "zupanija": "Sisačko-moslavačka", "area_km2": 10.2414, "stanovnistvo": 482, "palette_idx": 3, "historical_zone": "Lekenički dio", "source": "DGU rpj:naselje"}}, {"type": "Feature", "id": 111, "geometry": {"type": "Polygon", "coordinates": [[[16.284202, 45.568523], [16.284819, 45.565395], [16.286267, 45.563471], [16.287694, 45.559172], [16.291187, 45.555266], [16.291398, 45.554484], [16.290851, 45.553854], [16.290706, 45.552586], [16.290042, 45.55184], [16.288423, 45.551342], [16.287025, 45.551473], [16.284807, 45.550666], [16.282923, 45.552015], [16.276608, 45.549038], [16.275521, 45.54797], [16.274896, 45.547873], [16.273108, 45.547762], [16.271106, 45.548245], [16.269447, 45.548184], [16.26806, 45.549052], [16.266847, 45.547871], [16.259973, 45.545102], [16.252424, 45.540049], [16.249547, 45.536305], [16.245388, 45.53193], [16.244462, 45.531341], [16.245156, 45.530593], [16.245089, 45.529108], [16.243474, 45.527688], [16.245259, 45.526357], [16.242976, 45.524493], [16.241624, 45.523417], [16.240896, 45.52331], [16.237193, 45.526095], [16.23663, 45.524621], [16.235849, 45.52441], [16.236688, 45.526146], [16.235798, 45.528492], [16.231488, 45.531322], [16.229278, 45.531845], [16.226713, 45.531845], [16.225104, 45.532534], [16.22504, 45.533328], [16.224264, 45.533465], [16.223375, 45.534352], [16.223387, 45.53458], [16.224791, 45.534632], [16.225014, 45.534903], [16.223777, 45.535383], [16.223952, 45.536266], [16.223335, 45.536789], [16.22334, 45.53752], [16.221931, 45.537584], [16.221673, 45.537854], [16.222718, 45.538037], [16.222022, 45.53934], [16.220093, 45.540225], [16.217444, 45.540777], [16.217879, 45.541278], [16.215631, 45.544928], [16.214797, 45.546042], [16.213332, 45.546942], [16.217791, 45.550367], [16.218955, 45.550627], [16.219358, 45.551142], [16.2207, 45.553357], [16.220647, 45.555793], [16.221126, 45.556297], [16.221186, 45.557443], [16.22255, 45.559303], [16.226003, 45.56111], [16.227852, 45.562454], [16.233733, 45.566361], [16.239376, 45.569454], [16.241976, 45.571584], [16.244217, 45.572719], [16.247087, 45.572336], [16.25207, 45.569174], [16.25413, 45.568419], [16.25597, 45.568223], [16.260066, 45.569067], [16.264888, 45.571285], [16.268501, 45.573853], [16.270365, 45.574488], [16.273043, 45.574891], [16.276876, 45.574026], [16.280284, 45.570974], [16.281377, 45.570363], [16.28151, 45.569919], [16.282526, 45.569561], [16.282681, 45.568865], [16.284202, 45.568523]]]}, "properties": {"id": 111, "razina": "naselje", "name": "Dužica", "jls_name": "Lekenik", "jls_maticni_broj": "02283", "zupanija": "Sisačko-moslavačka", "area_km2": 17.4761, "stanovnistvo": 288, "palette_idx": 0, "historical_zone": "Lekenički dio", "source": "DGU rpj:naselje"}}, {"type": "Feature", "id": 112, "geometry": {"type": "Polygon", "coordinates": [[[16.123527, 45.590029], [16.120268, 45.590815], [16.116434, 45.59126], [16.114317, 45.590949], [16.11124, 45.588499], [16.107605, 45.588847], [16.107824, 45.587239], [16.1044, 45.58744], [16.104016, 45.587079], [16.103397, 45.587238], [16.102699, 45.586888], [16.100117, 45.586703], [16.098702, 45.585237], [16.09615, 45.586501], [16.092722, 45.587567], [16.092661, 45.588737], [16.093863, 45.591725], [16.093692, 45.593745], [16.091071, 45.592579], [16.086568, 45.593324], [16.090059, 45.596413], [16.090382, 45.59904], [16.093042, 45.599277], [16.094784, 45.598892], [16.095312, 45.599395], [16.096844, 45.601748], [16.096411, 45.602683], [16.09693, 45.603775], [16.101775, 45.60483], [16.103001, 45.604766], [16.107153, 45.606326], [16.108309, 45.605879], [16.109775, 45.606573], [16.110284, 45.603748], [16.111127, 45.602834], [16.111462, 45.602992], [16.112305, 45.602459], [16.113025, 45.601608], [16.113606, 45.601563], [16.11366, 45.601954], [16.114275, 45.601722], [16.114418, 45.602121], [16.113979, 45.602469], [16.11575, 45.603249], [16.115544, 45.603671], [16.116484, 45.603427], [16.116402, 45.604064], [16.117256, 45.603863], [16.117533, 45.60434], [16.116641, 45.599667], [16.115231, 45.59613], [16.123527, 45.590029]]]}, "properties": {"id": 112, "razina": "naselje", "name": "Gornji Vukojevac", "jls_name": "Lekenik", "jls_maticni_broj": "02283", "zupanija": "Sisačko-moslavačka", "area_km2": 3.5074, "stanovnistvo": 67, "palette_idx": 1, "historical_zone": "Lekenički dio", "source": "DGU rpj:naselje"}}, {"type": "Feature", "id": 113, "geometry": {"type": "Polygon", "coordinates": [[[16.266528, 45.605388], [16.268485, 45.605306], [16.270675, 45.606177], [16.27415, 45.605929], [16.275057, 45.605925], [16.277266, 45.605115], [16.279067, 45.605657], [16.279902, 45.605418], [16.279972, 45.604146], [16.28096, 45.60313], [16.279293, 45.602191], [16.278539, 45.599737], [16.279745, 45.599592], [16.281515, 45.600138], [16.28249, 45.599452], [16.28323, 45.59808], [16.283829, 45.598063], [16.284806, 45.598706], [16.285508, 45.598771], [16.286813, 45.597892], [16.288875, 45.597193], [16.289615, 45.595979], [16.290529, 45.596112], [16.29113, 45.597234], [16.292188, 45.596971], [16.292223, 45.596157], [16.291069, 45.594568], [16.291479, 45.593033], [16.288967, 45.592523], [16.288344, 45.591631], [16.288365, 45.590934], [16.289252, 45.590642], [16.290541, 45.590684], [16.292018, 45.591155], [16.29325, 45.591084], [16.295354, 45.59], [16.296583, 45.587194], [16.295989, 45.586738], [16.293179, 45.58634], [16.29249, 45.585515], [16.29259, 45.584661], [16.29355, 45.584161], [16.296334, 45.584559], [16.297499, 45.584408], [16.298035, 45.58152], [16.298737, 45.581306], [16.300881, 45.58155], [16.301549, 45.581041], [16.301141, 45.580323], [16.298743, 45.578945], [16.298729, 45.578428], [16.299687, 45.577306], [16.299551, 45.576842], [16.297378, 45.575914], [16.295804, 45.575277], [16.294425, 45.573502], [16.290715, 45.57337], [16.288073, 45.573805], [16.28593, 45.573018], [16.285405, 45.572304], [16.285258, 45.570952], [16.284099, 45.569891], [16.284202, 45.568523], [16.282681, 45.568865], [16.282526, 45.569561], [16.28151, 45.569919], [16.281377, 45.570363], [16.280284, 45.570974], [16.276876, 45.574026], [16.273043, 45.574891], [16.270365, 45.574488], [16.268501, 45.573853], [16.264888, 45.571285], [16.260066, 45.569067], [16.25597, 45.568223], [16.25413, 45.568419], [16.25207, 45.569174], [16.247087, 45.572336], [16.244217, 45.572719], [16.241976, 45.571584], [16.239376, 45.569454], [16.233733, 45.566361], [16.227852, 45.562454], [16.223348, 45.566212], [16.223443, 45.566701], [16.22202, 45.568162], [16.216694, 45.566], [16.215123, 45.568066], [16.211521, 45.568155], [16.207427, 45.574458], [16.207129, 45.578009], [16.203296, 45.578976], [16.202001, 45.5771], [16.200572, 45.577976], [16.195131, 45.580152], [16.190183, 45.57772], [16.187195, 45.577395], [16.185217, 45.578446], [16.183353, 45.581162], [16.181398, 45.581958], [16.180938, 45.582756], [16.18171, 45.582753], [16.182273, 45.584669], [16.180522, 45.58451], [16.181012, 45.588255], [16.184174, 45.588899], [16.186129, 45.589651], [16.186828, 45.589354], [16.189368, 45.590468], [16.191668, 45.591997], [16.192308, 45.592009], [16.193124, 45.592541], [16.19437, 45.592517], [16.194492, 45.59268], [16.192304, 45.59353], [16.193819, 45.595365], [16.193836, 45.597839], [16.194458, 45.599722], [16.199557, 45.602659], [16.203985, 45.604247], [16.204327, 45.603951], [16.204559, 45.604198], [16.202703, 45.609772], [16.216837, 45.609942], [16.223618, 45.608879], [16.23177, 45.608019], [16.233496, 45.608096], [16.235232, 45.606563], [16.236998, 45.604334], [16.235615, 45.603592], [16.236311, 45.602411], [16.240988, 45.598966], [16.243567, 45.596068], [16.238914, 45.593415], [16.239202, 45.592641], [16.240712, 45.592439], [16.242006, 45.591499], [16.242914, 45.591328], [16.244166, 45.591996], [16.246804, 45.591927], [16.24789, 45.594062], [16.249542, 45.595371], [16.250882, 45.595612], [16.250951, 45.597027], [16.251636, 45.597643], [16.250968, 45.59857], [16.251174, 45.600112], [16.250864, 45.600832], [16.251991, 45.601354], [16.253313, 45.602762], [16.254793, 45.603496], [16.254826, 45.602257], [16.255416, 45.601653], [16.257744, 45.602505], [16.260484, 45.602261], [16.261256, 45.602807], [16.262438, 45.602026], [16.263025, 45.602214], [16.263459, 45.602864], [16.264099, 45.602852], [16.264101, 45.603335], [16.265138, 45.603858], [16.266528, 45.605388]]]}, "properties": {"id": 113, "razina": "naselje", "name": "Lekenik", "jls_name": "Lekenik", "jls_maticni_broj": "02283", "zupanija": "Sisačko-moslavačka", "area_km2": 29.4928, "stanovnistvo": 1697, "palette_idx": 1, "historical_zone": "Lekenički dio", "source": "DGU rpj:naselje"}}, {"type": "Feature", "id": 114, "geometry": {"type": "Polygon", "coordinates": [[[16.17886, 45.639848], [16.180249, 45.639648], [16.18261, 45.638449], [16.186317, 45.634709], [16.189147, 45.629162], [16.190738, 45.627616], [16.194705, 45.61952], [16.194821, 45.6178], [16.194036, 45.613294], [16.196219, 45.608792], [16.198612, 45.606529], [16.201375, 45.605319], [16.202896, 45.605099], [16.203985, 45.604247], [16.199557, 45.602659], [16.194458, 45.599722], [16.193836, 45.597839], [16.193819, 45.595365], [16.192304, 45.59353], [16.194492, 45.59268], [16.19437, 45.592517], [16.193124, 45.592541], [16.192308, 45.592009], [16.191668, 45.591997], [16.189368, 45.590468], [16.186828, 45.589354], [16.186129, 45.589651], [16.184174, 45.588899], [16.181012, 45.588255], [16.175929, 45.587355], [16.168885, 45.588314], [16.164532, 45.588356], [16.16297, 45.589029], [16.162059, 45.588297], [16.158632, 45.590361], [16.156006, 45.590995], [16.156407, 45.593631], [16.151703, 45.598575], [16.14925, 45.597813], [16.146016, 45.596178], [16.137242, 45.593118], [16.137534, 45.596582], [16.139297, 45.596588], [16.139678, 45.597483], [16.140956, 45.597716], [16.141849, 45.598316], [16.143267, 45.600053], [16.142221, 45.600571], [16.14233, 45.600759], [16.145338, 45.601724], [16.14509, 45.602501], [16.145527, 45.602924], [16.14656, 45.603201], [16.147213, 45.603048], [16.147336, 45.603396], [16.148004, 45.603169], [16.149853, 45.603532], [16.150054, 45.604185], [16.150734, 45.6039], [16.151768, 45.603949], [16.152059, 45.604776], [16.152678, 45.603845], [16.153291, 45.604426], [16.154411, 45.603884], [16.154668, 45.604546], [16.155342, 45.604491], [16.155398, 45.605413], [16.156199, 45.606072], [16.156078, 45.606698], [16.154925, 45.607106], [16.155157, 45.607349], [16.154571, 45.609136], [16.154947, 45.610768], [16.154674, 45.61133], [16.154034, 45.611547], [16.153846, 45.612391], [16.1549, 45.613286], [16.154048, 45.614432], [16.15436, 45.614974], [16.153988, 45.615497], [16.154119, 45.6164], [16.157883, 45.618809], [16.157945, 45.620746], [16.158655, 45.621314], [16.157963, 45.622745], [16.158155, 45.623418], [16.160024, 45.62518], [16.160991, 45.629819], [16.162409, 45.630557], [16.160095, 45.632363], [16.159806, 45.633053], [16.160522, 45.633958], [16.160174, 45.634831], [16.158659, 45.635317], [16.15965, 45.637769], [16.161848, 45.638299], [16.162211, 45.638652], [16.164518, 45.638851], [16.164738, 45.639161], [16.165051, 45.638727], [16.166941, 45.638547], [16.169125, 45.639027], [16.170098, 45.638929], [16.171058, 45.638517], [16.17142, 45.637914], [16.172177, 45.638109], [16.172668, 45.63783], [16.174369, 45.637705], [16.176042, 45.638119], [16.176789, 45.637519], [16.177378, 45.638068], [16.178129, 45.637502], [16.178996, 45.638394], [16.179709, 45.638314], [16.17998, 45.638796], [16.178861, 45.63927], [16.17886, 45.639848]]]}, "properties": {"id": 114, "razina": "naselje", "name": "Pešćenica", "jls_name": "Lekenik", "jls_maticni_broj": "02283", "zupanija": "Sisačko-moslavačka", "area_km2": 16.3791, "stanovnistvo": 795, "palette_idx": 2, "historical_zone": "Lekenički dio", "source": "DGU rpj:naselje"}}, {"type": "Feature", "id": 115, "geometry": {"type": "Polygon", "coordinates": [[[16.227852, 45.562454], [16.226003, 45.56111], [16.22255, 45.559303], [16.221186, 45.557443], [16.221126, 45.556297], [16.220647, 45.555793], [16.2207, 45.553357], [16.219358, 45.551142], [16.218955, 45.550627], [16.217791, 45.550367], [16.213332, 45.546942], [16.214797, 45.546042], [16.215631, 45.544928], [16.217879, 45.541278], [16.217444, 45.540777], [16.215345, 45.540022], [16.213727, 45.538504], [16.211581, 45.534556], [16.20959, 45.533024], [16.209424, 45.53075], [16.20453, 45.532652], [16.202255, 45.532646], [16.201045, 45.531946], [16.19806, 45.532571], [16.193649, 45.53385], [16.193661, 45.534387], [16.191967, 45.536849], [16.190832, 45.536359], [16.189288, 45.538666], [16.190209, 45.539813], [16.189477, 45.540625], [16.188342, 45.540796], [16.1891, 45.54182], [16.188815, 45.542257], [16.184272, 45.542297], [16.182726, 45.543201], [16.183371, 45.543465], [16.183416, 45.544092], [16.185275, 45.544394], [16.187113, 45.545175], [16.188241, 45.544922], [16.19059, 45.545145], [16.191682, 45.54589], [16.192837, 45.546207], [16.190529, 45.548727], [16.188989, 45.549551], [16.187302, 45.549976], [16.189359, 45.552097], [16.190902, 45.552858], [16.192769, 45.55457], [16.19155, 45.555101], [16.190237, 45.554938], [16.189054, 45.557357], [16.191641, 45.55828], [16.190331, 45.559222], [16.189061, 45.559562], [16.189381, 45.561254], [16.188495, 45.561726], [16.188502, 45.562458], [16.186985, 45.562694], [16.186861, 45.563269], [16.186667, 45.562873], [16.186182, 45.562961], [16.186257, 45.56371], [16.184777, 45.565296], [16.183457, 45.565744], [16.183599, 45.566266], [16.182715, 45.566648], [16.182915, 45.567136], [16.182077, 45.567036], [16.182089, 45.567632], [16.181052, 45.567696], [16.180642, 45.568073], [16.178964, 45.568516], [16.178435, 45.569628], [16.177253, 45.570561], [16.175368, 45.573173], [16.175091, 45.573978], [16.180945, 45.575879], [16.185217, 45.578446], [16.187195, 45.577395], [16.190183, 45.57772], [16.195131, 45.580152], [16.200572, 45.577976], [16.202001, 45.5771], [16.203296, 45.578976], [16.207129, 45.578009], [16.207427, 45.574458], [16.211521, 45.568155], [16.215123, 45.568066], [16.216694, 45.566], [16.22202, 45.568162], [16.223443, 45.566701], [16.223348, 45.566212], [16.227852, 45.562454]]]}, "properties": {"id": 115, "razina": "naselje", "name": "Poljana Lekenička", "jls_name": "Lekenik", "jls_maticni_broj": "02283", "zupanija": "Sisačko-moslavačka", "area_km2": 11.7555, "stanovnistvo": 248, "palette_idx": 2, "historical_zone": "Lekenički dio", "source": "DGU rpj:naselje"}}, {"type": "Feature", "id": 116, "geometry": {"type": "Polygon", "coordinates": [[[15.982433, 45.577448], [15.982396, 45.575937], [15.982835, 45.575167], [15.982606, 45.574182], [15.983108, 45.574101], [15.983238, 45.573643], [15.983011, 45.572742], [15.982271, 45.57204], [15.982663, 45.57195], [15.982813, 45.56953], [15.983656, 45.568422], [15.983564, 45.56808], [15.982473, 45.567716], [15.982641, 45.56741], [15.982035, 45.566818], [15.981134, 45.566927], [15.980795, 45.566309], [15.98038, 45.566275], [15.980344, 45.565663], [15.97944, 45.565336], [15.980127, 45.564767], [15.978955, 45.564069], [15.980012, 45.563045], [15.97965, 45.562555], [15.979199, 45.562917], [15.978389, 45.562771], [15.979053, 45.561619], [15.978717, 45.561334], [15.979062, 45.560975], [15.978202, 45.560246], [15.978706, 45.560039], [15.978327, 45.55981], [15.978786, 45.559505], [15.977857, 45.558929], [15.978275, 45.558567], [15.977217, 45.558469], [15.976387, 45.559037], [15.974597, 45.558824], [15.974684, 45.559406], [15.97343, 45.56027], [15.973863, 45.561018], [15.97278, 45.56135], [15.972081, 45.561242], [15.972089, 45.561652], [15.970734, 45.562056], [15.971293, 45.562507], [15.970762, 45.563548], [15.969354, 45.56309], [15.968286, 45.563234], [15.967986, 45.562942], [15.967646, 45.563314], [15.966597, 45.563136], [15.965516, 45.563456], [15.964781, 45.564214], [15.964935, 45.564552], [15.963995, 45.564607], [15.963545, 45.564303], [15.963289, 45.564699], [15.963733, 45.565141], [15.962891, 45.565117], [15.961997, 45.565515], [15.961216, 45.566481], [15.962167, 45.566195], [15.962569, 45.566357], [15.960341, 45.567892], [15.959761, 45.567195], [15.958955, 45.567142], [15.958081, 45.567768], [15.958452, 45.568397], [15.957244, 45.568403], [15.954909, 45.569581], [15.954029, 45.569215], [15.953745, 45.568606], [15.953189, 45.569582], [15.952335, 45.569378], [15.951559, 45.569613], [15.951351, 45.569043], [15.951703, 45.568689], [15.951323, 45.568513], [15.950198, 45.568706], [15.949784, 45.568179], [15.948063, 45.567703], [15.947687, 45.567165], [15.94724, 45.567369], [15.947663, 45.567872], [15.94719, 45.568008], [15.945993, 45.56794], [15.945231, 45.567484], [15.945222, 45.567855], [15.944176, 45.56785], [15.943857, 45.568188], [15.942915, 45.568192], [15.942827, 45.567949], [15.94214, 45.56812], [15.94237, 45.568969], [15.940959, 45.569347], [15.939747, 45.569028], [15.940198, 45.569681], [15.939898, 45.569853], [15.937371, 45.56975], [15.936575, 45.569458], [15.936486, 45.569063], [15.935137, 45.569029], [15.934312, 45.569738], [15.933265, 45.569188], [15.932148, 45.569135], [15.931701, 45.569429], [15.931241, 45.56907], [15.930407, 45.569219], [15.930666, 45.569894], [15.930097, 45.56999], [15.930269, 45.570531], [15.929553, 45.570561], [15.928923, 45.571512], [15.929435, 45.571804], [15.928942, 45.571984], [15.929213, 45.573025], [15.929729, 45.573222], [15.929361, 45.573342], [15.929369, 45.573811], [15.929887, 45.574021], [15.92916, 45.574959], [15.930005, 45.575286], [15.930469, 45.576227], [15.931489, 45.576655], [15.931154, 45.577202], [15.93154, 45.576992], [15.931548, 45.577314], [15.931848, 45.577048], [15.932498, 45.577212], [15.932816, 45.577722], [15.9323, 45.578199], [15.932972, 45.578045], [15.933047, 45.57853], [15.934002, 45.578471], [15.933828, 45.578701], [15.934237, 45.578613], [15.934402, 45.579018], [15.935755, 45.578896], [15.935673, 45.579515], [15.936324, 45.579784], [15.935874, 45.580259], [15.93589, 45.58091], [15.937212, 45.581273], [15.93809, 45.582381], [15.938559, 45.583735], [15.938011, 45.585316], [15.939442, 45.587982], [15.938773, 45.589947], [15.938, 45.592344], [15.937247, 45.593267], [15.936946, 45.594831], [15.936503, 45.595003], [15.935588, 45.59708], [15.935924, 45.597913], [15.936819, 45.59795], [15.937185, 45.598276], [15.936774, 45.599276], [15.937204, 45.599743], [15.936727, 45.599952], [15.937334, 45.601124], [15.936989, 45.6022], [15.937272, 45.603637], [15.938358, 45.604987], [15.939643, 45.608757], [15.938837, 45.60902], [15.938422, 45.609951], [15.937762, 45.610367], [15.934584, 45.611675], [15.934316, 45.610999], [15.932256, 45.609535], [15.931172, 45.608025], [15.930078, 45.607095], [15.929499, 45.607029], [15.924978, 45.608445], [15.923973, 45.610555], [15.922781, 45.611024], [15.922858, 45.611474], [15.921373, 45.611741], [15.920647, 45.61367], [15.919944, 45.614238], [15.920736, 45.614746], [15.924001, 45.618886], [15.92505, 45.619725], [15.926643, 45.620155], [15.928624, 45.621638], [15.929549, 45.621551], [15.93148, 45.622034], [15.932168, 45.62189], [15.935192, 45.623572], [15.936707, 45.624821], [15.937261, 45.626093], [15.938029, 45.626679], [15.938078, 45.627433], [15.93866, 45.627755], [15.938267, 45.628738], [15.938755, 45.62988], [15.940818, 45.630211], [15.942043, 45.631538], [15.947025, 45.629652], [15.947262, 45.630034], [15.946797, 45.631917], [15.947931, 45.634245], [15.948816, 45.634895], [15.950535, 45.637457], [15.94979, 45.640751], [15.950015, 45.642842], [15.949177, 45.646048], [15.949401, 45.647474], [15.948456, 45.651658], [15.949083, 45.65179], [15.949333, 45.652272], [15.950978, 45.65314], [15.952166, 45.654936], [15.956657, 45.656102], [15.957732, 45.658193], [15.957162, 45.660223], [15.958787, 45.663255], [15.958908, 45.664881], [15.959804, 45.665703], [15.961118, 45.665844], [15.961866, 45.666296], [15.962913, 45.667462], [15.962785, 45.668561], [15.96526, 45.670285], [15.96579, 45.670271], [15.966231, 45.670834], [15.966033, 45.671193], [15.965275, 45.67191], [15.965173, 45.672943], [15.964663, 45.673314], [15.964924, 45.673947], [15.965394, 45.673996], [15.96506, 45.674401], [15.965548, 45.674452], [15.965395, 45.675185], [15.965974, 45.675282], [15.965755, 45.675694], [15.966386, 45.675713], [15.96574, 45.676051], [15.966319, 45.676548], [15.965966, 45.676873], [15.966361, 45.676888], [15.966955, 45.677568], [15.96651, 45.678303], [15.966971, 45.678345], [15.966851, 45.679461], [15.966312, 45.680278], [15.96661, 45.680553], [15.967604, 45.680504], [15.967529, 45.681097], [15.967885, 45.681237], [15.967322, 45.682464], [15.966782, 45.682442], [15.965628, 45.683949], [15.965905, 45.684327], [15.965586, 45.685212], [15.964782, 45.68581], [15.965081, 45.686091], [15.96462, 45.686546], [15.964949, 45.687077], [15.964475, 45.687113], [15.964903, 45.688337], [15.964528, 45.689351], [15.963994, 45.689484], [15.965228, 45.689566], [15.964229, 45.690229], [15.963713, 45.69024], [15.963806, 45.690458], [15.965177, 45.69048], [15.964897, 45.691291], [15.965725, 45.691177], [15.966046, 45.690808], [15.966112, 45.69138], [15.966607, 45.691737], [15.965944, 45.691996], [15.965923, 45.692345], [15.966488, 45.692399], [15.966424, 45.692737], [15.965883, 45.692928], [15.965544, 45.692449], [15.965189, 45.692805], [15.965023, 45.693313], [15.96536, 45.693526], [15.964915, 45.694052], [15.965721, 45.69486], [15.965164, 45.695442], [15.965777, 45.695415], [15.966087, 45.695902], [15.966453, 45.69571], [15.966213, 45.696315], [15.966849, 45.696311], [15.966791, 45.696686], [15.967524, 45.696725], [15.967975, 45.697285], [15.968377, 45.697114], [15.968806, 45.697654], [15.968554, 45.697913], [15.969224, 45.697745], [15.969892, 45.6986], [15.970492, 45.698329], [15.970378, 45.698666], [15.970833, 45.69861], [15.970645, 45.698998], [15.971371, 45.699179], [15.971415, 45.699684], [15.97234, 45.700585], [15.973274, 45.700485], [15.973644, 45.70013], [15.974379, 45.700581], [15.975037, 45.700249], [15.975328, 45.700757], [15.975825, 45.700774], [15.975734, 45.701195], [15.976477, 45.701666], [15.976446, 45.703041], [15.977715, 45.703991], [15.977584, 45.704276], [15.978452, 45.704493], [15.978402, 45.704014], [15.978954, 45.703768], [15.97865, 45.703093], [15.97897, 45.702939], [15.978852, 45.703392], [15.97956, 45.703653], [15.979251, 45.70399], [15.980739, 45.704038], [15.982026, 45.706372], [15.982327, 45.709848], [15.98297, 45.710302], [15.984252, 45.710347], [15.984526, 45.711227], [15.985375, 45.711762], [15.986515, 45.713048], [15.987531, 45.713642], [15.987312, 45.714175], [15.987837, 45.714419], [15.987688, 45.714979], [15.985796, 45.715747], [15.985006, 45.715518], [15.983473, 45.716241], [15.983361, 45.716824], [15.984324, 45.717482], [15.985461, 45.717286], [15.986256, 45.718061], [15.988175, 45.716161], [15.989023, 45.716671], [15.989871, 45.716789], [15.991441, 45.716483], [15.992862, 45.716893], [15.99489, 45.718296], [15.996633, 45.717686], [15.99863, 45.719341], [15.999804, 45.719612], [16.000075, 45.719354], [16.001048, 45.719834], [16.004939, 45.719078], [16.009501, 45.719684], [16.012446, 45.718974], [16.014446, 45.718899], [16.01489, 45.720234], [16.016063, 45.720181], [16.018135, 45.720774], [16.017017, 45.722993], [16.01746, 45.724044], [16.018786, 45.724041], [16.018755, 45.725085], [16.017019, 45.725956], [16.016757, 45.726783], [16.015076, 45.727504], [16.017462, 45.729536], [16.01609, 45.730568], [16.016359, 45.732718], [16.017324, 45.736013], [16.019506, 45.737654], [16.017692, 45.738685], [16.017583, 45.739816], [16.018711, 45.740414], [16.01923, 45.740373], [16.019259, 45.74093], [16.019945, 45.741255], [16.019951, 45.741587], [16.019189, 45.742523], [16.017798, 45.743155], [16.015941, 45.743489], [16.019477, 45.74803], [16.024409, 45.752132], [16.025438, 45.753676], [16.025181, 45.754482], [16.026439, 45.753849], [16.027574, 45.755129], [16.029238, 45.754823], [16.033599, 45.755499], [16.034219, 45.755382], [16.034123, 45.754887], [16.036339, 45.754731], [16.038029, 45.755026], [16.036626, 45.757872], [16.037054, 45.75979], [16.038255, 45.760834], [16.038803, 45.761961], [16.043033, 45.759894], [16.046685, 45.758699], [16.050682, 45.758039], [16.054555, 45.758315], [16.05821, 45.759454], [16.060777, 45.760894], [16.063208, 45.763164], [16.066347, 45.767154], [16.068532, 45.769162], [16.075451, 45.772435], [16.078193, 45.774599], [16.079421, 45.775892], [16.079421, 45.775568], [16.083515, 45.778777], [16.090942, 45.78132], [16.094082, 45.782018], [16.098376, 45.78399], [16.102087, 45.78622], [16.104376, 45.787519], [16.107126, 45.7884], [16.1105, 45.788304], [16.117807, 45.787103], [16.119998, 45.787042], [16.123613, 45.78754], [16.123854, 45.787565], [16.128407, 45.786787], [16.134986, 45.783364], [16.139699, 45.779711], [16.143118, 45.776149], [16.143417, 45.774493], [16.1445, 45.773305], [16.147038, 45.772512], [16.148346, 45.771898], [16.149635, 45.770684], [16.150438, 45.769356], [16.150566, 45.767838], [16.150095, 45.766795], [16.150413, 45.765772], [16.154479, 45.762819], [16.15678, 45.761976], [16.157991, 45.76145], [16.16286, 45.75925], [16.166623, 45.758225], [16.167975, 45.757576], [16.170699, 45.755752], [16.177627, 45.74931], [16.179666, 45.748781], [16.181097, 45.748047], [16.183007, 45.747375], [16.18618, 45.747463], [16.192726, 45.749059], [16.196383, 45.748367], [16.198162, 45.74855], [16.198979, 45.749268], [16.199428, 45.751865], [16.200032, 45.752746], [16.201218, 45.753112], [16.201996, 45.753045], [16.206897, 45.750693], [16.21267, 45.747029], [16.216176, 45.745513], [16.219316, 45.745428], [16.218383, 45.746403], [16.222429, 45.747405], [16.225919, 45.748985], [16.228022, 45.748738], [16.229365, 45.747305], [16.229378, 45.745653], [16.22599, 45.741991], [16.22201, 45.736833], [16.220353, 45.737459], [16.215055, 45.740685], [16.213154, 45.739031], [16.209992, 45.737057], [16.207471, 45.73608], [16.206374, 45.738512], [16.201987, 45.736963], [16.20148, 45.738506], [16.197828, 45.737785], [16.197802, 45.737578], [16.194959, 45.737858], [16.195201, 45.739654], [16.198096, 45.739442], [16.19845, 45.741674], [16.194889, 45.741454], [16.192094, 45.741283], [16.190432, 45.741651], [16.189314, 45.74079], [16.187113, 45.733923], [16.186246, 45.732276], [16.185262, 45.73171], [16.181557, 45.733162], [16.175701, 45.725733], [16.175192, 45.725977], [16.173392, 45.72451], [16.168797, 45.724289], [16.168625, 45.723972], [16.170008, 45.723422], [16.173533, 45.723086], [16.173578, 45.722421], [16.173094, 45.721926], [16.173502, 45.720862], [16.17457, 45.720092], [16.17569, 45.71755], [16.172174, 45.715126], [16.172646, 45.712679], [16.171455, 45.712218], [16.165984, 45.711386], [16.166347, 45.710265], [16.166069, 45.709046], [16.166933, 45.708634], [16.168722, 45.706909], [16.173331, 45.708086], [16.178219, 45.708331], [16.179386, 45.704692], [16.178211, 45.703954], [16.178789, 45.703505], [16.178587, 45.703071], [16.179754, 45.702616], [16.184402, 45.699369], [16.184749, 45.698183], [16.18316, 45.697596], [16.183891, 45.696697], [16.186306, 45.697574], [16.187282, 45.696219], [16.186368, 45.69491], [16.191369, 45.693574], [16.191434, 45.692583], [16.19001, 45.692309], [16.190346, 45.690488], [16.191027, 45.689301], [16.191883, 45.688639], [16.192225, 45.68757], [16.193928, 45.686823], [16.195095, 45.685859], [16.19563, 45.684612], [16.195133, 45.683725], [16.193273, 45.682125], [16.19395, 45.681272], [16.195224, 45.680569], [16.194956, 45.680109], [16.194121, 45.679779], [16.194311, 45.678194], [16.195954, 45.676956], [16.198625, 45.667375], [16.199043, 45.667083], [16.200958, 45.665777], [16.200335, 45.664381], [16.203906, 45.662293], [16.2047, 45.66232], [16.205773, 45.66363], [16.207001, 45.664071], [16.20809, 45.663877], [16.208741, 45.663289], [16.209376, 45.660277], [16.214322, 45.655528], [16.215405, 45.655165], [16.217406, 45.655159], [16.220748, 45.656108], [16.222015, 45.655628], [16.222312, 45.654843], [16.221334, 45.652641], [16.222715, 45.649897], [16.223531, 45.648047], [16.228887, 45.643166], [16.226892, 45.640576], [16.227487, 45.639171], [16.227255, 45.637093], [16.228852, 45.635543], [16.229078, 45.634321], [16.228353, 45.633526], [16.226692, 45.633244], [16.225821, 45.632687], [16.225488, 45.630295], [16.225827, 45.629642], [16.230261, 45.629667], [16.234775, 45.631039], [16.239109, 45.630738], [16.240717, 45.629931], [16.241824, 45.63031], [16.242475, 45.630017], [16.241335, 45.628206], [16.241585, 45.627578], [16.241982, 45.627521], [16.244793, 45.629694], [16.24719, 45.629581], [16.247914, 45.630594], [16.249037, 45.630713], [16.249569, 45.629835], [16.248896, 45.628478], [16.249455, 45.628319], [16.251359, 45.628827], [16.252598, 45.628249], [16.25216, 45.625829], [16.252465, 45.624682], [16.254148, 45.622568], [16.254186, 45.62176], [16.254037, 45.619946], [16.252241, 45.618288], [16.251657, 45.617089], [16.251779, 45.616419], [16.252572, 45.615773], [16.254942, 45.615088], [16.25539, 45.614707], [16.255741, 45.614128], [16.255719, 45.612391], [16.257988, 45.611727], [16.259149, 45.608879], [16.260302, 45.607683], [16.26428, 45.605737], [16.266528, 45.605388], [16.265138, 45.603858], [16.264101, 45.603335], [16.264099, 45.602852], [16.263459, 45.602864], [16.263025, 45.602214], [16.262438, 45.602026], [16.261256, 45.602807], [16.260484, 45.602261], [16.257744, 45.602505], [16.255416, 45.601653], [16.254826, 45.602257], [16.254793, 45.603496], [16.253313, 45.602762], [16.251991, 45.601354], [16.250864, 45.600832], [16.251174, 45.600112], [16.250968, 45.59857], [16.251636, 45.597643], [16.250951, 45.597027], [16.250882, 45.595612], [16.249542, 45.595371], [16.24789, 45.594062], [16.246804, 45.591927], [16.244166, 45.591996], [16.242914, 45.591328], [16.242006, 45.591499], [16.240712, 45.592439], [16.239202, 45.592641], [16.238914, 45.593415], [16.243567, 45.596068], [16.240988, 45.598966], [16.236311, 45.602411], [16.235615, 45.603592], [16.236998, 45.604334], [16.235232, 45.606563], [16.233496, 45.608096], [16.23177, 45.608019], [16.223618, 45.608879], [16.216837, 45.609942], [16.202703, 45.609772], [16.204559, 45.604198], [16.204327, 45.603951], [16.203985, 45.604247], [16.202896, 45.605099], [16.201375, 45.605319], [16.198612, 45.606529], [16.196219, 45.608792], [16.194036, 45.613294], [16.194821, 45.6178], [16.194705, 45.61952], [16.190738, 45.627616], [16.189147, 45.629162], [16.186317, 45.634709], [16.18261, 45.638449], [16.180249, 45.639648], [16.17886, 45.639848], [16.178861, 45.63927], [16.17998, 45.638796], [16.179709, 45.638314], [16.178996, 45.638394], [16.178129, 45.637502], [16.177378, 45.638068], [16.176789, 45.637519], [16.176042, 45.638119], [16.174369, 45.637705], [16.172668, 45.63783], [16.172177, 45.638109], [16.17142, 45.637914], [16.171058, 45.638517], [16.170098, 45.638929], [16.169125, 45.639027], [16.166941, 45.638547], [16.165051, 45.638727], [16.164738, 45.639161], [16.164518, 45.638851], [16.162211, 45.638652], [16.161848, 45.638299], [16.15965, 45.637769], [16.15487, 45.637417], [16.154717, 45.637012], [16.153016, 45.63662], [16.15265, 45.636163], [16.151184, 45.636168], [16.150856, 45.635012], [16.149958, 45.634269], [16.149065, 45.634346], [16.151058, 45.632958], [16.146026, 45.628365], [16.147151, 45.627787], [16.141141, 45.621159], [16.139022, 45.622032], [16.136798, 45.619092], [16.13201, 45.614754], [16.128714, 45.615071], [16.128753, 45.615973], [16.12567, 45.616904], [16.123406, 45.616342], [16.122424, 45.61665], [16.1148, 45.616537], [16.107081, 45.614565], [16.106088, 45.616994], [16.10513, 45.618228], [16.105085, 45.618164], [16.102998, 45.619583], [16.099768, 45.624504], [16.098308, 45.623671], [16.092368, 45.620516], [16.088484, 45.618051], [16.076693, 45.61468], [16.072026, 45.612445], [16.070716, 45.612335], [16.068936, 45.611649], [16.067113, 45.609819], [16.065027, 45.605281], [16.06339, 45.602222], [16.062344, 45.601439], [16.061637, 45.601451], [16.059224, 45.600047], [16.057944, 45.599934], [16.057228, 45.599063], [16.056091, 45.599164], [16.054113, 45.599741], [16.052854, 45.599637], [16.051542, 45.598625], [16.050391, 45.598318], [16.049101, 45.598437], [16.04709, 45.599191], [16.047617, 45.601205], [16.046837, 45.602224], [16.046574, 45.603614], [16.046999, 45.605018], [16.046166, 45.606287], [16.046393, 45.606976], [16.043918, 45.605462], [16.043932, 45.604138], [16.04042, 45.604178], [16.040843, 45.601046], [16.039573, 45.601384], [16.03821, 45.601325], [16.036637, 45.602361], [16.035926, 45.603338], [16.035444, 45.602758], [16.034833, 45.602886], [16.034641, 45.602419], [16.033826, 45.602154], [16.034039, 45.60167], [16.033645, 45.601822], [16.033443, 45.601285], [16.03312, 45.601499], [16.032713, 45.601203], [16.031992, 45.601294], [16.031534, 45.601822], [16.030823, 45.601814], [16.027404, 45.600917], [16.02642, 45.601543], [16.022227, 45.599793], [16.020892, 45.59975], [16.01988, 45.599582], [16.017387, 45.600484], [16.016521, 45.600209], [16.015914, 45.600747], [16.015948, 45.601455], [16.014855, 45.601374], [16.01343, 45.601868], [16.010085, 45.601812], [16.009936, 45.602194], [16.008545, 45.60188], [16.006567, 45.600647], [16.005834, 45.598316], [16.001373, 45.598663], [15.998697, 45.59965], [15.99709, 45.5999], [15.995242, 45.601184], [15.995031, 45.601683], [15.994207, 45.600074], [15.99347, 45.599536], [15.993857, 45.598716], [15.993796, 45.597227], [15.992748, 45.595218], [15.991301, 45.594266], [15.989281, 45.593574], [15.988455, 45.592263], [15.988177, 45.591], [15.989676, 45.589082], [15.98958, 45.587204], [15.986812, 45.584961], [15.986146, 45.58394], [15.984456, 45.583061], [15.985707, 45.582609], [15.985598, 45.582144], [15.982973, 45.579461], [15.982433, 45.577448]]]}, "properties": {"id": 116, "razina": "jls", "name": "Velika Gorica", "jls_name": "Velika Gorica", "jls_maticni_broj": "05410", "zupanija": "Zagrebačka", "area_km2": 326.6394, "stanovnistvo": 61075, "naselja_count": 58, "partial": false, "historical_zone": "Jezgra Turopolja", "palette_idx": 0, "source": "DGU rpj:naselje (unija naselja)"}}, {"type": "Feature", "id": 117, "geometry": {"type": "Polygon", "coordinates": [[[15.960888, 45.47177], [15.953242, 45.470802], [15.948642, 45.469951], [15.945287, 45.470062], [15.935546, 45.473037], [15.928897, 45.473802], [15.926659, 45.47442], [15.923582, 45.476655], [15.922112, 45.478587], [15.917566, 45.484639], [15.916604, 45.487046], [15.918001, 45.489306], [15.923015, 45.494524], [15.924963, 45.498311], [15.92482, 45.501474], [15.922006, 45.505749], [15.920679, 45.513218], [15.919124, 45.5149], [15.912108, 45.520761], [15.910601, 45.522332], [15.909081, 45.524912], [15.905421, 45.528685], [15.902406, 45.530227], [15.902499, 45.530825], [15.901542, 45.531505], [15.901015, 45.532546], [15.902224, 45.532908], [15.903407, 45.532656], [15.903879, 45.533114], [15.903956, 45.533761], [15.90283, 45.534327], [15.903503, 45.535111], [15.902867, 45.535868], [15.904138, 45.536055], [15.904659, 45.537706], [15.905459, 45.537401], [15.904871, 45.536618], [15.905397, 45.536415], [15.906288, 45.536566], [15.906178, 45.537374], [15.908173, 45.53774], [15.90763, 45.538364], [15.906953, 45.538406], [15.906932, 45.538911], [15.907462, 45.539243], [15.908034, 45.539327], [15.908529, 45.538727], [15.909815, 45.539342], [15.908928, 45.539635], [15.90973, 45.540739], [15.908651, 45.54126], [15.909957, 45.542079], [15.909898, 45.543069], [15.908271, 45.543963], [15.908974, 45.544759], [15.908028, 45.545843], [15.90735, 45.546056], [15.907641, 45.546807], [15.906855, 45.546845], [15.906672, 45.547457], [15.907769, 45.547507], [15.907877, 45.548055], [15.90853, 45.548383], [15.908996, 45.548662], [15.909612, 45.548382], [15.910168, 45.548773], [15.910932, 45.548514], [15.911566, 45.548653], [15.911154, 45.549839], [15.910468, 45.550036], [15.910644, 45.55062], [15.911122, 45.55035], [15.911553, 45.551648], [15.912509, 45.551405], [15.914222, 45.551728], [15.913936, 45.552361], [15.914805, 45.552912], [15.916537, 45.552725], [15.916149, 45.55353], [15.917783, 45.553769], [15.917646, 45.554084], [15.918316, 45.554537], [15.917736, 45.555153], [15.918549, 45.555802], [15.919421, 45.555717], [15.919278, 45.556452], [15.919895, 45.556411], [15.920346, 45.557026], [15.919969, 45.557157], [15.920059, 45.557458], [15.921804, 45.55803], [15.9211, 45.558284], [15.921395, 45.558541], [15.921145, 45.558823], [15.922515, 45.559283], [15.922935, 45.560594], [15.923524, 45.560573], [15.923923, 45.561408], [15.923621, 45.562141], [15.924408, 45.562696], [15.924456, 45.563301], [15.925958, 45.56391], [15.925841, 45.564848], [15.926798, 45.563985], [15.927186, 45.564159], [15.927439, 45.564965], [15.927177, 45.564848], [15.926578, 45.565264], [15.927425, 45.566331], [15.926805, 45.566206], [15.926711, 45.56698], [15.927372, 45.567334], [15.928102, 45.5671], [15.928142, 45.567703], [15.92952, 45.568367], [15.929009, 45.568805], [15.930407, 45.569219], [15.931241, 45.56907], [15.931701, 45.569429], [15.932148, 45.569135], [15.933265, 45.569188], [15.934312, 45.569738], [15.935137, 45.569029], [15.936486, 45.569063], [15.936575, 45.569458], [15.937371, 45.56975], [15.939898, 45.569853], [15.940198, 45.569681], [15.939747, 45.569028], [15.940959, 45.569347], [15.94237, 45.568969], [15.94214, 45.56812], [15.942827, 45.567949], [15.942915, 45.568192], [15.943857, 45.568188], [15.944176, 45.56785], [15.945222, 45.567855], [15.945231, 45.567484], [15.945993, 45.56794], [15.94719, 45.568008], [15.947663, 45.567872], [15.94724, 45.567369], [15.947687, 45.567165], [15.948063, 45.567703], [15.949784, 45.568179], [15.950198, 45.568706], [15.951323, 45.568513], [15.951703, 45.568689], [15.951351, 45.569043], [15.951559, 45.569613], [15.952335, 45.569378], [15.953189, 45.569582], [15.953745, 45.568606], [15.954029, 45.569215], [15.954909, 45.569581], [15.957244, 45.568403], [15.958452, 45.568397], [15.958081, 45.567768], [15.958955, 45.567142], [15.959761, 45.567195], [15.960341, 45.567892], [15.962569, 45.566357], [15.962167, 45.566195], [15.961216, 45.566481], [15.961997, 45.565515], [15.962891, 45.565117], [15.963733, 45.565141], [15.963289, 45.564699], [15.963545, 45.564303], [15.963995, 45.564607], [15.964935, 45.564552], [15.964781, 45.564214], [15.965516, 45.563456], [15.966597, 45.563136], [15.967646, 45.563314], [15.967986, 45.562942], [15.968286, 45.563234], [15.969354, 45.56309], [15.970762, 45.563548], [15.971293, 45.562507], [15.970734, 45.562056], [15.972089, 45.561652], [15.972081, 45.561242], [15.97278, 45.56135], [15.973863, 45.561018], [15.97343, 45.56027], [15.974684, 45.559406], [15.974597, 45.558824], [15.976387, 45.559037], [15.977217, 45.558469], [15.978275, 45.558567], [15.977857, 45.558929], [15.978786, 45.559505], [15.978327, 45.55981], [15.978706, 45.560039], [15.978202, 45.560246], [15.979062, 45.560975], [15.978717, 45.561334], [15.979053, 45.561619], [15.978389, 45.562771], [15.979199, 45.562917], [15.97965, 45.562555], [15.980012, 45.563045], [15.978955, 45.564069], [15.980127, 45.564767], [15.97944, 45.565336], [15.980344, 45.565663], [15.98038, 45.566275], [15.980795, 45.566309], [15.981134, 45.566927], [15.982035, 45.566818], [15.982641, 45.56741], [15.982473, 45.567716], [15.983564, 45.56808], [15.983656, 45.568422], [15.98465, 45.569291], [15.985481, 45.569237], [15.985388, 45.569664], [15.986021, 45.570081], [15.985902, 45.569561], [15.986795, 45.569495], [15.986424, 45.570313], [15.986829, 45.570276], [15.987031, 45.570624], [15.988703, 45.570746], [15.988651, 45.57105], [15.989132, 45.571102], [15.988907, 45.571522], [15.989508, 45.571536], [15.989309, 45.572373], [15.990123, 45.572321], [15.989942, 45.572739], [15.990654, 45.574008], [15.990999, 45.57404], [15.990796, 45.573689], [15.991159, 45.573592], [15.991246, 45.573866], [15.991849, 45.573765], [15.992039, 45.574415], [15.991433, 45.574314], [15.991103, 45.574544], [15.991587, 45.574632], [15.991691, 45.575343], [15.992314, 45.575458], [15.992161, 45.576005], [15.993051, 45.575947], [15.992579, 45.576265], [15.992663, 45.57683], [15.993661, 45.576861], [15.993321, 45.577036], [15.993506, 45.577329], [15.992637, 45.577375], [15.992527, 45.57781], [15.993501, 45.57795], [15.993009, 45.578828], [15.993945, 45.578735], [15.994301, 45.579789], [15.994744, 45.579494], [15.995116, 45.57984], [15.995571, 45.579622], [15.996085, 45.58005], [15.996521, 45.579984], [15.996485, 45.580385], [15.997427, 45.580588], [15.998203, 45.581236], [15.998301, 45.581896], [15.998947, 45.582002], [15.999283, 45.583003], [15.999765, 45.582529], [16.000277, 45.582581], [16.001472, 45.583697], [16.001792, 45.58368], [16.001872, 45.583078], [16.002475, 45.583215], [16.002668, 45.582492], [16.001937, 45.58126], [16.002263, 45.580838], [16.003656, 45.580493], [16.002651, 45.578597], [16.003758, 45.576751], [16.009472, 45.575888], [16.010415, 45.574138], [16.00861, 45.573094], [16.008179, 45.571818], [16.00689, 45.570301], [16.00131, 45.56675], [16.001808, 45.566465], [16.001086, 45.565789], [16.001454, 45.565513], [16.000993, 45.564057], [16.00218, 45.56074], [16.001395, 45.55927], [16.00055, 45.559118], [16.000482, 45.558567], [15.999632, 45.557999], [16.00029, 45.557411], [15.999728, 45.553919], [16.002319, 45.554431], [16.005005, 45.554411], [16.007426, 45.554973], [16.00786, 45.554642], [16.009019, 45.554485], [16.010757, 45.553077], [16.013951, 45.552181], [16.015935, 45.55064], [16.016651, 45.549611], [16.016474, 45.547268], [16.019568, 45.547283], [16.020665, 45.546745], [16.020352, 45.546341], [16.020859, 45.545817], [16.020265, 45.545677], [16.020569, 45.545254], [16.020281, 45.545071], [16.020383, 45.544514], [16.020875, 45.54437], [16.022223, 45.544799], [16.023112, 45.544644], [16.024295, 45.543904], [16.025469, 45.543893], [16.027568, 45.545151], [16.030003, 45.545141], [16.030443, 45.545462], [16.034239, 45.546003], [16.035549, 45.546675], [16.036872, 45.546543], [16.038109, 45.545999], [16.038674, 45.545234], [16.041668, 45.544501], [16.043347, 45.541797], [16.044775, 45.540377], [16.045595, 45.541101], [16.047803, 45.541634], [16.050851, 45.541186], [16.051366, 45.541411], [16.051778, 45.541153], [16.052808, 45.54131], [16.053263, 45.540799], [16.05374, 45.540835], [16.053748, 45.540421], [16.055156, 45.540093], [16.055165, 45.538725], [16.055626, 45.538162], [16.056837, 45.538255], [16.057324, 45.537728], [16.058484, 45.538704], [16.058431, 45.536387], [16.05734, 45.534116], [16.057321, 45.533067], [16.057813, 45.532438], [16.056554, 45.531652], [16.05618, 45.530789], [16.056889, 45.528064], [16.056109, 45.526514], [16.056139, 45.525248], [16.057254, 45.522469], [16.058167, 45.521928], [16.06209, 45.520001], [16.066167, 45.516663], [16.069127, 45.516334], [16.069649, 45.51402], [16.073391, 45.508734], [16.073482, 45.50672], [16.071681, 45.505768], [16.06836, 45.505349], [16.066586, 45.50337], [16.065084, 45.502484], [16.062905, 45.501739], [16.065974, 45.496084], [16.0726, 45.489673], [16.072912, 45.488878], [16.073069, 45.488526], [16.071958, 45.487691], [16.07197, 45.4873], [16.070908, 45.486996], [16.070695, 45.487337], [16.070125, 45.487215], [16.070373, 45.486544], [16.06997, 45.486182], [16.069399, 45.486222], [16.069237, 45.486395], [16.06976, 45.486601], [16.069066, 45.486913], [16.068427, 45.48681], [16.068336, 45.486497], [16.067443, 45.486388], [16.067953, 45.486181], [16.067953, 45.48585], [16.06745, 45.486133], [16.066286, 45.486102], [16.066528, 45.485451], [16.066202, 45.485107], [16.065793, 45.485261], [16.064283, 45.484336], [16.063209, 45.484829], [16.058534, 45.484571], [16.056351, 45.483124], [16.054838, 45.479421], [16.056038, 45.477907], [16.056362, 45.476742], [16.056823, 45.476567], [16.060104, 45.469111], [16.059659, 45.46743], [16.05871, 45.467143], [16.052842, 45.473436], [16.043017, 45.479442], [16.041857, 45.481114], [16.041069, 45.483227], [16.03964, 45.484477], [16.036659, 45.485195], [16.031098, 45.484698], [16.022683, 45.485346], [16.020987, 45.485946], [16.018299, 45.488586], [16.016406, 45.488844], [16.012108, 45.488201], [16.008591, 45.486749], [16.005625, 45.484915], [16.003113, 45.482133], [16.002051, 45.480048], [15.998964, 45.476931], [15.995212, 45.474647], [15.988798, 45.471747], [15.984603, 45.47086], [15.980039, 45.470531], [15.977092, 45.469805], [15.975046, 45.469555], [15.973449, 45.469813], [15.969398, 45.470884], [15.969014, 45.470928], [15.960888, 45.47177]]]}, "properties": {"id": 117, "razina": "jls", "name": "Pokupsko", "jls_name": "Pokupsko", "jls_maticni_broj": "05444", "zupanija": "Zagrebačka", "area_km2": 105.8589, "stanovnistvo": 1926, "naselja_count": 14, "partial": false, "historical_zone": "Jezgra Turopolja", "palette_idx": 0, "source": "DGU rpj:naselje (unija naselja)"}}, {"type": "Feature", "id": 118, "geometry": {"type": "Polygon", "coordinates": [[[16.30131, 45.626735], [16.300537, 45.626102], [16.300186, 45.624858], [16.296775, 45.623567], [16.297233, 45.622598], [16.298252, 45.62174], [16.296746, 45.619935], [16.29544, 45.620235], [16.294635, 45.619484], [16.293589, 45.619229], [16.293724, 45.618108], [16.291248, 45.617504], [16.291639, 45.615445], [16.289495, 45.613231], [16.284114, 45.615584], [16.285213, 45.617698], [16.282836, 45.617566], [16.281909, 45.617772], [16.281749, 45.617482], [16.280137, 45.617405], [16.279193, 45.617854], [16.279101, 45.618649], [16.268641, 45.613554], [16.268188, 45.613337], [16.27415, 45.605929], [16.270675, 45.606177], [16.268485, 45.605306], [16.266528, 45.605388], [16.26428, 45.605737], [16.260302, 45.607683], [16.259149, 45.608879], [16.257988, 45.611727], [16.255719, 45.612391], [16.255741, 45.614128], [16.25539, 45.614707], [16.254942, 45.615088], [16.252572, 45.615773], [16.251779, 45.616419], [16.251657, 45.617089], [16.252241, 45.618288], [16.254037, 45.619946], [16.254186, 45.62176], [16.254148, 45.622568], [16.252465, 45.624682], [16.25216, 45.625829], [16.252598, 45.628249], [16.251359, 45.628827], [16.249455, 45.628319], [16.248896, 45.628478], [16.249569, 45.629835], [16.249037, 45.630713], [16.247914, 45.630594], [16.24719, 45.629581], [16.244793, 45.629694], [16.241982, 45.627521], [16.241585, 45.627578], [16.241335, 45.628206], [16.242475, 45.630017], [16.241824, 45.63031], [16.240717, 45.629931], [16.239109, 45.630738], [16.234775, 45.631039], [16.230261, 45.629667], [16.225827, 45.629642], [16.225488, 45.630295], [16.225821, 45.632687], [16.226692, 45.633244], [16.228353, 45.633526], [16.229078, 45.634321], [16.228852, 45.635543], [16.227255, 45.637093], [16.227487, 45.639171], [16.226892, 45.640576], [16.228887, 45.643166], [16.223531, 45.648047], [16.222715, 45.649897], [16.221334, 45.652641], [16.222312, 45.654843], [16.222015, 45.655628], [16.220748, 45.656108], [16.217406, 45.655159], [16.215405, 45.655165], [16.214322, 45.655528], [16.209376, 45.660277], [16.208741, 45.663289], [16.20809, 45.663877], [16.207001, 45.664071], [16.205773, 45.66363], [16.2047, 45.66232], [16.203906, 45.662293], [16.200335, 45.664381], [16.200958, 45.665777], [16.199043, 45.667083], [16.198625, 45.667375], [16.195954, 45.676956], [16.194311, 45.678194], [16.194121, 45.679779], [16.194956, 45.680109], [16.195224, 45.680569], [16.19395, 45.681272], [16.193273, 45.682125], [16.195133, 45.683725], [16.19563, 45.684612], [16.195095, 45.685859], [16.193928, 45.686823], [16.192225, 45.68757], [16.191883, 45.688639], [16.191027, 45.689301], [16.190346, 45.690488], [16.19001, 45.692309], [16.191434, 45.692583], [16.191369, 45.693574], [16.186368, 45.69491], [16.187282, 45.696219], [16.186306, 45.697574], [16.183891, 45.696697], [16.18316, 45.697596], [16.184749, 45.698183], [16.184402, 45.699369], [16.179754, 45.702616], [16.178587, 45.703071], [16.178789, 45.703505], [16.178211, 45.703954], [16.179386, 45.704692], [16.178219, 45.708331], [16.173331, 45.708086], [16.168722, 45.706909], [16.166933, 45.708634], [16.166069, 45.709046], [16.166347, 45.710265], [16.165984, 45.711386], [16.171455, 45.712218], [16.172646, 45.712679], [16.172174, 45.715126], [16.17569, 45.71755], [16.17457, 45.720092], [16.173502, 45.720862], [16.173094, 45.721926], [16.173578, 45.722421], [16.173533, 45.723086], [16.170008, 45.723422], [16.168625, 45.723972], [16.168797, 45.724289], [16.173392, 45.72451], [16.175192, 45.725977], [16.175701, 45.725733], [16.181557, 45.733162], [16.185262, 45.73171], [16.186246, 45.732276], [16.187113, 45.733923], [16.189314, 45.74079], [16.190432, 45.741651], [16.192094, 45.741283], [16.194889, 45.741454], [16.19845, 45.741674], [16.198096, 45.739442], [16.195201, 45.739654], [16.194959, 45.737858], [16.197802, 45.737578], [16.197828, 45.737785], [16.20148, 45.738506], [16.201987, 45.736963], [16.206374, 45.738512], [16.207471, 45.73608], [16.209992, 45.737057], [16.213154, 45.739031], [16.215055, 45.740685], [16.220353, 45.737459], [16.22201, 45.736833], [16.221985, 45.736806], [16.220789, 45.735403], [16.220877, 45.734861], [16.220036, 45.733412], [16.218708, 45.732098], [16.218405, 45.732138], [16.21751, 45.730909], [16.213348, 45.728254], [16.210434, 45.725697], [16.209223, 45.723353], [16.209842, 45.721673], [16.212477, 45.719009], [16.217706, 45.716539], [16.222777, 45.713154], [16.227041, 45.708968], [16.228248, 45.706791], [16.22874, 45.705111], [16.228449, 45.702729], [16.226833, 45.70021], [16.226056, 45.699257], [16.225733, 45.697581], [16.226123, 45.695301], [16.22773, 45.693839], [16.231499, 45.692279], [16.236804, 45.690875], [16.239962, 45.690375], [16.247017, 45.690462], [16.248448, 45.689427], [16.247218, 45.685579], [16.24852, 45.674895], [16.246956, 45.669096], [16.246897, 45.668364], [16.247836, 45.667591], [16.248783, 45.667374], [16.251011, 45.667515], [16.25809, 45.666477], [16.262425, 45.666432], [16.265202, 45.666778], [16.276448, 45.66932], [16.283931, 45.671591], [16.286593, 45.672112], [16.288099, 45.671498], [16.288097, 45.670438], [16.285619, 45.662632], [16.285578, 45.661205], [16.287159, 45.656964], [16.28845, 45.655044], [16.290549, 45.652991], [16.292138, 45.65054], [16.292924, 45.648447], [16.292399, 45.643115], [16.293658, 45.640633], [16.294773, 45.639217], [16.299134, 45.635212], [16.300175, 45.634819], [16.3018, 45.634938], [16.301887, 45.634577], [16.304306, 45.630902], [16.303095, 45.629834], [16.30131, 45.626735]]]}, "properties": {"id": 118, "razina": "jls", "name": "Orle", "jls_name": "Orle", "jls_maticni_broj": "05428", "zupanija": "Zagrebačka", "area_km2": 58.5698, "stanovnistvo": 1765, "naselja_count": 10, "partial": false, "historical_zone": "Jezgra Turopolja", "palette_idx": 0, "source": "DGU rpj:naselje (unija naselja)"}}, {"type": "Feature", "id": 119, "geometry": {"type": "Polygon", "coordinates": [[[16.069127, 45.516334], [16.066167, 45.516663], [16.06209, 45.520001], [16.058167, 45.521928], [16.057254, 45.522469], [16.056139, 45.525248], [16.056109, 45.526514], [16.056889, 45.528064], [16.05618, 45.530789], [16.056554, 45.531652], [16.057813, 45.532438], [16.057321, 45.533067], [16.05734, 45.534116], [16.058431, 45.536387], [16.058484, 45.538704], [16.057324, 45.537728], [16.056837, 45.538255], [16.055626, 45.538162], [16.055165, 45.538725], [16.055156, 45.540093], [16.053748, 45.540421], [16.05374, 45.540835], [16.053263, 45.540799], [16.052808, 45.54131], [16.051778, 45.541153], [16.051366, 45.541411], [16.050851, 45.541186], [16.047803, 45.541634], [16.045595, 45.541101], [16.044775, 45.540377], [16.043347, 45.541797], [16.041668, 45.544501], [16.038674, 45.545234], [16.038109, 45.545999], [16.036872, 45.546543], [16.035549, 45.546675], [16.034239, 45.546003], [16.030443, 45.545462], [16.030003, 45.545141], [16.027568, 45.545151], [16.025469, 45.543893], [16.024295, 45.543904], [16.023112, 45.544644], [16.022223, 45.544799], [16.020875, 45.54437], [16.020383, 45.544514], [16.020281, 45.545071], [16.020569, 45.545254], [16.020265, 45.545677], [16.020859, 45.545817], [16.020352, 45.546341], [16.020665, 45.546745], [16.019568, 45.547283], [16.016474, 45.547268], [16.016651, 45.549611], [16.015935, 45.55064], [16.013951, 45.552181], [16.010757, 45.553077], [16.009019, 45.554485], [16.00786, 45.554642], [16.007426, 45.554973], [16.005005, 45.554411], [16.002319, 45.554431], [15.999728, 45.553919], [16.00029, 45.557411], [15.999632, 45.557999], [16.000482, 45.558567], [16.00055, 45.559118], [16.001395, 45.55927], [16.00218, 45.56074], [16.000993, 45.564057], [16.001454, 45.565513], [16.001086, 45.565789], [16.001808, 45.566465], [16.00131, 45.56675], [16.00689, 45.570301], [16.008179, 45.571818], [16.00861, 45.573094], [16.010415, 45.574138], [16.009472, 45.575888], [16.003758, 45.576751], [16.002651, 45.578597], [16.003656, 45.580493], [16.002263, 45.580838], [16.001937, 45.58126], [16.002668, 45.582492], [16.002475, 45.583215], [16.001872, 45.583078], [16.001792, 45.58368], [16.001472, 45.583697], [16.000277, 45.582581], [15.999765, 45.582529], [15.999283, 45.583003], [15.998947, 45.582002], [15.998301, 45.581896], [15.998203, 45.581236], [15.997427, 45.580588], [15.996485, 45.580385], [15.996521, 45.579984], [15.996085, 45.58005], [15.995571, 45.579622], [15.995116, 45.57984], [15.994744, 45.579494], [15.994301, 45.579789], [15.993945, 45.578735], [15.993009, 45.578828], [15.993501, 45.57795], [15.992527, 45.57781], [15.992637, 45.577375], [15.993506, 45.577329], [15.993321, 45.577036], [15.993661, 45.576861], [15.992663, 45.57683], [15.992579, 45.576265], [15.993051, 45.575947], [15.992161, 45.576005], [15.992314, 45.575458], [15.991691, 45.575343], [15.991587, 45.574632], [15.991103, 45.574544], [15.991433, 45.574314], [15.992039, 45.574415], [15.991849, 45.573765], [15.991246, 45.573866], [15.991159, 45.573592], [15.990796, 45.573689], [15.990999, 45.57404], [15.990654, 45.574008], [15.989942, 45.572739], [15.990123, 45.572321], [15.989309, 45.572373], [15.989508, 45.571536], [15.988907, 45.571522], [15.989132, 45.571102], [15.988651, 45.57105], [15.988703, 45.570746], [15.987031, 45.570624], [15.986829, 45.570276], [15.986424, 45.570313], [15.986795, 45.569495], [15.985902, 45.569561], [15.986021, 45.570081], [15.985388, 45.569664], [15.985481, 45.569237], [15.98465, 45.569291], [15.983656, 45.568422], [15.982813, 45.56953], [15.982663, 45.57195], [15.982271, 45.57204], [15.983011, 45.572742], [15.983238, 45.573643], [15.983108, 45.574101], [15.982606, 45.574182], [15.982835, 45.575167], [15.982396, 45.575937], [15.982433, 45.577448], [15.982973, 45.579461], [15.985598, 45.582144], [15.985707, 45.582609], [15.984456, 45.583061], [15.986146, 45.58394], [15.986812, 45.584961], [15.98958, 45.587204], [15.989676, 45.589082], [15.988177, 45.591], [15.988455, 45.592263], [15.989281, 45.593574], [15.991301, 45.594266], [15.992748, 45.595218], [15.993796, 45.597227], [15.993857, 45.598716], [15.99347, 45.599536], [15.994207, 45.600074], [15.995031, 45.601683], [15.995242, 45.601184], [15.99709, 45.5999], [15.998697, 45.59965], [16.001373, 45.598663], [16.005834, 45.598316], [16.006567, 45.600647], [16.008545, 45.60188], [16.009936, 45.602194], [16.010085, 45.601812], [16.01343, 45.601868], [16.014855, 45.601374], [16.015948, 45.601455], [16.015914, 45.600747], [16.016521, 45.600209], [16.017387, 45.600484], [16.01988, 45.599582], [16.020892, 45.59975], [16.022227, 45.599793], [16.02642, 45.601543], [16.027404, 45.600917], [16.030823, 45.601814], [16.031534, 45.601822], [16.031992, 45.601294], [16.032713, 45.601203], [16.03312, 45.601499], [16.033443, 45.601285], [16.033645, 45.601822], [16.034039, 45.60167], [16.033826, 45.602154], [16.034641, 45.602419], [16.034833, 45.602886], [16.035444, 45.602758], [16.035926, 45.603338], [16.036637, 45.602361], [16.03821, 45.601325], [16.039573, 45.601384], [16.040843, 45.601046], [16.04042, 45.604178], [16.043932, 45.604138], [16.043918, 45.605462], [16.046393, 45.606976], [16.046166, 45.606287], [16.046999, 45.605018], [16.046574, 45.603614], [16.046837, 45.602224], [16.047617, 45.601205], [16.04709, 45.599191], [16.049101, 45.598437], [16.050391, 45.598318], [16.051542, 45.598625], [16.052854, 45.599637], [16.054113, 45.599741], [16.056091, 45.599164], [16.057228, 45.599063], [16.057944, 45.599934], [16.059224, 45.600047], [16.061637, 45.601451], [16.062344, 45.601439], [16.06339, 45.602222], [16.065027, 45.605281], [16.067113, 45.609819], [16.068936, 45.611649], [16.070716, 45.612335], [16.072026, 45.612445], [16.076693, 45.61468], [16.088484, 45.618051], [16.092368, 45.620516], [16.098308, 45.623671], [16.099768, 45.624504], [16.102998, 45.619583], [16.105085, 45.618164], [16.10513, 45.618228], [16.106088, 45.616994], [16.107081, 45.614565], [16.106729, 45.612224], [16.109775, 45.606573], [16.108309, 45.605879], [16.107153, 45.606326], [16.103001, 45.604766], [16.101775, 45.60483], [16.09693, 45.603775], [16.096411, 45.602683], [16.096844, 45.601748], [16.095312, 45.599395], [16.094784, 45.598892], [16.093042, 45.599277], [16.090382, 45.59904], [16.090059, 45.596413], [16.086568, 45.593324], [16.091071, 45.592579], [16.093692, 45.593745], [16.093863, 45.591725], [16.092661, 45.588737], [16.092722, 45.587567], [16.09615, 45.586501], [16.098702, 45.585237], [16.099371, 45.584897], [16.096182, 45.580605], [16.094445, 45.580597], [16.094661, 45.579774], [16.093146, 45.579794], [16.09206, 45.579121], [16.090104, 45.57929], [16.088899, 45.578187], [16.087511, 45.578764], [16.084799, 45.578349], [16.082907, 45.576943], [16.08042, 45.573584], [16.075914, 45.576233], [16.075218, 45.575702], [16.074766, 45.574262], [16.07436, 45.57461], [16.074018, 45.574227], [16.072757, 45.573981], [16.073255, 45.57374], [16.07299, 45.573413], [16.071629, 45.573261], [16.07184, 45.573093], [16.071196, 45.572683], [16.070289, 45.572698], [16.070129, 45.572411], [16.069799, 45.572584], [16.069962, 45.572232], [16.068884, 45.571797], [16.067988, 45.570293], [16.067479, 45.570283], [16.065634, 45.569185], [16.064643, 45.567072], [16.063563, 45.56636], [16.063298, 45.564193], [16.062744, 45.563741], [16.061812, 45.561427], [16.064836, 45.561695], [16.066121, 45.560659], [16.070158, 45.559464], [16.071423, 45.558287], [16.072708, 45.553926], [16.07308, 45.553592], [16.076809, 45.552788], [16.079956, 45.551627], [16.083511, 45.549242], [16.08386, 45.547164], [16.090591, 45.544172], [16.091581, 45.543211], [16.0929, 45.542692], [16.095415, 45.541027], [16.096553, 45.539921], [16.09865, 45.539283], [16.100922, 45.539213], [16.102488, 45.537798], [16.103376, 45.535559], [16.104552, 45.535338], [16.103852, 45.534388], [16.103572, 45.532448], [16.101197, 45.530797], [16.100217, 45.527803], [16.099703, 45.527176], [16.098513, 45.527097], [16.097359, 45.526144], [16.097568, 45.524949], [16.097064, 45.524885], [16.09805, 45.52454], [16.09764, 45.524251], [16.09843, 45.524051], [16.097901, 45.523973], [16.097859, 45.523662], [16.098382, 45.523765], [16.098553, 45.523362], [16.099051, 45.523388], [16.098774, 45.523038], [16.098106, 45.523092], [16.099211, 45.522528], [16.098929, 45.522203], [16.099433, 45.522041], [16.099027, 45.521132], [16.099788, 45.520609], [16.099435, 45.519407], [16.099884, 45.519016], [16.099253, 45.518959], [16.099515, 45.51867], [16.098964, 45.518649], [16.098877, 45.518151], [16.09822, 45.51782], [16.098958, 45.517121], [16.09934, 45.517398], [16.100341, 45.517277], [16.099999, 45.516426], [16.100522, 45.516141], [16.099915, 45.51591], [16.099891, 45.515139], [16.100847, 45.514869], [16.099746, 45.514251], [16.1007, 45.513359], [16.100064, 45.512736], [16.100855, 45.512718], [16.10047, 45.511618], [16.100071, 45.511422], [16.100267, 45.51117], [16.099839, 45.511653], [16.099418, 45.511447], [16.099591, 45.510686], [16.100753, 45.510047], [16.100687, 45.509823], [16.101563, 45.509886], [16.101621, 45.509295], [16.102422, 45.509347], [16.102084, 45.509036], [16.102501, 45.50867], [16.103239, 45.508846], [16.102674, 45.507857], [16.104051, 45.507619], [16.103028, 45.507148], [16.103198, 45.50682], [16.103895, 45.507014], [16.104225, 45.506633], [16.105091, 45.506885], [16.104884, 45.50597], [16.105585, 45.505532], [16.106046, 45.505515], [16.105866, 45.505935], [16.106316, 45.506042], [16.106572, 45.505465], [16.107197, 45.505615], [16.106851, 45.505163], [16.107263, 45.504867], [16.106926, 45.504638], [16.108114, 45.504505], [16.107414, 45.503838], [16.108202, 45.503463], [16.10739, 45.503003], [16.107435, 45.502015], [16.105053, 45.503029], [16.10263, 45.504948], [16.09659, 45.508128], [16.093484, 45.5088], [16.091344, 45.509815], [16.08957, 45.510159], [16.086802, 45.510356], [16.084282, 45.509995], [16.080677, 45.510155], [16.078909, 45.509878], [16.075864, 45.508575], [16.073482, 45.50672], [16.073391, 45.508734], [16.069649, 45.51402], [16.069127, 45.516334]]]}, "properties": {"id": 119, "razina": "jls", "name": "Kravarsko", "jls_name": "Kravarsko", "jls_maticni_broj": "05452", "zupanija": "Zagrebačka", "area_km2": 58.2863, "stanovnistvo": 1824, "naselja_count": 10, "partial": false, "historical_zone": "Jezgra Turopolja", "palette_idx": 0, "source": "DGU rpj:naselje (unija naselja)"}}, {"type": "Feature", "id": 120, "geometry": {"type": "Polygon", "coordinates": [[[15.938267, 45.628738], [15.93866, 45.627755], [15.938078, 45.627433], [15.938029, 45.626679], [15.937261, 45.626093], [15.936707, 45.624821], [15.935192, 45.623572], [15.932168, 45.62189], [15.93148, 45.622034], [15.929549, 45.621551], [15.928624, 45.621638], [15.926643, 45.620155], [15.92505, 45.619725], [15.924001, 45.618886], [15.920736, 45.614746], [15.919944, 45.614238], [15.919237, 45.613989], [15.918382, 45.615132], [15.91724, 45.61589], [15.915641, 45.615916], [15.915214, 45.615243], [15.914072, 45.616401], [15.912178, 45.61702], [15.909547, 45.616424], [15.907807, 45.618122], [15.905872, 45.618386], [15.906272, 45.619369], [15.905771, 45.620191], [15.904264, 45.620349], [15.902338, 45.619862], [15.90183, 45.619974], [15.901663, 45.620626], [15.899061, 45.621701], [15.898442, 45.622304], [15.901919, 45.627075], [15.904376, 45.628896], [15.905641, 45.631076], [15.908278, 45.632381], [15.90978, 45.632934], [15.912354, 45.635448], [15.916103, 45.636503], [15.917072, 45.637301], [15.917589, 45.638281], [15.919949, 45.639721], [15.921397, 45.640564], [15.922936, 45.640081], [15.925384, 45.639805], [15.926715, 45.640978], [15.927206, 45.64353], [15.929959, 45.644501], [15.930983, 45.645701], [15.932183, 45.646363], [15.933181, 45.647521], [15.934059, 45.64958], [15.935595, 45.649145], [15.938195, 45.652724], [15.940469, 45.654864], [15.939789, 45.654852], [15.940068, 45.656066], [15.939191, 45.658039], [15.939119, 45.659663], [15.938205, 45.660083], [15.938996, 45.660879], [15.939973, 45.660464], [15.939982, 45.661565], [15.940461, 45.661762], [15.940315, 45.662244], [15.940951, 45.662534], [15.940671, 45.663115], [15.940334, 45.662833], [15.939464, 45.66305], [15.93883, 45.664277], [15.939214, 45.664497], [15.939428, 45.665464], [15.940434, 45.665975], [15.939702, 45.666521], [15.939846, 45.666881], [15.940657, 45.666798], [15.940729, 45.667334], [15.941499, 45.667575], [15.941352, 45.668208], [15.941992, 45.668154], [15.941968, 45.668594], [15.942444, 45.668367], [15.942542, 45.668907], [15.943222, 45.668893], [15.943592, 45.669256], [15.943167, 45.669426], [15.943646, 45.670172], [15.943321, 45.670714], [15.942939, 45.670741], [15.943186, 45.671651], [15.94225, 45.671644], [15.94258, 45.67208], [15.942073, 45.671957], [15.942364, 45.672277], [15.941924, 45.672457], [15.941777, 45.672217], [15.94108, 45.672431], [15.941389, 45.672081], [15.940865, 45.672037], [15.940541, 45.672352], [15.940839, 45.672646], [15.93982, 45.672773], [15.939262, 45.673174], [15.939657, 45.673383], [15.939265, 45.673572], [15.938979, 45.673382], [15.938871, 45.673769], [15.938544, 45.673596], [15.938692, 45.673212], [15.938177, 45.673262], [15.938006, 45.673597], [15.937424, 45.673654], [15.937493, 45.673941], [15.937002, 45.67398], [15.936886, 45.674536], [15.935707, 45.674619], [15.936037, 45.674879], [15.935752, 45.675281], [15.934698, 45.675502], [15.934456, 45.675191], [15.934005, 45.675404], [15.934323, 45.676097], [15.93475, 45.676223], [15.933343, 45.676693], [15.933911, 45.67708], [15.932972, 45.677217], [15.933057, 45.677542], [15.932273, 45.677637], [15.931971, 45.677205], [15.931256, 45.677585], [15.93191, 45.677678], [15.932046, 45.678102], [15.931056, 45.677952], [15.931364, 45.678379], [15.931122, 45.678595], [15.932016, 45.678559], [15.932437, 45.678848], [15.93167, 45.679027], [15.931921, 45.679748], [15.931564, 45.679776], [15.931412, 45.6793], [15.931225, 45.679924], [15.930839, 45.679705], [15.930777, 45.680049], [15.931308, 45.680286], [15.931101, 45.680547], [15.930165, 45.680594], [15.930628, 45.680305], [15.93005, 45.680129], [15.929658, 45.67952], [15.929848, 45.678989], [15.928753, 45.678721], [15.928791, 45.678512], [15.929151, 45.678629], [15.928703, 45.678149], [15.929041, 45.678067], [15.929205, 45.677851], [15.92919, 45.677804], [15.928913, 45.677976], [15.928645, 45.677691], [15.92801, 45.677715], [15.928672, 45.677158], [15.928216, 45.677248], [15.928224, 45.676632], [15.927476, 45.67658], [15.927406, 45.676187], [15.925616, 45.676623], [15.925066, 45.676168], [15.926119, 45.675919], [15.92516, 45.675975], [15.9254, 45.67541], [15.924785, 45.675651], [15.924061, 45.675089], [15.924306, 45.675793], [15.923509, 45.675373], [15.923448, 45.675943], [15.922653, 45.675584], [15.923282, 45.675249], [15.922264, 45.675387], [15.922454, 45.674747], [15.921878, 45.675125], [15.921505, 45.675089], [15.921377, 45.674575], [15.920561, 45.67473], [15.920266, 45.674331], [15.92086, 45.674303], [15.920698, 45.673937], [15.921562, 45.673691], [15.921339, 45.673278], [15.921046, 45.673655], [15.920652, 45.67355], [15.920761, 45.673082], [15.920425, 45.673327], [15.920179, 45.672804], [15.918543, 45.672827], [15.918145, 45.673368], [15.917862, 45.673039], [15.917541, 45.673722], [15.916526, 45.674044], [15.916725, 45.674308], [15.917208, 45.673975], [15.917389, 45.674289], [15.916398, 45.674898], [15.916368, 45.67445], [15.914604, 45.674367], [15.914674, 45.673782], [15.914408, 45.674275], [15.914129, 45.673689], [15.91309, 45.673833], [15.913327, 45.673098], [15.912381, 45.673308], [15.912236, 45.673077], [15.912646, 45.673183], [15.912665, 45.672917], [15.912113, 45.672518], [15.911788, 45.673369], [15.91172, 45.672907], [15.910379, 45.673363], [15.910541, 45.67289], [15.909594, 45.673089], [15.910091, 45.672396], [15.909746, 45.672336], [15.909536, 45.672836], [15.909351, 45.672307], [15.909002, 45.672198], [15.909075, 45.672692], [15.908567, 45.672234], [15.908116, 45.672249], [15.90802, 45.672529], [15.908515, 45.672617], [15.90806, 45.673242], [15.907861, 45.672757], [15.907302, 45.672555], [15.907025, 45.672891], [15.90646, 45.672785], [15.906125, 45.673165], [15.904878, 45.673433], [15.904803, 45.672782], [15.904326, 45.672636], [15.903293, 45.673059], [15.903175, 45.671945], [15.902325, 45.672094], [15.901641, 45.671554], [15.901514, 45.671871], [15.900476, 45.671728], [15.899859, 45.671], [15.899674, 45.671572], [15.899373, 45.671092], [15.899291, 45.671512], [15.898412, 45.67152], [15.898005, 45.670761], [15.898602, 45.670451], [15.898279, 45.669089], [15.893964, 45.669382], [15.891758, 45.66993], [15.888641, 45.669954], [15.889296, 45.67063], [15.88887, 45.671041], [15.88927, 45.671328], [15.888778, 45.672196], [15.889693, 45.672221], [15.890168, 45.67286], [15.889102, 45.673152], [15.889688, 45.673118], [15.889701, 45.673441], [15.890174, 45.673444], [15.891183, 45.673779], [15.890855, 45.674068], [15.891668, 45.674091], [15.89102, 45.674598], [15.891915, 45.674569], [15.891774, 45.675243], [15.892437, 45.675089], [15.892325, 45.675518], [15.892753, 45.675539], [15.892394, 45.675824], [15.893103, 45.675627], [15.893373, 45.675825], [15.892867, 45.676112], [15.89268, 45.675958], [15.89268, 45.676089], [15.892825, 45.676237], [15.893489, 45.676042], [15.893654, 45.676435], [15.893224, 45.676427], [15.893518, 45.676538], [15.893987, 45.676529], [15.893789, 45.676755], [15.89512, 45.677328], [15.894593, 45.67771], [15.894156, 45.677458], [15.894156, 45.677811], [15.893609, 45.678045], [15.894494, 45.678762], [15.893938, 45.678886], [15.894497, 45.679091], [15.895131, 45.679951], [15.895541, 45.679629], [15.896093, 45.680631], [15.89643, 45.680522], [15.896487, 45.680841], [15.896768, 45.68074], [15.897464, 45.68123], [15.897197, 45.681422], [15.897641, 45.681698], [15.897309, 45.681851], [15.897678, 45.681923], [15.897232, 45.682274], [15.897485, 45.68219], [15.897636, 45.682531], [15.898074, 45.682355], [15.898141, 45.683101], [15.898516, 45.683238], [15.898068, 45.683451], [15.898564, 45.683436], [15.89841, 45.683837], [15.899084, 45.684153], [15.899237, 45.685403], [15.900747, 45.686168], [15.899985, 45.686729], [15.900623, 45.686858], [15.899924, 45.687021], [15.899981, 45.687269], [15.900534, 45.68731], [15.899987, 45.687877], [15.9008, 45.688034], [15.900286, 45.688262], [15.900801, 45.688422], [15.900189, 45.688575], [15.901202, 45.68904], [15.900814, 45.689253], [15.901449, 45.689974], [15.901134, 45.690533], [15.901915, 45.692178], [15.902509, 45.692835], [15.90414, 45.69347], [15.903294, 45.694307], [15.90325, 45.694901], [15.902514, 45.694971], [15.903333, 45.697195], [15.902584, 45.697713], [15.902794, 45.69803], [15.90238, 45.69833], [15.90285, 45.69869], [15.902039, 45.699123], [15.900226, 45.698321], [15.898349, 45.699018], [15.897226, 45.699027], [15.896411, 45.700427], [15.895583, 45.700882], [15.896455, 45.702545], [15.8981, 45.703185], [15.900752, 45.704816], [15.898811, 45.705639], [15.898236, 45.705208], [15.897725, 45.706001], [15.895995, 45.705365], [15.895198, 45.706259], [15.893146, 45.705604], [15.891565, 45.706891], [15.890456, 45.706146], [15.8897, 45.706677], [15.887529, 45.705591], [15.886141, 45.706873], [15.88427, 45.706233], [15.883954, 45.706686], [15.882558, 45.707178], [15.879491, 45.706125], [15.878416, 45.706552], [15.877732, 45.706309], [15.875544, 45.70652], [15.875329, 45.706313], [15.87508, 45.706614], [15.873454, 45.706735], [15.87671, 45.709092], [15.878487, 45.711521], [15.880012, 45.712648], [15.882004, 45.713853], [15.883536, 45.714175], [15.885441, 45.715634], [15.89124, 45.71788], [15.893515, 45.715638], [15.894116, 45.714257], [15.896218, 45.715075], [15.897529, 45.713868], [15.898901, 45.713407], [15.898815, 45.71315], [15.899309, 45.71291], [15.900709, 45.714268], [15.901885, 45.717707], [15.903298, 45.719019], [15.902046, 45.719474], [15.902293, 45.720538], [15.904714, 45.721118], [15.906004, 45.72286], [15.907512, 45.722414], [15.907645, 45.722844], [15.908061, 45.722711], [15.908625, 45.723484], [15.91009, 45.724382], [15.909891, 45.724551], [15.912566, 45.726039], [15.912603, 45.726731], [15.911817, 45.726974], [15.912777, 45.729603], [15.925198, 45.724894], [15.932508, 45.738987], [15.932403, 45.742664], [15.936761, 45.742141], [15.937472, 45.743411], [15.938432, 45.744123], [15.939447, 45.746241], [15.941092, 45.74809], [15.941885, 45.749183], [15.954191, 45.750648], [15.957508, 45.748874], [15.960917, 45.749018], [15.963489, 45.748244], [15.963659, 45.748484], [15.964397, 45.747822], [15.967375, 45.746851], [15.968004, 45.747918], [15.968438, 45.747347], [15.971993, 45.749009], [15.971022, 45.749652], [15.97061, 45.750732], [15.96965, 45.750693], [15.969135, 45.750985], [15.968952, 45.752403], [15.975524, 45.752967], [15.98396, 45.753076], [15.984574, 45.753076], [15.984824, 45.753295], [15.98435, 45.753662], [15.985053, 45.753724], [15.984275, 45.754777], [15.98472, 45.756111], [15.985616, 45.756874], [15.986902, 45.757353], [15.988431, 45.75745], [15.996796, 45.756679], [15.998362, 45.756981], [15.998958, 45.755082], [15.998595, 45.755058], [15.998319, 45.753279], [16.002447, 45.753636], [16.000974, 45.751087], [16.004149, 45.749663], [16.004859, 45.750486], [16.011354, 45.747793], [16.012201, 45.748819], [16.012453, 45.750064], [16.016012, 45.74941], [16.019477, 45.74803], [16.015941, 45.743489], [16.017798, 45.743155], [16.019189, 45.742523], [16.019951, 45.741587], [16.019945, 45.741255], [16.019259, 45.74093], [16.01923, 45.740373], [16.018711, 45.740414], [16.017583, 45.739816], [16.017692, 45.738685], [16.019506, 45.737654], [16.017324, 45.736013], [16.016359, 45.732718], [16.01609, 45.730568], [16.017462, 45.729536], [16.015076, 45.727504], [16.016757, 45.726783], [16.017019, 45.725956], [16.018755, 45.725085], [16.018786, 45.724041], [16.01746, 45.724044], [16.017017, 45.722993], [16.018135, 45.720774], [16.016063, 45.720181], [16.01489, 45.720234], [16.014446, 45.718899], [16.012446, 45.718974], [16.009501, 45.719684], [16.004939, 45.719078], [16.001048, 45.719834], [16.000075, 45.719354], [15.999804, 45.719612], [15.99863, 45.719341], [15.996633, 45.717686], [15.99489, 45.718296], [15.992862, 45.716893], [15.991441, 45.716483], [15.989871, 45.716789], [15.989023, 45.716671], [15.988175, 45.716161], [15.986256, 45.718061], [15.985461, 45.717286], [15.984324, 45.717482], [15.983361, 45.716824], [15.983473, 45.716241], [15.985006, 45.715518], [15.985796, 45.715747], [15.987688, 45.714979], [15.987837, 45.714419], [15.987312, 45.714175], [15.987531, 45.713642], [15.986515, 45.713048], [15.985375, 45.711762], [15.984526, 45.711227], [15.984252, 45.710347], [15.98297, 45.710302], [15.982327, 45.709848], [15.982026, 45.706372], [15.980739, 45.704038], [15.979251, 45.70399], [15.97956, 45.703653], [15.978852, 45.703392], [15.97897, 45.702939], [15.97865, 45.703093], [15.978954, 45.703768], [15.978402, 45.704014], [15.978452, 45.704493], [15.977584, 45.704276], [15.977715, 45.703991], [15.976446, 45.703041], [15.976477, 45.701666], [15.975734, 45.701195], [15.975825, 45.700774], [15.975328, 45.700757], [15.975037, 45.700249], [15.974379, 45.700581], [15.973644, 45.70013], [15.973274, 45.700485], [15.97234, 45.700585], [15.971415, 45.699684], [15.971371, 45.699179], [15.970645, 45.698998], [15.970833, 45.69861], [15.970378, 45.698666], [15.970492, 45.698329], [15.969892, 45.6986], [15.969224, 45.697745], [15.968554, 45.697913], [15.968806, 45.697654], [15.968377, 45.697114], [15.967975, 45.697285], [15.967524, 45.696725], [15.966791, 45.696686], [15.966849, 45.696311], [15.966213, 45.696315], [15.966453, 45.69571], [15.966087, 45.695902], [15.965777, 45.695415], [15.965164, 45.695442], [15.965721, 45.69486], [15.964915, 45.694052], [15.96536, 45.693526], [15.965023, 45.693313], [15.965189, 45.692805], [15.965544, 45.692449], [15.965883, 45.692928], [15.966424, 45.692737], [15.966488, 45.692399], [15.965923, 45.692345], [15.965944, 45.691996], [15.966607, 45.691737], [15.966112, 45.69138], [15.966046, 45.690808], [15.965725, 45.691177], [15.964897, 45.691291], [15.965177, 45.69048], [15.963806, 45.690458], [15.963713, 45.69024], [15.964229, 45.690229], [15.965228, 45.689566], [15.963994, 45.689484], [15.964528, 45.689351], [15.964903, 45.688337], [15.964475, 45.687113], [15.964949, 45.687077], [15.96462, 45.686546], [15.965081, 45.686091], [15.964782, 45.68581], [15.965586, 45.685212], [15.965905, 45.684327], [15.965628, 45.683949], [15.966782, 45.682442], [15.967322, 45.682464], [15.967885, 45.681237], [15.967529, 45.681097], [15.967604, 45.680504], [15.96661, 45.680553], [15.966312, 45.680278], [15.966851, 45.679461], [15.966971, 45.678345], [15.96651, 45.678303], [15.966955, 45.677568], [15.966361, 45.676888], [15.965966, 45.676873], [15.966319, 45.676548], [15.96574, 45.676051], [15.966386, 45.675713], [15.965755, 45.675694], [15.965974, 45.675282], [15.965395, 45.675185], [15.965548, 45.674452], [15.96506, 45.674401], [15.965394, 45.673996], [15.964924, 45.673947], [15.964663, 45.673314], [15.965173, 45.672943], [15.965275, 45.67191], [15.966033, 45.671193], [15.966231, 45.670834], [15.96579, 45.670271], [15.96526, 45.670285], [15.962785, 45.668561], [15.962913, 45.667462], [15.961866, 45.666296], [15.961118, 45.665844], [15.959804, 45.665703], [15.958908, 45.664881], [15.958787, 45.663255], [15.957162, 45.660223], [15.957732, 45.658193], [15.956657, 45.656102], [15.952166, 45.654936], [15.950978, 45.65314], [15.949333, 45.652272], [15.949083, 45.65179], [15.948456, 45.651658], [15.949401, 45.647474], [15.949177, 45.646048], [15.950015, 45.642842], [15.94979, 45.640751], [15.950535, 45.637457], [15.948816, 45.634895], [15.947931, 45.634245], [15.946797, 45.631917], [15.947262, 45.630034], [15.947025, 45.629652], [15.942043, 45.631538], [15.940818, 45.630211], [15.938755, 45.62988], [15.938267, 45.628738]]]}, "properties": {"id": 120, "razina": "jls", "name": "Grad Zagreb", "jls_name": "Grad Zagreb", "jls_maticni_broj": "01333", "zupanija": "Grad Zagreb", "area_km2": 68.2906, "stanovnistvo": 13247, "naselja_count": 15, "partial": true, "historical_zone": "Zagrebački dio", "palette_idx": 0, "source": "DGU rpj:naselje (unija naselja)"}}, {"type": "Feature", "id": 121, "geometry": {"type": "Polygon", "coordinates": [[[16.192332, 45.533216], [16.18389, 45.532671], [16.183423, 45.531411], [16.18388, 45.530541], [16.185438, 45.530226], [16.185561, 45.529713], [16.183267, 45.527817], [16.183478, 45.527512], [16.183012, 45.526905], [16.183866, 45.525682], [16.181262, 45.523765], [16.183623, 45.522118], [16.18246, 45.521694], [16.179354, 45.522591], [16.178672, 45.519952], [16.177062, 45.519793], [16.176175, 45.521178], [16.174294, 45.521302], [16.173757, 45.520896], [16.17296, 45.520934], [16.172285, 45.521457], [16.169115, 45.522447], [16.167135, 45.521345], [16.166494, 45.521133], [16.165192, 45.521271], [16.162045, 45.519862], [16.159602, 45.520052], [16.154535, 45.519561], [16.154403, 45.520302], [16.156903, 45.522823], [16.158367, 45.525675], [16.157721, 45.526836], [16.1565, 45.527265], [16.155879, 45.528143], [16.150172, 45.531478], [16.149216, 45.532944], [16.145795, 45.53218], [16.144518, 45.531558], [16.141506, 45.53202], [16.137713, 45.53112], [16.136043, 45.530315], [16.135319, 45.529609], [16.13186, 45.528627], [16.132081, 45.527852], [16.131152, 45.527081], [16.129716, 45.526818], [16.12956, 45.526329], [16.128724, 45.527014], [16.12755, 45.527226], [16.123673, 45.526102], [16.123414, 45.526493], [16.122166, 45.526809], [16.12083, 45.528195], [16.119714, 45.527686], [16.116811, 45.527213], [16.115532, 45.528092], [16.114779, 45.530388], [16.1115, 45.533754], [16.10906, 45.533458], [16.107883, 45.534955], [16.107265, 45.534932], [16.106568, 45.534387], [16.105779, 45.535128], [16.104552, 45.535338], [16.103376, 45.535559], [16.102488, 45.537798], [16.100922, 45.539213], [16.09865, 45.539283], [16.096553, 45.539921], [16.095415, 45.541027], [16.0929, 45.542692], [16.091581, 45.543211], [16.090591, 45.544172], [16.08386, 45.547164], [16.083511, 45.549242], [16.079956, 45.551627], [16.076809, 45.552788], [16.07308, 45.553592], [16.072708, 45.553926], [16.071423, 45.558287], [16.070158, 45.559464], [16.066121, 45.560659], [16.064836, 45.561695], [16.061812, 45.561427], [16.062744, 45.563741], [16.063298, 45.564193], [16.063563, 45.56636], [16.064643, 45.567072], [16.065634, 45.569185], [16.067479, 45.570283], [16.067988, 45.570293], [16.068884, 45.571797], [16.069962, 45.572232], [16.069799, 45.572584], [16.070129, 45.572411], [16.070289, 45.572698], [16.071196, 45.572683], [16.07184, 45.573093], [16.071629, 45.573261], [16.07299, 45.573413], [16.073255, 45.57374], [16.072757, 45.573981], [16.074018, 45.574227], [16.07436, 45.57461], [16.074766, 45.574262], [16.075218, 45.575702], [16.075914, 45.576233], [16.08042, 45.573584], [16.082907, 45.576943], [16.084799, 45.578349], [16.087511, 45.578764], [16.088899, 45.578187], [16.090104, 45.57929], [16.09206, 45.579121], [16.093146, 45.579794], [16.094661, 45.579774], [16.094445, 45.580597], [16.096182, 45.580605], [16.099371, 45.584897], [16.098702, 45.585237], [16.09615, 45.586501], [16.092722, 45.587567], [16.092661, 45.588737], [16.093863, 45.591725], [16.093692, 45.593745], [16.091071, 45.592579], [16.086568, 45.593324], [16.090059, 45.596413], [16.090382, 45.59904], [16.093042, 45.599277], [16.094784, 45.598892], [16.095312, 45.599395], [16.096844, 45.601748], [16.096411, 45.602683], [16.09693, 45.603775], [16.101775, 45.60483], [16.103001, 45.604766], [16.107153, 45.606326], [16.108309, 45.605879], [16.109775, 45.606573], [16.106729, 45.612224], [16.107081, 45.614565], [16.1148, 45.616537], [16.122424, 45.61665], [16.123406, 45.616342], [16.12567, 45.616904], [16.128753, 45.615973], [16.128714, 45.615071], [16.13201, 45.614754], [16.136798, 45.619092], [16.139022, 45.622032], [16.141141, 45.621159], [16.147151, 45.627787], [16.146026, 45.628365], [16.151058, 45.632958], [16.149065, 45.634346], [16.149958, 45.634269], [16.150856, 45.635012], [16.151184, 45.636168], [16.15265, 45.636163], [16.153016, 45.63662], [16.154717, 45.637012], [16.15487, 45.637417], [16.15965, 45.637769], [16.161848, 45.638299], [16.162211, 45.638652], [16.164518, 45.638851], [16.164738, 45.639161], [16.165051, 45.638727], [16.166941, 45.638547], [16.169125, 45.639027], [16.170098, 45.638929], [16.171058, 45.638517], [16.17142, 45.637914], [16.172177, 45.638109], [16.172668, 45.63783], [16.174369, 45.637705], [16.176042, 45.638119], [16.176789, 45.637519], [16.177378, 45.638068], [16.178129, 45.637502], [16.178996, 45.638394], [16.179709, 45.638314], [16.17998, 45.638796], [16.178861, 45.63927], [16.17886, 45.639848], [16.180249, 45.639648], [16.18261, 45.638449], [16.186317, 45.634709], [16.189147, 45.629162], [16.190738, 45.627616], [16.194705, 45.61952], [16.194821, 45.6178], [16.194036, 45.613294], [16.196219, 45.608792], [16.198612, 45.606529], [16.201375, 45.605319], [16.202896, 45.605099], [16.203985, 45.604247], [16.204327, 45.603951], [16.204559, 45.604198], [16.202703, 45.609772], [16.216837, 45.609942], [16.223618, 45.608879], [16.23177, 45.608019], [16.233496, 45.608096], [16.235232, 45.606563], [16.236998, 45.604334], [16.235615, 45.603592], [16.236311, 45.602411], [16.240988, 45.598966], [16.243567, 45.596068], [16.238914, 45.593415], [16.239202, 45.592641], [16.240712, 45.592439], [16.242006, 45.591499], [16.242914, 45.591328], [16.244166, 45.591996], [16.246804, 45.591927], [16.24789, 45.594062], [16.249542, 45.595371], [16.250882, 45.595612], [16.250951, 45.597027], [16.251636, 45.597643], [16.250968, 45.59857], [16.251174, 45.600112], [16.250864, 45.600832], [16.251991, 45.601354], [16.253313, 45.602762], [16.254793, 45.603496], [16.254826, 45.602257], [16.255416, 45.601653], [16.257744, 45.602505], [16.260484, 45.602261], [16.261256, 45.602807], [16.262438, 45.602026], [16.263025, 45.602214], [16.263459, 45.602864], [16.264099, 45.602852], [16.264101, 45.603335], [16.265138, 45.603858], [16.266528, 45.605388], [16.268485, 45.605306], [16.270675, 45.606177], [16.27415, 45.605929], [16.275057, 45.605925], [16.277266, 45.605115], [16.279067, 45.605657], [16.279902, 45.605418], [16.279972, 45.604146], [16.28096, 45.60313], [16.279293, 45.602191], [16.278539, 45.599737], [16.279745, 45.599592], [16.281515, 45.600138], [16.28249, 45.599452], [16.28323, 45.59808], [16.283829, 45.598063], [16.284806, 45.598706], [16.285508, 45.598771], [16.286813, 45.597892], [16.288875, 45.597193], [16.289615, 45.595979], [16.290529, 45.596112], [16.29113, 45.597234], [16.292188, 45.596971], [16.292223, 45.596157], [16.291069, 45.594568], [16.291479, 45.593033], [16.288967, 45.592523], [16.288344, 45.591631], [16.288365, 45.590934], [16.289252, 45.590642], [16.290541, 45.590684], [16.292018, 45.591155], [16.29325, 45.591084], [16.295354, 45.59], [16.296583, 45.587194], [16.295989, 45.586738], [16.293179, 45.58634], [16.29249, 45.585515], [16.29259, 45.584661], [16.29355, 45.584161], [16.296334, 45.584559], [16.297499, 45.584408], [16.298035, 45.58152], [16.298737, 45.581306], [16.300881, 45.58155], [16.301549, 45.581041], [16.301141, 45.580323], [16.298743, 45.578945], [16.298729, 45.578428], [16.299687, 45.577306], [16.299551, 45.576842], [16.297378, 45.575914], [16.295804, 45.575277], [16.294425, 45.573502], [16.290715, 45.57337], [16.288073, 45.573805], [16.28593, 45.573018], [16.285405, 45.572304], [16.285258, 45.570952], [16.284099, 45.569891], [16.284202, 45.568523], [16.284819, 45.565395], [16.286267, 45.563471], [16.287694, 45.559172], [16.291187, 45.555266], [16.291398, 45.554484], [16.290851, 45.553854], [16.290706, 45.552586], [16.290042, 45.55184], [16.288423, 45.551342], [16.287025, 45.551473], [16.284807, 45.550666], [16.282923, 45.552015], [16.276608, 45.549038], [16.275521, 45.54797], [16.274896, 45.547873], [16.273108, 45.547762], [16.271106, 45.548245], [16.269447, 45.548184], [16.26806, 45.549052], [16.266847, 45.547871], [16.259973, 45.545102], [16.252424, 45.540049], [16.249547, 45.536305], [16.245388, 45.53193], [16.244462, 45.531341], [16.245156, 45.530593], [16.245089, 45.529108], [16.243474, 45.527688], [16.245259, 45.526357], [16.242976, 45.524493], [16.241624, 45.523417], [16.240896, 45.52331], [16.237193, 45.526095], [16.23663, 45.524621], [16.235849, 45.52441], [16.236688, 45.526146], [16.235798, 45.528492], [16.231488, 45.531322], [16.229278, 45.531845], [16.226713, 45.531845], [16.225104, 45.532534], [16.22504, 45.533328], [16.224264, 45.533465], [16.223375, 45.534352], [16.223387, 45.53458], [16.224791, 45.534632], [16.225014, 45.534903], [16.223777, 45.535383], [16.223952, 45.536266], [16.223335, 45.536789], [16.22334, 45.53752], [16.221931, 45.537584], [16.221673, 45.537854], [16.222718, 45.538037], [16.222022, 45.53934], [16.220093, 45.540225], [16.217444, 45.540777], [16.215345, 45.540022], [16.213727, 45.538504], [16.211581, 45.534556], [16.20959, 45.533024], [16.209424, 45.53075], [16.20453, 45.532652], [16.202255, 45.532646], [16.201045, 45.531946], [16.19806, 45.532571], [16.193649, 45.53385], [16.193661, 45.534387], [16.192042, 45.534166], [16.192332, 45.533216]]]}, "properties": {"id": 121, "razina": "jls", "name": "Lekenik", "jls_name": "Lekenik", "jls_maticni_broj": "02283", "zupanija": "Sisačko-moslavačka", "area_km2": 144.0534, "stanovnistvo": 3877, "naselja_count": 8, "partial": true, "historical_zone": "Lekenički dio", "palette_idx": 0, "source": "DGU rpj:naselje (unija naselja)"}}, {"type": "Feature", "id": 122, "geometry": {"type": "Polygon", "coordinates": [[[15.953242, 45.470802], [15.948642, 45.469951], [15.945287, 45.470062], [15.935546, 45.473037], [15.928897, 45.473802], [15.926659, 45.47442], [15.923582, 45.476655], [15.922112, 45.478587], [15.917566, 45.484639], [15.916604, 45.487046], [15.918001, 45.489306], [15.923015, 45.494524], [15.924963, 45.498311], [15.92482, 45.501474], [15.922006, 45.505749], [15.920679, 45.513218], [15.919124, 45.5149], [15.912108, 45.520761], [15.910601, 45.522332], [15.909081, 45.524912], [15.905421, 45.528685], [15.902406, 45.530227], [15.902499, 45.530825], [15.901542, 45.531505], [15.901015, 45.532546], [15.902224, 45.532908], [15.903407, 45.532656], [15.903879, 45.533114], [15.903956, 45.533761], [15.90283, 45.534327], [15.903503, 45.535111], [15.902867, 45.535868], [15.904138, 45.536055], [15.904659, 45.537706], [15.905459, 45.537401], [15.904871, 45.536618], [15.905397, 45.536415], [15.906288, 45.536566], [15.906178, 45.537374], [15.908173, 45.53774], [15.90763, 45.538364], [15.906953, 45.538406], [15.906932, 45.538911], [15.907462, 45.539243], [15.908034, 45.539327], [15.908529, 45.538727], [15.909815, 45.539342], [15.908928, 45.539635], [15.90973, 45.540739], [15.908651, 45.54126], [15.909957, 45.542079], [15.909898, 45.543069], [15.908271, 45.543963], [15.908974, 45.544759], [15.908028, 45.545843], [15.90735, 45.546056], [15.907641, 45.546807], [15.906855, 45.546845], [15.906672, 45.547457], [15.907769, 45.547507], [15.907877, 45.548055], [15.90853, 45.548383], [15.908996, 45.548662], [15.909612, 45.548382], [15.910168, 45.548773], [15.910932, 45.548514], [15.911566, 45.548653], [15.911154, 45.549839], [15.910468, 45.550036], [15.910644, 45.55062], [15.911122, 45.55035], [15.911553, 45.551648], [15.912509, 45.551405], [15.914222, 45.551728], [15.913936, 45.552361], [15.914805, 45.552912], [15.916537, 45.552725], [15.916149, 45.55353], [15.917783, 45.553769], [15.917646, 45.554084], [15.918316, 45.554537], [15.917736, 45.555153], [15.918549, 45.555802], [15.919421, 45.555717], [15.919278, 45.556452], [15.919895, 45.556411], [15.920346, 45.557026], [15.919969, 45.557157], [15.920059, 45.557458], [15.921804, 45.55803], [15.9211, 45.558284], [15.921395, 45.558541], [15.921145, 45.558823], [15.922515, 45.559283], [15.922935, 45.560594], [15.923524, 45.560573], [15.923923, 45.561408], [15.923621, 45.562141], [15.924408, 45.562696], [15.924456, 45.563301], [15.925958, 45.56391], [15.925841, 45.564848], [15.926798, 45.563985], [15.927186, 45.564159], [15.927439, 45.564965], [15.927177, 45.564848], [15.926578, 45.565264], [15.927425, 45.566331], [15.926805, 45.566206], [15.926711, 45.56698], [15.927372, 45.567334], [15.928102, 45.5671], [15.928142, 45.567703], [15.92952, 45.568367], [15.929009, 45.568805], [15.930407, 45.569219], [15.930666, 45.569894], [15.930097, 45.56999], [15.930269, 45.570531], [15.929553, 45.570561], [15.928923, 45.571512], [15.929435, 45.571804], [15.928942, 45.571984], [15.929213, 45.573025], [15.929729, 45.573222], [15.929361, 45.573342], [15.929369, 45.573811], [15.929887, 45.574021], [15.92916, 45.574959], [15.930005, 45.575286], [15.930469, 45.576227], [15.931489, 45.576655], [15.931154, 45.577202], [15.93154, 45.576992], [15.931548, 45.577314], [15.931848, 45.577048], [15.932498, 45.577212], [15.932816, 45.577722], [15.9323, 45.578199], [15.932972, 45.578045], [15.933047, 45.57853], [15.934002, 45.578471], [15.933828, 45.578701], [15.934237, 45.578613], [15.934402, 45.579018], [15.935755, 45.578896], [15.935673, 45.579515], [15.936324, 45.579784], [15.935874, 45.580259], [15.93589, 45.58091], [15.937212, 45.581273], [15.93809, 45.582381], [15.938559, 45.583735], [15.938011, 45.585316], [15.939442, 45.587982], [15.938773, 45.589947], [15.938, 45.592344], [15.937247, 45.593267], [15.936946, 45.594831], [15.936503, 45.595003], [15.935588, 45.59708], [15.935924, 45.597913], [15.936819, 45.59795], [15.937185, 45.598276], [15.936774, 45.599276], [15.937204, 45.599743], [15.936727, 45.599952], [15.937334, 45.601124], [15.936989, 45.6022], [15.937272, 45.603637], [15.938358, 45.604987], [15.939643, 45.608757], [15.938837, 45.60902], [15.938422, 45.609951], [15.937762, 45.610367], [15.934584, 45.611675], [15.934316, 45.610999], [15.932256, 45.609535], [15.931172, 45.608025], [15.930078, 45.607095], [15.929499, 45.607029], [15.924978, 45.608445], [15.923973, 45.610555], [15.922781, 45.611024], [15.922858, 45.611474], [15.921373, 45.611741], [15.920647, 45.61367], [15.919944, 45.614238], [15.919237, 45.613989], [15.918382, 45.615132], [15.91724, 45.61589], [15.915641, 45.615916], [15.915214, 45.615243], [15.914072, 45.616401], [15.912178, 45.61702], [15.909547, 45.616424], [15.907807, 45.618122], [15.905872, 45.618386], [15.906272, 45.619369], [15.905771, 45.620191], [15.904264, 45.620349], [15.902338, 45.619862], [15.90183, 45.619974], [15.901663, 45.620626], [15.899061, 45.621701], [15.898442, 45.622304], [15.901919, 45.627075], [15.904376, 45.628896], [15.905641, 45.631076], [15.908278, 45.632381], [15.90978, 45.632934], [15.912354, 45.635448], [15.916103, 45.636503], [15.917072, 45.637301], [15.917589, 45.638281], [15.919949, 45.639721], [15.921397, 45.640564], [15.922936, 45.640081], [15.925384, 45.639805], [15.926715, 45.640978], [15.927206, 45.64353], [15.929959, 45.644501], [15.930983, 45.645701], [15.932183, 45.646363], [15.933181, 45.647521], [15.934059, 45.64958], [15.935595, 45.649145], [15.938195, 45.652724], [15.940469, 45.654864], [15.939789, 45.654852], [15.940068, 45.656066], [15.939191, 45.658039], [15.939119, 45.659663], [15.938205, 45.660083], [15.938996, 45.660879], [15.939973, 45.660464], [15.939982, 45.661565], [15.940461, 45.661762], [15.940315, 45.662244], [15.940951, 45.662534], [15.940671, 45.663115], [15.940334, 45.662833], [15.939464, 45.66305], [15.93883, 45.664277], [15.939214, 45.664497], [15.939428, 45.665464], [15.940434, 45.665975], [15.939702, 45.666521], [15.939846, 45.666881], [15.940657, 45.666798], [15.940729, 45.667334], [15.941499, 45.667575], [15.941352, 45.668208], [15.941992, 45.668154], [15.941968, 45.668594], [15.942444, 45.668367], [15.942542, 45.668907], [15.943222, 45.668893], [15.943592, 45.669256], [15.943167, 45.669426], [15.943646, 45.670172], [15.943321, 45.670714], [15.942939, 45.670741], [15.943186, 45.671651], [15.94225, 45.671644], [15.94258, 45.67208], [15.942073, 45.671957], [15.942364, 45.672277], [15.941924, 45.672457], [15.941777, 45.672217], [15.94108, 45.672431], [15.941389, 45.672081], [15.940865, 45.672037], [15.940541, 45.672352], [15.940839, 45.672646], [15.93982, 45.672773], [15.939262, 45.673174], [15.939657, 45.673383], [15.939265, 45.673572], [15.938979, 45.673382], [15.938871, 45.673769], [15.938544, 45.673596], [15.938692, 45.673212], [15.938177, 45.673262], [15.938006, 45.673597], [15.937424, 45.673654], [15.937493, 45.673941], [15.937002, 45.67398], [15.936886, 45.674536], [15.935707, 45.674619], [15.936037, 45.674879], [15.935752, 45.675281], [15.934698, 45.675502], [15.934456, 45.675191], [15.934005, 45.675404], [15.934323, 45.676097], [15.93475, 45.676223], [15.933343, 45.676693], [15.933911, 45.67708], [15.932972, 45.677217], [15.933057, 45.677542], [15.932273, 45.677637], [15.931971, 45.677205], [15.931256, 45.677585], [15.93191, 45.677678], [15.932046, 45.678102], [15.931056, 45.677952], [15.931364, 45.678379], [15.931122, 45.678595], [15.932016, 45.678559], [15.932437, 45.678848], [15.93167, 45.679027], [15.931921, 45.679748], [15.931564, 45.679776], [15.931412, 45.6793], [15.931225, 45.679924], [15.930839, 45.679705], [15.930777, 45.680049], [15.931308, 45.680286], [15.931101, 45.680547], [15.930165, 45.680594], [15.930628, 45.680305], [15.93005, 45.680129], [15.929658, 45.67952], [15.929848, 45.678989], [15.928753, 45.678721], [15.928791, 45.678512], [15.929151, 45.678629], [15.928703, 45.678149], [15.929041, 45.678067], [15.929205, 45.677851], [15.92919, 45.677804], [15.928913, 45.677976], [15.928645, 45.677691], [15.92801, 45.677715], [15.928672, 45.677158], [15.928216, 45.677248], [15.928224, 45.676632], [15.927476, 45.67658], [15.927406, 45.676187], [15.925616, 45.676623], [15.925066, 45.676168], [15.926119, 45.675919], [15.92516, 45.675975], [15.9254, 45.67541], [15.924785, 45.675651], [15.924061, 45.675089], [15.924306, 45.675793], [15.923509, 45.675373], [15.923448, 45.675943], [15.922653, 45.675584], [15.923282, 45.675249], [15.922264, 45.675387], [15.922454, 45.674747], [15.921878, 45.675125], [15.921505, 45.675089], [15.921377, 45.674575], [15.920561, 45.67473], [15.920266, 45.674331], [15.92086, 45.674303], [15.920698, 45.673937], [15.921562, 45.673691], [15.921339, 45.673278], [15.921046, 45.673655], [15.920652, 45.67355], [15.920761, 45.673082], [15.920425, 45.673327], [15.920179, 45.672804], [15.918543, 45.672827], [15.918145, 45.673368], [15.917862, 45.673039], [15.917541, 45.673722], [15.916526, 45.674044], [15.916725, 45.674308], [15.917208, 45.673975], [15.917389, 45.674289], [15.916398, 45.674898], [15.916368, 45.67445], [15.914604, 45.674367], [15.914674, 45.673782], [15.914408, 45.674275], [15.914129, 45.673689], [15.91309, 45.673833], [15.913327, 45.673098], [15.912381, 45.673308], [15.912236, 45.673077], [15.912646, 45.673183], [15.912665, 45.672917], [15.912113, 45.672518], [15.911788, 45.673369], [15.91172, 45.672907], [15.910379, 45.673363], [15.910541, 45.67289], [15.909594, 45.673089], [15.910091, 45.672396], [15.909746, 45.672336], [15.909536, 45.672836], [15.909351, 45.672307], [15.909002, 45.672198], [15.909075, 45.672692], [15.908567, 45.672234], [15.908116, 45.672249], [15.90802, 45.672529], [15.908515, 45.672617], [15.90806, 45.673242], [15.907861, 45.672757], [15.907302, 45.672555], [15.907025, 45.672891], [15.90646, 45.672785], [15.906125, 45.673165], [15.904878, 45.673433], [15.904803, 45.672782], [15.904326, 45.672636], [15.903293, 45.673059], [15.903175, 45.671945], [15.902325, 45.672094], [15.901641, 45.671554], [15.901514, 45.671871], [15.900476, 45.671728], [15.899859, 45.671], [15.899674, 45.671572], [15.899373, 45.671092], [15.899291, 45.671512], [15.898412, 45.67152], [15.898005, 45.670761], [15.898602, 45.670451], [15.898279, 45.669089], [15.893964, 45.669382], [15.891758, 45.66993], [15.888641, 45.669954], [15.889296, 45.67063], [15.88887, 45.671041], [15.88927, 45.671328], [15.888778, 45.672196], [15.889693, 45.672221], [15.890168, 45.67286], [15.889102, 45.673152], [15.889688, 45.673118], [15.889701, 45.673441], [15.890174, 45.673444], [15.891183, 45.673779], [15.890855, 45.674068], [15.891668, 45.674091], [15.89102, 45.674598], [15.891915, 45.674569], [15.891774, 45.675243], [15.892437, 45.675089], [15.892325, 45.675518], [15.892753, 45.675539], [15.892394, 45.675824], [15.893103, 45.675627], [15.893373, 45.675825], [15.892867, 45.676112], [15.89268, 45.675958], [15.89268, 45.676089], [15.892825, 45.676237], [15.893489, 45.676042], [15.893654, 45.676435], [15.893224, 45.676427], [15.893518, 45.676538], [15.893987, 45.676529], [15.893789, 45.676755], [15.89512, 45.677328], [15.894593, 45.67771], [15.894156, 45.677458], [15.894156, 45.677811], [15.893609, 45.678045], [15.894494, 45.678762], [15.893938, 45.678886], [15.894497, 45.679091], [15.895131, 45.679951], [15.895541, 45.679629], [15.896093, 45.680631], [15.89643, 45.680522], [15.896487, 45.680841], [15.896768, 45.68074], [15.897464, 45.68123], [15.897197, 45.681422], [15.897641, 45.681698], [15.897309, 45.681851], [15.897678, 45.681923], [15.897232, 45.682274], [15.897485, 45.68219], [15.897636, 45.682531], [15.898074, 45.682355], [15.898141, 45.683101], [15.898516, 45.683238], [15.898068, 45.683451], [15.898564, 45.683436], [15.89841, 45.683837], [15.899084, 45.684153], [15.899237, 45.685403], [15.900747, 45.686168], [15.899985, 45.686729], [15.900623, 45.686858], [15.899924, 45.687021], [15.899981, 45.687269], [15.900534, 45.68731], [15.899987, 45.687877], [15.9008, 45.688034], [15.900286, 45.688262], [15.900801, 45.688422], [15.900189, 45.688575], [15.901202, 45.68904], [15.900814, 45.689253], [15.901449, 45.689974], [15.901134, 45.690533], [15.901915, 45.692178], [15.902509, 45.692835], [15.90414, 45.69347], [15.903294, 45.694307], [15.90325, 45.694901], [15.902514, 45.694971], [15.903333, 45.697195], [15.902584, 45.697713], [15.902794, 45.69803], [15.90238, 45.69833], [15.90285, 45.69869], [15.902039, 45.699123], [15.900226, 45.698321], [15.898349, 45.699018], [15.897226, 45.699027], [15.896411, 45.700427], [15.895583, 45.700882], [15.896455, 45.702545], [15.8981, 45.703185], [15.900752, 45.704816], [15.898811, 45.705639], [15.898236, 45.705208], [15.897725, 45.706001], [15.895995, 45.705365], [15.895198, 45.706259], [15.893146, 45.705604], [15.891565, 45.706891], [15.890456, 45.706146], [15.8897, 45.706677], [15.887529, 45.705591], [15.886141, 45.706873], [15.88427, 45.706233], [15.883954, 45.706686], [15.882558, 45.707178], [15.879491, 45.706125], [15.878416, 45.706552], [15.877732, 45.706309], [15.875544, 45.70652], [15.875329, 45.706313], [15.87508, 45.706614], [15.873454, 45.706735], [15.87671, 45.709092], [15.878487, 45.711521], [15.880012, 45.712648], [15.882004, 45.713853], [15.883536, 45.714175], [15.885441, 45.715634], [15.89124, 45.71788], [15.893515, 45.715638], [15.894116, 45.714257], [15.896218, 45.715075], [15.897529, 45.713868], [15.898901, 45.713407], [15.898815, 45.71315], [15.899309, 45.71291], [15.900709, 45.714268], [15.901885, 45.717707], [15.903298, 45.719019], [15.902046, 45.719474], [15.902293, 45.720538], [15.904714, 45.721118], [15.906004, 45.72286], [15.907512, 45.722414], [15.907645, 45.722844], [15.908061, 45.722711], [15.908625, 45.723484], [15.91009, 45.724382], [15.909891, 45.724551], [15.912566, 45.726039], [15.912603, 45.726731], [15.911817, 45.726974], [15.912777, 45.729603], [15.925198, 45.724894], [15.932508, 45.738987], [15.932403, 45.742664], [15.936761, 45.742141], [15.937472, 45.743411], [15.938432, 45.744123], [15.939447, 45.746241], [15.941092, 45.74809], [15.941885, 45.749183], [15.954191, 45.750648], [15.957508, 45.748874], [15.960917, 45.749018], [15.963489, 45.748244], [15.963659, 45.748484], [15.964397, 45.747822], [15.967375, 45.746851], [15.968004, 45.747918], [15.968438, 45.747347], [15.971993, 45.749009], [15.971022, 45.749652], [15.97061, 45.750732], [15.96965, 45.750693], [15.969135, 45.750985], [15.968952, 45.752403], [15.975524, 45.752967], [15.98396, 45.753076], [15.984574, 45.753076], [15.984824, 45.753295], [15.98435, 45.753662], [15.985053, 45.753724], [15.984275, 45.754777], [15.98472, 45.756111], [15.985616, 45.756874], [15.986902, 45.757353], [15.988431, 45.75745], [15.996796, 45.756679], [15.998362, 45.756981], [15.998958, 45.755082], [15.998595, 45.755058], [15.998319, 45.753279], [16.002447, 45.753636], [16.000974, 45.751087], [16.004149, 45.749663], [16.004859, 45.750486], [16.011354, 45.747793], [16.012201, 45.748819], [16.012453, 45.750064], [16.016012, 45.74941], [16.019477, 45.74803], [16.024409, 45.752132], [16.025438, 45.753676], [16.025181, 45.754482], [16.026439, 45.753849], [16.027574, 45.755129], [16.029238, 45.754823], [16.033599, 45.755499], [16.034219, 45.755382], [16.034123, 45.754887], [16.036339, 45.754731], [16.038029, 45.755026], [16.036626, 45.757872], [16.037054, 45.75979], [16.038255, 45.760834], [16.038803, 45.761961], [16.043033, 45.759894], [16.046685, 45.758699], [16.050682, 45.758039], [16.054555, 45.758315], [16.05821, 45.759454], [16.060777, 45.760894], [16.063208, 45.763164], [16.066347, 45.767154], [16.068532, 45.769162], [16.075451, 45.772435], [16.078193, 45.774599], [16.079421, 45.775892], [16.079421, 45.775568], [16.083515, 45.778777], [16.090942, 45.78132], [16.094082, 45.782018], [16.098376, 45.78399], [16.102087, 45.78622], [16.104376, 45.787519], [16.107126, 45.7884], [16.1105, 45.788304], [16.117807, 45.787103], [16.119998, 45.787042], [16.123613, 45.78754], [16.123854, 45.787565], [16.128407, 45.786787], [16.134986, 45.783364], [16.139699, 45.779711], [16.143118, 45.776149], [16.143417, 45.774493], [16.1445, 45.773305], [16.147038, 45.772512], [16.148346, 45.771898], [16.149635, 45.770684], [16.150438, 45.769356], [16.150566, 45.767838], [16.150095, 45.766795], [16.150413, 45.765772], [16.154479, 45.762819], [16.15678, 45.761976], [16.157991, 45.76145], [16.16286, 45.75925], [16.166623, 45.758225], [16.167975, 45.757576], [16.170699, 45.755752], [16.177627, 45.74931], [16.179666, 45.748781], [16.181097, 45.748047], [16.183007, 45.747375], [16.18618, 45.747463], [16.192726, 45.749059], [16.196383, 45.748367], [16.198162, 45.74855], [16.198979, 45.749268], [16.199428, 45.751865], [16.200032, 45.752746], [16.201218, 45.753112], [16.201996, 45.753045], [16.206897, 45.750693], [16.21267, 45.747029], [16.216176, 45.745513], [16.219316, 45.745428], [16.218383, 45.746403], [16.222429, 45.747405], [16.225919, 45.748985], [16.228022, 45.748738], [16.229365, 45.747305], [16.229378, 45.745653], [16.22599, 45.741991], [16.22201, 45.736833], [16.221985, 45.736806], [16.220789, 45.735403], [16.220877, 45.734861], [16.220036, 45.733412], [16.218708, 45.732098], [16.218405, 45.732138], [16.21751, 45.730909], [16.213348, 45.728254], [16.210434, 45.725697], [16.209223, 45.723353], [16.209842, 45.721673], [16.212477, 45.719009], [16.217706, 45.716539], [16.222777, 45.713154], [16.227041, 45.708968], [16.228248, 45.706791], [16.22874, 45.705111], [16.228449, 45.702729], [16.226833, 45.70021], [16.226056, 45.699257], [16.225733, 45.697581], [16.226123, 45.695301], [16.22773, 45.693839], [16.231499, 45.692279], [16.236804, 45.690875], [16.239962, 45.690375], [16.247017, 45.690462], [16.248448, 45.689427], [16.247218, 45.685579], [16.24852, 45.674895], [16.246956, 45.669096], [16.246897, 45.668364], [16.247836, 45.667591], [16.248783, 45.667374], [16.251011, 45.667515], [16.25809, 45.666477], [16.262425, 45.666432], [16.265202, 45.666778], [16.276448, 45.66932], [16.283931, 45.671591], [16.286593, 45.672112], [16.288099, 45.671498], [16.288097, 45.670438], [16.285619, 45.662632], [16.285578, 45.661205], [16.287159, 45.656964], [16.28845, 45.655044], [16.290549, 45.652991], [16.292138, 45.65054], [16.292924, 45.648447], [16.292399, 45.643115], [16.293658, 45.640633], [16.294773, 45.639217], [16.299134, 45.635212], [16.300175, 45.634819], [16.3018, 45.634938], [16.301887, 45.634577], [16.304306, 45.630902], [16.303095, 45.629834], [16.30131, 45.626735], [16.300537, 45.626102], [16.300186, 45.624858], [16.296775, 45.623567], [16.297233, 45.622598], [16.298252, 45.62174], [16.296746, 45.619935], [16.29544, 45.620235], [16.294635, 45.619484], [16.293589, 45.619229], [16.293724, 45.618108], [16.291248, 45.617504], [16.291639, 45.615445], [16.289495, 45.613231], [16.284114, 45.615584], [16.285213, 45.617698], [16.282836, 45.617566], [16.281909, 45.617772], [16.281749, 45.617482], [16.280137, 45.617405], [16.279193, 45.617854], [16.279101, 45.618649], [16.268641, 45.613554], [16.268188, 45.613337], [16.27415, 45.605929], [16.275057, 45.605925], [16.277266, 45.605115], [16.279067, 45.605657], [16.279902, 45.605418], [16.279972, 45.604146], [16.28096, 45.60313], [16.279293, 45.602191], [16.278539, 45.599737], [16.279745, 45.599592], [16.281515, 45.600138], [16.28249, 45.599452], [16.28323, 45.59808], [16.283829, 45.598063], [16.284806, 45.598706], [16.285508, 45.598771], [16.286813, 45.597892], [16.288875, 45.597193], [16.289615, 45.595979], [16.290529, 45.596112], [16.29113, 45.597234], [16.292188, 45.596971], [16.292223, 45.596157], [16.291069, 45.594568], [16.291479, 45.593033], [16.288967, 45.592523], [16.288344, 45.591631], [16.288365, 45.590934], [16.289252, 45.590642], [16.290541, 45.590684], [16.292018, 45.591155], [16.29325, 45.591084], [16.295354, 45.59], [16.296583, 45.587194], [16.295989, 45.586738], [16.293179, 45.58634], [16.29249, 45.585515], [16.29259, 45.584661], [16.29355, 45.584161], [16.296334, 45.584559], [16.297499, 45.584408], [16.298035, 45.58152], [16.298737, 45.581306], [16.300881, 45.58155], [16.301549, 45.581041], [16.301141, 45.580323], [16.298743, 45.578945], [16.298729, 45.578428], [16.299687, 45.577306], [16.299551, 45.576842], [16.297378, 45.575914], [16.295804, 45.575277], [16.294425, 45.573502], [16.290715, 45.57337], [16.288073, 45.573805], [16.28593, 45.573018], [16.285405, 45.572304], [16.285258, 45.570952], [16.284099, 45.569891], [16.284202, 45.568523], [16.284819, 45.565395], [16.286267, 45.563471], [16.287694, 45.559172], [16.291187, 45.555266], [16.291398, 45.554484], [16.290851, 45.553854], [16.290706, 45.552586], [16.290042, 45.55184], [16.288423, 45.551342], [16.287025, 45.551473], [16.284807, 45.550666], [16.282923, 45.552015], [16.276608, 45.549038], [16.275521, 45.54797], [16.274896, 45.547873], [16.273108, 45.547762], [16.271106, 45.548245], [16.269447, 45.548184], [16.26806, 45.549052], [16.266847, 45.547871], [16.259973, 45.545102], [16.252424, 45.540049], [16.249547, 45.536305], [16.245388, 45.53193], [16.244462, 45.531341], [16.245156, 45.530593], [16.245089, 45.529108], [16.243474, 45.527688], [16.245259, 45.526357], [16.242976, 45.524493], [16.241624, 45.523417], [16.240896, 45.52331], [16.237193, 45.526095], [16.23663, 45.524621], [16.235849, 45.52441], [16.236688, 45.526146], [16.235798, 45.528492], [16.231488, 45.531322], [16.229278, 45.531845], [16.226713, 45.531845], [16.225104, 45.532534], [16.22504, 45.533328], [16.224264, 45.533465], [16.223375, 45.534352], [16.223387, 45.53458], [16.224791, 45.534632], [16.225014, 45.534903], [16.223777, 45.535383], [16.223952, 45.536266], [16.223335, 45.536789], [16.22334, 45.53752], [16.221931, 45.537584], [16.221673, 45.537854], [16.222718, 45.538037], [16.222022, 45.53934], [16.220093, 45.540225], [16.217444, 45.540777], [16.215345, 45.540022], [16.213727, 45.538504], [16.211581, 45.534556], [16.20959, 45.533024], [16.209424, 45.53075], [16.20453, 45.532652], [16.202255, 45.532646], [16.201045, 45.531946], [16.19806, 45.532571], [16.193649, 45.53385], [16.193661, 45.534387], [16.192042, 45.534166], [16.192332, 45.533216], [16.18389, 45.532671], [16.183423, 45.531411], [16.18388, 45.530541], [16.185438, 45.530226], [16.185561, 45.529713], [16.183267, 45.527817], [16.183478, 45.527512], [16.183012, 45.526905], [16.183866, 45.525682], [16.181262, 45.523765], [16.183623, 45.522118], [16.18246, 45.521694], [16.179354, 45.522591], [16.178672, 45.519952], [16.177062, 45.519793], [16.176175, 45.521178], [16.174294, 45.521302], [16.173757, 45.520896], [16.17296, 45.520934], [16.172285, 45.521457], [16.169115, 45.522447], [16.167135, 45.521345], [16.166494, 45.521133], [16.165192, 45.521271], [16.162045, 45.519862], [16.159602, 45.520052], [16.154535, 45.519561], [16.154403, 45.520302], [16.156903, 45.522823], [16.158367, 45.525675], [16.157721, 45.526836], [16.1565, 45.527265], [16.155879, 45.528143], [16.150172, 45.531478], [16.149216, 45.532944], [16.145795, 45.53218], [16.144518, 45.531558], [16.141506, 45.53202], [16.137713, 45.53112], [16.136043, 45.530315], [16.135319, 45.529609], [16.13186, 45.528627], [16.132081, 45.527852], [16.131152, 45.527081], [16.129716, 45.526818], [16.12956, 45.526329], [16.128724, 45.527014], [16.12755, 45.527226], [16.123673, 45.526102], [16.123414, 45.526493], [16.122166, 45.526809], [16.12083, 45.528195], [16.119714, 45.527686], [16.116811, 45.527213], [16.115532, 45.528092], [16.114779, 45.530388], [16.1115, 45.533754], [16.10906, 45.533458], [16.107883, 45.534955], [16.107265, 45.534932], [16.106568, 45.534387], [16.105779, 45.535128], [16.104552, 45.535338], [16.103852, 45.534388], [16.103572, 45.532448], [16.101197, 45.530797], [16.100217, 45.527803], [16.099703, 45.527176], [16.098513, 45.527097], [16.097359, 45.526144], [16.097568, 45.524949], [16.097064, 45.524885], [16.09805, 45.52454], [16.09764, 45.524251], [16.09843, 45.524051], [16.097901, 45.523973], [16.097859, 45.523662], [16.098382, 45.523765], [16.098553, 45.523362], [16.099051, 45.523388], [16.098774, 45.523038], [16.098106, 45.523092], [16.099211, 45.522528], [16.098929, 45.522203], [16.099433, 45.522041], [16.099027, 45.521132], [16.099788, 45.520609], [16.099435, 45.519407], [16.099884, 45.519016], [16.099253, 45.518959], [16.099515, 45.51867], [16.098964, 45.518649], [16.098877, 45.518151], [16.09822, 45.51782], [16.098958, 45.517121], [16.09934, 45.517398], [16.100341, 45.517277], [16.099999, 45.516426], [16.100522, 45.516141], [16.099915, 45.51591], [16.099891, 45.515139], [16.100847, 45.514869], [16.099746, 45.514251], [16.1007, 45.513359], [16.100064, 45.512736], [16.100855, 45.512718], [16.10047, 45.511618], [16.100071, 45.511422], [16.100267, 45.51117], [16.099839, 45.511653], [16.099418, 45.511447], [16.099591, 45.510686], [16.100753, 45.510047], [16.100687, 45.509823], [16.101563, 45.509886], [16.101621, 45.509295], [16.102422, 45.509347], [16.102084, 45.509036], [16.102501, 45.50867], [16.103239, 45.508846], [16.102674, 45.507857], [16.104051, 45.507619], [16.103028, 45.507148], [16.103198, 45.50682], [16.103895, 45.507014], [16.104225, 45.506633], [16.105091, 45.506885], [16.104884, 45.50597], [16.105585, 45.505532], [16.106046, 45.505515], [16.105866, 45.505935], [16.106316, 45.506042], [16.106572, 45.505465], [16.107197, 45.505615], [16.106851, 45.505163], [16.107263, 45.504867], [16.106926, 45.504638], [16.108114, 45.504505], [16.107414, 45.503838], [16.108202, 45.503463], [16.10739, 45.503003], [16.107435, 45.502015], [16.105053, 45.503029], [16.10263, 45.504948], [16.09659, 45.508128], [16.093484, 45.5088], [16.091344, 45.509815], [16.08957, 45.510159], [16.086802, 45.510356], [16.084282, 45.509995], [16.080677, 45.510155], [16.078909, 45.509878], [16.075864, 45.508575], [16.073482, 45.50672], [16.071681, 45.505768], [16.06836, 45.505349], [16.066586, 45.50337], [16.065084, 45.502484], [16.062905, 45.501739], [16.065974, 45.496084], [16.0726, 45.489673], [16.072912, 45.488878], [16.073069, 45.488526], [16.071958, 45.487691], [16.07197, 45.4873], [16.070908, 45.486996], [16.070695, 45.487337], [16.070125, 45.487215], [16.070373, 45.486544], [16.06997, 45.486182], [16.069399, 45.486222], [16.069237, 45.486395], [16.06976, 45.486601], [16.069066, 45.486913], [16.068427, 45.48681], [16.068336, 45.486497], [16.067443, 45.486388], [16.067953, 45.486181], [16.067953, 45.48585], [16.06745, 45.486133], [16.066286, 45.486102], [16.066528, 45.485451], [16.066202, 45.485107], [16.065793, 45.485261], [16.064283, 45.484336], [16.063209, 45.484829], [16.058534, 45.484571], [16.056351, 45.483124], [16.054838, 45.479421], [16.056038, 45.477907], [16.056362, 45.476742], [16.056823, 45.476567], [16.060104, 45.469111], [16.059659, 45.46743], [16.05871, 45.467143], [16.052842, 45.473436], [16.043017, 45.479442], [16.041857, 45.481114], [16.041069, 45.483227], [16.03964, 45.484477], [16.036659, 45.485195], [16.031098, 45.484698], [16.022683, 45.485346], [16.020987, 45.485946], [16.018299, 45.488586], [16.016406, 45.488844], [16.012108, 45.488201], [16.008591, 45.486749], [16.005625, 45.484915], [16.003113, 45.482133], [16.002051, 45.480048], [15.998964, 45.476931], [15.995212, 45.474647], [15.988798, 45.471747], [15.984603, 45.47086], [15.980039, 45.470531], [15.977092, 45.469805], [15.975046, 45.469555], [15.973449, 45.469813], [15.969398, 45.470884], [15.969014, 45.470928], [15.960888, 45.47177], [15.953242, 45.470802]]]}, "properties": {"id": 122, "razina": "regija", "name": "Turopolje", "jls_name": "Turopolje", "jls_maticni_broj": "*", "zupanija": "Zagrebačka, Grad Zagreb, Sisačko-moslavačka", "area_km2": 761.6984, "stanovnistvo": 83714, "naselja_count": 115, "parts": 1, "holes": 0, "palette_idx": 0, "historical_zone": "Turopolje", "source": "DGU rpj:naselje (dissolve svih naselja)"}}]}